branch_id_1	branch_id_2	dist_bl	dist_node_num	branch_num_fg_tube	branch_num_fg_pink	branch_num_fg_yellow	branch_num_fg_beakless	branch_num_mg_tube	branch_num_mg_pink	branch_num_mg_yellow	branch_num_mg_beakless	is_fg_tube	is_fg_pink	is_fg_yellow	is_fg_beakless	is_mf_tube	is_mf_pink	is_mf_yellow	is_mf_beakless	is_mg_tube	is_mg_pink	is_mg_yellow	is_mg_beakless	omegaCany2any	omegaCany2dif	omegaCany2spe	omegaCdif2any	omegaCdif2dif	omegaCdif2spe	omegaCspe2any	omegaCspe2dif	omegaCspe2spe	dNCany2any	dNCany2dif	dNCany2spe	dNCdif2any	dNCdif2dif	dNCdif2spe	dNCspe2any	dNCspe2dif	dNCspe2spe	dSCany2any	dSCany2dif	dSCany2spe	dSCdif2any	dSCdif2dif	dSCdif2spe	dSCspe2any	dSCspe2dif	dSCspe2spe	OCNCoD	OCSCoD	OCN_linreg_residual	OCS_linreg_residual	N_sub_1	N_sub_2	S_sub_1	S_sub_2	OCNany2any	OCNany2dif	OCNany2spe	OCNdif2any	OCNdif2dif	OCNdif2spe	OCNspe2any	OCNspe2dif	OCNspe2spe	OCSany2any	OCSany2dif	OCSany2spe	OCSdif2any	OCSdif2dif	OCSdif2spe	OCSspe2any	OCSspe2dif	OCSspe2spe	ECNany2any	ECNany2dif	ECNany2spe	ECNdif2any	ECNdif2dif	ECNdif2spe	ECNspe2any	ECNspe2dif	ECNspe2spe	ECSany2any	ECSany2dif	ECSany2spe	ECSdif2any	ECSdif2dif	ECSdif2spe	ECSspe2any	ECSspe2dif	ECSspe2spe	omegaCany2any_nocalib	omegaCany2dif_nocalib	omegaCany2spe_nocalib	omegaCdif2any_nocalib	omegaCdif2dif_nocalib	omegaCdif2spe_nocalib	omegaCspe2any_nocalib	omegaCspe2dif_nocalib	omegaCspe2spe_nocalib	dSCany2any_nocalib	dSCany2dif_nocalib	dSCany2spe_nocalib	dSCdif2any_nocalib	dSCdif2dif_nocalib	dSCdif2spe_nocalib	dSCspe2any_nocalib	dSCspe2dif_nocalib	dSCspe2spe_nocalib
0	3	0.1593	3	2	1	1	0	0	0	0	0	Y	N	N	N	N	N	N	N	N	N	N	N	782.8624	0.0000	12185.2896	0.0000	0.0000	4972.6485	12122.9552	0.5798	0.0000	2.7613	0.0000	0.0000	0.0000	0.7155	0.0000	2.7829	0.0007	0.0014	0.0002	0.0043	0.0046	0.0000	0.0001	0.0000	0.0002	inf	0.2000	0.1776	-0.0002	3.6608	4.6627	11.0004	3.3142	0.4368	0.0000	0.4368	0.0000	0.0000	0.0000	0.4368	0.0000	0.4368	0.0003	0.0003	0.0001	0.0003	0.0003	0.0000	0.0001	0.0000	0.0001	0.7534	0.5952	0.1582	0.1429	0.1416	0.0012	0.6105	0.4536	0.1570	0.4375	0.1992	0.2383	0.0622	0.0591	0.0031	0.3753	0.1401	0.2352	782.8624	0.0000	12185.2896	0.0000	0.0000	0.0000	4972.6485	0.0000	12122.9552	0.0007	0.0014	0.0002	0.0043	0.0046	0.0000	0.0001	0.0000	0.0002		
0	4	0.1780	2	1	2	0	0	0	0	0	0	N	Y	N	N	N	N	N	N	N	N	N	N	0.7152	0.9795	0.0001	1.2327	1.2555	inf	0.0010	0.0349	0.0000	2.0831	2.4082	0.0003	5.7812	6.1042	0.0014	0.0023	0.0028	0.0001	2.9127	2.4587	3.3564	4.6899	4.8620	0.0000	2.2916	0.0800	3.4183	0.0000	1.3970	-0.9259	-0.4160	3.6608	6.2094	11.0004	5.8243	1.5601	1.5601	0.0000	1.5590	1.5590	0.0000	0.0011	0.0011	0.0000	1.7062	0.7118	0.9944	0.7114	0.7114	0.0000	0.9948	0.0004	0.9944	0.7489	0.6478	0.1011	0.2697	0.2554	0.0143	0.4793	0.3924	0.0868	0.5858	0.2895	0.2963	0.1517	0.1463	0.0054	0.4341	0.1432	0.2909	0.7152	0.9795	0.0001	1.2327	1.2555	inf	0.0010	1.0262	0.0000	2.9127	2.4587	3.3564	4.6899	4.8620	0.0000	2.2916	0.0027	3.4183
0	5	0.1780	2	1	1	1	1	0	0	0	0	N	N	N	N	N	N	N	N	N	N	N	N	0.3668	0.0000	1.3839	0.0187	0.0000	inf	0.4271	0.0000	1.5893	0.2138	0.0000	1.5874	0.0007	0.0000	0.0143	0.3437	0.0000	1.8521	0.5829	0.0242	1.1470	0.0392	0.0403	0.0000	0.8046	0.2036	1.1653	inf	47.0158	0.0414	0.0450	3.6608	3.4322	11.0004	5.0828	0.1018	0.0000	0.1018	0.0001	0.0000	0.0001	0.1017	0.0000	0.1017	0.2953	0.0061	0.2891	0.0058	0.0058	0.0000	0.2895	0.0004	0.2891	0.4763	0.4121	0.0641	0.1804	0.1711	0.0092	0.2959	0.2410	0.0549	0.5066	0.2546	0.2521	0.1468	0.1428	0.0040	0.3599	0.1117	0.2481	0.3668	0.0000	1.3839	0.0187	0.0000	inf	0.4271	0.0000	1.5893	0.5829	0.0242	1.1470	0.0392	0.0403	0.0000	0.8046	0.0035	1.1653
0	6	0.1293	2	2	2	0	0	0	0	0	0	Y	Y	N	N	N	N	N	N	N	N	N	N	0.0011	2.0163	0.0000	3.2412	3.2817	0.0000	0.0000	0.0028	0.0033	0.0000	0.0173	0.0176	0.0000	0.0000	0.0000	0.0000	2.5256	0.0016	4.7722	0.0053	0.0054	0.0000	2.9519	0.0000	4.7776	0.0000	3265.8238	-0.0003	0.1660	3.6608	1.0478	11.0004	5.1610	0.0005	0.0005	0.0000	0.0005	0.0005	0.0000	0.0000	0.0000	0.0000	0.9593	0.0003	0.9590	0.0003	0.0003	0.0000	0.9590	0.0000	0.9590	0.1681	0.1417	0.0263	0.0271	0.0266	0.0004	0.1410	0.1151	0.0259	0.3798	0.1789	0.2010	0.0550	0.0547	0.0002	0.3249	0.1241	0.2007	0.0011	2.0163	0.0000	3.2412	3.2817	0.0000	0.0000	0.0000	0.0000	2.5256	0.0016	4.7722	0.0053	0.0054	0.0000	2.9519	0.0000	4.7776		
0	9	0.1706	2	1	1	1	0	0	0	0	0	N	N	N	N	N	N	N	N	N	N	N	N	31.3678	0.0000	inf	21.3932	0.0000	inf	32.1547	0.0000	inf	0.1317	0.0000	0.7938	0.0433	0.0000	1.1895	0.1704	0.0000	0.7654	0.0042	0.0080	0.0000	0.0020	0.0027	0.0000	0.0053	0.9239	0.0000	inf	0.0000	0.0000	-0.0003	3.6608	0.0046	11.0004	1.9974	0.0001	0.0000	0.0001	0.0000	0.0000	0.0000	0.0001	0.0000	0.0001	0.0004	0.0004	0.0000	0.0001	0.0001	0.0000	0.0003	0.0003	0.0000	0.0008	0.0006	0.0001	0.0002	0.0002	0.0000	0.0005	0.0004	0.0001	0.0910	0.0480	0.0430	0.0306	0.0231	0.0075	0.0604	0.0249	0.0355	31.3678	0.0000	inf	21.3932	0.0000	inf	32.1547	0.0000	inf	0.0042	0.0080	0.0000	0.0020	0.0027	0.0000	0.0053	0.0129	0.0000
0	11	0.1315	2	2	2	0	0	0	0	0	0	Y	Y	N	N	N	N	N	N	N	N	N	N	12320.7931	0.0000	32577.0534	0.0000	0.0000	20916.6863	32499.4957	1.0047	0.0000	3.6668	0.0000	0.0000	0.0000	1.4113	0.0000	3.6811	0.0001	0.0001	0.0001	0.0001	0.0001	0.0000	0.0001	0.0000	0.0001	inf	1.8907	0.1775	-0.0000	3.6608	1.6609	11.0004	2.6354	0.4367	0.0000	0.4367	0.0000	0.0000	0.0000	0.4367	0.0000	0.4367	0.0000	0.0000	0.0000	0.0000	0.0000	0.0000	0.0000	0.0000	0.0000	0.4347	0.3156	0.1191	0.1252	0.1248	0.0005	0.3094	0.1908	0.1186	0.3545	0.1865	0.1680	0.0743	0.0732	0.0010	0.2802	0.1133	0.1669	12320.7931	0.0000	32577.0534	0.0000	0.0000	0.0000	20916.6863	0.0000	32499.4957	0.0001	0.0001	0.0001	0.0001	0.0001	0.0000	0.0001	0.0000	0.0001		
0	16	0.1273	2	1	2	0	0	0	0	0	0	N	Y	N	N	N	N	N	N	N	N	N	N	2099.0814	1250.6203	0.0000	432.0677	422.3775	420769.6725	inf	0.0000	1.3574	1.8122	0.0000	2.1115	2.1978	0.0000	0.8975	1.4477	0.0000	0.0006	0.0014	0.0000	0.0049	0.0052	0.0000	0.0000	0.0000	0.0000	0.0000	0.0029	-0.3860	-0.0002	3.6608	1.9870	11.0004	4.1092	0.6505	0.6505	0.0000	0.3833	0.3833	0.0000	0.2672	0.2672	0.0000	0.0002	0.0002	0.0000	0.0002	0.0002	0.0000	0.0000	0.0000	0.0000	0.4792	0.3589	0.1203	0.1815	0.1744	0.0071	0.2977	0.1845	0.1131	0.2947	0.1311	0.1635	0.0389	0.0365	0.0024	0.2558	0.0946	0.1612	2099.0814	1250.6203	0.0000	432.0677	422.3775	0.0000	420769.6725	inf	0.0000	0.0006	0.0014	0.0000	0.0049	0.0052	0.0000	0.0000	0.0000	0.0000	
0	18	0.1429	2	2	2	0	0	0	0	0	0	Y	Y	N	N	N	N	N	N	N	N	N	N	0.0064	0.8209	0.0206	1.2943	0.7589	inf	0.0079	0.0236	0.0288	0.0016	0.2324	0.0062	0.0036	0.0447	0.0442	0.0000	0.2831	4.5067	0.0019	11.2739	0.0048	0.0048	0.0000	5.6232	0.0000	12.0206	19.7818	4755.9847	0.0014	0.1666	3.6608	1.0070	11.0004	4.1063	0.0038	0.0002	0.0037	0.0003	0.0002	0.0001	0.0035	0.0000	0.0035	0.9619	0.0002	0.9617	0.0002	0.0002	0.0000	0.9617	0.0000	0.9617	0.1336	0.1179	0.0158	0.0543	0.0509	0.0034	0.0794	0.0670	0.0124	0.2134	0.1058	0.1077	0.0424	0.0422	0.0002	0.1710	0.0635	0.1075	0.0064	0.8209	0.0260	1.2943	0.7589	inf	0.0079	0.0000	0.0316	4.5067	0.0019	8.9324	0.0048	0.0048	0.0000	5.6232	0.0000	8.9461	
0	21	0.1366	2	2	1	1	0	0	0	0	0	Y	N	N	N	N	N	N	N	N	N	N	N	4.5093	0.0000	7976.8107	0.0000	0.0000	2236.0185	8033.5404	0.0040	0.0000	0.0256	0.0000	0.0000	0.0000	0.0043	0.0000	0.0258	0.0009	0.0021	0.0000	0.0201	0.0204	0.0000	0.0000	0.0000	0.0000	inf	0.0021	0.0002	-0.0002	3.6608	1.0018	11.0004	3.0659	0.0005	0.0000	0.0005	0.0000	0.0000	0.0000	0.0005	0.0000	0.0005	0.0002	0.0002	0.0000	0.0002	0.0002	0.0000	0.0000	0.0000	0.0000	0.1312	0.1106	0.0207	0.0087	0.0085	0.0002	0.1226	0.1021	0.0205	0.2244	0.0954	0.1289	0.0099	0.0098	0.0001	0.2144	0.0856	0.1288	4.5093	0.0000	7976.8107	0.0000	0.0000	0.0000	2236.0185	0.0000	8033.5404	0.0009	0.0021	0.0000	0.0201	0.0204	0.0000	0.0000	0.0000	0.0000		
0	26	0.1227	2	2	2	0	0	0	0	0	0	Y	Y	N	N	N	N	N	N	N	N	N	N	0.0000	0.0000	0.0000	0.0000	0.0000	0.0000	0.0000	0.0000	0.0000	0.0000	0.0000	0.0000	0.0000	0.0000	0.0000	0.0000	0.0000	0.0000	0.0000	0.0000	3.6608	0.0026	11.0004	0.9906	0.0000	0.0000	0.0000	0.0000	0.0000	0.0000	0.0000	0.0000	0.0000	0.0000	0.0000	0.0000	0.0000	0.0000	0.0000	0.0000	0.0000	0.0000	0.3687	0.2685	0.1003	0.1853	0.1851	0.0002	0.1834	0.0833	0.1001	0.2848	0.1483	0.1365	0.1190	0.1189	0.0001	0.1658	0.0294	0.1365	0.0000	0.0000	0.0000	0.0000	0.0000	0.0000	0.0000	0.0000	0.0000	0.0000	0.0000	0.0000	0.0000	0.0000	0.0000	0.0000	0.0000	0.0000											
0	31	0.1671	2	2	2	0	0	0	0	0	0	Y	Y	N	N	N	N	N	N	N	N	N	N	0.1296	6.4198	0.0000	0.5982	2.0905	0.0000	0.1174	inf	0.0000	0.0035	0.0039	0.0000	0.0018	0.0019	0.0000	0.0048	0.0055	0.0000	0.0273	0.0006	0.0555	0.0030	0.0009	0.1236	0.0407	0.0000	0.0546	0.0000	86.6334	-0.0001	0.0007	3.6608	0.1965	11.0004	2.3074	0.0001	0.0001	0.0000	0.0000	0.0000	0.0000	0.0001	0.0001	0.0000	0.0044	0.0000	0.0043	0.0002	0.0000	0.0001	0.0042	0.0000	0.0042	0.0357	0.0325	0.0033	0.0148	0.0142	0.0006	0.0209	0.0183	0.0026	0.1604	0.0824	0.0780	0.0570	0.0561	0.0010	0.1034	0.0263	0.0771	0.1296	6.4198	0.0000	0.5982	2.0905	0.0000	0.1174	inf	0.0000	0.0273	0.0006	0.0555	0.0030	0.0009	0.1236	0.0407	0.0000	0.0546
0	34	0.1780	2	1	1	1	0	0	0	0	0	N	N	N	N	N	N	N	N	N	N	N	N	0.3454	0.0000	1.3048	0.0167	0.0000	inf	0.4033	0.0000	1.4975	0.1971	0.0000	1.4601	0.0007	0.0000	0.0132	0.3153	0.0000	1.7032	0.5706	0.0247	1.1190	0.0408	0.0420	0.0000	0.7817	0.1367	1.1373	inf	45.0632	0.0414	0.0448	3.6608	3.8106	11.0004	5.1657	0.1018	0.0000	0.1018	0.0001	0.0000	0.0001	0.1017	0.0000	0.1017	0.2954	0.0064	0.2890	0.0060	0.0060	0.0000	0.2894	0.0004	0.2890	0.5166	0.4469	0.0697	0.1941	0.1841	0.0100	0.3225	0.2628	0.0597	0.5176	0.2594	0.2582	0.1475	0.1433	0.0042	0.3702	0.1161	0.2541	0.3454	0.0000	1.3048	0.0167	0.0000	inf	0.4033	0.0000	1.4975	0.5706	0.0247	1.1190	0.0408	0.0420	0.0000	0.7817	0.0034	1.1373
0	37	0.1593	3	2	1	1	0	0	0	0	0	Y	N	N	N	N	N	N	N	N	N	N	N	35.0473	21.3915	20.2758	19.4210	0.4365	0.5831	0.0000	1.7255	1.7342	0.0000	0.0000	0.0000	0.0000	0.0125	0.0273	0.0000	0.0851	0.0893	0.0000	0.0000	0.0000	0.0000	0.0000	0.0000	-0.1329	-0.0043	3.6608	2.3426	11.0004	5.0131	0.2240	0.2240	0.0000	0.2240	0.2240	0.0000	0.0000	0.0000	0.0000	0.0052	0.0052	0.0000	0.0052	0.0052	0.0000	0.0000	0.0000	0.0000	0.5131	0.3841	0.1291	0.1298	0.1291	0.0007	0.3833	0.2549	0.1284	0.4148	0.1895	0.2253	0.0607	0.0579	0.0029	0.3541	0.1317	0.2225	35.0473	21.3915	0.0000	20.2758	19.4210	0.0000	0.0000	0.0000	0.0000	0.0125	0.0273	0.0000	0.0851	0.0893	0.0000	0.0000	0.0000	0.0000					
0	38	0.1315	2	2	1	1	0	0	0	0	0	Y	N	N	N	N	N	N	N	N	N	N	N	44.3615	1033.9740	43.7893	1370.9957	1355.7727	24.0571	0.0000	43.7291	0.5641	0.3755	1.1335	1.1398	1.1457	0.0000	0.3747	0.0000	1.1393	0.0127	0.0004	0.0259	0.0008	0.0008	0.0000	0.0156	0.0053	0.0261	0.9993	66.8450	-0.0277	0.0008	3.6608	2.4564	11.0004	2.5086	0.2962	0.1481	0.1480	0.1481	0.1481	0.0000	0.1480	0.0000	0.1480	0.0049	0.0001	0.0048	0.0001	0.0001	0.0000	0.0048	0.0000	0.0048	0.5251	0.3945	0.1306	0.1300	0.1293	0.0007	0.3951	0.2652	0.1299	0.3821	0.1972	0.1849	0.0741	0.0729	0.0012	0.3080	0.1243	0.1837	44.3615	1033.9740	43.7893	1370.9957	1355.7727	0.0000	24.0571	0.0000	43.7291	0.0127	0.0004	0.0259	0.0008	0.0008	0.0000	0.0156	0.0001	0.0261	
0	41	0.1293	2	2	1	1	0	0	0	0	0	Y	N	N	N	N	N	N	N	N	N	N	N	0.0164	0.0067	0.0115	0.0116	0.0016	0.0019	0.0000	0.0118	0.0120	0.0000	0.0000	0.0000	0.0000	0.1000	0.2853	0.0000	1.0271	1.0354	0.0000	0.0000	0.0000	0.0000	0.0000	0.0000	-0.0003	-0.0341	3.6608	1.9694	11.0004	5.1440	0.0005	0.0005	0.0000	0.0005	0.0005	0.0000	0.0000	0.0000	0.0000	0.0413	0.0413	0.0000	0.0413	0.0413	0.0000	0.0000	0.0000	0.0000	0.2869	0.2436	0.0433	0.0398	0.0390	0.0008	0.2471	0.2047	0.0425	0.4130	0.1935	0.2195	0.0551	0.0549	0.0002	0.3579	0.1386	0.2193	0.0164	0.0090	0.0000	0.0157	0.0160	0.0000	0.0000	0.0000	0.0000	0.1000	0.2134	0.0000	0.7490	0.7523	0.0000	0.0000	0.0000	0.0000					
0	45	0.1315	2	2	2	1	0	0	0	0	0	Y	Y	N	N	N	N	N	N	N	N	N	N	611.6427	422.9438	inf	310.1844	304.0191	inf	inf	0.5649	0.7931	0.0002	1.8179	1.8234	0.0000	0.0001	0.0000	0.0002	0.0009	0.0019	0.0000	0.0059	0.0060	0.0000	0.0000	0.0000	0.0000	0.0001	0.0000	-0.1330	-0.0004	3.6608	1.3391	11.0004	5.8433	0.2241	0.2241	0.0000	0.2241	0.2241	0.0000	0.0000	0.0000	0.0000	0.0004	0.0004	0.0000	0.0004	0.0004	0.0000	0.0000	0.0000	0.0000	0.3967	0.2825	0.1142	0.1233	0.1229	0.0004	0.2734	0.1596	0.1138	0.4668	0.2299	0.2369	0.0736	0.0719	0.0017	0.3932	0.1580	0.2352	611.6427	422.9438	inf	310.1844	304.0191	0.0000	inf	0.0000	inf	0.0009	0.0019	0.0000	0.0059	0.0060	0.0000	0.0000	0.0000	0.0000		
0	47	0.1366	2	2	2	1	0	0	0	0	0	Y	Y	N	N	N	N	N	N	N	N	N	N	2.1478	0.0000	2939.2057	0.0000	0.0000	798.6393	2961.6237	0.0014	0.0000	0.0094	0.0000	0.0000	0.0000	0.0015	0.0000	0.0095	0.0007	0.0016	0.0000	0.0151	0.0153	0.0000	0.0000	0.0000	0.0000	inf	0.0028	0.0002	-0.0001	3.6608	3.0001	11.0004	1.0598	0.0005	0.0000	0.0005	0.0000	0.0000	0.0000	0.0005	0.0000	0.0005	0.0002	0.0001	0.0000	0.0001	0.0001	0.0000	0.0000	0.0000	0.0000	0.3665	0.3106	0.0560	0.0240	0.0235	0.0005	0.3426	0.2871	0.0555	0.2240	0.0953	0.1287	0.0099	0.0098	0.0001	0.2141	0.0855	0.1286	2.1478	0.0000	2939.2057	0.0000	0.0000	0.0000	798.6393	0.0000	2961.6237	0.0007	0.0016	0.0000	0.0151	0.0153	0.0000	0.0000	0.0000	0.0000		
0	51	0.1273	2	1	2	1	0	0	0	0	0	N	Y	N	N	N	N	N	N	N	N	N	N	665.8466	0.0000	536649.0992	11.4782	0.0000	inf	298668.6458	540383.3279	0.5322	0.0000	2.2430	0.0623	0.0000	1.5276	0.8013	0.0000	2.2907	0.0008	0.0018	0.0000	0.0054	0.0057	0.0000	0.0000	0.0000	0.0000	inf	0.0029	0.1134	-0.0002	3.6608	2.4249	11.0004	2.1457	0.2791	0.0000	0.2791	0.0119	0.0000	0.0119	0.2672	0.0000	0.2672	0.0002	0.0002	0.0000	0.0002	0.0002	0.0000	0.0000	0.0000	0.0000	0.5243	0.3999	0.1244	0.1909	0.1831	0.0078	0.3334	0.2168	0.1166	0.2384	0.1078	0.1305	0.0350	0.0332	0.0018	0.2034	0.0747	0.1287	665.8466	0.0000	536649.0992	11.4782	0.0000	inf	298668.6458	0.0000	540383.3279	0.0008	0.0018	0.0000	0.0054	0.0057	0.0000	0.0000	0.0000	0.0000	
0	54	0.1429	2	2	2	0	0	0	0	0	0	Y	Y	N	N	N	N	N	N	N	N	N	N	0.0736	0.0018	inf	0.0031	0.0018	inf	inf	inf	0.0151	0.0008	0.1219	0.0033	0.0019	0.0238	0.0229	0.0000	0.1480	0.2045	0.4536	0.0000	1.0751	1.0874	0.0000	0.0000	0.0000	0.0000	19.7818	0.0000	0.0014	-0.0318	3.6608	2.0079	11.0004	2.2027	0.0038	0.0002	0.0037	0.0003	0.0002	0.0001	0.0035	0.0000	0.0035	0.0385	0.0385	0.0000	0.0385	0.0385	0.0000	0.0000	0.0000	0.0000	0.2554	0.2254	0.0300	0.1021	0.0958	0.0063	0.1533	0.1296	0.0237	0.1881	0.0936	0.0945	0.0405	0.0403	0.0001	0.1476	0.0532	0.0943	0.0736	0.0020	inf	0.0035	0.0020	inf	inf	0.0000	inf	0.2045	0.4109	0.0000	0.9499	0.9532	0.0000	0.0000	0.0000	0.0000	
0	63	0.1706	2	1	1	1	0	0	0	0	0	N	N	N	N	N	N	N	N	N	N	N	N	0.1055	0.0000	inf	0.0923	0.0000	inf	0.0980	0.0000	inf	0.0008	0.0000	0.0052	0.0003	0.0000	0.0061	0.0010	0.0000	0.0051	0.0076	0.0142	0.0000	0.0035	0.0046	0.0000	0.0097	1.1367	0.0000	inf	0.0000	0.0000	-0.0003	3.6608	0.9961	11.0004	0.0337	0.0001	0.0000	0.0001	0.0000	0.0000	0.0000	0.0001	0.0000	0.0001	0.0004	0.0004	0.0000	0.0001	0.0001	0.0000	0.0003	0.0003	0.0000	0.1249	0.1056	0.0193	0.0307	0.0290	0.0016	0.0943	0.0766	0.0177	0.0506	0.0268	0.0237	0.0176	0.0135	0.0040	0.0330	0.0133	0.0197	0.1055	0.0000	inf	0.0923	0.0000	inf	0.0980	0.0000	inf	0.0076	0.0142	0.0000	0.0035	0.0046	0.0000	0.0097	0.0241	0.0000
0	69	0.1227	2	1	2	0	0	0	0	0	0	N	Y	N	N	N	N	N	N	N	N	N	N	14.8131	8.7905	10.5635	10.6795	0.2026	0.2525	0.0000	0.6749	0.6839	0.0000	0.0000	0.0000	0.0000	0.0137	0.0287	0.0000	0.0639	0.0640	0.0000	0.0000	0.0000	0.0000	0.0000	0.0000	-0.0819	-0.0056	3.6608	3.0720	11.0004	3.7333	0.1380	0.1380	0.0000	0.1380	0.1380	0.0000	0.0000	0.0000	0.0000	0.0067	0.0067	0.0000	0.0067	0.0067	0.0000	0.0000	0.0000	0.0000	0.6812	0.5466	0.1346	0.2045	0.2018	0.0027	0.4767	0.3448	0.1319	0.4921	0.2344	0.2578	0.1054	0.1051	0.0002	0.3868	0.1292	0.2575	14.8131	8.7905	0.0000	10.5635	10.6795	0.0000	0.0000	0.0000	0.0000	0.0137	0.0287	0.0000	0.0639	0.0640	0.0000	0.0000	0.0000	0.0000					
0	75	0.1671	2	1	2	0	0	0	0	0	0	N	Y	N	N	N	N	N	N	N	N	N	N	0.3316	2.1769	0.0000	0.4680	0.6196	0.0000	0.3812	inf	0.0000	0.0109	0.0112	0.0000	0.0043	0.0044	0.0000	0.0181	0.0190	0.0000	0.0328	0.0052	0.0630	0.0093	0.0071	0.1742	0.0474	0.0000	0.0618	0.0000	11.1546	-0.0001	0.0004	3.6608	0.0009	11.0004	1.7419	0.0001	0.0001	0.0000	0.0000	0.0000	0.0000	0.0001	0.0001	0.0000	0.0046	0.0004	0.0042	0.0005	0.0004	0.0001	0.0041	0.0000	0.0041	0.0116	0.0113	0.0004	0.0061	0.0060	0.0001	0.0055	0.0053	0.0003	0.1403	0.0733	0.0670	0.0539	0.0532	0.0007	0.0865	0.0202	0.0663	0.3316	2.1769	0.0000	0.4680	0.6196	0.0000	0.3812	inf	0.0000	0.0328	0.0052	0.0630	0.0093	0.0071	0.1742	0.0474	0.0000	0.0618
1	3	0.1375	3	1	0	2	1	0	0	0	0	N	N	Y	N	N	N	N	N	N	N	N	N	421.7474	0.0000	10457.4996	0.0000	0.0000	4260.1941	10410.7663	0.5798	0.0000	2.7613	0.0000	0.0000	0.0000	0.7155	0.0000	2.7829	0.0014	0.0027	0.0003	0.0088	0.0092	0.0000	0.0002	0.0000	0.0003	inf	0.1174	0.1776	-0.0004	3.6608	4.6627	8.0004	3.3142	0.4368	0.0000	0.4368	0.0000	0.0000	0.0000	0.4368	0.0000	0.4368	0.0005	0.0005	0.0001	0.0005	0.0005	0.0000	0.0001	0.0000	0.0001	0.7534	0.5952	0.1582	0.1429	0.1416	0.0012	0.6105	0.4536	0.1570	0.3739	0.1694	0.2045	0.0524	0.0499	0.0025	0.3215	0.1195	0.2020	421.7474	0.0000	10457.4996	0.0000	0.0000	0.0000	4260.1941	0.0000	10410.7663	0.0014	0.0027	0.0003	0.0088	0.0092	0.0000	0.0002	0.0000	0.0003		
1	4	0.1562	2	0	1	1	1	0	0	0	0	N	N	N	N	N	N	N	N	N	N	N	N	2125.6510	1211.6525	1528.2293	1558.4423	inf	inf	2.0831	2.4082	0.0000	5.7812	6.1043	0.0000	0.0023	0.0028	0.0000	0.0010	0.0020	0.0000	0.0038	0.0039	0.0000	0.0000	0.0000	0.0000	0.0000	0.0000	-0.9259	-0.0004	3.6608	6.2094	8.0004	5.8243	1.5601	1.5601	0.0000	1.5590	1.5590	0.0000	0.0011	0.0011	0.0000	0.0005	0.0005	0.0000	0.0005	0.0005	0.0000	0.0000	0.0000	0.0000	0.7489	0.6478	0.1011	0.2697	0.2554	0.0143	0.4793	0.3924	0.0868	0.4924	0.2428	0.2496	0.1276	0.1232	0.0044	0.3648	0.1196	0.2453	2125.6510	1211.6525	0.0000	1528.2293	1558.4423	0.0000	inf	inf	0.0000	0.0010	0.0020	0.0000	0.0038	0.0039	0.0000	0.0000	0.0000	0.0000			
1	5	0.1562	2	0	0	2	2	0	0	0	0	N	N	Y	Y	N	N	N	N	N	N	N	N	229.5536	0.0708	1904.0566	0.4125	0.0640	inf	586.9214	inf	2188.4544	0.2138	0.0001	1.5869	0.0007	0.0001	0.0122	0.3437	0.0000	1.8519	0.0009	0.0010	0.0008	0.0018	0.0018	0.0000	0.0006	0.0000	0.0008	3392.9742	0.8065	0.0414	-0.0002	3.6608	3.4322	8.0004	5.0828	0.1018	0.0000	0.1018	0.0001	0.0000	0.0001	0.1017	0.0000	0.1017	0.0004	0.0002	0.0002	0.0002	0.0002	0.0000	0.0002	0.0000	0.0002	0.4763	0.4121	0.0641	0.1804	0.1711	0.0092	0.2959	0.2410	0.0549	0.4267	0.2138	0.2129	0.1237	0.1205	0.0032	0.3030	0.0934	0.2097	229.5536	0.0708	1904.0566	0.4125	0.0640	inf	586.9214	inf	2188.4544	0.0009	0.0010	0.0008	0.0018	0.0018	0.0000	0.0006	0.0000	0.0008
1	6	0.1075	2	1	1	1	1	0	0	0	0	N	N	N	N	N	N	N	N	N	N	N	N	5.1569	2.8814	3.1721	3.2114	inf	inf	0.0065	0.0078	0.0000	0.0273	0.0277	0.0000	0.0026	0.0031	0.0000	0.0013	0.0027	0.0000	0.0086	0.0086	0.0000	0.0000	0.0000	0.0000	0.0000	0.0000	-0.0007	-0.0003	3.6608	1.0478	8.0004	5.1610	0.0011	0.0011	0.0000	0.0007	0.0007	0.0000	0.0004	0.0004	0.0000	0.0004	0.0004	0.0000	0.0004	0.0004	0.0000	0.0000	0.0000	0.0000	0.1681	0.1417	0.0263	0.0271	0.0266	0.0004	0.1410	0.1151	0.0259	0.3262	0.1537	0.1725	0.0481	0.0479	0.0002	0.2781	0.1058	0.1723	5.1569	2.8814	0.0000	3.1721	3.2114	0.0000	inf	inf	0.0000	0.0013	0.0027	0.0000	0.0086	0.0086	0.0000	0.0000	0.0000	0.0000			
1	9	0.1488	2	0	0	2	1	0	0	0	0	N	N	Y	N	N	N	N	N	N	N	N	N	240.8934	91.7527	inf	26.9271	21.0414	inf	inf	inf	0.1317	0.0950	0.3158	0.0433	0.0450	0.0000	0.1704	0.1223	0.3385	0.0005	0.0010	0.0000	0.0016	0.0021	0.0000	0.0000	0.0000	0.0000	0.6608	0.0000	-0.0000	-0.0000	3.6608	0.0046	8.0004	1.9974	0.0001	0.0001	0.0000	0.0000	0.0000	0.0000	0.0001	0.0001	0.0000	0.0000	0.0000	0.0000	0.0000	0.0000	0.0000	0.0000	0.0000	0.0000	0.0008	0.0006	0.0001	0.0002	0.0002	0.0000	0.0005	0.0004	0.0001	0.0770	0.0406	0.0364	0.0261	0.0197	0.0065	0.0508	0.0209	0.0299	240.8934	91.7527	inf	26.9271	21.0414	0.0000	inf	inf	inf	0.0005	0.0010	0.0000	0.0016	0.0021	0.0000	0.0000	0.0000	0.0000	
1	11	0.1097	2	1	1	1	1	0	0	0	0	N	N	N	N	N	N	N	N	N	N	N	N	10490.8767	0.0000	27992.3165	0.0000	0.0000	17865.0833	27933.3152	1.0047	0.0000	3.6667	0.0000	0.0000	0.0000	1.4113	0.0000	3.6809	0.0001	0.0001	0.0001	0.0002	0.0002	0.0000	0.0001	0.0000	0.0001	inf	1.8907	0.1775	-0.0000	3.6608	1.6609	8.0004	2.6354	0.4367	0.0000	0.4367	0.0000	0.0000	0.0000	0.4367	0.0000	0.4367	0.0000	0.0000	0.0000	0.0000	0.0000	0.0000	0.0000	0.0000	0.0000	0.4347	0.3156	0.1191	0.1252	0.1248	0.0005	0.3094	0.1908	0.1186	0.3018	0.1575	0.1443	0.0625	0.0616	0.0009	0.2393	0.0959	0.1435	10490.8767	0.0000	27992.3165	0.0000	0.0000	0.0000	17865.0833	0.0000	27933.3152	0.0001	0.0001	0.0001	0.0002	0.0002	0.0000	0.0001	0.0000	0.0001		
1	16	0.1055	2	0	1	1	1	0	0	0	0	N	N	N	N	N	N	N	N	N	N	N	N	1611.6700	956.3554	0.0000	328.9073	322.1923	357424.3037	inf	0.0000	1.3574	1.8122	0.0000	2.1115	2.1978	0.0000	0.8975	1.4477	0.0000	0.0008	0.0019	0.0000	0.0064	0.0068	0.0000	0.0000	0.0000	0.0000	0.0000	0.0026	-0.3860	-0.0002	3.6608	1.9870	8.0004	4.1092	0.6505	0.6505	0.0000	0.3833	0.3833	0.0000	0.2672	0.2672	0.0000	0.0002	0.0002	0.0000	0.0002	0.0002	0.0000	0.0000	0.0000	0.0000	0.4792	0.3589	0.1203	0.1815	0.1744	0.0071	0.2977	0.1845	0.1131	0.2500	0.1108	0.1392	0.0327	0.0308	0.0019	0.2173	0.0800	0.1372	1611.6700	956.3554	0.0000	328.9073	322.1923	0.0000	357424.3037	inf	0.0000	0.0008	0.0019	0.0000	0.0064	0.0068	0.0000	0.0000	0.0000	0.0000	
1	18	0.1210	2	1	1	1	1	0	0	0	0	N	N	N	N	N	N	N	N	N	N	N	N	5.4039	3.0391	0.7066	0.7503	inf	inf	0.0088	0.0100	0.0000	0.0056	0.0060	0.0000	0.0110	0.0130	0.0000	0.0016	0.0033	0.0000	0.0080	0.0080	0.0000	0.0000	0.0000	0.0000	0.0000	0.0000	-0.0007	-0.0002	3.6608	1.0070	8.0004	4.1063	0.0012	0.0012	0.0000	0.0003	0.0003	0.0000	0.0009	0.0009	0.0000	0.0003	0.0003	0.0000	0.0003	0.0003	0.0000	0.0000	0.0000	0.0000	0.1336	0.1179	0.0158	0.0543	0.0509	0.0034	0.0794	0.0670	0.0124	0.1796	0.0891	0.0905	0.0368	0.0366	0.0001	0.1429	0.0525	0.0904	5.4039	3.0391	0.0000	0.7066	0.7503	0.0000	inf	inf	0.0000	0.0016	0.0033	0.0000	0.0080	0.0080	0.0000	0.0000	0.0000	0.0000			
1	21	0.1147	2	1	0	2	1	0	0	0	0	N	N	Y	N	N	N	N	N	N	N	N	N	9718.8491	4902.5959	6836.5749	1.1047	1.1111	3617187.4404	inf	6885.6917	7.6186	9.0372	0.0256	0.0196	0.0200	0.0000	8.1563	9.7884	0.0258	0.0008	0.0018	0.0000	0.0177	0.0180	0.0000	0.0000	0.0000	0.0000	0.0005	0.0028	-0.5929	-0.0001	3.6608	1.0018	8.0004	3.0659	0.9998	0.9993	0.0005	0.0002	0.0002	0.0000	0.9997	0.9991	0.0005	0.0002	0.0002	0.0000	0.0002	0.0002	0.0000	0.0000	0.0000	0.0000	0.1312	0.1106	0.0207	0.0087	0.0085	0.0002	0.1226	0.1021	0.0205	0.1919	0.0814	0.1105	0.0085	0.0083	0.0001	0.1834	0.0730	0.1104	9718.8491	4902.5959	6836.5749	1.1047	1.1111	0.0000	3617187.4404	inf	6885.6917	0.0008	0.0018	0.0000	0.0177	0.0180	0.0000	0.0000	0.0000	0.0000	
1	26	0.1009	2	1	1	1	1	0	0	0	0	N	N	N	N	N	N	N	N	N	N	N	N	0.0000	0.0000	0.0000	0.0000	0.0000	0.0000	0.0000	0.0000	0.0000	0.0000	0.0000	0.0000	0.0000	0.0000	0.0000	0.0000	0.0000	0.0000	0.0000	0.0000	3.6608	0.0026	8.0004	0.9906	0.0000	0.0000	0.0000	0.0000	0.0000	0.0000	0.0000	0.0000	0.0000	0.0000	0.0000	0.0000	0.0000	0.0000	0.0000	0.0000	0.0000	0.0000	0.3687	0.2685	0.1003	0.1853	0.1851	0.0002	0.1834	0.0833	0.1001	0.2446	0.1268	0.1178	0.1023	0.1022	0.0001	0.1423	0.0246	0.1177	0.0000	0.0000	0.0000	0.0000	0.0000	0.0000	0.0000	0.0000	0.0000	0.0000	0.0000	0.0000	0.0000	0.0000	0.0000	0.0000	0.0000	0.0000											
1	31	0.1453	2	1	1	1	1	0	0	0	0	N	N	N	N	N	N	N	N	N	N	N	N	0.2135	3.0361	0.0000	0.4627	1.0048	0.0000	0.2016	inf	0.0000	0.0035	0.0039	0.0000	0.0018	0.0019	0.0000	0.0048	0.0055	0.0000	0.0166	0.0013	0.0326	0.0039	0.0019	0.1242	0.0237	0.0000	0.0315	0.0000	24.2408	-0.0001	0.0003	3.6608	0.1965	8.0004	2.3074	0.0001	0.0001	0.0000	0.0000	0.0000	0.0000	0.0001	0.0001	0.0000	0.0023	0.0001	0.0022	0.0002	0.0001	0.0001	0.0021	0.0000	0.0021	0.0357	0.0325	0.0033	0.0148	0.0142	0.0006	0.0209	0.0183	0.0026	0.1371	0.0701	0.0669	0.0493	0.0485	0.0008	0.0877	0.0216	0.0661	0.2135	3.0361	0.0000	0.4627	1.0048	0.0000	0.2016	inf	0.0000	0.0166	0.0013	0.0326	0.0039	0.0019	0.1242	0.0237	0.0000	0.0315
1	34	0.1562	2	0	0	2	1	0	0	0	0	N	N	Y	N	N	N	N	N	N	N	N	N	178.0173	0.0303	inf	0.1755	0.0272	inf	inf	inf	inf	0.1971	0.0001	1.4597	0.0007	0.0001	0.0112	0.3153	0.0000	1.7030	0.0011	0.0022	0.0000	0.0039	0.0040	0.0000	0.0000	0.0000	0.0000	3392.9742	0.0000	0.0414	-0.0004	3.6608	3.8106	8.0004	5.1657	0.1018	0.0000	0.1018	0.0001	0.0000	0.0001	0.1017	0.0000	0.1017	0.0005	0.0005	0.0000	0.0005	0.0005	0.0000	0.0000	0.0000	0.0000	0.5166	0.4469	0.0697	0.1941	0.1841	0.0100	0.3225	0.2628	0.0597	0.4359	0.2179	0.2180	0.1242	0.1209	0.0034	0.3116	0.0970	0.2146	178.0173	0.0303	inf	0.1755	0.0272	inf	inf	inf	inf	0.0011	0.0022	0.0000	0.0039	0.0040	0.0000	0.0000	0.0000	0.0000
1	37	0.1375	3	1	0	2	1	0	0	0	0	N	N	Y	N	N	N	N	N	N	N	N	N	182.9719	111.1150	104.3441	100.1050	0.4365	0.5831	0.0000	1.7255	1.7342	0.0000	0.0000	0.0000	0.0000	0.0024	0.0052	0.0000	0.0165	0.0173	0.0000	0.0000	0.0000	0.0000	0.0000	0.0000	-0.1329	-0.0007	3.6608	2.3426	8.0004	5.0131	0.2240	0.2240	0.0000	0.2240	0.2240	0.0000	0.0000	0.0000	0.0000	0.0008	0.0008	0.0000	0.0008	0.0008	0.0000	0.0000	0.0000	0.0000	0.5131	0.3841	0.1291	0.1298	0.1291	0.0007	0.3833	0.2549	0.1284	0.3546	0.1612	0.1934	0.0512	0.0488	0.0023	0.3035	0.1124	0.1911	182.9719	111.1150	0.0000	104.3441	100.1050	0.0000	0.0000	0.0000	0.0000	0.0024	0.0052	0.0000	0.0165	0.0173	0.0000	0.0000	0.0000	0.0000					
1	38	0.1097	2	1	0	2	1	0	0	0	0	N	N	Y	N	N	N	N	N	N	N	N	N	340.9972	144.9187	1688.8984	1152.1637	1139.8186	206.7963	0.0000	1687.0655	0.5640	0.3755	1.1333	1.1398	1.1457	0.0000	0.3746	0.0000	1.1392	0.0017	0.0026	0.0007	0.0010	0.0010	0.0000	0.0018	0.2209	0.0007	0.9992	0.2469	-0.0277	-0.0003	3.6608	2.4564	8.0004	2.5086	0.2962	0.1481	0.1480	0.1481	0.1481	0.0000	0.1480	0.0000	0.1480	0.0005	0.0004	0.0001	0.0001	0.0001	0.0000	0.0005	0.0004	0.0001	0.5251	0.3945	0.1306	0.1300	0.1293	0.0007	0.3951	0.2652	0.1299	0.3254	0.1666	0.1588	0.0623	0.0614	0.0010	0.2631	0.1052	0.1578	340.9972	144.9187	1688.8984	1152.1637	1139.8186	0.0000	206.7963	0.0000	1687.0655	0.0017	0.0026	0.0007	0.0010	0.0010	0.0000	0.0018	0.0035	0.0007	
1	41	0.1075	2	1	0	2	1	0	0	0	0	N	N	Y	N	N	N	N	N	N	N	N	N	3.2816	1.8112	2.1659	2.2008	inf	inf	0.0038	0.0045	0.0000	0.0186	0.0190	0.0000	0.0015	0.0018	0.0000	0.0012	0.0025	0.0000	0.0086	0.0086	0.0000	0.0000	0.0000	0.0000	0.0000	0.0000	-0.0007	-0.0003	3.6608	1.9694	8.0004	5.1440	0.0011	0.0011	0.0000	0.0007	0.0007	0.0000	0.0004	0.0004	0.0000	0.0004	0.0004	0.0000	0.0004	0.0004	0.0000	0.0000	0.0000	0.0000	0.2869	0.2436	0.0433	0.0398	0.0390	0.0008	0.2471	0.2047	0.0425	0.3543	0.1661	0.1883	0.0482	0.0480	0.0002	0.3061	0.1181	0.1880	3.2816	1.8112	0.0000	2.1659	2.2008	0.0000	inf	inf	0.0000	0.0012	0.0025	0.0000	0.0086	0.0086	0.0000	0.0000	0.0000	0.0000			
1	45	0.1097	2	1	1	2	1	0	0	0	0	N	N	Y	N	N	N	N	N	N	N	N	N	520.9631	357.6798	260.6701	255.6210	0.5649	0.7931	0.0000	1.8179	1.8234	0.0000	0.0000	0.0000	0.0000	0.0011	0.0022	0.0000	0.0070	0.0071	0.0000	0.0000	0.0000	0.0000	0.0000	0.0000	-0.1330	-0.0004	3.6608	1.3391	8.0004	5.8433	0.2241	0.2241	0.0000	0.2241	0.2241	0.0000	0.0000	0.0000	0.0000	0.0004	0.0004	0.0000	0.0004	0.0004	0.0000	0.0000	0.0000	0.0000	0.3967	0.2825	0.1142	0.1233	0.1229	0.0004	0.2734	0.1596	0.1138	0.3976	0.1944	0.2032	0.0618	0.0604	0.0014	0.3358	0.1340	0.2018	520.9631	357.6798	0.0000	260.6701	255.6210	0.0000	0.0000	0.0000	0.0000	0.0011	0.0022	0.0000	0.0070	0.0071	0.0000	0.0000	0.0000	0.0000					
1	47	0.1147	2	1	1	2	1	0	0	0	0	N	N	Y	N	N	N	N	N	N	N	N	N	4.7208	1.4475	2519.0805	1.9517	1.9647	683.1800	2538.4770	0.0037	0.0027	0.0094	0.0346	0.0354	0.0000	0.0015	0.0000	0.0095	0.0008	0.0018	0.0000	0.0178	0.0180	0.0000	0.0000	0.0000	0.0000	0.6369	0.0028	-0.0003	-0.0001	3.6608	3.0001	8.0004	1.0598	0.0014	0.0008	0.0005	0.0008	0.0008	0.0000	0.0005	0.0000	0.0005	0.0002	0.0002	0.0000	0.0002	0.0002	0.0000	0.0000	0.0000	0.0000	0.3665	0.3106	0.0560	0.0240	0.0235	0.0005	0.3426	0.2871	0.0555	0.1916	0.0812	0.1103	0.0084	0.0083	0.0001	0.1831	0.0729	0.1102	4.7208	1.4475	2519.0805	1.9517	1.9647	0.0000	683.1800	0.0000	2538.4770	0.0008	0.0018	0.0000	0.0178	0.0180	0.0000	0.0000	0.0000	0.0000		
1	51	0.1055	2	0	1	2	1	0	0	0	0	N	N	Y	N	N	N	N	N	N	N	N	N	511.7735	0.0000	457298.8758	8.7566	0.0000	inf	253966.4304	460767.8238	0.5322	0.0000	2.2430	0.0623	0.0000	1.5276	0.8013	0.0000	2.2907	0.0010	0.0023	0.0000	0.0071	0.0075	0.0000	0.0000	0.0000	0.0000	inf	0.0026	0.1134	-0.0002	3.6608	2.4249	8.0004	2.1457	0.2791	0.0000	0.2791	0.0119	0.0000	0.0119	0.2672	0.0000	0.2672	0.0002	0.0002	0.0000	0.0002	0.0002	0.0000	0.0000	0.0000	0.0000	0.5243	0.3999	0.1244	0.1909	0.1831	0.0078	0.3334	0.2168	0.1166	0.2025	0.0912	0.1112	0.0295	0.0280	0.0015	0.1729	0.0632	0.1097	511.7735	0.0000	457298.8758	8.7566	0.0000	inf	253966.4304	0.0000	460767.8238	0.0010	0.0023	0.0000	0.0071	0.0075	0.0000	0.0000	0.0000	0.0000	
1	54	0.1210	2	1	1	1	1	0	0	0	0	N	N	N	N	N	N	N	N	N	N	N	N	2.3357	1.3185	0.3356	0.3565	inf	inf	0.0046	0.0052	0.0000	0.0030	0.0032	0.0000	0.0057	0.0067	0.0000	0.0020	0.0040	0.0000	0.0089	0.0089	0.0000	0.0000	0.0000	0.0000	0.0000	0.0000	-0.0007	-0.0003	3.6608	2.0079	8.0004	2.2027	0.0012	0.0012	0.0000	0.0003	0.0003	0.0000	0.0009	0.0009	0.0000	0.0003	0.0003	0.0000	0.0003	0.0003	0.0000	0.0000	0.0000	0.0000	0.2554	0.2254	0.0300	0.1021	0.0958	0.0063	0.1533	0.1296	0.0237	0.1585	0.0790	0.0796	0.0351	0.0350	0.0001	0.1234	0.0440	0.0794	2.3357	1.3185	0.0000	0.3356	0.3565	0.0000	inf	inf	0.0000	0.0020	0.0040	0.0000	0.0089	0.0089	0.0000	0.0000	0.0000	0.0000			
1	63	0.1488	2	0	0	2	1	0	0	0	0	N	N	Y	N	N	N	N	N	N	N	N	N	0.8112	0.3066	inf	0.1162	0.0944	inf	inf	inf	0.0008	0.0006	0.0021	0.0003	0.0003	0.0000	0.0010	0.0007	0.0022	0.0010	0.0019	0.0000	0.0028	0.0036	0.0000	0.0000	0.0000	0.0000	0.6608	0.0000	-0.0000	-0.0000	3.6608	0.9961	8.0004	0.0337	0.0001	0.0001	0.0000	0.0000	0.0000	0.0000	0.0001	0.0001	0.0000	0.0000	0.0000	0.0000	0.0000	0.0000	0.0000	0.0000	0.0000	0.0000	0.1249	0.1056	0.0193	0.0307	0.0290	0.0016	0.0943	0.0766	0.0177	0.0428	0.0227	0.0201	0.0150	0.0115	0.0035	0.0278	0.0112	0.0166	0.8112	0.3066	inf	0.1162	0.0944	0.0000	inf	inf	inf	0.0010	0.0019	0.0000	0.0028	0.0036	0.0000	0.0000	0.0000	0.0000	
1	69	0.1009	2	0	1	1	1	0	0	0	0	N	N	N	N	N	N	N	N	N	N	N	N	75.8637	44.8915	11.9502	12.0829	inf	inf	1.1205	1.3963	0.0000	0.8201	0.8310	0.0000	1.2494	1.7272	0.0000	0.0148	0.0311	0.0000	0.0686	0.0688	0.0000	0.0000	0.0000	0.0000	0.0000	0.0000	-0.4530	-0.0051	3.6608	3.0720	8.0004	3.7333	0.7633	0.7633	0.0000	0.1677	0.1677	0.0000	0.5955	0.5955	0.0000	0.0062	0.0062	0.0000	0.0062	0.0062	0.0000	0.0000	0.0000	0.0000	0.6812	0.5466	0.1346	0.2045	0.2018	0.0027	0.4767	0.3448	0.1319	0.4199	0.1994	0.2205	0.0904	0.0902	0.0002	0.3295	0.1092	0.2203	75.8637	44.8915	0.0000	11.9502	12.0829	0.0000	inf	inf	0.0000	0.0148	0.0311	0.0000	0.0686	0.0688	0.0000	0.0000	0.0000	0.0000			
1	75	0.1453	2	0	1	1	1	0	0	0	0	N	N	N	N	N	N	N	N	N	N	N	N	0.5454	2.1445	0.0000	0.4719	0.6192	0.0000	0.6765	inf	0.0000	0.0109	0.0112	0.0000	0.0043	0.0044	0.0000	0.0181	0.0190	0.0000	0.0199	0.0052	0.0359	0.0092	0.0071	0.1751	0.0267	0.0000	0.0345	0.0000	6.3048	-0.0001	0.0001	3.6608	0.0009	8.0004	1.7419	0.0001	0.0001	0.0000	0.0000	0.0000	0.0000	0.0001	0.0001	0.0000	0.0024	0.0003	0.0021	0.0004	0.0003	0.0001	0.0020	0.0000	0.0020	0.0116	0.0113	0.0004	0.0061	0.0060	0.0001	0.0055	0.0053	0.0003	0.1204	0.0627	0.0577	0.0467	0.0461	0.0006	0.0737	0.0166	0.0571	0.5454	2.1445	0.0000	0.4719	0.6192	0.0000	0.6765	inf	0.0000	0.0199	0.0052	0.0359	0.0092	0.0071	0.1751	0.0267	0.0000	0.0345
2	3	0.1645	3	1	0	1	1	0	0	0	0	N	N	N	N	N	N	N	N	N	N	N	N	1.0516	0.0000	10.9255	0.0000	0.0000	0.0000	3.7520	11.1551	0.3985	0.0000	2.1934	0.0000	0.0000	0.0000	0.4671	0.0000	2.2172	0.3789	0.5914	0.2008	1.9060	1.9873	0.3518	0.1245	0.0000	0.1988	inf	0.4049	0.1776	-0.0931	6.6608	4.6627	8.9996	3.3142	0.4368	0.0000	0.4368	0.0000	0.0000	0.0000	0.4368	0.0000	0.4368	0.1730	0.1231	0.0499	0.1243	0.1231	0.0011	0.0487	0.0000	0.0487	1.0962	0.8971	0.1991	0.1610	0.1588	0.0021	0.9352	0.7382	0.1970	0.4565	0.2082	0.2483	0.0652	0.0620	0.0032	0.3913	0.1462	0.2451	1.0516	0.0000	10.9255	0.0000	0.0000	0.0000	3.7520	0.0000	11.1551	0.3789	0.5914	0.2008	1.9060	1.9873	0.3518	0.1245	0.0000	0.1988	
2	4	0.1832	2	0	1	0	1	0	0	0	0	N	N	N	N	N	N	N	N	N	N	N	N	1.3304	2079.1536	0.0007	993.3116	2766.5373	0.0000	0.0013	inf	0.0008	1.3056	1.5049	0.0013	3.7458	3.9672	0.0000	0.0017	0.0017	0.0016	0.9814	0.0007	1.9412	0.0038	0.0014	0.0668	1.3229	0.0000	1.9762	0.0001	2740.2612	-0.9261	0.1043	6.6608	6.2094	8.9996	5.8243	1.5608	1.5606	0.0002	1.5595	1.5595	0.0000	0.0013	0.0011	0.0002	0.6031	0.0002	0.6029	0.0006	0.0002	0.0004	0.6025	0.0000	0.6025	1.1955	1.0371	0.1584	0.4163	0.3931	0.0232	0.7791	0.6440	0.1352	0.6145	0.3040	0.3106	0.1591	0.1534	0.0057	0.4554	0.1505	0.3049	1.3304	2079.1536	0.0007	993.3116	2766.5373	0.0000	0.0013	inf	0.0008	0.9814	0.0007	1.9412	0.0038	0.0014	0.0668	1.3229	0.0000	1.9762
2	5	0.1832	2	0	0	1	2	0	0	0	0	N	N	N	Y	N	N	N	N	N	N	N	N	1.8768	0.0000	453.1450	0.0002	0.0000	0.0828	142.9876	557.7531	1.4477	0.0000	11.0345	0.0004	0.0000	0.0075	2.2928	0.0000	12.9858	0.7714	1.5099	0.0244	2.6236	2.6948	0.0904	0.0160	0.0000	0.0233	inf	0.0159	0.4478	-0.3323	6.6608	3.4322	8.9996	5.0828	1.1015	0.0000	1.1015	0.0001	0.0000	0.0001	1.1014	0.0000	1.1014	0.4097	0.4033	0.0064	0.4037	0.4033	0.0004	0.0060	0.0000	0.0060	0.7608	0.6610	0.0998	0.2805	0.2655	0.0150	0.4804	0.3955	0.0848	0.5312	0.2671	0.2641	0.1539	0.1497	0.0042	0.3773	0.1174	0.2599	1.8768	0.0000	453.1450	0.0002	0.0000	0.0828	142.9876	0.0000	557.7531	0.7714	1.5099	0.0244	2.6236	2.6948	0.0904	0.0160	0.0000	0.0233	
2	6	0.1344	2	1	1	0	1	0	0	0	0	N	N	N	N	N	N	N	N	N	N	N	N	0.0042	1.0052	0.0000	1.8278	1.8583	0.0000	0.0000	0.0018	0.0021	0.0000	0.0125	0.0128	0.0000	0.0000	0.0000	0.0000	0.4238	0.0021	0.7990	0.0069	0.0069	0.0000	0.4938	0.0000	0.7999	0.0000	428.9906	-0.0003	0.0287	6.6608	1.0478	8.9996	5.1610	0.0005	0.0005	0.0000	0.0005	0.0005	0.0000	0.0000	0.0000	0.0000	0.1677	0.0004	0.1673	0.0004	0.0004	0.0000	0.1673	0.0000	0.1673	0.2628	0.2230	0.0398	0.0374	0.0367	0.0008	0.2254	0.1863	0.0391	0.3957	0.1863	0.2094	0.0569	0.0567	0.0002	0.3388	0.1297	0.2092	0.0042	1.0052	0.0000	1.8278	1.8583	0.0000	0.0000	0.0000	0.0000	0.4238	0.0021	0.7990	0.0069	0.0069	0.0000	0.4938	0.0000	0.7999		
2	9	0.1758	2	0	0	1	1	0	0	0	0	N	N	N	N	N	N	N	N	N	N	N	N	0.4894	0.0000	1.5272	0.0000	0.0000	0.0000	0.4689	1.3848	0.0335	0.0000	0.2199	0.0000	0.0000	0.0000	0.0473	0.0000	0.2377	0.0685	0.0008	0.1440	0.0044	0.0017	0.0127	0.1009	0.0000	0.1717	inf	162.1980	0.0000	0.0011	6.6608	0.0046	8.9996	1.9974	0.0000	0.0000	0.0000	0.0000	0.0000	0.0000	0.0000	0.0000	0.0000	0.0065	0.0000	0.0065	0.0001	0.0000	0.0001	0.0064	0.0000	0.0064	0.0012	0.0010	0.0002	0.0003	0.0003	0.0000	0.0008	0.0007	0.0002	0.0953	0.0502	0.0451	0.0320	0.0241	0.0079	0.0633	0.0261	0.0372	0.4894	0.0000	1.5272	0.0000	0.0000	0.0000	0.4689	0.0000	1.3848	0.0685	0.0008	0.1440	0.0044	0.0017	0.0127	0.1009	0.0000	0.1717	
2	11	0.1367	2	1	1	0	1	0	0	0	0	N	N	N	N	N	N	N	N	N	N	N	N	0.5294	0.0000	1.2012	0.0000	0.0000	0.0000	0.5976	1.2013	0.7521	0.0000	3.3176	0.0000	0.0000	0.0000	0.9871	0.0000	3.3379	1.4208	0.2869	2.7619	0.7243	0.7545	0.1624	1.6517	0.0000	2.7785	inf	11.2479	0.1775	0.0483	6.6608	1.6609	8.9996	2.6354	0.4367	0.0000	0.4367	0.0000	0.0000	0.0000	0.4367	0.0000	0.4367	0.5262	0.0430	0.4832	0.0431	0.0430	0.0002	0.4830	0.0000	0.4830	0.5806	0.4490	0.1316	0.1382	0.1374	0.0008	0.4424	0.3116	0.1308	0.3703	0.1954	0.1750	0.0779	0.0768	0.0011	0.2924	0.1186	0.1738	0.5294	0.0000	1.2012	0.0000	0.0000	0.0000	0.5976	0.0000	1.2013	1.4208	0.2199	2.7619	0.5539	0.5596	0.1624	1.6517	0.0000	2.7785	
2	16	0.1324	2	0	1	0	1	0	0	0	0	N	N	N	N	N	N	N	N	N	N	N	N	7.3547	119.9774	0.0000	30.3440	48.2430	0.0000	4.1993	inf	0.0000	1.0143	1.2751	0.0000	1.7635	1.8401	0.0000	0.6302	0.8852	0.0000	0.1379	0.0106	0.2402	0.0581	0.0381	0.3631	0.1501	0.0000	0.2384	0.0000	28.1269	-0.3860	0.0059	6.6608	1.9870	8.9996	4.1092	0.6505	0.6505	0.0000	0.3833	0.3833	0.0000	0.2672	0.2672	0.0000	0.0425	0.0015	0.0411	0.0024	0.0015	0.0009	0.0401	0.0000	0.0401	0.6413	0.5101	0.1311	0.2173	0.2083	0.0090	0.4239	0.3018	0.1221	0.3082	0.1373	0.1709	0.0408	0.0383	0.0025	0.2675	0.0991	0.1684	7.3547	119.9774	0.0000	30.3440	48.2430	0.0000	4.1993	inf	0.0000	0.1379	0.0106	0.2402	0.0581	0.0381	0.3631	0.1501	0.0000	0.2384
2	18	0.1480	2	1	1	0	1	0	0	0	0	N	N	N	N	N	N	N	N	N	N	N	N	0.0415	0.3584	0.1672	0.3783	0.3471	inf	0.0505	0.2106	0.0136	0.0010	0.1083	0.0027	0.0025	0.0056	0.0205	0.0000	0.1367	0.3284	0.0028	0.6480	0.0070	0.0071	0.0000	0.4071	0.0000	0.6490	14.4310	236.0896	0.0010	0.0124	6.6608	1.0070	8.9996	4.1063	0.0029	0.0002	0.0027	0.0002	0.0002	0.0000	0.0026	0.0000	0.0026	0.0735	0.0003	0.0732	0.0003	0.0003	0.0000	0.0732	0.0000	0.0732	0.2093	0.1847	0.0246	0.0808	0.0754	0.0053	0.1285	0.1092	0.0193	0.2238	0.1109	0.1129	0.0441	0.0439	0.0002	0.1798	0.0670	0.1128	0.0415	0.3584	0.1672	0.3783	0.3471	inf	0.0505	0.0000	0.2106	0.3284	0.0028	0.6480	0.0070	0.0071	0.0000	0.4071	0.0000	0.6490	
2	21	0.1417	2	1	0	1	1	0	0	0	0	N	N	N	N	N	N	N	N	N	N	N	N	0.5306	0.0000	inf	0.0000	0.0000	inf	inf	0.0025	0.0000	0.0166	0.0000	0.0000	0.0000	0.0027	0.0000	0.0168	0.0048	0.0112	0.0000	0.1078	0.1095	0.0000	0.0000	0.0000	0.0000	inf	0.0000	0.0002	-0.0009	6.6608	1.0018	8.9996	3.0659	0.0005	0.0000	0.0005	0.0000	0.0000	0.0000	0.0005	0.0000	0.0005	0.0011	0.0011	0.0000	0.0011	0.0011	0.0000	0.0000	0.0000	0.0000	0.2083	0.1765	0.0318	0.0100	0.0097	0.0003	0.1983	0.1668	0.0315	0.2341	0.0997	0.1344	0.0104	0.0102	0.0002	0.2237	0.0894	0.1343	0.5306	0.0000	inf	0.0000	0.0000	0.0000	inf	0.0000	inf	0.0048	0.0112	0.0000	0.1078	0.1095	0.0000	0.0000	0.0000	0.0000		
2	26	0.1279	2	1	1	0	1	0	0	0	0	N	N	N	N	N	N	N	N	N	N	N	N	0.0000	0.0000	0.0000	0.0000	0.0000	0.0000	0.0000	0.0000	0.0000	0.0000	0.0000	0.0000	0.0000	0.0000	0.0000	0.0000	0.0000	0.0000	0.0000	0.0000	6.6608	0.0026	8.9996	0.9906	0.0000	0.0000	0.0000	0.0000	0.0000	0.0000	0.0000	0.0000	0.0000	0.0000	0.0000	0.0000	0.0000	0.0000	0.0000	0.0000	0.0000	0.0000	0.5052	0.3943	0.1109	0.2541	0.2539	0.0003	0.2510	0.1404	0.1106	0.2967	0.1547	0.1420	0.1239	0.1238	0.0001	0.1728	0.0309	0.1420	0.0000	0.0000	0.0000	0.0000	0.0000	0.0000	0.0000	0.0000	0.0000	0.0000	0.0000	0.0000	0.0000	0.0000	0.0000	0.0000	0.0000	0.0000											
2	31	0.1722	2	1	1	0	1	0	0	0	0	N	N	N	N	N	N	N	N	N	N	N	N	0.0003	0.0002	0.0000	0.0003	0.0003	0.0000	0.0000	0.0000	0.0005	0.0005	0.0000	0.0011	0.0012	0.0000	0.0000	0.0000	0.0000	1.5276	2.9471	0.0254	4.2803	4.3538	0.0977	0.0182	0.0000	0.0245	0.0000	0.0082	-0.0000	-0.2094	6.6608	0.1965	8.9996	2.3074	0.0000	0.0000	0.0000	0.0000	0.0000	0.0000	0.0000	0.0000	0.0000	0.2558	0.2537	0.0021	0.2538	0.2537	0.0001	0.0020	0.0000	0.0020	0.0583	0.0531	0.0052	0.0235	0.0225	0.0010	0.0347	0.0306	0.0041	0.1674	0.0861	0.0813	0.0593	0.0583	0.0010	0.1081	0.0278	0.0803	0.0003	0.0002	0.0000	0.0003	0.0003	0.0000	0.0000	0.0000	0.0000	1.5276	2.9471	0.0254	4.2803	4.3538	0.0977	0.0182	0.0000	0.0245	
2	34	0.1832	2	0	0	1	1	0	0	0	0	N	N	N	N	N	N	N	N	N	N	N	N	0.1118	0.8980	0.4213	0.5404	1.2448	0.0799	0.1253	0.4873	0.1242	0.0007	0.9388	0.0021	0.0018	0.0069	0.1946	0.0000	1.1033	1.1112	0.0008	2.2285	0.0039	0.0015	0.0863	1.5522	0.0000	2.2640	196.1524	2740.2612	0.0412	0.1043	6.6608	3.8106	8.9996	5.1657	0.1025	0.0005	0.1020	0.0006	0.0005	0.0001	0.1019	0.0000	0.1019	0.6031	0.0002	0.6029	0.0006	0.0002	0.0004	0.6025	0.0000	0.6025	0.8252	0.7165	0.1086	0.3015	0.2852	0.0163	0.5237	0.4313	0.0923	0.5427	0.2722	0.2705	0.1546	0.1502	0.0044	0.3881	0.1220	0.2661	0.1118	0.8980	0.4213	0.5404	1.2448	0.0799	0.1253	0.0000	0.4873	1.1112	0.0008	2.2285	0.0039	0.0015	0.0863	1.5522	0.0000	2.2640	
2	37	0.1645	3	1	0	1	1	0	0	0	0	N	N	N	N	N	N	N	N	N	N	N	N	0.1477	110.2426	0.0000	53.1044	131.7097	0.0000	0.0000	0.0000	0.3166	0.4008	0.0000	1.5524	1.5647	0.0000	0.0000	0.0000	0.0000	2.1427	0.0036	3.9474	0.0292	0.0119	0.3774	2.5069	0.0000	3.9939	0.0000	1287.0334	-0.1329	0.1601	6.6608	2.3426	8.9996	5.0131	0.2240	0.2240	0.0000	0.2240	0.2240	0.0000	0.0000	0.0000	0.0000	0.9274	0.0007	0.9267	0.0019	0.0007	0.0011	0.9255	0.0000	0.9255	0.7075	0.5589	0.1487	0.1443	0.1431	0.0011	0.5633	0.4157	0.1475	0.4328	0.1981	0.2348	0.0636	0.0606	0.0030	0.3692	0.1375	0.2317	0.1477	110.2426	0.0000	53.1044	131.7097	0.0000	0.0000	0.0000	0.0000	2.1427	0.0036	3.9474	0.0292	0.0119	0.3774	2.5069	0.0000	3.9939	
2	38	0.1367	2	1	0	1	1	0	0	0	0	N	N	N	N	N	N	N	N	N	N	N	N	0.2537	0.6766	0.3269	0.9695	0.9691	0.0000	0.1414	0.0000	0.3273	0.4076	0.2575	0.9784	1.0271	1.0354	0.0000	0.2542	0.0000	0.9860	1.6067	0.3805	2.9934	1.0594	1.0685	0.1349	1.7971	0.7768	3.0123	0.9993	8.9222	-0.0277	0.0465	6.6608	2.4564	8.9996	2.5086	0.2962	0.1481	0.1480	0.1481	0.1481	0.0000	0.1480	0.0000	0.1480	0.6413	0.0646	0.5766	0.0636	0.0635	0.0002	0.5776	0.0012	0.5765	0.7267	0.5754	0.1513	0.1442	0.1431	0.0012	0.5824	0.4323	0.1501	0.3991	0.2065	0.1926	0.0777	0.0764	0.0013	0.3214	0.1300	0.1914	0.2537	0.8226	0.3269	1.2544	1.2473	0.0000	0.1414	0.0000	0.3273	1.6067	0.3130	2.9934	0.8188	0.8301	0.1349	1.7971	0.0090	3.0123
2	41	0.1344	2	1	0	1	1	0	0	0	0	N	N	N	N	N	N	N	N	N	N	N	N	0.0027	0.6331	0.0000	1.2872	1.3160	0.0000	0.0000	0.0010	0.0012	0.0000	0.0088	0.0090	0.0000	0.0000	0.0000	0.0000	0.3896	0.0019	0.7311	0.0068	0.0069	0.0000	0.4481	0.0000	0.7319	0.0000	428.9906	-0.0003	0.0287	6.6608	1.9694	8.9996	5.1440	0.0005	0.0005	0.0000	0.0005	0.0005	0.0000	0.0000	0.0000	0.0000	0.1677	0.0004	0.1673	0.0004	0.0004	0.0000	0.1673	0.0000	0.1673	0.4490	0.3831	0.0659	0.0533	0.0519	0.0014	0.3957	0.3312	0.0645	0.4305	0.2016	0.2288	0.0571	0.0568	0.0003	0.3734	0.1448	0.2286	0.0027	0.6331	0.0000	1.2872	1.3160	0.0000	0.0000	0.0000	0.0000	0.3896	0.0019	0.7311	0.0068	0.0069	0.0000	0.4481	0.0000	0.7319		
2	45	0.1367	2	1	1	1	1	0	0	0	0	N	N	N	N	N	N	N	N	N	N	N	N	0.1428	0.2634	0.0000	0.2465	0.2420	0.0000	0.0000	0.4315	0.5657	0.0002	1.6515	1.6594	0.0000	0.0001	0.0000	0.0002	3.0223	2.1478	3.8750	6.6997	6.8575	0.0000	2.3309	0.0000	3.9031	0.0001	1.8504	-0.1330	-0.2615	6.6608	1.3391	8.9996	5.8433	0.2241	0.2241	0.0000	0.2241	0.2241	0.0000	0.0000	0.0000	0.0000	1.4736	0.5170	0.9566	0.5170	0.5170	0.0000	0.9566	0.0000	0.9566	0.5194	0.3961	0.1233	0.1357	0.1350	0.0007	0.3837	0.2611	0.1226	0.4876	0.2407	0.2469	0.0772	0.0754	0.0018	0.4104	0.1653	0.2451	0.1428	0.2634	0.0000	0.2465	0.2420	0.0000	0.0000	0.0000	0.0000	3.0223	2.1478	3.8750	6.6997	6.8575	0.0000	2.3309	0.0000	3.9031		
2	47	0.1417	2	1	1	1	1	0	0	0	0	N	N	N	N	N	N	N	N	N	N	N	N	0.1894	0.0000	inf	0.0000	0.0000	inf	inf	0.0009	0.0000	0.0061	0.0000	0.0000	0.0000	0.0010	0.0000	0.0061	0.0048	0.0113	0.0000	0.1079	0.1095	0.0000	0.0000	0.0000	0.0000	inf	0.0000	0.0002	-0.0009	6.6608	3.0001	8.9996	1.0598	0.0005	0.0000	0.0005	0.0000	0.0000	0.0000	0.0005	0.0000	0.0005	0.0011	0.0011	0.0000	0.0011	0.0011	0.0000	0.0000	0.0000	0.0000	0.5827	0.4958	0.0869	0.0275	0.0267	0.0008	0.5552	0.4691	0.0861	0.2337	0.0995	0.1342	0.0104	0.0102	0.0002	0.2233	0.0893	0.1341	0.1894	0.0000	inf	0.0000	0.0000	0.0000	inf	0.0000	inf	0.0048	0.0113	0.0000	0.1079	0.1095	0.0000	0.0000	0.0000	0.0000		
2	51	0.1324	2	0	1	1	1	0	0	0	0	N	N	N	N	N	N	N	N	N	N	N	N	2.2891	0.0000	6.6745	0.7959	0.0000	2.5093	2.9263	6.9472	0.3904	0.0000	2.0095	0.0514	0.0000	1.1774	0.5526	0.0000	2.0747	0.1705	0.0129	0.3011	0.0646	0.0420	0.4692	0.1888	0.0000	0.2986	inf	28.1269	0.1134	0.0059	6.6608	2.4249	8.9996	2.1457	0.2791	0.0000	0.2791	0.0119	0.0000	0.0119	0.2672	0.0000	0.2672	0.0425	0.0015	0.0411	0.0024	0.0015	0.0009	0.0401	0.0000	0.0401	0.7148	0.5760	0.1389	0.2314	0.2213	0.0101	0.4835	0.3547	0.1288	0.2493	0.1129	0.1363	0.0367	0.0348	0.0019	0.2126	0.0782	0.1344	2.2891	0.0000	6.6745	0.7959	0.0000	2.5093	2.9263	0.0000	6.9472	0.1705	0.0129	0.3011	0.0646	0.0420	0.4692	0.1888	0.0000	0.2986	
2	54	0.1480	2	1	1	0	1	0	0	0	0	N	N	N	N	N	N	N	N	N	N	N	N	0.0191	0.1659	0.0768	0.1925	0.1768	inf	0.0225	0.0963	0.0071	0.0005	0.0567	0.0014	0.0013	0.0030	0.0106	0.0000	0.0712	0.3729	0.0032	0.7388	0.0074	0.0074	0.0000	0.4719	0.0000	0.7399	14.4310	236.0896	0.0010	0.0124	6.6608	2.0079	8.9996	2.2027	0.0029	0.0002	0.0027	0.0002	0.0002	0.0000	0.0026	0.0000	0.0026	0.0735	0.0003	0.0732	0.0003	0.0003	0.0000	0.0732	0.0000	0.0732	0.3999	0.3528	0.0471	0.1515	0.1415	0.0100	0.2484	0.2114	0.0371	0.1971	0.0981	0.0991	0.0420	0.0419	0.0001	0.1551	0.0562	0.0989	0.0191	0.1659	0.0768	0.1925	0.1768	inf	0.0225	0.0000	0.0963	0.3729	0.0032	0.7388	0.0074	0.0074	0.0000	0.4719	0.0000	0.7399	
2	63	0.1758	2	0	0	1	1	0	0	0	0	N	N	N	N	N	N	N	N	N	N	N	N	0.0016	0.0000	0.0051	0.0000	0.0000	0.0000	0.0014	0.0047	0.0002	0.0000	0.0013	0.0000	0.0000	0.0000	0.0003	0.0000	0.0015	0.1234	0.0014	0.2611	0.0076	0.0028	0.0237	0.1848	0.0000	0.3097	inf	162.1980	0.0000	0.0011	6.6608	0.9961	8.9996	0.0337	0.0000	0.0000	0.0000	0.0000	0.0000	0.0000	0.0000	0.0000	0.0000	0.0065	0.0000	0.0065	0.0001	0.0000	0.0001	0.0064	0.0000	0.0064	0.1983	0.1684	0.0299	0.0460	0.0434	0.0026	0.1523	0.1250	0.0273	0.0529	0.0281	0.0248	0.0183	0.0141	0.0042	0.0346	0.0139	0.0206	0.0016	0.0000	0.0051	0.0000	0.0000	0.0000	0.0014	0.0000	0.0047	0.1234	0.0014	0.2611	0.0076	0.0028	0.0237	0.1848	0.0000	0.3097	
2	69	0.1279	2	0	1	0	1	0	0	0	0	N	N	N	N	N	N	N	N	N	N	N	N	0.1133	4.9203	0.0000	6.7018	6.7921	0.0000	0.0000	0.1380	0.1661	0.0000	0.5047	0.5127	0.0000	0.0000	0.0000	0.0000	1.2181	0.0338	2.2968	0.0753	0.0755	0.0000	1.5287	0.0000	2.2990	0.0000	74.6781	-0.0824	0.1002	6.6608	3.0720	8.9996	3.7333	0.1389	0.1389	0.0000	0.1389	0.1389	0.0000	0.0000	0.0000	0.0000	0.6259	0.0083	0.6176	0.0083	0.0083	0.0000	0.6176	0.0000	0.6176	1.0061	0.8357	0.1704	0.2751	0.2708	0.0043	0.7310	0.5649	0.1661	0.5138	0.2449	0.2689	0.1098	0.1095	0.0003	0.4040	0.1354	0.2686	0.1133	4.9203	0.0000	6.7018	6.7921	0.0000	0.0000	0.0000	0.0000	1.2181	0.0338	2.2968	0.0753	0.0755	0.0000	1.5287	0.0000	2.2990		
2	75	0.1722	2	0	1	0	1	0	0	0	0	N	N	N	N	N	N	N	N	N	N	N	N	0.0002	5.0367	0.0000	1.1324	6.8279	0.0000	0.0000	0.0000	0.0013	0.0013	0.0000	0.0024	0.0025	0.0000	0.0000	0.0000	0.0000	5.1144	0.0003	15.1851	0.0021	0.0004	0.1378	8.2818	0.0000	15.5007	0.0000	37396.0840	-0.0000	0.1296	6.6608	0.0009	8.9996	1.7419	0.0000	0.0000	0.0000	0.0000	0.0000	0.0000	0.0000	0.0000	0.0000	0.7479	0.0000	0.7479	0.0001	0.0000	0.0001	0.7478	0.0000	0.7478	0.0207	0.0201	0.0007	0.0109	0.0107	0.0002	0.0099	0.0094	0.0005	0.1462	0.0765	0.0697	0.0559	0.0552	0.0007	0.0903	0.0213	0.0690	0.0002	5.0367	0.0000	1.1324	6.8279	0.0000	0.0000	0.0000	0.0000	5.1144	0.0003	10.7259	0.0021	0.0004	0.1378	8.2818	0.0000	10.8373	
3	4	0.1958	4	1	1	1	0	0	0	0	0	N	N	N	N	N	N	N	N	N	N	N	N	4.2176	2.0850	0.0000	2.3693	2.5434	0.0000	1.7656	7.4116	0.0000	0.7193	0.8301	0.0000	1.9486	2.0616	0.0000	0.0019	0.0023	0.0000	0.1706	0.3981	0.0017	0.8225	0.8106	0.0251	0.0011	0.0003	0.0016	0.0000	0.0049	-0.3923	-0.0606	4.6627	6.2094	3.3142	5.8243	0.6610	0.6610	0.0000	0.6599	0.6599	0.0000	0.0011	0.0011	0.0000	0.0738	0.0734	0.0004	0.0735	0.0734	0.0000	0.0003	0.0000	0.0003	0.9188	0.7963	0.1226	0.3386	0.3201	0.0186	0.5802	0.4762	0.1040	0.4327	0.2245	0.2082	0.1182	0.1173	0.0009	0.3145	0.1072	0.2073	4.2176	2.5375	0.0000	3.1357	3.2930	0.0000	1.7656	12864.9439	0.0000	0.1706	0.3271	0.0017	0.6214	0.6261	0.0251	0.0011	0.0000	0.0016
3	5	0.1958	4	1	0	2	1	0	0	0	0	N	N	Y	N	N	N	N	N	N	N	N	N	0.0159	0.0000	0.0576	0.2417	0.0000	0.2398	0.0164	0.0000	0.0616	0.0021	0.0000	0.0156	0.0005	0.0000	0.0094	0.0031	0.0000	0.0167	0.1302	0.0011	0.2708	0.0021	0.0018	0.0393	0.1868	0.0001	0.2716	inf	230.2898	0.0005	0.0085	4.6627	3.4322	3.3142	5.0828	0.0012	0.0000	0.0012	0.0001	0.0000	0.0001	0.0011	0.0000	0.0011	0.0500	0.0002	0.0498	0.0002	0.0002	0.0000	0.0498	0.0000	0.0498	0.5839	0.5063	0.0775	0.2255	0.2136	0.0119	0.3584	0.2928	0.0656	0.3841	0.2002	0.1839	0.1176	0.1170	0.0007	0.2664	0.0832	0.1832	0.0159	0.0000	0.0576	0.2417	0.0000	0.2398	0.0164	0.0000	0.0616	0.1302	0.0011	0.2708	0.0021	0.0018	0.0393	0.1868	0.0000	0.2716
3	6	0.1471	4	2	1	1	0	0	0	0	0	Y	N	N	N	N	N	N	N	N	N	N	N	0.0008	0.0116	0.0000	0.0240	0.0242	0.0000	0.0000	0.0000	0.0000	0.0024	0.0028	0.0000	0.0142	0.0146	0.0000	0.0000	0.0000	0.0000	3.0446	0.2399	5.9809	0.5936	0.6023	0.2959	4.0555	0.0010	6.0403	0.0000	43.2122	-0.0003	0.1386	4.6627	1.0478	3.3142	5.1610	0.0005	0.0005	0.0000	0.0005	0.0005	0.0000	0.0000	0.0000	0.0000	0.9193	0.0208	0.8985	0.0213	0.0208	0.0005	0.8980	0.0000	0.8980	0.2039	0.1725	0.0315	0.0336	0.0329	0.0007	0.1703	0.1396	0.0307	0.3019	0.1517	0.1502	0.0805	0.0789	0.0016	0.2214	0.0728	0.1487	0.0008	0.0203	0.0000	0.0540	0.0553	0.0000	0.0000	0.0000	0.0000	3.0446	0.1371	5.9809	0.2640	0.2634	0.2959	4.0555	0.0000	6.0403
3	7	0.1146	3	2	1	1	1	0	0	0	0	Y	N	N	N	N	N	N	N	N	N	N	N	0.9534	0.5442	0.7731	0.7420	0.2681	0.3357	0.0000	1.5243	1.5394	0.0000	0.0000	0.0000	0.0000	0.2812	0.6168	0.0000	1.9717	2.0745	0.0000	0.0000	0.0000	0.0000	0.0000	0.0000	-0.1331	-0.1047	4.6627	4.3392	3.3142	10.9996	0.2242	0.2242	0.0000	0.2242	0.2242	0.0000	0.0000	0.0000	0.0000	0.1267	0.1267	0.0000	0.1267	0.1267	0.0000	0.0000	0.0000	0.0000	0.8365	0.6680	0.1685	0.1471	0.1457	0.0014	0.6894	0.5224	0.1670	0.4505	0.2054	0.2451	0.0642	0.0611	0.0032	0.3862	0.1443	0.2420	0.9534	0.5442	0.0000	0.7731	0.7420	0.0000	0.0000	0.0000	0.0000	0.2812	0.6168	0.0000	1.9717	2.0745	0.0000	0.0000	0.0000	0.0000					
3	8	0.1146	3	2	0	2	0	0	0	0	0	Y	N	Y	N	N	N	N	N	N	N	N	N	0.9443	0.5360	2.5562	0.7552	0.7290	0.0325	0.9842	2.5468	2.6542	0.3357	11.8483	1.5244	1.5394	0.0069	2.8953	0.0000	11.9504	2.8107	0.6262	4.6351	2.0185	2.1115	0.2134	2.9417	0.0000	4.6923	8.9009	8.8623	0.6783	0.0872	4.6627	4.3392	3.3142	9.9996	2.2202	0.2242	1.9959	0.2243	0.2242	0.0000	1.9959	0.0000	1.9959	1.2117	0.1229	1.0889	0.1235	0.1229	0.0006	1.0882	0.0000	1.0882	0.8365	0.6680	0.1685	0.1471	0.1457	0.0014	0.6894	0.5224	0.1670	0.4311	0.1962	0.2349	0.0612	0.0582	0.0030	0.3699	0.1380	0.2319	0.9443	0.5360	2.5562	0.7552	0.7290	0.0325	0.9842	0.0000	2.5468	2.8107	0.6262	4.6351	2.0185	2.1115	0.2134	2.9417	0.0000	4.6923	
3	9	0.1884	4	1	0	2	0	0	0	0	0	N	N	Y	N	N	N	N	N	N	N	N	N	10.6884	10.1089	15.0699	0.0000	0.0000	0.0000	30.9511	inf	19.7466	0.1848	0.1684	0.2712	0.0000	0.0000	0.0000	0.2678	0.2607	0.2938	0.0173	0.0167	0.0180	0.0372	0.0372	0.0370	0.0087	0.0000	0.0149	0.3055	0.9648	-0.0001	-0.0004	4.6627	0.0046	3.3142	1.9974	0.0002	0.0001	0.0000	0.0000	0.0000	0.0000	0.0002	0.0001	0.0000	0.0012	0.0006	0.0006	0.0008	0.0006	0.0002	0.0004	0.0000	0.0004	0.0009	0.0008	0.0001	0.0003	0.0003	0.0000	0.0006	0.0005	0.0001	0.0671	0.0354	0.0316	0.0203	0.0159	0.0045	0.0467	0.0196	0.0272	10.6884	10.1089	15.0699	0.0000	0.0000	0.0000	30.9511	inf	19.7466	0.0173	0.0167	0.0180	0.0372	0.0372	0.0370	0.0087	0.0000	0.0149
3	10	0.1146	3	1	0	2	0	0	0	0	0	N	N	Y	N	N	N	N	N	N	N	N	N	1.5535	0.0086	inf	0.0150	0.0144	inf	inf	0.4024	0.0049	2.1934	0.0271	0.0274	0.0000	0.4671	0.0000	2.2172	0.2591	0.5671	0.0000	1.8056	1.9011	0.0000	0.0000	0.0000	0.0000	100.1855	0.0000	0.1750	-0.1016	4.6627	6.6608	3.3142	9.9996	0.4412	0.0044	0.4368	0.0044	0.0044	0.0000	0.4368	0.0000	0.4368	0.1229	0.1229	0.0000	0.1229	0.1229	0.0000	0.0000	0.0000	0.0000	1.0962	0.8971	0.1991	0.1610	0.1588	0.0021	0.9352	0.7382	0.1970	0.4746	0.2168	0.2578	0.0681	0.0647	0.0034	0.4065	0.1521	0.2544	1.5535	0.0086	inf	0.0150	0.0144	0.0000	inf	0.0000	inf	0.2591	0.5671	0.0000	1.8056	1.9011	0.0000	0.0000	0.0000	0.0000		
3	11	0.0799	2	2	1	1	0	0	0	0	0	Y	N	N	N	N	N	N	N	N	N	N	N	7.0628	0.0000	17.3900	0.0000	0.0000	0.0000	9.1925	17.6551	0.8807	0.0000	3.5010	0.0000	0.0000	0.0000	1.1794	0.0000	3.5093	0.1247	0.1190	0.2013	0.1161	0.1113	0.7384	0.1283	0.0000	0.1988	inf	2.8200	0.1776	-0.0035	4.6627	1.6609	3.3142	2.6354	0.4369	0.0000	0.4369	0.0000	0.0000	0.0000	0.4369	0.0000	0.4369	0.0398	0.0104	0.0294	0.0110	0.0104	0.0006	0.0288	0.0000	0.0288	0.4961	0.3713	0.1248	0.1256	0.1253	0.0003	0.3704	0.2459	0.1245	0.3190	0.1731	0.1458	0.0945	0.0935	0.0009	0.2245	0.0796	0.1449	7.0628	0.0000	17.3900	0.0000	0.0000	0.0000	9.1925	0.0000	17.6551	0.1247	0.0601	0.2013	0.1161	0.1113	0.5941	0.1283	0.0000	0.1988	
3	12	0.1146	3	1	0	2	1	0	0	0	0	N	N	Y	N	N	N	N	N	N	N	N	N	0.6860	0.3818	0.6468	0.6235	0.2111	0.2586	0.0000	1.4093	1.4276	0.0000	0.0000	0.0000	0.0000	0.3077	0.6773	0.0000	2.1787	2.2897	0.0000	0.0000	0.0000	0.0000	0.0000	0.0000	-0.1331	-0.1045	4.6627	6.3392	3.3142	6.9996	0.2242	0.2242	0.0000	0.2242	0.2242	0.0000	0.0000	0.0000	0.0000	0.1264	0.1264	0.0000	0.1264	0.1264	0.0000	0.0000	0.0000	0.0000	1.0624	0.8671	0.1953	0.1591	0.1571	0.0020	0.9032	0.7100	0.1932	0.4107	0.1866	0.2241	0.0580	0.0552	0.0028	0.3527	0.1314	0.2213	0.6860	0.3818	0.0000	0.6468	0.6235	0.0000	0.0000	0.0000	0.0000	0.3077	0.6773	0.0000	2.1787	2.2897	0.0000	0.0000	0.0000	0.0000					
3	13	0.1146	3	1	1	1	0	0	0	0	0	N	N	N	N	N	N	N	N	N	N	N	N	0.5269	0.0000	1.6344	0.0008	0.0000	0.0070	0.5270	1.6345	1.1993	0.0000	6.8224	0.0001	0.0000	0.0041	1.3931	0.0000	6.9019	2.2762	0.0149	4.1742	0.0745	0.0501	0.5904	2.6437	0.0000	4.2225	inf	333.0331	0.5839	0.1795	4.6627	7.6608	3.3142	8.3397	1.4363	0.0000	1.4363	0.0000	0.0000	0.0000	1.4362	0.0000	1.4362	1.0533	0.0032	1.0502	0.0049	0.0032	0.0018	1.0484	0.0000	1.0484	1.1976	0.9871	0.2105	0.1667	0.1642	0.0024	1.0310	0.8229	0.2081	0.4628	0.2112	0.2516	0.0662	0.0629	0.0033	0.3966	0.1483	0.2483	0.5269	0.0000	1.6344	0.0008	0.0000	0.0076	0.5270	0.0000	1.6345	2.2762	0.0149	4.1742	0.0745	0.0501	0.5392	2.6437	0.0000	4.2225	
3	14	0.1146	3	1	0	1	1	0	0	0	0	N	N	N	N	N	N	N	N	N	N	N	N	0.4693	2.3458	0.0000	0.6689	0.6471	0.0000	0.4422	inf	0.0000	1.2835	1.5875	0.0000	1.4636	1.4805	0.0000	1.2490	1.6137	0.0000	2.7346	0.6767	4.4481	2.1880	2.2879	0.2275	2.8245	0.0000	4.5018	0.0000	7.8939	-0.7258	0.0684	4.6627	5.3392	3.3142	7.9996	1.2229	1.2229	0.0000	0.2242	0.2242	0.0000	0.9987	0.9987	0.0000	1.1231	0.1263	0.9968	0.1269	0.1263	0.0006	0.9962	0.0000	0.9962	0.9528	0.7704	0.1825	0.1532	0.1515	0.0017	0.7996	0.6189	0.1807	0.4107	0.1866	0.2241	0.0580	0.0552	0.0028	0.3527	0.1314	0.2213	0.4693	2.3458	0.0000	0.6689	0.6471	0.0000	0.4422	inf	0.0000	2.7346	0.6767	4.4481	2.1880	2.2879	0.2275	2.8245	0.0000	4.5018
3	15	0.1146	3	1	1	1	1	0	0	0	0	N	N	N	N	N	N	N	N	N	N	N	N	0.2079	0.0000	10638.5984	0.0000	0.0000	0.2179	0.0000	10598.5944	0.4994	0.0000	2.5234	0.0000	0.0000	0.0000	0.6020	0.0000	2.5460	2.4024	5.2846	0.0002	0.5217	0.5364	0.0000	2.7624	7.4109	0.0002	inf	0.0001	0.1776	-0.8289	4.6627	4.6608	3.3142	9.0004	0.4368	0.0000	0.4368	0.0000	0.0000	0.0000	0.4368	0.0000	0.4368	1.0028	1.0027	0.0001	0.0128	0.0128	0.0000	0.9899	0.9899	0.0001	0.8747	0.7016	0.1731	0.1491	0.1476	0.0015	0.7256	0.5540	0.1716	0.4174	0.1897	0.2277	0.0590	0.0562	0.0029	0.3583	0.1336	0.2248	0.2079	0.0000	10638.5984	0.0000	0.0000	0.0000	0.2179	0.0000	10598.5944	2.4024	5.2846	0.0002	0.2175	0.2286	0.0000	2.7624	7.4109	0.0002	
3	16	0.1451	4	1	1	1	0	0	0	0	0	N	N	N	N	N	N	N	N	N	N	N	N	98.6665	376.4152	0.0000	127.4998	159.0046	0.0000	67.3387	4529.0439	0.0000	1.2052	1.5658	0.0000	1.9209	2.0030	0.0000	0.7851	1.1920	0.0000	0.0122	0.0042	0.0200	0.0151	0.0126	0.2883	0.0117	0.0003	0.0192	0.0000	4.9937	-0.3865	0.0000	4.6627	1.9870	3.3142	4.1092	0.6512	0.6512	0.0000	0.3839	0.3839	0.0000	0.2673	0.2673	0.0000	0.0026	0.0004	0.0022	0.0005	0.0004	0.0001	0.0021	0.0000	0.0021	0.5403	0.4159	0.1244	0.1998	0.1917	0.0082	0.3404	0.2242	0.1162	0.2161	0.1059	0.1102	0.0353	0.0350	0.0003	0.1808	0.0709	0.1099	98.6665	376.4152	0.0000	127.4998	159.0046	0.0000	67.3387	6985570.4638	0.0000	0.0122	0.0042	0.0200	0.0151	0.0126	0.2883	0.0117	0.0000	0.0192
3	17	0.1146	3	1	1	1	1	0	0	0	0	N	N	N	N	N	N	N	N	N	N	N	N	0.4192	2.0585	0.0000	0.7250	0.7027	0.0000	0.3819	inf	0.0000	0.9681	1.1697	0.0000	1.3159	1.3364	0.0000	0.9139	1.1379	0.0000	2.3096	0.5682	3.7770	1.8149	1.9019	0.1809	2.3928	0.0000	3.8259	0.0000	7.8877	-0.7258	0.0683	4.6627	8.3392	3.3142	8.9996	1.2229	1.2229	0.0000	0.2242	0.2242	0.0000	0.9987	0.9987	0.0000	1.1232	0.1264	0.9968	0.1270	0.1264	0.0006	0.9962	0.0000	0.9962	1.2632	1.0455	0.2177	0.1704	0.1678	0.0026	1.0928	0.8777	0.2151	0.4863	0.2224	0.2639	0.0700	0.0664	0.0035	0.4163	0.1559	0.2604	0.4192	2.0585	0.0000	0.7250	0.7027	0.0000	0.3819	inf	0.0000	2.3096	0.5682	3.7770	1.8149	1.9019	0.1809	2.3928	0.0000	3.8259
3	18	0.1606	4	2	1	1	0	0	0	0	0	Y	N	N	N	N	N	N	N	N	N	N	N	0.1917	0.0858	0.1195	0.0890	0.0912	0.0090	0.0063	0.0000	0.1501	0.0213	0.0241	0.0000	0.0574	0.0613	0.0000	0.0000	0.0000	0.0000	0.1109	0.2804	0.0000	0.6449	0.6722	0.0001	0.0000	0.0035	0.0000	0.0000	0.0000	-0.0021	-0.0155	4.6627	1.0070	3.3142	4.1063	0.0036	0.0036	0.0000	0.0036	0.0036	0.0000	0.0000	0.0000	0.0000	0.0187	0.0187	0.0000	0.0187	0.0187	0.0000	0.0000	0.0000	0.0000	0.1671	0.1475	0.0196	0.0618	0.0579	0.0039	0.1053	0.0896	0.0156	0.1689	0.0891	0.0798	0.0570	0.0557	0.0013	0.1120	0.0334	0.0785	0.1917	0.1146	0.1195	0.1747	0.1823	0.0090	0.0063	0.0000	0.1501	0.1109	0.2101	0.0000	0.3288	0.3362	0.0001	0.0000	0.0000	0.0000
3	19	0.1146	3	1	1	1	0	0	0	0	0	N	N	N	N	N	N	N	N	N	N	N	N	0.6045	0.4823	0.0000	0.6724	0.6525	0.0000	0.0000	0.0000	0.2687	0.3364	0.0000	1.5278	1.5429	0.0000	0.0000	0.0000	0.0000	0.4445	0.6975	0.2344	2.2719	2.3645	0.4344	0.1456	0.0000	0.2319	0.0000	0.4049	-0.1334	-0.0931	4.6627	4.3392	3.3142	7.9996	0.2248	0.2248	0.0000	0.2248	0.2248	0.0000	0.0000	0.0000	0.0000	0.1730	0.1231	0.0499	0.1243	0.1231	0.0011	0.0487	0.0000	0.0487	0.8365	0.6680	0.1685	0.1471	0.1457	0.0014	0.6894	0.5224	0.1670	0.3891	0.1765	0.2126	0.0547	0.0521	0.0026	0.3345	0.1244	0.2100	0.6045	0.4823	0.0000	0.6724	0.6525	0.0000	0.0000	0.0000	0.0000	0.4445	0.6975	0.2344	2.2719	2.3645	0.4344	0.1456	0.0000	0.2319	
3	20	0.1146	3	1	0	1	1	0	0	0	0	N	N	N	N	N	N	N	N	N	N	N	N	0.1848	0.0010	10086.8249	0.3995	0.3848	0.1846	0.0000	10063.2491	0.4024	0.0049	2.1934	0.0271	0.0274	0.0000	0.4671	0.0000	2.2172	2.1781	4.7754	0.0002	0.0678	0.0713	0.0000	2.5297	6.7682	0.0002	100.1855	0.0001	0.1750	-0.8219	4.6627	6.6608	3.3142	9.0004	0.4412	0.0044	0.4368	0.0044	0.0044	0.0000	0.4368	0.0000	0.4368	0.9943	0.9943	0.0001	0.0044	0.0044	0.0000	0.9899	0.9899	0.0001	1.0962	0.8971	0.1991	0.1610	0.1588	0.0021	0.9352	0.7382	0.1970	0.4565	0.2082	0.2483	0.0652	0.0620	0.0032	0.3913	0.1463	0.2451	0.1848	0.0010	10086.8249	0.3995	0.3848	0.0000	0.1846	0.0000	10063.2491	2.1781	4.7754	0.0002	0.0678	0.0713	0.0000	2.5297	6.7682	0.0002	
3	21	0.1543	4	2	0	2	0	0	0	0	0	Y	N	Y	N	N	N	N	N	N	N	N	N	1.9473	0.0000	14.2616	0.0000	0.0000	0.0000	3.7460	0.0000	14.3470	0.0033	0.0000	0.0213	0.0000	0.0000	0.0000	0.0036	0.0000	0.0216	0.0017	0.0019	0.0015	0.0053	0.0055	0.0003	0.0009	0.0010	0.0015	inf	0.8777	0.0002	-0.0001	4.6627	1.0018	3.3142	3.0659	0.0005	0.0000	0.0005	0.0000	0.0000	0.0000	0.0005	0.0000	0.0005	0.0003	0.0001	0.0001	0.0001	0.0001	0.0000	0.0001	0.0000	0.0001	0.1606	0.1357	0.0249	0.0118	0.0115	0.0004	0.1487	0.1243	0.0245	0.1640	0.0771	0.0869	0.0277	0.0267	0.0010	0.1363	0.0504	0.0859	1.9473	0.0000	14.2616	0.0000	0.0000	0.0000	3.7460	0.0000	14.3470	0.0017	0.0019	0.0015	0.0053	0.0055	0.0003	0.0009	0.0000	0.0015
3	22	0.1146	3	1	1	1	0	0	0	0	0	N	N	N	N	N	N	N	N	N	N	N	N	0.5985	2.3930	0.5263	0.0000	0.0000	0.0000	0.7062	inf	0.5247	1.9054	1.6779	2.7613	0.0000	0.0000	0.0000	2.3513	2.2019	2.7829	3.1836	0.7012	5.2462	2.2925	2.3749	0.8617	3.3295	0.0000	5.3038	0.4374	9.0045	-0.4151	0.0926	4.6627	3.6608	3.3142	8.9996	1.4355	0.9987	0.4368	0.0000	0.0000	0.0000	1.4355	0.9987	0.4368	1.2613	0.1261	1.1353	0.1279	0.1261	0.0018	1.1335	0.0000	1.1335	0.7534	0.5952	0.1582	0.1429	0.1416	0.0012	0.6105	0.4536	0.1570	0.3962	0.1798	0.2164	0.0558	0.0531	0.0027	0.3404	0.1267	0.2137	0.5985	2.3930	0.5263	0.0000	0.0000	0.0000	0.7062	inf	0.5247	3.1836	0.7012	5.2462	2.2925	2.3749	0.6629	3.3295	0.0000	5.3038
3	23	0.1146	3	1	1	1	0	0	0	0	0	N	N	N	N	N	N	N	N	N	N	N	N	0.8194	0.2878	9.1038	0.6526	0.6331	0.0000	0.8548	0.2388	9.1443	2.6556	1.8306	5.9271	1.5243	1.5394	0.0000	2.8971	1.9119	5.9783	3.2409	6.3609	0.6511	2.3356	2.4314	0.4344	3.3890	8.0050	0.6538	0.8165	0.1233	-0.3199	-0.9041	4.6627	4.3392	3.3142	7.9996	2.2214	1.2229	0.9985	0.2242	0.2242	0.0000	1.9972	0.9987	0.9985	1.2612	1.1228	0.1384	0.1277	0.1266	0.0011	1.1335	0.9962	0.1373	0.8365	0.6680	0.1685	0.1471	0.1457	0.0014	0.6894	0.5224	0.1670	0.3891	0.1765	0.2126	0.0547	0.0521	0.0026	0.3345	0.1244	0.2100	0.8194	0.2878	9.1038	0.6526	0.6331	0.0000	0.8548	0.2388	9.1443	3.2409	6.3609	0.6511	2.3356	2.4314	0.4344	3.3890	8.0050	0.6538
3	24	0.1146	3	2	1	1	0	0	0	0	0	Y	N	N	N	N	N	N	N	N	N	N	N	0.6525	0.3750	0.4570	0.4393	0.3146	0.4007	0.0000	1.5924	1.6052	0.0000	0.0000	0.0000	0.0000	0.4822	1.0685	0.0000	3.4846	3.6540	0.0000	0.0000	0.0000	0.0000	0.0000	0.0000	-0.1331	-0.1264	4.6627	3.3392	3.3142	5.9996	0.2242	0.2242	0.0000	0.2242	0.2242	0.0000	0.0000	0.0000	0.0000	0.1529	0.1529	0.0000	0.1529	0.1529	0.0000	0.0000	0.0000	0.0000	0.7127	0.5597	0.1531	0.1408	0.1397	0.0011	0.5719	0.4200	0.1520	0.3172	0.1431	0.1740	0.0439	0.0419	0.0020	0.2733	0.1013	0.1720	0.6525	0.3750	0.0000	0.4570	0.4393	0.0000	0.0000	0.0000	0.0000	0.4822	1.0685	0.0000	3.4846	3.6540	0.0000	0.0000	0.0000	0.0000					
3	25	0.1146	3	1	1	1	0	0	0	0	0	N	N	N	N	N	N	N	N	N	N	N	N	0.5938	2.3447	0.5519	0.0000	0.0000	0.0000	0.6830	inf	0.5505	1.6412	1.4235	2.5234	0.0000	0.0000	0.0000	1.9784	1.8026	2.5460	2.7637	0.6071	4.5720	1.9661	2.0402	0.6105	2.8966	0.0000	4.6252	0.4374	8.9810	-0.4151	0.0923	4.6627	4.6608	3.3142	10.9996	1.4355	0.9987	0.4368	0.0000	0.0000	0.0000	1.4355	0.9987	0.4368	1.2617	0.1264	1.1353	0.1282	0.1264	0.0018	1.1335	0.0000	1.1335	0.8747	0.7016	0.1731	0.1491	0.1476	0.0015	0.7256	0.5540	0.1716	0.4565	0.2082	0.2483	0.0652	0.0620	0.0032	0.3913	0.1462	0.2451	0.5938	2.3447	0.5519	0.0000	0.0000	0.0000	0.6830	inf	0.5505	2.7637	0.6071	4.5720	1.9661	2.0402	0.5494	2.8966	0.0000	4.6252
3	26	0.1405	4	2	1	1	0	0	0	0	0	Y	N	N	N	N	N	N	N	N	N	N	N	0.0000	0.0000	0.0000	0.0000	0.0000	0.0000	0.0000	0.0000	0.0000	0.0000	0.0000	0.0000	0.0000	0.0000	0.0000	0.0000	0.0000	3.9052	7.5266	0.0000	0.0120	0.0121	0.0000	7.1289	57.6070	0.0000	0.0000	0.0000	-0.8091	4.6627	0.0026	3.3142	0.9906	0.0000	0.0000	0.0000	0.0000	0.0000	0.0000	0.0000	0.0000	0.0000	0.9788	0.9788	0.0000	0.0014	0.0014	0.0000	0.9774	0.9774	0.0000	0.4180	0.3133	0.1046	0.2101	0.2099	0.0002	0.2078	0.1034	0.1044	0.2506	0.1300	0.1206	0.1135	0.1131	0.0005	0.1371	0.0170	0.1201	0.0000	0.0000	0.0000	0.0000	0.0000	0.0000	0.0000	0.0000	0.0000	3.9052	7.5266	0.0000	0.0120	0.0121	0.0000	7.1289	57.6070	0.0000		
3	27	0.1146	3	1	1	1	0	0	0	0	0	N	N	N	N	N	N	N	N	N	N	N	N	0.5845	0.0000	1.6201	0.0000	0.0000	0.0000	0.6087	1.6174	1.6412	0.0000	8.2926	0.0000	0.0000	0.0000	1.9784	0.0000	8.3670	2.8078	0.0182	5.1186	0.0930	0.0620	0.9218	3.2500	0.0000	5.1730	inf	338.7424	0.5836	0.1789	4.6627	4.6608	3.3142	7.0004	1.4355	0.0000	1.4355	0.0000	0.0000	0.0000	1.4355	0.0000	1.4355	1.0498	0.0031	1.0467	0.0049	0.0031	0.0018	1.0449	0.0000	1.0449	0.8747	0.7016	0.1731	0.1491	0.1476	0.0015	0.7256	0.5540	0.1716	0.3739	0.1694	0.2045	0.0524	0.0499	0.0025	0.3215	0.1195	0.2020	0.5845	0.0000	1.6201	0.0000	0.0000	0.0000	0.6087	0.0000	1.6174	2.8078	0.0182	5.1186	0.0930	0.0620	0.7138	3.2500	0.0000	5.1730	
3	28	0.1146	3	1	1	1	0	0	0	0	0	N	N	N	N	N	N	N	N	N	N	N	N	148.0427	0.0000	25434.6756	0.0000	0.0000	8946.8394	25386.0927	1.4528	0.0000	7.6937	0.0000	0.0000	0.0000	1.7232	0.0000	7.7704	0.0098	0.0214	0.0003	0.0696	0.0730	0.0000	0.0002	0.0000	0.0003	inf	0.0172	0.5840	-0.0026	4.6627	5.6608	3.3142	4.0004	1.4365	0.0000	1.4365	0.0000	0.0000	0.0000	1.4365	0.0000	1.4365	0.0032	0.0031	0.0001	0.0031	0.0031	0.0000	0.0001	0.0000	0.0001	0.9888	0.8020	0.1867	0.1551	0.1533	0.0018	0.8336	0.6488	0.1849	0.3255	0.1470	0.1785	0.0451	0.0430	0.0021	0.2804	0.1039	0.1764	148.0427	0.0000	25434.6756	0.0000	0.0000	0.0000	8946.8394	0.0000	25386.0927	0.0098	0.0214	0.0003	0.0696	0.0730	0.0000	0.0002	0.0000	0.0003		
3	29	0.1146	3	1	1	2	1	0	0	0	0	N	N	Y	N	N	N	N	N	N	N	N	N	849.4864	0.0000	11666.8987	0.0000	0.0000	6357.9881	11583.3704	0.8979	0.0000	3.5291	0.0000	0.0000	0.0000	1.2246	0.0000	3.5455	0.0011	0.0020	0.0003	0.0064	0.0067	0.0000	0.0002	0.0000	0.0003	inf	0.1862	0.1776	-0.0002	4.6627	1.6608	3.3142	8.0004	0.4368	0.0000	0.4368	0.0000	0.0000	0.0000	0.4368	0.0000	0.4368	0.0003	0.0003	0.0001	0.0003	0.0003	0.0000	0.0001	0.0000	0.0001	0.4865	0.3627	0.1238	0.1298	0.1292	0.0006	0.3567	0.2335	0.1232	0.3255	0.1470	0.1785	0.0451	0.0430	0.0021	0.2804	0.1039	0.1764	849.4864	0.0000	11666.8987	0.0000	0.0000	0.0000	6357.9881	0.0000	11583.3704	0.0011	0.0020	0.0003	0.0064	0.0067	0.0000	0.0002	0.0000	0.0003		
3	30	0.1146	3	1	1	1	0	0	0	0	0	N	N	N	N	N	N	N	N	N	N	N	N	0.2373	0.0000	0.4724	0.0000	0.0000	0.0000	0.2431	0.4489	1.4518	0.0000	7.6882	0.0000	0.0000	0.0000	1.7220	0.0000	7.7649	6.1177	0.0208	16.2752	0.1113	0.0711	1.1774	7.0843	0.0000	17.2994	inf	649.6876	0.5836	0.3421	4.6627	5.6608	3.3142	4.0004	1.4355	0.0000	1.4355	0.0000	0.0000	0.0000	1.4355	0.0000	1.4355	1.9911	0.0031	1.9880	0.0050	0.0031	0.0020	1.9861	0.0000	1.9861	0.9888	0.8020	0.1867	0.1551	0.1533	0.0018	0.8336	0.6488	0.1849	0.3255	0.1470	0.1785	0.0451	0.0430	0.0021	0.2804	0.1039	0.1764	0.2373	0.0000	0.6903	0.0000	0.0000	0.0000	0.2431	0.0000	0.6897	6.1177	0.0208	11.1369	0.1113	0.0711	0.9333	7.0843	0.0000	11.2584	
3	31	0.1849	4	2	1	1	0	0	0	0	0	Y	N	N	N	N	N	N	N	N	N	N	N	0.0029	0.0596	0.0000	0.1110	0.1149	0.0000	0.0000	0.0000	0.0000	0.0006	0.0007	0.0000	0.0014	0.0015	0.0000	0.0000	0.0000	0.0000	0.2045	0.0111	0.4253	0.0129	0.0131	0.0034	0.3672	0.0049	0.4321	0.0001	33.5585	-0.0000	0.0046	4.6627	0.1965	3.3142	2.3074	0.0000	0.0000	0.0000	0.0000	0.0000	0.0000	0.0000	0.0000	0.0000	0.0321	0.0009	0.0312	0.0009	0.0009	0.0000	0.0311	0.0000	0.0311	0.0439	0.0400	0.0040	0.0184	0.0176	0.0008	0.0255	0.0224	0.0032	0.1569	0.0836	0.0733	0.0720	0.0709	0.0012	0.0848	0.0127	0.0721	0.0029	0.0596	0.0000	0.1110	0.1149	0.0000	0.0000	0.0000	0.0000	0.2045	0.0111	0.4253	0.0129	0.0131	0.0034	0.3672	0.0001	0.4321
3	32	0.1146	3	1	1	1	1	0	0	0	0	N	N	N	N	N	N	N	N	N	N	N	N	0.0000	0.0000	0.0000	0.0000	0.0000	0.0000	0.0000	0.0000	0.0000	0.0000	0.0000	0.0000	0.0000	0.0000	0.0000	0.0000	0.0000	0.0000	0.0000	0.0000	4.6627	0.0000	3.3142	1.0000	0.0000	0.0000	0.0000	0.0000	0.0000	0.0000	0.0000	0.0000	0.0000	0.0000	0.0000	0.0000	0.0000	0.0000	0.0000	0.0000	0.0000	0.0000	0.0000	0.0000	0.0000	0.0000	0.0000	0.0000	0.0000	0.0000	0.0000	0.0425	0.0189	0.0236	0.0057	0.0054	0.0002	0.0369	0.0135	0.0234	0.0000	0.0000	0.0000	0.0000	0.0000	0.0000	0.0000	0.0000	0.0000	0.0000	0.0000	0.0000	0.0000	0.0000	0.0000	0.0000	0.0000	0.0000											
3	33	0.1146	3	2	1	1	0	0	0	0	0	Y	N	N	N	N	N	N	N	N	N	N	N	0.1256	0.0000	0.6124	0.0000	0.0000	0.1462	0.0000	0.6087	0.6998	0.0000	3.0804	0.0001	0.0001	0.0000	0.8955	0.0000	3.1002	5.5727	6.2261	5.0298	2.2111	2.3229	0.0000	6.1235	7.8612	5.0930	43680.8619	0.9723	0.1776	-0.7367	4.6627	2.6608	3.3142	9.9996	0.4368	0.0000	0.4368	0.0000	0.0000	0.0000	0.4368	0.0000	0.4368	2.2079	1.1195	1.0884	0.1233	0.1233	0.0000	2.0846	0.9962	1.0884	0.6242	0.4824	0.1418	0.1364	0.1355	0.0009	0.4878	0.3469	0.1409	0.3962	0.1798	0.2164	0.0558	0.0531	0.0027	0.3404	0.1267	0.2137	0.1256	0.0000	0.6124	0.0000	0.0000	0.0000	0.1462	0.0000	0.6087	5.5727	6.2261	5.0298	2.2111	2.3229	0.0000	6.1235	7.8612	5.0930	
3	34	0.1958	4	1	0	2	0	0	0	0	0	N	N	Y	N	N	N	N	N	N	N	N	N	0.0101	0.0000	6.3870	0.0006	0.0000	0.2666	1.9285	0.0000	7.2111	0.0019	0.0000	0.0143	0.0005	0.0000	0.0087	0.0028	0.0000	0.0154	0.1888	0.4356	0.0022	0.8308	0.8255	0.0326	0.0015	0.0002	0.0021	inf	0.0057	0.0005	-0.0606	4.6627	3.8106	3.3142	5.1657	0.0012	0.0000	0.0012	0.0001	0.0000	0.0001	0.0011	0.0000	0.0011	0.0738	0.0734	0.0004	0.0734	0.0734	0.0000	0.0004	0.0000	0.0004	0.6334	0.5491	0.0843	0.2428	0.2299	0.0130	0.3906	0.3192	0.0714	0.3908	0.2035	0.1873	0.1177	0.1170	0.0007	0.2731	0.0865	0.1866	0.0101	0.0000	6.3870	0.0007	0.0000	0.2666	1.9285	0.0000	7.2111	0.1888	0.3604	0.0022	0.6234	0.6270	0.0326	0.0015	0.0000	0.0021
3	35	0.1146	3	1	0	1	0	0	0	0	0	N	N	N	N	N	N	N	N	N	N	N	N	1.5907	0.0015	9.7025	0.0024	0.0024	0.0000	3.3916	0.0085	9.9095	0.4151	0.0006	2.2473	0.0026	0.0026	0.0000	0.4884	0.0001	2.2709	0.2610	0.3780	0.2316	1.0982	1.1051	0.4280	0.1440	0.0124	0.2292	899.6872	0.9413	0.1770	-0.0350	4.6627	6.2373	3.3142	6.2260	0.4365	0.0005	0.4360	0.0004	0.0004	0.0000	0.4361	0.0001	0.4360	0.1023	0.0527	0.0496	0.0538	0.0526	0.0011	0.0485	0.0000	0.0485	1.0515	0.8575	0.1940	0.1585	0.1565	0.0020	0.8930	0.7010	0.1920	0.3919	0.1778	0.2141	0.0551	0.0525	0.0026	0.3368	0.1253	0.2115	1.5907	0.0019	9.7025	0.0027	0.0026	0.0000	3.3916	0.3695	9.9095	0.2610	0.2963	0.2316	0.9758	1.0035	0.4280	0.1440	0.0003	0.2292
3	36	0.1146	3	1	1	1	0	0	0	0	0	N	N	N	N	N	N	N	N	N	N	N	N	0.6292	0.2730	6.1129	0.0000	0.0000	0.6685	0.2532	6.0865	1.9054	1.6779	2.7613	0.0000	0.0000	0.0000	2.3513	2.2019	2.7829	3.0284	6.1452	0.4517	0.0147	0.0154	0.0000	3.5173	8.6961	0.4572	0.4374	0.0889	-0.4151	-0.8087	4.6627	3.6608	3.3142	7.3397	1.4355	0.9987	0.4368	0.0000	0.0000	0.0000	1.4355	0.9987	0.4368	1.0855	0.9969	0.0886	0.0007	0.0007	0.0000	1.0848	0.9962	0.0886	0.7534	0.5952	0.1582	0.1429	0.1416	0.0012	0.6105	0.4536	0.1570	0.3585	0.1622	0.1962	0.0500	0.0477	0.0024	0.3084	0.1146	0.1939	0.6292	0.2730	6.1129	0.0000	0.0000	0.0000	0.6685	0.2532	6.0865	3.0284	6.1452	0.4517	0.0147	0.0154	0.0000	3.5173	8.6961	0.4572	
3	39	0.1146	3	1	1	1	0	0	0	0	0	N	N	N	N	N	N	N	N	N	N	N	N	434.8946	0.0000	9863.3074	0.0000	0.0000	3477.3975	9835.9097	0.4418	0.0000	2.3395	0.0000	0.0000	0.0000	0.5240	0.0000	2.3628	0.0010	0.0020	0.0002	0.0063	0.0066	0.0000	0.0002	0.0000	0.0002	inf	0.1459	0.1776	-0.0003	4.6627	5.6608	3.3142	8.0004	0.4368	0.0000	0.4368	0.0000	0.0000	0.0000	0.4368	0.0000	0.4368	0.0004	0.0004	0.0001	0.0004	0.0004	0.0000	0.0001	0.0000	0.0001	0.9888	0.8020	0.1867	0.1551	0.1533	0.0018	0.8336	0.6488	0.1849	0.4174	0.1897	0.2277	0.0590	0.0562	0.0029	0.3583	0.1336	0.2248	434.8946	0.0000	9863.3074	0.0000	0.0000	0.0000	3477.3975	0.0000	9835.9097	0.0010	0.0020	0.0002	0.0063	0.0066	0.0000	0.0002	0.0000	0.0002		
3	40	0.1146	3	2	0	2	0	0	0	0	0	Y	N	Y	N	N	N	N	N	N	N	N	N	0.3821	0.3631	1.0390	0.6045	0.5912	0.0000	0.3539	1.0388	1.1511	0.2586	5.1145	1.4093	1.4276	0.0000	1.1057	0.0000	5.1686	3.0127	0.7123	4.9223	2.3314	2.4147	0.8622	3.1241	0.0000	4.9753	4.4536	8.3249	0.2729	0.0775	4.6627	6.3392	3.3142	5.9996	1.2229	0.2242	0.9987	0.2242	0.2242	0.0000	0.9987	0.0000	0.9987	1.1724	0.1257	1.0467	0.1275	0.1257	0.0018	1.0449	0.0000	1.0449	1.0624	0.8671	0.1953	0.1591	0.1571	0.0020	0.9032	0.7100	0.1932	0.3891	0.1765	0.2126	0.0547	0.0521	0.0026	0.3345	0.1244	0.2100	0.3821	0.3631	1.0390	0.6045	0.5912	0.0000	0.3539	0.0000	1.0388	3.0127	0.7123	4.9223	2.3314	2.4147	0.6783	3.1241	0.0000	4.9753	
3	41	0.1471	4	2	0	2	0	0	0	0	0	Y	N	Y	N	N	N	N	N	N	N	N	N	0.0165	0.0064	0.0000	0.0155	0.0157	0.0270	0.0000	0.0000	0.0000	0.0014	0.0016	0.0000	0.0096	0.0099	0.0000	0.0000	0.0000	0.0000	0.0832	0.2534	0.0201	0.6183	0.6300	0.0000	0.0135	0.0010	0.0203	0.0000	0.1370	-0.0003	-0.0190	4.6627	1.9694	3.3142	5.1440	0.0005	0.0005	0.0000	0.0005	0.0005	0.0000	0.0000	0.0000	0.0000	0.0270	0.0237	0.0033	0.0237	0.0237	0.0000	0.0033	0.0000	0.0033	0.3484	0.2966	0.0518	0.0499	0.0485	0.0014	0.2985	0.2481	0.0505	0.3241	0.1626	0.1615	0.0833	0.0815	0.0018	0.2408	0.0810	0.1598	0.0165	0.0111	0.0000	0.0337	0.0340	0.0270	0.0000	0.0000	0.0000	0.0832	0.1459	0.0201	0.2847	0.2909	0.0000	0.0135	0.0000	0.0203
3	42	0.1146	3	2	0	1	0	0	0	0	0	Y	N	N	N	N	N	N	N	N	N	N	N	0.3842	0.3533	0.0037	0.4286	0.4130	0.0000	0.0015	0.0000	0.0037	0.3128	0.3975	0.0021	1.5887	1.6016	0.0000	0.0006	0.0000	0.0021	0.8143	1.1254	0.5616	3.7065	3.8778	0.0000	0.3612	0.6298	0.5678	0.0014	0.6145	-0.1329	-0.0739	4.6627	3.3753	3.3142	2.0398	0.2244	0.2241	0.0003	0.2241	0.2241	0.0000	0.0003	0.0000	0.0003	0.1657	0.1026	0.0631	0.1022	0.1022	0.0000	0.0636	0.0005	0.0631	0.7173	0.5637	0.1537	0.1411	0.1399	0.0011	0.5763	0.4238	0.1525	0.2035	0.0912	0.1123	0.0276	0.0263	0.0012	0.1759	0.0649	0.1111	0.3842	0.3533	0.0037	0.4286	0.4130	0.0000	0.0015	0.0000	0.0037	0.8143	1.1254	0.5616	3.7065	3.8778	0.0000	0.3612	0.0074	0.5678
3	43	0.1146	3	1	0	2	0	0	0	0	0	N	N	Y	N	N	N	N	N	N	N	N	N	1.5702	0.0000	inf	0.0000	0.0000	inf	inf	0.4994	0.0000	2.5234	0.0001	0.0001	0.0000	0.6020	0.0000	2.5460	0.3181	0.7008	0.0000	2.2595	2.3738	0.0000	0.0000	0.0000	0.0000	43680.8619	0.0000	0.1776	-0.1042	4.6627	4.6608	3.3142	7.9996	0.4368	0.0000	0.4368	0.0000	0.0000	0.0000	0.4368	0.0000	0.4368	0.1260	0.1260	0.0000	0.1260	0.1260	0.0000	0.0000	0.0000	0.0000	0.8747	0.7016	0.1731	0.1491	0.1476	0.0015	0.7256	0.5540	0.1716	0.3962	0.1798	0.2164	0.0558	0.0531	0.0027	0.3404	0.1267	0.2137	1.5702	0.0000	inf	0.0000	0.0000	0.0000	inf	0.0000	inf	0.3181	0.7008	0.0000	2.2595	2.3738	0.0000	0.0000	0.0000	0.0000		
3	44	0.1146	3	1	1	1	0	0	0	0	0	N	N	N	N	N	N	N	N	N	N	N	N	1.6121	0.0000	inf	0.0000	0.0000	inf	inf	0.4994	0.0000	2.5234	0.0000	0.0000	0.0000	0.6020	0.0000	2.5460	0.3098	0.6826	0.0000	2.2007	2.3120	0.0000	0.0000	0.0000	0.0000	inf	0.0000	0.1776	-0.1015	4.6627	4.6608	3.3142	7.9996	0.4368	0.0000	0.4368	0.0000	0.0000	0.0000	0.4368	0.0000	0.4368	0.1227	0.1227	0.0000	0.1227	0.1227	0.0000	0.0000	0.0000	0.0000	0.8747	0.7016	0.1731	0.1491	0.1476	0.0015	0.7256	0.5540	0.1716	0.3962	0.1798	0.2164	0.0558	0.0531	0.0027	0.3404	0.1267	0.2137	1.6121	0.0000	inf	0.0000	0.0000	0.0000	inf	0.0000	inf	0.3098	0.6826	0.0000	2.2007	2.3120	0.0000	0.0000	0.0000	0.0000		
3	45	0.0799	2	2	1	2	0	0	0	0	0	Y	N	Y	N	N	N	N	N	N	N	N	N	1.3221	0.9340	0.0000	1.1854	1.1713	0.0000	0.0000	0.0000	0.0000	0.5004	0.6802	0.0000	1.8043	1.8078	0.0000	0.0000	0.0000	0.0000	0.3785	0.7282	0.0024	1.5221	1.5433	0.0000	0.0015	0.0012	0.0024	0.0000	0.0030	-0.1330	-0.1245	4.6627	1.3391	3.3142	5.8433	0.2242	0.2242	0.0000	0.2242	0.2242	0.0000	0.0000	0.0000	0.0000	0.1511	0.1507	0.0005	0.1507	0.1507	0.0000	0.0005	0.0000	0.0005	0.4480	0.3296	0.1184	0.1243	0.1240	0.0002	0.3238	0.2056	0.1182	0.3993	0.2069	0.1924	0.0990	0.0976	0.0014	0.3003	0.1093	0.1910	1.3221	0.9340	0.0000	1.1854	1.1713	0.0000	0.0000	0.0000	0.0000	0.3785	0.7282	0.0024	1.5221	1.5433	0.0000	0.0015	0.0000	0.0024
3	47	0.1543	4	2	1	2	0	0	0	0	0	Y	N	Y	N	N	N	N	N	N	N	N	N	0.6724	0.0000	5.2477	0.0000	0.0000	0.0000	1.3396	0.0000	5.2816	0.0012	0.0000	0.0078	0.0000	0.0000	0.0000	0.0013	0.0000	0.0080	0.0018	0.0020	0.0015	0.0057	0.0059	0.0002	0.0009	0.0009	0.0015	inf	0.8218	0.0002	-0.0001	4.6627	3.0001	3.3142	1.0598	0.0005	0.0000	0.0005	0.0000	0.0000	0.0000	0.0005	0.0000	0.0005	0.0003	0.0002	0.0001	0.0002	0.0002	0.0000	0.0001	0.0000	0.0001	0.4490	0.3814	0.0676	0.0332	0.0321	0.0011	0.4159	0.3494	0.0665	0.1637	0.0769	0.0868	0.0276	0.0266	0.0010	0.1361	0.0503	0.0858	0.6724	0.0000	5.2477	0.0000	0.0000	0.0000	1.3396	0.0000	5.2816	0.0018	0.0020	0.0015	0.0057	0.0059	0.0002	0.0009	0.0000	0.0015
3	48	0.1146	3	2	0	2	0	0	0	0	0	Y	N	Y	N	N	N	N	N	N	N	N	N	46.6749	0.0263	159.0918	0.0154	0.0147	0.0000	119.2788	0.0000	157.6775	1.2853	0.0008	4.1985	0.0015	0.0015	0.0000	2.0136	0.0000	4.2079	0.0275	0.0289	0.0264	0.0950	0.0995	0.0000	0.0169	0.0067	0.0267	2432.9682	1.1181	0.1773	-0.0020	4.6627	0.6630	3.3142	5.9830	0.4366	0.0002	0.4365	0.0002	0.0002	0.0000	0.4365	0.0000	0.4365	0.0067	0.0031	0.0035	0.0031	0.0031	0.0000	0.0035	0.0000	0.0035	0.3397	0.2358	0.1040	0.1230	0.1227	0.0002	0.2168	0.1130	0.1037	0.2418	0.1086	0.1332	0.0330	0.0315	0.0015	0.2088	0.0771	0.1317	46.6749	0.0263	159.0918	0.0154	0.0147	0.0000	119.2788	0.0000	157.6775	0.0275	0.0289	0.0264	0.0950	0.0995	0.0000	0.0169	0.0001	0.0267
3	49	0.1146	3	2	1	1	0	0	0	0	0	Y	N	N	N	N	N	N	N	N	N	N	N	0.7021	0.3892	0.7080	0.6826	0.1924	0.2339	0.0000	1.3603	1.3798	0.0000	0.0000	0.0000	0.0000	0.2740	0.6010	0.0000	1.9213	2.0214	0.0000	0.0000	0.0000	0.0000	0.0000	0.0000	-0.1331	-0.1020	4.6627	7.3392	3.3142	7.9996	0.2242	0.2242	0.0000	0.2242	0.2242	0.0000	0.0000	0.0000	0.0000	0.1234	0.1234	0.0000	0.1234	0.1234	0.0000	0.0000	0.0000	0.0000	1.1656	0.9587	0.2070	0.1649	0.1625	0.0023	1.0008	0.7962	0.2046	0.4505	0.2054	0.2451	0.0642	0.0611	0.0032	0.3862	0.1443	0.2420	0.7021	0.3892	0.0000	0.7080	0.6826	0.0000	0.0000	0.0000	0.0000	0.2740	0.6010	0.0000	1.9213	2.0214	0.0000	0.0000	0.0000	0.0000					
3	50	0.1146	3	1	0	1	1	0	0	0	0	N	N	N	N	N	N	N	N	N	N	N	N	0.1156	0.0000	13.0350	0.0000	0.0000	0.0000	0.1203	0.0000	13.2810	0.4994	0.0000	2.5234	0.0000	0.0000	0.0000	0.6020	0.0000	2.5460	4.3184	9.2229	0.1936	0.5166	0.4546	0.3335	5.0056	13.0548	0.1917	inf	0.0250	0.1776	-1.6443	4.6627	4.6608	3.3142	12.0004	0.4368	0.0000	0.4368	0.0000	0.0000	0.0000	0.4368	0.0000	0.4368	2.0495	1.9996	0.0499	0.0147	0.0135	0.0011	2.0348	1.9860	0.0488	0.8747	0.7016	0.1731	0.1491	0.1476	0.0015	0.7256	0.5540	0.1716	0.4746	0.2168	0.2578	0.0681	0.0647	0.0034	0.4065	0.1521	0.2544	0.1156	0.0000	13.0350	0.0000	0.0000	0.0000	0.1203	0.0000	13.2810	4.3184	9.2229	0.1936	0.2156	0.2094	0.3335	5.0056	13.0548	0.1917
3	51	0.1451	4	1	1	2	0	0	0	0	0	N	N	Y	N	N	N	N	N	N	N	N	N	151.2211	0.0000	396.9508	4.5859	0.0000	3.7536	225.7672	0.0000	439.6928	2.1439	0.0000	9.8433	0.0561	0.0000	1.3122	3.2965	0.0000	10.4832	0.0142	0.0034	0.0248	0.0122	0.0094	0.3496	0.0146	0.0007	0.0238	inf	7.5165	0.5197	0.0001	4.6627	2.4249	3.3142	2.1457	1.2784	0.0000	1.2784	0.0119	0.0000	0.0119	1.2665	0.0000	1.2665	0.0025	0.0003	0.0022	0.0004	0.0003	0.0001	0.0021	0.0000	0.0021	0.5963	0.4664	0.1299	0.2121	0.2030	0.0091	0.3842	0.2634	0.1208	0.1759	0.0872	0.0888	0.0314	0.0311	0.0003	0.1446	0.0560	0.0885	151.2211	0.0000	396.9508	4.5859	0.0000	3.7536	225.7672	0.0000	439.6928	0.0142	0.0034	0.0248	0.0122	0.0094	0.3496	0.0146	0.0000	0.0238
3	52	0.1146	3	1	1	1	0	0	0	0	0	N	N	N	N	N	N	N	N	N	N	N	N	1.9481	5.3977	3.8388	4.5873	6.0545	0.0000	1.6622	1.1077	3.9156	0.4815	0.1763	1.6176	0.6665	0.6721	0.0000	0.4373	0.0178	1.6300	0.2471	0.0327	0.4214	0.1453	0.1110	1.0833	0.2631	0.0161	0.4163	2.4647	15.8816	0.0419	0.0058	4.6627	3.5386	3.3142	1.9499	0.3553	0.1026	0.2528	0.0947	0.0947	0.0000	0.2606	0.0079	0.2528	0.0509	0.0030	0.0479	0.0041	0.0030	0.0011	0.0468	0.0001	0.0468	0.7380	0.5818	0.1563	0.1421	0.1409	0.0012	0.5960	0.4409	0.1551	0.2059	0.0923	0.1136	0.0279	0.0267	0.0012	0.1780	0.0656	0.1124	1.9481	5.3977	3.8388	4.5873	6.0545	0.0000	1.6622	21.5693	3.9156	0.2471	0.0327	0.4214	0.1453	0.1110	0.8861	0.2631	0.0008	0.4163
3	53	0.1146	3	2	0	2	0	0	0	0	0	Y	N	Y	N	N	N	N	N	N	N	N	N	0.3554	0.3326	0.7664	0.3988	0.3860	0.0000	0.3521	0.6939	1.7158	0.4007	6.5237	1.5924	1.6052	0.0000	1.7462	0.0000	6.5720	4.8283	1.2046	8.5126	3.9926	4.1583	0.4522	4.9599	0.0000	9.4713	4.4536	7.9284	0.2729	0.0689	4.6627	3.3392	3.3142	2.9996	1.2229	0.2242	0.9987	0.2242	0.2242	0.0000	0.9987	0.0000	0.9987	1.1225	0.1257	0.9968	0.1264	0.1257	0.0006	0.9962	0.0000	0.9962	0.7127	0.5597	0.1531	0.1408	0.1397	0.0011	0.5719	0.4200	0.1520	0.2325	0.1044	0.1281	0.0317	0.0302	0.0014	0.2008	0.0741	0.1267	0.3554	0.3326	0.8385	0.3988	0.3860	0.0000	0.3521	0.0000	0.8359	4.8283	1.2046	7.7802	3.9926	4.1583	0.4522	4.9599	0.0000	7.8620	
3	54	0.1606	4	2	1	1	0	0	0	0	0	Y	N	N	N	N	N	N	N	N	N	N	N	0.4722	0.0031	0.9991	0.0044	0.0096	0.0000	0.4882	0.0000	1.0130	3.1223	0.0007	26.6743	0.0016	0.0017	0.0000	4.8991	0.0000	33.2053	6.6127	0.2141	26.6974	0.3629	0.1782	1.3877	10.0343	0.0016	32.7785	5377.2918	107.7909	0.4045	0.1637	4.6627	2.0079	3.3142	2.2027	0.9955	0.0002	0.9953	0.0002	0.0002	0.0000	0.9953	0.0000	0.9953	0.9972	0.0092	0.9881	0.0106	0.0092	0.0015	0.9866	0.0000	0.9866	0.3188	0.2815	0.0373	0.1157	0.1083	0.0073	0.2032	0.1732	0.0300	0.1508	0.0795	0.0713	0.0525	0.0514	0.0010	0.0983	0.0281	0.0703	0.4722	0.0057	1.9254	0.0079	0.0096	0.0000	0.4882	0.0000	2.3651	6.6127	0.1153	13.8541	0.2023	0.1782	1.3877	10.0343	0.0000	14.0396
3	55	0.1146	3	2	1	1	0	0	0	0	0	Y	N	N	N	N	N	N	N	N	N	N	N	0.6229	0.3717	0.3763	0.5193	0.5005	0.0000	0.1318	0.0000	0.3755	0.2721	0.3355	0.0207	1.5238	1.5389	0.0000	0.0051	0.0000	0.0209	0.4368	0.9026	0.0550	2.9341	3.0748	0.0031	0.0384	0.7768	0.0556	0.0156	0.0743	-0.1316	-0.0956	4.6627	4.3406	3.3142	3.9440	0.2277	0.2242	0.0035	0.2242	0.2242	0.0000	0.0035	0.0000	0.0035	0.1262	0.1175	0.0087	0.1167	0.1167	0.0000	0.0096	0.0008	0.0087	0.8367	0.6682	0.1685	0.1471	0.1457	0.0014	0.6895	0.5225	0.1670	0.2890	0.1302	0.1588	0.0398	0.0379	0.0018	0.2492	0.0922	0.1570	0.6229	0.3717	0.3763	0.5193	0.5005	0.0000	0.1318	0.0000	0.3755	0.4368	0.9026	0.0550	2.9341	3.0748	0.0031	0.0384	0.0091	0.0556
3	56	0.1146	3	1	1	1	0	0	0	0	0	N	N	N	N	N	N	N	N	N	N	N	N	1.0786	0.0000	2.8220	0.0000	0.0000	0.0000	1.1509	2.8148	3.2323	0.0000	15.3944	0.0000	0.0000	0.0000	3.9887	0.0000	15.5148	2.9966	0.0195	5.4552	0.0998	0.0664	0.9737	3.4657	0.0000	5.5120	inf	338.7424	0.9900	0.1789	4.6627	3.6608	3.3142	7.0004	2.4352	0.0000	2.4352	0.0000	0.0000	0.0000	2.4352	0.0000	2.4352	1.0498	0.0031	1.0467	0.0049	0.0031	0.0018	1.0449	0.0000	1.0449	0.7534	0.5952	0.1582	0.1429	0.1416	0.0012	0.6105	0.4536	0.1570	0.3503	0.1585	0.1919	0.0488	0.0465	0.0023	0.3015	0.1119	0.1896	1.0786	0.0000	2.8220	0.0000	0.0000	0.0000	1.1509	0.0000	2.8148	2.9966	0.0195	5.4552	0.0998	0.0664	0.7744	3.4657	0.0000	5.5120	
3	57	0.1146	3	1	0	2	0	0	0	0	0	N	N	Y	N	N	N	N	N	N	N	N	N	999.1469	0.0000	9760.9595	0.0000	0.0000	5313.3769	9695.3151	0.8979	0.0000	3.5291	0.0000	0.0000	0.0000	1.2246	0.0000	3.5455	0.0009	0.0016	0.0004	0.0051	0.0053	0.0000	0.0002	0.0000	0.0004	inf	0.2842	0.1776	-0.0001	4.6627	1.6608	3.3142	6.0004	0.4368	0.0000	0.4368	0.0000	0.0000	0.0000	0.4368	0.0000	0.4368	0.0002	0.0002	0.0001	0.0002	0.0002	0.0000	0.0001	0.0000	0.0001	0.4865	0.3627	0.1238	0.1298	0.1292	0.0006	0.3567	0.2335	0.1232	0.2715	0.1222	0.1493	0.0372	0.0355	0.0017	0.2343	0.0866	0.1477	999.1469	0.0000	9760.9595	0.0000	0.0000	0.0000	5313.3769	0.0000	9695.3151	0.0009	0.0016	0.0004	0.0051	0.0053	0.0000	0.0002	0.0000	0.0004		
3	58	0.1146	3	2	1	1	0	0	0	0	0	Y	N	N	N	N	N	N	N	N	N	N	N	0.0808	0.4524	0.0000	0.6344	0.6102	0.0000	0.0000	0.2681	0.3357	0.0000	1.5243	1.5394	0.0000	0.0000	0.0000	0.0000	3.3158	0.7420	5.4458	2.4028	2.5225	0.0000	3.4643	0.0000	5.5127	0.0000	8.8689	-0.1331	0.0875	4.6627	4.3392	3.3142	6.9996	0.2242	0.2242	0.0000	0.2242	0.2242	0.0000	0.0000	0.0000	0.0000	1.2150	0.1231	1.0919	0.1231	0.1231	0.0000	1.0919	0.0000	1.0919	0.8365	0.6680	0.1685	0.1471	0.1457	0.0014	0.6894	0.5224	0.1670	0.3664	0.1659	0.2005	0.0512	0.0488	0.0024	0.3152	0.1171	0.1981	0.0808	0.4524	0.0000	0.6344	0.6102	0.0000	0.0000	0.0000	0.0000	3.3158	0.7420	5.4458	2.4028	2.5225	0.0000	3.4643	0.0000	5.5127		
3	59	0.1146	3	2	1	2	0	0	0	0	0	Y	N	Y	N	N	N	N	N	N	N	N	N	0.5299	0.0000	1.5328	0.0000	0.0000	0.0000	0.5404	1.5298	1.4518	0.0000	7.6882	0.0000	0.0000	0.0000	1.7220	0.0000	7.7649	2.7398	0.0005	5.0159	0.0131	0.0017	0.2383	3.1865	0.0000	5.0759	inf	12060.6000	0.5836	0.1881	4.6627	5.6608	3.3142	7.0004	1.4355	0.0000	1.4355	0.0000	0.0000	0.0000	1.4355	0.0000	1.4355	1.0855	0.0001	1.0855	0.0007	0.0001	0.0006	1.0848	0.0000	1.0848	0.9888	0.8020	0.1867	0.1551	0.1533	0.0018	0.8336	0.6488	0.1849	0.3962	0.1798	0.2164	0.0558	0.0531	0.0027	0.3404	0.1267	0.2137	0.5299	0.0000	1.5328	0.0000	0.0000	0.0000	0.5404	0.0000	1.5298	2.7398	0.0005	5.0159	0.0131	0.0017	0.2383	3.1865	0.0000	5.0759	
3	60	0.1146	3	1	1	1	0	0	0	0	0	N	N	N	N	N	N	N	N	N	N	N	N	0.0000	0.0000	0.0000	0.0000	0.0000	0.0000	0.0000	0.0000	0.0000	0.0000	0.0000	0.0000	0.0000	0.0000	0.0000	0.0000	0.0000	0.2246	0.0002	0.4072	0.0384	0.0007	1.0329	0.2539	0.0000	0.4023	2492.5000	0.0000	0.0086	4.6627	2.0000	3.3142	4.0000	0.0000	0.0000	0.0000	0.0000	0.0000	0.0000	0.0000	0.0000	0.0000	0.0499	0.0000	0.0499	0.0012	0.0000	0.0011	0.0487	0.0000	0.0487	0.5342	0.4042	0.1301	0.1321	0.1314	0.0007	0.4022	0.2728	0.1294	0.2220	0.0996	0.1224	0.0302	0.0288	0.0013	0.1919	0.0708	0.1211	0.0000	0.0000	0.0000	0.0000	0.0000	0.0000	0.0000	0.0000	0.0000	0.2246	0.0002	0.4072	0.0384	0.0007	0.8487	0.2539	0.0000	0.4023		
3	61	0.1146	3	2	0	2	0	0	0	0	0	Y	N	Y	N	N	N	N	N	N	N	N	N	0.4704	15.7335	1.1009	20.2150	23.5383	0.0000	0.3952	1.0987	1.2835	0.2911	5.4731	1.4636	1.4805	0.0000	1.2490	0.0000	5.5260	2.7287	0.0185	4.9716	0.0724	0.0629	0.2632	3.1605	0.0000	5.0294	4.4536	324.7114	0.2729	0.1703	4.6627	5.3392	3.3142	6.0004	1.2229	0.2242	0.9987	0.2242	0.2242	0.0000	0.9987	0.0000	0.9987	0.9999	0.0031	0.9969	0.0037	0.0031	0.0006	0.9962	0.0000	0.9962	0.9528	0.7704	0.1825	0.1532	0.1515	0.0017	0.7996	0.6189	0.1807	0.3664	0.1659	0.2005	0.0512	0.0488	0.0024	0.3152	0.1171	0.1981	0.4704	15.7335	1.1009	20.2150	23.5383	0.0000	0.3952	0.0000	1.0987	2.7287	0.0185	4.9716	0.0724	0.0629	0.2632	3.1605	0.0000	5.0294	
3	62	0.1146	3	1	1	1	0	0	0	0	0	N	N	N	N	N	N	N	N	N	N	N	N	0.5835	3.3551	0.5908	0.0000	0.0000	0.0000	0.5773	0.6397	0.5899	1.1099	0.9312	1.9770	0.0000	0.0000	0.0000	1.2803	1.1060	2.0014	1.9020	0.2776	3.3463	0.0638	0.0590	0.1502	2.2177	1.7290	3.3927	0.4374	18.7275	-0.4151	0.1288	4.6627	8.6608	3.3142	13.0004	1.4355	0.9987	0.4368	0.0000	0.0000	0.0000	1.4355	0.9987	0.4368	1.0501	0.0532	0.9969	0.0052	0.0045	0.0006	1.0449	0.0487	0.9962	1.2934	1.0725	0.2209	0.1722	0.1695	0.0027	1.1212	0.9030	0.2182	0.5521	0.2542	0.2979	0.0809	0.0767	0.0043	0.4712	0.1775	0.2936	0.5835	4.4470	0.5908	0.0000	0.0000	0.0000	0.5773	4.0313	0.5899	1.9020	0.2094	3.3463	0.0638	0.0590	0.1502	2.2177	0.2743	3.3927
3	63	0.1884	4	1	0	2	0	0	0	0	0	N	N	Y	N	N	N	N	N	N	N	N	N	0.0363	0.0341	0.0533	0.0000	0.0000	0.0000	0.0950	inf	0.0716	0.0011	0.0010	0.0017	0.0000	0.0000	0.0000	0.0015	0.0014	0.0019	0.0306	0.0294	0.0320	0.0625	0.0610	0.0686	0.0156	0.0000	0.0262	0.3055	0.9648	-0.0001	-0.0004	4.6627	0.9961	3.3142	0.0337	0.0002	0.0001	0.0000	0.0000	0.0000	0.0000	0.0002	0.0001	0.0000	0.0012	0.0006	0.0006	0.0008	0.0006	0.0002	0.0004	0.0000	0.0004	0.1529	0.1296	0.0233	0.0389	0.0367	0.0022	0.1140	0.0929	0.0211	0.0379	0.0201	0.0178	0.0121	0.0097	0.0024	0.0258	0.0104	0.0154	0.0363	0.0341	0.0533	0.0000	0.0000	0.0000	0.0950	inf	0.0716	0.0306	0.0294	0.0320	0.0625	0.0610	0.0686	0.0156	0.0000	0.0262
3	64	0.1146	3	1	0	2	0	0	0	0	0	N	N	Y	N	N	N	N	N	N	N	N	N	0.5651	2.2633	0.4976	0.0000	0.0000	0.0000	0.6669	105.4649	0.4962	1.9039	1.6765	2.7601	0.0001	0.0001	0.0000	2.3492	2.1996	2.7817	3.3692	0.7407	5.5466	2.4269	2.5126	0.8738	3.5227	0.0209	5.6063	0.4374	9.0392	-0.4151	0.0929	4.6627	3.6648	3.3142	8.0029	1.4354	0.9986	0.4368	0.0000	0.0000	0.0000	1.4353	0.9986	0.4368	1.2602	0.1255	1.1347	0.1271	0.1254	0.0018	1.1331	0.0002	1.1329	0.7539	0.5956	0.1582	0.1429	0.1417	0.0012	0.6110	0.4540	0.1570	0.3740	0.1695	0.2046	0.0524	0.0499	0.0025	0.3216	0.1196	0.2021	0.5651	2.2633	0.4976	0.0000	0.0000	0.0000	0.6669	1610.7149	0.4962	3.3692	0.7407	5.5466	2.4269	2.5126	0.7127	3.5227	0.0014	5.6063
3	65	0.1146	3	1	1	1	0	0	0	0	0	N	N	N	N	N	N	N	N	N	N	N	N	0.2099	0.0000	inf	0.0000	0.0000	0.2356	0.0000	inf	0.3985	0.0000	2.1934	0.0000	0.0000	0.0000	0.4671	0.0000	2.2172	1.8982	4.1040	0.0000	1.4127	1.4935	0.0000	1.9826	5.2398	0.0000	inf	0.0000	0.1776	-0.9256	4.6627	6.6608	3.3142	17.9996	0.4368	0.0000	0.4368	0.0000	0.0000	0.0000	0.4368	0.0000	0.4368	1.1197	1.1197	0.0000	0.1235	0.1235	0.0000	0.9962	0.9962	0.0000	1.0962	0.8971	0.1991	0.1610	0.1588	0.0021	0.9352	0.7382	0.1970	0.5899	0.2728	0.3171	0.0874	0.0827	0.0047	0.5024	0.1901	0.3123	0.2099	0.0000	inf	0.0000	0.0000	0.0000	0.2356	0.0000	inf	1.8982	4.1040	0.0000	1.4127	1.4935	0.0000	1.9826	5.2398	0.0000	
3	66	0.1146	3	1	1	1	1	0	0	0	0	N	N	N	N	N	N	N	N	N	N	N	N	0.7822	0.4396	0.6871	0.6613	0.2399	0.2967	0.0000	1.4921	1.5093	0.0000	0.0000	0.0000	0.0000	0.3067	0.6751	0.0000	2.1716	2.2823	0.0000	0.0000	0.0000	0.0000	0.0000	0.0000	-0.1357	-0.1041	4.6627	5.3392	3.3142	7.9996	0.2286	0.2286	0.0000	0.2286	0.2286	0.0000	0.0000	0.0000	0.0000	0.1260	0.1260	0.0000	0.1260	0.1260	0.0000	0.0000	0.0000	0.0000	0.9528	0.7704	0.1825	0.1532	0.1515	0.0017	0.7996	0.6189	0.1807	0.4107	0.1866	0.2241	0.0580	0.0552	0.0028	0.3527	0.1314	0.2213	0.7822	0.4396	0.0000	0.6871	0.6613	0.0000	0.0000	0.0000	0.0000	0.3067	0.6751	0.0000	2.1716	2.2823	0.0000	0.0000	0.0000	0.0000					
3	67	0.1146	3	1	1	1	0	0	0	0	0	N	N	N	N	N	N	N	N	N	N	N	N	0.4573	0.3874	1.2578	0.6573	0.6359	0.0000	0.4287	1.2554	1.1511	0.2586	5.1145	1.4093	1.4276	0.0000	1.1057	0.0000	5.1686	2.5170	0.6676	4.0663	2.1439	2.2451	0.2011	2.5791	0.0000	4.1171	4.4536	7.2714	0.2729	0.0595	4.6627	6.3392	3.3142	8.9996	1.2229	0.2242	0.9987	0.2242	0.2242	0.0000	0.9987	0.0000	0.9987	1.1339	0.1371	0.9968	0.1377	0.1371	0.0006	0.9962	0.0000	0.9962	1.0624	0.8671	0.1953	0.1591	0.1571	0.0020	0.9032	0.7100	0.1932	0.4505	0.2054	0.2451	0.0642	0.0611	0.0032	0.3862	0.1443	0.2420	0.4573	0.3874	1.2578	0.6573	0.6359	0.0000	0.4287	0.0000	1.2554	2.5170	0.6676	4.0663	2.1439	2.2451	0.2011	2.5791	0.0000	4.1171	
3	68	0.1146	3	1	1	1	0	0	0	0	0	N	N	N	N	N	N	N	N	N	N	N	N	0.1765	0.0000	8966.5810	0.0000	0.0000	0.1834	0.0000	8938.6862	0.4994	0.0000	2.5234	0.0000	0.0000	0.0000	0.6020	0.0000	2.5460	2.8298	6.2561	0.0003	0.0293	0.0307	0.0000	3.2832	8.8431	0.0003	inf	0.0001	0.1776	-0.8194	4.6627	4.6608	3.3142	6.0004	0.4368	0.0000	0.4368	0.0000	0.0000	0.0000	0.4368	0.0000	0.4368	0.9913	0.9913	0.0001	0.0014	0.0014	0.0000	0.9899	0.9899	0.0001	0.8747	0.7016	0.1731	0.1491	0.1476	0.0015	0.7256	0.5540	0.1716	0.3503	0.1585	0.1919	0.0488	0.0465	0.0023	0.3015	0.1119	0.1896	0.1765	0.0000	8966.5810	0.0000	0.0000	0.0000	0.1834	0.0000	8938.6862	2.8298	6.2561	0.0003	0.0293	0.0307	0.0000	3.2832	8.8431	0.0003	
3	69	0.1405	4	1	1	1	0	0	0	0	0	N	N	N	N	N	N	N	N	N	N	N	N	0.7297	0.4315	0.0754	0.5652	0.5698	0.0334	0.0041	0.0000	0.0657	0.1722	0.2112	0.0000	0.5805	0.5900	0.0000	0.0000	0.0000	0.0000	0.2360	0.4895	0.0000	1.0271	1.0354	0.0013	0.0001	0.0096	0.0000	0.0000	0.0001	-0.0820	-0.0749	4.6627	3.0720	3.3142	3.7333	0.1382	0.1382	0.0000	0.1382	0.1382	0.0000	0.0000	0.0000	0.0000	0.0907	0.0907	0.0000	0.0906	0.0906	0.0000	0.0000	0.0000	0.0000	0.8027	0.6545	0.1483	0.2381	0.2343	0.0038	0.5646	0.4202	0.1444	0.3842	0.1939	0.1902	0.1217	0.1199	0.0018	0.2625	0.0740	0.1884	0.7297	0.4518	0.0754	0.7797	0.7805	0.0334	0.0041	0.0000	0.0657	0.2360	0.4674	0.0000	0.7446	0.7559	0.0013	0.0001	0.0002	0.0000
3	70	0.1146	3	1	1	1	0	0	0	0	0	N	N	N	N	N	N	N	N	N	N	N	N	1.7397	0.6975	192.8189	0.7317	0.7026	0.0000	3.2132	0.0006	192.0719	0.5639	0.5015	0.7444	1.3721	1.3780	0.0000	0.2630	0.0010	0.7478	0.3242	0.7191	0.0039	1.8752	1.9613	0.0009	0.0819	1.6754	0.0039	0.5131	0.0066	-0.0684	-0.0502	4.6627	1.5925	3.3142	3.3727	0.2689	0.1777	0.0912	0.1775	0.1775	0.0000	0.0914	0.0002	0.0912	0.0612	0.0608	0.0004	0.0478	0.0478	0.0000	0.0134	0.0130	0.0004	0.4768	0.3543	0.1225	0.1293	0.1288	0.0006	0.3474	0.2255	0.1219	0.1888	0.0846	0.1043	0.0255	0.0244	0.0011	0.1633	0.0602	0.1032	1.7397	0.6975	192.8189	0.7317	0.7026	0.0000	3.2132	0.0045	192.0719	0.3242	0.7191	0.0039	1.8752	1.9613	0.0009	0.0819	0.2155	0.0039
3	71	0.1146	3	1	1	1	0	0	0	0	0	N	N	N	N	N	N	N	N	N	N	N	N	0.2001	0.0000	7.0399	0.0000	0.0000	0.2033	0.0000	7.0143	0.4418	0.0000	2.3395	0.0000	0.0000	0.0000	0.5240	0.0000	2.3628	2.2079	4.4316	0.3323	0.0131	0.0138	0.0000	2.5775	6.3159	0.3369	inf	0.0889	0.1776	-0.8089	4.6627	5.6608	3.3142	12.0004	0.4368	0.0000	0.4368	0.0000	0.0000	0.0000	0.4368	0.0000	0.4368	1.0857	0.9971	0.0886	0.0009	0.0009	0.0000	1.0848	0.9962	0.0886	0.9888	0.8020	0.1867	0.1551	0.1533	0.0018	0.8336	0.6488	0.1849	0.4917	0.2250	0.2667	0.0709	0.0673	0.0036	0.4209	0.1577	0.2632	0.2001	0.0000	7.0399	0.0000	0.0000	0.0000	0.2033	0.0000	7.0143	2.2079	4.4316	0.3323	0.0131	0.0138	0.0000	2.5775	6.3159	0.3369	
3	73	0.1146	3	2	1	1	1	0	0	0	0	Y	N	N	N	N	N	N	N	N	N	N	N	0.7393	114.0249	0.0000	22.1452	24.8428	0.0000	0.6484	inf	0.0000	1.7158	2.1851	0.0000	1.5924	1.6052	0.0000	1.7462	2.3780	0.0000	2.3209	0.0192	4.2433	0.0719	0.0646	0.2134	2.6929	0.0000	4.2954	0.0000	265.1234	-0.7258	0.1697	4.6627	3.3392	3.3142	11.0004	1.2229	1.2229	0.0000	0.2242	0.2242	0.0000	0.9987	0.9987	0.0000	1.0006	0.0038	0.9969	0.0044	0.0038	0.0006	0.9962	0.0000	0.9962	0.7127	0.5597	0.1531	0.1408	0.1397	0.0011	0.5719	0.4200	0.1520	0.4311	0.1962	0.2349	0.0612	0.0582	0.0030	0.3699	0.1380	0.2319	0.7393	114.0249	0.0000	22.1452	24.8428	0.0000	0.6484	inf	0.0000	2.3209	0.0192	4.2433	0.0719	0.0646	0.2134	2.6929	0.0000	4.2954
3	74	0.1146	3	1	1	1	1	0	0	0	0	N	N	N	N	N	N	N	N	N	N	N	N	0.4216	64.4714	0.0000	16.9114	19.1957	0.0000	0.3498	inf	0.0000	1.1511	1.4104	0.0000	1.4093	1.4276	0.0000	1.1057	1.4066	0.0000	2.7302	0.0219	4.9716	0.0833	0.0744	0.2632	3.1605	0.0000	5.0294	0.0000	274.6182	-0.7258	0.1698	4.6627	6.3392	3.3142	5.0004	1.2229	1.2229	0.0000	0.2242	0.2242	0.0000	0.9987	0.9987	0.0000	1.0005	0.0036	0.9969	0.0043	0.0036	0.0006	0.9962	0.0000	0.9962	1.0624	0.8671	0.1953	0.1591	0.1571	0.0020	0.9032	0.7100	0.1932	0.3664	0.1659	0.2005	0.0512	0.0488	0.0024	0.3152	0.1171	0.1981	0.4216	64.4714	0.0000	16.9114	19.1957	0.0000	0.3498	inf	0.0000	2.7302	0.0219	4.9716	0.0833	0.0744	0.2632	3.1605	0.0000	5.0294
3	75	0.1849	4	1	1	1	0	0	0	0	0	N	N	N	N	N	N	N	N	N	N	N	N	0.0028	0.0015	12.2090	0.0025	0.0025	0.2004	0.0000	16.9898	0.0018	0.0019	0.0000	0.0034	0.0035	0.0000	0.0000	0.0000	0.0000	0.6375	1.1979	0.0000	1.3600	1.3769	0.0000	0.0000	0.0028	0.0000	0.0000	0.0000	-0.0000	-0.0758	4.6627	0.0009	3.3142	1.7419	0.0000	0.0000	0.0000	0.0000	0.0000	0.0000	0.0000	0.0000	0.0000	0.0917	0.0917	0.0000	0.0917	0.0917	0.0000	0.0000	0.0000	0.0000	0.0147	0.0142	0.0005	0.0077	0.0076	0.0001	0.0070	0.0067	0.0003	0.1438	0.0765	0.0673	0.0674	0.0666	0.0008	0.0764	0.0099	0.0664	0.0028	0.0015	12.2090	0.0025	0.0025	0.0000	0.2004	0.0000	16.9898	0.6375	1.1979	0.0000	1.3600	1.3769	0.0000	0.0000	0.0000	0.0000	
3	76	0.1146	3	1	1	1	0	0	0	0	0	N	N	N	N	N	N	N	N	N	N	N	N	2.2101	0.9248	0.2196	1.4894	1.4512	0.0000	0.0066	0.0000	0.2194	0.2151	0.2639	0.0001	1.4189	1.4370	0.0000	0.0000	0.0000	0.0001	0.0973	0.2854	0.0004	0.9527	0.9902	0.0000	0.0030	0.6182	0.0004	0.0001	0.0023	-0.1331	-0.0296	4.6627	6.1537	3.3142	5.2905	0.2242	0.2242	0.0000	0.2242	0.2242	0.0000	0.0000	0.0000	0.0000	0.0359	0.0358	0.0001	0.0350	0.0350	0.0000	0.0009	0.0009	0.0001	1.0425	0.8495	0.1930	0.1580	0.1560	0.0020	0.8845	0.6935	0.1910	0.3689	0.1671	0.2018	0.0516	0.0492	0.0025	0.3173	0.1179	0.1994	2.2101	1.2311	0.2196	2.0947	2.0207	0.0000	0.0066	0.0000	0.2194	0.0973	0.2144	0.0004	0.6774	0.7111	0.0000	0.0030	0.0073	0.0004
3	77	0.1146	3	1	0	2	1	0	0	0	0	N	N	Y	N	N	N	N	N	N	N	N	N	0.4993	77.6246	0.0000	18.8359	21.3548	0.0000	0.4193	inf	0.0000	1.2835	1.5875	0.0000	1.4636	1.4805	0.0000	1.2490	1.6137	0.0000	2.5708	0.0205	4.6879	0.0777	0.0693	0.2439	2.9785	0.0000	4.7434	0.0000	276.1396	-0.7258	0.1698	4.6627	5.3392	3.3142	7.0004	1.2229	1.2229	0.0000	0.2242	0.2242	0.0000	0.9987	0.9987	0.0000	1.0005	0.0036	0.9969	0.0042	0.0036	0.0006	0.9962	0.0000	0.9962	0.9528	0.7704	0.1825	0.1532	0.1515	0.0017	0.7996	0.6189	0.1807	0.3892	0.1765	0.2126	0.0547	0.0521	0.0026	0.3345	0.1244	0.2100	0.4993	77.6246	0.0000	18.8359	21.3548	0.0000	0.4193	inf	0.0000	2.5708	0.0205	4.6879	0.0777	0.0693	0.2439	2.9785	0.0000	4.7434
3	78	0.1146	3	1	0	2	1	0	0	0	0	N	N	Y	N	N	N	N	N	N	N	N	N	0.7342	0.4094	0.6958	0.6703	0.2152	0.2636	0.0000	1.4367	1.4554	0.0000	0.0000	0.0000	0.0000	0.2931	0.6440	0.0000	2.0649	2.1713	0.0000	0.0000	0.0000	0.0000	0.0000	0.0000	-0.1357	-0.1044	4.6627	6.3392	3.3142	7.9996	0.2286	0.2286	0.0000	0.2286	0.2286	0.0000	0.0000	0.0000	0.0000	0.1263	0.1263	0.0000	0.1263	0.1263	0.0000	0.0000	0.0000	0.0000	1.0624	0.8671	0.1953	0.1591	0.1571	0.0020	0.9032	0.7100	0.1932	0.4311	0.1962	0.2349	0.0612	0.0582	0.0030	0.3699	0.1380	0.2319	0.7342	0.4094	0.0000	0.6958	0.6703	0.0000	0.0000	0.0000	0.0000	0.2931	0.6440	0.0000	2.0649	2.1713	0.0000	0.0000	0.0000	0.0000					
3	79	0.1146	3	1	1	1	0	0	0	0	0	N	N	N	N	N	N	N	N	N	N	N	N	199.3816	134.3406	0.0000	102.9993	98.7538	0.0000	0.0000	0.5093	0.6950	0.0000	1.7571	1.7635	0.0000	0.0000	0.0000	0.0000	0.0026	0.0052	0.0004	0.0171	0.0179	0.0000	0.0003	0.0000	0.0004	0.0000	0.1000	-0.1331	-0.0004	4.6627	1.3392	3.3142	5.0004	0.2242	0.2242	0.0000	0.2242	0.2242	0.0000	0.0000	0.0000	0.0000	0.0006	0.0005	0.0001	0.0005	0.0005	0.0000	0.0001	0.0000	0.0001	0.4403	0.3227	0.1176	0.1276	0.1272	0.0005	0.3126	0.1955	0.1171	0.2325	0.1044	0.1281	0.0317	0.0302	0.0014	0.2009	0.0741	0.1267	199.3816	134.3406	0.0000	102.9993	98.7538	0.0000	0.0000	0.0000	0.0000	0.0026	0.0052	0.0004	0.0171	0.0179	0.0000	0.0003	0.0000	0.0004		
3	80	0.1146	3	2	1	1	0	0	0	0	0	Y	N	N	N	N	N	N	N	N	N	N	N	0.4334	2.1311	0.0000	0.7527	0.7291	0.0000	0.3947	inf	0.0000	0.9681	1.1697	0.0000	1.3159	1.3364	0.0000	0.9139	1.1379	0.0000	2.2337	0.5489	3.6576	1.7481	1.8329	0.1725	2.3157	0.0000	3.7057	0.0000	7.8845	-0.7258	0.0683	4.6627	8.3392	3.3142	9.9996	1.2229	1.2229	0.0000	0.2242	0.2242	0.0000	0.9987	0.9987	0.0000	1.1232	0.1264	0.9968	0.1271	0.1264	0.0006	0.9962	0.0000	0.9962	1.2632	1.0455	0.2177	0.1704	0.1678	0.0026	1.0928	0.8777	0.2151	0.5029	0.2303	0.2725	0.0727	0.0690	0.0037	0.4302	0.1614	0.2688	0.4334	2.1311	0.0000	0.7527	0.7291	0.0000	0.3947	inf	0.0000	2.2337	0.5489	3.6576	1.7481	1.8329	0.1725	2.3157	0.0000	3.7057
4	6	0.1903	3	1	2	0	0	0	0	0	0	N	Y	N	N	N	N	N	N	N	N	N	N	0.0010	2.0350	0.0000	0.0047	0.0048	0.0000	0.0011	198.3123	0.0000	0.0028	0.0033	0.0000	0.0000	0.0000	0.0000	0.0048	0.0061	0.0000	2.7647	0.0016	5.7770	0.0024	0.0025	0.0000	4.2255	0.0000	5.8616	0.0000	3269.0745	-0.0004	0.1824	6.2094	1.0478	5.8243	5.1610	0.0007	0.0007	0.0000	0.0000	0.0000	0.0000	0.0007	0.0007	0.0000	1.0538	0.0003	1.0535	0.0003	0.0003	0.0000	1.0535	0.0000	1.0535	0.2505	0.2152	0.0353	0.1038	0.0986	0.0051	0.1467	0.1166	0.0301	0.3812	0.1988	0.1824	0.1319	0.1292	0.0026	0.2493	0.0696	0.1797	0.0010	2.0350	0.0000	0.0047	0.0048	0.0000	0.0011	192295.1622	0.0000	2.7647	0.0016	5.7770	0.0024	0.0025	0.0000	4.2255	0.0000	5.8616
4	7	0.1578	2	1	2	0	1	0	0	0	0	N	Y	N	N	N	N	N	N	N	N	N	N	0.4836	0.1497	2.5493	0.0003	0.0003	1.0463	inf	2.9204	1.5618	0.4571	8.6694	0.0019	0.0020	0.0000	2.4271	0.7481	10.1159	3.2293	3.0541	3.4007	5.8328	6.0484	0.0000	2.3197	0.0000	3.4639	2.9477	1.1382	0.2051	-0.5754	6.2094	4.3392	5.8243	10.9996	1.3389	0.3392	0.9998	0.0006	0.0006	0.0000	1.3384	0.3386	0.9998	1.9550	0.9143	1.0407	0.9143	0.9143	0.0000	1.0407	0.0000	1.0407	0.8573	0.7420	0.1153	0.3059	0.2894	0.0165	0.5514	0.4526	0.0988	0.6054	0.2994	0.3060	0.1568	0.1512	0.0056	0.4486	0.1482	0.3004	0.4836	0.1497	2.5493	0.0003	0.0003	0.0000	1.0463	inf	2.9204	3.2293	3.0541	3.4007	5.8328	6.0484	0.0000	2.3197	0.0000	3.4639	
4	8	0.1578	2	1	1	1	0	0	0	0	0	N	N	N	N	N	N	N	N	N	N	N	N	0.6871	0.7202	0.0000	0.0004	0.0004	1.7380	inf	0.0000	1.5620	1.8048	0.0000	0.0019	0.0020	0.0000	2.4275	2.9576	0.0000	2.2733	2.5060	2.0459	4.7814	4.9562	0.0000	1.3967	0.0000	2.0836	0.0000	0.8359	-0.7948	-0.4864	6.2094	4.3392	5.8243	9.9996	1.3392	1.3392	0.0000	0.0006	0.0006	0.0000	1.3386	1.3386	0.0000	1.3100	0.7135	0.5964	0.7135	0.7135	0.0000	0.5964	0.0000	0.5964	0.8573	0.7420	0.1153	0.3059	0.2894	0.0165	0.5514	0.4526	0.0988	0.5762	0.2847	0.2915	0.1492	0.1440	0.0053	0.4270	0.1408	0.2863	0.6871	0.7202	0.0000	0.0004	0.0004	0.0000	1.7380	inf	0.0000	2.2733	2.5060	2.0459	4.7814	4.9562	0.0000	1.3967	0.0000	2.0836	
4	9	0.2316	3	0	1	1	0	0	0	0	0	N	N	N	N	N	N	N	N	N	N	N	N	1.5904	6.9699	0.0002	11.2991	11.3924	0.1079	0.0031	3.0123	0.0001	0.0542	0.0641	0.0000	0.1919	0.1995	0.0001	0.0001	0.0002	0.0000	0.0341	0.0092	0.0634	0.0170	0.0175	0.0009	0.0412	0.0001	0.0647	0.0000	5.8661	-0.0000	0.0001	6.2094	0.0046	5.8243	1.9974	0.0001	0.0001	0.0000	0.0001	0.0001	0.0000	0.0000	0.0000	0.0000	0.0040	0.0006	0.0035	0.0006	0.0006	0.0000	0.0035	0.0000	0.0035	0.0011	0.0009	0.0002	0.0003	0.0003	0.0000	0.0008	0.0006	0.0002	0.1185	0.0640	0.0545	0.0347	0.0336	0.0011	0.0838	0.0304	0.0534	1.5904	6.9699	0.0002	11.2991	11.3924	0.1079	0.0031	2070.7801	0.0001	0.0341	0.0092	0.0634	0.0170	0.0175	0.0009	0.0412	0.0000	0.0647
4	10	0.1578	2	0	1	1	0	0	0	0	0	N	N	N	N	N	N	N	N	N	N	N	N	0.1812	0.2848	0.0000	0.3703	0.3781	0.0207	0.0005	inf	0.0000	0.5527	0.6371	0.0002	1.5843	1.6779	0.0009	0.0014	0.0017	0.0001	3.0504	2.2368	3.8479	4.2787	4.4377	0.0416	2.6214	0.0000	3.9198	0.0000	1.7550	-0.3921	-0.3715	6.2094	6.6608	5.8243	9.9996	0.6607	0.6607	0.0000	0.6596	0.6596	0.0000	0.0011	0.0011	0.0000	1.9590	0.7111	1.2479	0.7113	0.7111	0.0003	1.2477	0.0000	1.2477	1.1955	1.0371	0.1584	0.4163	0.3931	0.0232	0.7791	0.6440	0.1352	0.6422	0.3179	0.3243	0.1662	0.1602	0.0060	0.4760	0.1577	0.3183	0.1812	0.2848	0.0000	0.3703	0.3781	0.0207	0.0005	inf	0.0000	3.0504	2.2368	3.8479	4.2787	4.4377	0.0416	2.6214	0.0000	3.9198
4	11	0.1925	3	1	2	0	0	0	0	0	0	N	Y	N	N	N	N	N	N	N	N	N	N	10.5939	7.9092	0.0000	7.3888	7.8018	0.0000	0.0398	inf	0.0000	1.6335	1.8877	0.0000	4.2110	4.4194	0.0000	0.0044	0.0055	0.0000	0.1542	0.2387	0.1854	0.5699	0.5665	0.1168	0.1113	0.0000	0.1861	0.0000	0.9396	-0.3922	-0.0170	6.2094	1.6609	5.8243	2.6354	0.6608	0.6608	0.0000	0.6597	0.6597	0.0000	0.0011	0.0011	0.0000	0.0498	0.0257	0.0241	0.0258	0.0257	0.0002	0.0239	0.0000	0.0239	0.4045	0.3500	0.0545	0.1567	0.1493	0.0074	0.2478	0.2008	0.0471	0.3227	0.1927	0.1300	0.1075	0.1061	0.0014	0.2152	0.0865	0.1287	10.5939	14.1774	0.0000	17.5395	18.2861	0.0000	0.0398	inf	0.0000	0.1542	0.1331	0.1854	0.2401	0.2417	0.1168	0.1113	0.0000	0.1861
4	12	0.1578	2	0	1	1	1	0	0	0	0	N	N	N	N	N	N	N	N	N	N	N	N	0.7714	0.4511	2.9147	0.0019	0.0019	1.1656	inf	3.3534	1.1633	0.3402	6.5378	0.0027	0.0029	0.0000	1.7863	0.5473	7.6586	1.5079	0.7541	2.2431	1.4375	1.4894	0.0000	1.5326	0.0000	2.2838	2.9432	3.0501	0.2048	-0.0605	6.2094	6.3392	5.8243	6.9996	1.3394	0.3397	0.9998	0.0011	0.0011	0.0000	1.3384	0.3386	0.9998	0.8233	0.2033	0.6200	0.2033	0.2033	0.0000	0.6200	0.0000	0.6200	1.1514	0.9985	0.1529	0.4022	0.3798	0.0224	0.7492	0.6187	0.1305	0.5460	0.2696	0.2764	0.1414	0.1365	0.0049	0.4046	0.1331	0.2715	0.7714	0.4511	2.9147	0.0019	0.0019	0.0000	1.1656	inf	3.3534	1.5079	0.7541	2.2431	1.4375	1.4894	0.0000	1.5326	0.0000	2.2838	
4	13	0.1578	2	0	2	0	0	0	0	0	0	N	Y	N	N	N	N	N	N	N	N	N	N	26.0083	961.8145	0.0000	293.4890	513.7335	0.0000	18.2256	inf	0.0000	1.2512	1.4409	0.0000	1.4397	1.5255	0.0000	1.1519	1.3901	0.0000	0.0481	0.0015	0.0938	0.0049	0.0030	0.0569	0.0632	0.0000	0.0944	0.0000	63.9075	-0.9856	0.0047	6.2094	7.6608	5.8243	8.3397	1.6607	1.6607	0.0000	0.6596	0.6596	0.0000	1.0011	1.0011	0.0000	0.0300	0.0005	0.0296	0.0008	0.0005	0.0003	0.0292	0.0000	0.0292	1.3272	1.1525	0.1747	0.4582	0.4324	0.0258	0.8691	0.7202	0.1489	0.6241	0.3088	0.3153	0.1616	0.1558	0.0058	0.4625	0.1530	0.3095	26.0083	961.8145	0.0000	293.4890	513.7335	0.0000	18.2256	inf	0.0000	0.0481	0.0015	0.0938	0.0049	0.0030	0.0569	0.0632	0.0000	0.0944
4	14	0.1578	2	0	1	0	1	0	0	0	0	N	N	N	N	N	N	N	N	N	N	N	N	0.8803	0.5151	3.3047	0.0021	0.0022	1.3374	inf	3.7959	1.3277	0.3887	7.4126	0.0031	0.0032	0.0000	2.0497	0.6298	8.6692	1.5081	0.7545	2.2431	1.4383	1.4902	0.0000	1.5326	0.0000	2.2838	2.9432	3.0485	0.2048	-0.0606	6.2094	5.3392	5.8243	7.9996	1.3394	0.3397	0.9998	0.0011	0.0011	0.0000	1.3384	0.3386	0.9998	0.8234	0.2034	0.6200	0.2034	0.2034	0.0000	0.6200	0.0000	0.6200	1.0089	0.8740	0.1349	0.3559	0.3364	0.0195	0.6530	0.5376	0.1153	0.5460	0.2696	0.2764	0.1414	0.1365	0.0049	0.4046	0.1331	0.2715	0.8803	0.5151	3.3047	0.0021	0.0022	0.0000	1.3374	inf	3.7959	1.5081	0.7545	2.2431	1.4383	1.4902	0.0000	1.5326	0.0000	2.2838	
4	15	0.1578	2	0	2	0	1	0	0	0	0	N	Y	N	N	N	N	N	N	N	N	N	N	1.7569	1592.0442	1.0988	1083.4254	2073.7075	0.0192	0.3364	inf	1.2607	2.0618	1.9866	2.5462	4.8356	5.1131	0.0011	0.5322	0.0023	2.9733	1.1735	0.0012	2.3173	0.0045	0.0025	0.0595	1.5821	0.0000	2.3584	0.1988	1903.2614	-0.7998	0.1127	6.2094	4.6608	5.8243	9.0004	1.8702	1.5601	0.3101	1.5590	1.5590	0.0000	0.3112	0.0011	0.3101	0.6523	0.0003	0.6520	0.0006	0.0003	0.0003	0.6516	0.0000	0.6516	0.9071	0.7853	0.1218	0.3224	0.3049	0.0175	0.5847	0.4804	0.1043	0.5559	0.2745	0.2813	0.1440	0.1389	0.0050	0.4119	0.1356	0.2763	1.7569	1592.0442	1.0988	1083.4254	2073.7075	0.0192	0.3364	inf	1.2607	1.1735	0.0012	2.3173	0.0045	0.0025	0.0595	1.5821	0.0000	2.3584
4	16	0.1883	3	0	2	0	0	0	0	0	0	N	Y	N	N	N	N	N	N	N	N	N	N	189.1407	383.8597	0.0000	129.9863	139.3920	0.0000	245.0955	196053.6822	0.0000	2.1905	2.4604	0.0000	1.7269	1.8308	0.0000	2.7017	3.2476	0.0000	0.0116	0.0064	0.0168	0.0133	0.0131	0.0285	0.0110	0.0000	0.0167	0.0000	2.6088	-0.5841	-0.0003	6.2094	1.9870	5.8243	4.1092	0.9842	0.9842	0.0000	0.4069	0.4069	0.0000	0.5773	0.5773	0.0000	0.0031	0.0009	0.0023	0.0009	0.0009	0.0000	0.0022	0.0000	0.0022	0.4493	0.4000	0.0493	0.2356	0.2223	0.0134	0.2137	0.1778	0.0359	0.2693	0.1349	0.1345	0.0665	0.0658	0.0007	0.2029	0.0690	0.1338	189.1407	383.8597	0.0000	129.9863	139.3920	0.0000	245.0955	172483926.0647	0.0000	0.0116	0.0064	0.0168	0.0133	0.0131	0.0285	0.0110	0.0000	0.0167
4	17	0.1578	2	0	2	0	1	0	0	0	0	N	Y	N	N	N	N	N	N	N	N	N	N	0.7608	0.4453	2.9046	0.0019	0.0019	1.1391	inf	3.3457	0.9484	0.2768	5.4025	0.0022	0.0024	0.0000	1.4428	0.4398	6.3415	1.2466	0.6215	1.8600	1.1892	1.2342	0.0000	1.2666	0.0000	1.8954	2.9432	3.0500	0.2048	-0.0606	6.2094	8.3392	5.8243	8.9996	1.3394	0.3397	0.9998	0.0011	0.0011	0.0000	1.3384	0.3386	0.9998	0.8233	0.2033	0.6200	0.2033	0.2033	0.0000	0.6200	0.0000	0.6200	1.4124	1.2273	0.1851	0.4848	0.4574	0.0274	0.9276	0.7700	0.1577	0.6604	0.3271	0.3333	0.1709	0.1647	0.0062	0.4895	0.1624	0.3271	0.7608	0.4453	2.9046	0.0019	0.0019	0.0000	1.1391	inf	3.3457	1.2466	0.6215	1.8600	1.1892	1.2342	0.0000	1.2666	0.0000	1.8954	
4	18	0.2039	3	1	2	0	0	0	0	0	0	N	Y	N	N	N	N	N	N	N	N	N	N	0.0040	30.8481	0.0000	0.3322	0.3436	0.1194	0.0041	51.4941	0.0000	0.0141	0.0162	0.0000	0.0002	0.0003	0.0000	0.0246	0.0299	0.0000	3.5084	0.0005	9.6818	0.0007	0.0007	0.0000	6.0197	0.0006	10.4282	0.0000	11774.7315	-0.0017	0.1735	6.2094	1.0070	5.8243	4.1063	0.0028	0.0028	0.0000	0.0000	0.0000	0.0000	0.0028	0.0028	0.0000	1.0013	0.0001	1.0012	0.0001	0.0001	0.0000	1.0012	0.0000	1.0012	0.2000	0.1744	0.0256	0.0864	0.0808	0.0055	0.1137	0.0936	0.0201	0.2854	0.1623	0.1231	0.1191	0.1152	0.0039	0.1663	0.0470	0.1193	0.0040	30.8481	0.0000	0.3322	0.3436	0.1194	0.0041	149660.3037	0.0000	3.5084	0.0005	8.1312	0.0007	0.0007	0.0000	6.0197	0.0000	8.3937
4	19	0.1578	2	0	2	0	0	0	0	0	0	N	Y	N	N	N	N	N	N	N	N	N	N	0.1274	527.3232	0.0000	0.4487	1.1448	0.0000	0.1466	inf	0.0000	0.3956	0.4571	0.0000	0.0019	0.0020	0.0000	0.6141	0.7481	0.0000	3.1042	0.0009	6.1258	0.0041	0.0017	0.0718	4.1880	0.0000	6.2344	0.0000	7258.0793	-0.2013	0.2766	6.2094	4.3392	5.8243	7.9996	0.3392	0.3392	0.0000	0.0006	0.0006	0.0000	0.3386	0.3386	0.0000	1.5970	0.0002	1.5968	0.0006	0.0002	0.0003	1.5964	0.0000	1.5964	0.8573	0.7420	0.1153	0.3059	0.2894	0.0165	0.5514	0.4526	0.0988	0.5145	0.2538	0.2607	0.1333	0.1287	0.0046	0.3812	0.1251	0.2561	0.1274	527.3232	0.0000	0.4487	1.1448	0.0000	0.1466	inf	0.0000	3.1042	0.0009	6.1258	0.0041	0.0017	0.0718	4.1880	0.0000	6.2344
4	20	0.1578	2	0	1	0	1	0	0	0	0	N	N	N	N	N	N	N	N	N	N	N	N	1.1877	1618.4411	0.0007	1118.8190	2153.5067	0.0196	0.0011	inf	0.0007	1.3052	1.5044	0.0015	3.7446	3.9659	0.0009	0.0017	0.0017	0.0016	1.0990	0.0009	2.1736	0.0033	0.0018	0.0439	1.4817	0.0000	2.2134	0.0002	2389.2950	-0.9258	0.1168	6.2094	6.6608	5.8243	9.0004	1.5603	1.5601	0.0002	1.5590	1.5590	0.0000	0.0013	0.0011	0.0002	0.6754	0.0003	0.6751	0.0005	0.0003	0.0003	0.6748	0.0000	0.6748	1.1955	1.0371	0.1584	0.4163	0.3931	0.0232	0.7791	0.6440	0.1352	0.6145	0.3040	0.3106	0.1591	0.1534	0.0057	0.4554	0.1505	0.3049	1.1877	1618.4411	0.0007	1118.8190	2153.5067	0.0196	0.0011	inf	0.0007	1.0990	0.0009	2.1736	0.0033	0.0018	0.0439	1.4817	0.0000	2.2134
4	21	0.1975	3	1	1	1	0	0	0	0	0	N	N	N	N	N	N	N	N	N	N	N	N	0.5115	0.6916	0.0069	0.9620	0.9909	6.9305	0.0033	inf	0.0065	0.0039	0.0046	0.0001	0.0117	0.0124	0.0001	0.0000	0.0000	0.0001	0.0077	0.0066	0.0087	0.0122	0.0126	0.0000	0.0061	0.0000	0.0088	0.0022	1.4486	-0.0005	-0.0004	6.2094	1.0018	5.8243	3.0659	0.0008	0.0008	0.0000	0.0008	0.0008	0.0000	0.0000	0.0000	0.0000	0.0016	0.0007	0.0010	0.0007	0.0007	0.0000	0.0010	0.0000	0.0010	0.2040	0.1749	0.0290	0.0682	0.0642	0.0040	0.1358	0.1108	0.0250	0.2120	0.1006	0.1114	0.0546	0.0530	0.0017	0.1573	0.0476	0.1097	0.5115	0.6916	0.0069	0.9620	0.9909	6.9305	0.0033	inf	0.0065	0.0077	0.0066	0.0087	0.0122	0.0126	0.0000	0.0061	0.0000	0.0088
4	22	0.1578	2	0	2	0	0	0	0	0	0	N	Y	N	N	N	N	N	N	N	N	N	N	0.3702	1.2998	0.0001	1.6334	1.6681	0.0173	0.0009	inf	0.0000	0.8822	1.0198	0.0003	2.4460	2.5825	0.0014	0.0023	0.0028	0.0001	2.3827	0.7846	3.9395	1.4975	1.5482	0.0808	2.6922	0.0000	4.0090	0.0000	5.1544	-0.3921	0.0136	6.2094	3.6608	5.8243	8.9996	0.6607	0.6607	0.0000	0.6596	0.6596	0.0000	0.0011	0.0011	0.0000	1.2503	0.2032	1.0471	0.2035	0.2032	0.0004	1.0467	0.0000	1.0467	0.7489	0.6478	0.1011	0.2697	0.2554	0.0143	0.4793	0.3924	0.0868	0.5247	0.2589	0.2658	0.1359	0.1312	0.0047	0.3888	0.1277	0.2611	0.3702	1.2998	0.0001	1.6334	1.6681	0.0173	0.0009	inf	0.0000	2.3827	0.7846	3.9395	1.4975	1.5482	0.0808	2.6922	0.0000	4.0090
4	23	0.1578	2	0	2	0	0	0	0	0	0	N	Y	N	N	N	N	N	N	N	N	N	N	0.1629	0.5713	0.0001	0.0013	0.0012	0.0169	0.2237	inf	0.0000	0.3957	0.4571	0.0003	0.0019	0.0020	0.0012	0.6141	0.7481	0.0001	2.4292	0.8002	4.0154	1.5264	1.5783	0.0718	2.7449	0.0000	4.0862	0.0001	5.1540	-0.2013	0.0136	6.2094	4.3392	5.8243	7.9996	0.3392	0.3392	0.0000	0.0006	0.0006	0.0000	0.3386	0.3386	0.0000	1.2497	0.2031	1.0467	0.2034	0.2031	0.0003	1.0463	0.0000	1.0463	0.8573	0.7420	0.1153	0.3059	0.2894	0.0165	0.5514	0.4526	0.0988	0.5145	0.2538	0.2607	0.1333	0.1287	0.0046	0.3812	0.1251	0.2561	0.1629	0.5713	0.0001	0.0013	0.0012	0.0169	0.2237	inf	0.0000	2.4292	0.8002	4.0154	1.5264	1.5783	0.0718	2.7449	0.0000	4.0862
4	24	0.1578	2	1	2	0	0	0	0	0	0	N	Y	N	N	N	N	N	N	N	N	N	N	0.1930	inf	0.0000	inf	inf	0.2237	inf	0.0000	0.4874	0.5636	0.0000	0.0023	0.0025	0.0000	0.7624	0.9323	0.0000	2.5250	0.0000	4.9717	0.0000	0.0000	0.0000	3.4080	0.0000	5.0575	0.0000	inf	-0.2013	0.1804	6.2094	3.3392	5.8243	5.9996	0.3392	0.3392	0.0000	0.0006	0.0006	0.0000	0.3386	0.3386	0.0000	1.0407	0.0000	1.0407	0.0000	0.0000	0.0000	1.0407	0.0000	1.0407	0.6959	0.6018	0.0941	0.2518	0.2386	0.0132	0.4441	0.3632	0.0809	0.4121	0.2028	0.2093	0.1068	0.1032	0.0036	0.3054	0.0996	0.2058	0.1930	inf	0.0000	inf	inf	0.0000	0.2237	inf	0.0000	2.5250	0.0000	4.9717	0.0000	0.0000	0.0000	3.4080	0.0000	5.0575	
4	25	0.1578	2	0	2	0	0	0	0	0	0	N	Y	N	N	N	N	N	N	N	N	N	N	0.3581	1.2579	0.0001	1.5986	1.6324	0.0197	0.0008	inf	0.0000	0.7284	0.8413	0.0002	2.0459	2.1632	0.0011	0.0019	0.0023	0.0001	2.0340	0.6688	3.3702	1.2798	1.3252	0.0580	2.2976	0.0000	3.4321	0.0000	5.1484	-0.3921	0.0134	6.2094	4.6608	5.8243	10.9996	0.6607	0.6607	0.0000	0.6596	0.6596	0.0000	0.0011	0.0011	0.0000	1.2500	0.2033	1.0467	0.2036	0.2033	0.0003	1.0463	0.0000	1.0463	0.9071	0.7853	0.1218	0.3224	0.3049	0.0175	0.5847	0.4804	0.1043	0.6145	0.3040	0.3106	0.1591	0.1534	0.0057	0.4554	0.1505	0.3049	0.3581	1.2579	0.0001	1.5986	1.6324	0.0197	0.0008	inf	0.0000	2.0340	0.6688	3.3702	1.2798	1.3252	0.0580	2.2976	0.0000	3.4321
4	26	0.1837	3	1	2	0	0	0	0	0	0	N	Y	N	N	N	N	N	N	N	N	N	N	0.0000	0.0000	0.0000	0.0000	0.0000	0.0000	0.0000	0.0000	0.0000	0.0000	0.0000	0.0000	0.0000	0.0001	0.0001	0.0000	0.0001	0.0001	0.0000	0.0000	0.0000	0.0000	0.0000	0.0000	-0.0000	6.2094	0.0026	5.8243	0.9906	0.0000	0.0000	0.0000	0.0000	0.0000	0.0000	0.0000	0.0000	0.0000	0.0000	0.0000	0.0000	0.0000	0.0000	0.0000	0.0000	0.0000	0.0000	0.3589	0.3066	0.0524	0.1811	0.1809	0.0002	0.1778	0.1257	0.0521	0.3262	0.1744	0.1518	0.1541	0.1535	0.0006	0.1720	0.0209	0.1512	0.0000	0.0000	0.0000	0.0000	0.0000	0.0000	0.0000	0.0000	0.0000	0.0001	0.0001	0.0000	0.0001	0.0001	0.0000	0.0000	0.0000	0.0000						
4	27	0.1578	2	0	2	0	0	0	0	0	0	N	Y	N	N	N	N	N	N	N	N	N	N	12.0219	749.4408	0.0000	433.0944	977.8249	0.0000	0.0234	inf	0.0000	0.7284	0.8413	0.0000	2.0458	2.1632	0.0000	0.0019	0.0023	0.0000	0.0606	0.0011	0.1184	0.0047	0.0022	0.0757	0.0801	0.0000	0.1192	0.0000	108.4597	-0.3921	0.0049	6.2094	4.6608	5.8243	7.0004	0.6607	0.6607	0.0000	0.6596	0.6596	0.0000	0.0011	0.0011	0.0000	0.0298	0.0003	0.0296	0.0006	0.0003	0.0003	0.0292	0.0000	0.0292	0.9071	0.7853	0.1218	0.3224	0.3049	0.0175	0.5847	0.4804	0.1043	0.4924	0.2428	0.2496	0.1276	0.1232	0.0044	0.3648	0.1196	0.2453	12.0219	749.4408	0.0000	433.0944	977.8249	0.0000	0.0234	inf	0.0000	0.0606	0.0011	0.1184	0.0047	0.0022	0.0757	0.0801	0.0000	0.1192
4	28	0.1578	2	0	2	0	0	0	0	0	0	N	Y	N	N	N	N	N	N	N	N	N	N	11.1232	552.7376	0.0000	715.7963	732.3109	0.0215	inf	0.0000	0.6259	0.7222	0.0000	1.7770	1.8808	0.0000	0.0016	0.0020	0.0000	0.0563	0.0013	0.1096	0.0025	0.0026	0.0000	0.0751	0.0000	0.1114	0.0000	86.4816	-0.3921	0.0039	6.2094	5.6608	5.8243	4.0004	0.6607	0.6607	0.0000	0.6596	0.6596	0.0000	0.0011	0.0011	0.0000	0.0238	0.0003	0.0236	0.0003	0.0003	0.0000	0.0236	0.0000	0.0236	1.0557	0.9148	0.1408	0.3712	0.3507	0.0205	0.6845	0.5641	0.1203	0.4237	0.2086	0.2152	0.1098	0.1061	0.0037	0.3140	0.1025	0.2115	11.1232	552.7376	0.0000	715.7963	732.3109	0.0000	0.0215	inf	0.0000	0.0563	0.0013	0.1096	0.0025	0.0026	0.0000	0.0751	0.0000	0.1114	
4	29	0.1578	2	0	2	1	1	0	0	0	0	N	Y	N	N	N	N	N	N	N	N	N	N	1.8044	1.0278	0.0000	1.2404	1.2573	0.0000	3.5379	inf	0.0000	3.8955	4.5053	0.0000	10.3313	10.8338	0.0000	0.0044	0.0054	0.0000	2.1589	4.3836	0.0020	8.3292	8.6164	0.0136	0.0012	0.0000	0.0018	0.0000	0.0005	-0.9259	-0.7558	6.2094	1.6608	5.8243	8.0004	1.5601	1.5601	0.0000	1.5590	1.5590	0.0000	0.0011	0.0011	0.0000	0.9148	0.9144	0.0004	0.9144	0.9144	0.0001	0.0004	0.0000	0.0004	0.4005	0.3463	0.0542	0.1509	0.1439	0.0070	0.2496	0.2024	0.0472	0.4237	0.2086	0.2152	0.1098	0.1061	0.0037	0.3140	0.1025	0.2115	1.8044	1.0278	0.0000	1.2404	1.2573	0.0000	3.5379	inf	0.0000	2.1589	4.3836	0.0020	8.3292	8.6164	0.0136	0.0012	0.0000	0.0018
4	30	0.1578	2	0	2	0	0	0	0	0	0	N	Y	N	N	N	N	N	N	N	N	N	N	11.1185	533.1505	0.0019	690.4622	706.3710	inf	0.0215	inf	0.0007	0.6259	0.7222	0.0002	1.7770	1.8807	0.0010	0.0016	0.0019	0.0001	0.0563	0.0014	0.1096	0.0026	0.0027	0.0000	0.0751	0.0000	0.1114	0.0000	83.4208	-0.3921	0.0039	6.2094	5.6608	5.8243	4.0004	0.6607	0.6607	0.0000	0.6596	0.6596	0.0000	0.0011	0.0011	0.0000	0.0239	0.0003	0.0236	0.0003	0.0003	0.0000	0.0236	0.0000	0.0236	1.0557	0.9148	0.1408	0.3712	0.3507	0.0205	0.6845	0.5641	0.1203	0.4237	0.2086	0.2152	0.1098	0.1061	0.0037	0.3140	0.1025	0.2115	11.1185	533.1505	0.0019	690.4622	706.3710	inf	0.0215	inf	0.0007	0.0563	0.0014	0.1096	0.0026	0.0027	0.0000	0.0751	0.0000	0.1114
4	31	0.2281	3	1	2	0	0	0	0	0	0	N	Y	N	N	N	N	N	N	N	N	N	N	0.0142	0.0021	6.8880	0.0020	0.0021	0.0000	1.5037	4.1559	9.7513	0.0092	0.0025	0.0853	0.0027	0.0029	0.0000	0.0164	0.0022	0.1227	0.6470	1.1964	0.0124	1.3535	1.3753	0.0005	0.0109	0.0005	0.0126	2.9236	0.0090	0.0001	-0.1260	6.2094	0.1965	5.8243	2.3074	0.0005	0.0001	0.0004	0.0001	0.0001	0.0000	0.0004	0.0000	0.0004	0.1541	0.1527	0.0014	0.1527	0.1527	0.0000	0.0014	0.0000	0.0014	0.0556	0.0512	0.0045	0.0295	0.0281	0.0014	0.0262	0.0231	0.0031	0.2382	0.1277	0.1105	0.1128	0.1110	0.0018	0.1253	0.0166	0.1087	0.0142	0.0021	6.8880	0.0020	0.0021	0.0000	1.5037	10845.2988	9.7513	0.6470	1.1964	0.0124	1.3535	1.3753	0.0005	0.0109	0.0000	0.0126
4	32	0.1578	2	0	2	0	1	0	0	0	0	N	Y	N	N	N	N	N	N	N	N	N	N	0.0000	0.0000	0.0000	0.0000	0.0000	0.0000	0.0000	0.0000	0.0000	0.0000	0.0000	0.0000	0.0000	0.0000	0.0000	0.0000	0.0000	0.0000	0.0000	0.0000	6.2094	0.0000	5.8243	1.0000	0.0000	0.0000	0.0000	0.0000	0.0000	0.0000	0.0000	0.0000	0.0000	0.0000	0.0000	0.0000	0.0000	0.0000	0.0000	0.0000	0.0000	0.0000	0.0000	0.0000	0.0000	0.0000	0.0000	0.0000	0.0000	0.0000	0.0000	0.0525	0.0257	0.0269	0.0137	0.0133	0.0004	0.0389	0.0124	0.0265	0.0000	0.0000	0.0000	0.0000	0.0000	0.0000	0.0000	0.0000	0.0000	0.0000	0.0000	0.0000	0.0000	0.0000	0.0000	0.0000	0.0000	0.0000											
4	33	0.1578	2	1	2	0	0	0	0	0	0	N	Y	N	N	N	N	N	N	N	N	N	N	2.5166	10710.9485	0.0000	5270.1453	5359.4694	1.7741	inf	0.0000	2.8609	3.3093	0.0000	3.1020	3.2676	0.0000	2.7214	3.3374	0.0000	1.1368	0.0003	2.2439	0.0006	0.0006	0.0000	1.5340	0.0000	2.2843	0.0000	7455.3432	-0.9854	0.1033	6.2094	2.6608	5.8243	9.9996	1.6605	1.6605	0.0000	0.6596	0.6596	0.0000	1.0009	1.0009	0.0000	0.5965	0.0001	0.5964	0.0001	0.0001	0.0000	0.5964	0.0000	0.5964	0.5804	0.5017	0.0787	0.2126	0.2019	0.0108	0.3678	0.2999	0.0679	0.5247	0.2589	0.2658	0.1359	0.1312	0.0047	0.3888	0.1277	0.2611	2.5166	10710.9485	0.0000	5270.1453	5359.4694	0.0000	1.7741	inf	0.0000	1.1368	0.0003	2.2439	0.0006	0.0006	0.0000	1.5340	0.0000	2.2843	
4	36	0.1578	2	0	2	0	0	0	0	0	0	N	Y	N	N	N	N	N	N	N	N	N	N	0.6343	91.8793	0.0001	105.5858	118.1659	0.0232	0.0012	inf	0.0000	0.8822	1.0198	0.0003	2.4460	2.5825	0.0014	0.0023	0.0028	0.0001	1.3907	0.0111	2.7311	0.0232	0.0219	0.0605	1.8689	0.0000	2.7782	0.0000	253.2552	-0.3921	0.1108	6.2094	3.6608	5.8243	7.3397	0.6607	0.6607	0.0000	0.6596	0.6596	0.0000	0.0011	0.0011	0.0000	0.6541	0.0026	0.6515	0.0028	0.0026	0.0003	0.6513	0.0000	0.6513	0.7489	0.6478	0.1011	0.2697	0.2554	0.0143	0.4793	0.3924	0.0868	0.4703	0.2318	0.2385	0.1218	0.1177	0.0041	0.3485	0.1141	0.2344	0.6343	91.8793	0.0001	105.5858	118.1659	0.0232	0.0012	inf	0.0000	1.3907	0.0111	2.7311	0.0232	0.0219	0.0605	1.8689	0.0000	2.7782
4	37	0.2203	4	1	1	1	0	0	0	0	0	N	N	N	N	N	N	N	N	N	N	N	N	0.4974	35.7175	0.0000	0.0733	0.0770	0.0000	0.5843	33207.0921	0.0000	0.6380	0.7373	0.0000	0.0028	0.0030	0.0000	1.0288	1.2650	0.0000	1.2827	0.0206	2.6473	0.0388	0.0389	0.0272	1.7606	0.0000	2.6586	0.0000	118.5973	-0.2011	0.0872	6.2094	2.3426	5.8243	5.0131	0.3389	0.3389	0.0000	0.0006	0.0006	0.0000	0.3383	0.3383	0.0000	0.5282	0.0044	0.5238	0.0044	0.0044	0.0000	0.5238	0.0000	0.5238	0.5312	0.4597	0.0716	0.2024	0.1922	0.0102	0.3289	0.2675	0.0614	0.4118	0.2139	0.1978	0.1143	0.1135	0.0008	0.2975	0.1005	0.1970	0.4974	35.7175	0.0000	0.0733	0.0770	0.0000	0.5843	31777168.3152	0.0000	1.2827	0.0206	2.6473	0.0388	0.0389	0.0272	1.7606	0.0000	2.6586
4	38	0.1925	3	1	1	1	0	0	0	0	0	N	N	N	N	N	N	N	N	N	N	N	N	2.7675	4.0913	0.0003	1.9677	2.1071	0.0000	2.0060	79.4877	0.0003	0.8142	0.9411	0.0001	1.0729	1.1303	0.0000	0.6562	0.8063	0.0002	0.2942	0.2300	0.5376	0.5453	0.5364	0.0974	0.3271	0.0101	0.5425	0.0000	3.0488	-0.2659	-0.0075	6.2094	2.4564	5.8243	2.5086	0.4481	0.4481	0.0000	0.2240	0.2240	0.0000	0.2242	0.2241	0.0000	0.1025	0.0253	0.0772	0.0255	0.0253	0.0002	0.0771	0.0000	0.0771	0.5504	0.4762	0.0742	0.2087	0.1982	0.0106	0.3416	0.2780	0.0636	0.3485	0.2049	0.1436	0.1129	0.1113	0.0016	0.2356	0.0936	0.1421	2.7675	7.6141	0.0003	4.7573	4.9719	0.0000	2.0060	3826.2641	0.0003	0.2942	0.1236	0.5376	0.2255	0.2273	0.0974	0.3271	0.0002	0.5425
4	39	0.1578	2	0	2	0	0	0	0	0	0	N	Y	N	N	N	N	N	N	N	N	N	N	1.2604	1366.6282	0.0007	1020.4431	1802.8958	0.0197	0.0012	inf	0.0008	1.4781	1.7053	0.0017	4.2001	4.4454	0.0010	0.0019	0.0019	0.0018	1.1727	0.0012	2.3157	0.0041	0.0025	0.0496	1.5811	0.0000	2.3570	0.0002	1901.9769	-0.9258	0.1127	6.2094	5.6608	5.8243	8.0004	1.5603	1.5601	0.0002	1.5590	1.5590	0.0000	0.0013	0.0011	0.0002	0.6519	0.0003	0.6515	0.0006	0.0003	0.0003	0.6513	0.0000	0.6513	1.0557	0.9148	0.1408	0.3712	0.3507	0.0205	0.6845	0.5641	0.1203	0.5559	0.2745	0.2813	0.1440	0.1389	0.0050	0.4119	0.1356	0.2763	1.2604	1366.6282	0.0007	1020.4431	1802.8958	0.0197	0.0012	inf	0.0008	1.1727	0.0012	2.3157	0.0041	0.0025	0.0496	1.5811	0.0000	2.3570
4	40	0.1578	2	1	1	1	0	0	0	0	0	N	N	N	N	N	N	N	N	N	N	N	N	0.9558	34038.1411	0.0000	0.5618	19.5296	0.0000	1.0885	inf	0.0000	1.1630	1.3412	0.0000	0.0014	0.0015	0.0000	1.7866	2.1636	0.0000	1.2168	0.0000	2.4015	0.0026	0.0001	0.0718	1.6413	0.0000	2.4433	0.0000	62598.7456	-0.7948	0.1085	6.2094	6.3392	5.8243	5.9996	1.3392	1.3392	0.0000	0.0006	0.0006	0.0000	1.3386	1.3386	0.0000	0.6260	0.0000	0.6260	0.0003	0.0000	0.0003	0.6257	0.0000	0.6257	1.1514	0.9985	0.1529	0.4022	0.3798	0.0224	0.7492	0.6187	0.1305	0.5145	0.2538	0.2607	0.1333	0.1287	0.0046	0.3812	0.1251	0.2561	0.9558	34038.1411	0.0000	0.5618	19.5296	0.0000	1.0885	inf	0.0000	1.2168	0.0000	2.4015	0.0026	0.0001	0.0718	1.6413	0.0000	2.4433
4	41	0.1903	3	1	1	1	0	0	0	0	0	N	N	N	N	N	N	N	N	N	N	N	N	0.0041	0.0072	0.0000	0.0000	0.0000	0.0000	0.0061	150.0304	0.0000	0.0017	0.0019	0.0000	0.0000	0.0000	0.0000	0.0028	0.0035	0.0000	0.4009	0.2658	0.6281	0.6297	0.6583	0.0000	0.4546	0.0000	0.6378	0.0000	3.0007	-0.0004	-0.0126	6.2094	1.9694	5.8243	5.1440	0.0007	0.0007	0.0000	0.0000	0.0000	0.0000	0.0007	0.0007	0.0000	0.1643	0.0411	0.1233	0.0411	0.0411	0.0000	0.1233	0.0000	0.1233	0.4281	0.3700	0.0581	0.1743	0.1649	0.0093	0.2538	0.2051	0.0487	0.4099	0.2137	0.1962	0.1388	0.1358	0.0030	0.2711	0.0779	0.1932	0.0041	0.0100	0.0000	0.0000	0.0000	0.0000	0.0061	122344.3539	0.0000	0.4009	0.1922	0.6281	0.2960	0.3025	0.0000	0.4546	0.0000	0.6378
4	42	0.1578	2	1	1	0	0	0	0	0	0	N	N	N	N	N	N	N	N	N	N	N	N	0.2322	598.2475	0.0000	2.6796	2.7386	0.0000	0.2688	76.3740	0.0000	0.4835	0.5591	0.0000	0.0041	0.0043	0.0000	0.7551	0.9232	0.0000	2.0820	0.0009	4.0853	0.0015	0.0016	0.0000	2.8096	0.0121	4.1520	0.0000	4540.9089	-0.2014	0.0931	6.2094	3.3753	5.8243	2.0398	0.3394	0.3394	0.0000	0.0010	0.0010	0.0000	0.3384	0.3384	0.0000	0.5377	0.0001	0.5376	0.0001	0.0001	0.0000	0.5376	0.0000	0.5376	0.7019	0.6070	0.0949	0.2538	0.2405	0.0133	0.4481	0.3665	0.0816	0.2583	0.1267	0.1316	0.0669	0.0648	0.0021	0.1913	0.0619	0.1295	0.2322	598.2475	0.0000	2.6796	2.7386	0.0000	0.2688	3436.1990	0.0000	2.0820	0.0009	4.0853	0.0015	0.0016	0.0000	2.8096	0.0003	4.1520
4	43	0.1578	2	0	1	1	0	0	0	0	0	N	N	N	N	N	N	N	N	N	N	N	N	0.7469	0.7234	1.7162	0.9239	0.9435	0.0215	0.5236	inf	1.9691	2.8221	1.9866	8.2099	4.8356	5.1131	0.0011	1.7119	0.0023	9.5874	3.7784	2.7463	4.7838	5.2337	5.4194	0.0532	3.2696	0.0000	4.8690	0.6409	1.7881	-0.5194	-0.3674	6.2094	4.6608	5.8243	7.9996	2.5599	1.5601	0.9998	1.5590	1.5590	0.0000	1.0009	0.0011	0.9998	1.9826	0.7111	1.2715	0.7114	0.7111	0.0003	1.2713	0.0000	1.2713	0.9071	0.7853	0.1218	0.3224	0.3049	0.0175	0.5847	0.4804	0.1043	0.5247	0.2589	0.2658	0.1359	0.1312	0.0047	0.3888	0.1277	0.2611	0.7469	0.7234	1.7162	0.9239	0.9435	0.0215	0.5236	inf	1.9691	3.7784	2.7463	4.7838	5.2337	5.4194	0.0532	3.2696	0.0000	4.8690
4	44	0.1578	2	0	2	0	0	0	0	0	0	N	Y	N	N	N	N	N	N	N	N	N	N	0.3064	21783.6639	0.0004	1069.4920	28384.6679	0.0215	0.0007	inf	0.0004	0.7286	0.8413	0.0020	2.0459	2.1632	0.0011	0.0023	0.0023	0.0021	2.3783	0.0000	4.6951	0.0019	0.0001	0.0532	3.2090	0.0000	4.7787	0.0004	124793.7456	-0.3920	0.2163	6.2094	4.6608	5.8243	7.9996	0.6609	0.6607	0.0002	0.6596	0.6596	0.0000	0.0013	0.0011	0.0002	1.2479	0.0000	1.2479	0.0003	0.0000	0.0003	1.2477	0.0000	1.2477	0.9071	0.7853	0.1218	0.3224	0.3049	0.0175	0.5847	0.4804	0.1043	0.5247	0.2589	0.2658	0.1359	0.1312	0.0047	0.3888	0.1277	0.2611	0.3064	21783.6639	0.0004	1069.4920	28384.6679	0.0215	0.0007	inf	0.0004	2.3783	0.0000	4.6951	0.0019	0.0001	0.0532	3.2090	0.0000	4.7787
4	45	0.1925	3	1	2	1	0	0	0	0	0	N	Y	N	N	N	N	N	N	N	N	N	N	0.7122	88.2954	0.0000	0.1735	0.1785	0.8209	9739.8394	0.0000	0.9878	1.1410	0.0000	0.0042	0.0044	0.0000	1.6225	2.0081	0.0000	1.3869	0.0129	3.1841	0.0242	0.0247	0.0000	1.9765	0.0002	3.2218	0.0000	188.3924	-0.2012	0.1001	6.2094	1.3391	5.8243	5.8433	0.3391	0.3391	0.0000	0.0006	0.0006	0.0000	0.3385	0.3385	0.0000	0.5953	0.0031	0.5921	0.0031	0.0031	0.0000	0.5921	0.0000	0.5921	0.3433	0.2972	0.0461	0.1346	0.1286	0.0060	0.2086	0.1686	0.0401	0.4292	0.2432	0.1860	0.1296	0.1274	0.0022	0.2996	0.1158	0.1838	0.7122	88.2954	0.0000	0.1735	0.1785	0.0000	0.8209	13287335.5991	0.0000	1.3869	0.0129	3.1841	0.0242	0.0247	0.0000	1.9765	0.0000	3.2218	
4	46	0.1578	2	1	1	0	0	0	0	0	0	N	N	N	N	N	N	N	N	N	N	N	N	6.9860	313.4250	0.0000	136.5400	198.6115	0.0000	4.1711	230.4361	0.0000	0.8252	0.9546	0.0000	1.1207	1.1798	0.0000	0.6530	0.8016	0.0000	0.1181	0.0030	0.2289	0.0082	0.0059	0.0775	0.1566	0.0035	0.2314	0.0000	78.0538	-0.2660	0.0051	6.2094	2.4483	5.8243	3.1953	0.4482	0.4482	0.0000	0.2241	0.2241	0.0000	0.2241	0.2241	0.0000	0.0316	0.0004	0.0312	0.0006	0.0004	0.0002	0.0311	0.0000	0.0311	0.5432	0.4695	0.0736	0.1999	0.1899	0.0100	0.3432	0.2796	0.0636	0.2679	0.1314	0.1365	0.0694	0.0672	0.0022	0.1985	0.0642	0.1343	6.9860	313.4250	0.0000	136.5400	198.6115	0.0000	4.1711	50528.4596	0.0000	0.1181	0.0030	0.2289	0.0082	0.0059	0.0775	0.1566	0.0000	0.2314
4	47	0.1975	3	1	2	1	0	0	0	0	0	N	Y	N	N	N	N	N	N	N	N	N	N	0.8793	1.2202	0.0000	1.7291	1.7822	0.0000	0.0006	inf	0.0000	0.0066	0.0077	0.0000	0.0201	0.0214	0.0000	0.0000	0.0000	0.0000	0.0075	0.0063	0.0087	0.0116	0.0120	0.0000	0.0061	0.0000	0.0088	0.0000	1.5149	-0.0022	-0.0004	6.2094	3.0001	5.8243	1.0598	0.0038	0.0038	0.0000	0.0038	0.0038	0.0000	0.0000	0.0000	0.0000	0.0016	0.0006	0.0010	0.0006	0.0006	0.0000	0.0010	0.0000	0.0010	0.5707	0.4909	0.0799	0.1881	0.1769	0.0112	0.3827	0.3140	0.0687	0.2116	0.1004	0.1112	0.0545	0.0529	0.0017	0.1571	0.0476	0.1095	0.8793	1.2202	0.0000	1.7291	1.7822	0.0000	0.0006	inf	0.0000	0.0075	0.0063	0.0087	0.0116	0.0120	0.0000	0.0061	0.0000	0.0088
4	48	0.1578	2	1	1	1	0	0	0	0	0	N	N	N	N	N	N	N	N	N	N	N	N	41.2602	1188.1096	0.0000	1344.6730	1348.2632	0.0000	0.1082	9.8650	0.0000	3.1665	3.6497	0.0000	7.8266	8.1080	0.0000	0.0110	0.0137	0.0000	0.0767	0.0031	0.1478	0.0058	0.0060	0.0000	0.1015	0.0014	0.1503	0.0000	49.8815	-0.3919	0.0036	6.2094	0.6630	5.8243	5.9830	0.6604	0.6604	0.0000	0.6591	0.6591	0.0000	0.0014	0.0014	0.0000	0.0237	0.0005	0.0233	0.0005	0.0005	0.0000	0.0233	0.0000	0.0233	0.2086	0.1809	0.0276	0.0842	0.0813	0.0029	0.1244	0.0997	0.0247	0.3092	0.1518	0.1574	0.0801	0.0775	0.0026	0.2291	0.0743	0.1548	41.2602	1188.1096	0.0000	1344.6730	1348.2632	0.0000	0.1082	16838.8437	0.0000	0.0767	0.0031	0.1478	0.0058	0.0060	0.0000	0.1015	0.0000	0.1503
4	49	0.1578	2	1	2	0	0	0	0	0	0	N	Y	N	N	N	N	N	N	N	N	N	N	1.0825	1436.7704	1.7736	0.8404	0.8298	inf	1.2269	inf	2.0421	1.8192	1.1998	5.8949	0.0013	0.0014	0.0008	2.7816	1.9231	6.9134	1.6805	0.0008	3.3236	0.0016	0.0017	0.0000	2.2671	0.0000	3.3855	0.7466	4068.4298	-0.3883	0.1761	6.2094	7.3392	5.8243	7.9996	2.3389	1.3392	0.9998	0.0006	0.0006	0.0000	2.3383	1.3386	0.9998	1.0174	0.0003	1.0171	0.0003	0.0003	0.0000	1.0171	0.0000	1.0171	1.2857	1.1161	0.1696	0.4451	0.4201	0.0250	0.8407	0.6960	0.1446	0.6054	0.2994	0.3060	0.1568	0.1512	0.0056	0.4486	0.1482	0.3004	1.0825	1436.7704	1.7736	0.8404	0.8298	inf	1.2269	inf	2.0421	1.6805	0.0008	3.3236	0.0016	0.0017	0.0000	2.2671	0.0000	3.3855
4	50	0.1578	2	0	1	0	1	0	0	0	0	N	N	N	N	N	N	N	N	N	N	N	N	5.6157	3.3054	0.0133	1.6699	1.7045	0.0208	143.9592	inf	0.0054	1.8306	2.1144	0.0002	2.0459	2.1632	0.0011	1.7118	2.0834	0.0001	0.3260	0.6397	0.0185	1.2252	1.2691	0.0549	0.0119	0.0000	0.0178	0.0000	0.0295	-0.9854	-0.1671	6.2094	4.6608	5.8243	12.0004	1.6605	1.6604	0.0000	0.6596	0.6596	0.0000	1.0009	1.0009	0.0000	0.2094	0.2034	0.0060	0.2037	0.2034	0.0003	0.0057	0.0000	0.0057	0.9071	0.7853	0.1218	0.3224	0.3049	0.0175	0.5847	0.4804	0.1043	0.6422	0.3179	0.3243	0.1663	0.1602	0.0060	0.4760	0.1577	0.3183	5.6157	3.3054	0.0133	1.6699	1.7045	0.0208	143.9592	inf	0.0054	0.3260	0.6397	0.0185	1.2252	1.2691	0.0549	0.0119	0.0000	0.0178
4	51	0.1883	3	0	2	1	0	0	0	0	0	N	Y	N	N	N	N	N	N	N	N	N	N	55.3979	115.6810	0.0000	96.8614	104.1409	0.0000	0.1905	154.9234	0.0000	0.8060	0.9052	0.0000	1.5402	1.6353	0.0000	0.0027	0.0032	0.0000	0.0145	0.0078	0.0215	0.0159	0.0157	0.0372	0.0141	0.0000	0.0214	0.0000	2.6698	-0.2506	-0.0003	6.2094	2.4249	5.8243	2.1457	0.4223	0.4223	0.0000	0.4216	0.4216	0.0000	0.0007	0.0007	0.0000	0.0031	0.0008	0.0023	0.0009	0.0008	0.0000	0.0022	0.0000	0.0022	0.5239	0.4665	0.0574	0.2737	0.2578	0.0159	0.2502	0.2087	0.0415	0.2131	0.1080	0.1051	0.0543	0.0538	0.0005	0.1588	0.0542	0.1046	55.3979	115.6810	0.0000	96.8614	104.1409	0.0000	0.1905	133995.4067	0.0000	0.0145	0.0078	0.0215	0.0159	0.0157	0.0372	0.0141	0.0000	0.0214
4	52	0.1578	2	0	2	0	0	0	0	0	0	N	Y	N	N	N	N	N	N	N	N	N	N	6.7591	357.6907	0.0077	166.0407	352.6930	0.0516	2.1422	44.2539	0.0030	0.7364	0.8512	0.0016	1.4951	1.5779	0.0076	0.3083	0.3765	0.0006	0.1089	0.0024	0.2115	0.0090	0.0045	0.1477	0.1439	0.0085	0.2126	0.0003	92.3397	-0.3184	0.0046	6.2094	3.5386	5.8243	1.9499	0.5368	0.5366	0.0002	0.3931	0.3930	0.0001	0.1437	0.1436	0.0001	0.0285	0.0003	0.0282	0.0006	0.0003	0.0003	0.0279	0.0000	0.0279	0.7289	0.6305	0.0985	0.2629	0.2491	0.0139	0.4660	0.3814	0.0846	0.2614	0.1282	0.1332	0.0677	0.0656	0.0021	0.1937	0.0626	0.1310	6.7591	357.6907	0.0077	166.0407	352.6930	0.0516	2.1422	2021.0256	0.0030	0.1089	0.0024	0.2115	0.0090	0.0045	0.1477	0.1439	0.0002	0.2126
4	53	0.1578	2	1	1	1	0	0	0	0	0	N	N	N	N	N	N	N	N	N	N	N	N	0.2333	8208.8434	0.0000	17.2972	17.6682	0.2704	inf	0.0000	0.4874	0.5636	0.0000	0.0022	0.0024	0.0000	0.7624	0.9323	0.0000	2.0894	0.0001	4.1038	0.0001	0.0001	0.0000	2.8201	0.0000	4.1718	0.0000	61999.7456	-0.2013	0.1075	6.2094	3.3392	5.8243	2.9996	0.3392	0.3392	0.0000	0.0006	0.0006	0.0000	0.3386	0.3386	0.0000	0.6200	0.0000	0.6200	0.0000	0.0000	0.0000	0.6200	0.0000	0.6200	0.6959	0.6018	0.0941	0.2518	0.2386	0.0132	0.4441	0.3632	0.0809	0.2967	0.1457	0.1511	0.0769	0.0744	0.0025	0.2199	0.0712	0.1486	0.2333	8208.8434	0.0000	17.2972	17.6682	0.0000	0.2704	inf	0.0000	2.0894	0.0001	4.1038	0.0001	0.0001	0.0000	2.8201	0.0000	4.1718	
4	54	0.2039	3	1	2	0	0	0	0	0	0	N	Y	N	N	N	N	N	N	N	N	N	N	0.0223	0.0252	0.0000	0.0002	0.0002	0.2108	0.0413	13.7086	0.0000	0.0074	0.0085	0.0000	0.0001	0.0001	0.0000	0.0128	0.0155	0.0000	0.3303	0.3357	0.4119	0.6651	0.6740	0.0000	0.3093	0.0011	0.4247	0.0000	1.1769	-0.0017	-0.0237	6.2094	2.0079	5.8243	2.2027	0.0028	0.0028	0.0000	0.0000	0.0000	0.0000	0.0028	0.0028	0.0000	0.0830	0.0381	0.0449	0.0381	0.0381	0.0000	0.0449	0.0000	0.0449	0.3823	0.3336	0.0487	0.1633	0.1528	0.0105	0.2190	0.1808	0.0382	0.2513	0.1424	0.1089	0.1062	0.1030	0.0033	0.1451	0.0394	0.1057	0.0223	0.0316	0.0000	0.0003	0.0004	0.2108	0.0413	35671.4681	0.0000	0.3303	0.2678	0.4119	0.3589	0.3703	0.0000	0.3093	0.0000	0.4247
4	55	0.1578	2	1	2	0	0	0	0	0	0	N	Y	N	N	N	N	N	N	N	N	N	N	0.9485	3549.7738	0.0001	3.2268	3.2147	422.4276	1.0921	352.5964	0.0000	1.5589	1.8011	0.0003	0.0026	0.0026	0.0012	2.4222	2.9511	0.0001	1.6435	0.0005	3.2327	0.0008	0.0008	0.0000	2.2179	0.0084	3.2877	0.0000	6586.7360	-0.7933	0.1062	6.2094	4.3406	5.8243	3.9440	1.3368	1.3367	0.0000	0.0008	0.0008	0.0000	1.3360	1.3360	0.0000	0.6133	0.0001	0.6132	0.0001	0.0001	0.0000	0.6132	0.0000	0.6132	0.8575	0.7422	0.1153	0.3060	0.2895	0.0165	0.5516	0.4527	0.0989	0.3732	0.1835	0.1897	0.0967	0.0935	0.0032	0.2765	0.0900	0.1865	0.9485	3549.7738	0.0001	3.2268	3.2147	422.4276	1.0921	15972.8154	0.0000	1.6435	0.0005	3.2327	0.0008	0.0008	0.0000	2.2179	0.0002	3.2877
4	56	0.1578	2	0	2	0	0	0	0	0	0	N	Y	N	N	N	N	N	N	N	N	N	N	0.3932	0.2306	0.0000	459.5581	980.2269	0.0000	0.0008	0.0003	0.0000	0.8821	1.0198	0.0000	2.4459	2.5825	0.0000	0.0023	0.0028	0.0000	2.2434	4.4229	0.1270	0.0053	0.0026	0.0822	3.0260	8.9886	0.1278	0.0000	0.0296	-0.3921	-0.8212	6.2094	3.6608	5.8243	7.0004	0.6607	0.6607	0.0000	0.6596	0.6596	0.0000	0.0011	0.0011	0.0000	1.0292	0.9996	0.0296	0.0006	0.0003	0.0003	1.0285	0.9993	0.0292	0.7489	0.6478	0.1011	0.2697	0.2554	0.0143	0.4793	0.3924	0.0868	0.4588	0.2260	0.2327	0.1188	0.1148	0.0040	0.3399	0.1112	0.2287	0.3932	0.2306	0.0000	459.5581	980.2269	0.0000	0.0008	0.0003	0.0000	2.2434	4.4229	0.1270	0.0053	0.0026	0.0822	3.0260	8.9886	0.1278
4	57	0.1578	2	0	1	1	0	0	0	0	0	N	N	N	N	N	N	N	N	N	N	N	N	0.4229	0.4606	0.0000	0.5561	0.5644	0.0000	0.0017	inf	0.0000	1.6500	1.9083	0.0000	4.3717	4.5843	0.0000	0.0044	0.0054	0.0000	3.9011	4.1434	3.6670	7.8614	8.1231	0.0848	2.5162	0.0000	3.7274	0.0000	0.9159	-0.3922	-0.4751	6.2094	1.6608	5.8243	6.0004	0.6608	0.6608	0.0000	0.6597	0.6597	0.0000	0.0011	0.0011	0.0000	1.3628	0.7113	0.6515	0.7116	0.7113	0.0003	0.6513	0.0000	0.6513	0.4005	0.3463	0.0542	0.1509	0.1439	0.0070	0.2496	0.2024	0.0472	0.3493	0.1717	0.1777	0.0905	0.0876	0.0029	0.2588	0.0841	0.1747	0.4229	0.4606	0.0000	0.5561	0.5644	0.0000	0.0017	inf	0.0000	3.9011	4.1434	3.6670	7.8614	8.1231	0.0848	2.5162	0.0000	3.7274
4	58	0.1578	2	1	2	0	0	0	0	0	0	N	Y	N	N	N	N	N	N	N	N	N	N	1.2606	931.6115	0.0000	0.5113	0.5220	1.4527	inf	0.0000	1.5620	1.8048	0.0000	0.0019	0.0020	0.0000	2.4275	2.9576	0.0000	1.2391	0.0019	2.4418	0.0037	0.0038	0.0000	1.6711	0.0000	2.4851	0.0000	1296.5814	-0.7948	0.1030	6.2094	4.3392	5.8243	6.9996	1.3392	1.3392	0.0000	0.0006	0.0006	0.0000	1.3386	1.3386	0.0000	0.5969	0.0005	0.5964	0.0005	0.0005	0.0000	0.5964	0.0000	0.5964	0.8573	0.7420	0.1153	0.3059	0.2894	0.0165	0.5514	0.4526	0.0988	0.4817	0.2374	0.2443	0.1248	0.1205	0.0043	0.3569	0.1169	0.2400	1.2606	931.6115	0.0000	0.5113	0.5220	0.0000	1.4527	inf	0.0000	1.2391	0.0019	2.4418	0.0037	0.0038	0.0000	1.6711	0.0000	2.4851	
4	59	0.1578	2	1	2	1	0	0	0	0	0	N	Y	N	N	N	N	N	N	N	N	N	N	1.1608	0.6610	0.3398	0.3472	inf	inf	1.5736	1.8158	0.0000	1.7784	1.8822	0.0000	1.4626	1.7746	0.0000	1.3556	2.7472	0.0000	5.2336	5.4212	0.0000	0.0000	0.0000	0.0000	0.0000	0.0000	-0.9859	-0.5880	6.2094	5.6608	5.8243	7.0004	1.6612	1.6612	0.0000	0.6601	0.6601	0.0000	1.0011	1.0011	0.0000	0.7114	0.7114	0.0000	0.7114	0.7114	0.0000	0.0000	0.0000	0.0000	1.0557	0.9148	0.1408	0.3712	0.3507	0.0205	0.6845	0.5641	0.1203	0.5248	0.2589	0.2658	0.1359	0.1312	0.0047	0.3888	0.1277	0.2611	1.1608	0.6610	0.0000	0.3398	0.3472	0.0000	inf	inf	0.0000	1.3556	2.7472	0.0000	5.2336	5.4212	0.0000	0.0000	0.0000	0.0000			
4	60	0.1578	2	0	2	0	0	0	0	0	0	N	Y	N	N	N	N	N	N	N	N	N	N	0.0000	0.0000	0.0000	0.0000	0.0000	0.0000	0.0000	0.0000	0.0000	0.0000	0.0000	0.0000	0.0000	0.0000	0.0000	0.0000	0.0000	0.7390	1.4628	0.0416	2.7748	2.8615	0.1413	0.0270	0.0000	0.0399	0.0295	0.0000	-0.1668	6.2094	2.0000	5.8243	4.0000	0.0000	0.0000	0.0000	0.0000	0.0000	0.0000	0.0000	0.0000	0.0000	0.2090	0.2030	0.0060	0.2033	0.2030	0.0003	0.0057	0.0000	0.0057	0.4629	0.4001	0.0627	0.1724	0.1641	0.0083	0.2905	0.2360	0.0544	0.2828	0.1388	0.1440	0.0733	0.0709	0.0023	0.2095	0.0678	0.1417	0.0000	0.0000	0.0000	0.0000	0.0000	0.0000	0.0000	0.0000	0.0000	0.7390	1.4628	0.0416	2.7748	2.8615	0.1413	0.0270	0.0000	0.0399		
4	61	0.1578	2	1	1	1	0	0	0	0	0	N	N	N	N	N	N	N	N	N	N	N	N	26.8191	1334.9681	0.0000	0.7417	0.7581	31.0444	inf	0.0000	1.3274	1.5322	0.0000	0.0016	0.0017	0.0000	2.0500	2.4897	0.0000	0.0495	0.0011	0.0965	0.0022	0.0023	0.0000	0.0660	0.0000	0.0982	0.0000	86.4816	-0.7948	0.0039	6.2094	5.3392	5.8243	6.0004	1.3392	1.3392	0.0000	0.0006	0.0006	0.0000	1.3386	1.3386	0.0000	0.0238	0.0003	0.0236	0.0003	0.0003	0.0000	0.0236	0.0000	0.0236	1.0089	0.8740	0.1349	0.3559	0.3364	0.0195	0.6530	0.5376	0.1153	0.4817	0.2375	0.2443	0.1248	0.1205	0.0043	0.3569	0.1169	0.2400	26.8191	1334.9681	0.0000	0.7417	0.7581	0.0000	31.0444	inf	0.0000	0.0495	0.0011	0.0965	0.0022	0.0023	0.0000	0.0660	0.0000	0.0982	
4	62	0.1578	2	0	2	0	0	0	0	0	0	N	Y	N	N	N	N	N	N	N	N	N	N	0.6407	0.5432	0.0001	0.7146	0.7287	0.1071	0.0230	0.0191	0.0001	1.1417	1.3134	0.0002	3.3003	3.4983	0.0007	0.0182	0.0219	0.0001	1.7819	2.4178	1.1538	4.6185	4.8009	0.0066	0.7928	1.1466	1.1767	0.0000	0.4832	-0.9835	-0.6837	6.2094	8.6608	5.8243	13.0004	1.6573	1.6573	0.0000	1.6399	1.6399	0.0000	0.0174	0.0174	0.0000	1.3650	0.9203	0.4447	0.9147	0.9146	0.0000	0.4503	0.0057	0.4446	1.4516	1.2618	0.1898	0.4969	0.4688	0.0281	0.9547	0.7930	0.1616	0.7660	0.3806	0.3854	0.1980	0.1905	0.0075	0.5680	0.1901	0.3779	0.6407	0.5432	0.0001	0.7146	0.7287	0.1071	0.0230	0.7356	0.0001	1.7819	2.4178	1.1538	4.6185	4.8009	0.0066	0.7928	0.0298	1.1767
4	63	0.2316	3	0	1	1	0	0	0	0	0	N	N	N	N	N	N	N	N	N	N	N	N	0.0051	0.0225	0.0000	0.0443	0.0455	0.0003	0.0000	0.0055	0.0000	0.0003	0.0004	0.0000	0.0013	0.0013	0.0000	0.0000	0.0000	0.0000	0.0607	0.0163	0.1131	0.0288	0.0296	0.0016	0.0748	0.0002	0.1153	0.0000	5.8661	-0.0000	0.0001	6.2094	0.9961	5.8243	0.0337	0.0001	0.0001	0.0000	0.0001	0.0001	0.0000	0.0000	0.0000	0.0000	0.0040	0.0006	0.0035	0.0006	0.0006	0.0000	0.0035	0.0000	0.0035	0.1954	0.1632	0.0322	0.0470	0.0445	0.0025	0.1484	0.1188	0.0297	0.0666	0.0361	0.0305	0.0205	0.0199	0.0006	0.0461	0.0162	0.0299	0.0051	0.0225	0.0000	0.0443	0.0455	0.0003	0.0000	5.9094	0.0000	0.0607	0.0163	0.1131	0.0288	0.0296	0.0016	0.0748	0.0000	0.1153
4	64	0.1578	2	0	1	1	0	0	0	0	0	N	N	N	N	N	N	N	N	N	N	N	N	0.3484	1.2221	0.0001	1.5371	1.5704	0.0161	0.0008	1.1598	0.0000	0.8814	1.0189	0.0003	2.4438	2.5803	0.0014	0.0023	0.0028	0.0001	2.5297	0.8337	4.1792	1.5899	1.6431	0.0870	2.8583	0.0025	4.2520	0.0000	5.1537	-0.3921	0.0135	6.2094	3.6648	5.8243	8.0029	0.6607	0.6607	0.0000	0.6596	0.6595	0.0000	0.0011	0.0011	0.0000	1.2462	0.2025	1.0437	0.2029	0.2025	0.0004	1.0433	0.0000	1.0433	0.7496	0.6484	0.1012	0.2699	0.2556	0.0143	0.4797	0.3928	0.0869	0.4926	0.2429	0.2497	0.1276	0.1232	0.0044	0.3650	0.1196	0.2454	0.3484	1.2221	0.0001	1.5371	1.5704	0.0161	0.0008	738.7565	0.0000	2.5297	0.8337	4.1792	1.5899	1.6431	0.0870	2.8583	0.0000	4.2520
4	65	0.1578	2	0	2	0	0	0	0	0	0	N	Y	N	N	N	N	N	N	N	N	N	N	0.3502	0.3690	0.0001	0.4759	0.4843	inf	0.0015	inf	0.0001	0.5527	0.6371	0.0002	1.5843	1.6779	0.0009	0.0014	0.0017	0.0001	1.5783	1.7263	1.4314	3.3287	3.4643	0.0000	0.9688	0.0000	1.4608	0.0000	0.8359	-0.3921	-0.4864	6.2094	6.6608	5.8243	17.9996	0.6607	0.6607	0.0000	0.6596	0.6596	0.0000	0.0011	0.0011	0.0000	1.3100	0.7135	0.5964	0.7135	0.7135	0.0000	0.5964	0.0000	0.5964	1.1955	1.0371	0.1584	0.4163	0.3931	0.0232	0.7791	0.6440	0.1352	0.8300	0.4133	0.4167	0.2144	0.2060	0.0084	0.6156	0.2074	0.4083	0.3502	0.3690	0.0001	0.4759	0.4843	inf	0.0015	inf	0.0001	1.5783	1.7263	1.4314	3.3287	3.4643	0.0000	0.9688	0.0000	1.4608
4	66	0.1578	2	0	2	0	1	0	0	0	0	N	Y	N	N	N	N	N	N	N	N	N	N	0.1478	0.5161	0.0001	0.0022	0.0022	inf	0.2016	inf	0.0000	0.3367	0.3887	0.0002	0.0031	0.0032	0.0010	0.5186	0.6298	0.0001	2.2780	0.7531	3.7650	1.4356	1.4874	0.0000	2.5724	0.0000	3.8334	0.0001	5.1265	-0.2016	0.0126	6.2094	5.3392	5.8243	7.9996	0.3397	0.3397	0.0000	0.0011	0.0011	0.0000	0.3386	0.3386	0.0000	1.2437	0.2030	1.0407	0.2030	0.2030	0.0000	1.0407	0.0000	1.0407	1.0089	0.8740	0.1349	0.3559	0.3364	0.0195	0.6530	0.5376	0.1153	0.5460	0.2696	0.2764	0.1414	0.1365	0.0049	0.4046	0.1331	0.2715	0.1478	0.5161	0.0001	0.0022	0.0022	inf	0.2016	inf	0.0000	2.2780	0.7531	3.7650	1.4356	1.4874	0.0000	2.5724	0.0000	3.8334
4	67	0.1578	2	0	2	0	0	0	0	0	0	N	Y	N	N	N	N	N	N	N	N	N	N	0.2315	0.9588	0.0000	0.0011	0.0011	0.0000	0.3055	inf	0.0000	0.5639	0.6502	0.0000	0.0015	0.0015	0.0000	0.8658	1.0484	0.0000	2.4357	0.6781	4.1549	1.2967	1.3430	0.0447	2.8336	0.0000	4.2314	0.0000	6.2633	-0.3853	0.0526	6.2094	6.3392	5.8243	8.9996	0.6492	0.6492	0.0000	0.0006	0.0006	0.0000	0.6487	0.6487	0.0000	1.4745	0.2030	1.2715	0.2033	0.2030	0.0003	1.2713	0.0000	1.2713	1.1514	0.9985	0.1529	0.4022	0.3798	0.0224	0.7492	0.6187	0.1305	0.6054	0.2994	0.3060	0.1568	0.1512	0.0056	0.4486	0.1482	0.3004	0.2315	0.9588	0.0000	0.0011	0.0011	0.0000	0.3055	inf	0.0000	2.4357	0.6781	4.1549	1.2967	1.3430	0.0447	2.8336	0.0000	4.2314
4	68	0.1578	2	0	2	0	0	0	0	0	0	N	Y	N	N	N	N	N	N	N	N	N	N	0.5126	608.3702	0.0001	432.2341	794.8020	0.0184	0.0010	inf	0.0000	0.7284	0.8413	0.0002	2.0459	2.1632	0.0011	0.0019	0.0023	0.0001	1.4210	0.0014	2.7996	0.0047	0.0027	0.0622	1.9162	0.0000	2.8476	0.0000	2084.7971	-0.3921	0.1127	6.2094	4.6608	5.8243	6.0004	0.6607	0.6607	0.0000	0.6596	0.6596	0.0000	0.0011	0.0011	0.0000	0.6519	0.0003	0.6516	0.0006	0.0003	0.0003	0.6513	0.0000	0.6513	0.9071	0.7853	0.1218	0.3224	0.3049	0.0175	0.5847	0.4804	0.1043	0.4588	0.2260	0.2327	0.1188	0.1148	0.0040	0.3399	0.1112	0.2287	0.5126	608.3702	0.0001	432.2341	794.8020	0.0184	0.0010	inf	0.0000	1.4210	0.0014	2.7996	0.0047	0.0027	0.0622	1.9162	0.0000	2.8476
4	69	0.1837	3	0	2	0	0	0	0	0	0	N	Y	N	N	N	N	N	N	N	N	N	N	0.3157	26.8374	0.0000	0.1741	0.1798	0.0042	0.3570	317.6062	0.0000	0.2443	0.2802	0.0000	0.0025	0.0026	0.0000	0.4451	0.5568	0.0000	0.7741	0.0104	1.6215	0.0144	0.0145	0.0060	1.2467	0.0018	1.6415	0.0000	139.9291	-0.1241	0.0643	6.2094	3.0720	5.8243	3.7333	0.2091	0.2091	0.0000	0.0010	0.0010	0.0000	0.2082	0.2082	0.0000	0.3865	0.0027	0.3837	0.0028	0.0027	0.0000	0.3837	0.0000	0.3837	0.8559	0.7463	0.1096	0.3882	0.3725	0.0158	0.4677	0.3738	0.0939	0.4993	0.2626	0.2366	0.1915	0.1886	0.0029	0.3078	0.0740	0.2338	0.3157	26.8374	0.0000	0.1741	0.1798	0.0042	0.3570	405691.5643	0.0000	0.7741	0.0104	1.6215	0.0144	0.0145	0.0060	1.2467	0.0000	1.6415
4	70	0.1578	2	0	2	0	0	0	0	0	0	N	Y	N	N	N	N	N	N	N	N	N	N	1.0465	102.0637	0.0009	54.2451	55.0860	5.3993	0.8263	3.1215	0.0010	1.0489	1.2127	0.0018	0.9435	0.9888	0.0010	1.1129	1.3727	0.0019	1.0023	0.0119	1.9550	0.0174	0.0180	0.0002	1.3468	0.4398	1.9867	0.0002	171.0519	-0.2413	0.0401	6.2094	1.5925	5.8243	3.3727	0.4067	0.4066	0.0001	0.1382	0.1382	0.0000	0.2685	0.2684	0.0001	0.2395	0.0014	0.2382	0.0011	0.0011	0.0000	0.2385	0.0003	0.2382	0.3878	0.3353	0.0525	0.1465	0.1398	0.0067	0.2413	0.1955	0.0457	0.2390	0.1172	0.1218	0.0619	0.0600	0.0019	0.1771	0.0572	0.1199	1.0465	102.0637	0.0009	54.2451	55.0860	5.3993	0.8263	248.8426	0.0010	1.0023	0.0119	1.9550	0.0174	0.0180	0.0002	1.3468	0.0055	1.9867
4	71	0.1578	2	0	2	0	0	0	0	0	0	N	Y	N	N	N	N	N	N	N	N	N	N	0.3928	0.2617	1.1408	0.3363	0.3430	0.0494	0.3461	inf	1.3103	0.9196	0.7222	2.2020	1.7771	1.8807	0.0020	0.4546	0.0019	2.5764	2.3411	2.7596	1.9302	5.2835	5.4824	0.0395	1.3136	0.0000	1.9663	0.4694	0.7125	-0.2660	-0.6429	6.2094	5.6608	5.8243	12.0004	0.9708	0.6607	0.3101	0.6596	0.6596	0.0000	0.3112	0.0011	0.3101	1.5659	0.9144	0.6515	0.9147	0.9144	0.0003	0.6513	0.0000	0.6513	1.0557	0.9148	0.1408	0.3712	0.3507	0.0205	0.6845	0.5641	0.1203	0.6689	0.3314	0.3375	0.1731	0.1668	0.0063	0.4958	0.1646	0.3312	0.3928	0.2617	1.1408	0.3363	0.3430	0.0494	0.3461	inf	1.3103	2.3411	2.7596	1.9302	5.2835	5.4824	0.0395	1.3136	0.0000	1.9663
4	73	0.1578	2	1	2	0	1	0	0	0	0	N	Y	N	N	N	N	N	N	N	N	N	N	1.7117	0.7886	6.9723	0.0016	0.0017	2.8968	inf	7.9614	1.9239	0.5636	10.6248	0.0022	0.0024	0.0000	3.0135	0.9323	12.3550	1.1240	0.7146	1.5239	1.3635	1.4134	0.0000	1.0403	0.0000	1.5519	2.9477	2.1831	0.2051	-0.0912	6.2094	3.3392	5.8243	11.0004	1.3389	0.3392	0.9998	0.0006	0.0006	0.0000	1.3384	0.3386	0.9998	0.6477	0.2035	0.4442	0.2035	0.2035	0.0000	0.4442	0.0000	0.4442	0.6959	0.6018	0.0941	0.2518	0.2386	0.0132	0.4441	0.3632	0.0809	0.5763	0.2847	0.2915	0.1492	0.1440	0.0053	0.4270	0.1408	0.2863	1.7117	0.7886	6.9723	0.0016	0.0017	0.0000	2.8968	inf	7.9614	1.1240	0.7146	1.5239	1.3635	1.4134	0.0000	1.0403	0.0000	1.5519	
4	74	0.1578	2	0	2	0	1	0	0	0	0	N	Y	N	N	N	N	N	N	N	N	N	N	2.4677	0.3969	67.7556	0.0017	0.0017	27.0511	inf	77.9889	1.1633	0.3402	6.5378	0.0027	0.0029	0.0000	1.7863	0.5473	7.6586	0.4714	0.8571	0.0965	1.6309	1.6884	0.0000	0.0660	0.0000	0.0982	2.9432	0.1158	0.2048	-0.1642	6.2094	6.3392	5.8243	5.0004	1.3394	0.3397	0.9998	0.0011	0.0011	0.0000	1.3384	0.3386	0.9998	0.2271	0.2035	0.0236	0.2035	0.2035	0.0000	0.0236	0.0000	0.0236	1.1514	0.9985	0.1529	0.4022	0.3798	0.0224	0.7492	0.6187	0.1305	0.4817	0.2375	0.2443	0.1248	0.1205	0.0043	0.3569	0.1169	0.2400	2.4677	0.3969	67.7556	0.0017	0.0017	0.0000	27.0511	inf	77.9889	0.4714	0.8571	0.0965	1.6309	1.6884	0.0000	0.0660	0.0000	0.0982	
4	75	0.2281	3	0	2	0	0	0	0	0	0	N	Y	N	N	N	N	N	N	N	N	N	N	0.0106	0.1899	0.1431	0.0005	0.0005	0.0117	2.6743	0.2039	0.0217	0.0021	0.6281	0.0000	0.0000	0.0000	0.0460	0.0046	0.9060	2.0504	0.0112	4.3885	0.0125	0.0126	0.0000	3.9324	0.0017	4.4435	9.4985	340.7762	0.0001	0.0763	6.2094	0.0009	5.8243	1.7419	0.0004	0.0000	0.0004	0.0000	0.0000	0.0000	0.0004	0.0000	0.0004	0.4479	0.0013	0.4466	0.0013	0.0013	0.0000	0.4466	0.0000	0.4466	0.0194	0.0187	0.0006	0.0102	0.0100	0.0002	0.0091	0.0087	0.0004	0.2185	0.1167	0.1018	0.1049	0.1036	0.0013	0.1136	0.0131	0.1005	0.0106	0.1899	0.1431	0.0005	0.0005	0.0000	0.0117	3542.0368	0.2039	2.0504	0.0112	4.3885	0.0125	0.0126	0.0000	3.9324	0.0000	4.4435	
4	76	0.1578	2	0	2	0	0	0	0	0	0	N	Y	N	N	N	N	N	N	N	N	N	N	0.7245	0.4112	2.7643	0.0010	0.0010	0.0000	1.1062	473.3944	3.1808	1.1893	0.3476	6.6774	0.0016	0.0017	0.0000	1.8286	0.5607	7.8199	1.6415	0.8453	2.4156	1.6085	1.6654	0.0000	1.6530	0.0012	2.4584	2.9462	2.9392	0.2050	-0.0641	6.2094	6.1537	5.8243	5.2905	1.3387	0.3392	0.9995	0.0006	0.0006	0.0000	1.3381	0.3386	0.9995	0.7965	0.2022	0.5943	0.2022	0.2022	0.0000	0.5943	0.0000	0.5943	1.1256	0.9759	0.1497	0.3939	0.3720	0.0219	0.7317	0.6039	0.1278	0.4852	0.2392	0.2460	0.1257	0.1214	0.0043	0.3595	0.1178	0.2417	0.7245	0.4112	2.7643	0.0010	0.0010	0.0000	1.1062	1166761.0222	3.1808	1.6415	0.8453	2.4156	1.6085	1.6654	0.0000	1.6530	0.0000	2.4584
4	77	0.1578	2	0	1	1	1	0	0	0	0	N	N	N	N	N	N	N	N	N	N	N	N	0.7279	0.1077	81.9833	0.0002	0.0002	inf	33.1513	inf	94.1898	1.3272	0.3881	7.4128	0.0016	0.0017	0.0010	2.0497	0.6298	8.6693	1.8234	3.6032	0.0904	6.8622	7.1072	0.0000	0.0618	0.0000	0.0920	2.9478	0.0258	0.2051	-0.7519	6.2094	5.3392	5.8243	7.0004	1.3390	0.3392	0.9998	0.0006	0.0006	0.0000	1.3384	0.3386	0.9998	0.9381	0.9145	0.0236	0.9145	0.9145	0.0000	0.0236	0.0000	0.0236	1.0089	0.8740	0.1349	0.3559	0.3364	0.0195	0.6530	0.5376	0.1153	0.5145	0.2538	0.2607	0.1333	0.1287	0.0046	0.3812	0.1251	0.2561	0.7279	0.1077	81.9833	0.0002	0.0002	inf	33.1513	inf	94.1898	1.8234	3.6032	0.0904	6.8622	7.1072	0.0000	0.0618	0.0000	0.0920
4	78	0.1578	2	0	1	1	1	0	0	0	0	N	N	N	N	N	N	N	N	N	N	N	N	0.2651	0.1059	1.1806	0.0004	0.0005	inf	0.4725	inf	1.3580	1.1633	0.3402	6.5380	0.0028	0.0029	0.0009	1.7863	0.5473	7.6586	4.3881	3.2110	5.5378	6.1265	6.3505	0.0000	3.7805	0.0000	5.6396	2.9433	1.7657	0.2048	-0.4759	6.2094	6.3392	5.8243	7.9996	1.3395	0.3397	0.9998	0.0011	0.0011	0.0000	1.3384	0.3386	0.9998	2.5286	0.9143	1.6144	0.9143	0.9143	0.0000	1.6144	0.0000	1.6144	1.1514	0.9985	0.1529	0.4022	0.3798	0.0224	0.7492	0.6187	0.1305	0.5762	0.2847	0.2915	0.1492	0.1440	0.0053	0.4270	0.1408	0.2863	0.2651	0.1059	1.1806	0.0004	0.0005	inf	0.4725	inf	1.3580	4.3881	3.2110	5.5378	6.1265	6.3505	0.0000	3.7805	0.0000	5.6396
4	79	0.1578	2	0	2	0	0	0	0	0	0	N	Y	N	N	N	N	N	N	N	N	N	N	0.4160	0.2361	0.0005	0.0005	inf	inf	0.9974	1.1530	0.0000	0.0044	0.0046	0.0000	1.6119	1.9931	0.0000	2.3975	4.8841	0.0000	9.2527	9.5587	0.0000	0.0000	0.0000	0.0000	0.0000	0.0000	-0.2013	-0.5882	6.2094	1.3392	5.8243	5.0004	0.3392	0.3392	0.0000	0.0006	0.0006	0.0000	0.3386	0.3386	0.0000	0.7115	0.7115	0.0000	0.7115	0.7115	0.0000	0.0000	0.0000	0.0000	0.3400	0.2942	0.0459	0.1300	0.1243	0.0057	0.2101	0.1699	0.0402	0.2968	0.1457	0.1511	0.0769	0.0744	0.0025	0.2199	0.0712	0.1486	0.4160	0.2361	0.0000	0.0005	0.0005	0.0000	inf	inf	0.0000	2.3975	4.8841	0.0000	9.2527	9.5587	0.0000	0.0000	0.0000	0.0000			
4	80	0.1578	2	1	2	0	0	0	0	0	0	N	Y	N	N	N	N	N	N	N	N	N	N	0.4888	0.1322	3.0167	0.0003	0.0003	inf	1.1840	inf	3.4741	0.9480	0.2763	5.4027	0.0012	0.0012	0.0007	1.4428	0.4398	6.3416	1.9396	2.0908	1.7909	4.0047	4.1577	0.0000	1.2186	0.0000	1.8254	2.9478	0.8716	0.2051	-0.4805	6.2094	8.3392	5.8243	9.9996	1.3390	0.3392	0.9998	0.0006	0.0006	0.0000	1.3384	0.3386	0.9998	1.3313	0.7113	0.6200	0.7113	0.7113	0.0000	0.6200	0.0000	0.6200	1.4124	1.2273	0.1851	0.4848	0.4574	0.0274	0.9276	0.7700	0.1577	0.6864	0.3402	0.3462	0.1776	0.1711	0.0065	0.5088	0.1691	0.3396	0.4888	0.1322	3.0167	0.0003	0.0003	inf	1.1840	inf	3.4741	1.9396	2.0908	1.7909	4.0047	4.1577	0.0000	1.2186	0.0000	1.8254
5	6	0.1702	3	1	1	1	1	0	0	0	0	N	N	N	N	N	N	N	N	N	N	N	N	0.0000	0.0000	0.0013	0.0000	0.0000	0.0000	0.0004	0.0014	0.0000	0.0000	0.0000	0.0000	0.0000	0.0000	0.0000	0.0000	0.0000	0.2133	0.4481	0.0001	0.7708	0.8007	0.0018	0.0001	0.0000	0.0001	0.0025	0.0002	-0.0000	-0.0605	3.4322	1.0478	5.0828	5.1610	0.0000	0.0000	0.0000	0.0000	0.0000	0.0000	0.0000	0.0000	0.0000	0.0733	0.0732	0.0000	0.0732	0.0732	0.0000	0.0000	0.0000	0.0000	0.1601	0.1374	0.0228	0.0686	0.0653	0.0033	0.0916	0.0721	0.0195	0.3433	0.1799	0.1635	0.1274	0.1254	0.0020	0.2160	0.0545	0.1615	0.0000	0.0000	0.0013	0.0000	0.0000	0.0000	0.0004	0.0000	0.0014	0.2133	0.4072	0.0001	0.5751	0.5840	0.0018	0.0001	0.0000	0.0001	
5	7	0.1377	2	1	1	1	2	0	0	0	0	N	N	N	Y	N	N	N	N	N	N	N	N	0.0004	0.0012	0.0000	0.0016	0.0016	0.0000	0.0000	0.0000	0.0016	0.0018	0.0000	0.0042	0.0045	0.0000	0.0000	0.0000	0.0000	3.6945	1.5330	5.8798	2.6608	2.7347	0.0194	4.1161	0.0000	5.9742	0.0000	3.7938	-0.0005	-0.0681	3.4322	4.3392	5.0828	10.9996	0.0009	0.0009	0.0000	0.0009	0.0009	0.0000	0.0000	0.0000	0.0000	1.9337	0.4034	1.5303	0.4034	0.4034	0.0001	1.5302	0.0000	1.5302	0.5454	0.4724	0.0730	0.2051	0.1944	0.0107	0.3404	0.2780	0.0624	0.5234	0.2631	0.2603	0.1516	0.1475	0.0041	0.3718	0.1156	0.2561	0.0004	0.0012	0.0000	0.0016	0.0016	0.0000	0.0000	0.0000	0.0000	3.6945	1.5330	5.8798	2.6608	2.7347	0.0194	4.1161	0.0000	5.9742	
5	8	0.1377	2	1	0	2	1	0	0	0	0	N	N	Y	N	N	N	N	N	N	N	N	N	0.0008	0.0008	0.0000	0.0011	0.0011	0.0000	0.0000	0.0012	0.0013	0.0000	0.0031	0.0032	0.0000	0.0000	0.0000	0.0000	1.3888	1.6110	1.1647	2.7927	2.8699	0.0000	0.8161	0.0000	1.1832	0.0000	0.7164	-0.0004	-0.2834	3.4322	4.3392	5.0828	9.9996	0.0006	0.0006	0.0000	0.0006	0.0006	0.0000	0.0000	0.0000	0.0000	0.6924	0.4034	0.2890	0.4034	0.4034	0.0000	0.2890	0.0000	0.2890	0.5454	0.4724	0.0730	0.2051	0.1944	0.0107	0.3404	0.2780	0.0624	0.4985	0.2504	0.2481	0.1444	0.1406	0.0039	0.3541	0.1098	0.2442	0.0008	0.0008	0.0000	0.0011	0.0011	0.0000	0.0000	0.0000	0.0000	1.3888	1.6110	1.1647	2.7927	2.8699	0.0000	0.8161	0.0000	1.1832		
5	9	0.2115	3	0	0	2	1	0	0	0	0	N	N	Y	N	N	N	N	N	N	N	N	N	0.0035	0.0000	0.0168	0.0010	0.0000	0.1390	0.0050	0.0160	0.0002	0.0000	0.0010	0.0001	0.0000	0.0015	0.0002	0.0000	0.0010	0.0459	0.0332	0.0613	0.0567	0.0579	0.0106	0.0407	0.0000	0.0623	inf	1.5153	0.0000	-0.0011	3.4322	0.0046	5.0828	1.9974	0.0000	0.0000	0.0000	0.0000	0.0000	0.0000	0.0000	0.0000	0.0000	0.0048	0.0019	0.0029	0.0019	0.0019	0.0000	0.0029	0.0000	0.0029	0.0007	0.0006	0.0001	0.0002	0.0002	0.0000	0.0005	0.0004	0.0001	0.1047	0.0575	0.0472	0.0339	0.0330	0.0009	0.0708	0.0245	0.0464	0.0035	0.0000	0.0168	0.0010	0.0000	0.1390	0.0050	0.0000	0.0160	0.0459	0.0332	0.0613	0.0567	0.0579	0.0106	0.0407	0.0000	0.0623	
5	10	0.1377	2	0	0	2	1	0	0	0	0	N	N	Y	N	N	N	N	N	N	N	N	N	0.0009	0.0000	0.0118	0.0001	0.0000	inf	0.0031	0.0122	0.0016	0.0000	0.0124	0.0005	0.0000	0.0088	0.0023	0.0000	0.0131	1.8763	2.6929	1.0488	4.6797	4.8127	0.0000	0.7333	0.0000	1.0659	inf	0.3843	0.0005	-0.5714	3.4322	6.6608	5.0828	9.9996	0.0012	0.0000	0.0012	0.0001	0.0000	0.0001	0.0011	0.0000	0.0011	1.0409	0.7519	0.2890	0.7519	0.7519	0.0000	0.2890	0.0000	0.2890	0.7608	0.6610	0.0998	0.2805	0.2655	0.0150	0.4804	0.3955	0.0848	0.5547	0.2792	0.2755	0.1607	0.1562	0.0044	0.3941	0.1230	0.2711	0.0009	0.0000	0.0118	0.0001	0.0000	inf	0.0031	0.0000	0.0122	1.8763	2.6929	1.0488	4.6797	4.8127	0.0000	0.7333	0.0000	1.0659	
5	11	0.1724	3	1	1	1	1	0	0	0	0	N	N	N	N	N	N	N	N	N	N	N	N	0.0318	0.0000	0.0964	0.6532	0.0000	0.1524	0.0313	0.1008	0.0047	0.0000	0.0349	0.0011	0.0000	0.0236	0.0072	0.0000	0.0367	0.1489	0.0000	0.3616	0.0017	0.0000	0.1548	0.2293	0.0000	0.3635	inf	9849.0981	0.0005	0.0072	3.4322	1.6609	5.0828	2.6354	0.0012	0.0000	0.0012	0.0001	0.0000	0.0001	0.0011	0.0000	0.0011	0.0414	0.0000	0.0414	0.0002	0.0000	0.0002	0.0413	0.0000	0.0413	0.2555	0.2208	0.0347	0.1026	0.0979	0.0048	0.1529	0.1229	0.0299	0.2783	0.1637	0.1146	0.0983	0.0972	0.0010	0.1800	0.0665	0.1135	0.0318	0.0000	0.0964	0.6532	0.0000	0.1524	0.0313	0.0000	0.1008	0.1489	0.0000	0.3616	0.0017	0.0000	0.1548	0.2293	0.0000	0.3635	
5	12	0.1377	2	0	0	2	2	0	0	0	0	N	N	Y	Y	N	N	N	N	N	N	N	N	0.5271	0.0008	2.9739	0.0011	0.0011	0.0000	0.8849	3.4446	1.3651	0.0014	10.3659	0.0032	0.0034	0.0000	2.1633	0.0000	12.1940	2.5898	1.7006	3.4856	2.9457	3.0255	0.0220	2.4446	0.0000	3.5400	1147.7968	2.0345	0.4058	-0.1912	3.4322	6.3392	5.0828	6.9996	1.0003	0.0009	0.9995	0.0009	0.0009	0.0000	0.9995	0.0000	0.9995	1.2240	0.4034	0.8206	0.4034	0.4034	0.0001	0.8206	0.0000	0.8206	0.7328	0.6364	0.0964	0.2708	0.2564	0.0145	0.4620	0.3800	0.0820	0.4726	0.2372	0.2354	0.1370	0.1333	0.0036	0.3357	0.1039	0.2318	0.5271	0.0008	2.9739	0.0011	0.0011	0.0000	0.8849	0.0000	3.4446	2.5898	1.7006	3.4856	2.9457	3.0255	0.0220	2.4446	0.0000	3.5400	
5	13	0.1377	2	0	1	1	1	0	0	0	0	N	N	N	N	N	N	N	N	N	N	N	N	0.0260	0.0194	0.0992	0.1189	0.0273	0.0876	0.0267	0.1056	0.0014	0.0000	0.0110	0.0004	0.0000	0.0068	0.0020	0.0000	0.0118	0.0555	0.0007	0.1110	0.0033	0.0013	0.0770	0.0768	0.0000	0.1115	120.9227	156.5128	0.0005	0.0050	3.4322	7.6608	5.0828	8.3397	0.0012	0.0000	0.0012	0.0001	0.0000	0.0001	0.0011	0.0000	0.0011	0.0299	0.0002	0.0297	0.0005	0.0002	0.0003	0.0294	0.0000	0.0294	0.8445	0.7347	0.1098	0.3091	0.2924	0.0166	0.5354	0.4422	0.0932	0.5393	0.2713	0.2680	0.1562	0.1519	0.0043	0.3831	0.1193	0.2637	0.0260	0.0194	0.0992	0.1189	0.0273	0.0876	0.0267	0.0000	0.1056	0.0555	0.0007	0.1110	0.0033	0.0013	0.0770	0.0768	0.0000	0.1115	
5	14	0.1377	2	0	0	1	2	0	0	0	0	N	N	N	Y	N	N	N	N	N	N	N	N	0.3311	0.0009	1.4138	0.0012	0.0013	0.0000	0.4574	1.5766	1.5580	0.0016	11.7266	0.0036	0.0038	0.0000	2.4808	0.0000	13.7683	4.7054	1.7005	8.2943	2.9458	3.0253	0.0330	5.4235	0.0000	8.7329	1147.7968	4.5138	0.4058	-0.0178	3.4322	5.3392	5.0828	7.9996	1.0003	0.0009	0.9995	0.0009	0.0009	0.0000	0.9995	0.0000	0.9995	2.2239	0.4033	1.8206	0.4035	0.4033	0.0001	1.8204	0.0000	1.8204	0.6421	0.5569	0.0852	0.2392	0.2266	0.0126	0.4029	0.3303	0.0726	0.4726	0.2372	0.2354	0.1370	0.1333	0.0036	0.3357	0.1039	0.2318	0.3311	0.0009	1.5165	0.0012	0.0013	0.0000	0.4574	0.0000	1.7531	4.7054	1.7005	7.7326	2.9458	3.0253	0.0330	5.4235	0.0000	7.8535	
5	15	0.1377	2	0	1	1	2	0	0	0	0	N	N	N	Y	N	N	N	N	N	N	N	N	0.9824	0.0000	2073.4905	0.0002	0.0000	0.8695	687.0182	2602.7201	0.7136	0.0000	5.3436	0.0006	0.0000	0.0117	1.1410	0.0000	6.2616	0.7264	1.4444	0.0026	2.5025	2.5707	0.0134	0.0017	0.0000	0.0024	inf	0.0018	0.1674	-0.2882	3.4322	4.6608	5.0828	9.0004	0.4119	0.0000	0.4119	0.0001	0.0000	0.0001	0.4117	0.0000	0.4117	0.3494	0.3488	0.0006	0.3489	0.3488	0.0001	0.0006	0.0000	0.0006	0.5772	0.5001	0.0771	0.2163	0.2050	0.0113	0.3609	0.2951	0.0658	0.4811	0.2415	0.2396	0.1394	0.1357	0.0037	0.3417	0.1058	0.2359	0.9824	0.0000	2073.4905	0.0002	0.0000	0.8695	687.0182	0.0000	2602.7201	0.7264	1.4444	0.0026	2.5025	2.5707	0.0134	0.0017	0.0000	0.0024	
5	16	0.1682	3	0	1	1	1	0	0	0	0	N	N	N	N	N	N	N	N	N	N	N	N	0.5300	10.4441	0.0000	4.7404	6.3419	0.0000	0.3210	inf	0.0000	0.0063	0.0071	0.0000	0.0073	0.0078	0.0000	0.0052	0.0062	0.0000	0.0120	0.0007	0.0236	0.0015	0.0012	0.0460	0.0161	0.0000	0.0235	0.0000	33.6231	-0.0011	0.0004	3.4322	1.9870	5.0828	4.1092	0.0018	0.0018	0.0000	0.0011	0.0011	0.0000	0.0007	0.0007	0.0000	0.0028	0.0001	0.0027	0.0001	0.0001	0.0000	0.0027	0.0000	0.0027	0.2841	0.2534	0.0307	0.1543	0.1457	0.0086	0.1299	0.1078	0.0221	0.2352	0.1194	0.1158	0.0669	0.0664	0.0005	0.1683	0.0530	0.1153	0.5300	10.4441	0.0000	4.7404	6.3419	0.0000	0.3210	inf	0.0000	0.0120	0.0007	0.0236	0.0015	0.0012	0.0460	0.0161	0.0000	0.0235
5	17	0.1377	2	0	1	1	2	0	0	0	0	N	N	N	Y	N	N	N	N	N	N	N	N	0.5187	0.0008	2.9672	0.0011	0.0011	0.0000	0.8638	3.4431	1.1134	0.0011	8.6027	0.0027	0.0028	0.0000	1.7497	0.0000	10.1461	2.1465	1.4046	2.8993	2.4433	2.5127	0.0174	2.0256	0.0000	2.9468	1147.7968	2.0345	0.4058	-0.1912	3.4322	8.3392	5.0828	8.9996	1.0003	0.0009	0.9995	0.0009	0.0009	0.0000	0.9995	0.0000	0.9995	1.2240	0.4034	0.8206	0.4034	0.4034	0.0001	0.8206	0.0000	0.8206	0.8985	0.7823	0.1162	0.3273	0.3096	0.0177	0.5712	0.4727	0.0985	0.5702	0.2872	0.2831	0.1651	0.1605	0.0046	0.4051	0.1266	0.2785	0.5187	0.0008	2.9672	0.0011	0.0011	0.0000	0.8638	0.0000	3.4431	2.1465	1.4046	2.8993	2.4433	2.5127	0.0174	2.0256	0.0000	2.9468	
5	18	0.1838	3	1	1	1	1	0	0	0	0	N	N	N	N	N	N	N	N	N	N	N	N	0.0000	0.0000	0.0002	0.0000	0.0000	0.0005	0.0000	0.0001	0.0000	0.0000	0.0000	0.0000	0.0000	0.0000	0.0000	0.0000	0.0000	0.1381	0.3166	0.0106	0.6378	0.6583	0.0118	0.0078	0.0000	0.0106	0.0614	0.0341	-0.0000	-0.0287	3.4322	1.0070	5.0828	4.1063	0.0000	0.0000	0.0000	0.0000	0.0000	0.0000	0.0000	0.0000	0.0000	0.0362	0.0350	0.0012	0.0351	0.0350	0.0000	0.0012	0.0000	0.0012	0.1279	0.1118	0.0161	0.0578	0.0543	0.0035	0.0701	0.0575	0.0126	0.2622	0.1497	0.1125	0.1144	0.1115	0.0030	0.1478	0.0382	0.1096	0.0000	0.0000	0.0002	0.0000	0.0000	0.0005	0.0000	0.0000	0.0001	0.1381	0.2340	0.0106	0.3064	0.3143	0.0118	0.0078	0.0000	0.0106	
5	19	0.1377	2	0	1	1	1	0	0	0	0	N	N	N	N	N	N	N	N	N	N	N	N	0.0012	0.0007	0.0000	0.0010	0.0010	0.0000	0.0000	0.0000	0.0011	0.0013	0.0000	0.0030	0.0032	0.0000	0.0000	0.0000	0.0000	0.9311	1.8302	0.0270	3.1687	3.2515	0.0973	0.0179	0.0000	0.0259	0.0000	0.0146	-0.0004	-0.3370	3.4322	4.3392	5.0828	7.9996	0.0006	0.0006	0.0000	0.0006	0.0006	0.0000	0.0000	0.0000	0.0000	0.4149	0.4090	0.0060	0.4093	0.4090	0.0003	0.0057	0.0000	0.0057	0.5454	0.4724	0.0730	0.2051	0.1944	0.0107	0.3404	0.2780	0.0624	0.4456	0.2234	0.2222	0.1292	0.1258	0.0034	0.3165	0.0977	0.2188	0.0012	0.0007	0.0000	0.0010	0.0010	0.0000	0.0000	0.0000	0.0000	0.9311	1.8302	0.0270	3.1687	3.2515	0.0973	0.0179	0.0000	0.0259	
5	20	0.1377	2	0	0	1	2	0	0	0	0	N	N	N	Y	N	N	N	N	N	N	N	N	0.1912	0.0000	11.3658	0.0002	0.0000	inf	3.3704	13.1471	0.1341	0.0000	1.0221	0.0005	0.0000	0.0088	0.2121	0.0000	1.2014	0.7013	1.3056	0.0899	2.2665	2.3302	0.0000	0.0629	0.0000	0.0914	inf	0.0681	0.0415	-0.2842	3.4322	6.6608	5.0828	9.0004	0.1020	0.0000	0.1020	0.0001	0.0000	0.0001	0.1019	0.0000	0.1019	0.3725	0.3488	0.0237	0.3488	0.3488	0.0000	0.0237	0.0000	0.0237	0.7608	0.6610	0.0998	0.2805	0.2655	0.0150	0.4804	0.3955	0.0848	0.5312	0.2671	0.2641	0.1539	0.1497	0.0042	0.3773	0.1174	0.2599	0.1912	0.0000	11.3658	0.0002	0.0000	inf	3.3704	0.0000	13.1471	0.7013	1.3056	0.0899	2.2665	2.3302	0.0000	0.0629	0.0000	0.0914	
5	21	0.1775	3	1	0	2	1	0	0	0	0	N	N	Y	N	N	N	N	N	N	N	N	N	0.0008	8.9430	0.0000	10.6651	13.1957	0.0064	0.0000	inf	0.0000	0.0044	0.0052	0.0001	0.0124	0.0131	0.0001	0.0000	0.0000	0.0001	5.4378	0.0006	14.8903	0.0012	0.0010	0.0081	7.6212	0.0000	15.4034	0.0025	19527.1057	-0.0003	0.1732	3.4322	1.0018	5.0828	3.0659	0.0006	0.0006	0.0000	0.0006	0.0006	0.0000	0.0000	0.0000	0.0000	0.9994	0.0001	0.9994	0.0001	0.0001	0.0000	0.9993	0.0000	0.9993	0.1309	0.1123	0.0185	0.0467	0.0440	0.0026	0.0842	0.0683	0.0159	0.1838	0.0887	0.0951	0.0527	0.0514	0.0012	0.1311	0.0372	0.0939	0.0008	8.9430	0.0000	10.6651	13.1957	0.0064	0.0000	inf	0.0000	5.4378	0.0006	10.5067	0.0012	0.0010	0.0081	7.6212	0.0000	10.6445
5	22	0.1377	2	0	1	1	1	0	0	0	0	N	N	N	N	N	N	N	N	N	N	N	N	0.0007	0.0000	0.0035	0.0002	0.0000	0.1081	0.0010	0.0036	0.0026	0.0000	0.0193	0.0007	0.0000	0.0143	0.0037	0.0000	0.0202	3.6328	1.7689	5.5084	3.0646	3.1439	0.1325	3.8647	0.0000	5.5920	inf	3.0949	0.0005	-0.1170	3.4322	3.6608	5.0828	8.9996	0.0012	0.0000	0.0012	0.0001	0.0000	0.0001	0.0011	0.0000	0.0011	1.6509	0.4032	1.2477	0.4036	0.4032	0.0005	1.2473	0.0000	1.2473	0.4763	0.4121	0.0641	0.1804	0.1711	0.0092	0.2959	0.2410	0.0549	0.4544	0.2279	0.2265	0.1317	0.1282	0.0035	0.3227	0.0997	0.2230	0.0007	0.0000	0.0035	0.0002	0.0000	0.1081	0.0010	0.0000	0.0036	3.6328	1.7689	5.5084	3.0646	3.1439	0.1325	3.8647	0.0000	5.5920	
5	23	0.1377	2	0	1	1	1	0	0	0	0	N	N	N	N	N	N	N	N	N	N	N	N	0.0003	0.0007	0.0001	0.0010	0.0010	0.0155	0.0000	0.0000	0.0012	0.0013	0.0004	0.0031	0.0032	0.0019	0.0000	0.0000	0.0002	3.7035	1.8043	5.6134	3.1245	3.2055	0.1209	3.9398	0.0000	5.6985	0.0483	3.0938	-0.0004	-0.1170	3.4322	4.3392	5.0828	7.9996	0.0007	0.0006	0.0000	0.0006	0.0006	0.0000	0.0000	0.0000	0.0000	1.6505	0.4032	1.2473	0.4036	0.4032	0.0004	1.2469	0.0000	1.2469	0.5454	0.4724	0.0730	0.2051	0.1944	0.0107	0.3404	0.2780	0.0624	0.4456	0.2234	0.2222	0.1292	0.1258	0.0034	0.3165	0.0977	0.2188	0.0003	0.0007	0.0001	0.0010	0.0010	0.0155	0.0000	0.0000	0.0000	3.7035	1.8043	5.6134	3.1245	3.2055	0.1209	3.9398	0.0000	5.6985	
5	24	0.1377	2	1	1	1	1	0	0	0	0	N	N	N	N	N	N	N	N	N	N	N	N	0.0006	0.0008	0.0000	0.0010	0.0010	0.0000	inf	0.0000	0.0015	0.0017	0.0000	0.0038	0.0040	0.0000	0.0000	0.0000	0.0000	2.3686	2.2534	2.4838	3.8866	3.9873	0.0000	1.7488	0.0000	2.5207	0.0000	1.1021	-0.0004	-0.2562	3.4322	3.3392	5.0828	5.9996	0.0007	0.0007	0.0000	0.0006	0.0006	0.0000	0.0000	0.0000	0.0000	0.8474	0.4031	0.4442	0.4031	0.4031	0.0000	0.4442	0.0000	0.4442	0.4424	0.3826	0.0597	0.1682	0.1596	0.0085	0.2742	0.2230	0.0512	0.3577	0.1789	0.1789	0.1037	0.1011	0.0026	0.2540	0.0778	0.1762	0.0006	0.0008	0.0000	0.0010	0.0010	0.0000	0.0000	inf	0.0000	2.3686	2.2534	2.4838	3.8866	3.9873	0.0000	1.7488	0.0000	2.5207	
5	25	0.1377	2	0	1	1	1	0	0	0	0	N	N	N	N	N	N	N	N	N	N	N	N	0.0007	0.0000	0.0034	0.0002	0.0000	0.1198	0.0009	0.0035	0.0021	0.0000	0.0161	0.0006	0.0000	0.0117	0.0031	0.0000	0.0168	3.1077	1.5102	4.7236	2.6243	2.6952	0.0976	3.3048	0.0000	4.7985	inf	3.0921	0.0005	-0.1172	3.4322	4.6608	5.0828	10.9996	0.0012	0.0000	0.0012	0.0001	0.0000	0.0001	0.0011	0.0000	0.0011	1.6507	0.4034	1.2473	0.4038	0.4034	0.0004	1.2469	0.0000	1.2469	0.5772	0.5001	0.0771	0.2163	0.2050	0.0113	0.3609	0.2951	0.0658	0.5312	0.2671	0.2641	0.1539	0.1497	0.0042	0.3773	0.1174	0.2599	0.0007	0.0000	0.0034	0.0002	0.0000	0.1198	0.0009	0.0000	0.0035	3.1077	1.5102	4.7236	2.6243	2.6952	0.0976	3.3048	0.0000	4.7985	
5	26	0.1636	3	1	1	1	1	0	0	0	0	N	N	N	N	N	N	N	N	N	N	N	N	0.0000	0.0000	0.0000	0.0000	0.0000	0.0000	0.0000	0.0000	0.0000	0.0000	0.0000	0.0000	0.0000	0.0000	0.0000	0.0000	0.0000	0.0000	0.0001	0.0000	0.0001	0.0001	0.0000	0.0000	0.0000	0.0000	0.0021	0.0000	-0.0000	3.4322	0.0026	5.0828	0.9906	0.0000	0.0000	0.0000	0.0000	0.0000	0.0000	0.0000	0.0000	0.0000	0.0000	0.0000	0.0000	0.0000	0.0000	0.0000	0.0000	0.0000	0.0000	0.2209	0.1858	0.0351	0.1114	0.1113	0.0002	0.1095	0.0745	0.0350	0.3096	0.1633	0.1463	0.1481	0.1476	0.0005	0.1615	0.0157	0.1458	0.0000	0.0000	0.0000	0.0000	0.0000	0.0000	0.0000	0.0000	0.0000	0.0000	0.0001	0.0000	0.0001	0.0001	0.0000	0.0000	0.0000	0.0000		
5	27	0.1377	2	0	1	1	1	0	0	0	0	N	N	N	N	N	N	N	N	N	N	N	N	0.0301	0.1123	0.1946	0.0968	0.0313	0.1189	0.0021	0.0000	0.0157	0.0005	0.0000	0.0099	0.0030	0.0000	0.0167	0.0697	0.0000	0.1397	0.0027	0.0000	0.1025	0.0970	0.0000	0.1402	inf	inf	0.0005	0.0052	3.4322	4.6608	5.0828	7.0004	0.0012	0.0000	0.0012	0.0001	0.0000	0.0001	0.0011	0.0000	0.0011	0.0297	0.0000	0.0297	0.0003	0.0000	0.0003	0.0294	0.0000	0.0294	0.5772	0.5001	0.0771	0.2163	0.2050	0.0113	0.3609	0.2951	0.0658	0.4267	0.2138	0.2129	0.1237	0.1205	0.0032	0.3030	0.0934	0.2097	0.0301	0.0000	0.1123	0.1946	0.0000	0.0968	0.0313	0.0000	0.1189	0.0697	0.0000	0.1397	0.0027	0.0000	0.1025	0.0970	0.0000	0.1402			
5	28	0.1377	2	0	1	1	1	0	0	0	0	N	N	N	N	N	N	N	N	N	N	N	N	0.0285	0.9466	0.1052	5.6515	0.8791	inf	0.0288	inf	0.1105	0.0018	0.0001	0.0136	0.0005	0.0001	0.0085	0.0026	0.0000	0.0145	0.0646	0.0001	0.1292	0.0001	0.0001	0.0000	0.0909	0.0000	0.1311	40.3076	2374.7439	0.0005	0.0041	3.4322	5.6608	5.0828	4.0004	0.0012	0.0000	0.0012	0.0001	0.0000	0.0001	0.0011	0.0000	0.0011	0.0238	0.0000	0.0237	0.0000	0.0000	0.0000	0.0237	0.0000	0.0237	0.6719	0.5829	0.0889	0.2496	0.2364	0.0132	0.4223	0.3466	0.0757	0.3677	0.1839	0.1838	0.1066	0.1039	0.0027	0.2611	0.0800	0.1811	0.0285	0.9466	0.1052	5.6515	0.8791	inf	0.0288	inf	0.1105	0.0646	0.0001	0.1292	0.0001	0.0001	0.0000	0.0909	0.0000	0.1311
5	29	0.1377	2	0	1	2	2	0	0	0	0	N	N	Y	Y	N	N	N	N	N	N	N	N	0.1360	0.0000	0.4984	0.6024	0.0000	0.5143	0.1588	0.5649	0.4020	0.0000	2.9466	0.0011	0.0000	0.0247	0.6610	0.0000	3.3893	2.9553	0.0004	5.9123	0.0019	0.0007	0.0481	4.1610	0.0000	5.9999	inf	15523.6777	0.0414	0.1883	3.4322	1.6608	5.0828	8.0004	0.1018	0.0000	0.1018	0.0001	0.0000	0.0001	0.1017	0.0000	0.1017	1.0867	0.0001	1.0867	0.0002	0.0001	0.0001	1.0865	0.0000	1.0865	0.2532	0.2187	0.0345	0.0994	0.0949	0.0045	0.1538	0.1238	0.0300	0.3677	0.1839	0.1838	0.1066	0.1039	0.0027	0.2611	0.0800	0.1811	0.1360	0.0000	0.4984	0.6024	0.0000	0.5143	0.1588	0.0000	0.5649	2.9553	0.0004	5.9123	0.0019	0.0007	0.0481	4.1610	0.0000	5.9999	
5	30	0.1377	2	0	1	1	1	0	0	0	0	N	N	N	N	N	N	N	N	N	N	N	N	0.0285	0.0000	0.1078	5.6515	0.0000	inf	0.0288	0.1115	0.0018	0.0000	0.0139	0.0005	0.0000	0.0100	0.0026	0.0000	0.0146	0.0646	0.0001	0.1292	0.0001	0.0001	0.0000	0.0909	0.0000	0.1311	inf	2374.7439	0.0005	0.0041	3.4322	5.6608	5.0828	4.0004	0.0012	0.0000	0.0012	0.0001	0.0000	0.0001	0.0011	0.0000	0.0011	0.0238	0.0000	0.0237	0.0000	0.0000	0.0000	0.0237	0.0000	0.0237	0.6719	0.5829	0.0889	0.2496	0.2364	0.0132	0.4223	0.3466	0.0757	0.3677	0.1839	0.1838	0.1066	0.1039	0.0027	0.2611	0.0800	0.1811	0.0285	0.0000	0.1078	5.6515	0.0000	inf	0.0288	0.0000	0.1115	0.0646	0.0001	0.1292	0.0001	0.0001	0.0000	0.0909	0.0000	0.1311	
5	31	0.2080	3	1	1	1	1	0	0	0	0	N	N	N	N	N	N	N	N	N	N	N	N	0.0000	0.3996	0.0000	0.0600	0.6347	0.0001	0.0000	0.0000	0.0000	0.0000	0.0000	0.0000	0.0000	0.0000	0.0000	0.0000	0.0000	0.0000	0.4695	0.0000	1.0006	0.0003	0.0000	0.0250	0.9044	0.0001	1.0127	0.0503	30265.1709	-0.0000	0.0188	3.4322	0.1965	5.0828	2.3074	0.0000	0.0000	0.0000	0.0000	0.0000	0.0000	0.0000	0.0000	0.0000	0.1087	0.0000	0.1087	0.0000	0.0000	0.0000	0.1087	0.0000	0.1087	0.0342	0.0315	0.0027	0.0186	0.0178	0.0009	0.0156	0.0137	0.0019	0.2315	0.1229	0.1086	0.1114	0.1101	0.0013	0.1201	0.0128	0.1073	0.0000	0.3996	0.0000	0.0600	0.6347	0.0001	0.0000	0.0000	0.0000	0.4695	0.0000	1.0006	0.0003	0.0000	0.0250	0.9044	0.0000	1.0127
5	32	0.1377	2	0	1	1	2	0	0	0	0	N	N	N	Y	N	N	N	N	N	N	N	N	0.0000	0.0000	0.0000	0.0000	0.0000	0.0000	0.0000	0.0000	0.0000	0.0000	0.0000	0.0000	0.0000	0.0000	0.0000	0.0000	0.0000	0.0000	0.0000	0.0000	3.4322	0.0000	5.0828	1.0000	0.0000	0.0000	0.0000	0.0000	0.0000	0.0000	0.0000	0.0000	0.0000	0.0000	0.0000	0.0000	0.0000	0.0000	0.0000	0.0000	0.0000	0.0000	0.0000	0.0000	0.0000	0.0000	0.0000	0.0000	0.0000	0.0000	0.0000	0.0459	0.0228	0.0231	0.0134	0.0131	0.0003	0.0325	0.0097	0.0228	0.0000	0.0000	0.0000	0.0000	0.0000	0.0000	0.0000	0.0000	0.0000	0.0000	0.0000	0.0000	0.0000	0.0000	0.0000	0.0000	0.0000	0.0000											
5	33	0.1377	2	1	1	1	1	0	0	0	0	N	N	N	N	N	N	N	N	N	N	N	N	0.0044	0.0004	inf	0.0008	0.0005	inf	inf	inf	0.0039	0.0007	0.0242	0.0023	0.0016	0.0161	0.0048	0.0000	0.0255	0.8872	1.7689	0.0000	3.0611	3.1439	0.0000	0.0000	0.0000	0.0000	5.4965	0.0000	0.0004	-0.3333	3.4322	2.6608	5.0828	9.9996	0.0014	0.0002	0.0012	0.0003	0.0002	0.0001	0.0011	0.0000	0.0011	0.4032	0.4032	0.0000	0.4032	0.4032	0.0000	0.0000	0.0000	0.0000	0.3685	0.3185	0.0500	0.1415	0.1345	0.0070	0.2270	0.1840	0.0430	0.4544	0.2279	0.2265	0.1317	0.1282	0.0035	0.3227	0.0997	0.2230	0.0044	0.0004	inf	0.0008	0.0005	inf	inf	0.0000	inf	0.8872	1.7689	0.0000	3.0611	3.1439	0.0000	0.0000	0.0000	0.0000	
5	36	0.1377	2	0	1	1	1	0	0	0	0	N	N	N	N	N	N	N	N	N	N	N	N	0.0030	0.0000	22.1643	0.0002	0.0000	inf	6.1048	22.7827	0.0026	0.0000	0.0193	0.0007	0.0000	0.0143	0.0037	0.0000	0.0202	0.8559	1.7082	0.0009	2.9511	3.0293	0.0000	0.0006	0.0000	0.0009	inf	0.0005	0.0005	-0.2883	3.4322	3.6608	5.0828	7.3397	0.0012	0.0000	0.0012	0.0001	0.0000	0.0001	0.0011	0.0000	0.0011	0.3490	0.3488	0.0002	0.3488	0.3488	0.0000	0.0002	0.0000	0.0002	0.4763	0.4121	0.0641	0.1804	0.1711	0.0092	0.2959	0.2410	0.0549	0.4078	0.2042	0.2036	0.1182	0.1152	0.0031	0.2896	0.0891	0.2005	0.0030	0.0000	22.1643	0.0002	0.0000	inf	6.1048	0.0000	22.7827	0.8559	1.7082	0.0009	2.9511	3.0293	0.0000	0.0006	0.0000	0.0009	
5	37	0.2002	4	1	0	2	1	0	0	0	0	N	N	Y	N	N	N	N	N	N	N	N	N	0.0019	0.0012	0.0000	0.0015	0.0016	0.0000	0.0000	0.0000	0.0001	0.0018	0.0021	0.0000	0.0046	0.0049	0.0000	0.0000	0.0000	0.0000	0.9673	1.8529	0.0019	3.1140	3.1309	0.0424	0.0012	0.0000	0.0017	0.0000	0.0009	-0.0004	-0.2925	3.4322	2.3426	5.0828	5.0131	0.0006	0.0006	0.0000	0.0006	0.0006	0.0000	0.0000	0.0000	0.0000	0.3543	0.3540	0.0003	0.3540	0.3540	0.0000	0.0003	0.0000	0.0003	0.3365	0.2910	0.0455	0.1334	0.1269	0.0065	0.2031	0.1641	0.0390	0.3663	0.1910	0.1752	0.1137	0.1131	0.0006	0.2526	0.0780	0.1746	0.0019	0.0012	0.0000	0.0015	0.0016	0.0000	0.0000	0.0000	0.0001	0.9673	1.8529	0.0019	3.1140	3.1309	0.0424	0.0012	0.0000	0.0017
5	38	0.1724	3	1	0	2	1	0	0	0	0	N	N	Y	N	N	N	N	N	N	N	N	N	0.0104	0.0036	0.0604	0.0047	0.0044	0.0431	0.0193	0.0000	0.0640	0.0024	0.0014	0.0087	0.0033	0.0031	0.0056	0.0018	0.0000	0.0092	0.2270	0.3755	0.1439	0.6867	0.7095	0.1294	0.0914	0.0046	0.1440	0.9992	0.3618	-0.0001	-0.0383	3.4322	2.4564	5.0828	2.5086	0.0008	0.0004	0.0004	0.0004	0.0004	0.0000	0.0004	0.0000	0.0004	0.0683	0.0501	0.0181	0.0503	0.0501	0.0002	0.0180	0.0000	0.0180	0.3488	0.3016	0.0472	0.1378	0.1310	0.0068	0.2110	0.1706	0.0403	0.3008	0.1746	0.1261	0.1038	0.1026	0.0012	0.1970	0.0720	0.1249	0.0104	0.0047	0.0604	0.0067	0.0064	0.0431	0.0193	0.0000	0.0640	0.2270	0.2871	0.1439	0.4846	0.4887	0.1294	0.0914	0.0000	0.1440
5	39	0.1377	2	0	1	1	1	0	0	0	0	N	N	N	N	N	N	N	N	N	N	N	N	0.2091	0.0000	1549.0758	0.0002	0.0000	inf	464.6825	1789.4327	0.1519	0.0000	1.1473	0.0005	0.0000	0.0100	0.2413	0.0000	1.3462	0.7261	1.4458	0.0007	2.5046	2.5732	0.0000	0.0005	0.0000	0.0008	inf	0.0005	0.0415	-0.2886	3.4322	5.6608	5.0828	8.0004	0.1020	0.0000	0.1020	0.0001	0.0000	0.0001	0.1019	0.0000	0.1019	0.3493	0.3492	0.0002	0.3492	0.3492	0.0000	0.0002	0.0000	0.0002	0.6719	0.5829	0.0889	0.2496	0.2364	0.0132	0.4223	0.3466	0.0757	0.4811	0.2415	0.2396	0.1394	0.1357	0.0037	0.3417	0.1058	0.2359	0.2091	0.0000	1549.0758	0.0002	0.0000	inf	464.6825	0.0000	1789.4327	0.7261	1.4458	0.0007	2.5046	2.5732	0.0000	0.0005	0.0000	0.0008	
5	40	0.1377	2	1	0	2	1	0	0	0	0	N	N	Y	N	N	N	N	N	N	N	N	N	0.0009	0.0005	0.0000	0.0007	0.0008	0.0000	0.0000	0.0000	0.0009	0.0010	0.0000	0.0023	0.0025	0.0000	0.0000	0.0000	0.0000	0.9708	1.8040	0.1330	3.1234	3.2050	0.0973	0.0924	0.0000	0.1336	0.0000	0.0733	-0.0004	-0.3281	3.4322	6.3392	5.0828	5.9996	0.0006	0.0006	0.0000	0.0006	0.0006	0.0000	0.0000	0.0000	0.0000	0.4327	0.4031	0.0296	0.4034	0.4031	0.0003	0.0292	0.0000	0.0292	0.7328	0.6364	0.0964	0.2708	0.2564	0.0145	0.4620	0.3800	0.0820	0.4456	0.2234	0.2222	0.1292	0.1258	0.0034	0.3165	0.0977	0.2188	0.0009	0.0005	0.0000	0.0007	0.0008	0.0000	0.0000	0.0000	0.0000	0.9708	1.8040	0.1330	3.1234	3.2050	0.0973	0.0924	0.0000	0.1336	
5	41	0.1702	3	1	0	2	1	0	0	0	0	N	N	Y	N	N	N	N	N	N	N	N	N	0.0000	0.0000	0.0000	0.0000	0.0000	0.0000	0.0000	0.0000	0.0000	0.0000	0.0000	0.0000	0.0000	0.0000	0.0000	0.0000	0.0000	0.2485	0.4189	0.1348	0.7126	0.7436	0.0016	0.1009	0.0000	0.1365	0.0025	0.3480	-0.0000	-0.0519	3.4322	1.9694	5.0828	5.1440	0.0000	0.0000	0.0000	0.0000	0.0000	0.0000	0.0000	0.0000	0.0000	0.0913	0.0678	0.0236	0.0678	0.0678	0.0000	0.0236	0.0000	0.0236	0.2736	0.2364	0.0372	0.1155	0.1095	0.0060	0.1581	0.1268	0.0313	0.3675	0.1926	0.1750	0.1339	0.1316	0.0022	0.2337	0.0609	0.1727	0.0000	0.0000	0.0000	0.0000	0.0000	0.0000	0.0000	0.0000	0.0000	0.2485	0.3518	0.1348	0.5062	0.5147	0.0016	0.1009	0.0000	0.1365	
5	42	0.1377	2	1	0	1	1	0	0	0	0	N	N	N	N	N	N	N	N	N	N	N	N	0.0009	0.0005	0.0045	0.0007	0.0007	1.9530	0.0013	0.0000	0.0047	0.0014	0.0016	0.0000	0.0037	0.0039	0.0000	0.0000	0.0000	0.0000	1.4954	2.9986	0.0031	5.1512	5.2776	0.0000	0.0022	0.0022	0.0032	0.0014	0.0011	-0.0004	-0.2775	3.4322	3.3753	5.0828	2.0398	0.0006	0.0006	0.0000	0.0006	0.0006	0.0000	0.0000	0.0000	0.0000	0.3362	0.3358	0.0004	0.3358	0.3358	0.0000	0.0004	0.0000	0.0004	0.4462	0.3860	0.0602	0.1696	0.1609	0.0086	0.2766	0.2250	0.0516	0.2248	0.1120	0.1128	0.0652	0.0636	0.0016	0.1596	0.0484	0.1112	0.0009	0.0005	0.0045	0.0007	0.0007	1.9530	0.0013	0.0000	0.0047	1.4954	2.9986	0.0031	5.1512	5.2776	0.0000	0.0022	0.0000	0.0032
5	43	0.1377	2	0	0	2	1	0	0	0	0	N	N	Y	N	N	N	N	N	N	N	N	N	0.0755	0.0001	0.9574	0.0003	0.0002	inf	0.2910	1.1036	0.1768	0.0004	1.3210	0.0016	0.0011	0.0117	0.2818	0.0000	1.5464	2.3423	3.2989	1.3797	5.7090	5.8635	0.0000	0.9684	0.0000	1.4012	462.8147	0.4157	0.0413	-0.5674	3.4322	4.6608	5.0828	7.9996	0.1020	0.0002	0.1018	0.0004	0.0002	0.0001	0.1017	0.0000	0.1017	1.0644	0.7519	0.3125	0.7519	0.7519	0.0000	0.3125	0.0000	0.3125	0.5772	0.5001	0.0771	0.2163	0.2050	0.0113	0.3609	0.2951	0.0658	0.4544	0.2279	0.2265	0.1317	0.1282	0.0035	0.3227	0.0997	0.2230	0.0755	0.0001	0.9574	0.0003	0.0002	inf	0.2910	0.0000	1.1036	2.3423	3.2989	1.3797	5.7090	5.8635	0.0000	0.9684	0.0000	1.4012	
5	44	0.1377	2	0	1	1	1	0	0	0	0	N	N	N	N	N	N	N	N	N	N	N	N	0.0015	0.0000	inf	0.0001	0.0000	inf	inf	inf	0.0025	0.0000	0.0188	0.0006	0.0000	0.0117	0.0036	0.0000	0.0200	1.6544	3.2987	0.0000	5.7085	5.8630	0.0000	0.0000	0.0000	0.0000	inf	0.0000	0.0006	-0.6215	3.4322	4.6608	5.0828	7.9996	0.0014	0.0000	0.0014	0.0001	0.0000	0.0001	0.0013	0.0000	0.0013	0.7518	0.7518	0.0000	0.7518	0.7518	0.0000	0.0000	0.0000	0.0000	0.5772	0.5001	0.0771	0.2163	0.2050	0.0113	0.3609	0.2951	0.0658	0.4544	0.2279	0.2265	0.1317	0.1282	0.0035	0.3227	0.0997	0.2230	0.0015	0.0000	inf	0.0001	0.0000	inf	inf	0.0000	inf	1.6544	3.2987	0.0000	5.7085	5.8630	0.0000	0.0000	0.0000	0.0000	
5	45	0.1724	3	1	1	2	1	0	0	0	0	N	N	Y	N	N	N	N	N	N	N	N	N	0.0026	0.0018	0.0000	0.0022	0.0023	0.0000	0.0000	0.0000	0.0029	0.0033	0.0000	0.0071	0.0074	0.0000	0.0000	0.0000	0.0000	1.1064	1.8647	0.1300	3.2180	3.2620	0.0000	0.0843	0.0005	0.1313	0.0000	0.0541	-0.0004	-0.3180	3.4322	1.3391	5.0828	5.8433	0.0006	0.0006	0.0000	0.0006	0.0006	0.0000	0.0000	0.0000	0.0000	0.4101	0.3891	0.0211	0.3891	0.3891	0.0000	0.0211	0.0000	0.0211	0.2163	0.1869	0.0294	0.0878	0.0839	0.0039	0.1285	0.1030	0.0255	0.3707	0.2087	0.1620	0.1209	0.1193	0.0016	0.2498	0.0894	0.1604	0.0026	0.0018	0.0000	0.0022	0.0023	0.0000	0.0000	0.0000	0.0000	1.1064	1.8647	0.1300	3.2180	3.2620	0.0000	0.0843	0.0000	0.1313	
5	46	0.1377	2	1	0	1	1	0	0	0	0	N	N	N	N	N	N	N	N	N	N	N	N	0.0239	0.0054	0.1773	0.0057	0.0053	0.0560	0.0518	0.0000	0.1896	0.0024	0.0014	0.0088	0.0034	0.0032	0.0059	0.0018	0.0000	0.0092	0.0997	0.2565	0.0494	0.5920	0.6090	0.1050	0.0339	0.0038	0.0486	0.9996	0.3307	-0.0001	-0.0134	3.4322	2.4483	5.0828	3.1953	0.0008	0.0004	0.0004	0.0004	0.0004	0.0000	0.0004	0.0000	0.0004	0.0232	0.0175	0.0058	0.0176	0.0175	0.0002	0.0056	0.0000	0.0056	0.3446	0.2978	0.0468	0.1328	0.1263	0.0065	0.2118	0.1715	0.0404	0.2332	0.1162	0.1170	0.0676	0.0660	0.0016	0.1655	0.0502	0.1154	0.0239	0.0092	0.1773	0.0129	0.0123	0.0560	0.0518	0.0000	0.1896	0.0997	0.1504	0.0494	0.2609	0.2647	0.1050	0.0339	0.0000	0.0486
5	47	0.1775	3	1	1	2	1	0	0	0	0	N	N	Y	N	N	N	N	N	N	N	N	N	151.4875	141.0260	0.0021	0.5549	0.5744	1.2567	417.8737	inf	0.0022	2.7322	3.1720	0.0000	0.0210	0.0223	0.0000	4.2077	5.1523	0.0000	0.0180	0.0225	0.0139	0.0379	0.0388	0.0000	0.0101	0.0000	0.0141	0.0000	0.6620	-0.5930	-0.0014	3.4322	3.0001	5.0828	1.0598	0.9991	0.9991	0.0000	0.0027	0.0027	0.0000	0.9964	0.9964	0.0000	0.0033	0.0020	0.0013	0.0020	0.0020	0.0000	0.0013	0.0000	0.0013	0.3657	0.3150	0.0507	0.1289	0.1216	0.0073	0.2368	0.1934	0.0434	0.1835	0.0885	0.0950	0.0526	0.0513	0.0012	0.1309	0.0372	0.0937	151.4875	141.0260	0.0021	0.5549	0.5744	1.2567	417.8737	inf	0.0022	0.0180	0.0225	0.0139	0.0379	0.0388	0.0000	0.0101	0.0000	0.0141
5	48	0.1377	2	1	0	2	1	0	0	0	0	N	N	Y	N	N	N	N	N	N	N	N	N	0.1458	1.2171	0.3727	0.2956	0.0054	27272.7343	0.1693	1.1527	0.3738	0.0137	0.0052	0.0685	0.0021	0.0000	0.0589	0.0220	0.0096	0.0697	0.0943	0.0042	0.1839	0.0072	0.0073	0.0000	0.1299	0.0083	0.1865	2.0821	43.6015	0.0001	0.0038	3.4322	0.6630	5.0828	5.9830	0.0018	0.0006	0.0012	0.0001	0.0000	0.0001	0.0017	0.0006	0.0011	0.0254	0.0006	0.0248	0.0006	0.0006	0.0000	0.0248	0.0000	0.0248	0.1301	0.1125	0.0176	0.0540	0.0521	0.0019	0.0761	0.0604	0.0157	0.2689	0.1341	0.1348	0.0780	0.0761	0.0019	0.1909	0.0580	0.1329	0.1458	1.2171	0.3727	0.2956	0.0054	27272.7343	0.1693	55.2353	0.3738	0.0943	0.0042	0.1839	0.0072	0.0073	0.0000	0.1299	0.0002	0.1865
5	49	0.1377	2	1	1	1	1	0	0	0	0	N	N	N	N	N	N	N	N	N	N	N	N	0.0007	0.0008	0.0002	0.0011	0.0011	inf	0.0000	0.0001	0.0011	0.0012	0.0003	0.0030	0.0031	0.0012	0.0000	0.0000	0.0001	1.5744	1.5329	1.6164	2.6602	2.7346	0.0000	1.1316	0.0000	1.6424	0.0341	1.0430	-0.0005	-0.2605	3.4322	7.3392	5.0828	7.9996	0.0009	0.0009	0.0000	0.0009	0.0009	0.0000	0.0000	0.0000	0.0000	0.8240	0.4033	0.4207	0.4033	0.4033	0.0000	0.4207	0.0000	0.4207	0.8181	0.7114	0.1067	0.3001	0.2840	0.0161	0.5180	0.4275	0.0906	0.5234	0.2631	0.2603	0.1516	0.1475	0.0041	0.3718	0.1156	0.2561	0.0007	0.0008	0.0002	0.0011	0.0011	inf	0.0000	0.0000	0.0001	1.5744	1.5329	1.6164	2.6602	2.7346	0.0000	1.1316	0.0000	1.6424	
5	50	0.1377	2	0	0	1	2	0	0	0	0	N	N	N	Y	N	N	N	N	N	N	N	N	0.0018	1.5509	0.0055	0.5679	2.1169	0.1266	0.0015	0.0057	0.0026	0.0005	0.0161	0.0018	0.0012	0.0117	0.0031	0.0000	0.0168	1.4480	0.0003	2.9151	0.0031	0.0006	0.0924	2.0371	0.0000	2.9613	4.9569	8924.8604	0.0004	0.1392	3.4322	4.6608	5.0828	12.0004	0.0015	0.0003	0.0012	0.0004	0.0003	0.0001	0.0011	0.0000	0.0011	0.8033	0.0001	0.8032	0.0005	0.0001	0.0004	0.8028	0.0000	0.8028	0.5772	0.5001	0.0771	0.2163	0.2050	0.0113	0.3609	0.2951	0.0658	0.5548	0.2792	0.2755	0.1607	0.1562	0.0044	0.3941	0.1230	0.2711	0.0018	1.5509	0.0055	0.5679	2.1169	0.1266	0.0015	0.0000	0.0057	1.4480	0.0003	2.9151	0.0031	0.0006	0.0924	2.0371	0.0000	2.9613	
5	51	0.1682	3	0	1	2	1	0	0	0	0	N	N	Y	N	N	N	N	N	N	N	N	N	0.1551	0.0000	0.7187	0.3661	0.0000	0.1657	0.2147	0.8791	0.0023	0.0000	0.0216	0.0006	0.0000	0.0099	0.0044	0.0000	0.0264	0.0150	0.0006	0.0301	0.0015	0.0011	0.0598	0.0205	0.0000	0.0300	inf	44.3512	0.0003	0.0004	3.4322	2.4249	5.0828	2.1457	0.0008	0.0000	0.0008	0.0001	0.0000	0.0001	0.0007	0.0000	0.0007	0.0028	0.0001	0.0027	0.0001	0.0001	0.0000	0.0027	0.0000	0.0027	0.3319	0.2962	0.0357	0.1798	0.1695	0.0103	0.1521	0.1267	0.0255	0.1861	0.0954	0.0908	0.0542	0.0539	0.0004	0.1319	0.0415	0.0904	0.1551	0.0000	0.7187	0.3661	0.0000	0.1657	0.2147	0.0000	0.8791	0.0150	0.0006	0.0301	0.0015	0.0011	0.0598	0.0205	0.0000	0.0300	
5	52	0.1377	2	0	1	1	1	0	0	0	0	N	N	N	N	N	N	N	N	N	N	N	N	0.0172	0.1564	0.0463	0.1499	0.2008	0.0361	0.0135	0.0153	0.0489	0.0021	0.0007	0.0112	0.0019	0.0016	0.0072	0.0023	0.0001	0.0118	0.1235	0.0045	0.2415	0.0125	0.0079	0.2001	0.1688	0.0055	0.2421	2.4604	53.7475	0.0001	0.0044	3.4322	3.5386	5.0828	1.9499	0.0010	0.0003	0.0007	0.0003	0.0003	0.0001	0.0007	0.0000	0.0006	0.0281	0.0005	0.0276	0.0008	0.0005	0.0003	0.0273	0.0000	0.0273	0.4635	0.4010	0.0625	0.1758	0.1668	0.0090	0.2877	0.2342	0.0535	0.2275	0.1133	0.1142	0.0660	0.0644	0.0016	0.1615	0.0490	0.1126	0.0172	0.1564	0.0463	0.1499	0.2008	0.0361	0.0135	0.8002	0.0489	0.1235	0.0045	0.2415	0.0125	0.0079	0.2001	0.1688	0.0001	0.2421
5	53	0.1377	2	1	0	2	1	0	0	0	0	N	N	Y	N	N	N	N	N	N	N	N	N	0.0008	0.0005	0.0000	0.0007	0.0007	0.0000	0.0000	0.0014	0.0016	0.0000	0.0037	0.0039	0.0000	0.0000	0.0000	0.0000	1.6530	3.1320	0.1821	5.3855	5.5194	0.0000	0.1286	0.0000	0.1847	0.0000	0.0585	-0.0004	-0.3291	3.4322	3.3392	5.0828	2.9996	0.0006	0.0006	0.0000	0.0006	0.0006	0.0000	0.0000	0.0000	0.0000	0.4267	0.4031	0.0236	0.4031	0.4031	0.0000	0.0236	0.0000	0.0236	0.4424	0.3826	0.0597	0.1682	0.1596	0.0085	0.2742	0.2230	0.0512	0.2581	0.1287	0.1294	0.0748	0.0730	0.0018	0.1833	0.0557	0.1276	0.0008	0.0005	0.0000	0.0007	0.0007	0.0000	0.0000	0.0000	0.0000	1.6530	3.1320	0.1821	5.3855	5.5194	0.0000	0.1286	0.0000	0.1847		
5	54	0.1838	3	1	1	1	1	0	0	0	0	N	N	N	N	N	N	N	N	N	N	N	N	0.0000	0.0000	0.0001	0.0000	0.0000	0.0002	0.0000	0.0000	0.0000	0.0000	0.0000	0.0000	0.0000	0.0000	0.0000	0.0000	0.0000	0.1336	0.2923	0.0141	0.6297	0.6430	0.0139	0.0106	0.0000	0.0141	0.0614	0.0476	-0.0000	-0.0242	3.4322	2.0079	5.0828	2.2027	0.0000	0.0000	0.0000	0.0000	0.0000	0.0000	0.0000	0.0000	0.0000	0.0310	0.0296	0.0014	0.0296	0.0296	0.0000	0.0014	0.0000	0.0014	0.2444	0.2138	0.0306	0.1094	0.1027	0.0067	0.1350	0.1111	0.0239	0.2320	0.1319	0.1001	0.1023	0.0998	0.0025	0.1297	0.0321	0.0976	0.0000	0.0000	0.0001	0.0000	0.0000	0.0002	0.0000	0.0000	0.0000	0.1336	0.2245	0.0141	0.2896	0.2966	0.0139	0.0106	0.0000	0.0141	
5	55	0.1377	2	1	1	1	1	0	0	0	0	N	N	N	N	N	N	N	N	N	N	N	N	0.0010	0.0006	0.0030	0.0008	0.0008	593.4179	0.0003	0.0000	0.0012	0.0012	0.0013	0.0004	0.0032	0.0032	0.0019	0.0000	0.0000	0.0002	1.2225	2.3083	0.1387	3.9770	4.0786	0.0000	0.0978	0.0018	0.1408	0.0481	0.0602	-0.0004	-0.3051	3.4322	4.3406	5.0828	3.9440	0.0007	0.0006	0.0000	0.0007	0.0006	0.0000	0.0000	0.0000	0.0000	0.3963	0.3738	0.0225	0.3738	0.3738	0.0000	0.0225	0.0000	0.0225	0.5456	0.4725	0.0731	0.2051	0.1944	0.0107	0.3405	0.2781	0.0624	0.3242	0.1619	0.1622	0.0940	0.0916	0.0023	0.2302	0.0703	0.1599	0.0010	0.0006	0.0030	0.0008	0.0008	593.4179	0.0003	0.0026	0.0012	1.2225	2.3083	0.1387	3.9770	4.0786	0.0000	0.0978	0.0000	0.1408
5	56	0.1377	2	0	1	1	1	0	0	0	0	N	N	N	N	N	N	N	N	N	N	N	N	0.0332	0.0000	0.1259	0.0704	0.0000	0.1092	0.0356	0.1330	0.0025	0.0000	0.0189	0.0006	0.0000	0.0122	0.0037	0.0000	0.0200	0.0765	0.0035	0.1497	0.0088	0.0061	0.1113	0.1041	0.0000	0.1503	inf	43.0977	0.0005	0.0046	3.4322	3.6608	5.0828	7.0004	0.0012	0.0000	0.0012	0.0001	0.0000	0.0001	0.0011	0.0000	0.0011	0.0304	0.0007	0.0297	0.0010	0.0007	0.0003	0.0294	0.0000	0.0294	0.4763	0.4121	0.0641	0.1804	0.1711	0.0092	0.2959	0.2410	0.0549	0.3978	0.1992	0.1987	0.1153	0.1124	0.0030	0.2825	0.0868	0.1957	0.0332	0.0000	0.1259	0.0704	0.0000	0.1092	0.0356	0.0000	0.1330	0.0765	0.0035	0.1497	0.0088	0.0061	0.1113	0.1041	0.0000	0.1503	
5	57	0.1377	2	0	0	2	1	0	0	0	0	N	N	Y	N	N	N	N	N	N	N	N	N	0.0025	0.0002	0.0184	0.0006	0.0003	inf	0.0053	0.0189	0.0052	0.0005	0.0350	0.0022	0.0012	0.0247	0.0071	0.0000	0.0366	2.1013	2.3012	1.9020	3.9622	4.0626	0.0000	1.3414	0.0000	1.9296	10.9930	0.8290	0.0004	-0.2382	3.4322	1.6608	5.0828	6.0004	0.0013	0.0001	0.0012	0.0002	0.0001	0.0001	0.0011	0.0000	0.0011	0.6379	0.3488	0.2891	0.3488	0.3488	0.0000	0.2891	0.0000	0.2891	0.2532	0.2187	0.0345	0.0994	0.0949	0.0045	0.1538	0.1238	0.0300	0.3036	0.1516	0.1520	0.0880	0.0859	0.0022	0.2156	0.0657	0.1498	0.0025	0.0002	0.0184	0.0006	0.0003	inf	0.0053	0.0000	0.0189	2.1013	2.3012	1.9020	3.9622	4.0626	0.0000	1.3414	0.0000	1.9296	
5	58	0.1377	2	1	1	1	1	0	0	0	0	N	N	N	N	N	N	N	N	N	N	N	N	1.8982	1.0979	0.0009	0.0009	inf	inf	1.8345	2.1182	0.0000	0.0031	0.0032	0.0000	2.9379	3.5970	0.0000	0.9665	1.9293	0.0000	3.3343	3.4230	0.0000	0.0000	0.0000	0.0000	0.0000	0.0000	-0.5939	-0.3336	3.4322	4.3392	5.0828	6.9996	1.0006	1.0006	0.0000	0.0006	0.0006	0.0000	1.0000	1.0000	0.0000	0.4036	0.4036	0.0000	0.4036	0.4036	0.0000	0.0000	0.0000	0.0000	0.5454	0.4724	0.0730	0.2051	0.1944	0.0107	0.3404	0.2780	0.0624	0.4175	0.2092	0.2084	0.1210	0.1179	0.0031	0.2965	0.0913	0.2052	1.8982	1.0979	0.0000	0.0009	0.0009	0.0000	inf	inf	0.0000	0.9665	1.9293	0.0000	3.3343	3.4230	0.0000	0.0000	0.0000	0.0000			
5	59	0.1377	2	1	1	2	1	0	0	0	0	N	N	Y	N	N	N	N	N	N	N	N	N	2.3404	0.0559	8.8154	0.9221	0.0775	inf	2.6450	10.1974	1.4894	0.0000	11.2521	0.0005	0.0000	0.0085	2.3696	0.0000	13.2186	0.6364	0.0003	1.2764	0.0005	0.0005	0.0000	0.8959	0.0000	1.2963	100067.9227	4130.6777	0.4068	0.0501	3.4322	5.6608	5.0828	7.0004	1.0007	0.0000	1.0007	0.0001	0.0000	0.0001	1.0006	0.0000	1.0006	0.2892	0.0001	0.2891	0.0001	0.0001	0.0000	0.2891	0.0000	0.2891	0.6719	0.5829	0.0889	0.2496	0.2364	0.0132	0.4223	0.3466	0.0757	0.4545	0.2279	0.2265	0.1317	0.1282	0.0035	0.3228	0.0997	0.2231	2.3404	0.0559	8.8154	0.9221	0.0775	inf	2.6450	0.0000	10.1974	0.6364	0.0003	1.2764	0.0005	0.0005	0.0000	0.8959	0.0000	1.2963	
5	60	0.1377	2	0	1	1	1	0	0	0	0	N	N	N	N	N	N	N	N	N	N	N	N	0.0000	0.0000	0.0000	0.0000	0.0000	0.0000	0.0000	0.0000	0.0000	0.0000	0.0000	0.0000	0.0000	0.0000	0.0000	3.2638	0.0000	6.5250	0.0057	0.0000	0.2380	4.5945	0.0000	6.5965	inf	0.0000	0.1392	3.4322	2.0000	5.0828	4.0000	0.0000	0.0000	0.0000	0.0000	0.0000	0.0000	0.0000	0.0000	0.0000	0.8031	0.0000	0.8031	0.0004	0.0000	0.0004	0.8026	0.0000	0.8026	0.2932	0.2533	0.0400	0.1140	0.1086	0.0054	0.1792	0.1446	0.0346	0.2460	0.1226	0.1234	0.0714	0.0696	0.0017	0.1747	0.0530	0.1217	0.0000	0.0000	0.0000	0.0000	0.0000	0.0000	0.0000	0.0000	0.0000	3.2638	0.0000	6.5077	0.0057	0.0000	0.2380	4.5945	0.0000	6.5965				
5	61	0.1377	2	1	0	2	1	0	0	0	0	N	N	Y	N	N	N	N	N	N	N	N	N	0.0173	inf	0.0000	inf	inf	0.0000	0.0000	0.0010	0.0011	0.0000	0.0026	0.0028	0.0000	0.0000	0.0000	0.0000	0.0569	0.0000	0.1140	0.0000	0.0000	0.0000	0.0801	0.0000	0.1157	0.0000	inf	-0.0004	0.0041	3.4322	5.3392	5.0828	6.0004	0.0006	0.0006	0.0000	0.0006	0.0006	0.0000	0.0000	0.0000	0.0000	0.0237	0.0000	0.0237	0.0000	0.0000	0.0000	0.0237	0.0000	0.0237	0.6421	0.5569	0.0852	0.2392	0.2266	0.0126	0.4029	0.3303	0.0726	0.4176	0.2092	0.2084	0.1210	0.1179	0.0031	0.2965	0.0913	0.2053	0.0173	inf	0.0000	inf	inf	0.0000	0.0000	0.0000	0.0000	0.0569	0.0000	0.1140	0.0000	0.0000	0.0000	0.0801	0.0000	0.1157		
5	62	0.1377	2	0	1	1	1	0	0	0	0	N	N	N	N	N	N	N	N	N	N	N	N	0.0097	1.3607	0.0022	4.3539	5.9949	0.3122	0.0090	0.0282	0.0023	0.0226	0.0244	0.0104	0.0105	0.0107	0.0073	0.0296	0.0334	0.0110	2.3299	0.0180	4.6929	0.0024	0.0018	0.0234	3.2772	1.1844	4.7740	0.0630	255.5772	-0.0112	0.2605	3.4322	8.6608	5.0828	13.0004	0.0209	0.0197	0.0012	0.0035	0.0034	0.0001	0.0174	0.0163	0.0011	1.5369	0.0060	1.5309	0.0005	0.0003	0.0001	1.5364	0.0057	1.5308	0.9233	0.8042	0.1191	0.3356	0.3174	0.0181	0.5878	0.4868	0.1009	0.6596	0.3334	0.3262	0.1908	0.1852	0.0056	0.4688	0.1482	0.3207	0.0097	1.3607	0.0022	4.3539	5.9949	0.3122	0.0090	0.8750	0.0023	2.3299	0.0180	4.6929	0.0024	0.0018	0.0234	3.2772	0.0382	4.7740
5	63	0.2115	3	0	0	2	1	0	0	0	0	N	N	Y	N	N	N	N	N	N	N	N	N	0.0000	0.0000	0.0000	0.0000	0.0000	0.0004	0.0000	0.0000	0.0000	0.0000	0.0000	0.0000	0.0000	0.0000	0.0000	0.0000	0.0000	0.0810	0.1141	0.1082	0.0960	0.0978	0.0195	0.0734	0.0000	0.1098	inf	1.5153	0.0000	-0.0011	3.4322	0.9961	5.0828	0.0337	0.0000	0.0000	0.0000	0.0000	0.0000	0.0000	0.0000	0.0000	0.0000	0.0048	0.0019	0.0029	0.0019	0.0019	0.0000	0.0029	0.0000	0.0029	0.1256	0.1049	0.0207	0.0330	0.0314	0.0016	0.0926	0.0735	0.0191	0.0593	0.0326	0.0267	0.0200	0.0195	0.0005	0.0393	0.0130	0.0263	0.0000	0.0000	0.0000	0.0000	0.0000	0.0004	0.0000	0.0000	0.0000	0.0810	0.0587	0.1082	0.0960	0.0978	0.0195	0.0734	0.0000	0.1098	
5	64	0.1377	2	0	0	2	1	0	0	0	0	N	N	Y	N	N	N	N	N	N	N	N	N	0.0007	0.0000	0.0033	0.0002	0.0000	0.1003	0.0009	0.0000	0.0034	0.0026	0.0000	0.0193	0.0007	0.0000	0.0143	0.0037	0.0000	0.0201	3.8558	1.8757	5.8446	3.2463	3.3293	0.1426	4.1045	0.0055	5.9321	32569.5514	3.1024	0.0005	-0.1159	3.4322	3.6648	5.0828	8.0029	0.0012	0.0000	0.0012	0.0001	0.0000	0.0001	0.0011	0.0000	0.0011	1.6461	0.4013	1.2449	0.4017	0.4013	0.0005	1.2444	0.0000	1.2444	0.4767	0.4125	0.0642	0.1805	0.1713	0.0092	0.2962	0.2412	0.0549	0.4269	0.2139	0.2130	0.1237	0.1205	0.0032	0.3032	0.0934	0.2098	0.0007	0.0000	0.0033	0.0002	0.0000	0.1003	0.0009	0.0000	0.0034	3.8558	1.8757	5.8446	3.2463	3.3293	0.1426	4.1045	0.0001	5.9321
5	65	0.1377	2	0	1	1	1	0	0	0	0	N	N	N	N	N	N	N	N	N	N	N	N	0.0007	0.0000	0.0151	0.0002	0.0000	inf	0.0009	0.0000	0.0156	0.0016	0.0000	0.0124	0.0005	0.0000	0.0088	0.0023	0.0000	0.0131	2.3723	3.8824	0.8211	1.9580	2.0186	0.0000	2.5408	6.1894	0.8358	inf	0.2059	0.0005	-1.1101	3.4322	6.6608	5.0828	17.9996	0.0012	0.0000	0.0012	0.0001	0.0000	0.0001	0.0011	0.0000	0.0011	1.6925	1.4035	0.2890	0.4036	0.4036	0.0000	1.2888	0.9999	0.2890	0.7608	0.6610	0.0998	0.2805	0.2655	0.0150	0.4804	0.3955	0.0848	0.7134	0.3615	0.3519	0.2062	0.2000	0.0062	0.5073	0.1615	0.3457	0.0007	0.0000	0.0151	0.0002	0.0000	inf	0.0009	0.0000	0.0156	2.3723	3.8824	0.8211	1.9580	2.0186	0.0000	2.5408	6.1894	0.8358
5	66	0.1377	2	0	1	1	2	0	0	0	0	N	N	N	Y	N	N	N	N	N	N	N	N	0.4477	0.0007	2.2242	0.0009	0.0009	0.0720	0.6709	2.5712	1.5576	0.0011	11.7270	0.0027	0.0027	0.0016	2.4808	0.0000	13.7684	3.4794	1.6995	5.2724	2.9437	3.0235	0.0220	3.6979	0.0000	5.3548	1610.0904	3.0795	0.4059	-0.1180	3.4322	5.3392	5.0828	7.9996	1.0001	0.0006	0.9995	0.0006	0.0006	0.0000	0.9995	0.0000	0.9995	1.6444	0.4031	1.2413	0.4032	0.4031	0.0001	1.2412	0.0000	1.2412	0.6421	0.5569	0.0852	0.2392	0.2266	0.0126	0.4029	0.3303	0.0726	0.4726	0.2372	0.2354	0.1370	0.1333	0.0036	0.3357	0.1039	0.2318	0.4477	0.0007	2.2242	0.0009	0.0009	0.0720	0.6709	0.0000	2.5712	3.4794	1.6995	5.2724	2.9437	3.0235	0.0220	3.6979	0.0000	5.3548	
5	67	0.1377	2	0	1	1	1	0	0	0	0	N	N	N	N	N	N	N	N	N	N	N	N	0.1411	0.0829	0.0000	0.0005	0.0005	0.3041	0.1184	0.0000	0.4240	0.4882	0.0000	0.0024	0.0025	0.0000	0.6711	0.8158	0.0000	3.0044	5.8867	0.0906	4.9591	5.0978	0.0000	2.2072	6.8929	0.0920	0.0000	0.0152	-0.1844	-1.2763	3.4322	6.3392	5.0828	8.9996	0.3107	0.3107	0.0000	0.0006	0.0006	0.0000	0.3101	0.3101	0.0000	1.5725	1.5489	0.0236	0.7519	0.7519	0.0000	0.8206	0.7970	0.0236	0.7328	0.6364	0.0964	0.2708	0.2564	0.0145	0.4620	0.3800	0.0820	0.5234	0.2631	0.2603	0.1516	0.1475	0.0041	0.3718	0.1156	0.2561	0.1411	0.0829	0.0000	0.0005	0.0005	0.0000	0.3041	0.1184	0.0000	3.0044	5.8867	0.0906	4.9591	5.0978	0.0000	2.2072	6.8929	0.0920	
5	68	0.1377	2	0	1	1	1	0	0	0	0	N	N	N	N	N	N	N	N	N	N	N	N	0.0024	0.0000	12.4074	0.0002	0.0000	inf	3.3661	12.7965	0.0021	0.0000	0.0161	0.0006	0.0000	0.0117	0.0031	0.0000	0.0168	0.8774	1.7512	0.0013	3.0243	3.1041	0.0000	0.0009	0.0000	0.0013	inf	0.0007	0.0005	-0.2883	3.4322	4.6608	5.0828	6.0004	0.0012	0.0000	0.0012	0.0001	0.0000	0.0001	0.0011	0.0000	0.0011	0.3490	0.3488	0.0003	0.3488	0.3488	0.0000	0.0003	0.0000	0.0003	0.5772	0.5001	0.0771	0.2163	0.2050	0.0113	0.3609	0.2951	0.0658	0.3978	0.1992	0.1987	0.1153	0.1124	0.0030	0.2825	0.0868	0.1957	0.0024	0.0000	12.4074	0.0002	0.0000	inf	3.3661	0.0000	12.7965	0.8774	1.7512	0.0013	3.0243	3.1041	0.0000	0.0009	0.0000	0.0013	
5	69	0.1636	3	0	1	1	1	0	0	0	0	N	N	N	N	N	N	N	N	N	N	N	N	0.0035	0.0022	0.0000	0.0032	0.0033	0.0001	0.0000	0.0000	0.0000	0.0021	0.0024	0.0000	0.0044	0.0046	0.0000	0.0000	0.0000	0.0000	0.5885	1.0593	0.0674	1.3787	1.3943	0.0747	0.0531	0.0017	0.0674	0.0002	0.0575	-0.0007	-0.2052	3.4322	3.0720	5.0828	3.7333	0.0011	0.0011	0.0000	0.0011	0.0011	0.0000	0.0000	0.0000	0.0000	0.2657	0.2513	0.0145	0.2514	0.2513	0.0002	0.0143	0.0000	0.0143	0.5398	0.4693	0.0705	0.2518	0.2417	0.0101	0.2880	0.2276	0.0604	0.4515	0.2372	0.2144	0.1824	0.1802	0.0022	0.2692	0.0570	0.2122	0.0035	0.0022	0.0000	0.0032	0.0033	0.0001	0.0000	0.0264	0.0000	0.5885	1.0593	0.0674	1.3787	1.3943	0.0747	0.0531	0.0000	0.0674
5	70	0.1377	2	0	1	1	1	0	0	0	0	N	N	N	N	N	N	N	N	N	N	N	N	0.0076	0.0034	0.1137	0.0021	0.0021	21.9527	0.0816	0.0135	0.1218	0.0060	0.0050	0.0124	0.0053	0.0053	0.0054	0.0064	0.0047	0.0135	0.7924	1.4812	0.1092	2.5397	2.6016	0.0002	0.0786	0.3470	0.1107	0.3939	0.0743	-0.0005	-0.1249	3.4322	1.5925	5.0828	3.3727	0.0015	0.0011	0.0004	0.0005	0.0005	0.0000	0.0010	0.0006	0.0004	0.1649	0.1535	0.0114	0.1533	0.1533	0.0000	0.0116	0.0002	0.0114	0.2451	0.2116	0.0334	0.0964	0.0920	0.0044	0.1487	0.1196	0.0291	0.2081	0.1036	0.1045	0.0604	0.0589	0.0014	0.1477	0.0447	0.1030	0.0076	0.0034	0.1137	0.0021	0.0021	21.9527	0.0816	1.0027	0.1218	0.7924	1.4812	0.1092	2.5397	2.6016	0.0002	0.0786	0.0047	0.1107
5	71	0.1377	2	0	1	1	1	0	0	0	0	N	N	N	N	N	N	N	N	N	N	N	N	0.1864	0.0000	0.9235	0.0003	0.0000	0.6719	0.2783	1.0669	0.4634	0.0000	3.5006	0.0006	0.0000	0.0115	0.7369	0.0000	4.1109	2.4853	1.1993	3.7907	2.0870	2.1465	0.0171	2.6476	0.0000	3.8532	inf	3.1136	0.1266	-0.1001	3.4322	5.6608	5.0828	12.0004	0.3113	0.0000	0.3113	0.0002	0.0000	0.0002	0.3112	0.0000	0.3112	1.4351	0.3489	1.0862	0.3489	0.3489	0.0001	1.0861	0.0000	1.0861	0.6719	0.5829	0.0889	0.2496	0.2364	0.0132	0.4223	0.3466	0.0757	0.5774	0.2909	0.2865	0.1672	0.1625	0.0047	0.4102	0.1283	0.2819	0.1864	0.0000	0.9235	0.0003	0.0000	0.6719	0.2783	0.0000	1.0669	2.4853	1.1993	3.7907	2.0870	2.1465	0.0171	2.6476	0.0000	3.8532	
5	73	0.1377	2	1	1	1	2	0	0	0	0	N	N	N	Y	N	N	N	N	N	N	N	N	0.0008	2.5903	0.0000	2.4931	3.4851	0.0000	0.0000	0.0000	0.0020	0.0023	0.0000	0.0052	0.0055	0.0000	0.0000	0.0000	0.0000	2.4907	0.0009	5.0035	0.0021	0.0016	0.0206	3.5060	0.0000	5.0828	0.0000	5643.1702	-0.0005	0.2150	3.4322	3.3392	5.0828	11.0004	0.0009	0.0009	0.0000	0.0009	0.0009	0.0000	0.0000	0.0000	0.0000	1.2417	0.0002	1.2415	0.0003	0.0002	0.0001	1.2414	0.0000	1.2414	0.4424	0.3826	0.0597	0.1682	0.1596	0.0085	0.2742	0.2230	0.0512	0.4985	0.2504	0.2481	0.1444	0.1406	0.0039	0.3541	0.1098	0.2442	0.0008	2.5903	0.0000	2.4931	3.4851	0.0000	0.0000	0.0000	0.0000	2.4907	0.0009	5.0035	0.0021	0.0016	0.0206	3.5060	0.0000	5.0828	
5	74	0.1377	2	0	1	1	2	0	0	0	0	N	N	N	Y	N	N	N	N	N	N	N	N	0.6942	1.1449	2.6317	1.1794	1.6019	0.0000	0.7816	3.0495	1.3651	0.0014	10.3659	0.0032	0.0034	0.0000	2.1633	0.0000	12.1940	1.9663	0.0012	3.9388	0.0027	0.0021	0.0255	2.7678	0.0000	3.9986	1147.7968	3283.2698	0.4058	0.1421	3.4322	6.3392	5.0828	5.0004	1.0003	0.0009	0.9995	0.0009	0.0009	0.0000	0.9995	0.0000	0.9995	0.8211	0.0003	0.8208	0.0003	0.0003	0.0001	0.8207	0.0000	0.8207	0.7328	0.6364	0.0964	0.2708	0.2564	0.0145	0.4620	0.3800	0.0820	0.4176	0.2092	0.2084	0.1210	0.1179	0.0031	0.2965	0.0913	0.2053	0.6942	1.1449	2.6317	1.1794	1.6019	0.0000	0.7816	0.0000	3.0495	1.9663	0.0012	3.9388	0.0027	0.0021	0.0255	2.7678	0.0000	3.9986	
5	75	0.2080	3	0	1	1	1	0	0	0	0	N	N	N	N	N	N	N	N	N	N	N	N	0.0000	0.0000	0.0000	0.0000	0.0000	0.0000	0.0000	0.0000	0.0000	0.0000	0.0000	0.0000	0.0000	0.0000	0.0000	0.0000	0.0000	0.0000	1.4269	2.6455	0.0625	2.8765	2.9021	0.0346	0.0571	0.0018	0.0628	0.0053	0.0211	-0.0000	-0.2477	3.4322	0.0009	5.0828	1.7419	0.0000	0.0000	0.0000	0.0000	0.0000	0.0000	0.0000	0.0000	0.0000	0.3073	0.3009	0.0064	0.3010	0.3009	0.0000	0.0063	0.0000	0.0063	0.0109	0.0106	0.0003	0.0058	0.0057	0.0001	0.0051	0.0049	0.0002	0.2154	0.1138	0.1016	0.1046	0.1037	0.0009	0.1107	0.0101	0.1007	0.0000	0.0000	0.0000	0.0000	0.0000	0.0000	0.0000	0.0000	0.0000	1.4269	2.6455	0.0625	2.8765	2.9021	0.0346	0.0571	0.0000	0.0628
5	76	0.1377	2	0	1	1	1	0	0	0	0	N	N	N	N	N	N	N	N	N	N	N	N	0.0004	0.0029	0.0000	0.0032	0.0033	0.0001	0.0000	0.0021	0.0000	0.0013	0.0014	0.0000	0.0034	0.0035	0.0000	0.0000	0.0000	0.0000	3.1807	0.5026	5.8852	1.0615	1.0701	0.0251	4.1353	0.0130	5.9749	0.0003	12.0399	-0.0005	0.1293	3.4322	6.1537	5.0828	5.2905	0.0009	0.0009	0.0000	0.0009	0.0009	0.0000	0.0000	0.0000	0.0000	1.3377	0.1026	1.2351	0.1026	0.1026	0.0001	1.2350	0.0000	1.2350	0.7164	0.6220	0.0944	0.2651	0.2510	0.0141	0.4513	0.3710	0.0803	0.4206	0.2107	0.2099	0.1219	0.1187	0.0032	0.2987	0.0920	0.2067	0.0004	0.0030	0.0000	0.0040	0.0041	0.0001	0.0000	0.0776	0.0000	3.1807	0.4869	5.8852	0.8419	0.8637	0.0251	4.1353	0.0003	5.9749
5	77	0.1377	2	0	0	2	2	0	0	0	0	N	N	Y	Y	N	N	N	N	N	N	N	N	0.0006	1.5883	0.0001	1.6034	2.1974	0.0671	0.0000	0.0000	0.0014	0.0016	0.0004	0.0037	0.0038	0.0016	0.0000	0.0000	0.0001	2.4906	0.0010	4.9943	0.0023	0.0017	0.0236	3.5061	0.0000	5.0713	0.0345	5044.4884	-0.0005	0.1922	3.4322	5.3392	5.0828	7.0004	0.0009	0.0009	0.0000	0.0009	0.0009	0.0000	0.0000	0.0000	0.0000	1.1100	0.0002	1.1098	0.0003	0.0002	0.0001	1.1097	0.0000	1.1097	0.6421	0.5569	0.0852	0.2392	0.2266	0.0126	0.4029	0.3303	0.0726	0.4457	0.2235	0.2222	0.1292	0.1258	0.0034	0.3165	0.0977	0.2188	0.0006	1.5883	0.0001	1.6034	2.1974	0.0671	0.0000	0.0000	0.0000	2.4906	0.0010	4.9943	0.0023	0.0017	0.0236	3.5061	0.0000	5.0713	
5	78	0.1377	2	0	0	2	2	0	0	0	0	N	N	Y	Y	N	N	N	N	N	N	N	N	0.4481	0.0008	2.3179	0.0012	0.0012	0.0672	0.6904	2.6842	1.3651	0.0014	10.3662	0.0033	0.0034	0.0014	2.1633	0.0000	12.1941	3.0462	1.6333	4.4722	2.8319	2.9096	0.0206	3.1336	0.0000	4.5430	1147.8312	2.7132	0.4058	-0.1457	3.4322	6.3392	5.0828	7.9996	1.0004	0.0009	0.9995	0.0009	0.0009	0.0000	0.9995	0.0000	0.9995	1.5186	0.4090	1.1096	0.4091	0.4090	0.0001	1.1095	0.0000	1.1095	0.7328	0.6364	0.0964	0.2708	0.2564	0.0145	0.4620	0.3800	0.0820	0.4985	0.2504	0.2481	0.1444	0.1406	0.0039	0.3541	0.1098	0.2442	0.4481	0.0008	2.3179	0.0012	0.0012	0.0672	0.6904	0.0000	2.6842	3.0462	1.6333	4.4722	2.8319	2.9096	0.0206	3.1336	0.0000	4.5430	
5	79	0.1377	2	0	1	1	1	0	0	0	0	N	N	N	N	N	N	N	N	N	N	N	N	0.0026	1.9609	0.0000	2.4804	2.5307	0.0000	0.0000	0.0029	0.0034	0.0000	0.0073	0.0076	0.0000	0.0000	0.0000	0.0000	1.1210	0.0017	2.2341	0.0029	0.0030	0.0000	1.5776	0.0000	2.2659	0.0000	1314.3065	-0.0004	0.0499	3.4322	1.3392	5.0828	5.0004	0.0006	0.0006	0.0000	0.0006	0.0006	0.0000	0.0000	0.0000	0.0000	0.2894	0.0002	0.2891	0.0002	0.0002	0.0000	0.2891	0.0000	0.2891	0.2145	0.1852	0.0293	0.0852	0.0814	0.0037	0.1293	0.1038	0.0255	0.2581	0.1287	0.1294	0.0749	0.0730	0.0018	0.1833	0.0557	0.1276	0.0026	1.9609	0.0000	2.4804	2.5307	0.0000	0.0000	0.0000	0.0000	1.1210	0.0017	2.2341	0.0029	0.0030	0.0000	1.5776	0.0000	2.2659		
5	80	0.1377	2	1	1	1	1	0	0	0	0	N	N	N	N	N	N	N	N	N	N	N	N	0.0008	0.0008	0.0002	0.0012	0.0012	inf	0.0000	0.0001	0.0010	0.0011	0.0003	0.0027	0.0028	0.0011	0.0000	0.0000	0.0001	1.2087	1.3512	1.0640	2.3524	2.4205	0.0000	0.7427	0.0000	1.0818	0.0345	0.7748	-0.0005	-0.2793	3.4322	8.3392	5.0828	9.9996	0.0009	0.0009	0.0000	0.0009	0.0009	0.0000	0.0000	0.0000	0.0000	0.7159	0.4034	0.3125	0.4034	0.4034	0.0000	0.3125	0.0000	0.3125	0.8985	0.7823	0.1162	0.3273	0.3096	0.0177	0.5712	0.4727	0.0985	0.5923	0.2985	0.2937	0.1715	0.1666	0.0048	0.4208	0.1319	0.2889	0.0008	0.0008	0.0002	0.0012	0.0012	inf	0.0000	0.0000	0.0001	1.2087	1.3512	1.0640	2.3524	2.4205	0.0000	0.7427	0.0000	1.0818	
6	7	0.0696	2	2	2	0	1	0	0	0	0	Y	Y	N	N	N	N	N	N	N	N	N	N	0.4455	4.1700	0.0100	6.9492	7.0442	0.0030	0.0102	0.2028	0.2387	0.0081	1.3000	1.3232	0.0000	0.0015	0.0000	0.0082	0.4552	0.0572	0.8093	0.1871	0.1878	0.0000	0.5003	0.0000	0.8102	0.0062	15.8885	-0.0228	0.0203	1.0478	4.3392	5.1610	10.9996	0.0388	0.0385	0.0002	0.0385	0.0385	0.0000	0.0002	0.0000	0.0002	0.1778	0.0105	0.1673	0.0105	0.0105	0.0000	0.1673	0.0000	0.1673	0.1913	0.1615	0.0298	0.0296	0.0291	0.0005	0.1616	0.1324	0.0293	0.3907	0.1840	0.2067	0.0563	0.0561	0.0002	0.3344	0.1279	0.2065	0.4455	4.1700	0.0100	6.9492	7.0442	0.0000	0.0030	0.0000	0.0102	0.4552	0.0572	0.8093	0.1871	0.1878	0.0000	0.5003	0.0000	0.8102		
6	8	0.0696	2	2	1	1	0	0	0	0	0	Y	N	N	N	N	N	N	N	N	N	N	N	0.0075	0.0001	0.0346	0.0081	0.0003	inf	0.0071	0.0243	0.0046	0.0001	0.0292	0.0094	0.0003	0.5201	0.0037	0.0000	0.0205	0.6164	0.4301	0.8445	1.1699	1.1747	0.0000	0.5225	0.0000	0.8454	87.0846	2.6339	0.0003	-0.0235	1.0478	4.3392	5.1610	9.9996	0.0009	0.0000	0.0009	0.0003	0.0000	0.0003	0.0006	0.0000	0.0006	0.2308	0.0635	0.1673	0.0635	0.0635	0.0000	0.1673	0.0000	0.1673	0.1913	0.1615	0.0298	0.0296	0.0291	0.0005	0.1616	0.1324	0.0293	0.3745	0.1764	0.1981	0.0543	0.0541	0.0002	0.3202	0.1223	0.1979	0.0075	0.0002	0.0346	0.0081	0.0003	inf	0.0071	0.0000	0.0243	0.6164	0.3601	0.8445	1.1699	1.1747	0.0000	0.5225	0.0000	0.8454	
6	9	0.1434	3	1	1	1	0	0	0	0	0	N	N	N	N	N	N	N	N	N	N	N	N	0.0124	0.1508	0.0010	0.2641	0.2197	0.0000	0.0000	0.0000	0.0002	0.0002	0.0000	0.0005	0.0005	0.0000	0.0000	0.0000	0.0000	0.0145	0.0014	0.0280	0.0019	0.0024	0.0000	0.0216	0.0000	0.0326	0.0258	19.8314	-0.0000	0.0001	1.0478	0.0046	5.1610	1.9974	0.0000	0.0000	0.0000	0.0000	0.0000	0.0000	0.0000	0.0000	0.0000	0.0008	0.0000	0.0008	0.0000	0.0000	0.0000	0.0008	0.0000	0.0008	0.0002	0.0002	0.0000	0.0001	0.0001	0.0000	0.0002	0.0001	0.0000	0.0574	0.0290	0.0284	0.0207	0.0166	0.0040	0.0367	0.0124	0.0244	0.0124	0.1508	0.0010	0.2641	0.2197	0.0000	0.0000	0.0000	0.0000	0.0145	0.0014	0.0280	0.0019	0.0024	0.0000	0.0216	0.0000	0.0326	
6	10	0.0696	2	1	1	1	0	0	0	0	0	N	N	N	N	N	N	N	N	N	N	N	N	0.0044	1.8493	0.0000	3.3417	3.3975	0.0000	0.0000	0.0018	0.0021	0.0000	0.0125	0.0128	0.0000	0.0000	0.0000	0.0000	0.4078	0.0011	0.7696	0.0037	0.0038	0.0000	0.4752	0.0000	0.7704	0.0000	760.4834	-0.0003	0.0288	1.0478	6.6608	5.1610	9.9996	0.0005	0.0005	0.0000	0.0005	0.0005	0.0000	0.0000	0.0000	0.0000	0.1675	0.0002	0.1673	0.0002	0.0002	0.0000	0.1673	0.0000	0.1673	0.2628	0.2230	0.0398	0.0374	0.0367	0.0008	0.2254	0.1863	0.0391	0.4108	0.1934	0.2174	0.0587	0.0584	0.0002	0.3521	0.1349	0.2172	0.0044	1.8493	0.0000	3.3417	3.3975	0.0000	0.0000	0.0000	0.0000	0.4078	0.0011	0.7696	0.0037	0.0038	0.0000	0.4752	0.0000	0.7704		
6	11	0.1043	3	2	2	0	0	0	0	0	0	Y	Y	N	N	N	N	N	N	N	N	N	N	1.4669	2.2302	0.0000	6.7368	6.7702	0.0000	0.0000	0.0000	0.4174	0.4948	0.0000	1.9813	2.0096	0.0000	0.0000	0.0000	0.0000	0.2845	0.2219	0.4848	0.2941	0.2968	0.0000	0.3229	0.0000	0.4873	0.0000	3.4417	-0.0232	-0.0037	1.0478	1.6609	5.1610	2.6354	0.0390	0.0390	0.0000	0.0390	0.0390	0.0000	0.0000	0.0000	0.0000	0.0711	0.0160	0.0551	0.0160	0.0160	0.0000	0.0551	0.0000	0.0551	0.0935	0.0788	0.0146	0.0197	0.0194	0.0003	0.0738	0.0594	0.0143	0.2498	0.1362	0.1136	0.0793	0.0787	0.0006	0.1706	0.0576	0.1130	1.4669	4.2111	0.0000	9.8115	9.8773	0.0000	0.0000	0.0000	0.0000	0.2845	0.1175	0.4848	0.2019	0.2035	0.0000	0.3229	0.0000	0.4873	
6	12	0.0696	2	1	1	1	1	0	0	0	0	N	N	N	N	N	N	N	N	N	N	N	N	0.3612	1.3366	0.1859	5.3932	5.4724	inf	0.0559	inf	0.1875	0.1795	0.1822	0.1646	1.0666	1.0868	0.0821	0.0306	0.0020	0.1662	0.4971	0.1363	0.8852	0.1978	0.1986	0.0000	0.5482	0.0000	0.8862	0.1621	16.2276	-0.0207	0.0205	1.0478	6.3392	5.1610	6.9996	0.0455	0.0392	0.0064	0.0389	0.0388	0.0001	0.0067	0.0004	0.0063	0.1776	0.0103	0.1673	0.0103	0.0103	0.0000	0.1673	0.0000	0.1673	0.2536	0.2150	0.0386	0.0364	0.0357	0.0007	0.2171	0.1793	0.0379	0.3573	0.1683	0.1890	0.0521	0.0519	0.0002	0.3052	0.1164	0.1888	0.3612	2.9747	0.1859	5.3932	5.4724	inf	0.0559	inf	0.1875	0.4971	0.0613	0.8852	0.1978	0.1986	0.0000	0.5482	0.0000	0.8862
6	13	0.0696	2	1	2	0	0	0	0	0	0	N	Y	N	N	N	N	N	N	N	N	N	N	0.7463	0.3547	inf	0.7622	0.7704	inf	inf	inf	0.1365	0.1580	0.0145	0.9720	0.9864	0.3130	0.0014	0.0000	0.0084	0.1829	0.4455	0.0000	1.2752	1.2804	0.0000	0.0000	0.0000	0.0000	0.0162	0.0000	-0.0229	-0.0606	1.0478	7.6608	5.1610	8.3397	0.0396	0.0390	0.0006	0.0393	0.0390	0.0003	0.0004	0.0000	0.0004	0.0733	0.0733	0.0000	0.0733	0.0733	0.0000	0.0000	0.0000	0.0000	0.2904	0.2469	0.0435	0.0404	0.0395	0.0009	0.2500	0.2073	0.0426	0.4009	0.1888	0.2122	0.0575	0.0573	0.0002	0.3434	0.1315	0.2119	0.7463	0.4066	inf	0.7622	0.7704	inf	inf	0.0000	inf	0.1829	0.3885	0.0000	1.2752	1.2804	0.0000	0.0000	0.0000	0.0000	
6	14	0.0696	2	1	1	0	1	0	0	0	0	N	N	N	N	N	N	N	N	N	N	N	N	0.3550	1.6381	0.0079	5.9618	6.0516	0.0058	inf	0.0080	0.1764	0.2072	0.0070	1.1699	1.1924	0.0000	0.0032	0.0023	0.0071	0.4968	0.1265	0.8852	0.1962	0.1970	0.0000	0.5482	0.0000	0.8862	0.0061	16.3545	-0.0231	0.0205	1.0478	5.3392	5.1610	7.9996	0.0394	0.0392	0.0002	0.0388	0.0388	0.0000	0.0006	0.0004	0.0002	0.1775	0.0102	0.1673	0.0102	0.0102	0.0000	0.1673	0.0000	0.1673	0.2235	0.1891	0.0344	0.0332	0.0325	0.0006	0.1903	0.1565	0.0338	0.3573	0.1683	0.1890	0.0521	0.0519	0.0002	0.3052	0.1164	0.1888	0.3550	3.4089	0.0079	5.9618	6.0516	0.0000	0.0058	inf	0.0080	0.4968	0.0608	0.8852	0.1962	0.1970	0.0000	0.5482	0.0000	0.8862	
6	15	0.0696	2	1	2	0	1	0	0	0	0	N	Y	N	N	N	N	N	N	N	N	N	N	19.7736	11.0244	18.8626	19.1291	0.0155	0.0183	0.0000	0.1012	0.1031	0.0000	0.0000	0.0000	0.0000	0.0008	0.0017	0.0000	0.0054	0.0054	0.0000	0.0000	0.0000	0.0000	0.0000	0.0000	-0.0019	-0.0002	1.0478	4.6608	5.1610	9.0004	0.0031	0.0031	0.0000	0.0031	0.0031	0.0000	0.0000	0.0000	0.0000	0.0003	0.0003	0.0000	0.0003	0.0003	0.0000	0.0000	0.0000	0.0000	0.2019	0.1705	0.0313	0.0308	0.0303	0.0006	0.1710	0.1403	0.0308	0.3630	0.1710	0.1920	0.0528	0.0526	0.0002	0.3101	0.1183	0.1918	19.7736	11.0244	0.0000	18.8626	19.1291	0.0000	0.0000	0.0000	0.0000	0.0008	0.0017	0.0000	0.0054	0.0054	0.0000	0.0000	0.0000	0.0000					
6	16	0.1001	3	1	2	0	0	0	0	0	0	N	Y	N	N	N	N	N	N	N	N	N	N	1.1619	0.6815	0.0010	0.3888	0.3961	0.0000	106.4404	151.0031	0.0000	0.0074	0.0085	0.0000	0.0100	0.0105	0.0000	0.0061	0.0073	0.0000	0.0064	0.0124	0.0001	0.0258	0.0264	0.0002	0.0001	0.0000	0.0001	0.0000	0.0070	-0.0004	-0.0009	1.0478	1.9870	5.1610	4.1092	0.0007	0.0007	0.0000	0.0003	0.0003	0.0000	0.0004	0.0004	0.0000	0.0011	0.0011	0.0000	0.0011	0.0011	0.0000	0.0000	0.0000	0.0000	0.1010	0.0886	0.0123	0.0339	0.0324	0.0014	0.0671	0.0562	0.0109	0.1752	0.0896	0.0856	0.0431	0.0420	0.0011	0.1321	0.0475	0.0846	1.1619	0.6815	0.0010	0.3888	0.3961	0.0000	106.4404	108394.5994	0.0000	0.0064	0.0124	0.0001	0.0258	0.0264	0.0002	0.0001	0.0000	0.0001
6	17	0.0696	2	1	2	0	1	0	0	0	0	N	Y	N	N	N	N	N	N	N	N	N	N	0.3498	2.8661	0.1847	5.3290	5.4183	inf	0.0539	inf	0.1866	0.1478	0.1493	0.1389	0.9188	0.9379	0.0647	0.0250	0.0016	0.1404	0.4224	0.0521	0.7517	0.1724	0.1731	0.0000	0.4639	0.0000	0.7526	0.1621	16.2276	-0.0207	0.0205	1.0478	8.3392	5.1610	8.9996	0.0455	0.0392	0.0064	0.0389	0.0388	0.0001	0.0067	0.0004	0.0063	0.1776	0.0103	0.1673	0.0103	0.0103	0.0000	0.1673	0.0000	0.1673	0.3081	0.2623	0.0457	0.0423	0.0414	0.0009	0.2658	0.2210	0.0448	0.4205	0.1979	0.2226	0.0598	0.0596	0.0002	0.3607	0.1384	0.2223	0.3498	2.8661	0.1847	5.3290	5.4183	inf	0.0539	inf	0.1866	0.4224	0.0521	0.7517	0.1724	0.1731	0.0000	0.4639	0.0000	0.7526
6	18	0.1156	3	2	2	0	0	0	0	0	0	Y	Y	N	N	N	N	N	N	N	N	N	N	0.0229	0.1039	0.0642	0.3747	0.1293	1.0223	0.0292	0.0803	0.1430	0.0008	1.1760	0.0049	0.0017	0.0538	0.2460	0.0000	1.4850	6.2445	0.0073	18.3263	0.0130	0.0129	0.0526	8.4316	0.0000	18.4931	213.3633	1870.5160	0.0025	0.1616	1.0478	1.0070	5.1610	4.1063	0.0061	0.0000	0.0061	0.0001	0.0000	0.0001	0.0060	0.0000	0.0060	0.9351	0.0005	0.9346	0.0005	0.0005	0.0000	0.9346	0.0000	0.9346	0.0427	0.0376	0.0052	0.0183	0.0171	0.0011	0.0245	0.0204	0.0041	0.1497	0.0684	0.0814	0.0389	0.0388	0.0001	0.1108	0.0296	0.0813	0.0229	0.1039	0.1024	0.3747	0.1293	1.0223	0.0292	0.0000	0.1292	6.2445	0.0073	11.4861	0.0130	0.0129	0.0526	8.4316	0.0000	11.4973	
6	19	0.0696	2	1	2	0	0	0	0	0	0	N	Y	N	N	N	N	N	N	N	N	N	N	0.0375	0.0383	0.0340	158.1103	160.0111	inf	0.0053	0.0000	0.0342	0.2347	0.2387	0.2133	1.3021	1.3232	0.1156	0.0389	0.0000	0.2150	6.2555	6.2280	6.2799	0.0082	0.0083	0.0000	7.3304	9.0264	6.2872	0.1648	1.1319	-0.0203	-0.6273	1.0478	4.3392	5.1610	7.9996	0.0449	0.0385	0.0064	0.0386	0.0385	0.0001	0.0063	0.0000	0.0063	2.1214	0.9951	1.1263	0.0004	0.0004	0.0000	2.1210	0.9947	1.1263	0.1913	0.1615	0.0298	0.0296	0.0291	0.0005	0.1616	0.1324	0.0293	0.3391	0.1598	0.1794	0.0498	0.0496	0.0002	0.2893	0.1102	0.1791	0.0375	0.0383	0.0340	158.1103	160.0111	inf	0.0053	0.0000	0.0342	6.2555	6.2280	6.2799	0.0082	0.0083	0.0000	7.3304	9.0264	6.2872
6	20	0.0696	2	1	1	0	1	0	0	0	0	N	N	N	N	N	N	N	N	N	N	N	N	0.0705	0.0392	0.0712	0.0724	0.0018	0.0021	0.0000	0.0125	0.0128	0.0000	0.0000	0.0000	0.0000	0.0253	0.0537	0.0000	0.1760	0.1767	0.0000	0.0000	0.0000	0.0000	0.0000	0.0000	-0.0003	-0.0083	1.0478	6.6608	5.1610	9.0004	0.0005	0.0005	0.0000	0.0005	0.0005	0.0000	0.0000	0.0000	0.0000	0.0100	0.0100	0.0000	0.0100	0.0100	0.0000	0.0000	0.0000	0.0000	0.2628	0.2230	0.0398	0.0374	0.0367	0.0008	0.2254	0.1863	0.0391	0.3957	0.1863	0.2094	0.0569	0.0567	0.0002	0.3388	0.1297	0.2092	0.0705	0.0392	0.0000	0.0712	0.0724	0.0000	0.0000	0.0000	0.0000	0.0253	0.0537	0.0000	0.1760	0.1767	0.0000	0.0000	0.0000	0.0000					
6	21	0.1093	3	2	1	1	0	0	0	0	0	Y	N	N	N	N	N	N	N	N	N	N	N	2.4107	0.0013	4398.8394	1.4302	0.0031	9013.3232	814.6639	0.0000	2641.0919	0.0142	0.0000	0.0850	0.0420	0.0001	1.6857	0.0095	0.0000	0.0500	0.0059	0.0116	0.0000	0.0294	0.0295	0.0002	0.0000	0.0000	0.0000	1121.2945	0.0016	0.0003	-0.0007	1.0478	1.0018	5.1610	3.0659	0.0006	0.0000	0.0006	0.0003	0.0000	0.0003	0.0004	0.0000	0.0004	0.0008	0.0008	0.0000	0.0008	0.0008	0.0000	0.0000	0.0000	0.0000	0.0450	0.0375	0.0075	0.0064	0.0063	0.0002	0.0386	0.0313	0.0073	0.1446	0.0732	0.0714	0.0289	0.0287	0.0002	0.1157	0.0445	0.0712	2.4107	0.0013	4398.8394	1.4302	0.0031	9013.3232	814.6639	0.0000	2641.0919	0.0059	0.0116	0.0000	0.0294	0.0295	0.0002	0.0000	0.0000	0.0000
6	22	0.0696	2	1	2	0	0	0	0	0	0	N	Y	N	N	N	N	N	N	N	N	N	N	0.0108	0.0240	0.0000	0.0257	0.0260	0.0045	inf	0.0000	0.0065	0.0078	0.0000	0.0273	0.0277	0.0000	0.0026	0.0031	0.0000	0.6077	0.3238	0.9167	1.0608	1.0685	0.0000	0.5680	0.0000	0.9177	0.0000	3.9450	-0.0007	-0.0061	1.0478	3.6608	5.1610	8.9996	0.0011	0.0011	0.0000	0.0007	0.0007	0.0000	0.0004	0.0004	0.0000	0.2097	0.0424	0.1673	0.0424	0.0424	0.0000	0.1673	0.0000	0.1673	0.1681	0.1417	0.0263	0.0271	0.0266	0.0004	0.1410	0.1151	0.0259	0.3451	0.1626	0.1825	0.0506	0.0504	0.0002	0.2945	0.1122	0.1823	0.0108	0.0297	0.0000	0.0325	0.0329	0.0000	0.0045	inf	0.0000	0.6077	0.2609	0.9167	0.8388	0.8423	0.0000	0.5680	0.0000	0.9177	
6	23	0.0696	2	1	2	0	0	0	0	0	0	N	Y	N	N	N	N	N	N	N	N	N	N	0.0024	0.0000	0.0087	0.0000	0.0000	0.0026	0.0088	0.0013	0.0000	0.0081	0.0000	0.0000	0.0000	0.0015	0.0000	0.0082	0.5233	0.1387	0.9328	0.3980	0.3655	0.0000	0.5782	0.0000	0.9339	inf	16.4834	0.0001	0.0206	1.0478	4.3392	5.1610	7.9996	0.0002	0.0000	0.0002	0.0000	0.0000	0.0000	0.0002	0.0000	0.0002	0.1775	0.0102	0.1673	0.0102	0.0102	0.0000	0.1673	0.0000	0.1673	0.1913	0.1615	0.0298	0.0296	0.0291	0.0005	0.1616	0.1324	0.0293	0.3391	0.1598	0.1794	0.0498	0.0496	0.0002	0.2893	0.1102	0.1791	0.0024	0.0000	0.0087	0.0000	0.0000	0.0000	0.0026	0.0000	0.0088	0.5233	0.0635	0.9328	0.2039	0.2047	0.0000	0.5782	0.0000	0.9339		
6	24	0.0696	2	2	2	0	0	0	0	0	0	Y	Y	N	N	N	N	N	N	N	N	N	N	0.3877	1.7495	0.0086	2.6182	2.7177	0.0026	0.0087	0.2475	0.2918	0.0098	1.4922	1.5161	0.0000	0.0018	0.0000	0.0100	0.6383	0.1668	1.1395	0.5699	0.5578	0.0000	0.7083	0.0000	1.1409	0.0062	16.7474	-0.0228	0.0207	1.0478	3.3392	5.1610	5.9996	0.0388	0.0385	0.0002	0.0385	0.0385	0.0000	0.0002	0.0000	0.0002	0.1773	0.0100	0.1673	0.0100	0.0100	0.0000	0.1673	0.0000	0.1673	0.1567	0.1321	0.0246	0.0258	0.0254	0.0004	0.1309	0.1067	0.0242	0.2777	0.1309	0.1468	0.0415	0.0414	0.0002	0.2362	0.0896	0.1466	0.3877	3.8241	0.0086	6.2034	6.2761	0.0000	0.0026	0.0000	0.0087	0.6383	0.0763	1.1395	0.2405	0.2416	0.0000	0.7083	0.0000	1.1409		
6	25	0.0696	2	1	2	0	0	0	0	0	0	N	Y	N	N	N	N	N	N	N	N	N	N	0.0725	0.0489	0.2442	0.0932	0.0838	inf	0.0716	0.2459	0.0326	0.0028	0.1951	0.0172	0.0155	0.1083	0.0354	0.0000	0.1966	0.4493	0.0562	0.7990	0.1842	0.1850	0.0000	0.4938	0.0000	0.7999	13.0234	15.9643	0.0022	0.0203	1.0478	4.6608	5.1610	10.9996	0.0066	0.0005	0.0061	0.0005	0.0005	0.0001	0.0060	0.0000	0.0060	0.1778	0.0105	0.1673	0.0105	0.0105	0.0000	0.1673	0.0000	0.1673	0.2019	0.1705	0.0313	0.0308	0.0303	0.0006	0.1710	0.1403	0.0308	0.3957	0.1863	0.2094	0.0569	0.0567	0.0002	0.3388	0.1297	0.2092	0.0725	0.0489	0.2442	0.0932	0.0838	inf	0.0716	0.0000	0.2459	0.4493	0.0562	0.7990	0.1842	0.1850	0.0000	0.4938	0.0000	0.7999	
6	26	0.0955	3	2	2	0	0	0	0	0	0	Y	Y	N	N	N	N	N	N	N	N	N	N	0.0000	0.0000	0.0000	0.0000	0.0000	0.0000	0.0000	0.0000	0.0000	0.0000	0.0000	0.0000	0.0000	0.0000	0.0000	0.0000	0.0001	0.0001	0.0000	0.0002	0.0002	0.0000	0.0000	0.0000	0.0000	0.0007	0.0000	-0.0000	1.0478	0.0026	5.1610	0.9906	0.0000	0.0000	0.0000	0.0000	0.0000	0.0000	0.0000	0.0000	0.0000	0.0000	0.0000	0.0000	0.0000	0.0000	0.0000	0.0000	0.0000	0.0000	0.1218	0.0928	0.0290	0.0618	0.0616	0.0002	0.0600	0.0312	0.0288	0.2662	0.1358	0.1304	0.1214	0.1213	0.0001	0.1448	0.0145	0.1303	0.0000	0.0000	0.0000	0.0000	0.0000	0.0000	0.0000	0.0000	0.0000	0.0001	0.0001	0.0000	0.0002	0.0002	0.0000	0.0000	0.0000	0.0000			
6	27	0.0696	2	1	2	0	0	0	0	0	0	N	Y	N	N	N	N	N	N	N	N	N	N	6.3329	1.5848	2.8135	3.1266	0.1933	0.2287	0.0000	1.2661	1.2893	0.0000	0.0000	0.0000	0.0000	0.0305	0.1443	0.0000	0.4500	0.4124	0.0000	0.0000	0.0000	0.0000	0.0000	0.0000	-0.0232	-0.0082	1.0478	4.6608	5.1610	7.0004	0.0390	0.0390	0.0000	0.0390	0.0390	0.0000	0.0000	0.0000	0.0000	0.0100	0.0100	0.0000	0.0100	0.0100	0.0000	0.0000	0.0000	0.0000	0.2019	0.1705	0.0313	0.0308	0.0303	0.0006	0.1710	0.1403	0.0308	0.3262	0.1537	0.1725	0.0481	0.0479	0.0002	0.2781	0.1058	0.1723	6.3329	3.5321	0.0000	6.1169	6.2030	0.0000	0.0000	0.0000	0.0000	0.0305	0.0648	0.0000	0.2070	0.2079	0.0000	0.0000	0.0000	0.0000					
6	28	0.0696	2	1	2	0	0	0	0	0	0	N	Y	N	N	N	N	N	N	N	N	N	N	4.7984	1.2320	2.0704	2.0966	0.1672	0.1974	0.0000	1.1389	1.1613	0.0000	0.0000	0.0000	0.0000	0.0348	0.1603	0.0000	0.5501	0.5539	0.0000	0.0000	0.0000	0.0000	0.0000	0.0000	-0.0232	-0.0082	1.0478	5.6608	5.1610	4.0004	0.0390	0.0390	0.0000	0.0390	0.0390	0.0000	0.0000	0.0000	0.0000	0.0099	0.0099	0.0000	0.0099	0.0099	0.0000	0.0000	0.0000	0.0000	0.2334	0.1976	0.0358	0.0343	0.0336	0.0007	0.1991	0.1640	0.0351	0.2849	0.1343	0.1506	0.0425	0.0423	0.0002	0.2424	0.0919	0.1504	4.7984	2.6716	0.0000	4.8791	4.9541	0.0000	0.0000	0.0000	0.0000	0.0348	0.0739	0.0000	0.2334	0.2344	0.0000	0.0000	0.0000	0.0000					
6	29	0.0696	2	1	2	1	1	0	0	0	0	N	Y	N	N	N	N	N	N	N	N	N	N	0.1981	0.1108	0.1468	0.1478	0.0051	0.0060	0.0000	0.0251	0.0254	0.0000	0.0000	0.0000	0.0000	0.0255	0.0542	0.0000	0.1711	0.1718	0.0000	0.0000	0.0000	0.0000	0.0000	0.0000	-0.0003	-0.0060	1.0478	1.6608	5.1610	8.0004	0.0005	0.0005	0.0000	0.0005	0.0005	0.0000	0.0000	0.0000	0.0000	0.0073	0.0073	0.0000	0.0073	0.0073	0.0000	0.0000	0.0000	0.0000	0.0928	0.0782	0.0146	0.0187	0.0185	0.0002	0.0741	0.0597	0.0144	0.2849	0.1343	0.1506	0.0425	0.0423	0.0002	0.2424	0.0919	0.1504	0.1981	0.1108	0.0000	0.1468	0.1478	0.0000	0.0000	0.0000	0.0000	0.0255	0.0542	0.0000	0.1711	0.1718	0.0000	0.0000	0.0000	0.0000					
6	30	0.0696	2	1	2	0	0	0	0	0	0	N	Y	N	N	N	N	N	N	N	N	N	N	4.7984	1.2320	2.0704	2.0966	0.1672	0.1974	0.0000	1.1389	1.1613	0.0000	0.0000	0.0000	0.0000	0.0348	0.1603	0.0000	0.5501	0.5539	0.0000	0.0000	0.0000	0.0000	0.0000	0.0000	-0.0232	-0.0082	1.0478	5.6608	5.1610	4.0004	0.0390	0.0390	0.0000	0.0390	0.0390	0.0000	0.0000	0.0000	0.0000	0.0099	0.0099	0.0000	0.0099	0.0099	0.0000	0.0000	0.0000	0.0000	0.2334	0.1976	0.0358	0.0343	0.0336	0.0007	0.1991	0.1640	0.0351	0.2849	0.1343	0.1506	0.0425	0.0423	0.0002	0.2424	0.0919	0.1504	4.7984	2.6716	0.0000	4.8791	4.9541	0.0000	0.0000	0.0000	0.0000	0.0348	0.0739	0.0000	0.2334	0.2344	0.0000	0.0000	0.0000	0.0000					
6	31	0.1399	3	2	2	0	0	0	0	0	0	Y	Y	N	N	N	N	N	N	N	N	N	N	0.1470	0.0856	0.3317	0.0943	0.1028	0.0000	42.1063	16.9091	0.9951	0.0409	0.0462	0.0000	0.0854	0.0951	0.0000	0.0013	0.0015	0.0000	0.2783	0.5398	0.0001	0.9062	0.9252	0.0044	0.0000	0.0001	0.0000	0.0001	0.0001	-0.0003	-0.0352	1.0478	0.1965	5.1610	2.3074	0.0005	0.0005	0.0000	0.0005	0.0005	0.0000	0.0000	0.0000	0.0000	0.0426	0.0426	0.0000	0.0426	0.0426	0.0000	0.0000	0.0000	0.0000	0.0128	0.0113	0.0015	0.0060	0.0054	0.0006	0.0067	0.0059	0.0009	0.1530	0.0789	0.0741	0.0673	0.0669	0.0005	0.0856	0.0120	0.0737	0.1470	0.0856	0.3317	0.1351	0.1494	0.0000	42.1063	12501.7214	0.9951	0.2783	0.5398	0.0001	0.6321	0.6366	0.0044	0.0000	0.0000	0.0000
6	32	0.0696	2	1	2	0	1	0	0	0	0	N	Y	N	N	N	N	N	N	N	N	N	N	0.0000	0.0000	0.0000	0.0000	0.0000	0.0000	0.0000	0.0000	0.0000	0.0000	0.0000	0.0000	0.0000	0.0000	0.0000	0.0000	0.0000	0.0000	0.0000	0.0000	1.0478	0.0000	5.1610	1.0000	0.0000	0.0000	0.0000	0.0000	0.0000	0.0000	0.0000	0.0000	0.0000	0.0000	0.0000	0.0000	0.0000	0.0000	0.0000	0.0000	0.0000	0.0000	0.0000	0.0000	0.0000	0.0000	0.0000	0.0000	0.0000	0.0000	0.0000	0.0378	0.0178	0.0200	0.0060	0.0060	0.0000	0.0318	0.0119	0.0199	0.0000	0.0000	0.0000	0.0000	0.0000	0.0000	0.0000	0.0000	0.0000	0.0000	0.0000	0.0000	0.0000	0.0000	0.0000	0.0000	0.0000	0.0000											
6	33	0.0696	2	2	2	0	0	0	0	0	0	Y	Y	N	N	N	N	N	N	N	N	N	N	0.0011	6.2461	0.0000	1.8049	9.4485	0.0000	0.0000	0.0000	0.0036	0.0042	0.0000	0.0203	0.0206	0.0000	0.0000	0.0000	0.0000	3.1586	0.0007	5.9716	0.0113	0.0022	2.1956	3.6989	0.0000	5.9760	0.0000	9908.3305	-0.0003	0.1889	1.0478	2.6608	5.1610	9.9996	0.0005	0.0005	0.0000	0.0005	0.0005	0.0000	0.0000	0.0000	0.0000	1.0900	0.0001	1.0899	0.0006	0.0001	0.0005	1.0895	0.0000	1.0895	0.1318	0.1110	0.0208	0.0231	0.0227	0.0003	0.1087	0.0883	0.0204	0.3451	0.1626	0.1825	0.0506	0.0504	0.0002	0.2945	0.1122	0.1823	0.0011	6.2461	0.0000	1.8049	9.4485	0.0000	0.0000	0.0000	0.0000	3.1586	0.0007	5.9716	0.0113	0.0022	2.1956	3.6989	0.0000	5.9760	
6	34	0.1508	3	1	1	1	0	0	0	0	0	N	N	N	N	N	N	N	N	N	N	N	N	0.0000	0.0003	0.0000	0.0004	0.0004	0.0000	0.0000	0.0000	0.0000	0.0000	0.0000	0.0000	0.0000	0.0000	0.0000	0.0000	0.0000	0.0000	0.3030	0.0311	0.6018	0.0444	0.0451	0.0000	0.4531	0.0000	0.6093	0.0025	17.6051	-0.0000	0.0126	1.0478	3.8106	5.1610	5.1657	0.0000	0.0000	0.0000	0.0000	0.0000	0.0000	0.0000	0.0000	0.0000	0.1057	0.0057	0.1000	0.0057	0.0057	0.0000	0.1000	0.0000	0.1000	0.1736	0.1489	0.0247	0.0740	0.0704	0.0036	0.0997	0.0785	0.0211	0.3487	0.1825	0.1661	0.1280	0.1260	0.0021	0.2207	0.0566	0.1641	0.0000	0.0003	0.0000	0.0004	0.0004	0.0000	0.0000	0.0000	0.0000	0.3030	0.0311	0.6018	0.0444	0.0451	0.0000	0.4531	0.0000	0.6093
6	35	0.0696	2	1	1	0	0	0	0	0	0	N	N	N	N	N	N	N	N	N	N	N	N	0.0077	0.0162	0.0000	0.0659	0.0670	0.0000	inf	0.0000	0.0019	0.0022	0.0000	0.0130	0.0132	0.0000	0.0000	0.0000	0.0000	0.2423	0.1363	0.4036	0.1966	0.1975	0.0000	0.2501	0.0000	0.4040	0.0009	7.3992	-0.0003	0.0045	1.0478	6.2373	5.1610	6.2260	0.0005	0.0005	0.0000	0.0005	0.0005	0.0000	0.0000	0.0000	0.0000	0.0827	0.0098	0.0729	0.0098	0.0098	0.0000	0.0729	0.0000	0.0729	0.2506	0.2124	0.0382	0.0361	0.0354	0.0007	0.2145	0.1770	0.0375	0.3415	0.1609	0.1806	0.0501	0.0499	0.0002	0.2914	0.1110	0.1804	0.0077	0.0360	0.0000	0.0659	0.0670	0.0000	0.0000	inf	0.0000	0.2423	0.0612	0.4036	0.1966	0.1975	0.0000	0.2501	0.0000	0.4040	
6	36	0.0696	2	1	2	0	0	0	0	0	0	N	Y	N	N	N	N	N	N	N	N	N	N	3.4452	1.9252	3.1642	3.2034	0.0028	0.0033	0.0000	0.0173	0.0176	0.0000	0.0000	0.0000	0.0000	0.0008	0.0017	0.0000	0.0055	0.0055	0.0000	0.0000	0.0000	0.0000	0.0000	0.0000	-0.0003	-0.0002	1.0478	3.6608	5.1610	7.3397	0.0005	0.0005	0.0000	0.0005	0.0005	0.0000	0.0000	0.0000	0.0000	0.0003	0.0003	0.0000	0.0003	0.0003	0.0000	0.0000	0.0000	0.0000	0.1681	0.1417	0.0263	0.0271	0.0266	0.0004	0.1410	0.1151	0.0259	0.3131	0.1475	0.1655	0.0463	0.0461	0.0002	0.2667	0.1014	0.1653	3.4452	1.9252	0.0000	3.1642	3.2034	0.0000	0.0000	0.0000	0.0000	0.0008	0.0017	0.0000	0.0055	0.0055	0.0000	0.0000	0.0000	0.0000					
6	37	0.1321	4	2	1	1	0	0	0	0	0	Y	N	N	N	N	N	N	N	N	N	N	N	0.0038	0.0000	0.0124	0.0000	0.0000	0.0266	0.0035	0.0000	0.0125	0.0020	0.0000	0.0127	0.0000	0.0000	0.0000	0.0025	0.0000	0.0130	0.5249	0.0307	1.0253	0.0570	0.0581	0.0002	0.6986	0.0000	1.0358	inf	32.9924	0.0001	0.0218	1.0478	2.3426	5.1610	5.0131	0.0002	0.0000	0.0002	0.0000	0.0000	0.0000	0.0002	0.0000	0.0002	0.1513	0.0045	0.1469	0.0045	0.0045	0.0000	0.1469	0.0000	0.1469	0.1209	0.1019	0.0190	0.0233	0.0229	0.0004	0.0976	0.0790	0.0186	0.2883	0.1450	0.1432	0.0780	0.0766	0.0015	0.2102	0.0684	0.1418	0.0038	0.0000	0.0124	0.0000	0.0000	0.0266	0.0035	0.0000	0.0125	0.5249	0.0307	1.0253	0.0570	0.0581	0.0002	0.6986	0.0000	1.0358
6	38	0.1043	3	2	1	1	0	0	0	0	0	Y	N	N	N	N	N	N	N	N	N	N	N	0.0171	0.0074	0.0397	0.0374	0.0378	0.0000	0.0116	0.0000	0.0403	0.0025	0.0015	0.0081	0.0067	0.0068	0.0000	0.0016	0.0000	0.0083	0.1489	0.2036	0.2043	0.1797	0.1812	0.0009	0.1354	0.0006	0.2054	1.0006	1.7079	-0.0000	-0.0078	1.0478	2.4564	5.1610	2.5086	0.0003	0.0002	0.0002	0.0002	0.0002	0.0000	0.0002	0.0000	0.0002	0.0398	0.0147	0.0251	0.0147	0.0147	0.0000	0.0251	0.0000	0.0251	0.1251	0.1054	0.0196	0.0237	0.0233	0.0004	0.1014	0.0822	0.0192	0.2673	0.1444	0.1229	0.0818	0.0812	0.0007	0.1855	0.0632	0.1222	0.0171	0.0148	0.0397	0.0374	0.0378	0.0000	0.0116	0.0000	0.0403	0.1489	0.1018	0.2043	0.1797	0.1812	0.0009	0.1354	0.0000	0.2054
6	39	0.0696	2	1	2	0	0	0	0	0	0	N	Y	N	N	N	N	N	N	N	N	N	N	1.7224	0.9583	1.7087	1.7351	0.0020	0.0024	0.0000	0.0137	0.0140	0.0000	0.0000	0.0000	0.0000	0.0012	0.0025	0.0000	0.0080	0.0080	0.0000	0.0000	0.0000	0.0000	0.0000	0.0000	-0.0003	-0.0004	1.0478	5.6608	5.1610	8.0004	0.0005	0.0005	0.0000	0.0005	0.0005	0.0000	0.0000	0.0000	0.0000	0.0004	0.0004	0.0000	0.0004	0.0004	0.0000	0.0000	0.0000	0.0000	0.2334	0.1976	0.0358	0.0343	0.0336	0.0007	0.1991	0.1640	0.0351	0.3630	0.1710	0.1920	0.0528	0.0526	0.0002	0.3101	0.1183	0.1918	1.7224	0.9583	0.0000	1.7087	1.7351	0.0000	0.0000	0.0000	0.0000	0.0012	0.0025	0.0000	0.0080	0.0080	0.0000	0.0000	0.0000	0.0000					
6	40	0.0696	2	2	1	1	0	0	0	0	0	Y	N	N	N	N	N	N	N	N	N	N	N	0.2975	1.3138	0.0242	5.3719	5.4211	inf	0.0048	0.0170	0.1554	0.1793	0.0226	1.0650	1.0792	0.3694	0.0028	0.0000	0.0159	0.5225	0.1365	0.9328	0.1982	0.1991	0.0000	0.5782	0.0000	0.9339	0.0226	16.9510	-0.0225	0.0208	1.0478	6.3392	5.1610	5.9996	0.0394	0.0385	0.0009	0.0388	0.0385	0.0003	0.0006	0.0000	0.0006	0.1772	0.0099	0.1673	0.0099	0.0099	0.0000	0.1673	0.0000	0.1673	0.2536	0.2150	0.0386	0.0364	0.0357	0.0007	0.2171	0.1793	0.0379	0.3391	0.1598	0.1794	0.0498	0.0496	0.0002	0.2893	0.1102	0.1791	0.2975	2.9021	0.0242	5.3719	5.4211	inf	0.0048	0.0000	0.0170	0.5225	0.0618	0.9328	0.1982	0.1991	0.0000	0.5782	0.0000	0.9339	
6	43	0.0696	2	1	1	1	0	0	0	0	0	N	N	N	N	N	N	N	N	N	N	N	N	0.0045	0.0201	0.0000	0.0722	0.0776	0.0000	0.0000	0.0023	0.0028	0.0000	0.0152	0.0155	0.0000	0.0000	0.0000	0.0000	0.5140	0.1371	0.9167	0.2109	0.1998	0.0000	0.5680	0.0000	0.9177	0.0000	16.6309	-0.0003	0.0207	1.0478	4.6608	5.1610	7.9996	0.0005	0.0005	0.0000	0.0005	0.0005	0.0000	0.0000	0.0000	0.0000	0.1774	0.0101	0.1673	0.0101	0.0101	0.0000	0.1673	0.0000	0.1673	0.2019	0.1705	0.0313	0.0308	0.0303	0.0006	0.1710	0.1403	0.0308	0.3451	0.1626	0.1825	0.0506	0.0504	0.0002	0.2945	0.1122	0.1823	0.0045	0.0445	0.0000	0.0765	0.0776	0.0000	0.0000	0.0000	0.0000	0.5140	0.0619	0.9167	0.1990	0.1998	0.0000	0.5680	0.0000	0.9177		
6	44	0.0696	2	1	2	0	0	0	0	0	0	N	Y	N	N	N	N	N	N	N	N	N	N	0.0048	4.4726	0.0000	7.6992	7.8077	0.0000	0.0000	0.0023	0.0028	0.0000	0.0152	0.0155	0.0000	0.0000	0.0000	0.0000	0.4851	0.0006	0.9167	0.0020	0.0020	0.0000	0.5680	0.0000	0.9177	0.0000	1673.0635	-0.0003	0.0289	1.0478	4.6608	5.1610	7.9996	0.0005	0.0005	0.0000	0.0005	0.0005	0.0000	0.0000	0.0000	0.0000	0.1674	0.0001	0.1673	0.0001	0.0001	0.0000	0.1673	0.0000	0.1673	0.2019	0.1705	0.0313	0.0308	0.0303	0.0006	0.1710	0.1403	0.0308	0.3451	0.1626	0.1825	0.0506	0.0504	0.0002	0.2945	0.1122	0.1823	0.0048	4.4726	0.0000	7.6992	7.8077	0.0000	0.0000	0.0000	0.0000	0.4851	0.0006	0.9167	0.0020	0.0020	0.0000	0.5680	0.0000	0.9177		
6	45	0.1043	3	2	2	1	0	0	0	0	0	Y	Y	N	N	N	N	N	N	N	N	N	N	0.0054	0.0000	0.0182	0.0000	0.0000	0.0000	0.0056	0.0184	0.0030	0.0000	0.0193	0.0000	0.0000	0.0000	0.0039	0.0000	0.0197	0.5532	0.2028	1.0599	0.1908	0.1927	0.0111	0.6938	0.0000	1.0664	inf	9.3808	0.0001	0.0137	1.0478	1.3391	5.1610	5.8433	0.0002	0.0000	0.0002	0.0000	0.0000	0.0000	0.0002	0.0000	0.0002	0.1773	0.0171	0.1602	0.0171	0.0171	0.0000	0.1602	0.0000	0.1602	0.0801	0.0677	0.0125	0.0180	0.0178	0.0002	0.0621	0.0499	0.0122	0.3205	0.1693	0.1512	0.0896	0.0886	0.0009	0.2309	0.0807	0.1502	0.0054	0.0000	0.0182	0.0000	0.0000	0.0000	0.0056	0.0000	0.0184	0.5532	0.1009	1.0599	0.1908	0.1927	0.0111	0.6938	0.0000	1.0664	
6	46	0.0696	2	2	1	0	0	0	0	0	0	Y	N	N	N	N	N	N	N	N	N	N	N	0.0075	0.0024	0.1112	0.0036	0.0037	0.0343	0.1128	0.0026	0.0015	0.0082	0.0072	0.0073	0.0000	0.0016	0.0000	0.0083	0.3414	0.6418	0.0733	1.9797	1.9883	0.0000	0.0457	0.0000	0.0734	1.0004	0.1280	-0.0000	-0.0452	1.0478	2.4483	5.1610	3.1953	0.0003	0.0002	0.0002	0.0002	0.0002	0.0000	0.0002	0.0000	0.0002	0.0634	0.0562	0.0072	0.0562	0.0562	0.0000	0.0072	0.0000	0.0072	0.1237	0.1042	0.0195	0.0222	0.0219	0.0003	0.1016	0.0824	0.0192	0.1858	0.0876	0.0981	0.0284	0.0283	0.0001	0.1574	0.0593	0.0980	0.0075	0.0024	0.1112	0.0036	0.0037	0.0000	0.0343	0.0000	0.1128	0.3414	0.6418	0.0733	1.9797	1.9883	0.0000	0.0457	0.0000	0.0734		
6	47	0.1093	3	2	2	1	0	0	0	0	0	Y	Y	N	N	N	N	N	N	N	N	N	N	53.0484	32.0658	0.0026	74.9849	76.5903	0.0000	0.0135	inf	0.0000	0.3084	0.3677	0.0000	2.1800	2.2384	0.0000	0.0000	0.0000	0.0000	0.0058	0.0115	0.0000	0.0291	0.0292	0.0010	0.0000	0.0000	0.0000	0.0000	0.0018	-0.0229	-0.0007	1.0478	3.0001	5.1610	1.0598	0.0385	0.0385	0.0000	0.0385	0.0385	0.0000	0.0000	0.0000	0.0000	0.0008	0.0008	0.0000	0.0008	0.0008	0.0000	0.0000	0.0000	0.0000	0.1249	0.1048	0.0201	0.0177	0.0172	0.0005	0.1073	0.0876	0.0197	0.1443	0.0731	0.0713	0.0288	0.0287	0.0002	0.1155	0.0444	0.0711	53.0484	32.0658	0.0026	74.9849	76.5903	0.0000	0.0135	inf	0.0000	0.0058	0.0115	0.0000	0.0291	0.0292	0.0010	0.0000	0.0000	0.0000
6	48	0.0696	2	2	1	1	0	0	0	0	0	Y	N	N	N	N	N	N	N	N	N	N	N	0.0274	0.0153	0.0456	0.0152	0.0152	inf	0.0123	inf	0.0326	0.0094	0.0110	0.0001	0.0342	0.0344	0.0021	0.0000	0.0000	0.0001	0.3425	0.7243	0.0017	2.2475	2.2572	0.0000	0.0011	0.0000	0.0017	0.0013	0.0027	-0.0003	-0.0600	1.0478	0.6630	5.1610	5.9830	0.0005	0.0005	0.0000	0.0005	0.0005	0.0000	0.0000	0.0000	0.0000	0.0728	0.0727	0.0002	0.0727	0.0727	0.0000	0.0002	0.0000	0.0002	0.0508	0.0431	0.0077	0.0139	0.0138	0.0001	0.0368	0.0293	0.0076	0.2127	0.1003	0.1124	0.0323	0.0322	0.0001	0.1804	0.0681	0.1123	0.0274	0.0153	0.0456	0.0152	0.0152	inf	0.0123	inf	0.0326	0.3425	0.7243	0.0017	2.2475	2.2572	0.0000	0.0011	0.0000	0.0017
6	49	0.0696	2	2	2	0	0	0	0	0	0	Y	Y	N	N	N	N	N	N	N	N	N	N	0.3204	51.9694	0.0070	96.3990	98.0712	0.0020	0.0072	0.1377	0.1610	0.0057	0.9762	0.9972	0.0000	0.0010	0.0000	0.0058	0.4297	0.0031	0.8093	0.0101	0.0102	0.0000	0.5003	0.0000	0.8102	0.0062	293.5199	-0.0228	0.0285	1.0478	7.3392	5.1610	7.9996	0.0388	0.0385	0.0002	0.0385	0.0385	0.0000	0.0002	0.0000	0.0002	0.1679	0.0006	0.1673	0.0006	0.0006	0.0000	0.1673	0.0000	0.1673	0.2817	0.2394	0.0423	0.0395	0.0386	0.0008	0.2422	0.2007	0.0415	0.3907	0.1840	0.2067	0.0563	0.0561	0.0002	0.3344	0.1279	0.2065	0.3204	51.9694	0.0070	96.3990	98.0712	0.0000	0.0020	0.0000	0.0072	0.4297	0.0031	0.8093	0.0101	0.0102	0.0000	0.5003	0.0000	0.8102		
6	50	0.0696	2	1	1	0	1	0	0	0	0	N	N	N	N	N	N	N	N	N	N	N	N	2.9498	1.6437	2.7607	2.7999	0.0023	0.0028	0.0000	0.0152	0.0155	0.0000	0.0000	0.0000	0.0000	0.0008	0.0017	0.0000	0.0055	0.0055	0.0000	0.0000	0.0000	0.0000	0.0000	0.0000	-0.0003	-0.0003	1.0478	4.6608	5.1610	12.0004	0.0005	0.0005	0.0000	0.0005	0.0005	0.0000	0.0000	0.0000	0.0000	0.0003	0.0003	0.0000	0.0003	0.0003	0.0000	0.0000	0.0000	0.0000	0.2019	0.1705	0.0313	0.0308	0.0303	0.0006	0.1710	0.1403	0.0308	0.4108	0.1934	0.2174	0.0587	0.0584	0.0002	0.3521	0.1349	0.2172	2.9498	1.6437	0.0000	2.7607	2.7999	0.0000	0.0000	0.0000	0.0000	0.0008	0.0017	0.0000	0.0055	0.0055	0.0000	0.0000	0.0000	0.0000					
6	51	0.1001	3	1	2	1	0	0	0	0	0	N	Y	N	N	N	N	N	N	N	N	N	N	0.3853	0.2277	0.0007	0.3054	0.3123	0.0000	0.0000	0.0000	0.0000	0.0030	0.0034	0.0000	0.0092	0.0096	0.0000	0.0000	0.0000	0.0000	0.0078	0.0150	0.0001	0.0302	0.0309	0.0000	0.0001	0.0001	0.0001	0.0000	0.0072	-0.0002	-0.0009	1.0478	2.4249	5.1610	2.1457	0.0004	0.0004	0.0000	0.0004	0.0004	0.0000	0.0000	0.0000	0.0000	0.0011	0.0011	0.0000	0.0011	0.0011	0.0000	0.0000	0.0000	0.0000	0.1166	0.1024	0.0142	0.0381	0.0364	0.0017	0.0785	0.0660	0.0125	0.1422	0.0733	0.0689	0.0365	0.0357	0.0008	0.1056	0.0376	0.0681	0.3853	0.2277	0.0007	0.3054	0.3123	0.0000	0.0000	0.0000	0.0000	0.0078	0.0150	0.0001	0.0302	0.0309	0.0000	0.0001	0.0000	0.0001
6	52	0.0696	2	1	2	0	0	0	0	0	0	N	Y	N	N	N	N	N	N	N	N	N	N	4.5908	1.3198	1.4217	2.2589	2.2223	0.4458	inf	1.4441	0.2373	0.2808	0.0038	1.4567	1.4806	0.0000	0.0007	0.0000	0.0039	0.0517	0.2127	0.0027	0.6449	0.6663	0.0000	0.0017	0.0000	0.0027	0.0025	0.0280	-0.0230	-0.0075	1.0478	3.5386	5.1610	1.9499	0.0389	0.0388	0.0001	0.0388	0.0388	0.0000	0.0001	0.0000	0.0001	0.0094	0.0091	0.0003	0.0091	0.0091	0.0000	0.0003	0.0000	0.0003	0.1638	0.1381	0.0257	0.0266	0.0262	0.0004	0.1372	0.1119	0.0253	0.1814	0.0856	0.0959	0.0278	0.0276	0.0001	0.1537	0.0579	0.0957	4.5908	2.6333	1.4217	4.4328	4.4861	0.0000	0.4458	inf	1.4441	0.0517	0.1066	0.0027	0.3286	0.3300	0.0000	0.0017	0.0000	0.0027	
6	53	0.0696	2	2	1	1	0	0	0	0	0	Y	N	N	N	N	N	N	N	N	N	N	N	0.2905	1.4326	0.0229	2.3301	2.3032	inf	0.0048	0.0160	0.2515	0.2918	0.0354	1.5026	1.5161	0.6630	0.0046	0.0000	0.0248	0.8657	0.2037	1.5474	0.6449	0.6583	0.0000	0.9645	0.0000	1.5493	0.0226	17.0200	-0.0225	0.0209	1.0478	3.3392	5.1610	2.9996	0.0394	0.0385	0.0009	0.0388	0.0385	0.0003	0.0006	0.0000	0.0006	0.1771	0.0098	0.1673	0.0098	0.0098	0.0000	0.1673	0.0000	0.1673	0.1567	0.1321	0.0246	0.0258	0.0254	0.0004	0.1309	0.1067	0.0242	0.2046	0.0965	0.1081	0.0312	0.0310	0.0001	0.1735	0.0655	0.1080	0.2905	2.8644	0.0229	4.7620	4.7840	inf	0.0048	0.0000	0.0160	0.8657	0.1019	1.5474	0.3155	0.3169	0.0000	0.9645	0.0000	1.5493	
6	54	0.1156	3	2	2	0	0	0	0	0	0	Y	Y	N	N	N	N	N	N	N	N	N	N	0.0018	0.0013	0.0001	0.0014	0.0015	0.0006	0.0000	0.0002	0.0007	0.0008	0.0000	0.0016	0.0017	0.0000	0.0000	0.0000	0.0000	0.3645	0.5954	0.1676	1.0982	1.1051	0.0034	0.1253	0.0000	0.1678	0.0039	0.3301	-0.0000	-0.0286	1.0478	2.0079	5.1610	2.2027	0.0001	0.0001	0.0000	0.0001	0.0001	0.0000	0.0000	0.0000	0.0000	0.0494	0.0372	0.0123	0.0372	0.0372	0.0000	0.0123	0.0000	0.0123	0.0812	0.0715	0.0097	0.0342	0.0321	0.0021	0.0470	0.0394	0.0076	0.1356	0.0624	0.0732	0.0377	0.0376	0.0001	0.0979	0.0248	0.0731	0.0018	0.0013	0.0001	0.0016	0.0017	0.0006	0.0000	0.0000	0.0002	0.3645	0.5954	0.1676	0.9860	0.9878	0.0034	0.1253	0.0000	0.1678	
6	55	0.0696	2	2	2	0	0	0	0	0	0	Y	Y	N	N	N	N	N	N	N	N	N	N	0.2555	1.3780	0.0062	2.2639	2.3060	inf	0.0018	inf	0.0063	0.2027	0.2384	0.0089	1.2989	1.3220	0.0005	0.0016	0.0000	0.0091	0.7935	0.1730	1.4310	0.5737	0.5733	0.0000	0.8903	0.0000	1.4327	0.0069	20.3643	-0.0227	0.0255	1.0478	4.3406	5.1610	3.9440	0.0388	0.0385	0.0003	0.0385	0.0385	0.0000	0.0003	0.0000	0.0003	0.2011	0.0094	0.1917	0.0094	0.0094	0.0000	0.1917	0.0000	0.1917	0.1913	0.1615	0.0298	0.0297	0.0291	0.0005	0.1616	0.1324	0.0293	0.2535	0.1195	0.1340	0.0381	0.0380	0.0002	0.2153	0.0815	0.1338	0.2555	3.0268	0.0062	5.2630	5.3340	inf	0.0018	inf	0.0063	0.7935	0.0788	1.4310	0.2468	0.2478	0.0000	0.8903	0.0000	1.4327
6	56	0.0696	2	1	2	0	0	0	0	0	0	N	Y	N	N	N	N	N	N	N	N	N	N	0.0706	0.0394	2.7057	2.7684	0.0000	0.0000	0.2321	0.2752	0.0000	1.4400	1.4640	0.0000	0.0000	0.0000	0.0000	3.2888	6.9784	0.0000	0.5322	0.5288	0.0000	3.8234	10.0636	0.0000	0.0000	0.0000	-0.0232	-0.8322	1.0478	3.6608	5.1610	7.0004	0.0390	0.0390	0.0000	0.0390	0.0390	0.0000	0.0000	0.0000	0.0000	1.0068	1.0068	0.0000	0.0100	0.0100	0.0000	0.9968	0.9968	0.0000	0.1681	0.1417	0.0263	0.0271	0.0266	0.0004	0.1410	0.1151	0.0259	0.3061	0.1443	0.1619	0.0454	0.0452	0.0002	0.2607	0.0991	0.1617	0.0706	0.0394	0.0000	6.5629	6.6442	0.0000	0.0000	0.0000	0.0000	3.2888	6.9784	0.0000	0.2194	0.2203	0.0000	3.8234	10.0636	0.0000			
6	57	0.0696	2	1	1	1	0	0	0	0	0	N	N	N	N	N	N	N	N	N	N	N	N	5.3928	3.0167	4.0448	4.0732	0.0051	0.0060	0.0000	0.0251	0.0254	0.0000	0.0000	0.0000	0.0000	0.0009	0.0020	0.0000	0.0062	0.0062	0.0000	0.0000	0.0000	0.0000	0.0000	0.0000	-0.0003	-0.0002	1.0478	1.6608	5.1610	6.0004	0.0005	0.0005	0.0000	0.0005	0.0005	0.0000	0.0000	0.0000	0.0000	0.0002	0.0002	0.0000	0.0002	0.0002	0.0000	0.0000	0.0000	0.0000	0.0928	0.0782	0.0146	0.0187	0.0185	0.0002	0.0741	0.0597	0.0144	0.2384	0.1124	0.1260	0.0360	0.0359	0.0002	0.2024	0.0766	0.1259	5.3928	3.0167	0.0000	4.0448	4.0732	0.0000	0.0000	0.0000	0.0000	0.0009	0.0020	0.0000	0.0062	0.0062	0.0000	0.0000	0.0000	0.0000					
6	58	0.0696	2	2	2	0	0	0	0	0	0	Y	Y	N	N	N	N	N	N	N	N	N	N	0.0013	0.0000	0.0046	0.0067	0.0000	0.2232	0.0010	0.0033	0.0046	0.0000	0.0292	0.0091	0.0000	0.5201	0.0037	0.0000	0.0205	3.5320	0.4561	6.3025	1.3599	1.3558	2.3302	3.9085	0.0000	6.3071	inf	16.7096	0.0004	0.1321	1.0478	4.3392	5.1610	6.9996	0.0009	0.0000	0.0009	0.0003	0.0000	0.0003	0.0006	0.0000	0.0006	1.1297	0.0638	1.0659	0.0642	0.0638	0.0005	1.0654	0.0000	1.0654	0.1913	0.1615	0.0298	0.0296	0.0291	0.0005	0.1616	0.1324	0.0293	0.3198	0.1507	0.1691	0.0472	0.0470	0.0002	0.2726	0.1037	0.1689	0.0013	0.0000	0.0046	0.0067	0.0000	0.2232	0.0010	0.0000	0.0033	3.5320	0.4232	6.3025	1.3599	1.3558	2.3302	3.9085	0.0000	6.3071	
6	59	0.0696	2	2	2	1	0	0	0	0	0	Y	Y	N	N	N	N	N	N	N	N	N	N	6.4083	1.5221	inf	4.3019	2.7727	inf	inf	inf	0.0047	0.0024	0.0176	0.0216	0.0140	0.4086	0.0018	0.0000	0.0102	0.0007	0.0016	0.0000	0.0050	0.0050	0.0000	0.0000	0.0000	0.0000	1.3428	0.0000	-0.0000	-0.0002	1.0478	5.6608	5.1610	7.0004	0.0011	0.0005	0.0006	0.0007	0.0005	0.0003	0.0004	0.0000	0.0004	0.0003	0.0003	0.0000	0.0003	0.0003	0.0000	0.0000	0.0000	0.0000	0.2334	0.1976	0.0358	0.0343	0.0336	0.0007	0.1991	0.1640	0.0351	0.3451	0.1626	0.1825	0.0506	0.0504	0.0002	0.2945	0.1122	0.1823	6.4083	1.5221	inf	4.3019	2.7727	inf	inf	0.0000	inf	0.0007	0.0016	0.0000	0.0050	0.0050	0.0000	0.0000	0.0000	0.0000	
6	60	0.0696	2	1	2	0	0	0	0	0	0	N	Y	N	N	N	N	N	N	N	N	N	N	0.0000	0.0000	0.0000	0.0000	0.0000	0.0000	0.0000	0.0000	0.0000	0.0000	0.0000	0.0000	0.0000	0.0003	0.0005	0.0000	0.0017	0.0017	0.0000	0.0000	0.0000	0.0000	0.0000	0.0000	-0.0000	1.0478	2.0000	5.1610	4.0000	0.0000	0.0000	0.0000	0.0000	0.0000	0.0000	0.0000	0.0000	0.0000	0.0001	0.0001	0.0000	0.0001	0.0001	0.0000	0.0000	0.0000	0.0000	0.1063	0.0896	0.0168	0.0202	0.0200	0.0003	0.0861	0.0696	0.0165	0.1955	0.0922	0.1033	0.0298	0.0297	0.0001	0.1657	0.0625	0.1032	0.0000	0.0000	0.0000	0.0000	0.0000	0.0000	0.0000	0.0000	0.0000	0.0003	0.0005	0.0000	0.0017	0.0017	0.0000	0.0000	0.0000	0.0000						
6	61	0.0696	2	2	1	1	0	0	0	0	0	Y	N	N	N	N	N	N	N	N	N	N	N	1.6367	1.3883	0.0493	2.3174	2.4806	0.0144	0.0502	0.1735	0.2039	0.0070	1.1618	1.1841	0.0000	0.0013	0.0000	0.0071	0.1060	0.1468	0.1420	0.5013	0.4774	0.0000	0.0881	0.0000	0.1421	0.0062	2.4244	-0.0228	-0.0040	1.0478	5.3392	5.1610	6.0004	0.0388	0.0385	0.0002	0.0385	0.0385	0.0000	0.0002	0.0000	0.0002	0.0339	0.0099	0.0240	0.0099	0.0099	0.0000	0.0240	0.0000	0.0240	0.2235	0.1891	0.0344	0.0332	0.0325	0.0006	0.1903	0.1565	0.0338	0.3199	0.1507	0.1691	0.0472	0.0471	0.0002	0.2726	0.1037	0.1689	1.6367	3.1025	0.0493	5.5427	5.6258	0.0000	0.0144	0.0000	0.0502	0.1060	0.0657	0.1420	0.2096	0.2105	0.0000	0.0881	0.0000	0.1421		
6	62	0.0696	2	1	2	0	0	0	0	0	0	N	Y	N	N	N	N	N	N	N	N	N	N	1.9790	3.1706	1.3673	5.8253	5.9253	inf	0.3772	1.3808	0.1427	0.1448	0.1307	0.9049	0.9240	0.0626	0.0222	0.0000	0.1321	0.0721	0.0457	0.0956	0.1553	0.1559	0.0000	0.0587	0.0000	0.0957	0.1566	2.3577	-0.0207	-0.0043	1.0478	8.6608	5.1610	13.0004	0.0451	0.0390	0.0061	0.0391	0.0390	0.0001	0.0060	0.0000	0.0060	0.0342	0.0102	0.0240	0.0102	0.0102	0.0000	0.0240	0.0000	0.0240	0.3162	0.2695	0.0468	0.0432	0.0422	0.0010	0.2730	0.2272	0.0458	0.4742	0.2230	0.2512	0.0656	0.0653	0.0003	0.4087	0.1577	0.2510	1.9790	3.1706	1.3673	5.8253	5.9253	inf	0.3772	0.0000	1.3808	0.0721	0.0457	0.0956	0.1553	0.1559	0.0000	0.0587	0.0000	0.0957	
6	63	0.1434	3	1	1	1	0	0	0	0	0	N	N	N	N	N	N	N	N	N	N	N	N	0.0000	0.0005	0.0000	0.0010	0.0008	0.0000	0.0000	0.0000	0.0000	0.0000	0.0000	0.0000	0.0000	0.0000	0.0000	0.0000	0.0000	0.0256	0.0024	0.0496	0.0033	0.0040	0.0000	0.0388	0.0000	0.0574	0.0258	19.8314	-0.0000	0.0001	1.0478	0.9961	5.1610	0.0337	0.0000	0.0000	0.0000	0.0000	0.0000	0.0000	0.0000	0.0000	0.0000	0.0008	0.0000	0.0008	0.0000	0.0000	0.0000	0.0008	0.0000	0.0008	0.0431	0.0360	0.0071	0.0135	0.0129	0.0006	0.0296	0.0232	0.0065	0.0325	0.0165	0.0160	0.0121	0.0099	0.0022	0.0204	0.0066	0.0138	0.0000	0.0005	0.0000	0.0010	0.0008	0.0000	0.0000	0.0000	0.0000	0.0256	0.0024	0.0496	0.0033	0.0040	0.0000	0.0388	0.0000	0.0574	
6	64	0.0696	2	1	1	1	0	0	0	0	0	N	N	N	N	N	N	N	N	N	N	N	N	0.0052	0.0225	0.0000	0.0345	0.0350	0.0000	0.0000	0.0028	0.0033	0.0000	0.0173	0.0176	0.0000	0.0000	0.0000	0.0000	0.5414	0.1471	0.9650	0.5019	0.5028	0.0000	0.5986	0.0000	0.9662	0.0000	16.4361	-0.0003	0.0205	1.0478	3.6648	5.1610	8.0029	0.0005	0.0005	0.0000	0.0005	0.0005	0.0000	0.0000	0.0000	0.0000	0.1767	0.0101	0.1665	0.0101	0.0101	0.0000	0.1665	0.0000	0.1665	0.1682	0.1419	0.0264	0.0271	0.0267	0.0004	0.1411	0.1152	0.0259	0.3263	0.1538	0.1726	0.0481	0.0479	0.0002	0.2782	0.1059	0.1724	0.0052	0.0502	0.0000	0.0822	0.0832	0.0000	0.0000	0.0000	0.0000	0.5414	0.0659	0.9650	0.2106	0.2115	0.0000	0.5986	0.0000	0.9662		
6	65	0.0696	2	1	2	0	0	0	0	0	0	N	Y	N	N	N	N	N	N	N	N	N	N	0.0054	2.7717	0.0000	4.7577	4.8382	0.0000	0.0000	0.0018	0.0021	0.0000	0.0125	0.0128	0.0000	0.0000	0.0000	0.0000	0.3320	0.0008	0.6257	0.0026	0.0026	0.0000	0.3836	0.0000	0.6263	0.0000	929.4797	-0.0003	0.0289	1.0478	6.6608	5.1610	17.9996	0.0005	0.0005	0.0000	0.0005	0.0005	0.0000	0.0000	0.0000	0.0000	0.1675	0.0002	0.1673	0.0002	0.0002	0.0000	0.1673	0.0000	0.1673	0.2628	0.2230	0.0398	0.0374	0.0367	0.0008	0.2254	0.1863	0.0391	0.5045	0.2371	0.2674	0.0683	0.0681	0.0003	0.4361	0.1690	0.2671	0.0054	2.7717	0.0000	4.7577	4.8382	0.0000	0.0000	0.0000	0.0000	0.3320	0.0008	0.6257	0.0026	0.0026	0.0000	0.3836	0.0000	0.6263		
6	66	0.0696	2	1	2	0	1	0	0	0	0	N	Y	N	N	N	N	N	N	N	N	N	N	0.3080	1.7502	0.0069	6.0565	6.1477	0.0020	0.0070	0.1735	0.2039	0.0070	1.1618	1.1841	0.0000	0.0013	0.0000	0.0071	0.5634	0.1165	1.0122	0.1918	0.1926	0.0000	0.6269	0.0000	1.0134	0.0062	19.1316	-0.0228	0.0249	1.0478	5.3392	5.1610	7.9996	0.0388	0.0385	0.0002	0.0385	0.0385	0.0000	0.0002	0.0000	0.0002	0.2013	0.0100	0.1913	0.0100	0.0100	0.0000	0.1913	0.0000	0.1913	0.2235	0.1891	0.0344	0.0332	0.0325	0.0006	0.1903	0.1565	0.0338	0.3573	0.1683	0.1890	0.0521	0.0519	0.0002	0.3052	0.1164	0.1888	0.3080	3.4312	0.0069	6.0565	6.1477	0.0000	0.0020	0.0000	0.0070	0.5634	0.0594	1.0122	0.1918	0.1926	0.0000	0.6269	0.0000	1.0134		
6	67	0.0696	2	1	2	0	0	0	0	0	0	N	Y	N	N	N	N	N	N	N	N	N	N	0.3904	3.3451	0.2034	6.0465	6.1356	inf	0.0579	0.2051	0.1770	0.1793	0.1646	1.0592	1.0792	0.0821	0.0290	0.0000	0.1662	0.4534	0.0536	0.8093	0.1752	0.1759	0.0000	0.5003	0.0000	0.8102	0.1648	16.9682	-0.0203	0.0209	1.0478	6.3392	5.1610	8.9996	0.0449	0.0385	0.0064	0.0386	0.0385	0.0001	0.0063	0.0000	0.0063	0.1772	0.0099	0.1673	0.0099	0.0099	0.0000	0.1673	0.0000	0.1673	0.2536	0.2150	0.0386	0.0364	0.0357	0.0007	0.2171	0.1793	0.0379	0.3907	0.1840	0.2067	0.0563	0.0561	0.0002	0.3344	0.1279	0.2065	0.3904	3.3451	0.2034	6.0465	6.1356	inf	0.0579	0.0000	0.2051	0.4534	0.0536	0.8093	0.1752	0.1759	0.0000	0.5003	0.0000	0.8102	
6	68	0.0696	2	1	2	0	0	0	0	0	0	N	Y	N	N	N	N	N	N	N	N	N	N	3.8742	2.1612	3.7652	3.8181	0.0023	0.0028	0.0000	0.0152	0.0155	0.0000	0.0000	0.0000	0.0000	0.0006	0.0013	0.0000	0.0040	0.0041	0.0000	0.0000	0.0000	0.0000	0.0000	0.0000	-0.0003	-0.0002	1.0478	4.6608	5.1610	6.0004	0.0005	0.0005	0.0000	0.0005	0.0005	0.0000	0.0000	0.0000	0.0000	0.0002	0.0002	0.0000	0.0002	0.0002	0.0000	0.0000	0.0000	0.0000	0.2019	0.1705	0.0313	0.0308	0.0303	0.0006	0.1710	0.1403	0.0308	0.3061	0.1443	0.1619	0.0454	0.0452	0.0002	0.2607	0.0991	0.1617	3.8742	2.1612	0.0000	3.7652	3.8181	0.0000	0.0000	0.0000	0.0000	0.0006	0.0013	0.0000	0.0040	0.0041	0.0000	0.0000	0.0000	0.0000					
6	69	0.0955	3	1	2	0	0	0	0	0	0	N	Y	N	N	N	N	N	N	N	N	N	N	0.3166	0.5157	0.0256	0.6448	0.6433	16.2884	0.0060	0.0000	0.0178	0.1110	0.1320	0.0139	0.3527	0.3558	0.1609	0.0024	0.0000	0.0097	0.3505	0.2560	0.5440	0.5470	0.5531	0.0099	0.4046	0.0000	0.5445	0.0229	3.8277	-0.0138	-0.0044	1.0478	3.0720	5.1610	3.7333	0.0242	0.0237	0.0005	0.0239	0.0237	0.0002	0.0004	0.0000	0.0004	0.1305	0.0270	0.1035	0.0270	0.0270	0.0000	0.1035	0.0000	0.1035	0.2182	0.1793	0.0389	0.0676	0.0665	0.0011	0.1506	0.1128	0.0378	0.3724	0.1822	0.1902	0.1166	0.1164	0.0002	0.2557	0.0657	0.1900	0.3166	0.8897	0.0256	1.5215	1.5328	16.2884	0.0060	0.0000	0.0178	0.3505	0.1484	0.5440	0.2318	0.2321	0.0099	0.4046	0.0000	0.5445
6	70	0.0696	2	1	2	0	0	0	0	0	0	N	Y	N	N	N	N	N	N	N	N	N	N	0.3484	0.6914	0.0409	0.8819	0.8854	969.1544	0.0102	0.0004	0.0316	0.1713	0.1976	0.0302	0.8208	0.8244	0.5032	0.0047	0.0002	0.0234	0.4917	0.2858	0.7388	0.9307	0.9310	0.0005	0.4635	0.5473	0.7398	0.0285	3.8501	-0.0087	-0.0027	1.0478	1.5925	5.1610	3.3727	0.0154	0.0150	0.0004	0.0151	0.0150	0.0001	0.0003	0.0000	0.0003	0.0819	0.0169	0.0650	0.0166	0.0166	0.0000	0.0654	0.0003	0.0650	0.0900	0.0759	0.0141	0.0184	0.0182	0.0002	0.0716	0.0577	0.0139	0.1666	0.0786	0.0880	0.0256	0.0255	0.0001	0.1410	0.0531	0.0879	0.3484	0.9192	0.0409	1.2675	1.2674	969.1544	0.0102	0.0323	0.0316	0.4917	0.2149	0.7388	0.6476	0.6504	0.0005	0.4635	0.0062	0.7398
6	71	0.0696	2	1	2	0	0	0	0	0	0	N	Y	N	N	N	N	N	N	N	N	N	N	1.8275	1.0160	2.2717	2.3071	1.8377	0.8564	4.2791	5.0545	0.0000	0.0137	0.0140	0.0000	5.0128	6.0871	0.0000	2.3415	4.9750	0.0000	0.0060	0.0061	0.0000	2.7278	7.1079	0.0000	0.0000	0.0000	-0.5926	-0.8225	1.0478	5.6608	5.1610	12.0004	0.9986	0.9986	0.0000	0.0005	0.0005	0.0000	0.9981	0.9981	0.0000	0.9950	0.9950	0.0000	0.0004	0.0004	0.0000	0.9947	0.9947	0.0000	0.2334	0.1976	0.0358	0.0343	0.0336	0.0007	0.1991	0.1640	0.0351	0.4250	0.2000	0.2249	0.0603	0.0601	0.0002	0.3646	0.1399	0.2247	1.8275	1.0160	0.0000	2.2717	2.3071	0.0000	1.8377	0.8564	0.0000	2.3415	4.9750	0.0000	0.0060	0.0061	0.0000	2.7278	7.1079	0.0000			
6	73	0.0696	2	2	2	0	1	0	0	0	0	Y	Y	N	N	N	N	N	N	N	N	N	N	8.8925	2.5085	inf	7.7726	7.8648	inf	inf	0.2475	0.2918	0.0098	1.4922	1.5161	0.0000	0.0018	0.0000	0.0100	0.0278	0.1163	0.0000	0.1920	0.1928	0.0000	0.0000	0.0000	0.0000	0.0062	0.0000	-0.0228	-0.0086	1.0478	3.3392	5.1610	11.0004	0.0388	0.0385	0.0002	0.0385	0.0385	0.0000	0.0002	0.0000	0.0002	0.0104	0.0104	0.0000	0.0104	0.0104	0.0000	0.0000	0.0000	0.0000	0.1567	0.1321	0.0246	0.0258	0.0254	0.0004	0.1309	0.1067	0.0242	0.3745	0.1764	0.1981	0.0543	0.0541	0.0002	0.3202	0.1223	0.1979	8.8925	4.9376	inf	7.7726	7.8648	0.0000	inf	0.0000	inf	0.0278	0.0591	0.0000	0.1920	0.1928	0.0000	0.0000	0.0000	0.0000		
6	74	0.0696	2	1	2	0	1	0	0	0	0	N	Y	N	N	N	N	N	N	N	N	N	N	4.8158	1.2186	inf	2.0009	2.1275	inf	inf	inf	0.1554	0.1822	0.0062	1.0650	1.0868	0.0000	0.0028	0.0020	0.0064	0.0323	0.1495	0.0000	0.5322	0.5108	0.0000	0.0000	0.0000	0.0000	0.0061	0.0000	-0.0231	-0.0085	1.0478	6.3392	5.1610	5.0004	0.0394	0.0392	0.0002	0.0388	0.0388	0.0000	0.0006	0.0004	0.0002	0.0103	0.0103	0.0000	0.0103	0.0103	0.0000	0.0000	0.0000	0.0000	0.2536	0.2150	0.0386	0.0364	0.0357	0.0007	0.2171	0.1793	0.0379	0.3199	0.1507	0.1691	0.0472	0.0471	0.0002	0.2726	0.1037	0.1689	4.8158	2.6602	inf	4.8741	4.9531	0.0000	inf	inf	inf	0.0323	0.0685	0.0000	0.2185	0.2194	0.0000	0.0000	0.0000	0.0000	
6	75	0.1399	3	1	2	0	0	0	0	0	0	N	Y	N	N	N	N	N	N	N	N	N	N	0.0009	0.4638	0.0000	0.6088	0.7052	0.0000	0.0000	0.0002	0.0008	0.0008	0.0001	0.0013	0.0015	0.0000	0.0000	0.0000	0.0004	0.8770	0.0018	1.8145	0.0021	0.0021	0.0000	1.6071	0.0024	1.8234	0.0079	929.1248	-0.0000	0.0215	1.0478	0.0009	5.1610	1.7419	0.0000	0.0000	0.0000	0.0000	0.0000	0.0000	0.0000	0.0000	0.0000	0.1250	0.0001	0.1249	0.0001	0.0001	0.0000	0.1249	0.0000	0.1249	0.0051	0.0046	0.0005	0.0031	0.0026	0.0004	0.0020	0.0019	0.0001	0.1426	0.0737	0.0688	0.0648	0.0645	0.0003	0.0777	0.0092	0.0685	0.0009	0.4638	0.0000	0.6088	0.7052	0.0000	0.0000	0.0000	0.0002	0.8770	0.0018	1.8145	0.0021	0.0021	0.0000	1.6071	0.0000	1.8234	
6	76	0.0696	2	1	2	0	0	0	0	0	0	N	Y	N	N	N	N	N	N	N	N	N	N	1.0044	1.2846	0.0255	2.1326	2.2187	0.0073	0.0260	0.1650	0.1935	0.0064	1.1350	1.1580	0.0000	0.0011	0.0000	0.0065	0.1643	0.1507	0.2495	0.5322	0.5219	0.0000	0.1548	0.0000	0.2498	0.0059	4.0837	-0.0241	-0.0012	1.0478	6.1537	5.1610	5.2905	0.0409	0.0407	0.0002	0.0407	0.0407	0.0000	0.0002	0.0000	0.0002	0.0529	0.0104	0.0425	0.0104	0.0104	0.0000	0.0425	0.0000	0.0425	0.2481	0.2103	0.0378	0.0359	0.0351	0.0007	0.2123	0.1751	0.0371	0.3219	0.1517	0.1702	0.0475	0.0473	0.0002	0.2744	0.1044	0.1700	1.0044	2.8222	0.0255	5.1855	5.2685	0.0000	0.0073	0.0000	0.0260	0.1643	0.0686	0.2495	0.2189	0.2198	0.0000	0.1548	0.0000	0.2498		
6	77	0.0696	2	1	1	1	1	0	0	0	0	N	N	N	N	N	N	N	N	N	N	N	N	5.7120	1.4511	inf	2.7508	2.9691	inf	inf	0.1735	0.2039	0.0070	1.1618	1.1841	0.0000	0.0013	0.0000	0.0071	0.0304	0.1405	0.0000	0.4223	0.3988	0.0000	0.0000	0.0000	0.0000	0.0062	0.0000	-0.0228	-0.0085	1.0478	5.3392	5.1610	7.0004	0.0388	0.0385	0.0002	0.0385	0.0385	0.0000	0.0002	0.0000	0.0002	0.0103	0.0103	0.0000	0.0103	0.0103	0.0000	0.0000	0.0000	0.0000	0.2235	0.1891	0.0344	0.0332	0.0325	0.0006	0.1903	0.1565	0.0338	0.3391	0.1598	0.1794	0.0498	0.0496	0.0002	0.2894	0.1102	0.1792	5.7120	3.1612	inf	5.6138	5.6982	0.0000	inf	0.0000	inf	0.0304	0.0645	0.0000	0.2069	0.2078	0.0000	0.0000	0.0000	0.0000		
6	78	0.0696	2	1	1	1	1	0	0	0	0	N	N	N	N	N	N	N	N	N	N	N	N	0.0504	1.5949	0.0011	5.5855	5.6765	0.0003	0.0011	0.1529	0.1793	0.0062	1.0575	1.0792	0.0000	0.0011	0.0000	0.0064	3.0349	0.1124	5.6849	0.1893	0.1901	0.0000	3.5175	0.0000	5.6912	0.0062	109.5629	-0.0228	0.1868	1.0478	6.3392	5.1610	7.9996	0.0388	0.0385	0.0002	0.0385	0.0385	0.0000	0.0002	0.0000	0.0002	1.1366	0.0103	1.1263	0.0103	0.0103	0.0000	1.1263	0.0000	1.1263	0.2536	0.2150	0.0386	0.0364	0.0357	0.0007	0.2171	0.1793	0.0379	0.3745	0.1764	0.1981	0.0543	0.0541	0.0002	0.3202	0.1223	0.1979	0.0504	3.0759	0.0011	5.5855	5.6765	0.0000	0.0003	0.0000	0.0011	3.0349	0.0583	5.6849	0.1893	0.1901	0.0000	3.5175	0.0000	5.6912		
6	79	0.0696	2	1	2	0	0	0	0	0	0	N	Y	N	N	N	N	N	N	N	N	N	N	210.5812	116.9642	inf	147.4728	148.3048	inf	inf	0.4874	0.5741	0.0194	2.2419	2.2643	0.0000	0.0039	0.0000	0.0196	0.0023	0.0049	0.0000	0.0152	0.0153	0.0000	0.0000	0.0000	0.0000	0.0062	0.0000	-0.0228	-0.0004	1.0478	1.3392	5.1610	5.0004	0.0388	0.0385	0.0002	0.0385	0.0385	0.0000	0.0002	0.0000	0.0002	0.0005	0.0005	0.0000	0.0005	0.0005	0.0000	0.0000	0.0000	0.0000	0.0796	0.0671	0.0124	0.0172	0.0170	0.0002	0.0624	0.0501	0.0123	0.2046	0.0965	0.1081	0.0312	0.0310	0.0001	0.1735	0.0655	0.1080	210.5812	116.9642	inf	147.4728	148.3048	0.0000	inf	0.0000	inf	0.0023	0.0049	0.0000	0.0152	0.0153	0.0000	0.0000	0.0000	0.0000		
6	80	0.0696	2	2	2	0	0	0	0	0	0	Y	Y	N	N	N	N	N	N	N	N	N	N	0.3426	0.8194	0.1907	1.5019	1.5034	inf	0.0527	0.1926	0.1457	0.1469	0.1389	0.9124	0.9314	0.0647	0.0237	0.0000	0.1404	0.4253	0.1793	0.7280	0.6075	0.6195	0.0000	0.4488	0.0000	0.7288	0.1648	9.6597	-0.0203	0.0147	1.0478	8.3392	5.1610	9.9996	0.0449	0.0385	0.0064	0.0386	0.0385	0.0001	0.0063	0.0000	0.0063	0.1846	0.0173	0.1673	0.0173	0.0173	0.0000	0.1673	0.0000	0.1673	0.3081	0.2623	0.0457	0.0423	0.0414	0.0009	0.2658	0.2210	0.0448	0.4341	0.2043	0.2298	0.0613	0.0611	0.0002	0.3728	0.1432	0.2296	0.3426	1.7328	0.1907	3.2313	3.2855	inf	0.0527	0.0000	0.1926	0.4253	0.0848	0.7280	0.2824	0.2835	0.0000	0.4488	0.0000	0.7288	
7	9	0.1762	2	1	1	1	1	0	0	0	0	N	N	N	N	N	N	N	N	N	N	N	N	0.1854	19.9758	0.0000	31.0669	27.8233	0.0000	0.0000	0.0000	0.0237	0.0282	0.0000	0.0788	0.0818	0.0000	0.0000	0.0000	0.0000	0.1276	0.0014	0.2683	0.0025	0.0029	0.0013	0.1909	0.0000	0.3247	0.0000	170.2560	-0.0000	0.0020	4.3392	0.0046	10.9996	1.9974	0.0000	0.0000	0.0000	0.0000	0.0000	0.0000	0.0000	0.0000	0.0000	0.0120	0.0001	0.0119	0.0001	0.0001	0.0000	0.0119	0.0000	0.0119	0.0009	0.0007	0.0001	0.0003	0.0002	0.0000	0.0006	0.0005	0.0001	0.0939	0.0495	0.0444	0.0316	0.0238	0.0078	0.0624	0.0257	0.0367	0.1854	19.9758	0.0000	31.0669	27.8233	0.0000	0.0000	0.0000	0.0000	0.1276	0.0014	0.2683	0.0025	0.0029	0.0013	0.1909	0.0000	0.3247	
7	11	0.1371	2	2	2	0	1	0	0	0	0	Y	Y	N	N	N	N	N	N	N	N	N	N	1.0158	2.2094	1.5804	2.2994	2.3181	0.9449	1.5774	2.6043	0.6447	8.1747	1.7474	1.7548	0.0000	2.9260	0.0000	8.2110	2.5637	0.2918	5.1727	0.7599	0.7570	0.0000	3.0966	0.0000	5.2055	4.4607	20.7954	0.2735	0.1194	4.3392	1.6609	10.9996	2.6354	1.2242	0.2242	1.0000	0.2242	0.2242	0.0000	1.0000	0.0000	1.0000	0.9366	0.0430	0.8936	0.0430	0.0430	0.0000	0.8936	0.0000	0.8936	0.4701	0.3477	0.1223	0.1283	0.1278	0.0005	0.3418	0.2200	0.1218	0.3653	0.1926	0.1728	0.0767	0.0757	0.0011	0.2886	0.1169	0.1717	1.0158	2.8891	1.5804	3.1206	3.0893	0.0000	0.9449	0.0000	1.5774	2.5637	0.2232	5.1727	0.5600	0.5680	0.0000	3.0966	0.0000	5.2055		
7	16	0.1328	2	1	2	0	1	0	0	0	0	N	Y	N	N	N	N	N	N	N	N	N	N	2.2958	68.4623	0.0216	17.4276	17.0419	1.8903	inf	0.0226	0.6467	0.8444	0.0107	0.7243	0.7545	0.0000	0.6016	0.9217	0.0114	0.2817	0.0123	0.4979	0.0416	0.0443	0.0000	0.3182	0.0000	0.5053	0.0040	50.2799	-0.1976	0.0132	4.3392	1.9870	10.9996	4.1092	0.3352	0.3339	0.0013	0.1380	0.1380	0.0000	0.1973	0.1960	0.0013	0.0856	0.0017	0.0839	0.0017	0.0017	0.0000	0.0839	0.0000	0.0839	0.5184	0.3955	0.1230	0.1905	0.1829	0.0076	0.3279	0.2126	0.1153	0.3039	0.1354	0.1686	0.0402	0.0377	0.0025	0.2638	0.0976	0.1661	2.2958	68.4623	0.0216	17.4276	17.0419	0.0000	1.8903	inf	0.0226	0.2817	0.0123	0.4979	0.0416	0.0443	0.0000	0.3182	0.0000	0.5053	
7	18	0.1484	2	2	2	0	1	0	0	0	0	Y	Y	N	N	N	N	N	N	N	N	N	N	0.0080	0.0000	0.0426	0.0000	0.0000	0.0108	0.0000	0.0542	0.0055	0.0000	0.0466	0.0000	0.0000	0.0000	0.0092	0.0000	0.0594	0.6840	0.3320	1.0951	0.0122	0.0122	0.0000	0.8492	2.1648	1.0967	inf	4.2016	0.0003	-0.0028	4.3392	1.0070	10.9996	4.1063	0.0008	0.0000	0.0008	0.0000	0.0000	0.0000	0.0008	0.0000	0.0008	0.1508	0.0290	0.1218	0.0005	0.0005	0.0000	0.1503	0.0285	0.1218	0.1520	0.1341	0.0179	0.0609	0.0571	0.0039	0.0910	0.0770	0.0141	0.2205	0.1093	0.1113	0.0435	0.0434	0.0002	0.1770	0.0659	0.1111	0.0080	0.0000	0.0426	0.0000	0.0000	0.0000	0.0108	0.0000	0.0542	0.6840	0.2654	1.0951	0.0122	0.0122	0.0000	0.8492	0.4320	1.0967	
7	21	0.1421	2	2	1	1	1	0	0	0	0	Y	N	N	N	N	N	N	N	N	N	N	N	0.0173	0.2824	0.0000	0.4139	0.4169	0.0000	0.0000	0.0031	0.0036	0.0000	0.0513	0.0525	0.0000	0.0000	0.0000	0.0000	0.1779	0.0129	0.3002	0.1240	0.1258	0.0000	0.1804	0.0000	0.3005	0.0000	31.3724	-0.0003	0.0059	4.3392	1.0018	10.9996	3.0659	0.0005	0.0005	0.0000	0.0005	0.0005	0.0000	0.0000	0.0000	0.0000	0.0411	0.0013	0.0398	0.0013	0.0013	0.0000	0.0398	0.0000	0.0398	0.1500	0.1265	0.0235	0.0090	0.0088	0.0002	0.1410	0.1177	0.0233	0.2310	0.0983	0.1327	0.0102	0.0101	0.0002	0.2208	0.0882	0.1325	0.0173	0.2824	0.0000	0.4139	0.4169	0.0000	0.0000	0.0000	0.0000	0.1779	0.0129	0.3002	0.1240	0.1258	0.0000	0.1804	0.0000	0.3005		
7	26	0.1282	2	2	2	0	1	0	0	0	0	Y	Y	N	N	N	N	N	N	N	N	N	N	0.0000	0.0000	0.0000	0.0000	0.0000	0.0000	0.0000	0.0000	0.0000	0.0000	0.0000	0.0000	0.0000	0.0000	0.0001	0.0000	0.0001	0.0001	0.0000	0.0000	0.0000	0.0000	0.0000	0.0000	-0.0000	4.3392	0.0026	10.9996	0.9906	0.0000	0.0000	0.0000	0.0000	0.0000	0.0000	0.0000	0.0000	0.0000	0.0000	0.0000	0.0000	0.0000	0.0000	0.0000	0.0000	0.0000	0.0000	0.4025	0.2992	0.1033	0.2023	0.2021	0.0002	0.2002	0.0970	0.1031	0.2930	0.1527	0.1403	0.1223	0.1223	0.0001	0.1706	0.0304	0.1402	0.0000	0.0000	0.0000	0.0000	0.0000	0.0000	0.0000	0.0000	0.0000	0.0000	0.0001	0.0000	0.0001	0.0001	0.0000	0.0000	0.0000	0.0000						
7	31	0.1726	2	2	2	0	1	0	0	0	0	Y	Y	N	N	N	N	N	N	N	N	N	N	0.0069	0.0000	0.5282	0.0000	0.0000	0.0000	0.1099	0.6597	0.0132	0.0000	0.1454	0.0000	0.0000	0.0000	0.0225	0.0000	0.1817	1.9227	3.4808	0.2752	5.0495	5.1332	0.2583	0.2048	0.0000	0.2754	inf	0.0748	0.0002	-0.2405	4.3392	0.1965	10.9996	2.3074	0.0005	0.0000	0.0005	0.0000	0.0000	0.0000	0.0005	0.0000	0.0005	0.3177	0.2956	0.0221	0.2958	0.2956	0.0003	0.0218	0.0000	0.0218	0.0411	0.0373	0.0037	0.0169	0.0162	0.0007	0.0242	0.0212	0.0030	0.1652	0.0849	0.0803	0.0586	0.0576	0.0010	0.1066	0.0273	0.0793	0.0069	0.0000	0.5282	0.0000	0.0000	0.0000	0.1099	0.0000	0.6597	1.9227	3.4808	0.2752	5.0495	5.1332	0.2583	0.2048	0.0000	0.2754	
7	34	0.1835	2	1	1	1	1	0	0	0	0	N	N	N	N	N	N	N	N	N	N	N	N	0.0003	0.0008	0.0000	0.0010	0.0011	0.0000	0.0000	0.0000	0.0015	0.0017	0.0000	0.0039	0.0042	0.0000	0.0000	0.0000	0.0000	4.2740	2.1614	6.3987	3.8051	3.9158	0.0185	4.4608	0.0000	6.5039	0.0000	2.9435	-0.0005	-0.1833	4.3392	3.8106	10.9996	5.1657	0.0009	0.0009	0.0000	0.0009	0.0009	0.0000	0.0000	0.0000	0.0000	2.2856	0.5796	1.7060	0.5797	0.5796	0.0001	1.7060	0.0000	1.7060	0.5916	0.5122	0.0794	0.2206	0.2090	0.0116	0.3710	0.3032	0.0678	0.5348	0.2681	0.2666	0.1523	0.1480	0.0043	0.3824	0.1201	0.2623	0.0003	0.0008	0.0000	0.0010	0.0011	0.0000	0.0000	0.0000	0.0000	4.2740	2.1614	6.3987	3.8051	3.9158	0.0185	4.4608	0.0000	6.5039	
7	37	0.1649	3	2	1	1	1	0	0	0	0	Y	N	N	N	N	N	N	N	N	N	N	N	0.0995	0.0000	0.2267	0.0000	0.0000	0.1119	0.2251	0.2052	0.0000	0.8577	0.0000	0.0000	0.0000	0.2692	0.0000	0.8626	2.0622	0.0205	3.7831	0.0638	0.0670	0.0000	2.4060	0.0000	3.8321	inf	219.2035	0.0467	0.1487	4.3392	2.3426	10.9996	5.0131	0.1150	0.0000	0.1150	0.0000	0.0000	0.0000	0.1150	0.0000	0.1150	0.8808	0.0040	0.8768	0.0040	0.0040	0.0000	0.8768	0.0000	0.8768	0.5603	0.4262	0.1341	0.1332	0.1324	0.0008	0.4271	0.2938	0.1333	0.4271	0.1954	0.2318	0.0627	0.0597	0.0030	0.3644	0.1356	0.2288	0.0995	0.0000	0.2267	0.0000	0.0000	0.0000	0.1119	0.0000	0.2251	2.0622	0.0205	3.7831	0.0638	0.0670	0.0000	2.4060	0.0000	3.8321		
7	38	0.1371	2	2	1	1	1	0	0	0	0	Y	N	N	N	N	N	N	N	N	N	N	N	0.3938	0.2448	0.8825	0.3035	0.3003	0.4521	0.0000	0.8818	0.2649	0.1734	0.5597	0.5699	0.5733	0.0000	0.1726	0.0000	0.5630	0.6726	0.7086	0.6342	1.8777	1.9088	0.0000	0.3817	0.1764	0.6384	1.0008	0.8365	-0.0142	-0.0983	4.3392	2.4564	10.9996	2.5086	0.1520	0.0760	0.0760	0.0760	0.0760	0.0000	0.0760	0.0000	0.0760	0.2648	0.1442	0.1206	0.1438	0.1438	0.0000	0.1211	0.0004	0.1206	0.5740	0.4381	0.1359	0.1333	0.1325	0.0008	0.4406	0.3055	0.1351	0.3937	0.2035	0.1902	0.0766	0.0753	0.0012	0.3172	0.1282	0.1890	0.3938	0.2448	0.8825	0.3035	0.3003	0.0000	0.4521	0.0000	0.8818	0.6726	0.7086	0.6342	1.8777	1.9088	0.0000	0.3817	0.0034	0.6384	
7	41	0.1348	2	2	1	1	1	0	0	0	0	Y	N	N	N	N	N	N	N	N	N	N	N	1.0810	0.0000	3.8319	0.0000	0.0000	1.0806	3.9033	2.9460	0.0000	19.6335	0.0000	0.0000	0.0000	3.3940	0.0000	20.0216	2.7253	0.0035	5.1237	0.0124	0.0125	0.0000	3.1409	0.0000	5.1294	inf	1653.5234	0.3909	0.2001	4.3392	1.9694	10.9996	5.1440	0.9617	0.0000	0.9617	0.0000	0.0000	0.0000	0.9617	0.0000	0.9617	1.1582	0.0007	1.1575	0.0007	0.0007	0.0000	1.1575	0.0000	1.1575	0.3264	0.2774	0.0490	0.0431	0.0421	0.0009	0.2833	0.2353	0.0480	0.4250	0.1991	0.2259	0.0565	0.0562	0.0003	0.3685	0.1429	0.2257	1.0810	0.0000	3.8319	0.0000	0.0000	0.0000	1.0806	0.0000	3.9033	2.7253	0.0035	5.1237	0.0124	0.0125	0.0000	3.1409	0.0000	5.1294		
7	45	0.1371	2	2	2	1	1	0	0	0	0	Y	Y	N	N	N	N	N	N	N	N	N	N	0.0701	0.0000	0.1204	0.0000	0.0000	0.0839	0.1170	0.2698	0.0000	0.9871	0.0000	0.0000	0.0000	0.3832	0.0000	0.9908	3.8468	0.0001	8.1953	0.0003	0.0003	0.0000	4.5688	0.0000	8.4699	inf	92510.4453	0.0468	0.3207	4.3392	1.3391	10.9996	5.8433	0.1150	0.0000	0.1150	0.0000	0.0000	0.0000	0.1150	0.0000	0.1150	1.8502	0.0000	1.8502	0.0000	0.0000	0.0000	1.8502	0.0000	1.8502	0.4264	0.3099	0.1165	0.1262	0.1258	0.0004	0.3002	0.1841	0.1161	0.4810	0.2373	0.2437	0.0760	0.0743	0.0017	0.4050	0.1630	0.2420	0.0701	0.0000	0.1300	0.0000	0.0000	0.0000	0.0839	0.0000	0.1296	3.8468	0.0001	7.5918	0.0003	0.0003	0.0000	4.5688	0.0000	7.6466		
7	47	0.1421	2	2	2	1	1	0	0	0	0	Y	Y	N	N	N	N	N	N	N	N	N	N	13.3905	0.0590	52.1911	0.0882	0.0889	14.0312	52.6001	2.3862	0.0008	15.6917	0.0109	0.0112	0.0000	2.5357	0.0000	15.8328	0.1782	0.0129	0.3007	0.1240	0.1259	0.0000	0.1807	0.0000	0.3010	3684.2241	31.3724	0.4063	0.0059	4.3392	3.0001	10.9996	1.0598	1.0001	0.0003	0.9998	0.0003	0.0003	0.0000	0.9998	0.0000	0.9998	0.0411	0.0013	0.0398	0.0013	0.0013	0.0000	0.0398	0.0000	0.0398	0.4191	0.3554	0.0637	0.0248	0.0242	0.0006	0.3943	0.3312	0.0631	0.2306	0.0982	0.1325	0.0102	0.0101	0.0002	0.2204	0.0881	0.1323	13.3905	0.0590	52.1911	0.0882	0.0889	0.0000	14.0312	0.0000	52.6001	0.1782	0.0129	0.3007	0.1240	0.1259	0.0000	0.1807	0.0000	0.3010		
7	51	0.1328	2	1	2	1	1	0	0	0	0	N	Y	N	N	N	N	N	N	N	N	N	N	0.7278	21.5878	0.0165	15.4381	15.2609	0.0089	0.0174	0.2535	0.3238	0.0103	0.7126	0.7436	0.0000	0.0036	0.0000	0.0110	0.3483	0.0150	0.6240	0.0462	0.0487	0.0000	0.4004	0.0000	0.6330	0.0092	50.2799	-0.0845	0.0132	4.3392	2.4249	10.9996	2.1457	0.1446	0.1433	0.0013	0.1433	0.1433	0.0000	0.0013	0.0000	0.0013	0.0856	0.0017	0.0839	0.0017	0.0017	0.0000	0.0839	0.0000	0.0839	0.5704	0.4424	0.1280	0.2010	0.1927	0.0084	0.3694	0.2498	0.1196	0.2458	0.1113	0.1345	0.0362	0.0343	0.0019	0.2096	0.0770	0.1326	0.7278	21.5878	0.0165	15.4381	15.2609	0.0000	0.0089	0.0000	0.0174	0.3483	0.0150	0.6240	0.0462	0.0487	0.0000	0.4004	0.0000	0.6330		
7	54	0.1484	2	2	2	0	1	0	0	0	0	Y	Y	N	N	N	N	N	N	N	N	N	N	0.0037	0.0000	0.0196	0.0000	0.0000	0.0048	0.0000	0.0248	0.0029	0.0000	0.0244	0.0000	0.0000	0.0000	0.0047	0.0000	0.0310	0.7766	0.3786	1.2483	0.0128	0.0128	0.0000	0.9844	2.3957	1.2501	inf	4.2016	0.0003	-0.0028	4.3392	2.0079	10.9996	2.2027	0.0008	0.0000	0.0008	0.0000	0.0000	0.0000	0.0008	0.0000	0.0008	0.1508	0.0290	0.1218	0.0005	0.0005	0.0000	0.1503	0.0285	0.1218	0.2904	0.2562	0.0342	0.1145	0.1073	0.0072	0.1759	0.1490	0.0269	0.1942	0.0966	0.0976	0.0416	0.0414	0.0001	0.1527	0.0552	0.0975	0.0037	0.0000	0.0196	0.0000	0.0000	0.0000	0.0048	0.0000	0.0248	0.7766	0.3001	1.2483	0.0128	0.0128	0.0000	0.9844	0.5155	1.2501	
7	63	0.1762	2	1	1	1	1	0	0	0	0	N	N	N	N	N	N	N	N	N	N	N	N	0.0006	0.0666	0.0000	0.1337	0.1244	0.0000	0.0000	0.0000	0.0001	0.0002	0.0000	0.0006	0.0006	0.0000	0.0000	0.0000	0.0000	0.2298	0.0025	0.4865	0.0044	0.0050	0.0024	0.3496	0.0000	0.5858	0.0000	170.2560	-0.0000	0.0020	4.3392	0.9961	10.9996	0.0337	0.0000	0.0000	0.0000	0.0000	0.0000	0.0000	0.0000	0.0000	0.0000	0.0120	0.0001	0.0119	0.0001	0.0001	0.0000	0.0119	0.0000	0.0119	0.1428	0.1208	0.0220	0.0345	0.0326	0.0019	0.1083	0.0883	0.0201	0.0522	0.0277	0.0245	0.0181	0.0139	0.0042	0.0341	0.0137	0.0203	0.0006	0.0666	0.0000	0.1337	0.1244	0.0000	0.0000	0.0000	0.0000	0.2298	0.0025	0.4865	0.0044	0.0050	0.0024	0.3496	0.0000	0.5858	
7	69	0.1282	2	1	2	0	1	0	0	0	0	N	Y	N	N	N	N	N	N	N	N	N	N	0.3717	0.0085	1.0398	0.0196	0.0108	inf	0.4167	1.0612	0.9014	0.0005	4.7664	0.0023	0.0013	0.0762	1.2721	0.0000	4.8694	2.4250	0.0531	4.5841	0.1184	0.1186	0.0000	3.0524	0.0000	4.5884	2447.0581	94.8167	0.2784	0.2003	4.3392	3.0720	10.9996	3.7333	0.6855	0.0003	0.6852	0.0005	0.0003	0.0002	0.6849	0.0000	0.6849	1.2293	0.0128	1.2165	0.0128	0.0128	0.0000	1.2165	0.0000	1.2165	0.7604	0.6167	0.1438	0.2220	0.2189	0.0031	0.5385	0.3978	0.1407	0.5069	0.2416	0.2654	0.1084	0.1082	0.0003	0.3985	0.1334	0.2651	0.3717	0.0085	1.0398	0.0196	0.0108	inf	0.4167	0.0000	1.0612	2.4250	0.0531	4.5841	0.1184	0.1186	0.0000	3.0524	0.0000	4.5884	
7	75	0.1726	2	1	2	0	1	0	0	0	0	N	Y	N	N	N	N	N	N	N	N	N	N	0.0033	0.0000	0.0238	0.0000	0.0000	0.0000	0.0043	0.0332	0.0396	0.0000	1.2221	0.0000	0.0000	0.0000	0.0833	0.0000	1.7194	11.9602	0.0001	51.4184	0.0183	0.0002	1.4009	19.3723	0.0000	51.8288	inf	172679.1681	0.0002	0.2994	4.3392	0.0009	10.9996	1.7419	0.0005	0.0000	0.0005	0.0000	0.0000	0.0000	0.0005	0.0000	0.0005	1.7268	0.0000	1.7268	0.0010	0.0000	0.0010	1.7258	0.0000	1.7258	0.0137	0.0133	0.0004	0.0072	0.0071	0.0001	0.0065	0.0062	0.0003	0.1444	0.0755	0.0689	0.0553	0.0546	0.0007	0.0891	0.0209	0.0682	0.0033	0.0000	0.0487	0.0000	0.0000	0.0000	0.0043	0.0000	0.0679	11.9602	0.0001	25.0728	0.0183	0.0002	1.4009	19.3723	0.0000	25.3207	
8	9	0.1655	2	1	0	2	0	0	0	0	0	N	N	Y	N	N	N	N	N	N	N	N	N	2.4483	246.3754	0.0000	11.8884	46.5581	0.0000	2.0713	inf	0.0000	0.1748	0.2086	0.0000	0.0788	0.0818	0.0000	0.2161	0.2754	0.0000	0.0714	0.0008	0.1501	0.0066	0.0018	0.0215	0.1043	0.0000	0.1774	0.0000	158.9480	-0.0001	0.0011	4.3392	0.0046	9.9996	1.9974	0.0002	0.0002	0.0000	0.0000	0.0000	0.0000	0.0001	0.0001	0.0000	0.0064	0.0000	0.0064	0.0002	0.0000	0.0002	0.0062	0.0000	0.0062	0.0009	0.0007	0.0001	0.0003	0.0002	0.0000	0.0006	0.0005	0.0001	0.0896	0.0472	0.0424	0.0302	0.0228	0.0074	0.0594	0.0245	0.0349	2.4483	246.3754	0.0000	11.8884	46.5581	0.0000	2.0713	inf	0.0000	0.0714	0.0008	0.1501	0.0066	0.0018	0.0215	0.1043	0.0000	0.1774
8	11	0.1264	2	2	1	1	0	0	0	0	0	Y	N	N	N	N	N	N	N	N	N	N	N	0.1821	0.1294	0.1396	0.1382	0.4769	0.6447	0.0000	1.7474	1.7548	0.0000	0.0000	0.0000	0.0000	2.6191	4.9821	0.0000	12.5144	12.6933	0.0000	0.0000	0.0000	0.0000	0.0000	0.0000	-0.1330	-0.7560	4.3392	1.6609	9.9996	2.6354	0.2242	0.2242	0.0000	0.2242	0.2242	0.0000	0.0000	0.0000	0.0000	0.9146	0.9146	0.0000	0.9146	0.9146	0.0000	0.0000	0.0000	0.0000	0.4701	0.3477	0.1223	0.1283	0.1278	0.0005	0.3418	0.2200	0.1218	0.3492	0.1836	0.1656	0.0731	0.0721	0.0010	0.2761	0.1115	0.1646	0.1821	0.1294	0.0000	0.1396	0.1382	0.0000	0.0000	0.0000	0.0000	2.6191	4.9821	0.0000	12.5144	12.6933	0.0000	0.0000	0.0000	0.0000					
8	16	0.1221	2	1	1	1	0	0	0	0	0	N	N	N	N	N	N	N	N	N	N	N	N	125.4783	73.1686	18.6011	18.2018	inf	inf	0.6441	0.8444	0.0000	0.7243	0.7545	0.0000	0.5975	0.9217	0.0000	0.0051	0.0115	0.0000	0.0389	0.0415	0.0000	0.0000	0.0000	0.0000	0.0000	0.0000	-0.1982	-0.0012	4.3392	1.9870	9.9996	4.1092	0.3339	0.3339	0.0000	0.1380	0.1380	0.0000	0.1960	0.1960	0.0000	0.0015	0.0015	0.0000	0.0015	0.0015	0.0000	0.0000	0.0000	0.0000	0.5184	0.3955	0.1230	0.1905	0.1829	0.0076	0.3279	0.2126	0.1153	0.2902	0.1291	0.1611	0.0383	0.0359	0.0023	0.2519	0.0931	0.1588	125.4783	73.1686	0.0000	18.6011	18.2018	0.0000	inf	inf	0.0000	0.0051	0.0115	0.0000	0.0389	0.0415	0.0000	0.0000	0.0000	0.0000			
8	18	0.1377	2	2	1	1	0	0	0	0	0	Y	N	N	N	N	N	N	N	N	N	N	N	0.1000	0.1310	0.2129	0.1011	0.1066	inf	0.0660	0.2688	0.0395	0.0251	0.1471	0.0556	0.0590	0.0052	0.0287	0.0000	0.1861	0.3953	0.1920	0.6910	0.5501	0.5539	0.0000	0.4353	0.0000	0.6920	0.7819	7.4529	-0.0009	0.0046	4.3392	1.0070	9.9996	4.1063	0.0060	0.0034	0.0026	0.0034	0.0034	0.0000	0.0026	0.0000	0.0026	0.0830	0.0098	0.0732	0.0098	0.0098	0.0000	0.0732	0.0000	0.0732	0.1520	0.1341	0.0179	0.0609	0.0571	0.0039	0.0910	0.0770	0.0141	0.2100	0.1041	0.1059	0.0419	0.0417	0.0002	0.1681	0.0624	0.1058	0.1000	0.2664	0.2129	0.2371	0.2507	inf	0.0660	0.0000	0.2688	0.3953	0.0943	0.6910	0.2346	0.2355	0.0000	0.4353	0.0000	0.6920	
8	21	0.1314	2	2	0	2	0	0	0	0	0	Y	N	Y	N	N	N	N	N	N	N	N	N	262.6726	0.1215	1370.3967	0.2894	0.1793	inf	379.0931	1380.2330	6.6639	0.0021	42.5894	0.0491	0.0309	0.8617	7.0857	0.0000	42.9432	0.0254	0.0177	0.0311	0.1696	0.1721	0.0000	0.0187	0.0000	0.0311	3682.4185	2.3801	0.4061	-0.0007	4.3392	1.0018	9.9996	3.0659	0.9996	0.0003	0.9993	0.0004	0.0003	0.0002	0.9991	0.0000	0.9991	0.0056	0.0017	0.0040	0.0017	0.0017	0.0000	0.0040	0.0000	0.0040	0.1500	0.1265	0.0235	0.0090	0.0088	0.0002	0.1410	0.1177	0.0233	0.2211	0.0940	0.1271	0.0098	0.0096	0.0001	0.2113	0.0844	0.1270	262.6726	0.1215	1370.3967	0.2894	0.1793	inf	379.0931	0.0000	1380.2330	0.0254	0.0177	0.0311	0.1696	0.1721	0.0000	0.0187	0.0000	0.0311	
8	26	0.1176	2	2	1	1	0	0	0	0	0	Y	N	N	N	N	N	N	N	N	N	N	N	0.0000	0.0000	0.0000	0.0000	0.0000	0.0000	0.0000	0.0000	0.0000	0.0000	0.0000	0.0000	0.0000	0.0000	0.0000	0.0000	0.0000	0.0000	0.0000	0.0000	4.3392	0.0026	9.9996	0.9906	0.0000	0.0000	0.0000	0.0000	0.0000	0.0000	0.0000	0.0000	0.0000	0.0000	0.0000	0.0000	0.0000	0.0000	0.0000	0.0000	0.0000	0.0000	0.4025	0.2992	0.1033	0.2023	0.2021	0.0002	0.2002	0.0970	0.1031	0.2808	0.1461	0.1347	0.1173	0.1173	0.0001	0.1635	0.0289	0.1346	0.0000	0.0000	0.0000	0.0000	0.0000	0.0000	0.0000	0.0000	0.0000	0.0000	0.0000	0.0000	0.0000	0.0000	0.0000	0.0000	0.0000	0.0000											
8	31	0.1620	2	2	1	1	0	0	0	0	0	Y	N	N	N	N	N	N	N	N	N	N	N	0.0002	0.0000	inf	0.0000	0.0000	inf	inf	0.0003	0.0000	0.0036	0.0000	0.0000	0.0000	0.0006	0.0000	0.0045	1.6051	3.1266	0.0000	4.5082	4.5859	0.0000	0.0000	0.0000	0.0000	inf	0.0000	0.0000	-0.2098	4.3392	0.1965	9.9996	2.3074	0.0000	0.0000	0.0000	0.0000	0.0000	0.0000	0.0000	0.0000	0.0000	0.2538	0.2538	0.0000	0.2538	0.2538	0.0000	0.0000	0.0000	0.0000	0.0411	0.0373	0.0037	0.0169	0.0162	0.0007	0.0242	0.0212	0.0030	0.1581	0.0812	0.0769	0.0563	0.0553	0.0010	0.1018	0.0258	0.0760	0.0002	0.0000	inf	0.0000	0.0000	0.0000	inf	0.0000	inf	1.6051	3.1266	0.0000	4.5082	4.5859	0.0000	0.0000	0.0000	0.0000		
8	34	0.1729	2	1	0	2	0	0	0	0	0	N	N	Y	N	N	N	N	N	N	N	N	N	0.0006	1.0835	0.0000	1.4307	1.4676	0.0000	0.0000	0.0011	0.0012	0.0000	0.0029	0.0030	0.0000	0.0000	0.0000	0.0000	1.7390	0.0011	3.4837	0.0020	0.0021	0.0000	2.4310	0.0000	3.5405	0.0000	3053.0947	-0.0004	0.1533	4.3392	3.8106	9.9996	5.1657	0.0006	0.0006	0.0000	0.0006	0.0006	0.0000	0.0000	0.0000	0.0000	0.8857	0.0003	0.8854	0.0003	0.0003	0.0000	0.8854	0.0000	0.8854	0.5916	0.5122	0.0794	0.2206	0.2090	0.0116	0.3710	0.3032	0.0678	0.5093	0.2552	0.2542	0.1451	0.1410	0.0041	0.3642	0.1141	0.2501	0.0006	1.0835	0.0000	1.4307	1.4676	0.0000	0.0000	0.0000	0.0000	1.7390	0.0011	3.4837	0.0020	0.0021	0.0000	2.4310	0.0000	3.5405		
8	37	0.1542	3	2	0	2	0	0	0	0	0	Y	N	Y	N	N	N	N	N	N	N	N	N	0.0892	0.4379	0.1967	0.4484	0.4299	0.0970	0.1953	0.2124	0.0095	0.8577	0.0303	0.0304	0.0000	0.2692	0.0000	0.8626	2.3799	0.0216	4.3616	0.0675	0.0708	0.0000	2.7756	0.0000	4.4172	28.5307	240.4154	0.0443	0.1646	4.3392	2.3426	9.9996	5.0131	0.1190	0.0040	0.1150	0.0040	0.0040	0.0000	0.1150	0.0000	0.1150	0.9729	0.0040	0.9689	0.0040	0.0040	0.0000	0.9689	0.0000	0.9689	0.5603	0.4262	0.1341	0.1332	0.1324	0.0008	0.4271	0.2938	0.1333	0.4088	0.1867	0.2221	0.0597	0.0569	0.0028	0.3491	0.1297	0.2193	0.0892	0.4379	0.1967	0.4484	0.4299	0.0000	0.0970	0.0000	0.1953	2.3799	0.0216	4.3616	0.0675	0.0708	0.0000	2.7756	0.0000	4.4172		
8	38	0.1264	2	2	0	2	0	0	0	0	0	Y	N	Y	N	N	N	N	N	N	N	N	N	0.0852	0.6080	0.0926	0.7473	0.7515	0.0475	0.0001	0.0925	0.2719	0.1735	0.5893	0.5699	0.5733	0.0000	0.1817	0.0000	0.5927	3.1930	0.2853	6.3637	0.7626	0.7628	0.0000	3.8254	0.3829	6.4050	1.0536	27.9456	-0.0126	0.1668	4.3392	2.4564	9.9996	2.5086	0.1561	0.0760	0.0801	0.0760	0.0760	0.0000	0.0801	0.0000	0.0801	1.2018	0.0415	1.1603	0.0409	0.0409	0.0000	1.1609	0.0006	1.1603	0.5740	0.4381	0.1359	0.1333	0.1325	0.0008	0.4406	0.3055	0.1351	0.3764	0.1941	0.1823	0.0729	0.0717	0.0012	0.3035	0.1223	0.1812	0.0852	0.8108	0.0926	1.0165	1.0060	0.0000	0.0475	0.0063	0.0925	3.1930	0.2140	6.3637	0.5607	0.5699	0.0000	3.8254	0.0052	6.4050	
8	41	0.1241	2	2	0	2	0	0	0	0	0	Y	N	Y	N	N	N	N	N	N	N	N	N	0.0010	0.0404	0.0035	2.0818	0.0757	inf	0.0007	0.0024	0.0027	0.0000	0.0178	0.0065	0.0002	0.2844	0.0021	0.0000	0.0125	2.7116	0.0009	5.1009	0.0031	0.0031	0.0000	3.1297	0.0000	5.1067	87.0846	6493.8609	0.0003	0.1912	4.3392	1.9694	9.9996	5.1440	0.0009	0.0000	0.0009	0.0003	0.0000	0.0003	0.0006	0.0000	0.0006	1.1041	0.0002	1.1040	0.0002	0.0002	0.0000	1.1040	0.0000	1.1040	0.3264	0.2774	0.0490	0.0431	0.0421	0.0009	0.2833	0.2353	0.0480	0.4072	0.1908	0.2164	0.0545	0.0542	0.0002	0.3527	0.1366	0.2162	0.0010	0.0404	0.0035	2.0818	0.0757	inf	0.0007	0.0000	0.0024	2.7116	0.0009	5.1009	0.0031	0.0031	0.0000	3.1297	0.0000	5.1067	
8	45	0.1264	2	2	1	2	0	0	0	0	0	Y	N	Y	N	N	N	N	N	N	N	N	N	0.1139	0.0000	0.2120	0.0000	0.0000	0.1366	0.2113	0.2698	0.0000	0.9871	0.0000	0.0000	0.0000	0.3832	0.0000	0.9908	2.3687	0.0092	4.6552	0.0289	0.0296	0.0000	2.8057	0.0000	4.6884	inf	520.1287	0.0468	0.1867	4.3392	1.3391	9.9996	5.8433	0.1150	0.0000	0.1150	0.0000	0.0000	0.0000	0.1150	0.0000	0.1150	1.0892	0.0021	1.0871	0.0021	0.0021	0.0000	1.0871	0.0000	1.0871	0.4264	0.3099	0.1165	0.1262	0.1258	0.0004	0.3002	0.1841	0.1161	0.4598	0.2263	0.2335	0.0724	0.0707	0.0017	0.3874	0.1556	0.2319	0.1139	0.0000	0.2120	0.0000	0.0000	0.0000	0.1366	0.0000	0.2113	2.3687	0.0092	4.6552	0.0289	0.0296	0.0000	2.8057	0.0000	4.6884		
8	47	0.1314	2	2	1	2	0	0	0	0	0	Y	N	Y	N	N	N	N	N	N	N	N	N	0.1158	0.2745	0.0000	0.4098	0.4133	0.0000	0.0000	0.0026	0.0031	0.0000	0.0444	0.0454	0.0000	0.0000	0.0000	0.0000	0.0227	0.0113	0.0311	0.1083	0.1099	0.0000	0.0187	0.0000	0.0312	0.0000	3.7279	-0.0007	-0.0002	4.3392	3.0001	9.9996	1.0598	0.0011	0.0011	0.0000	0.0011	0.0011	0.0000	0.0000	0.0000	0.0000	0.0050	0.0011	0.0040	0.0011	0.0011	0.0000	0.0040	0.0000	0.0040	0.4191	0.3554	0.0637	0.0248	0.0242	0.0006	0.3943	0.3312	0.0631	0.2208	0.0939	0.1269	0.0098	0.0096	0.0001	0.2110	0.0842	0.1268	0.1158	0.2745	0.0000	0.4098	0.4133	0.0000	0.0000	0.0000	0.0000	0.0227	0.0113	0.0311	0.1083	0.1099	0.0000	0.0187	0.0000	0.0312		
8	51	0.1221	2	1	1	2	0	0	0	0	0	N	N	Y	N	N	N	N	N	N	N	N	N	39.5840	23.0776	16.4893	16.3100	0.2511	0.3238	0.0000	0.7126	0.7436	0.0000	0.0000	0.0000	0.0000	0.0063	0.0140	0.0000	0.0432	0.0456	0.0000	0.0000	0.0000	0.0000	0.0000	0.0000	-0.0850	-0.0012	4.3392	2.4249	9.9996	2.1457	0.1433	0.1433	0.0000	0.1433	0.1433	0.0000	0.0000	0.0000	0.0000	0.0015	0.0015	0.0000	0.0015	0.0015	0.0000	0.0000	0.0000	0.0000	0.5704	0.4424	0.1280	0.2010	0.1927	0.0084	0.3694	0.2498	0.1196	0.2348	0.1062	0.1286	0.0345	0.0327	0.0018	0.2003	0.0735	0.1268	39.5840	23.0776	0.0000	16.4893	16.3100	0.0000	0.0000	0.0000	0.0000	0.0063	0.0140	0.0000	0.0432	0.0456	0.0000	0.0000	0.0000	0.0000					
8	54	0.1377	2	2	1	1	0	0	0	0	0	Y	N	N	N	N	N	N	N	N	N	N	N	0.5976	0.0000	1.6168	0.0036	0.0000	0.0005	0.7751	2.0577	3.4410	0.0000	29.2516	0.0002	0.0000	0.0028	5.6812	0.0000	37.1245	5.7577	0.0121	18.0919	0.0483	0.0279	6.0481	7.3295	0.0000	18.0418	inf	958.9439	0.4062	0.1836	4.3392	2.0079	9.9996	2.2027	0.9992	0.0000	0.9992	0.0000	0.0000	0.0000	0.9992	0.0000	0.9992	1.0655	0.0011	1.0644	0.0019	0.0011	0.0008	1.0636	0.0000	1.0636	0.2904	0.2562	0.0342	0.1145	0.1073	0.0072	0.1759	0.1490	0.0269	0.1851	0.0921	0.0930	0.0400	0.0398	0.0001	0.1451	0.0523	0.0928	0.5976	0.0000	2.5549	0.0036	0.0000	0.0005	0.7751	0.0000	3.2403	5.7577	0.0121	11.4494	0.0483	0.0279	6.0481	7.3295	0.0000	11.4573	
8	63	0.1655	2	1	0	2	0	0	0	0	0	N	N	Y	N	N	N	N	N	N	N	N	N	0.0082	0.8213	0.0000	0.0512	0.2083	0.0000	0.0063	inf	0.0000	0.0011	0.0012	0.0000	0.0006	0.0006	0.0000	0.0012	0.0015	0.0000	0.1286	0.0015	0.2721	0.0115	0.0030	0.0401	0.1910	0.0000	0.3199	0.0000	158.9480	-0.0001	0.0011	4.3392	0.9961	9.9996	0.0337	0.0002	0.0002	0.0000	0.0000	0.0000	0.0000	0.0001	0.0001	0.0000	0.0064	0.0000	0.0064	0.0002	0.0000	0.0002	0.0062	0.0000	0.0062	0.1428	0.1208	0.0220	0.0345	0.0326	0.0019	0.1083	0.0883	0.0201	0.0498	0.0264	0.0234	0.0173	0.0133	0.0040	0.0324	0.0131	0.0194	0.0082	0.8213	0.0000	0.0512	0.2083	0.0000	0.0063	inf	0.0000	0.1286	0.0015	0.2721	0.0115	0.0030	0.0401	0.1910	0.0000	0.3199
8	69	0.1176	2	1	1	1	0	0	0	0	0	N	N	N	N	N	N	N	N	N	N	N	N	0.7126	0.0096	1.9920	2.5767	0.0122	inf	0.7634	1.9467	0.9156	0.0002	4.8424	0.1349	0.0006	9.6509	1.2374	0.0000	4.7368	1.2849	0.0236	2.4310	0.0524	0.0525	0.0000	1.6209	0.0000	2.4333	4972.1877	113.5272	0.2829	0.1026	4.3392	3.0720	9.9996	3.7333	0.6962	0.0001	0.6961	0.0300	0.0001	0.0298	0.6663	0.0000	0.6663	0.6230	0.0054	0.6176	0.0054	0.0054	0.0000	0.6176	0.0000	0.6176	0.7604	0.6167	0.1438	0.2220	0.2189	0.0031	0.5385	0.3978	0.1407	0.4849	0.2308	0.2541	0.1039	0.1036	0.0002	0.3810	0.1272	0.2538	0.7126	0.0096	1.9920	2.5767	0.0122	inf	0.7634	0.0000	1.9467	1.2849	0.0236	2.4310	0.0524	0.0525	0.0000	1.6209	0.0000	2.4333	
8	75	0.1620	2	1	1	1	0	0	0	0	0	N	N	N	N	N	N	N	N	N	N	N	N	0.0002	0.0000	0.0018	0.0000	0.0000	0.0002	0.0025	0.0010	0.0000	0.0305	0.0000	0.0000	0.0000	0.0021	0.0000	0.0429	5.3913	0.0012	16.9497	0.0017	0.0017	0.0000	8.7551	0.0000	17.2994	inf	8287.2409	0.0000	0.1292	4.3392	0.0009	9.9996	1.7419	0.0000	0.0000	0.0000	0.0000	0.0000	0.0000	0.0000	0.0000	0.0000	0.7459	0.0001	0.7459	0.0001	0.0001	0.0000	0.7459	0.0000	0.7459	0.0137	0.0133	0.0004	0.0072	0.0071	0.0001	0.0065	0.0062	0.0003	0.1384	0.0723	0.0661	0.0532	0.0525	0.0007	0.0852	0.0198	0.0654	0.0002	0.0000	0.0027	0.0000	0.0000	0.0000	0.0002	0.0000	0.0038	5.3913	0.0012	11.2860	0.0017	0.0017	0.0000	8.7551	0.0000	11.4027		
9	10	0.0863	2	0	0	2	0	0	0	0	0	N	N	Y	N	N	N	N	N	N	N	N	N	0.0084	0.0000	0.0141	16.0882	0.0000	200.7055	0.0071	0.0103	0.0843	0.0000	0.5526	0.0290	0.0000	0.7384	0.1070	0.0000	0.5375	9.9806	0.0006	39.2366	0.0018	0.0012	0.0037	14.9972	0.0000	52.2907	inf	33066.5973	0.0000	0.1720	0.0046	6.6608	1.9974	9.9996	0.0001	0.0000	0.0001	0.0000	0.0000	0.0000	0.0001	0.0000	0.0001	0.9920	0.0000	0.9920	0.0001	0.0000	0.0000	0.9920	0.0000	0.9920	0.0012	0.0010	0.0002	0.0003	0.0003	0.0000	0.0008	0.0007	0.0002	0.0994	0.0524	0.0470	0.0333	0.0251	0.0082	0.0661	0.0273	0.0389	0.0084	0.0000	0.0262	16.0882	0.0000	200.7055	0.0071	0.0000	0.0211	9.9806	0.0006	21.0974	0.0018	0.0012	0.0037	14.9972	0.0000	25.5230	
9	11	0.1211	3	1	1	1	0	0	0	0	0	N	N	N	N	N	N	N	N	N	N	N	N	1.3671	0.0000	2.8262	0.0000	0.0000	0.0000	1.3586	2.5897	0.0927	0.0000	0.4974	0.0000	0.0000	0.0000	0.1405	0.0000	0.5268	0.0678	0.0060	0.1760	0.0118	0.0114	0.0138	0.1034	0.0000	0.2034	inf	16.6578	0.0000	0.0004	0.0046	1.6609	1.9974	2.6354	0.0000	0.0000	0.0000	0.0000	0.0000	0.0000	0.0000	0.0000	0.0000	0.0036	0.0002	0.0034	0.0002	0.0002	0.0000	0.0034	0.0000	0.0034	0.0004	0.0003	0.0001	0.0001	0.0001	0.0000	0.0003	0.0002	0.0001	0.0536	0.0341	0.0195	0.0208	0.0180	0.0028	0.0328	0.0161	0.0167	1.3671	0.0000	2.8262	0.0000	0.0000	0.0000	1.3586	0.0000	2.5897	0.0678	0.0060	0.1760	0.0118	0.0114	0.0138	0.1034	0.0000	0.2034	
9	12	0.0863	2	0	0	2	1	0	0	0	0	N	N	Y	N	N	N	N	N	N	N	N	N	0.1420	15.7647	0.0000	25.0757	22.9429	0.0000	0.0000	0.0000	0.0178	0.0211	0.0000	0.0611	0.0636	0.0000	0.0000	0.0000	0.0000	0.1256	0.0013	0.2644	0.0024	0.0028	0.0014	0.1885	0.0000	0.3206	0.0000	177.1320	-0.0000	0.0018	0.0046	6.3392	1.9974	6.9996	0.0000	0.0000	0.0000	0.0000	0.0000	0.0000	0.0000	0.0000	0.0000	0.0107	0.0001	0.0106	0.0001	0.0001	0.0000	0.0106	0.0000	0.0106	0.0011	0.0010	0.0002	0.0003	0.0003	0.0000	0.0008	0.0006	0.0002	0.0851	0.0449	0.0402	0.0287	0.0217	0.0071	0.0563	0.0232	0.0331	0.1420	15.7647	0.0000	25.0757	22.9429	0.0000	0.0000	0.0000	0.0000	0.1256	0.0013	0.2644	0.0024	0.0028	0.0014	0.1885	0.0000	0.3206	
9	13	0.0863	2	0	1	1	0	0	0	0	0	N	N	N	N	N	N	N	N	N	N	N	N	2.5633	185.6081	1.9080	0.0000	0.0000	0.0000	2.5368	inf	1.7954	0.1297	0.1168	0.2027	0.0000	0.0000	0.0000	0.1823	0.1733	0.2195	0.0506	0.0006	0.1062	0.0084	0.0013	0.0302	0.0719	0.0000	0.1223	0.3050	151.4906	-0.0001	0.0008	0.0046	7.6608	1.9974	8.3397	0.0002	0.0001	0.0000	0.0000	0.0000	0.0000	0.0002	0.0001	0.0000	0.0049	0.0000	0.0049	0.0003	0.0000	0.0002	0.0046	0.0000	0.0046	0.0013	0.0011	0.0002	0.0004	0.0004	0.0000	0.0009	0.0008	0.0002	0.0967	0.0510	0.0457	0.0324	0.0245	0.0080	0.0643	0.0265	0.0378	2.5633	185.6081	1.9080	0.0000	0.0000	0.0000	2.5368	inf	1.7954	0.0506	0.0006	0.1062	0.0084	0.0013	0.0302	0.0719	0.0000	0.1223
9	14	0.0863	2	0	0	1	1	0	0	0	0	N	N	N	N	N	N	N	N	N	N	N	N	1.1503	21.5735	3.0017	8.9513	30.8673	0.0000	0.9540	2.7076	0.1497	0.0240	0.8227	0.0685	0.0713	0.0000	0.1837	0.0000	0.8869	0.1301	0.0011	0.2741	0.0077	0.0023	0.0240	0.1926	0.0000	0.3276	6.3872	220.3584	0.0000	0.0019	0.0046	5.3392	1.9974	7.9996	0.0002	0.0000	0.0001	0.0000	0.0000	0.0000	0.0001	0.0000	0.0001	0.0111	0.0000	0.0110	0.0002	0.0000	0.0002	0.0108	0.0000	0.0108	0.0010	0.0008	0.0002	0.0003	0.0003	0.0000	0.0007	0.0006	0.0001	0.0851	0.0449	0.0402	0.0287	0.0217	0.0071	0.0563	0.0232	0.0331	1.1503	21.5735	3.0017	8.9513	30.8673	0.0000	0.9540	0.0000	2.7076	0.1301	0.0011	0.2741	0.0077	0.0023	0.0240	0.1926	0.0000	0.3276	
9	15	0.0863	2	0	1	1	1	0	0	0	0	N	N	N	N	N	N	N	N	N	N	N	N	8.3639	0.0000	32.7868	0.0000	0.0000	0.0000	11.1619	30.8861	0.0437	0.0000	0.2725	0.0000	0.0000	0.0000	0.0623	0.0000	0.2932	0.0052	0.0025	0.0083	0.0045	0.0051	0.0028	0.0056	0.0000	0.0095	inf	3.0335	0.0000	-0.0000	0.0046	4.6608	1.9974	9.0004	0.0000	0.0000	0.0000	0.0000	0.0000	0.0000	0.0000	0.0000	0.0000	0.0005	0.0001	0.0003	0.0001	0.0001	0.0000	0.0003	0.0000	0.0003	0.0009	0.0008	0.0001	0.0003	0.0003	0.0000	0.0006	0.0005	0.0001	0.0866	0.0456	0.0409	0.0292	0.0220	0.0072	0.0573	0.0236	0.0337	8.3639	0.0000	32.7868	0.0000	0.0000	0.0000	11.1619	0.0000	30.8861	0.0052	0.0025	0.0083	0.0045	0.0051	0.0028	0.0056	0.0000	0.0095	
9	16	0.1168	3	0	1	1	0	0	0	0	0	N	N	N	N	N	N	N	N	N	N	N	N	15.6187	527.8720	0.0000	203.7015	276.9184	0.0000	8.2502	inf	0.0000	0.1247	0.1476	0.0000	0.1543	0.1622	0.0000	0.0978	0.1307	0.0000	0.0080	0.0003	0.0172	0.0008	0.0006	0.0013	0.0118	0.0000	0.0210	0.0000	51.4197	-0.0000	0.0000	0.0046	1.9870	1.9974	4.1092	0.0001	0.0001	0.0000	0.0000	0.0000	0.0000	0.0000	0.0000	0.0000	0.0003	0.0000	0.0003	0.0000	0.0000	0.0000	0.0003	0.0000	0.0003	0.0005	0.0004	0.0001	0.0002	0.0002	0.0000	0.0002	0.0002	0.0001	0.0401	0.0219	0.0183	0.0140	0.0104	0.0036	0.0262	0.0114	0.0147	15.6187	527.8720	0.0000	203.7015	276.9184	0.0000	8.2502	inf	0.0000	0.0080	0.0003	0.0172	0.0008	0.0006	0.0013	0.0118	0.0000	0.0210
9	17	0.0863	2	0	1	1	1	0	0	0	0	N	N	N	N	N	N	N	N	N	N	N	N	0.9969	15.4001	2.7774	7.5541	22.7703	0.0000	0.8227	2.5292	0.1082	0.0172	0.6336	0.0510	0.0531	0.0000	0.1312	0.0000	0.6868	0.1085	0.0011	0.2281	0.0067	0.0023	0.0204	0.1595	0.0000	0.2715	6.3872	183.6320	0.0000	0.0019	0.0046	8.3392	1.9974	8.9996	0.0002	0.0000	0.0001	0.0000	0.0000	0.0000	0.0001	0.0000	0.0001	0.0111	0.0001	0.0110	0.0002	0.0001	0.0002	0.0108	0.0000	0.0108	0.0014	0.0012	0.0002	0.0004	0.0004	0.0000	0.0010	0.0008	0.0002	0.1021	0.0538	0.0483	0.0341	0.0257	0.0083	0.0680	0.0280	0.0400	0.9969	15.4001	2.7774	7.5541	22.7703	0.0000	0.8227	0.0000	2.5292	0.1085	0.0011	0.2281	0.0067	0.0023	0.0204	0.1595	0.0000	0.2715	
9	18	0.1324	3	1	1	1	0	0	0	0	0	N	N	N	N	N	N	N	N	N	N	N	N	0.0606	4.1523	0.0252	3.0023	5.7614	0.6496	0.0054	0.0000	0.0187	0.0027	0.0028	0.0023	0.0069	0.0070	0.0038	0.0004	0.0000	0.0020	0.0443	0.0007	0.0904	0.0023	0.0012	0.0058	0.0679	0.0034	0.1077	0.1326	129.2248	-0.0000	0.0003	0.0046	1.0070	1.9974	4.1063	0.0000	0.0000	0.0000	0.0000	0.0000	0.0000	0.0000	0.0000	0.0000	0.0018	0.0000	0.0018	0.0000	0.0000	0.0000	0.0018	0.0000	0.0018	0.0002	0.0002	0.0000	0.0001	0.0001	0.0000	0.0001	0.0001	0.0000	0.0411	0.0211	0.0200	0.0147	0.0113	0.0034	0.0264	0.0097	0.0166	0.0606	4.1523	0.0252	3.0023	5.7614	0.6496	0.0054	0.0000	0.0187	0.0443	0.0007	0.0904	0.0023	0.0012	0.0058	0.0679	0.0000	0.1077
9	19	0.0863	2	0	1	1	0	0	0	0	0	N	N	N	N	N	N	N	N	N	N	N	N	0.3067	23.9308	0.0000	16.4914	33.5522	0.0000	0.0000	0.0000	0.0237	0.0282	0.0000	0.0788	0.0818	0.0000	0.0000	0.0000	0.0000	0.0772	0.0012	0.1620	0.0048	0.0024	0.0119	0.1143	0.0000	0.1943	0.0000	122.9584	-0.0000	0.0010	0.0046	4.3392	1.9974	7.9996	0.0000	0.0000	0.0000	0.0000	0.0000	0.0000	0.0000	0.0000	0.0000	0.0062	0.0000	0.0061	0.0001	0.0000	0.0001	0.0061	0.0000	0.0061	0.0009	0.0007	0.0001	0.0003	0.0002	0.0000	0.0006	0.0005	0.0001	0.0803	0.0424	0.0379	0.0272	0.0205	0.0067	0.0531	0.0219	0.0312	0.3067	23.9308	0.0000	16.4914	33.5522	0.0000	0.0000	0.0000	0.0000	0.0772	0.0012	0.1620	0.0048	0.0024	0.0119	0.1143	0.0000	0.1943	
9	20	0.0863	2	0	0	1	1	0	0	0	0	N	N	N	N	N	N	N	N	N	N	N	N	2.6311	0.0000	8.1653	446.1027	0.0000	inf	2.2206	6.5581	0.0843	0.0000	0.5526	0.0290	0.0000	0.7384	0.1070	0.0000	0.5375	0.0320	0.0000	0.0677	0.0001	0.0001	0.0000	0.0482	0.0000	0.0820	inf	1465.5007	0.0000	0.0005	0.0046	6.6608	1.9974	9.0004	0.0001	0.0000	0.0001	0.0000	0.0000	0.0000	0.0001	0.0000	0.0001	0.0031	0.0000	0.0031	0.0000	0.0000	0.0000	0.0031	0.0000	0.0031	0.0012	0.0010	0.0002	0.0003	0.0003	0.0000	0.0008	0.0007	0.0002	0.0953	0.0502	0.0451	0.0320	0.0241	0.0079	0.0633	0.0261	0.0372	2.6311	0.0000	8.1653	446.1027	0.0000	inf	2.2206	0.0000	6.5581	0.0320	0.0000	0.0677	0.0001	0.0001	0.0000	0.0482	0.0000	0.0820	
9	21	0.1261	3	1	0	2	0	0	0	0	0	N	N	Y	N	N	N	N	N	N	N	N	N	0.0394	0.0000	0.2254	0.0000	0.0000	0.0000	0.0627	0.0000	0.2053	0.0002	0.0000	0.0016	0.0000	0.0000	0.0000	0.0003	0.0000	0.0017	0.0062	0.0054	0.0071	0.0081	0.0106	0.0000	0.0053	0.0017	0.0084	inf	1.2980	0.0000	-0.0001	0.0046	1.0018	1.9974	3.0659	0.0000	0.0000	0.0000	0.0000	0.0000	0.0000	0.0000	0.0000	0.0000	0.0002	0.0001	0.0001	0.0001	0.0001	0.0000	0.0001	0.0000	0.0001	0.0002	0.0002	0.0000	0.0001	0.0000	0.0000	0.0001	0.0001	0.0000	0.0345	0.0173	0.0172	0.0115	0.0088	0.0028	0.0229	0.0085	0.0144	0.0394	0.0000	0.2254	0.0000	0.0000	0.0000	0.0627	0.0000	0.2053	0.0062	0.0054	0.0071	0.0081	0.0106	0.0000	0.0053	0.0000	0.0084
9	22	0.0863	2	0	1	1	0	0	0	0	0	N	N	N	N	N	N	N	N	N	N	N	N	1.6219	0.0000	4.6230	4.2915	0.0000	30.1286	1.5034	3.9713	0.3034	0.0000	1.8294	0.0433	0.0000	1.1895	0.4175	0.0000	1.8753	0.1871	0.0002	0.3957	0.0101	0.0005	0.0395	0.2777	0.0000	0.4722	inf	1530.7919	0.0001	0.0026	0.0046	3.6608	1.9974	8.9996	0.0002	0.0000	0.0002	0.0000	0.0000	0.0000	0.0002	0.0000	0.0002	0.0153	0.0000	0.0153	0.0003	0.0000	0.0003	0.0150	0.0000	0.0150	0.0008	0.0006	0.0001	0.0002	0.0002	0.0000	0.0005	0.0004	0.0001	0.0819	0.0432	0.0387	0.0277	0.0209	0.0068	0.0542	0.0223	0.0318	1.6219	0.0000	4.6230	4.2915	0.0000	30.1286	1.5034	0.0000	3.9713	0.1871	0.0002	0.3957	0.0101	0.0005	0.0395	0.2777	0.0000	0.4722	
9	23	0.0863	2	0	1	1	0	0	0	0	0	N	N	N	N	N	N	N	N	N	N	N	N	1.3125	3.0680	3.5514	12.7889	10.4851	77.0522	1.0795	0.0000	2.9943	0.2446	0.0282	1.3642	0.1175	0.0818	1.0321	0.2992	0.0000	1.3891	0.1863	0.0092	0.3841	0.0092	0.0078	0.0134	0.2772	0.8852	0.4639	9.3351	37.3793	0.0001	0.0022	0.0046	4.3392	1.9974	7.9996	0.0002	0.0000	0.0002	0.0000	0.0000	0.0000	0.0002	0.0000	0.0002	0.0150	0.0004	0.0146	0.0003	0.0002	0.0001	0.0147	0.0002	0.0145	0.0009	0.0007	0.0001	0.0003	0.0002	0.0000	0.0006	0.0005	0.0001	0.0803	0.0424	0.0379	0.0272	0.0205	0.0067	0.0531	0.0219	0.0312	1.3125	3.0680	3.5514	12.7889	10.4851	77.0522	1.0795	0.0000	2.9943	0.1863	0.0092	0.3841	0.0092	0.0078	0.0134	0.2772	0.0105	0.4639
9	24	0.0863	2	1	1	1	0	0	0	0	0	N	N	N	N	N	N	N	N	N	N	N	N	0.8124	inf	0.0000	inf	inf	0.4805	inf	0.0000	0.1138	0.1368	0.0000	0.1398	0.1450	0.0000	0.1022	0.1322	0.0000	0.1400	0.0000	0.2966	0.0000	0.0000	0.0000	0.2127	0.0000	0.3615	0.0000	inf	-0.0000	0.0016	0.0046	3.3392	1.9974	5.9996	0.0001	0.0001	0.0000	0.0000	0.0000	0.0000	0.0001	0.0001	0.0000	0.0091	0.0000	0.0091	0.0000	0.0000	0.0000	0.0091	0.0000	0.0091	0.0007	0.0006	0.0001	0.0002	0.0002	0.0000	0.0005	0.0004	0.0001	0.0648	0.0342	0.0306	0.0221	0.0166	0.0055	0.0426	0.0175	0.0251	0.8124	inf	0.0000	inf	inf	0.0000	0.4805	inf	0.0000	0.1400	0.0000	0.2966	0.0000	0.0000	0.0000	0.2127	0.0000	0.3615	
9	25	0.0863	2	0	1	1	0	0	0	0	0	N	N	N	N	N	N	N	N	N	N	N	N	1.6068	0.0000	4.7527	4.0672	0.0000	30.5932	1.4849	4.1072	0.2530	0.0000	1.5785	0.0369	0.0000	0.9737	0.3451	0.0000	1.6244	0.1575	0.0008	0.3321	0.0091	0.0017	0.0318	0.2324	0.0000	0.3955	inf	374.1980	0.0001	0.0026	0.0046	4.6608	1.9974	10.9996	0.0002	0.0000	0.0002	0.0000	0.0000	0.0000	0.0002	0.0000	0.0002	0.0150	0.0000	0.0150	0.0003	0.0000	0.0003	0.0147	0.0000	0.0147	0.0009	0.0008	0.0001	0.0003	0.0003	0.0000	0.0006	0.0005	0.0001	0.0953	0.0502	0.0451	0.0320	0.0241	0.0079	0.0633	0.0261	0.0372	1.6068	0.0000	4.7527	4.0672	0.0000	30.5932	1.4849	0.0000	4.1072	0.1575	0.0008	0.3321	0.0091	0.0017	0.0318	0.2324	0.0000	0.3955	
9	26	0.1122	3	1	1	1	0	0	0	0	0	N	N	N	N	N	N	N	N	N	N	N	N	0.0000	0.0000	0.0000	0.0000	0.0000	0.0000	0.0000	0.0000	0.0000	0.0000	0.0000	0.0000	0.0000	0.0000	0.0000	0.0000	0.0000	0.0000	0.0000	0.0000	0.0000	0.0000	inf	0.0000	0.0000	0.0046	0.0026	1.9974	0.9906	0.0000	0.0000	0.0000	0.0000	0.0000	0.0000	0.0000	0.0000	0.0000	0.0000	0.0000	0.0000	0.0000	0.0000	0.0000	0.0000	0.0000	0.0000	0.0004	0.0003	0.0001	0.0002	0.0002	0.0000	0.0002	0.0001	0.0001	0.0411	0.0221	0.0191	0.0198	0.0190	0.0008	0.0213	0.0030	0.0183	0.0000	0.0000	0.0000	0.0000	0.0000	0.0000	0.0000	0.0000	0.0000	0.0000	0.0000	0.0000	0.0000	0.0000	0.0000	0.0000	0.0000	0.0000						
9	27	0.0863	2	0	1	1	0	0	0	0	0	N	N	N	N	N	N	N	N	N	N	N	N	2.9600	3329.8260	2.0391	0.0000	0.0000	0.0000	2.9340	inf	1.8981	0.1869	0.1706	0.2725	0.0000	0.0000	0.0000	0.2666	0.2594	0.2932	0.0632	0.0001	0.1336	0.0093	0.0001	0.0372	0.0909	0.0000	0.1545	0.3050	2335.1912	-0.0001	0.0008	0.0046	4.6608	1.9974	7.0004	0.0002	0.0001	0.0000	0.0000	0.0000	0.0000	0.0002	0.0001	0.0000	0.0049	0.0000	0.0049	0.0002	0.0000	0.0002	0.0046	0.0000	0.0046	0.0009	0.0008	0.0001	0.0003	0.0003	0.0000	0.0006	0.0005	0.0001	0.0770	0.0406	0.0364	0.0261	0.0197	0.0065	0.0508	0.0209	0.0299	2.9600	3329.8260	2.0391	0.0000	0.0000	0.0000	2.9340	inf	1.8981	0.0632	0.0001	0.1336	0.0093	0.0001	0.0372	0.0909	0.0000	0.1545
9	28	0.0863	2	0	1	1	0	0	0	0	0	N	N	N	N	N	N	N	N	N	N	N	N	3.1091	1143.4116	5.6398	353.1746	276.4058	2.7104	inf	4.9952	0.1426	0.0678	0.5476	0.0324	0.0337	0.0000	0.1887	0.0850	0.5909	0.0459	0.0001	0.0971	0.0001	0.0001	0.0000	0.0696	0.0000	0.1183	1.4941	1465.5007	0.0000	0.0005	0.0046	5.6608	1.9974	4.0004	0.0001	0.0001	0.0001	0.0000	0.0000	0.0000	0.0001	0.0000	0.0001	0.0031	0.0000	0.0031	0.0000	0.0000	0.0000	0.0031	0.0000	0.0031	0.0010	0.0009	0.0002	0.0003	0.0003	0.0000	0.0007	0.0006	0.0002	0.0665	0.0351	0.0314	0.0227	0.0171	0.0056	0.0438	0.0180	0.0258	3.1091	1143.4116	5.6398	353.1746	276.4058	0.0000	2.7104	inf	4.9952	0.0459	0.0001	0.0971	0.0001	0.0001	0.0000	0.0696	0.0000	0.1183	
9	29	0.0863	2	0	1	2	1	0	0	0	0	N	N	Y	N	N	N	N	N	N	N	N	N	1.9273	0.0000	4.9085	0.0000	0.0000	0.0000	1.9382	4.2916	0.0933	0.0000	0.4985	0.0000	0.0000	0.0000	0.1398	0.0000	0.5260	0.0484	0.0009	0.1016	0.0027	0.0019	0.0053	0.0721	0.0000	0.1226	inf	99.4352	0.0000	0.0005	0.0046	1.6608	1.9974	8.0004	0.0000	0.0000	0.0000	0.0000	0.0000	0.0000	0.0000	0.0000	0.0000	0.0032	0.0000	0.0032	0.0001	0.0000	0.0000	0.0032	0.0000	0.0032	0.0004	0.0003	0.0001	0.0001	0.0001	0.0000	0.0003	0.0002	0.0001	0.0665	0.0351	0.0314	0.0227	0.0171	0.0056	0.0438	0.0180	0.0258	1.9273	0.0000	4.9085	0.0000	0.0000	0.0000	1.9382	0.0000	4.2916	0.0484	0.0009	0.1016	0.0027	0.0019	0.0053	0.0721	0.0000	0.1226	
9	30	0.0863	2	0	1	1	0	0	0	0	0	N	N	N	N	N	N	N	N	N	N	N	N	4.2306	2477.3918	5.5582	4.5349	0.0000	29.3570	3.9642	inf	4.6449	0.2189	0.1468	0.6087	0.0324	0.0000	0.8349	0.2967	0.2209	0.5909	0.0517	0.0001	0.1095	0.0071	0.0001	0.0284	0.0749	0.0000	0.1272	0.7665	1652.8926	-0.0000	0.0006	0.0046	5.6608	1.9974	4.0004	0.0002	0.0001	0.0001	0.0000	0.0000	0.0000	0.0002	0.0001	0.0001	0.0034	0.0000	0.0034	0.0002	0.0000	0.0002	0.0033	0.0000	0.0033	0.0010	0.0009	0.0002	0.0003	0.0003	0.0000	0.0007	0.0006	0.0002	0.0665	0.0351	0.0314	0.0227	0.0171	0.0056	0.0438	0.0180	0.0258	4.2306	2477.3918	5.5582	4.5349	0.0000	29.3570	3.9642	inf	4.6449	0.0517	0.0001	0.1095	0.0071	0.0001	0.0284	0.0749	0.0000	0.1272
9	31	0.1566	3	1	1	1	0	0	0	0	0	N	N	N	N	N	N	N	N	N	N	N	N	0.0042	0.0011	0.0000	0.0018	0.0017	0.0000	0.0714	inf	0.0000	0.0002	0.0002	0.0000	0.0001	0.0002	0.0000	0.0002	0.0002	0.0000	0.0422	0.1653	0.0032	0.0786	0.0896	0.0003	0.0029	0.0000	0.0036	0.0357	0.0353	-0.0000	-0.0010	0.0046	0.1965	1.9974	2.3074	0.0000	0.0000	0.0000	0.0000	0.0000	0.0000	0.0000	0.0000	0.0000	0.0012	0.0012	0.0000	0.0012	0.0012	0.0000	0.0000	0.0000	0.0000	0.0000	0.0000	0.0000	0.0000	0.0000	0.0000	0.0000	0.0000	0.0000	0.0295	0.0161	0.0134	0.0153	0.0134	0.0019	0.0142	0.0027	0.0115	0.0042	0.0025	0.0000	0.0018	0.0017	0.0000	0.0714	inf	0.0000	0.0422	0.0747	0.0032	0.0786	0.0896	0.0003	0.0029	0.0000	0.0036
9	32	0.0863	2	0	1	1	1	0	0	0	0	N	N	N	N	N	N	N	N	N	N	N	N	0.0000	0.0000	0.0000	0.0000	0.0000	0.0000	0.0000	0.0000	0.0000	0.0000	0.0000	0.0000	0.0000	0.0000	0.0000	0.0000	0.0000	0.0000	0.0000	0.0000	0.0046	0.0000	1.9974	1.0000	0.0000	0.0000	0.0000	0.0000	0.0000	0.0000	0.0000	0.0000	0.0000	0.0000	0.0000	0.0000	0.0000	0.0000	0.0000	0.0000	0.0000	0.0000	0.0000	0.0000	0.0000	0.0000	0.0000	0.0000	0.0000	0.0000	0.0000	0.0084	0.0044	0.0040	0.0029	0.0022	0.0007	0.0055	0.0022	0.0032	0.0000	0.0000	0.0000	0.0000	0.0000	0.0000	0.0000	0.0000	0.0000	0.0000	0.0000	0.0000	0.0000	0.0000	0.0000	0.0000	0.0000	0.0000											
9	33	0.0863	2	1	1	1	0	0	0	0	0	N	N	N	N	N	N	N	N	N	N	N	N	0.8564	0.0000	2.4801	0.0000	0.0000	0.8475	0.0000	2.1754	0.0665	0.0000	0.3826	0.0000	0.0000	0.0000	0.0970	0.0000	0.4077	0.0777	0.0090	0.1543	0.0058	0.0077	0.0000	0.1145	0.8852	0.1874	inf	15.3024	0.0000	0.0007	0.0046	2.6608	1.9974	9.9996	0.0000	0.0000	0.0000	0.0000	0.0000	0.0000	0.0000	0.0000	0.0000	0.0064	0.0004	0.0060	0.0002	0.0002	0.0000	0.0062	0.0002	0.0060	0.0006	0.0005	0.0001	0.0002	0.0002	0.0000	0.0004	0.0003	0.0001	0.0819	0.0432	0.0387	0.0277	0.0209	0.0068	0.0542	0.0223	0.0318	0.8564	0.0000	2.4801	0.0000	0.0000	0.0000	0.8475	0.0000	2.1754	0.0777	0.0090	0.1543	0.0058	0.0077	0.0000	0.1145	0.0103	0.1874	
9	34	0.1675	3	0	0	2	0	0	0	0	0	N	N	Y	N	N	N	N	N	N	N	N	N	0.0026	0.0000	0.0088	0.0022	0.0000	0.1330	0.0026	0.0084	0.0001	0.0000	0.0009	0.0001	0.0000	0.0014	0.0002	0.0000	0.0009	0.0556	0.0128	0.1073	0.0223	0.0227	0.0102	0.0711	0.0000	0.1091	inf	6.8967	0.0000	0.0003	0.0046	3.8106	1.9974	5.1657	0.0000	0.0000	0.0000	0.0000	0.0000	0.0000	0.0000	0.0000	0.0000	0.0059	0.0008	0.0052	0.0008	0.0008	0.0000	0.0052	0.0000	0.0052	0.0008	0.0006	0.0001	0.0002	0.0002	0.0000	0.0005	0.0004	0.0001	0.1067	0.0584	0.0482	0.0340	0.0331	0.0009	0.0727	0.0253	0.0473	0.0026	0.0000	0.0088	0.0022	0.0000	0.1330	0.0026	0.0000	0.0084	0.0556	0.0128	0.1073	0.0223	0.0227	0.0102	0.0711	0.0000	0.1091	
9	35	0.0863	2	0	0	1	0	0	0	0	0	N	N	N	N	N	N	N	N	N	N	N	N	0.8974	0.2237	2.7566	7.5874	0.2924	51.6653	0.7648	0.0029	2.2334	0.0884	0.0000	0.5740	0.0304	0.0001	0.7754	0.1123	0.0000	0.5578	0.0985	0.0002	0.2082	0.0040	0.0004	0.0150	0.1469	0.0043	0.2498	2179.4941	870.6021	0.0000	0.0014	0.0046	6.2373	1.9974	6.2260	0.0001	0.0000	0.0001	0.0000	0.0000	0.0000	0.0001	0.0000	0.0001	0.0080	0.0000	0.0080	0.0001	0.0000	0.0001	0.0079	0.0000	0.0079	0.0011	0.0010	0.0002	0.0003	0.0003	0.0000	0.0008	0.0006	0.0002	0.0809	0.0427	0.0382	0.0274	0.0206	0.0068	0.0535	0.0220	0.0315	0.8974	0.2237	2.7566	7.5874	0.2924	51.6653	0.7648	0.3896	2.2334	0.0985	0.0002	0.2082	0.0040	0.0004	0.0150	0.1469	0.0000	0.2498
9	36	0.0863	2	0	1	1	0	0	0	0	0	N	N	N	N	N	N	N	N	N	N	N	N	13.6076	0.0000	51.3075	6.3096	0.0000	inf	13.7999	0.0000	43.2285	0.3034	0.0000	1.8294	0.0433	0.0000	1.1895	0.4175	0.0000	1.8753	0.0223	0.0103	0.0357	0.0069	0.0091	0.0000	0.0303	0.9217	0.0434	inf	3.0840	0.0001	-0.0001	0.0046	3.6608	1.9974	7.3397	0.0002	0.0000	0.0002	0.0000	0.0000	0.0000	0.0002	0.0000	0.0002	0.0016	0.0004	0.0012	0.0002	0.0002	0.0000	0.0015	0.0002	0.0012	0.0008	0.0006	0.0001	0.0002	0.0002	0.0000	0.0005	0.0004	0.0001	0.0736	0.0389	0.0348	0.0250	0.0189	0.0062	0.0486	0.0200	0.0286	13.6076	0.0000	51.3075	6.3096	0.0000	inf	13.7999	0.0000	43.2285	0.0223	0.0103	0.0357	0.0069	0.0091	0.0000	0.0303	0.0115	0.0434
9	37	0.1489	4	1	0	2	0	0	0	0	0	N	N	Y	N	N	N	N	N	N	N	N	N	0.5491	135.4806	0.0000	133.1632	161.6549	0.0000	0.0000	0.0000	0.0000	0.0374	0.0454	0.0000	0.1137	0.1178	0.0000	0.0000	0.0000	0.0000	0.0681	0.0003	0.1443	0.0009	0.0007	0.0013	0.0979	0.0028	0.1675	0.0000	382.7539	-0.0000	0.0007	0.0046	2.3426	1.9974	5.0131	0.0000	0.0000	0.0000	0.0000	0.0000	0.0000	0.0000	0.0000	0.0000	0.0043	0.0000	0.0043	0.0000	0.0000	0.0000	0.0043	0.0000	0.0043	0.0005	0.0005	0.0001	0.0002	0.0002	0.0000	0.0004	0.0003	0.0001	0.0638	0.0338	0.0300	0.0196	0.0154	0.0042	0.0442	0.0184	0.0258	0.5491	135.4806	0.0000	133.1632	161.6549	0.0000	0.0000	0.0000	0.0000	0.0681	0.0003	0.1443	0.0009	0.0007	0.0013	0.0979	0.0000	0.1675
9	38	0.1211	3	1	0	2	0	0	0	0	0	N	N	Y	N	N	N	N	N	N	N	N	N	0.9533	1.9425	1.2410	2.7659	2.6174	0.0000	0.5503	0.1222	1.1471	0.0478	0.0291	0.1355	0.0729	0.0755	0.0000	0.0356	0.0006	0.1448	0.0501	0.0150	0.1092	0.0263	0.0288	0.0117	0.0648	0.0047	0.1263	0.9868	4.3235	-0.0000	-0.0000	0.0046	2.4564	1.9974	2.5086	0.0000	0.0000	0.0000	0.0000	0.0000	0.0000	0.0000	0.0000	0.0000	0.0029	0.0005	0.0023	0.0006	0.0005	0.0000	0.0023	0.0000	0.0023	0.0006	0.0005	0.0001	0.0002	0.0002	0.0000	0.0004	0.0003	0.0001	0.0576	0.0362	0.0215	0.0220	0.0188	0.0032	0.0357	0.0174	0.0183	0.9533	1.9425	1.2410	2.7659	2.6174	0.0000	0.5503	10.4419	1.1471	0.0501	0.0150	0.1092	0.0263	0.0288	0.0117	0.0648	0.0001	0.1263
9	39	0.0863	2	0	1	1	0	0	0	0	0	N	N	N	N	N	N	N	N	N	N	N	N	256.2301	0.0000	inf	29.4762	0.0000	inf	inf	inf	0.0950	0.0000	0.6087	0.0324	0.0000	0.8349	0.1211	0.0000	0.5909	0.0004	0.0007	0.0000	0.0011	0.0015	0.0000	0.0000	0.0000	0.0000	inf	0.0000	0.0000	-0.0000	0.0046	5.6608	1.9974	8.0004	0.0001	0.0000	0.0001	0.0000	0.0000	0.0000	0.0001	0.0000	0.0001	0.0000	0.0000	0.0000	0.0000	0.0000	0.0000	0.0000	0.0000	0.0000	0.0010	0.0009	0.0002	0.0003	0.0003	0.0000	0.0007	0.0006	0.0002	0.0866	0.0456	0.0409	0.0292	0.0220	0.0072	0.0573	0.0236	0.0337	256.2301	0.0000	inf	29.4762	0.0000	inf	inf	0.0000	inf	0.0004	0.0007	0.0000	0.0011	0.0015	0.0000	0.0000	0.0000	0.0000	
9	40	0.0863	2	1	0	2	0	0	0	0	0	N	N	Y	N	N	N	N	N	N	N	N	N	1.1044	inf	0.0000	6.9259	inf	0.0000	0.9148	inf	0.0000	0.1318	0.1557	0.0000	0.0611	0.0636	0.0000	0.1610	0.2015	0.0000	0.1194	0.0000	0.2526	0.0088	0.0000	0.0357	0.1760	0.0000	0.2993	0.0000	inf	-0.0001	0.0017	0.0046	6.3392	1.9974	5.9996	0.0002	0.0002	0.0000	0.0000	0.0000	0.0000	0.0001	0.0001	0.0000	0.0096	0.0000	0.0096	0.0002	0.0000	0.0002	0.0093	0.0000	0.0093	0.0011	0.0010	0.0002	0.0003	0.0003	0.0000	0.0008	0.0006	0.0002	0.0803	0.0424	0.0379	0.0272	0.0205	0.0067	0.0531	0.0219	0.0312	1.1044	inf	0.0000	6.9259	inf	0.0000	0.9148	inf	0.0000	0.1194	0.0000	0.2526	0.0088	0.0000	0.0357	0.1760	0.0000	0.2993
9	41	0.1188	3	1	0	2	0	0	0	0	0	N	N	Y	N	N	N	N	N	N	N	N	N	0.0017	0.1311	0.0001	0.2358	0.1944	0.0000	0.0000	0.0000	0.0001	0.0001	0.0000	0.0003	0.0003	0.0000	0.0000	0.0000	0.0000	0.0620	0.0009	0.1241	0.0013	0.0017	0.0000	0.0953	0.0000	0.1454	0.0258	132.1731	-0.0000	0.0006	0.0046	1.9694	1.9974	5.1440	0.0000	0.0000	0.0000	0.0000	0.0000	0.0000	0.0000	0.0000	0.0000	0.0038	0.0000	0.0038	0.0000	0.0000	0.0000	0.0038	0.0000	0.0038	0.0004	0.0004	0.0001	0.0001	0.0001	0.0000	0.0003	0.0002	0.0001	0.0619	0.0312	0.0307	0.0219	0.0174	0.0045	0.0400	0.0138	0.0262	0.0017	0.1311	0.0001	0.2358	0.1944	0.0000	0.0000	0.0000	0.0000	0.0620	0.0009	0.1241	0.0013	0.0017	0.0000	0.0953	0.0000	0.1454	
9	42	0.0863	2	1	0	1	0	0	0	0	0	N	N	N	N	N	N	N	N	N	N	N	N	0.2949	309.3336	0.0011	553.9751	431.9033	0.0000	0.0004	0.0000	0.0010	0.0286	0.0343	0.0002	0.0930	0.0965	0.0000	0.0001	0.0000	0.0003	0.0970	0.0001	0.2055	0.0002	0.0002	0.0000	0.1480	0.0023	0.2513	0.0014	1653.4963	-0.0000	0.0007	0.0046	3.3753	1.9974	2.0398	0.0000	0.0000	0.0000	0.0000	0.0000	0.0000	0.0000	0.0000	0.0000	0.0040	0.0000	0.0040	0.0000	0.0000	0.0000	0.0040	0.0000	0.0040	0.0007	0.0006	0.0001	0.0002	0.0002	0.0000	0.0005	0.0004	0.0001	0.0409	0.0216	0.0193	0.0141	0.0106	0.0035	0.0268	0.0110	0.0158	0.2949	309.3336	0.0011	553.9751	431.9033	0.0000	0.0004	0.0000	0.0010	0.0970	0.0001	0.2055	0.0002	0.0002	0.0000	0.1480	0.0000	0.2513
9	43	0.0863	2	0	0	2	0	0	0	0	0	N	N	Y	N	N	N	N	N	N	N	N	N	1.1514	0.0000	3.4065	34.0787	0.0000	inf	0.9808	2.7145	0.1098	0.0000	0.6849	0.0369	0.0000	0.9737	0.1409	0.0000	0.6630	0.0954	0.0007	0.2011	0.0011	0.0014	0.0000	0.1436	0.0000	0.2442	inf	259.2640	0.0000	0.0013	0.0046	4.6608	1.9974	7.9996	0.0001	0.0000	0.0001	0.0000	0.0000	0.0000	0.0001	0.0000	0.0001	0.0078	0.0000	0.0078	0.0000	0.0000	0.0000	0.0078	0.0000	0.0078	0.0009	0.0008	0.0001	0.0003	0.0003	0.0000	0.0006	0.0005	0.0001	0.0819	0.0432	0.0387	0.0277	0.0209	0.0068	0.0542	0.0223	0.0318	1.1514	0.0000	3.4065	34.0787	0.0000	inf	0.9808	0.0000	2.7145	0.0954	0.0007	0.2011	0.0011	0.0014	0.0000	0.1436	0.0000	0.2442	
9	44	0.0863	2	0	1	1	0	0	0	0	0	N	N	N	N	N	N	N	N	N	N	N	N	1.9014	5.6040	inf	inf	1.6135	4.4656	0.1098	0.0000	0.6849	0.0369	0.0000	0.9737	0.1409	0.0000	0.6630	0.0577	0.0000	0.1222	0.0000	0.0000	0.0000	0.0873	0.0000	0.1485	inf	inf	0.0000	0.0008	0.0046	4.6608	1.9974	7.9996	0.0001	0.0000	0.0001	0.0000	0.0000	0.0000	0.0001	0.0000	0.0001	0.0047	0.0000	0.0047	0.0000	0.0000	0.0000	0.0047	0.0000	0.0047	0.0009	0.0008	0.0001	0.0003	0.0003	0.0000	0.0006	0.0005	0.0001	0.0819	0.0432	0.0387	0.0277	0.0209	0.0068	0.0542	0.0223	0.0318	1.9014	0.0000	5.6040	inf	0.0000	inf	1.6135	0.0000	4.4656	0.0577	0.0000	0.1222	0.0000	0.0000	0.0000	0.0873	0.0000	0.1485			
9	45	0.1211	3	1	1	2	0	0	0	0	0	N	N	Y	N	N	N	N	N	N	N	N	N	0.4825	3.9140	0.0000	5.4364	4.6391	0.0000	0.0000	0.0000	0.0550	0.0682	0.0000	0.1576	0.1622	0.0000	0.0000	0.0000	0.0000	0.1141	0.0174	0.2624	0.0290	0.0350	0.0000	0.1628	0.0005	0.3115	0.0000	9.8094	-0.0000	0.0006	0.0046	1.3391	1.9974	5.8433	0.0000	0.0000	0.0000	0.0000	0.0000	0.0000	0.0000	0.0000	0.0000	0.0080	0.0007	0.0073	0.0007	0.0007	0.0000	0.0073	0.0000	0.0073	0.0004	0.0003	0.0001	0.0001	0.0001	0.0000	0.0002	0.0002	0.0001	0.0700	0.0424	0.0276	0.0255	0.0211	0.0044	0.0445	0.0213	0.0233	0.4825	3.9140	0.0000	5.4364	4.6391	0.0000	0.0000	0.0000	0.0000	0.1141	0.0174	0.2624	0.0290	0.0350	0.0000	0.1628	0.0000	0.3115	
9	46	0.0863	2	1	0	1	0	0	0	0	0	N	N	N	N	N	N	N	N	N	N	N	N	1.5852	33.2251	2.1566	18.2142	44.3186	0.0000	0.7982	0.0000	1.9404	0.0480	0.0291	0.1362	0.0756	0.0782	0.0000	0.0351	0.0000	0.1449	0.0303	0.0009	0.0632	0.0042	0.0018	0.0114	0.0440	0.0038	0.0747	0.9996	64.3688	-0.0000	0.0002	0.0046	2.4483	1.9974	3.1953	0.0000	0.0000	0.0000	0.0000	0.0000	0.0000	0.0000	0.0000	0.0000	0.0013	0.0000	0.0013	0.0001	0.0000	0.0000	0.0012	0.0000	0.0012	0.0006	0.0005	0.0001	0.0002	0.0002	0.0000	0.0004	0.0003	0.0001	0.0424	0.0224	0.0200	0.0146	0.0110	0.0036	0.0278	0.0114	0.0164	1.5852	33.2251	2.1566	18.2142	44.3186	0.0000	0.7982	0.0000	1.9404	0.0303	0.0009	0.0632	0.0042	0.0018	0.0114	0.0440	0.0000	0.0747
9	47	0.1261	3	1	1	2	0	0	0	0	0	N	N	Y	N	N	N	N	N	N	N	N	N	0.0238	0.0000	0.0818	0.0000	0.0000	0.0000	0.0223	0.0752	0.0001	0.0000	0.0006	0.0000	0.0000	0.0000	0.0001	0.0000	0.0006	0.0037	0.0003	0.0072	0.0005	0.0005	0.0004	0.0053	0.0000	0.0084	inf	25.8195	0.0000	0.0000	0.0046	3.0001	1.9974	1.0598	0.0000	0.0000	0.0000	0.0000	0.0000	0.0000	0.0000	0.0000	0.0000	0.0001	0.0000	0.0001	0.0000	0.0000	0.0000	0.0001	0.0000	0.0001	0.0005	0.0005	0.0001	0.0001	0.0001	0.0000	0.0004	0.0003	0.0001	0.0344	0.0173	0.0171	0.0115	0.0088	0.0027	0.0229	0.0085	0.0144	0.0238	0.0000	0.0818	0.0000	0.0000	0.0000	0.0223	0.0000	0.0752	0.0037	0.0003	0.0072	0.0005	0.0005	0.0004	0.0053	0.0000	0.0084	
9	48	0.0863	2	1	0	2	0	0	0	0	0	N	N	Y	N	N	N	N	N	N	N	N	N	2.7079	0.0965	5.8675	0.1297	0.0994	2.8797	0.0000	4.9662	0.1638	0.0001	0.7466	0.0002	0.0002	0.0000	0.2635	0.0000	0.7718	0.0605	0.0009	0.1272	0.0014	0.0018	0.0000	0.0915	0.0017	0.1554	2418.1253	126.4419	0.0000	0.0005	0.0046	0.6630	1.9974	5.9830	0.0000	0.0000	0.0000	0.0000	0.0000	0.0000	0.0000	0.0000	0.0000	0.0030	0.0000	0.0029	0.0000	0.0000	0.0000	0.0029	0.0000	0.0029	0.0002	0.0002	0.0001	0.0001	0.0001	0.0000	0.0002	0.0001	0.0001	0.0489	0.0258	0.0231	0.0168	0.0126	0.0042	0.0321	0.0132	0.0189	2.7079	0.0965	5.8675	0.1297	0.0994	0.0000	2.8797	0.0000	4.9662	0.0605	0.0009	0.1272	0.0014	0.0018	0.0000	0.0915	0.0000	0.1554	
9	49	0.0863	2	1	1	1	0	0	0	0	0	N	N	N	N	N	N	N	N	N	N	N	N	0.9805	18.7014	2.3211	52.1593	27.4671	inf	0.5750	1.7282	0.0633	0.0189	0.3144	0.0826	0.0577	0.6882	0.0555	0.0000	0.2836	0.0646	0.0010	0.1355	0.0016	0.0021	0.0000	0.0965	0.0000	0.1641	2.9479	120.3584	0.0000	0.0010	0.0046	7.3392	1.9974	7.9996	0.0001	0.0000	0.0001	0.0000	0.0000	0.0000	0.0001	0.0000	0.0001	0.0061	0.0000	0.0060	0.0000	0.0000	0.0000	0.0060	0.0000	0.0060	0.0013	0.0011	0.0002	0.0004	0.0004	0.0000	0.0009	0.0007	0.0002	0.0939	0.0495	0.0444	0.0316	0.0238	0.0078	0.0624	0.0257	0.0367	0.9805	18.7014	2.3211	52.1593	27.4671	inf	0.5750	0.0000	1.7282	0.0646	0.0010	0.1355	0.0016	0.0021	0.0000	0.0965	0.0000	0.1641	
9	50	0.0863	2	0	0	1	1	0	0	0	0	N	N	N	N	N	N	N	N	N	N	N	N	2.3310	0.0000	7.5423	4.5075	0.0000	88.2214	2.1129	0.0000	6.1646	0.1098	0.0000	0.6849	0.0369	0.0000	0.9737	0.1409	0.0000	0.6630	0.0471	0.0079	0.0908	0.0082	0.0073	0.0110	0.0667	0.6944	0.1075	inf	10.3620	0.0000	0.0004	0.0046	4.6608	1.9974	12.0004	0.0001	0.0000	0.0001	0.0000	0.0000	0.0000	0.0001	0.0000	0.0001	0.0047	0.0004	0.0043	0.0003	0.0002	0.0001	0.0044	0.0002	0.0042	0.0009	0.0008	0.0001	0.0003	0.0003	0.0000	0.0006	0.0005	0.0001	0.0994	0.0524	0.0470	0.0333	0.0251	0.0082	0.0661	0.0273	0.0389	2.3310	0.0000	7.5423	4.5075	0.0000	88.2214	2.1129	0.0000	6.1646	0.0471	0.0079	0.0908	0.0082	0.0073	0.0110	0.0667	0.0084	0.1075
9	51	0.1168	3	0	1	2	0	0	0	0	0	N	N	Y	N	N	N	N	N	N	N	N	N	4.6646	0.0000	14.3120	4.5508	0.0000	51.9403	5.6223	13.3316	0.0466	0.0000	0.3131	0.0042	0.0000	0.0837	0.0845	0.0000	0.3566	0.0100	0.0003	0.0219	0.0009	0.0007	0.0016	0.0150	0.0000	0.0267	inf	51.4197	0.0000	0.0000	0.0046	2.4249	1.9974	2.1457	0.0000	0.0000	0.0000	0.0000	0.0000	0.0000	0.0000	0.0000	0.0000	0.0003	0.0000	0.0003	0.0000	0.0000	0.0000	0.0003	0.0000	0.0003	0.0005	0.0005	0.0001	0.0003	0.0002	0.0000	0.0003	0.0002	0.0001	0.0321	0.0177	0.0144	0.0115	0.0087	0.0028	0.0206	0.0090	0.0116	4.6646	0.0000	14.3120	4.5508	0.0000	51.9403	5.6223	0.0000	13.3316	0.0100	0.0003	0.0219	0.0009	0.0007	0.0016	0.0150	0.0000	0.0267	
9	52	0.0863	2	0	1	1	0	0	0	0	0	N	N	N	N	N	N	N	N	N	N	N	N	0.4340	97.7063	0.8741	6.8991	195.7238	0.0000	0.3060	0.3127	0.7803	0.0437	0.0151	0.1863	0.0381	0.0395	0.0000	0.0461	0.0018	0.1995	0.1006	0.0002	0.2131	0.0055	0.0002	0.0216	0.1507	0.0057	0.2557	2.4603	1227.7189	0.0000	0.0007	0.0046	3.5386	1.9974	1.9499	0.0000	0.0000	0.0000	0.0000	0.0000	0.0000	0.0000	0.0000	0.0000	0.0042	0.0000	0.0042	0.0001	0.0000	0.0001	0.0041	0.0000	0.0041	0.0007	0.0006	0.0001	0.0002	0.0002	0.0000	0.0005	0.0004	0.0001	0.0414	0.0219	0.0195	0.0143	0.0107	0.0036	0.0271	0.0111	0.0160	0.4340	97.7063	0.8741	6.8991	195.7238	0.0000	0.3060	16.3620	0.7803	0.1006	0.0002	0.2131	0.0055	0.0002	0.0216	0.1507	0.0001	0.2557
9	53	0.0863	2	1	0	2	0	0	0	0	0	N	N	Y	N	N	N	N	N	N	N	N	N	1.2228	inf	0.0000	9.4638	inf	0.0000	1.0210	inf	0.0000	0.2129	0.2559	0.0000	0.0938	0.0972	0.0000	0.2658	0.3437	0.0000	0.1741	0.0000	0.3690	0.0099	0.0000	0.0398	0.2603	0.0000	0.4420	0.0000	inf	-0.0001	0.0014	0.0046	3.3392	1.9974	2.9996	0.0002	0.0002	0.0000	0.0000	0.0000	0.0000	0.0001	0.0001	0.0000	0.0082	0.0000	0.0082	0.0002	0.0000	0.0002	0.0080	0.0000	0.0080	0.0007	0.0006	0.0001	0.0002	0.0002	0.0000	0.0005	0.0004	0.0001	0.0469	0.0248	0.0221	0.0162	0.0121	0.0040	0.0308	0.0126	0.0181	1.2228	inf	0.0000	9.4638	inf	0.0000	1.0210	inf	0.0000	0.1741	0.0000	0.3690	0.0099	0.0000	0.0398	0.2603	0.0000	0.4420
9	54	0.1324	3	1	1	1	0	0	0	0	0	N	N	N	N	N	N	N	N	N	N	N	N	5.8486	11941.9387	0.0097	0.0183	2.2294	0.0345	6.2400	inf	0.0077	0.3550	0.4107	0.0012	0.0002	0.0001	0.0021	0.5474	0.6673	0.0011	0.0607	0.0000	0.1250	0.0136	0.0001	0.0620	0.0877	0.0000	0.1374	0.0005	3428.8458	-0.0001	0.0004	0.0046	2.0079	1.9974	2.2027	0.0001	0.0001	0.0000	0.0000	0.0000	0.0000	0.0001	0.0001	0.0000	0.0022	0.0000	0.0022	0.0002	0.0000	0.0002	0.0020	0.0000	0.0020	0.0004	0.0003	0.0000	0.0001	0.0001	0.0000	0.0002	0.0002	0.0000	0.0362	0.0186	0.0176	0.0132	0.0103	0.0029	0.0230	0.0083	0.0147	5.8486	11941.9387	0.0097	0.0183	2.2294	0.0345	6.2400	inf	0.0077	0.0607	0.0000	0.1250	0.0136	0.0001	0.0620	0.0877	0.0000	0.1374
9	55	0.0863	2	1	1	1	0	0	0	0	0	N	N	N	N	N	N	N	N	N	N	N	N	0.0056	29.4634	0.0064	56.5709	118.9439	164.1845	0.0033	0.0489	0.0045	0.0939	0.0288	0.4304	0.1174	0.0818	1.0308	0.0838	0.0009	0.3855	16.9032	0.0010	66.8154	0.0021	0.0007	0.0063	25.7112	0.0192	84.7413	2.8832	32701.9692	0.0000	0.1722	0.0046	4.3406	1.9974	3.9440	0.0001	0.0000	0.0001	0.0000	0.0000	0.0000	0.0001	0.0000	0.0000	0.9933	0.0000	0.9932	0.0000	0.0000	0.0000	0.9932	0.0000	0.9932	0.0009	0.0007	0.0001	0.0003	0.0002	0.0000	0.0006	0.0005	0.0001	0.0588	0.0310	0.0277	0.0201	0.0151	0.0050	0.0386	0.0159	0.0227	0.0056	29.4634	0.0120	56.5709	118.9439	164.1845	0.0033	0.7487	0.0088	16.9032	0.0010	35.8137	0.0021	0.0007	0.0063	25.7112	0.0013	43.6797
9	56	0.0863	2	0	1	1	0	0	0	0	0	N	N	N	N	N	N	N	N	N	N	N	N	3.3139	3753.6192	2.2058	0.0000	0.0000	0.0000	3.3087	inf	2.0434	0.2242	0.2059	0.3158	0.0000	0.0000	0.0000	0.3225	0.3179	0.3385	0.0676	0.0001	0.1432	0.0099	0.0001	0.0396	0.0975	0.0000	0.1657	0.3050	2335.1912	-0.0001	0.0008	0.0046	3.6608	1.9974	7.0004	0.0002	0.0001	0.0000	0.0000	0.0000	0.0000	0.0002	0.0001	0.0000	0.0049	0.0000	0.0049	0.0002	0.0000	0.0002	0.0046	0.0000	0.0046	0.0008	0.0006	0.0001	0.0002	0.0002	0.0000	0.0005	0.0004	0.0001	0.0719	0.0379	0.0339	0.0245	0.0184	0.0061	0.0474	0.0195	0.0279	3.3139	3753.6192	2.2058	0.0000	0.0000	0.0000	3.3087	inf	2.0434	0.0676	0.0001	0.1432	0.0099	0.0001	0.0396	0.0975	0.0000	0.1657
9	57	0.0863	2	0	0	2	0	0	0	0	0	N	N	Y	N	N	N	N	N	N	N	N	N	232.8407	0.0000	inf	0.0000	0.0000	inf	inf	0.0933	0.0000	0.4985	0.0000	0.0000	0.0000	0.1398	0.0000	0.5260	0.0004	0.0008	0.0000	0.0012	0.0016	0.0000	0.0000	0.0000	0.0000	inf	0.0000	0.0000	-0.0000	0.0046	1.6608	1.9974	6.0004	0.0000	0.0000	0.0000	0.0000	0.0000	0.0000	0.0000	0.0000	0.0000	0.0000	0.0000	0.0000	0.0000	0.0000	0.0000	0.0000	0.0000	0.0000	0.0004	0.0003	0.0001	0.0001	0.0001	0.0000	0.0003	0.0002	0.0001	0.0551	0.0291	0.0260	0.0189	0.0142	0.0047	0.0362	0.0149	0.0213	232.8407	0.0000	inf	0.0000	0.0000	0.0000	inf	0.0000	inf	0.0004	0.0008	0.0000	0.0012	0.0016	0.0000	0.0000	0.0000	0.0000		
9	58	0.0863	2	1	1	1	0	0	0	0	0	N	N	N	N	N	N	N	N	N	N	N	N	0.2959	18.7157	0.0000	33.6194	26.2957	0.0000	0.0000	0.0237	0.0282	0.0000	0.0788	0.0818	0.0000	0.0000	0.0000	0.0000	0.0800	0.0015	0.1677	0.0023	0.0031	0.0000	0.1199	0.0000	0.2039	0.0000	99.4653	-0.0000	0.0010	0.0046	4.3392	1.9974	6.9996	0.0000	0.0000	0.0000	0.0000	0.0000	0.0000	0.0000	0.0000	0.0000	0.0060	0.0001	0.0060	0.0001	0.0001	0.0000	0.0060	0.0000	0.0060	0.0009	0.0007	0.0001	0.0003	0.0002	0.0000	0.0006	0.0005	0.0001	0.0754	0.0398	0.0356	0.0256	0.0193	0.0063	0.0498	0.0205	0.0293	0.2959	18.7157	0.0000	33.6194	26.2957	0.0000	0.0000	0.0000	0.0000	0.0800	0.0015	0.1677	0.0023	0.0031	0.0000	0.1199	0.0000	0.2039		
9	59	0.0863	2	1	1	2	0	0	0	0	0	N	N	Y	N	N	N	N	N	N	N	N	N	8.0622	524.8485	5.7483	0.0000	0.0000	0.0000	8.4434	inf	5.6614	0.1617	0.1468	0.2422	0.0000	0.0000	0.0000	0.2292	0.2209	0.2613	0.0201	0.0003	0.0421	0.0062	0.0006	0.0234	0.0271	0.0000	0.0462	0.3050	134.9204	-0.0001	0.0003	0.0046	5.6608	1.9974	7.0004	0.0002	0.0001	0.0000	0.0000	0.0000	0.0000	0.0002	0.0001	0.0000	0.0016	0.0000	0.0016	0.0002	0.0000	0.0002	0.0015	0.0000	0.0015	0.0010	0.0009	0.0002	0.0003	0.0003	0.0000	0.0007	0.0006	0.0002	0.0819	0.0432	0.0387	0.0277	0.0209	0.0068	0.0542	0.0223	0.0318	8.0622	524.8485	5.7483	0.0000	0.0000	0.0000	8.4434	inf	5.6614	0.0201	0.0003	0.0421	0.0062	0.0006	0.0234	0.0271	0.0000	0.0462
9	60	0.0863	2	0	1	1	0	0	0	0	0	N	N	N	N	N	N	N	N	N	N	N	N	0.0000	0.0000	0.0000	0.0000	0.0000	0.0000	0.0000	0.0000	0.0000	0.0000	0.0000	0.0000	0.0000	0.0000	0.0000	0.0954	0.0000	0.2023	0.0058	0.0000	0.0235	0.1425	0.0000	0.2420	inf	0.0000	0.0007	0.0046	2.0000	1.9974	4.0000	0.0000	0.0000	0.0000	0.0000	0.0000	0.0000	0.0000	0.0000	0.0000	0.0043	0.0000	0.0043	0.0001	0.0000	0.0001	0.0042	0.0000	0.0042	0.0005	0.0004	0.0001	0.0002	0.0002	0.0000	0.0003	0.0002	0.0001	0.0447	0.0236	0.0211	0.0154	0.0116	0.0038	0.0293	0.0121	0.0173	0.0000	0.0000	0.0000	0.0000	0.0000	0.0000	0.0000	0.0000	0.0000	0.0954	0.0000	0.2023	0.0058	0.0000	0.0235	0.1425	0.0000	0.2420				
9	61	0.0863	2	1	0	2	0	0	0	0	0	N	N	Y	N	N	N	N	N	N	N	N	N	3.2772	3393.9953	0.0000	10.8262	660.1709	0.0000	2.7874	inf	0.0000	0.1497	0.1776	0.0000	0.0685	0.0713	0.0000	0.1837	0.2318	0.0000	0.0457	0.0001	0.0966	0.0063	0.0001	0.0253	0.0659	0.0000	0.1121	0.0000	1652.8926	-0.0001	0.0006	0.0046	5.3392	1.9974	6.0004	0.0002	0.0002	0.0000	0.0000	0.0000	0.0000	0.0001	0.0001	0.0000	0.0034	0.0000	0.0034	0.0002	0.0000	0.0002	0.0033	0.0000	0.0033	0.0010	0.0008	0.0002	0.0003	0.0003	0.0000	0.0007	0.0006	0.0001	0.0754	0.0398	0.0356	0.0256	0.0193	0.0063	0.0498	0.0205	0.0293	3.2772	3393.9953	0.0000	10.8262	660.1709	0.0000	2.7874	inf	0.0000	0.0457	0.0001	0.0966	0.0063	0.0001	0.0253	0.0659	0.0000	0.1121
9	62	0.0863	2	0	1	1	0	0	0	0	0	N	N	N	N	N	N	N	N	N	N	N	N	2.0200	0.0000	7.6983	3.3488	0.0000	30.3409	1.8735	0.0000	6.7990	0.1609	0.0000	1.0960	0.0244	0.0000	0.6137	0.2157	0.0000	1.1366	0.0797	0.0232	0.1424	0.0073	0.0031	0.0202	0.1151	1.1844	0.1672	inf	5.5304	0.0001	0.0002	0.0046	8.6608	1.9974	13.0004	0.0002	0.0000	0.0002	0.0000	0.0000	0.0000	0.0002	0.0000	0.0002	0.0094	0.0014	0.0079	0.0003	0.0001	0.0002	0.0091	0.0013	0.0077	0.0014	0.0012	0.0002	0.0004	0.0004	0.0000	0.0010	0.0008	0.0002	0.1174	0.0618	0.0556	0.0386	0.0292	0.0094	0.0788	0.0325	0.0462	2.0200	0.0000	7.6983	3.3488	0.0000	30.3409	1.8735	0.0000	6.7990	0.0797	0.0232	0.1424	0.0073	0.0031	0.0202	0.1151	0.0412	0.1672
9	65	0.0863	2	0	1	1	0	0	0	0	0	N	N	N	N	N	N	N	N	N	N	N	N	3.1154	0.0000	10.5310	6.6430	0.0000	inf	2.8668	0.0000	8.8618	0.1265	0.0000	0.8298	0.0290	0.0000	0.7384	0.1666	0.0000	0.8372	0.0406	0.0062	0.0788	0.0044	0.0058	0.0000	0.0581	0.5638	0.0945	inf	11.5315	0.0001	0.0005	0.0046	6.6608	1.9974	17.9996	0.0001	0.0000	0.0001	0.0000	0.0000	0.0000	0.0001	0.0000	0.0001	0.0051	0.0004	0.0047	0.0002	0.0002	0.0000	0.0050	0.0002	0.0047	0.0012	0.0010	0.0002	0.0003	0.0003	0.0000	0.0008	0.0007	0.0002	0.1265	0.0665	0.0600	0.0412	0.0312	0.0100	0.0853	0.0353	0.0500	3.1154	0.0000	10.5310	6.6430	0.0000	inf	2.8668	0.0000	8.8618	0.0406	0.0062	0.0788	0.0044	0.0058	0.0000	0.0581	0.0065	0.0945
9	66	0.0863	2	0	1	1	1	0	0	0	0	N	N	N	N	N	N	N	N	N	N	N	N	0.0068	inf	0.0081	293.6850	inf	619.0772	0.0040	0.0048	0.0800	0.0240	0.3797	0.1022	0.0713	0.8738	0.0707	0.0000	0.3411	11.8314	0.0000	47.0750	0.0003	0.0000	0.0014	17.8698	0.0000	71.1076	2.9479	inf	0.0000	0.1745	0.0046	5.3392	1.9974	7.9996	0.0001	0.0000	0.0001	0.0000	0.0000	0.0000	0.0001	0.0000	0.0001	1.0065	0.0000	1.0065	0.0000	0.0000	0.0000	1.0065	0.0000	1.0065	0.0010	0.0008	0.0002	0.0003	0.0003	0.0000	0.0007	0.0006	0.0001	0.0851	0.0449	0.0402	0.0287	0.0217	0.0071	0.0563	0.0232	0.0331	0.0068	inf	0.0152	293.6850	inf	619.0772	0.0040	0.0000	0.0112	11.8314	0.0000	25.0358	0.0003	0.0000	0.0014	17.8698	0.0000	30.3918	
9	67	0.0863	2	0	1	1	0	0	0	0	0	N	N	N	N	N	N	N	N	N	N	N	N	1.1240	2.1108	0.0000	11.3350	151.2677	0.0000	0.9262	0.1431	0.0000	0.1318	0.1557	0.0000	0.0611	0.0636	0.0000	0.1610	0.2015	0.0000	0.1173	0.0738	0.1839	0.0054	0.0004	0.0206	0.1739	1.4085	0.2184	0.0000	2.8659	-0.0001	-0.0009	0.0046	6.3392	1.9974	8.9996	0.0002	0.0002	0.0000	0.0000	0.0000	0.0000	0.0001	0.0001	0.0000	0.0110	0.0029	0.0082	0.0002	0.0000	0.0002	0.0108	0.0028	0.0080	0.0011	0.0010	0.0002	0.0003	0.0003	0.0000	0.0008	0.0006	0.0002	0.0939	0.0495	0.0444	0.0316	0.0238	0.0078	0.0624	0.0257	0.0367	1.1240	2.7061	0.0000	11.3350	151.2677	0.0000	0.9262	1.8248	0.0000	0.1173	0.0576	0.1839	0.0054	0.0004	0.0206	0.1739	0.1104	0.2184
9	68	0.0863	2	0	1	1	0	0	0	0	0	N	N	N	N	N	N	N	N	N	N	N	N	653.2606	0.0000	inf	74.7077	0.0000	inf	inf	inf	0.1098	0.0000	0.6849	0.0369	0.0000	0.9737	0.1409	0.0000	0.6630	0.0002	0.0003	0.0000	0.0005	0.0007	0.0000	0.0000	0.0000	0.0000	inf	0.0000	0.0000	-0.0000	0.0046	4.6608	1.9974	6.0004	0.0001	0.0000	0.0001	0.0000	0.0000	0.0000	0.0001	0.0000	0.0001	0.0000	0.0000	0.0000	0.0000	0.0000	0.0000	0.0000	0.0000	0.0000	0.0009	0.0008	0.0001	0.0003	0.0003	0.0000	0.0006	0.0005	0.0001	0.0719	0.0379	0.0339	0.0245	0.0184	0.0061	0.0474	0.0195	0.0279	653.2606	0.0000	inf	74.7077	0.0000	inf	inf	0.0000	inf	0.0002	0.0003	0.0000	0.0005	0.0007	0.0000	0.0000	0.0000	0.0000	
9	69	0.1122	3	0	1	1	0	0	0	0	0	N	N	N	N	N	N	N	N	N	N	N	N	0.2067	3.0009	0.0014	4.9452	4.3474	39.1404	0.0002	0.0000	0.0006	0.0148	0.0175	0.0002	0.0362	0.0374	0.0013	0.0000	0.0000	0.0001	0.0718	0.0058	0.1460	0.0073	0.0086	0.0000	0.1189	0.0023	0.1683	0.0022	22.1742	-0.0000	0.0006	0.0046	3.0720	1.9974	3.7333	0.0000	0.0000	0.0000	0.0000	0.0000	0.0000	0.0000	0.0000	0.0000	0.0050	0.0002	0.0047	0.0002	0.0002	0.0000	0.0047	0.0000	0.0047	0.0008	0.0007	0.0001	0.0003	0.0003	0.0000	0.0005	0.0004	0.0001	0.0692	0.0366	0.0325	0.0292	0.0249	0.0043	0.0399	0.0117	0.0282	0.2067	3.0009	0.0014	4.9452	4.3474	39.1404	0.0002	0.0000	0.0006	0.0718	0.0058	0.1460	0.0073	0.0086	0.0000	0.1189	0.0000	0.1683
9	70	0.0863	2	0	1	1	0	0	0	0	0	N	N	N	N	N	N	N	N	N	N	N	N	0.6963	7.1150	0.6158	265.6492	208.4279	0.0000	0.2327	0.0001	0.5308	0.0592	0.0482	0.1063	0.1171	0.1206	0.0000	0.0302	0.0001	0.1120	0.0850	0.0068	0.1726	0.0004	0.0006	0.0000	0.1296	0.9218	0.2111	0.5120	22.7283	-0.0000	0.0004	0.0046	1.5925	1.9974	3.3727	0.0000	0.0000	0.0000	0.0000	0.0000	0.0000	0.0000	0.0000	0.0000	0.0032	0.0001	0.0031	0.0000	0.0000	0.0000	0.0032	0.0001	0.0031	0.0004	0.0003	0.0001	0.0001	0.0001	0.0000	0.0003	0.0002	0.0001	0.0379	0.0200	0.0179	0.0131	0.0098	0.0033	0.0248	0.0102	0.0146	0.6963	7.1150	0.6158	265.6492	208.4279	0.0000	0.2327	0.0065	0.5308	0.0850	0.0068	0.1726	0.0004	0.0006	0.0000	0.1296	0.0128	0.2111
9	71	0.0863	2	0	1	1	0	0	0	0	0	N	N	N	N	N	N	N	N	N	N	N	N	2.1747	0.0000	7.2767	5.5179	0.0000	704.2813	1.9350	0.0000	5.8590	0.0950	0.0000	0.6087	0.0324	0.0000	0.8349	0.1211	0.0000	0.5909	0.0437	0.0078	0.0837	0.0059	0.0074	0.0012	0.0626	0.6756	0.1009	inf	9.6901	0.0000	0.0004	0.0046	5.6608	1.9974	12.0004	0.0001	0.0000	0.0001	0.0000	0.0000	0.0000	0.0001	0.0000	0.0001	0.0045	0.0004	0.0041	0.0002	0.0002	0.0000	0.0043	0.0002	0.0041	0.0010	0.0009	0.0002	0.0003	0.0003	0.0000	0.0007	0.0006	0.0002	0.1033	0.0544	0.0489	0.0345	0.0260	0.0084	0.0689	0.0284	0.0405	2.1747	0.0000	7.2767	5.5179	0.0000	704.2813	1.9350	0.0000	5.8590	0.0437	0.0078	0.0837	0.0059	0.0074	0.0012	0.0626	0.0081	0.1009
9	73	0.0863	2	1	1	1	1	0	0	0	0	N	N	N	N	N	N	N	N	N	N	N	N	2.5027	38.8934	6.1198	13.3458	52.5898	0.0000	2.1309	5.5238	0.2129	0.0346	1.0951	0.0938	0.0972	0.0000	0.2658	0.0000	1.1718	0.0851	0.0009	0.1789	0.0070	0.0018	0.0229	0.1247	0.0000	0.2121	6.3872	180.1279	0.0000	0.0013	0.0046	3.3392	1.9974	11.0004	0.0002	0.0000	0.0001	0.0000	0.0000	0.0000	0.0001	0.0000	0.0001	0.0076	0.0000	0.0076	0.0002	0.0000	0.0002	0.0074	0.0000	0.0074	0.0007	0.0006	0.0001	0.0002	0.0002	0.0000	0.0005	0.0004	0.0001	0.0896	0.0472	0.0424	0.0302	0.0228	0.0074	0.0594	0.0245	0.0349	2.5027	38.8934	6.1198	13.3458	52.5898	0.0000	2.1309	0.0000	5.5238	0.0851	0.0009	0.1789	0.0070	0.0018	0.0229	0.1247	0.0000	0.2121	
9	74	0.0863	2	0	1	1	1	0	0	0	0	N	N	N	N	N	N	N	N	N	N	N	N	1.5666	16.0994	4.2008	7.0427	23.5299	0.0000	1.3093	3.8355	0.1318	0.0211	0.7422	0.0611	0.0636	0.0000	0.1610	0.0000	0.8020	0.0841	0.0013	0.1767	0.0087	0.0027	0.0269	0.1230	0.0000	0.2091	6.3872	120.7729	0.0000	0.0010	0.0046	6.3392	1.9974	5.0004	0.0002	0.0000	0.0001	0.0000	0.0000	0.0000	0.0001	0.0000	0.0001	0.0063	0.0001	0.0063	0.0002	0.0001	0.0002	0.0061	0.0000	0.0061	0.0011	0.0010	0.0002	0.0003	0.0003	0.0000	0.0008	0.0006	0.0002	0.0754	0.0398	0.0356	0.0256	0.0193	0.0063	0.0498	0.0205	0.0293	1.5666	16.0994	4.2008	7.0427	23.5299	0.0000	1.3093	0.0000	3.8355	0.0841	0.0013	0.1767	0.0087	0.0027	0.0269	0.1230	0.0000	0.2091	
9	75	0.1566	3	0	1	1	0	0	0	0	0	N	N	N	N	N	N	N	N	N	N	N	N	0.0043	0.8503	0.0000	0.5851	0.5467	0.0000	0.0027	0.3277	0.0000	0.0006	0.0006	0.0000	0.0004	0.0004	0.0000	0.0008	0.0007	0.0000	0.1374	0.0007	0.3022	0.0007	0.0008	0.0001	0.2830	0.0023	0.3406	0.0357	365.2079	-0.0000	0.0006	0.0046	0.0009	1.9974	1.7419	0.0000	0.0000	0.0000	0.0000	0.0000	0.0000	0.0000	0.0000	0.0000	0.0036	0.0000	0.0036	0.0000	0.0000	0.0000	0.0036	0.0000	0.0036	0.0000	0.0000	0.0000	0.0000	0.0000	0.0000	0.0000	0.0000	0.0000	0.0261	0.0142	0.0118	0.0134	0.0121	0.0013	0.0126	0.0021	0.0105	0.0043	0.8503	0.0000	0.5851	0.5467	0.0000	0.0027	225.0411	0.0000	0.1374	0.0007	0.3022	0.0007	0.0008	0.0001	0.2830	0.0000	0.3406
9	76	0.0863	2	0	1	1	0	0	0	0	0	N	N	N	N	N	N	N	N	N	N	N	N	0.6506	65.5827	0.0000	38.7587	36.1863	0.0000	0.3808	27.8952	0.0000	0.0720	0.0851	0.0000	0.0929	0.0967	0.0000	0.0634	0.0794	0.0000	0.1107	0.0013	0.2329	0.0024	0.0027	0.0016	0.1664	0.0028	0.2829	0.0000	160.5872	-0.0000	0.0014	0.0046	6.1537	1.9974	5.2905	0.0001	0.0001	0.0000	0.0000	0.0000	0.0000	0.0000	0.0000	0.0000	0.0084	0.0001	0.0083	0.0001	0.0001	0.0000	0.0083	0.0000	0.0083	0.0011	0.0009	0.0002	0.0003	0.0003	0.0000	0.0008	0.0006	0.0002	0.0759	0.0400	0.0358	0.0258	0.0194	0.0064	0.0501	0.0206	0.0295	0.6506	65.5827	0.0000	38.7587	36.1863	0.0000	0.3808	12897.6411	0.0000	0.1107	0.0013	0.2329	0.0024	0.0027	0.0016	0.1664	0.0000	0.2829
9	77	0.0863	2	0	0	2	1	0	0	0	0	N	N	Y	N	N	N	N	N	N	N	N	N	2.6522	19.5628	7.2547	12.5235	28.0505	34.5358	2.2077	6.2671	0.2094	0.0240	1.2024	0.1022	0.0713	0.8738	0.2544	0.0000	1.2280	0.0790	0.0012	0.1657	0.0082	0.0025	0.0253	0.1152	0.0000	0.1960	9.3351	120.7729	0.0001	0.0010	0.0046	5.3392	1.9974	7.0004	0.0002	0.0000	0.0002	0.0000	0.0000	0.0000	0.0002	0.0000	0.0002	0.0063	0.0001	0.0063	0.0002	0.0001	0.0002	0.0061	0.0000	0.0061	0.0010	0.0008	0.0002	0.0003	0.0003	0.0000	0.0007	0.0006	0.0001	0.0803	0.0424	0.0380	0.0272	0.0205	0.0067	0.0531	0.0219	0.0312	2.6522	19.5628	7.2547	12.5235	28.0505	34.5358	2.2077	0.0000	6.2671	0.0790	0.0012	0.1657	0.0082	0.0025	0.0253	0.1152	0.0000	0.1960	
9	78	0.0863	2	0	0	2	1	0	0	0	0	N	N	Y	N	N	N	N	N	N	N	N	N	0.5901	14.2294	1.3653	34.3652	20.6632	569.1764	0.3466	1.0147	0.0704	0.0211	0.3426	0.0911	0.0636	0.7660	0.0619	0.0000	0.3085	0.1194	0.0015	0.2509	0.0026	0.0031	0.0013	0.1787	0.0000	0.3040	2.9479	151.8274	0.0000	0.0018	0.0046	6.3392	1.9974	7.9996	0.0001	0.0000	0.0001	0.0000	0.0000	0.0000	0.0001	0.0000	0.0001	0.0107	0.0001	0.0106	0.0001	0.0001	0.0000	0.0106	0.0000	0.0106	0.0011	0.0010	0.0002	0.0003	0.0003	0.0000	0.0008	0.0006	0.0002	0.0896	0.0472	0.0424	0.0302	0.0228	0.0074	0.0594	0.0245	0.0349	0.5901	14.2294	1.3653	34.3652	20.6632	569.1764	0.3466	0.0000	1.0147	0.1194	0.0015	0.2509	0.0026	0.0031	0.0013	0.1787	0.0000	0.3040	
9	79	0.0863	2	0	1	1	0	0	0	0	0	N	N	N	N	N	N	N	N	N	N	N	N	49.9444	32.7375	50.2956	38.8406	0.0554	0.0688	0.0000	0.1622	0.1667	0.0000	0.0000	0.0000	0.0000	0.0011	0.0021	0.0000	0.0032	0.0043	0.0000	0.0000	0.0000	0.0000	0.0000	0.0000	-0.0000	-0.0000	0.0046	1.3392	1.9974	5.0004	0.0000	0.0000	0.0000	0.0000	0.0000	0.0000	0.0000	0.0000	0.0000	0.0001	0.0001	0.0000	0.0001	0.0001	0.0000	0.0000	0.0000	0.0000	0.0004	0.0003	0.0001	0.0001	0.0001	0.0000	0.0002	0.0002	0.0001	0.0469	0.0248	0.0221	0.0162	0.0121	0.0040	0.0308	0.0126	0.0181	49.9444	32.7375	0.0000	50.2956	38.8406	0.0000	0.0000	0.0000	0.0000	0.0011	0.0021	0.0000	0.0032	0.0043	0.0000	0.0000	0.0000	0.0000					
9	80	0.0863	2	1	1	1	0	0	0	0	0	N	N	N	N	N	N	N	N	N	N	N	N	1.9454	13.6883	5.6817	11.6483	20.1912	33.9030	1.6031	4.9278	0.1514	0.0172	0.9260	0.0760	0.0531	0.6296	0.1817	0.0000	0.9509	0.0778	0.0013	0.1630	0.0065	0.0026	0.0186	0.1134	0.0000	0.1930	9.3351	116.6846	0.0001	0.0014	0.0046	8.3392	1.9974	9.9996	0.0002	0.0000	0.0002	0.0000	0.0000	0.0000	0.0002	0.0000	0.0002	0.0082	0.0001	0.0082	0.0002	0.0001	0.0002	0.0080	0.0000	0.0080	0.0014	0.0012	0.0002	0.0004	0.0004	0.0000	0.0010	0.0008	0.0002	0.1059	0.0558	0.0501	0.0352	0.0266	0.0086	0.0706	0.0291	0.0415	1.9454	13.6883	5.6817	11.6483	20.1912	33.9030	1.6031	0.0000	4.9278	0.0778	0.0013	0.1630	0.0065	0.0026	0.0186	0.1134	0.0000	0.1930	
10	11	0.1570	2	1	1	1	0	0	0	0	0	N	N	N	N	N	N	N	N	N	N	N	N	6.7492	0.0000	inf	0.0000	0.0000	inf	inf	0.7521	0.0000	3.3176	0.0000	0.0000	0.0000	0.9871	0.0000	3.3379	0.1114	0.2818	0.0000	0.7243	0.7545	0.0000	0.0000	0.0000	0.0000	inf	0.0000	0.1775	-0.0355	6.6608	1.6609	9.9996	2.6354	0.4367	0.0000	0.4367	0.0000	0.0000	0.0000	0.4367	0.0000	0.4367	0.0430	0.0430	0.0000	0.0430	0.0430	0.0000	0.0000	0.0000	0.0000	0.5806	0.4490	0.1316	0.1382	0.1374	0.0008	0.4424	0.3116	0.1308	0.3854	0.2039	0.1815	0.0813	0.0802	0.0012	0.3041	0.1237	0.1804	6.7492	0.0000	inf	0.0000	0.0000	0.0000	inf	0.0000	inf	0.1114	0.2107	0.0000	0.5280	0.5357	0.0000	0.0000	0.0000	0.0000		
10	16	0.1527	2	0	1	1	0	0	0	0	0	N	N	N	N	N	N	N	N	N	N	N	N	236.1801	132.4357	54.4433	53.2790	inf	inf	1.0143	1.2751	0.0000	1.7635	1.8401	0.0000	0.6302	0.8852	0.0000	0.0043	0.0096	0.0000	0.0324	0.0345	0.0000	0.0000	0.0000	0.0000	0.0000	0.0000	-0.3860	-0.0011	6.6608	1.9870	9.9996	4.1092	0.6505	0.6505	0.0000	0.3833	0.3833	0.0000	0.2672	0.2672	0.0000	0.0014	0.0014	0.0000	0.0014	0.0014	0.0000	0.0000	0.0000	0.0000	0.6413	0.5101	0.1311	0.2173	0.2083	0.0090	0.4239	0.3018	0.1221	0.3212	0.1433	0.1779	0.0426	0.0399	0.0026	0.2786	0.1033	0.1753	236.1801	132.4357	0.0000	54.4433	53.2790	0.0000	inf	inf	0.0000	0.0043	0.0096	0.0000	0.0324	0.0345	0.0000	0.0000	0.0000	0.0000			
10	18	0.1683	2	1	1	1	0	0	0	0	0	N	N	N	N	N	N	N	N	N	N	N	N	0.0416	0.0031	0.2352	0.9949	0.6549	0.2569	0.0499	0.0000	0.2875	0.0184	0.0010	0.1485	0.0041	0.0025	0.0282	0.0273	0.0000	0.1817	0.4412	0.3234	0.6314	0.0042	0.0037	0.1096	0.5470	2.0107	0.6322	19.7818	2.6019	0.0014	-0.0108	6.6608	1.0070	9.9996	4.1063	0.0038	0.0002	0.0037	0.0003	0.0002	0.0001	0.0035	0.0000	0.0035	0.1032	0.0286	0.0745	0.0002	0.0002	0.0000	0.1030	0.0285	0.0745	0.2093	0.1847	0.0246	0.0808	0.0754	0.0053	0.1285	0.1092	0.0193	0.2338	0.1158	0.1180	0.0456	0.0454	0.0002	0.1883	0.0704	0.1178	0.0416	0.0041	0.2352	0.9949	0.6549	0.2569	0.0499	0.0000	0.2875	0.4412	0.2473	0.6314	0.0042	0.0037	0.1096	0.5470	0.4043	0.6322
10	21	0.1620	2	1	0	2	0	0	0	0	0	N	N	Y	N	N	N	N	N	N	N	N	N	0.5997	0.0000	inf	0.0000	0.0000	inf	inf	0.0025	0.0000	0.0166	0.0000	0.0000	0.0000	0.0027	0.0000	0.0168	0.0042	0.0099	0.0000	0.0953	0.0967	0.0000	0.0000	0.0000	0.0000	inf	0.0000	0.0002	-0.0009	6.6608	1.0018	9.9996	3.0659	0.0005	0.0000	0.0005	0.0000	0.0000	0.0000	0.0005	0.0000	0.0005	0.0010	0.0010	0.0000	0.0010	0.0010	0.0000	0.0000	0.0000	0.0000	0.2083	0.1765	0.0318	0.0100	0.0097	0.0003	0.1983	0.1668	0.0315	0.2433	0.1037	0.1396	0.0108	0.0106	0.0002	0.2325	0.0930	0.1395	0.5997	0.0000	inf	0.0000	0.0000	0.0000	inf	0.0000	inf	0.0042	0.0099	0.0000	0.0953	0.0967	0.0000	0.0000	0.0000	0.0000		
10	26	0.1481	2	1	1	1	0	0	0	0	0	N	N	N	N	N	N	N	N	N	N	N	N	0.0000	0.0000	0.0000	0.0000	0.0000	0.0000	0.0000	0.0000	0.0000	0.0000	0.0000	0.0000	0.0000	0.0000	0.0001	0.0000	0.0001	0.0001	0.0000	0.0000	0.0000	0.0000	0.0000	0.0000	-0.0000	6.6608	0.0026	9.9996	0.9906	0.0000	0.0000	0.0000	0.0000	0.0000	0.0000	0.0000	0.0000	0.0000	0.0000	0.0000	0.0000	0.0000	0.0000	0.0000	0.0000	0.0000	0.0000	0.5052	0.3943	0.1109	0.2541	0.2539	0.0003	0.2510	0.1404	0.1106	0.3079	0.1607	0.1472	0.1285	0.1284	0.0001	0.1794	0.0323	0.1471	0.0000	0.0000	0.0000	0.0000	0.0000	0.0000	0.0000	0.0000	0.0000	0.0000	0.0001	0.0000	0.0001	0.0001	0.0000	0.0000	0.0000	0.0000						
10	31	0.1925	2	1	1	1	0	0	0	0	0	N	N	N	N	N	N	N	N	N	N	N	N	0.0013	0.0007	0.0000	0.0002	0.0002	0.0000	0.0791	inf	0.0000	0.0022	0.0024	0.0000	0.0011	0.0012	0.0000	0.0029	0.0033	0.0000	1.7223	3.2991	0.0500	4.8165	4.9003	0.1118	0.0364	0.0000	0.0492	0.0000	0.0143	-0.0001	-0.2436	6.6608	0.1965	9.9996	2.3074	0.0001	0.0001	0.0000	0.0000	0.0000	0.0000	0.0001	0.0001	0.0000	0.2998	0.2956	0.0042	0.2957	0.2956	0.0001	0.0041	0.0000	0.0041	0.0583	0.0531	0.0052	0.0235	0.0225	0.0010	0.0347	0.0306	0.0041	0.1741	0.0896	0.0845	0.0614	0.0603	0.0011	0.1127	0.0293	0.0834	0.0013	0.0007	0.0000	0.0002	0.0002	0.0000	0.0791	inf	0.0000	1.7223	3.2991	0.0500	4.8165	4.9003	0.1118	0.0364	0.0000	0.0492
10	34	0.2034	2	0	0	2	0	0	0	0	0	N	N	Y	N	N	N	N	N	N	N	N	N	0.0006	0.0000	0.0021	0.2362	0.0000	0.1511	0.0006	0.0022	0.0015	0.0000	0.0114	0.0004	0.0000	0.0081	0.0021	0.0000	0.0120	2.7112	0.0002	5.4440	0.0019	0.0003	0.0537	3.7901	0.0000	5.5343	inf	30738.1491	0.0005	0.2664	6.6608	3.8106	9.9996	5.1657	0.0012	0.0000	0.0012	0.0001	0.0000	0.0001	0.0011	0.0000	0.0011	1.5370	0.0001	1.5369	0.0003	0.0001	0.0003	1.5367	0.0000	1.5367	0.8252	0.7165	0.1086	0.3015	0.2852	0.0163	0.5237	0.4313	0.0923	0.5669	0.2846	0.2823	0.1614	0.1568	0.0047	0.4054	0.1278	0.2777	0.0006	0.0000	0.0021	0.2362	0.0000	0.1511	0.0006	0.0000	0.0022	2.7112	0.0002	5.4440	0.0019	0.0003	0.0537	3.7901	0.0000	5.5343	
10	37	0.1847	3	1	0	2	0	0	0	0	0	N	N	Y	N	N	N	N	N	N	N	N	N	0.8842	1607.2218	0.0000	368.3471	353.4585	0.7730	inf	0.0000	1.7237	2.1823	0.0000	1.5525	1.5648	0.0000	1.7676	2.3949	0.0000	1.9495	0.0014	3.5982	0.0042	0.0044	0.0000	2.2866	0.0000	3.6459	0.0000	3131.4787	-0.7238	0.1518	6.6608	2.3426	9.9996	5.0131	1.2196	1.2196	0.0000	0.2240	0.2240	0.0000	0.9956	0.9956	0.0000	0.8771	0.0003	0.8768	0.0003	0.0003	0.0000	0.8768	0.0000	0.8768	0.7075	0.5589	0.1487	0.1443	0.1431	0.0011	0.5633	0.4157	0.1475	0.4499	0.2062	0.2437	0.0664	0.0632	0.0032	0.3835	0.1430	0.2405	0.8842	1607.2218	0.0000	368.3471	353.4585	0.0000	0.7730	inf	0.0000	1.9495	0.0014	3.5982	0.0042	0.0044	0.0000	2.2866	0.0000	3.6459	
10	38	0.1570	2	1	0	2	0	0	0	0	0	N	N	Y	N	N	N	N	N	N	N	N	N	1.1058	1.0224	1.6634	1.5092	1.4594	0.7431	0.6711	1.6651	0.4136	0.2650	0.9784	1.0271	1.0354	0.0000	0.2617	0.0101	0.9860	0.3740	0.2592	0.5882	0.6805	0.7095	0.0000	0.3521	0.0150	0.5922	0.9708	3.1145	-0.0303	-0.0108	6.6608	2.4564	9.9996	2.5086	0.3005	0.1525	0.1480	0.1481	0.1481	0.0000	0.1524	0.0044	0.1480	0.1554	0.0378	0.1176	0.0377	0.0377	0.0000	0.1177	0.0001	0.1176	0.7267	0.5754	0.1513	0.1442	0.1431	0.0012	0.5824	0.4323	0.1501	0.4154	0.2154	0.1999	0.0812	0.0798	0.0013	0.3342	0.1356	0.1986	1.1058	1.5123	1.6634	2.2129	2.1942	0.0000	0.7431	17.0951	1.6651	0.3740	0.1753	0.5882	0.4641	0.4719	0.0000	0.3521	0.0006	0.5922	
10	41	0.1547	2	1	0	2	0	0	0	0	0	N	N	Y	N	N	N	N	N	N	N	N	N	0.0028	1.1651	0.0000	2.3535	2.4061	0.0000	0.0000	0.0010	0.0012	0.0000	0.0088	0.0090	0.0000	0.0000	0.0000	0.0000	0.3748	0.0011	0.7040	0.0037	0.0038	0.0000	0.4311	0.0000	0.7048	0.0000	760.4834	-0.0003	0.0288	6.6608	1.9694	9.9996	5.1440	0.0005	0.0005	0.0000	0.0005	0.0005	0.0000	0.0000	0.0000	0.0000	0.1675	0.0002	0.1673	0.0002	0.0002	0.0000	0.1673	0.0000	0.1673	0.4490	0.3831	0.0659	0.0533	0.0519	0.0014	0.3957	0.3312	0.0645	0.4470	0.2093	0.2376	0.0589	0.0586	0.0003	0.3881	0.1507	0.2374	0.0028	1.1651	0.0000	2.3535	2.4061	0.0000	0.0000	0.0000	0.0000	0.3748	0.0011	0.7040	0.0037	0.0038	0.0000	0.4311	0.0000	0.7048		
10	45	0.1570	2	1	1	2	0	0	0	0	0	N	N	Y	N	N	N	N	N	N	N	N	N	0.2289	inf	0.0000	inf	inf	0.0000	0.0000	0.4315	0.5657	0.0002	1.6515	1.6594	0.0000	0.0001	0.0000	0.0002	1.8853	0.0000	3.7320	0.0000	0.0000	0.0000	2.2416	0.0000	3.7594	0.0001	inf	-0.1330	0.1658	6.6608	1.3391	9.9996	5.8433	0.2241	0.2241	0.0000	0.2241	0.2241	0.0000	0.0000	0.0000	0.0000	0.9566	0.0000	0.9566	0.0000	0.0000	0.0000	0.9566	0.0000	0.9566	0.5194	0.3961	0.1233	0.1357	0.1350	0.0007	0.3837	0.2611	0.1226	0.5074	0.2511	0.2563	0.0806	0.0788	0.0019	0.4268	0.1723	0.2545	0.2289	inf	0.0000	inf	inf	0.0000	0.0000	0.0000	0.0000	1.8853	0.0000	3.7320	0.0000	0.0000	0.0000	2.2416	0.0000	3.7594		
10	47	0.1620	2	1	1	2	0	0	0	0	0	N	N	Y	N	N	N	N	N	N	N	N	N	0.2140	0.0000	inf	0.0000	0.0000	inf	inf	0.0009	0.0000	0.0061	0.0000	0.0000	0.0000	0.0010	0.0000	0.0061	0.0042	0.0099	0.0000	0.0953	0.0968	0.0000	0.0000	0.0000	0.0000	inf	0.0000	0.0002	-0.0009	6.6608	3.0001	9.9996	1.0598	0.0005	0.0000	0.0005	0.0000	0.0000	0.0000	0.0005	0.0000	0.0005	0.0010	0.0010	0.0000	0.0010	0.0010	0.0000	0.0000	0.0000	0.0000	0.5827	0.4958	0.0869	0.0275	0.0267	0.0008	0.5552	0.4691	0.0861	0.2429	0.1035	0.1394	0.0108	0.0106	0.0002	0.2321	0.0929	0.1392	0.2140	0.0000	inf	0.0000	0.0000	0.0000	inf	0.0000	inf	0.0042	0.0099	0.0000	0.0953	0.0968	0.0000	0.0000	0.0000	0.0000		
10	51	0.1527	2	0	1	2	0	0	0	0	0	N	N	Y	N	N	N	N	N	N	N	N	N	73.4838	0.0000	inf	1.4269	0.0000	inf	inf	inf	0.3904	0.0000	2.0095	0.0514	0.0000	1.1774	0.5526	0.0000	2.0747	0.0053	0.0117	0.0000	0.0360	0.0380	0.0000	0.0000	0.0000	0.0000	inf	0.0000	0.1134	-0.0011	6.6608	2.4249	9.9996	2.1457	0.2791	0.0000	0.2791	0.0119	0.0000	0.0119	0.2672	0.0000	0.2672	0.0014	0.0014	0.0000	0.0014	0.0014	0.0000	0.0000	0.0000	0.0000	0.7148	0.5760	0.1389	0.2314	0.2213	0.0101	0.4835	0.3547	0.1288	0.2597	0.1178	0.1419	0.0383	0.0363	0.0020	0.2214	0.0815	0.1398	73.4838	0.0000	inf	1.4269	0.0000	inf	inf	0.0000	inf	0.0053	0.0117	0.0000	0.0360	0.0380	0.0000	0.0000	0.0000	0.0000	
10	54	0.1683	2	1	1	1	0	0	0	0	0	N	N	N	N	N	N	N	N	N	N	N	N	0.0192	0.0014	0.1079	0.5063	0.3335	0.1145	0.0223	0.0000	0.1313	0.0096	0.0005	0.0777	0.0022	0.0013	0.0150	0.0141	0.0000	0.0947	0.5012	0.3650	0.7202	0.0044	0.0039	0.1307	0.6344	2.2754	0.7211	19.7818	2.6019	0.0014	-0.0108	6.6608	2.0079	9.9996	2.2027	0.0038	0.0002	0.0037	0.0003	0.0002	0.0001	0.0035	0.0000	0.0035	0.1032	0.0286	0.0745	0.0002	0.0002	0.0000	0.1030	0.0285	0.0745	0.3999	0.3528	0.0471	0.1515	0.1415	0.0100	0.2484	0.2114	0.0371	0.2058	0.1023	0.1035	0.0435	0.0433	0.0002	0.1623	0.0590	0.1033	0.0192	0.0019	0.1079	0.5063	0.3335	0.1145	0.0223	0.0000	0.1313	0.5012	0.2798	0.7202	0.0044	0.0039	0.1307	0.6344	0.4826	0.7211
10	63	0.1960	2	0	0	2	0	0	0	0	0	N	N	Y	N	N	N	N	N	N	N	N	N	0.0016	0.0000	0.0183	0.0002	0.0000	inf	0.0045	0.0150	0.0005	0.0000	0.0033	0.0002	0.0000	0.0038	0.0006	0.0000	0.0033	0.3174	0.4571	0.1825	0.9399	1.0792	0.0000	0.1310	0.0000	0.2196	inf	0.3699	0.0000	-0.0097	6.6608	0.9961	9.9996	0.0337	0.0001	0.0000	0.0001	0.0000	0.0000	0.0000	0.0001	0.0000	0.0001	0.0175	0.0128	0.0047	0.0128	0.0128	0.0000	0.0047	0.0000	0.0047	0.1983	0.1684	0.0299	0.0460	0.0434	0.0026	0.1523	0.1250	0.0273	0.0552	0.0293	0.0259	0.0191	0.0147	0.0044	0.0361	0.0146	0.0215	0.0016	0.0000	0.0183	0.0003	0.0000	inf	0.0045	0.0000	0.0150	0.3174	0.4369	0.1825	0.6701	0.8699	0.0000	0.1310	0.0000	0.2196	
10	69	0.1481	2	0	1	1	0	0	0	0	0	N	N	N	N	N	N	N	N	N	N	N	N	0.1177	7.5913	0.0000	10.3113	10.4497	0.0000	0.0000	0.1373	0.1652	0.0000	0.5020	0.5099	0.0000	0.0000	0.0000	0.0000	1.1660	0.0218	2.2101	0.0487	0.0488	0.0000	1.4690	0.0000	2.2123	0.0000	111.2771	-0.0820	0.1025	6.6608	3.0720	9.9996	3.7333	0.1381	0.1381	0.0000	0.1381	0.1381	0.0000	0.0000	0.0000	0.0000	0.6231	0.0055	0.6176	0.0055	0.0055	0.0000	0.6176	0.0000	0.6176	1.0061	0.8357	0.1704	0.2751	0.2708	0.0043	0.7310	0.5649	0.1661	0.5344	0.2550	0.2794	0.1140	0.1137	0.0003	0.4204	0.1412	0.2792	0.1177	7.5913	0.0000	10.3113	10.4497	0.0000	0.0000	0.0000	0.0000	1.1660	0.0218	2.2101	0.0487	0.0488	0.0000	1.4690	0.0000	2.2123		
10	75	0.1925	2	0	1	1	0	0	0	0	0	N	N	N	N	N	N	N	N	N	N	N	N	0.0005	50.0805	0.0000	0.1616	14.1244	0.0000	0.0006	inf	0.0000	0.0061	0.0063	0.0000	0.0024	0.0025	0.0000	0.0101	0.0107	0.0000	11.2567	0.0001	42.6077	0.0150	0.0002	1.1899	18.1828	0.0000	47.8057	0.0000	170891.1681	-0.0001	0.2963	6.6608	0.0009	9.9996	1.7419	0.0001	0.0001	0.0000	0.0000	0.0000	0.0000	0.0001	0.0001	0.0000	1.7089	0.0000	1.7089	0.0009	0.0000	0.0009	1.7081	0.0000	1.7081	0.0207	0.0201	0.0007	0.0109	0.0107	0.0002	0.0099	0.0094	0.0005	0.1518	0.0795	0.0723	0.0579	0.0571	0.0008	0.0939	0.0224	0.0715	0.0005	50.0805	0.0000	0.1616	14.1244	0.0000	0.0006	inf	0.0000	11.2567	0.0001	23.6386	0.0150	0.0002	1.1295	18.1828	0.0000	23.8782
11	12	0.0564	2	1	1	1	1	0	0	0	0	N	N	N	N	N	N	N	N	N	N	N	N	0.7670	1.5914	1.3556	1.9971	1.9683	0.6855	1.3552	2.1620	0.5145	7.6633	1.6379	1.6471	0.0000	2.3292	0.0000	7.7086	2.8188	0.3233	5.6532	0.8201	0.8368	0.0000	3.3979	0.0000	5.6881	4.4607	20.8002	0.2735	0.1194	1.6609	6.3392	2.6354	6.9996	1.2242	0.2242	1.0000	0.2242	0.2242	0.0000	1.0000	0.0000	1.0000	0.9366	0.0430	0.8936	0.0430	0.0430	0.0000	0.8936	0.0000	0.8936	0.5662	0.4357	0.1305	0.1369	0.1361	0.0008	0.4293	0.2996	0.1297	0.3323	0.1742	0.1581	0.0693	0.0683	0.0010	0.2630	0.1059	0.1571	0.7670	2.0861	1.3556	2.6409	2.6186	0.0000	0.6855	0.0000	1.3552	2.8188	0.2466	5.6532	0.6202	0.6290	0.0000	3.3979	0.0000	5.6881		
11	13	0.0564	2	1	2	0	0	0	0	0	0	N	Y	N	N	N	N	N	N	N	N	N	N	0.3851	0.0000	1.2508	0.0000	0.0000	0.0000	0.6425	1.2532	2.3032	0.0000	10.6475	0.0000	0.0000	0.0000	2.9834	0.0000	10.7197	5.9816	4.3849	8.5126	10.9982	11.1551	0.1595	4.6435	0.0000	8.5536	inf	1.5834	0.5840	-0.4801	1.6609	7.6608	2.6354	8.3397	1.4367	0.0000	1.4367	0.0000	0.0000	0.0000	1.4367	0.0000	1.4367	2.2464	0.8695	1.3768	0.8697	0.8695	0.0002	1.3767	0.0000	1.3767	0.6238	0.4888	0.1349	0.1422	0.1413	0.0009	0.4816	0.3475	0.1340	0.3755	0.1983	0.1772	0.0791	0.0780	0.0011	0.2965	0.1204	0.1761	0.3851	0.0000	1.3707	0.0000	0.0000	0.0000	0.6425	0.0000	1.3714	5.9816	4.3849	7.7681	10.9982	11.1551	0.1595	4.6435	0.0000	7.8168	
11	14	0.0564	2	1	1	0	1	0	0	0	0	N	N	N	N	N	N	N	N	N	N	N	N	0.8358	1.7646	1.3967	2.0605	2.0294	0.7606	1.3954	2.3561	0.5705	7.8959	1.6898	1.6982	0.0000	2.5845	0.0000	7.9370	2.8188	0.3233	5.6532	0.8201	0.8368	0.0000	3.3979	0.0000	5.6881	4.4607	20.8002	0.2735	0.1194	1.6609	5.3392	2.6354	7.9996	1.2242	0.2242	1.0000	0.2242	0.2242	0.0000	1.0000	0.0000	1.0000	0.9366	0.0430	0.8936	0.0430	0.0430	0.0000	0.8936	0.0000	0.8936	0.5196	0.3929	0.1266	0.1327	0.1320	0.0007	0.3869	0.2609	0.1260	0.3323	0.1742	0.1581	0.0693	0.0683	0.0010	0.2630	0.1059	0.1571	0.8358	2.3132	1.3967	2.7247	2.6999	0.0000	0.7606	0.0000	1.3954	2.8188	0.2466	5.6532	0.6202	0.6290	0.0000	3.3979	0.0000	5.6881		
11	15	0.0564	2	1	2	0	1	0	0	0	0	N	Y	N	N	N	N	N	N	N	N	N	N	16044.0676	29960.8265	17312.9643	29916.2124	0.8980	0.0000	3.5282	0.0000	0.0000	0.0000	1.2246	0.0000	3.5447	0.0001	0.0000	0.0001	0.0000	0.0000	0.0000	0.0001	0.0000	0.0001	inf	inf	0.1775	0.0000	1.6609	4.6608	2.6354	9.0004	0.4367	0.0000	0.4367	0.0000	0.0000	0.0000	0.4367	0.0000	0.4367	0.0000	0.0000	0.0000	0.0000	0.0000	0.0000	0.0000	0.0000	0.0000	0.4863	0.3625	0.1238	0.1297	0.1291	0.0006	0.3566	0.2334	0.1232	0.3378	0.1773	0.1606	0.0705	0.0695	0.0010	0.2673	0.1077	0.1596	16044.0676	0.0000	29960.8265	0.0000	0.0000	0.0000	17312.9643	0.0000	29916.2124	0.0001	0.0000	0.0001	0.0000	0.0000	0.0000	0.0001	0.0000	0.0001					
11	16	0.0869	3	1	2	0	0	0	0	0	0	N	Y	N	N	N	N	N	N	N	N	N	N	4.0399	inf	0.0115	349.8915	inf	0.0000	2.0634	inf	0.0120	1.8368	2.6725	0.0118	2.4969	2.5910	0.0000	1.3335	2.7987	0.0125	0.4547	0.0000	1.0336	0.0071	0.0000	0.7396	0.6463	0.0000	1.0370	0.0020	inf	-0.3856	0.0165	1.6609	1.9870	2.6354	4.1092	0.6519	0.6505	0.0013	0.3833	0.3833	0.0000	0.2685	0.2672	0.0013	0.0950	0.0000	0.0950	0.0004	0.0000	0.0004	0.0945	0.0000	0.0945	0.3549	0.2434	0.1115	0.1535	0.1479	0.0056	0.2014	0.0955	0.1059	0.2089	0.1170	0.0919	0.0626	0.0619	0.0007	0.1463	0.0551	0.0912	4.0399	inf	0.0115	349.8915	inf	0.0000	2.0634	inf	0.0120	0.4547	0.0000	1.0336	0.0071	0.0000	0.6069	0.6463	0.0000	1.0370
11	17	0.0564	2	1	2	0	1	0	0	0	0	N	Y	N	N	N	N	N	N	N	N	N	N	0.7928	1.5756	1.5181	2.1654	2.0958	0.6881	1.5191	1.8786	0.4356	7.3013	1.5478	1.5583	0.0000	1.9731	0.0000	7.3539	2.3696	0.2764	4.8094	0.7148	0.7436	0.0000	2.8676	0.0000	4.8408	4.4607	20.8002	0.2735	0.1194	1.6609	8.3392	2.6354	8.9996	1.2242	0.2242	1.0000	0.2242	0.2242	0.0000	1.0000	0.0000	1.0000	0.9366	0.0430	0.8936	0.0430	0.0430	0.0000	0.8936	0.0000	0.8936	0.6517	0.5147	0.1370	0.1448	0.1439	0.0010	0.5068	0.3708	0.1360	0.3952	0.2094	0.1858	0.0836	0.0824	0.0012	0.3116	0.1270	0.1846	0.7928	2.1234	1.5181	3.0126	2.9894	0.0000	0.6881	0.0000	1.5191	2.3696	0.2051	4.8094	0.5138	0.5213	0.0000	2.8676	0.0000	4.8408		
11	18	0.1025	3	2	2	0	0	0	0	0	0	Y	Y	N	N	N	N	N	N	N	N	N	N	0.0355	0.0691	0.1081	0.0946	0.0988	0.0324	0.1304	0.0120	0.0027	0.0816	0.0059	0.0063	0.0000	0.0160	0.0000	0.0992	0.3372	0.0392	0.7552	0.0628	0.0634	0.0000	0.4949	0.0000	0.7613	3.9993	13.7246	0.0002	0.0049	1.6609	1.0070	2.6354	4.1063	0.0009	0.0002	0.0007	0.0002	0.0002	0.0000	0.0007	0.0000	0.0007	0.0468	0.0032	0.0436	0.0032	0.0032	0.0000	0.0436	0.0000	0.0436	0.0773	0.0683	0.0091	0.0312	0.0296	0.0016	0.0462	0.0387	0.0075	0.1386	0.0809	0.0577	0.0506	0.0501	0.0005	0.0881	0.0308	0.0572	0.0355	0.0691	0.1081	0.0946	0.0988	0.0000	0.0324	0.0000	0.1304	0.3372	0.0392	0.7552	0.0628	0.0634	0.0000	0.4949	0.0000	0.7613		
11	19	0.0564	2	1	2	0	0	0	0	0	0	N	Y	N	N	N	N	N	N	N	N	N	N	1.5563	1.9882	2.5384	1.8629	1.8446	0.0000	1.5092	2.5353	2.6044	0.6447	8.1749	1.7474	1.7548	0.0000	2.9261	0.0000	8.2112	1.6734	0.3243	3.2204	0.9380	0.9513	0.1988	1.9388	0.0000	3.2388	4.4608	11.2452	0.2735	0.0483	1.6609	4.3392	2.6354	7.9996	1.2242	0.2242	1.0000	0.2242	0.2242	0.0000	1.0000	0.0000	1.0000	0.5262	0.0430	0.4832	0.0432	0.0430	0.0002	0.4830	0.0000	0.4830	0.4701	0.3477	0.1223	0.1283	0.1278	0.0005	0.3418	0.2200	0.1218	0.3144	0.1644	0.1500	0.0653	0.0644	0.0009	0.2491	0.1000	0.1491	1.5563	2.4664	2.5384	2.6442	2.6296	0.0000	1.5092	0.0000	2.5353	1.6734	0.2614	3.2204	0.6608	0.6673	0.1988	1.9388	0.0000	3.2388	
11	20	0.0564	2	1	1	0	1	0	0	0	0	N	N	N	N	N	N	N	N	N	N	N	N	0.3117	0.6496	0.3230	0.6494	0.7521	0.0000	3.3176	0.0000	0.0000	0.0000	0.9871	0.0000	3.3379	2.4129	0.0000	5.1074	0.0000	0.0000	0.0000	3.0556	0.0000	5.1400	inf	inf	0.1775	0.1549	1.6609	6.6608	2.6354	9.0004	0.4367	0.0000	0.4367	0.0000	0.0000	0.0000	0.4367	0.0000	0.4367	0.8936	0.0000	0.8936	0.0000	0.0000	0.0000	0.8936	0.0000	0.8936	0.5806	0.4490	0.1316	0.1382	0.1374	0.0008	0.4424	0.3116	0.1308	0.3703	0.1954	0.1750	0.0779	0.0768	0.0011	0.2925	0.1186	0.1739	0.3117	0.0000	0.6496	0.0000	0.0000	0.0000	0.3230	0.0000	0.6494	2.4129	0.0000	5.1074	0.0000	0.0000	0.0000	3.0556	0.0000	5.1400					
11	21	0.0962	3	2	1	1	0	0	0	0	0	Y	N	N	N	N	N	N	N	N	N	N	N	0.0360	0.0667	0.0876	0.2152	0.2164	0.0250	0.0882	0.0101	0.0032	0.0469	0.0220	0.0224	0.0000	0.0084	0.0000	0.0475	0.2803	0.0474	0.5355	0.1024	0.1035	0.0000	0.3371	0.0000	0.5385	2.7826	10.3056	0.0001	0.0033	1.6609	1.0018	2.6354	3.0659	0.0007	0.0002	0.0005	0.0002	0.0002	0.0000	0.0005	0.0000	0.0005	0.0391	0.0035	0.0356	0.0035	0.0035	0.0000	0.0356	0.0000	0.0356	0.0713	0.0600	0.0113	0.0086	0.0085	0.0001	0.0627	0.0516	0.0111	0.1395	0.0729	0.0665	0.0338	0.0334	0.0004	0.1057	0.0395	0.0662	0.0360	0.0667	0.0876	0.2152	0.2164	0.0000	0.0250	0.0000	0.0882	0.2803	0.0474	0.5355	0.1024	0.1035	0.0000	0.3371	0.0000	0.5385		
11	22	0.0564	2	1	2	0	0	0	0	0	0	N	Y	N	N	N	N	N	N	N	N	N	N	0.2263	0.0000	0.3127	0.0000	0.0000	0.0000	0.2601	0.3038	1.0047	0.0000	3.6667	0.0000	0.0000	0.0000	1.4113	0.0000	3.6809	4.4396	0.3358	11.7266	0.9692	0.9791	0.1944	5.4268	0.0000	12.1151	inf	30.5613	0.1775	0.2014	1.6609	3.6608	2.6354	8.9996	0.4367	0.0000	0.4367	0.0000	0.0000	0.0000	0.4367	0.0000	0.4367	1.4219	0.0451	1.3768	0.0452	0.0451	0.0002	1.3766	0.0000	1.3766	0.4347	0.3156	0.1191	0.1252	0.1248	0.0005	0.3094	0.1908	0.1186	0.3203	0.1676	0.1527	0.0666	0.0657	0.0009	0.2537	0.1019	0.1518	0.2263	0.0000	0.4066	0.0000	0.0000	0.0000	0.2601	0.0000	0.4058	4.4396	0.2688	9.0177	0.6792	0.6860	0.1944	5.4268	0.0000	9.0716	
11	23	0.0564	2	1	2	0	0	0	0	0	0	N	Y	N	N	N	N	N	N	N	N	N	N	0.1055	1.8951	0.0000	1.7964	1.7816	0.0000	0.0000	0.0000	0.4769	0.6447	0.0000	1.7474	1.7548	0.0000	0.0000	0.0000	0.0000	4.5219	0.3402	11.9071	0.9727	0.9850	0.1988	5.5255	0.0000	12.3764	0.0000	30.5613	-0.1330	0.2014	1.6609	4.3392	2.6354	7.9996	0.2242	0.2242	0.0000	0.2242	0.2242	0.0000	0.0000	0.0000	0.0000	1.4219	0.0451	1.3768	0.0452	0.0451	0.0002	1.3766	0.0000	1.3766	0.4701	0.3477	0.1223	0.1283	0.1278	0.0005	0.3418	0.2200	0.1218	0.3144	0.1644	0.1500	0.0653	0.0644	0.0009	0.2491	0.1000	0.1491	0.1055	2.3525	0.0000	2.5226	2.5082	0.0000	0.0000	0.0000	0.0000	4.5219	0.2740	9.1758	0.6927	0.6996	0.1988	5.5255	0.0000	9.2303	
11	24	0.0564	2	2	2	0	0	0	0	0	0	Y	Y	N	N	N	N	N	N	N	N	N	N	0.7994	1.9154	1.1072	1.7076	1.7012	0.7734	1.0920	2.9332	0.7476	8.5126	1.8115	1.8177	0.0000	3.4060	0.0000	8.5433	3.6691	0.3903	7.6887	1.0608	1.0685	0.0000	4.4039	0.0000	7.8234	4.4607	20.7857	0.2735	0.1194	1.6609	3.3392	2.6354	5.9996	1.2242	0.2242	1.0000	0.2242	0.2242	0.0000	1.0000	0.0000	1.0000	0.9366	0.0430	0.8936	0.0430	0.0430	0.0000	0.8936	0.0000	0.8936	0.4174	0.2999	0.1175	0.1238	0.1233	0.0004	0.2936	0.1765	0.1171	0.2553	0.1323	0.1229	0.0524	0.0516	0.0007	0.2029	0.0807	0.1222	0.7994	2.3009	1.1712	2.2058	2.1835	0.0000	0.7734	0.0000	1.1686	3.6691	0.3249	7.2684	0.8212	0.8325	0.0000	4.4039	0.0000	7.3105		
11	25	0.0564	2	1	2	0	0	0	0	0	0	N	Y	N	N	N	N	N	N	N	N	N	N	0.2339	0.0000	0.4099	0.0000	0.0000	0.0000	0.2601	0.3695	0.8980	0.0000	3.5282	0.0000	0.0000	0.0000	1.2246	0.0000	3.5447	3.8395	0.2965	8.6080	0.7720	0.8031	0.1624	4.7073	0.0000	9.5931	inf	30.5545	0.1775	0.2014	1.6609	4.6608	2.6354	10.9996	0.4367	0.0000	0.4367	0.0000	0.0000	0.0000	0.4367	0.0000	0.4367	1.4219	0.0451	1.3768	0.0452	0.0451	0.0002	1.3766	0.0000	1.3766	0.4863	0.3625	0.1238	0.1297	0.1291	0.0006	0.3566	0.2334	0.1232	0.3703	0.1954	0.1750	0.0779	0.0768	0.0011	0.2924	0.1186	0.1738	0.2339	0.0000	0.4483	0.0000	0.0000	0.0000	0.2601	0.0000	0.4476	3.8395	0.2306	7.8694	0.5809	0.5869	0.1624	4.7073	0.0000	7.9186	
11	26	0.0823	3	2	2	0	0	0	0	0	0	Y	Y	N	N	N	N	N	N	N	N	N	N	0.0000	0.0000	0.0000	0.0000	0.0000	0.0000	0.0000	0.0000	0.0000	0.0000	0.0000	0.0000	0.0000	0.0000	0.0000	0.0000	0.0000	0.0000	0.0000	0.0000	1.6609	0.0026	2.6354	0.9906	0.0000	0.0000	0.0000	0.0000	0.0000	0.0000	0.0000	0.0000	0.0000	0.0000	0.0000	0.0000	0.0000	0.0000	0.0000	0.0000	0.0000	0.0000	0.2570	0.1688	0.0882	0.1290	0.1289	0.0001	0.1280	0.0400	0.0881	0.2189	0.1138	0.1051	0.1017	0.1014	0.0003	0.1171	0.0124	0.1047	0.0000	0.0000	0.0000	0.0000	0.0000	0.0000	0.0000	0.0000	0.0000	0.0000	0.0000	0.0000	0.0000	0.0000	0.0000	0.0000	0.0000	0.0000											
11	27	0.0564	2	1	2	0	0	0	0	0	0	N	Y	N	N	N	N	N	N	N	N	N	N	0.6477	0.9113	0.0000	0.0000	0.7004	0.8951	2.9542	0.0000	11.6075	0.0000	0.0000	0.0000	4.0289	0.0000	11.6620	4.5613	0.0000	12.7379	0.0029	0.0000	0.2088	5.7520	0.0000	13.0291	inf	inf	0.5840	0.2387	1.6609	4.6608	2.6354	7.0004	1.4367	0.0000	1.4367	0.0000	0.0000	0.0000	1.4367	0.0000	1.4367	1.3768	0.0000	1.3768	0.0002	0.0000	0.0002	1.3767	0.0000	1.3767	0.4863	0.3625	0.1238	0.1297	0.1291	0.0006	0.3566	0.2334	0.1232	0.3018	0.1575	0.1443	0.0625	0.0616	0.0009	0.2393	0.0959	0.1435	0.6477	0.0000	1.2169	0.0000	0.0000	0.0000	0.7004	0.0000	1.2154	4.5613	0.0000	9.5389	0.0029	0.0000	0.2088	5.7520	0.0000	9.5950			
11	28	0.0564	2	1	2	0	0	0	0	0	0	N	Y	N	N	N	N	N	N	N	N	N	N	0.7874	0.0000	1.4654	0.0000	0.0000	0.8352	1.4647	2.6860	0.0000	11.2300	0.0000	0.0000	0.0000	3.5841	0.0000	11.2911	3.4113	0.0027	7.6633	0.0069	0.0070	0.0000	4.2912	0.0000	7.7088	inf	2415.1862	0.5840	0.1546	1.6609	5.6608	2.6354	4.0004	1.4367	0.0000	1.4367	0.0000	0.0000	0.0000	1.4367	0.0000	1.4367	0.8940	0.0004	0.8936	0.0004	0.0004	0.0000	0.8936	0.0000	0.8936	0.5349	0.4070	0.1279	0.1340	0.1333	0.0007	0.4009	0.2736	0.1272	0.2621	0.1360	0.1261	0.0538	0.0531	0.0007	0.2082	0.0829	0.1254	0.7874	0.0000	1.5846	0.0000	0.0000	0.0000	0.8352	0.0000	1.5840	3.4113	0.0027	7.0870	0.0069	0.0070	0.0000	4.2912	0.0000	7.1283		
11	29	0.0564	2	1	2	1	1	0	0	0	0	N	Y	N	N	N	N	N	N	N	N	N	N	18857.2974	26985.0038	23433.7130	26882.5670	1.3605	0.0000	4.0463	0.0000	0.0000	0.0000	2.1276	0.0000	4.0544	0.0001	0.0000	0.0001	0.0000	0.0000	0.0000	0.0001	0.0000	0.0002	inf	inf	0.1775	0.0000	1.6609	1.6608	2.6354	8.0004	0.4367	0.0000	0.4367	0.0000	0.0000	0.0000	0.4367	0.0000	0.4367	0.0000	0.0000	0.0000	0.0000	0.0000	0.0000	0.0000	0.0000	0.0000	0.3210	0.2131	0.1079	0.1157	0.1155	0.0002	0.2053	0.0975	0.1077	0.2621	0.1360	0.1261	0.0538	0.0531	0.0007	0.2082	0.0829	0.1254	18857.2974	0.0000	26985.0038	0.0000	0.0000	0.0000	23433.7130	0.0000	26882.5670	0.0001	0.0000	0.0001	0.0000	0.0000	0.0000	0.0001	0.0000	0.0002					
11	30	0.0564	2	1	2	0	0	0	0	0	0	N	Y	N	N	N	N	N	N	N	N	N	N	0.7877	1.4654	0.8352	1.4647	2.6860	0.0000	11.2302	0.0000	0.0000	0.0000	3.5842	0.0000	11.2913	3.4099	0.0000	7.6633	0.0000	0.0000	0.0000	4.2912	0.0000	7.7088	inf	inf	0.5841	0.1549	1.6609	5.6608	2.6354	4.0004	1.4367	0.0000	1.4367	0.0000	0.0000	0.0000	1.4367	0.0000	1.4367	0.8936	0.0000	0.8936	0.0000	0.0000	0.0000	0.8936	0.0000	0.8936	0.5349	0.4070	0.1279	0.1340	0.1333	0.0007	0.4009	0.2736	0.1272	0.2621	0.1360	0.1261	0.0538	0.0531	0.0007	0.2082	0.0829	0.1254	0.7877	0.0000	1.5846	0.0000	0.0000	0.0000	0.8352	0.0000	1.5840	3.4099	0.0000	7.0870	0.0000	0.0000	0.0000	4.2912	0.0000	7.1283					
11	31	0.1267	3	2	2	0	0	0	0	0	0	Y	Y	N	N	N	N	N	N	N	N	N	N	0.0410	9.3385	0.1480	15.2743	15.7263	0.0000	0.0319	0.1789	0.0066	0.0015	0.0549	0.0032	0.0033	0.0000	0.0093	0.0000	0.0671	0.1610	0.0002	0.3708	0.0002	0.0002	0.0000	0.2904	0.0000	0.3752	3.7829	1740.8091	0.0000	0.0029	1.6609	0.1965	2.6354	2.3074	0.0001	0.0000	0.0001	0.0000	0.0000	0.0000	0.0001	0.0000	0.0001	0.0169	0.0000	0.0169	0.0000	0.0000	0.0000	0.0169	0.0000	0.0169	0.0192	0.0173	0.0018	0.0084	0.0080	0.0003	0.0108	0.0093	0.0015	0.1051	0.0595	0.0456	0.0469	0.0463	0.0005	0.0582	0.0131	0.0451	0.0410	9.3385	0.1480	15.2743	15.7263	0.0000	0.0319	0.0000	0.1789	0.1610	0.0002	0.3708	0.0002	0.0002	0.0000	0.2904	0.0000	0.3752	
11	32	0.0564	2	1	2	0	1	0	0	0	0	N	Y	N	N	N	N	N	N	N	N	N	N	0.0000	0.0000	0.0000	0.0000	0.0000	0.0000	0.0000	0.0000	0.0000	0.0000	0.0000	0.0000	0.0000	0.0000	0.0000	0.0000	0.0000	0.0000	0.0000	0.0000	1.6609	0.0000	2.6354	1.0000	0.0000	0.0000	0.0000	0.0000	0.0000	0.0000	0.0000	0.0000	0.0000	0.0000	0.0000	0.0000	0.0000	0.0000	0.0000	0.0000	0.0000	0.0000	0.0000	0.0000	0.0000	0.0000	0.0000	0.0000	0.0000	0.0000	0.0000	0.0338	0.0171	0.0167	0.0067	0.0066	0.0001	0.0271	0.0105	0.0166	0.0000	0.0000	0.0000	0.0000	0.0000	0.0000	0.0000	0.0000	0.0000	0.0000	0.0000	0.0000	0.0000	0.0000	0.0000	0.0000	0.0000	0.0000											
11	33	0.0564	2	2	2	0	0	0	0	0	0	Y	Y	N	N	N	N	N	N	N	N	N	N	8.1788	0.0000	inf	0.0000	0.0000	inf	inf	1.1502	0.0000	3.8360	0.0000	0.0000	0.0000	1.6855	0.0000	3.8475	0.1406	0.3357	0.0000	0.9445	0.9775	0.0000	0.0000	0.0000	0.0000	inf	0.0000	0.1775	-0.0372	1.6609	2.6608	2.6354	9.9996	0.4367	0.0000	0.4367	0.0000	0.0000	0.0000	0.4367	0.0000	0.4367	0.0450	0.0450	0.0000	0.0450	0.0450	0.0000	0.0000	0.0000	0.0000	0.3797	0.2658	0.1138	0.1206	0.1202	0.0003	0.2591	0.1456	0.1135	0.3203	0.1676	0.1527	0.0666	0.0657	0.0009	0.2537	0.1019	0.1518	8.1788	0.0000	inf	0.0000	0.0000	0.0000	inf	0.0000	inf	0.1406	0.2688	0.0000	0.6764	0.6859	0.0000	0.0000	0.0000	0.0000		
11	34	0.1376	3	1	1	1	0	0	0	0	0	N	N	N	N	N	N	N	N	N	N	N	N	0.0249	0.0000	0.1554	0.0017	0.0000	0.1465	0.0508	0.1630	0.0044	0.0000	0.0321	0.0010	0.0000	0.0217	0.0066	0.0000	0.0337	0.1749	0.2565	0.2065	0.5906	0.5949	0.1482	0.1295	0.0000	0.2071	inf	0.9404	0.0005	-0.0170	1.6609	3.8106	2.6354	5.1657	0.0012	0.0000	0.0012	0.0001	0.0000	0.0001	0.0011	0.0000	0.0011	0.0498	0.0256	0.0241	0.0258	0.0256	0.0002	0.0240	0.0000	0.0240	0.2775	0.2398	0.0377	0.1108	0.1057	0.0052	0.1667	0.1342	0.0325	0.2845	0.1678	0.1167	0.0996	0.0985	0.0011	0.1849	0.0693	0.1157	0.0249	0.0000	0.1554	0.0039	0.0000	0.1465	0.0508	0.0000	0.1630	0.1749	0.1528	0.2065	0.2591	0.2604	0.1482	0.1295	0.0000	0.2071	
11	35	0.0564	2	1	1	0	0	0	0	0	0	N	N	N	N	N	N	N	N	N	N	N	N	0.1796	0.0054	0.2884	0.0050	0.0050	0.0000	0.1902	0.0117	0.2802	0.7770	0.0011	3.3499	0.0030	0.0030	0.0000	1.0255	0.0003	3.3695	4.3273	0.2093	11.6147	0.6005	0.6100	0.1959	5.3918	0.0214	12.0261	899.6946	76.7181	0.1769	0.2200	1.6609	6.2373	2.6354	6.2260	0.4364	0.0005	0.4359	0.0004	0.0004	0.0000	0.4360	0.0001	0.4359	1.3705	0.0176	1.3529	0.0177	0.0175	0.0002	1.3528	0.0002	1.3527	0.5616	0.4315	0.1301	0.1365	0.1357	0.0008	0.4251	0.2958	0.1294	0.3167	0.1656	0.1511	0.0658	0.0649	0.0009	0.2509	0.1007	0.1502	0.1796	0.0105	0.3741	0.0112	0.0112	0.0000	0.1902	0.1586	0.3740	4.3273	0.1065	8.9550	0.2683	0.2693	0.1959	5.3918	0.0016	9.0083
11	36	0.0564	2	1	2	0	0	0	0	0	0	N	Y	N	N	N	N	N	N	N	N	N	N	137.7476	0.0000	26869.0208	0.0000	0.0000	17125.4719	26814.0147	1.0047	0.0000	3.6667	0.0000	0.0000	0.0000	1.4113	0.0000	3.6809	0.0073	0.0139	0.0001	0.0350	0.0355	0.0000	0.0001	0.0000	0.0001	inf	0.0090	0.1775	-0.0017	1.6609	3.6608	2.6354	7.3397	0.4367	0.0000	0.4367	0.0000	0.0000	0.0000	0.4367	0.0000	0.4367	0.0021	0.0021	0.0000	0.0021	0.0021	0.0000	0.0000	0.0000	0.0000	0.4347	0.3156	0.1191	0.1252	0.1248	0.0005	0.3094	0.1908	0.1186	0.2891	0.1506	0.1385	0.0597	0.0589	0.0008	0.2294	0.0917	0.1377	137.7476	0.0000	26869.0208	0.0000	0.0000	0.0000	17125.4719	0.0000	26814.0147	0.0073	0.0139	0.0001	0.0350	0.0355	0.0000	0.0001	0.0000	0.0001		
11	37	0.0495	2	2	1	1	0	0	0	0	0	Y	N	N	N	N	N	N	N	N	N	N	N	2.5802	2.3469	0.0000	2.6425	2.5704	0.0000	0.0000	0.0000	0.6108	0.8814	0.0000	1.9139	1.9165	0.0000	0.0000	0.0000	0.0000	0.2367	0.3755	0.1724	0.7243	0.7456	0.8349	0.1102	0.0000	0.1695	0.0000	0.5004	-0.1329	-0.0356	1.6609	2.3426	2.6354	5.0131	0.2240	0.2240	0.0000	0.2240	0.2240	0.0000	0.0000	0.0000	0.0000	0.0722	0.0481	0.0241	0.0487	0.0481	0.0006	0.0235	0.0000	0.0235	0.3667	0.2542	0.1126	0.1170	0.1169	0.0002	0.2497	0.1373	0.1124	0.3051	0.1654	0.1397	0.0916	0.0907	0.0009	0.2135	0.0747	0.1388	2.5802	3.0279	0.0000	3.6003	3.6113	0.0000	0.0000	0.0000	0.0000	0.2367	0.2911	0.1724	0.5316	0.5307	0.6245	0.1102	0.0000	0.1695	
11	39	0.0564	2	1	2	0	0	0	0	0	0	N	Y	N	N	N	N	N	N	N	N	N	N	9540.8703	0.0000	28986.5860	0.0000	0.0000	15401.6036	28964.8211	0.8164	0.0000	3.4134	0.0000	0.0000	0.0000	1.0894	0.0000	3.4320	0.0001	0.0001	0.0001	0.0001	0.0001	0.0000	0.0001	0.0000	0.0001	inf	1.8907	0.1775	-0.0000	1.6609	5.6608	2.6354	8.0004	0.4367	0.0000	0.4367	0.0000	0.0000	0.0000	0.4367	0.0000	0.4367	0.0000	0.0000	0.0000	0.0000	0.0000	0.0000	0.0000	0.0000	0.0000	0.5349	0.4070	0.1279	0.1340	0.1333	0.0007	0.4009	0.2736	0.1272	0.3378	0.1773	0.1606	0.0705	0.0695	0.0010	0.2673	0.1077	0.1596	9540.8703	0.0000	28986.5860	0.0000	0.0000	0.0000	15401.6036	0.0000	28964.8211	0.0001	0.0001	0.0001	0.0001	0.0001	0.0000	0.0001	0.0000	0.0001		
11	40	0.0564	2	2	1	1	0	0	0	0	0	Y	N	N	N	N	N	N	N	N	N	N	N	0.4788	1.5890	0.6436	1.7539	1.7372	0.0000	0.4215	0.6047	2.1620	0.5145	7.6633	1.6379	1.6471	0.0000	2.3292	0.0000	7.7086	4.5152	0.3238	11.9071	0.9338	0.9481	0.1988	5.5255	0.0000	12.7473	4.4607	32.0555	0.2735	0.2032	1.6609	6.3392	2.6354	5.9996	1.2242	0.2242	1.0000	0.2242	0.2242	0.0000	1.0000	0.0000	1.0000	1.4198	0.0430	1.3768	0.0431	0.0430	0.0002	1.3766	0.0000	1.3766	0.5662	0.4357	0.1305	0.1369	0.1361	0.0008	0.4293	0.2996	0.1297	0.3144	0.1644	0.1500	0.0653	0.0644	0.0009	0.2491	0.1000	0.1491	0.4788	1.9692	0.8352	2.4796	2.4693	0.0000	0.4215	0.0000	0.8351	4.5152	0.2613	9.1758	0.6605	0.6670	0.1988	5.5255	0.0000	9.2303	
11	41	0.0889	3	2	1	1	0	0	0	0	0	Y	N	N	N	N	N	N	N	N	N	N	N	0.9447	0.0006	5.2072	0.0015	0.0015	0.0000	1.5579	5.2673	5.9972	0.0034	40.0345	0.0151	0.0154	0.0000	7.4323	0.0000	40.9024	6.3480	5.5888	7.6882	9.8574	9.9370	0.0000	4.7708	0.0000	7.7654	2049.0276	1.0768	0.3906	-0.5258	1.6609	1.9694	2.6354	5.1440	0.9619	0.0005	0.9614	0.0005	0.0005	0.0000	0.9614	0.0000	0.9614	1.7065	0.8217	0.8848	0.8217	0.8217	0.0000	0.8848	0.0000	0.8848	0.1604	0.1364	0.0240	0.0310	0.0305	0.0005	0.1294	0.1059	0.0235	0.2688	0.1470	0.1218	0.0834	0.0827	0.0007	0.1855	0.0643	0.1211	0.9447	0.0006	5.5109	0.0015	0.0015	0.0000	1.5579	0.0000	5.5995	6.3480	5.5888	7.2645	9.8574	9.9370	0.0000	4.7708	0.0000	7.3046	
11	42	0.0564	2	2	1	0	0	0	0	0	0	Y	N	N	N	N	N	N	N	N	N	N	N	1.0245	0.6820	2.9809	0.6529	0.6466	0.0000	1.9421	0.0000	2.9756	0.6269	0.7426	0.3302	1.8078	1.8140	0.0000	0.1315	0.0000	0.3314	0.6119	1.0889	0.1108	2.7689	2.8056	0.0000	0.0677	0.0087	0.1114	0.1734	0.0968	-0.1172	-0.0736	1.6609	3.3753	2.6354	2.0398	0.2629	0.2240	0.0389	0.2240	0.2240	0.0000	0.0389	0.0000	0.0389	0.0996	0.0909	0.0088	0.0908	0.0908	0.0000	0.0088	0.0000	0.0088	0.4193	0.3017	0.1177	0.1239	0.1235	0.0004	0.2954	0.1782	0.1172	0.1629	0.0834	0.0794	0.0328	0.0324	0.0004	0.1300	0.0511	0.0790	1.0245	0.6820	2.9809	0.6529	0.6466	0.0000	1.9421	0.0000	2.9756	0.6119	1.0889	0.1108	2.7689	2.8056	0.0000	0.0677	0.0002	0.1114
11	43	0.0564	2	1	1	1	0	0	0	0	0	N	N	N	N	N	N	N	N	N	N	N	N	0.3071	0.0000	0.6028	0.0000	0.0000	0.3477	0.6020	0.8980	0.0000	3.5283	0.0000	0.0000	0.0000	1.2247	0.0000	3.5449	2.9243	0.3238	5.8528	0.9235	0.9396	0.0000	3.5226	0.0000	5.8885	inf	20.8051	0.1775	0.1194	1.6609	4.6608	2.6354	7.9996	0.4367	0.0000	0.4367	0.0000	0.0000	0.0000	0.4367	0.0000	0.4367	0.9366	0.0430	0.8936	0.0430	0.0430	0.0000	0.8936	0.0000	0.8936	0.4863	0.3625	0.1238	0.1297	0.1291	0.0006	0.3566	0.2334	0.1232	0.3203	0.1676	0.1527	0.0666	0.0657	0.0009	0.2537	0.1019	0.1518	0.3071	0.0000	0.6028	0.0000	0.0000	0.0000	0.3477	0.0000	0.6020	2.9243	0.2563	5.8528	0.6450	0.6541	0.0000	3.5226	0.0000	5.8885		
11	44	0.0564	2	1	2	0	0	0	0	0	0	N	Y	N	N	N	N	N	N	N	N	N	N	6.6957	0.0000	inf	0.0000	0.0000	inf	inf	0.8980	0.0000	3.5282	0.0000	0.0000	0.0000	1.2246	0.0000	3.5447	0.1341	0.3238	0.0000	0.9193	0.9354	0.0000	0.0000	0.0000	0.0000	inf	0.0000	0.1775	-0.0355	1.6609	4.6608	2.6354	7.9996	0.4367	0.0000	0.4367	0.0000	0.0000	0.0000	0.4367	0.0000	0.4367	0.0430	0.0430	0.0000	0.0430	0.0430	0.0000	0.0000	0.0000	0.0000	0.4863	0.3625	0.1238	0.1297	0.1291	0.0006	0.3566	0.2334	0.1232	0.3203	0.1676	0.1527	0.0666	0.0657	0.0009	0.2537	0.1019	0.1518	6.6957	0.0000	inf	0.0000	0.0000	0.0000	inf	0.0000	inf	0.1341	0.2563	0.0000	0.6450	0.6541	0.0000	0.0000	0.0000	0.0000		
11	47	0.0962	3	2	2	1	0	0	0	0	0	Y	Y	N	N	N	N	N	N	N	N	N	N	17.9043	0.0000	61.6740	0.0000	0.0000	0.0000	16.9294	62.1966	5.0244	0.0000	33.0755	0.0000	0.0000	0.0000	5.7163	0.0000	33.5438	0.2806	0.0473	0.5363	0.1022	0.1033	0.0000	0.3377	0.0000	0.5393	inf	10.3354	0.4067	0.0033	1.6609	3.0001	2.6354	1.0598	1.0003	0.0000	1.0003	0.0000	0.0000	0.0000	1.0003	0.0000	1.0003	0.0391	0.0034	0.0356	0.0034	0.0034	0.0000	0.0356	0.0000	0.0356	0.1991	0.1689	0.0302	0.0241	0.0237	0.0004	0.1750	0.1452	0.0298	0.1393	0.0728	0.0664	0.0337	0.0334	0.0004	0.1055	0.0395	0.0661	17.9043	0.0000	61.6740	0.0000	0.0000	0.0000	16.9294	0.0000	62.1966	0.2806	0.0473	0.5363	0.1022	0.1033	0.0000	0.3377	0.0000	0.5393	
11	48	0.0564	2	2	1	1	0	0	0	0	0	Y	N	N	N	N	N	N	N	N	N	N	N	0.1900	0.0001	0.3620	0.0001	0.0001	0.0000	0.5323	0.0000	0.3536	1.6897	0.0011	4.3100	0.0016	0.0016	0.0000	2.9546	0.0000	4.3137	8.8952	8.6914	11.9071	22.0591	22.3545	0.0000	5.5502	0.0049	12.1986	2434.0357	0.9901	0.1774	-0.5676	1.6609	0.6630	2.6354	5.9830	0.4367	0.0002	0.4365	0.0002	0.0002	0.0000	0.4365	0.0000	0.4365	1.7245	0.8665	0.8580	0.8665	0.8665	0.0000	0.8580	0.0000	0.8580	0.2585	0.1572	0.1013	0.1107	0.1106	0.0001	0.1477	0.0465	0.1012	0.1939	0.0997	0.0942	0.0393	0.0388	0.0005	0.1546	0.0609	0.0937	0.1900	0.0001	0.4730	0.0001	0.0001	0.0000	0.5323	0.0000	0.4708	8.8952	8.6914	9.1111	22.0591	22.3545	0.0000	5.5502	0.0001	9.1616
11	49	0.0564	2	2	2	0	0	0	0	0	0	Y	Y	N	N	N	N	N	N	N	N	N	N	17.0568	1.6132	inf	2.1295	2.1201	inf	inf	2.0063	0.4707	7.4676	1.5907	1.6007	0.0000	2.1312	0.0000	7.5168	0.1176	0.2918	0.0000	0.7470	0.7550	0.0000	0.0000	0.0000	0.0000	4.4608	0.0000	0.2735	-0.0355	1.6609	7.3392	2.6354	7.9996	1.2242	0.2242	1.0000	0.2242	0.2242	0.0000	1.0000	0.0000	1.0000	0.0430	0.0430	0.0000	0.0430	0.0430	0.0000	0.0000	0.0000	0.0000	0.6102	0.4763	0.1339	0.1409	0.1401	0.0009	0.4692	0.3362	0.1330	0.3653	0.1926	0.1728	0.0767	0.0757	0.0011	0.2886	0.1169	0.1717	17.0568	2.1094	inf	2.8408	2.8180	0.0000	inf	0.0000	inf	0.1176	0.2232	0.0000	0.5600	0.5680	0.0000	0.0000	0.0000	0.0000		
11	50	0.0564	2	1	1	0	1	0	0	0	0	N	N	N	N	N	N	N	N	N	N	N	N	0.7157	0.0000	1.3256	0.0000	0.0000	0.0000	0.7709	1.3238	0.8980	0.0000	3.5283	0.0000	0.0000	0.0000	1.2247	0.0000	3.5449	1.2547	0.0018	2.6617	0.0068	0.0046	0.1543	1.5886	0.0000	2.6779	inf	1306.0511	0.1775	0.0835	1.6609	4.6608	2.6354	12.0004	0.4367	0.0000	0.4367	0.0000	0.0000	0.0000	0.4367	0.0000	0.4367	0.4836	0.0004	0.4832	0.0005	0.0004	0.0002	0.4831	0.0000	0.4831	0.4863	0.3625	0.1238	0.1297	0.1291	0.0006	0.3566	0.2334	0.1232	0.3854	0.2039	0.1816	0.0814	0.0802	0.0012	0.3041	0.1237	0.1804	0.7157	0.0000	1.3256	0.0000	0.0000	0.0000	0.7709	0.0000	1.3238	1.2547	0.0018	2.6617	0.0068	0.0046	0.1543	1.5886	0.0000	2.6779	
11	51	0.0869	3	1	2	1	0	0	0	0	0	N	Y	N	N	N	N	N	N	N	N	N	N	1.3977	2.0781	9.5193	2.0662	1.5836	2.0935	0.7415	0.0000	2.4848	0.0747	0.0000	2.0118	1.2265	0.0000	2.5109	0.5305	0.0000	1.1957	0.0078	0.0000	0.9737	0.7745	0.0000	1.1994	inf	inf	0.1140	0.0165	1.6609	2.4249	2.6354	2.1457	0.2804	0.0000	0.2804	0.0119	0.0000	0.0119	0.2685	0.0000	0.2685	0.0950	0.0000	0.0950	0.0004	0.0000	0.0004	0.0945	0.0000	0.0945	0.3782	0.2653	0.1129	0.1593	0.1533	0.0059	0.2189	0.1120	0.1069	0.1790	0.0996	0.0794	0.0570	0.0564	0.0006	0.1221	0.0432	0.0788	1.3977	0.0000	2.0781	9.5193	0.0000	2.7761	1.5836	0.0000	2.0935	0.5305	0.0000	1.1957	0.0078	0.0000	0.7247	0.7745	0.0000	1.1994			
11	52	0.0564	2	1	2	0	0	0	0	0	0	N	Y	N	N	N	N	N	N	N	N	N	N	0.4061	48.9298	0.3067	82.8211	189.4348	0.0000	0.4256	0.0587	0.2852	3.1614	0.3311	10.5577	0.7594	0.7621	0.0000	4.1483	0.0424	10.5976	7.7841	0.0068	34.4248	0.0092	0.0040	0.3976	9.7464	0.7223	37.1522	12.2006	2243.4748	0.4477	0.2218	1.6609	3.5386	2.6354	1.9499	1.3535	0.1025	1.2509	0.0947	0.0947	0.0000	1.2588	0.0079	1.2509	1.2825	0.0006	1.2819	0.0003	0.0001	0.0002	1.2822	0.0004	1.2818	0.4281	0.3096	0.1185	0.1247	0.1242	0.0004	0.3035	0.1854	0.1180	0.1648	0.0844	0.0803	0.0332	0.0328	0.0004	0.1316	0.0517	0.0799	0.4061	48.9298	0.6615	82.8211	189.4348	0.0000	0.4256	4.9800	0.6606	7.7841	0.0068	15.9590	0.0092	0.0040	0.3976	9.7464	0.0085	16.0436
11	53	0.0564	2	2	1	1	0	0	0	0	0	Y	N	N	N	N	N	N	N	N	N	N	N	0.5835	1.5802	0.6376	1.5899	1.5743	0.5665	0.6290	2.9332	0.7476	8.5126	1.8115	1.8177	0.0000	3.4060	0.0000	8.5433	5.0268	0.4731	13.3507	1.1394	1.1546	0.0000	6.0128	0.0000	13.5829	4.4607	20.8051	0.2735	0.1194	1.6609	3.3392	2.6354	2.9996	1.2242	0.2242	1.0000	0.2242	0.2242	0.0000	1.0000	0.0000	1.0000	0.9366	0.0430	0.8936	0.0430	0.0430	0.0000	0.8936	0.0000	0.8936	0.4174	0.2999	0.1175	0.1238	0.1233	0.0004	0.2936	0.1765	0.1171	0.1863	0.0957	0.0906	0.0377	0.0372	0.0005	0.1486	0.0585	0.0901	0.5835	1.6661	0.8630	1.5899	1.5743	0.0000	0.5665	0.0000	0.8613	5.0268	0.4487	9.8644	1.1394	1.1546	0.0000	6.0128	0.0000	9.9188		
11	54	0.1025	3	2	2	0	0	0	0	0	0	Y	Y	N	N	N	N	N	N	N	N	N	N	0.0165	0.0320	0.0511	0.0459	0.0480	0.0147	0.0615	0.0063	0.0014	0.0429	0.0032	0.0033	0.0000	0.0083	0.0000	0.0520	0.3786	0.0443	0.8389	0.0686	0.0692	0.0000	0.5635	0.0000	0.8452	3.9993	13.7664	0.0002	0.0049	1.6609	2.0079	2.6354	2.2027	0.0009	0.0002	0.0007	0.0002	0.0002	0.0000	0.0007	0.0000	0.0007	0.0467	0.0032	0.0436	0.0032	0.0032	0.0000	0.0436	0.0000	0.0436	0.1478	0.1306	0.0172	0.0587	0.0557	0.0030	0.0891	0.0749	0.0142	0.1235	0.0715	0.0519	0.0461	0.0457	0.0004	0.0773	0.0258	0.0516	0.0165	0.0320	0.0511	0.0459	0.0480	0.0000	0.0147	0.0000	0.0615	0.3786	0.0443	0.8389	0.0686	0.0692	0.0000	0.5635	0.0000	0.8452		
11	55	0.0564	2	2	2	0	0	0	0	0	0	Y	Y	N	N	N	N	N	N	N	N	N	N	0.6791	1.6008	0.9994	1.6467	1.6418	0.0000	0.6357	0.0000	0.9813	2.6026	0.6444	8.1694	1.7468	1.7542	0.0000	2.9237	0.0000	8.2057	3.8323	0.4026	8.1747	1.0608	1.0685	0.0000	4.5994	0.0061	8.3618	4.4593	21.3005	0.2733	0.1144	1.6609	4.3406	2.6354	3.9440	1.2235	0.2241	0.9994	0.2241	0.2241	0.0000	0.9994	0.0000	0.9994	0.8900	0.0399	0.8501	0.0399	0.0399	0.0000	0.8501	0.0000	0.8501	0.4701	0.3478	0.1223	0.1283	0.1278	0.0005	0.3418	0.2200	0.1218	0.2322	0.1200	0.1122	0.0474	0.0468	0.0006	0.1848	0.0732	0.1116	0.6791	1.9378	1.0785	2.0755	2.0564	0.0000	0.6357	0.0000	1.0771	3.8323	0.3325	7.5750	0.8416	0.8531	0.0000	4.5994	0.0001	7.6181
11	56	0.0564	2	1	2	0	0	0	0	0	0	N	Y	N	N	N	N	N	N	N	N	N	N	0.6781	0.8964	0.0000	0.0000	0.7562	0.8796	3.3053	0.0000	12.0632	0.0000	0.0000	0.0000	4.6430	0.0000	12.1101	4.8744	0.0000	13.4580	0.0031	0.0000	0.2259	6.1402	0.0000	13.7683	inf	inf	0.5840	0.2387	1.6609	3.6608	2.6354	7.0004	1.4367	0.0000	1.4367	0.0000	0.0000	0.0000	1.4367	0.0000	1.4367	1.3768	0.0000	1.3768	0.0002	0.0000	0.0002	1.3767	0.0000	1.3767	0.4347	0.3156	0.1191	0.1252	0.1248	0.0005	0.3094	0.1908	0.1186	0.2825	0.1470	0.1355	0.0583	0.0575	0.0008	0.2242	0.0895	0.1347	0.6781	0.0000	1.1871	0.0000	0.0000	0.0000	0.7562	0.0000	1.1848	4.8744	0.0000	10.1623	0.0031	0.0000	0.2259	6.1402	0.0000	10.2211			
11	57	0.0564	2	1	1	1	0	0	0	0	0	N	N	N	N	N	N	N	N	N	N	N	N	15687.8060	22590.7231	19539.3125	22509.1380	1.3605	0.0000	4.0463	0.0000	0.0000	0.0000	2.1276	0.0000	4.0544	0.0001	0.0000	0.0002	0.0000	0.0000	0.0000	0.0001	0.0000	0.0002	inf	inf	0.1775	0.0000	1.6609	1.6608	2.6354	6.0004	0.4367	0.0000	0.4367	0.0000	0.0000	0.0000	0.4367	0.0000	0.4367	0.0000	0.0000	0.0000	0.0000	0.0000	0.0000	0.0000	0.0000	0.0000	0.3210	0.2131	0.1079	0.1157	0.1155	0.0002	0.2053	0.0975	0.1077	0.2180	0.1125	0.1056	0.0444	0.0438	0.0006	0.1736	0.0687	0.1050	15687.8060	0.0000	22590.7231	0.0000	0.0000	0.0000	19539.3125	0.0000	22509.1380	0.0001	0.0000	0.0002	0.0000	0.0000	0.0000	0.0001	0.0000	0.0002					
11	58	0.0564	2	2	2	0	0	0	0	0	0	Y	Y	N	N	N	N	N	N	N	N	N	N	0.1542	0.1087	0.1168	0.1157	0.4769	0.6447	0.0000	1.7474	1.7548	0.0000	0.0000	0.0000	0.0000	3.0929	5.9326	0.0000	14.9544	15.1630	0.0000	0.0000	0.0000	0.0000	0.0000	0.0000	-0.1330	-0.7560	1.6609	4.3392	2.6354	6.9996	0.2242	0.2242	0.0000	0.2242	0.2242	0.0000	0.0000	0.0000	0.0000	0.9146	0.9146	0.0000	0.9146	0.9146	0.0000	0.0000	0.0000	0.0000	0.4701	0.3477	0.1223	0.1283	0.1278	0.0005	0.3418	0.2200	0.1218	0.2957	0.1542	0.1415	0.0612	0.0603	0.0008	0.2345	0.0938	0.1407	0.1542	0.1087	0.0000	0.1168	0.1157	0.0000	0.0000	0.0000	0.0000	3.0929	5.9326	0.0000	14.9544	15.1630	0.0000	0.0000	0.0000	0.0000					
11	59	0.0564	2	2	2	1	0	0	0	0	0	Y	Y	N	N	N	N	N	N	N	N	N	N	123.9907	0.0000	27565.9897	0.0000	0.0000	14617.4219	27547.8039	0.8164	0.0000	3.4134	0.0000	0.0000	0.0000	1.0894	0.0000	3.4320	0.0066	0.0125	0.0001	0.0314	0.0318	0.0000	0.0001	0.0000	0.0001	inf	0.0090	0.1775	-0.0017	1.6609	5.6608	2.6354	7.0004	0.4367	0.0000	0.4367	0.0000	0.0000	0.0000	0.4367	0.0000	0.4367	0.0021	0.0021	0.0000	0.0021	0.0021	0.0000	0.0000	0.0000	0.0000	0.5349	0.4070	0.1279	0.1340	0.1333	0.0007	0.4009	0.2736	0.1272	0.3203	0.1676	0.1527	0.0666	0.0657	0.0009	0.2537	0.1019	0.1518	123.9907	0.0000	27565.9897	0.0000	0.0000	0.0000	14617.4219	0.0000	27547.8039	0.0066	0.0125	0.0001	0.0314	0.0318	0.0000	0.0001	0.0000	0.0001		
11	60	0.0564	2	1	2	0	0	0	0	0	0	N	Y	N	N	N	N	N	N	N	N	N	N	0.0000	0.0000	0.0000	0.0000	0.0000	0.0000	0.0000	0.0000	0.0000	0.0000	0.0000	0.0000	0.0000	0.0000	0.0000	2.7172	0.0000	5.5824	0.0050	0.0000	0.3814	3.4038	0.0000	5.6109	inf	0.0000	0.0838	1.6609	2.0000	2.6354	4.0000	0.0000	0.0000	0.0000	0.0000	0.0000	0.0000	0.0000	0.0000	0.0000	0.4832	0.0000	0.4832	0.0002	0.0000	0.0002	0.4830	0.0000	0.4830	0.3413	0.2313	0.1100	0.1174	0.1171	0.0003	0.2239	0.1142	0.1098	0.1778	0.0913	0.0866	0.0359	0.0355	0.0005	0.1419	0.0558	0.0861	0.0000	0.0000	0.0000	0.0000	0.0000	0.0000	0.0000	0.0000	0.0000	2.7172	0.0000	5.5824	0.0050	0.0000	0.3814	3.4038	0.0000	5.6109				
11	61	0.0564	2	2	1	1	0	0	0	0	0	Y	N	N	N	N	N	N	N	N	N	N	N	0.7797	inf	1.2507	inf	inf	0.6784	1.2497	2.3561	0.5705	7.8959	1.6898	1.6982	0.0000	2.5845	0.0000	7.9370	3.0218	0.0000	6.3132	0.0000	0.0000	0.0000	3.8098	0.0000	6.3509	4.4607	inf	0.2735	0.1549	1.6609	5.3392	2.6354	6.0004	1.2242	0.2242	1.0000	0.2242	0.2242	0.0000	1.0000	0.0000	1.0000	0.8936	0.0000	0.8936	0.0000	0.0000	0.0000	0.8936	0.0000	0.8936	0.5196	0.3929	0.1266	0.1327	0.1320	0.0007	0.3869	0.2609	0.1260	0.2957	0.1542	0.1415	0.0612	0.0603	0.0008	0.2346	0.0939	0.1407	0.7797	inf	1.2507	inf	inf	0.0000	0.6784	0.0000	1.2497	3.0218	0.0000	6.3132	0.0000	0.0000	0.0000	3.8098	0.0000	6.3509		
11	62	0.0564	2	1	2	0	0	0	0	0	0	N	Y	N	N	N	N	N	N	N	N	N	N	0.7076	0.0000	2.4398	0.0000	0.0000	0.7125	0.0000	2.4410	2.1620	0.0000	10.4206	0.0000	0.0000	0.0000	2.7712	0.0000	10.4977	3.0554	2.0018	4.2711	0.0020	0.0020	0.0000	3.8894	3.3048	4.3006	inf	1.8493	0.5840	-0.2445	1.6609	8.6608	2.6354	13.0004	1.4367	0.0000	1.4367	0.0000	0.0000	0.0000	1.4367	0.0000	1.4367	1.3768	0.4832	0.8936	0.0002	0.0002	0.0000	1.3767	0.4830	0.8936	0.6645	0.5266	0.1379	0.1461	0.1451	0.0010	0.5184	0.3816	0.1369	0.4506	0.2414	0.2092	0.0967	0.0952	0.0014	0.3540	0.1462	0.2078	0.7076	0.0000	2.4398	0.0000	0.0000	0.0000	0.7125	0.0000	2.4410	3.0554	2.0018	4.2711	0.0020	0.0020	0.0000	3.8894	3.3048	4.3006	
11	63	0.1303	3	1	1	1	0	0	0	0	0	N	N	N	N	N	N	N	N	N	N	N	N	0.0049	0.0000	0.0126	0.0000	0.0000	0.0000	0.0044	0.0120	0.0006	0.0000	0.0038	0.0000	0.0000	0.0000	0.0008	0.0000	0.0042	0.1190	0.0107	0.3020	0.0201	0.0193	0.0255	0.1845	0.0000	0.3449	inf	16.6578	0.0000	0.0004	1.6609	0.9961	2.6354	0.0337	0.0000	0.0000	0.0000	0.0000	0.0000	0.0000	0.0000	0.0000	0.0000	0.0036	0.0002	0.0034	0.0002	0.0002	0.0000	0.0034	0.0000	0.0034	0.0679	0.0575	0.0104	0.0192	0.0184	0.0009	0.0487	0.0391	0.0096	0.0305	0.0192	0.0114	0.0122	0.0106	0.0015	0.0184	0.0085	0.0098	0.0049	0.0000	0.0126	0.0000	0.0000	0.0000	0.0044	0.0000	0.0120	0.1190	0.0107	0.3020	0.0201	0.0193	0.0255	0.1845	0.0000	0.3449	
11	64	0.0564	2	1	1	1	0	0	0	0	0	N	N	N	N	N	N	N	N	N	N	N	N	0.2138	0.0001	0.3012	0.0001	0.0001	0.0000	0.2459	0.0000	0.2825	1.0041	0.0000	3.6658	0.0001	0.0001	0.0000	1.4103	0.0000	3.6801	4.6968	0.3753	12.1722	1.0014	0.9985	0.2084	5.7355	0.0138	13.0284	32463.7086	30.5875	0.1775	0.2010	1.6609	3.6648	2.6354	8.0029	0.4367	0.0000	0.4367	0.0000	0.0000	0.0000	0.4367	0.0000	0.4367	1.4183	0.0449	1.3734	0.0450	0.0449	0.0002	1.3733	0.0000	1.3732	0.4349	0.3158	0.1191	0.1253	0.1248	0.0005	0.3096	0.1910	0.1187	0.3020	0.1576	0.1444	0.0625	0.0617	0.0009	0.2394	0.0959	0.1435	0.2138	0.0001	0.3854	0.0001	0.0001	0.0000	0.2459	0.0000	0.3847	4.6968	0.2849	9.5115	0.7202	0.7274	0.2084	5.7355	0.0004	9.5674
11	65	0.0564	2	1	2	0	0	0	0	0	0	N	Y	N	N	N	N	N	N	N	N	N	N	8.4510	0.0000	inf	0.0000	0.0000	inf	inf	0.7521	0.0000	3.3176	0.0000	0.0000	0.0000	0.9871	0.0000	3.3379	0.0890	0.2586	0.0000	0.6751	0.6865	0.0000	0.0000	0.0000	0.0000	inf	0.0000	0.1775	-0.0355	1.6609	6.6608	2.6354	17.9996	0.4367	0.0000	0.4367	0.0000	0.0000	0.0000	0.4367	0.0000	0.4367	0.0430	0.0430	0.0000	0.0430	0.0430	0.0000	0.0000	0.0000	0.0000	0.5806	0.4490	0.1316	0.1382	0.1374	0.0008	0.4424	0.3116	0.1308	0.4827	0.2604	0.2223	0.1044	0.1029	0.0016	0.3783	0.1576	0.2207	8.4510	0.0000	inf	0.0000	0.0000	0.0000	inf	0.0000	inf	0.0890	0.1650	0.0000	0.4113	0.4176	0.0000	0.0000	0.0000	0.0000		
11	66	0.0564	2	1	2	0	1	0	0	0	0	N	Y	N	N	N	N	N	N	N	N	N	N	0.8358	1.7646	1.3967	2.0605	2.0294	0.7606	1.3954	2.3561	0.5705	7.8959	1.6898	1.6982	0.0000	2.5845	0.0000	7.9370	2.8188	0.3233	5.6532	0.8201	0.8368	0.0000	3.3979	0.0000	5.6881	4.4607	20.8002	0.2735	0.1194	1.6609	5.3392	2.6354	7.9996	1.2242	0.2242	1.0000	0.2242	0.2242	0.0000	1.0000	0.0000	1.0000	0.9366	0.0430	0.8936	0.0430	0.0430	0.0000	0.8936	0.0000	0.8936	0.5196	0.3929	0.1266	0.1327	0.1320	0.0007	0.3869	0.2609	0.1260	0.3323	0.1742	0.1581	0.0693	0.0683	0.0010	0.2630	0.1059	0.1571	0.8358	2.3132	1.3967	2.7247	2.6999	0.0000	0.7606	0.0000	1.3954	2.8188	0.2466	5.6532	0.6202	0.6290	0.0000	3.3979	0.0000	5.6881		
11	67	0.0564	2	1	2	0	0	0	0	0	0	N	Y	N	N	N	N	N	N	N	N	N	N	0.8434	1.7666	1.4815	2.2492	2.1829	0.7522	1.4809	2.1621	0.5145	7.6635	1.6379	1.6471	0.0000	2.3292	0.0000	7.7088	2.5637	0.2912	5.1727	0.7282	0.7545	0.0000	3.0966	0.0000	5.2055	4.4608	20.8051	0.2735	0.1194	1.6609	6.3392	2.6354	8.9996	1.2242	0.2242	1.0000	0.2242	0.2242	0.0000	1.0000	0.0000	1.0000	0.9366	0.0430	0.8936	0.0430	0.0430	0.0000	0.8936	0.0000	0.8936	0.5662	0.4357	0.1305	0.1369	0.1361	0.0008	0.4293	0.2996	0.1297	0.3653	0.1926	0.1728	0.0767	0.0757	0.0011	0.2886	0.1169	0.1717	0.8434	2.3067	1.4815	2.9263	2.9010	0.0000	0.7522	0.0000	1.4809	2.5637	0.2231	5.1727	0.5597	0.5678	0.0000	3.0966	0.0000	5.2055		
11	68	0.0564	2	1	2	0	0	0	0	0	0	N	Y	N	N	N	N	N	N	N	N	N	N	13415.7903	25283.6845	14522.5926	25252.9714	0.8980	0.0000	3.5283	0.0000	0.0000	0.0000	1.2247	0.0000	3.5449	0.0001	0.0000	0.0001	0.0000	0.0000	0.0000	0.0001	0.0000	0.0001	inf	inf	0.1775	0.0000	1.6609	4.6608	2.6354	6.0004	0.4367	0.0000	0.4367	0.0000	0.0000	0.0000	0.4367	0.0000	0.4367	0.0000	0.0000	0.0000	0.0000	0.0000	0.0000	0.0000	0.0000	0.0000	0.4863	0.3625	0.1238	0.1297	0.1291	0.0006	0.3566	0.2334	0.1232	0.2825	0.1470	0.1355	0.0583	0.0575	0.0008	0.2242	0.0895	0.1347	13415.7903	0.0000	25283.6845	0.0000	0.0000	0.0000	14522.5926	0.0000	25252.9714	0.0001	0.0000	0.0001	0.0000	0.0000	0.0000	0.0001	0.0000	0.0001					
11	69	0.0823	3	1	2	0	0	0	0	0	0	N	Y	N	N	N	N	N	N	N	N	N	N	1.0103	1.6609	1.6643	1.6278	1.6793	978.2797	0.8604	0.0000	1.6803	1.7630	0.4264	5.9631	0.9221	0.9310	0.0771	2.2180	0.0000	6.0534	1.7450	0.2567	3.5829	0.5665	0.5544	0.0001	2.5778	0.0014	3.6026	4.4502	19.5498	0.1678	0.0702	1.6609	3.0720	2.6354	3.7333	0.7524	0.1380	0.6143	0.1382	0.1380	0.0001	0.6142	0.0000	0.6142	0.5633	0.0274	0.5359	0.0274	0.0274	0.0000	0.5359	0.0000	0.5359	0.4268	0.3237	0.1030	0.1498	0.1483	0.0016	0.2769	0.1755	0.1015	0.3228	0.1732	0.1496	0.1149	0.1141	0.0008	0.2079	0.0591	0.1487	1.0103	2.6948	1.6643	3.8657	3.8751	978.2797	0.8604	0.0000	1.6803	1.7450	0.1582	3.5829	0.2385	0.2402	0.0001	2.5778	0.0000	3.6026
11	70	0.0564	2	1	2	0	0	0	0	0	0	N	Y	N	N	N	N	N	N	N	N	N	N	0.8357	2.8827	0.9193	2.1226	2.0415	0.0000	0.8020	0.0032	0.9161	2.0655	0.8488	4.4350	1.5375	1.5403	0.0000	2.3680	0.0029	4.4436	2.4715	0.2944	4.8244	0.7243	0.7545	0.0004	2.9527	0.8842	4.8504	2.6830	20.4016	0.0883	0.0473	1.6609	1.5925	2.6354	3.3727	0.6544	0.1777	0.4767	0.1774	0.1774	0.0000	0.4770	0.0003	0.4767	0.3732	0.0174	0.3558	0.0170	0.0170	0.0000	0.3563	0.0005	0.3558	0.3168	0.2093	0.1075	0.1154	0.1152	0.0002	0.2014	0.0942	0.1073	0.1510	0.0773	0.0737	0.0304	0.0300	0.0004	0.1207	0.0473	0.0734	0.8357	3.7606	0.9193	2.7511	2.7203	0.0000	0.8020	0.2849	0.9161	2.4715	0.2257	4.8244	0.5589	0.5662	0.0004	2.9527	0.0100	4.8504
11	71	0.0564	2	1	2	0	0	0	0	0	0	N	Y	N	N	N	N	N	N	N	N	N	N	154.7696	0.0000	33899.0321	0.0000	0.0000	18156.9393	33861.3703	0.8164	0.0000	3.4134	0.0000	0.0000	0.0000	1.0894	0.0000	3.4320	0.0053	0.0099	0.0001	0.0247	0.0250	0.0000	0.0001	0.0000	0.0001	inf	0.0090	0.1775	-0.0017	1.6609	5.6608	2.6354	12.0004	0.4367	0.0000	0.4367	0.0000	0.0000	0.0000	0.4367	0.0000	0.4367	0.0021	0.0021	0.0000	0.0021	0.0021	0.0000	0.0000	0.0000	0.0000	0.5349	0.4070	0.1279	0.1340	0.1333	0.0007	0.4009	0.2736	0.1272	0.3998	0.2120	0.1878	0.0847	0.0835	0.0012	0.3151	0.1286	0.1865	154.7696	0.0000	33899.0321	0.0000	0.0000	0.0000	18156.9393	0.0000	33861.3703	0.0053	0.0099	0.0001	0.0247	0.0250	0.0000	0.0001	0.0000	0.0001		
11	73	0.0564	2	2	2	0	1	0	0	0	0	Y	Y	N	N	N	N	N	N	N	N	N	N	1.1462	6861.8904	1.5778	6619.6685	6548.7920	1.0525	1.5737	2.9332	0.7476	8.5126	1.8115	1.8177	0.0000	3.4060	0.0000	8.5433	2.5590	0.0001	5.3951	0.0003	0.0003	0.0000	3.2362	0.0000	5.4289	4.4607	44680.9453	0.2735	0.1549	1.6609	3.3392	2.6354	11.0004	1.2242	0.2242	1.0000	0.2242	0.2242	0.0000	1.0000	0.0000	1.0000	0.8936	0.0000	0.8936	0.0000	0.0000	0.0000	0.8936	0.0000	0.8936	0.4174	0.2999	0.1175	0.1238	0.1233	0.0004	0.2936	0.1765	0.1171	0.3492	0.1836	0.1656	0.0731	0.0721	0.0010	0.2761	0.1115	0.1646	1.1462	6861.8904	1.5778	6619.6685	6548.7920	0.0000	1.0525	0.0000	1.5737	2.5590	0.0001	5.3951	0.0003	0.0003	0.0000	3.2362	0.0000	5.4289		
11	74	0.0564	2	1	2	0	1	0	0	0	0	N	Y	N	N	N	N	N	N	N	N	N	N	0.7155	7932.2337	1.2139	10017.5132	9935.3844	0.6114	1.2138	2.1620	0.5145	7.6633	1.6379	1.6471	0.0000	2.3292	0.0000	7.7086	3.0219	0.0001	6.3132	0.0002	0.0002	0.0000	3.8098	0.0000	6.3509	4.4607	89361.8907	0.2735	0.1549	1.6609	6.3392	2.6354	5.0004	1.2242	0.2242	1.0000	0.2242	0.2242	0.0000	1.0000	0.0000	1.0000	0.8936	0.0000	0.8936	0.0000	0.0000	0.0000	0.8936	0.0000	0.8936	0.5662	0.4357	0.1305	0.1369	0.1361	0.0008	0.4293	0.2996	0.1297	0.2957	0.1542	0.1415	0.0612	0.0603	0.0008	0.2346	0.0939	0.1407	0.7155	7932.2337	1.2139	10017.5132	9935.3844	0.0000	0.6114	0.0000	1.2138	3.0219	0.0001	6.3132	0.0002	0.0002	0.0000	3.8098	0.0000	6.3509		
11	75	0.1267	3	1	2	0	0	0	0	0	0	N	Y	N	N	N	N	N	N	N	N	N	N	0.0574	0.0082	3.6839	0.0091	0.0092	0.3286	5.0081	0.0235	0.0051	0.5392	0.0094	0.0095	0.0000	0.0391	0.0000	0.7399	0.4099	0.6183	0.1464	1.0340	1.0358	0.0000	0.1190	0.0000	0.1477	3.7829	0.1872	0.0000	-0.0255	1.6609	0.0009	2.6354	1.7419	0.0001	0.0000	0.0001	0.0000	0.0000	0.0000	0.0001	0.0000	0.0001	0.0381	0.0321	0.0060	0.0321	0.0321	0.0000	0.0060	0.0000	0.0060	0.0054	0.0052	0.0002	0.0028	0.0028	0.0001	0.0026	0.0024	0.0001	0.0929	0.0519	0.0410	0.0424	0.0421	0.0004	0.0504	0.0098	0.0406	0.0574	0.0082	3.6839	0.0124	0.0125	0.0000	0.3286	0.0000	5.0081	0.4099	0.6183	0.1464	0.7556	0.7624	0.0000	0.1190	0.0000	0.1477		
11	76	0.0564	2	1	2	0	0	0	0	0	0	N	Y	N	N	N	N	N	N	N	N	N	N	0.7271	3.3634	1.2363	9.2688	9.1916	0.0000	0.6308	0.0000	1.2360	2.1946	0.5238	7.7028	1.6470	1.6561	0.0000	2.3714	0.0000	7.7474	3.0182	0.1557	6.2306	0.1777	0.1802	0.0000	3.7592	0.0047	6.2679	4.4605	81.0503	0.2734	0.1448	1.6609	6.1537	2.6354	5.2905	1.2241	0.2242	0.9999	0.2242	0.2242	0.0000	0.9999	0.0000	0.9999	0.8986	0.0110	0.8876	0.0109	0.0109	0.0000	0.8876	0.0000	0.8876	0.5578	0.4280	0.1298	0.1361	0.1354	0.0007	0.4217	0.2926	0.1291	0.2977	0.1553	0.1425	0.0616	0.0608	0.0008	0.2361	0.0945	0.1416	0.7271	7.4263	1.2363	9.2688	9.1916	0.0000	0.6308	0.0000	1.2360	3.0182	0.0705	6.2306	0.1777	0.1802	0.0000	3.7592	0.0001	6.2679
11	77	0.0564	2	1	1	1	1	0	0	0	0	N	N	N	N	N	N	N	N	N	N	N	N	0.8291	9379.4327	1.3259	11034.8167	10935.8424	0.7206	1.3248	2.3561	0.5705	7.8961	1.6898	1.6982	0.0000	2.5845	0.0000	7.9372	2.8418	0.0001	5.9552	0.0002	0.0002	0.0000	3.5866	0.0000	5.9914	4.4608	89361.8907	0.2735	0.1549	1.6609	5.3392	2.6354	7.0004	1.2242	0.2242	1.0000	0.2242	0.2242	0.0000	1.0000	0.0000	1.0000	0.8936	0.0000	0.8936	0.0000	0.0000	0.0000	0.8936	0.0000	0.8936	0.5196	0.3929	0.1266	0.1327	0.1320	0.0007	0.3869	0.2609	0.1260	0.3145	0.1644	0.1501	0.0653	0.0644	0.0009	0.2492	0.1000	0.1492	0.8291	9379.4327	1.3259	11034.8167	10935.8424	0.0000	0.7206	0.0000	1.3248	2.8418	0.0001	5.9552	0.0002	0.0002	0.0000	3.5866	0.0000	5.9914		
11	78	0.0564	2	1	1	1	1	0	0	0	0	N	N	N	N	N	N	N	N	N	N	N	N	0.8061	1.5971	1.4204	2.1050	2.0509	0.7197	1.4199	2.1621	0.5145	7.6635	1.6379	1.6471	0.0000	2.3292	0.0000	7.7088	2.6820	0.3221	5.3952	0.7781	0.8031	0.0000	3.2363	0.0000	5.4290	4.4608	20.7954	0.2735	0.1194	1.6609	6.3392	2.6354	7.9996	1.2242	0.2242	1.0000	0.2242	0.2242	0.0000	1.0000	0.0000	1.0000	0.9366	0.0430	0.8936	0.0430	0.0430	0.0000	0.8936	0.0000	0.8936	0.5662	0.4357	0.1305	0.1369	0.1361	0.0008	0.4293	0.2996	0.1297	0.3492	0.1836	0.1656	0.0731	0.0721	0.0010	0.2761	0.1115	0.1646	0.8061	2.1979	1.4204	2.7855	2.7618	0.0000	0.7197	0.0000	1.4199	2.6820	0.2341	5.3952	0.5880	0.5964	0.0000	3.2363	0.0000	5.4290		
11	79	0.0564	2	1	2	0	0	0	0	0	0	N	Y	N	N	N	N	N	N	N	N	N	N	26191.6797	10982.9222	45261.8353	7405.2959	7318.9441	42005.7002	45088.2166	4.0632	1.1472	9.4456	1.9642	1.9672	0.0000	5.3433	0.0000	9.4613	0.0002	0.0001	0.0002	0.0003	0.0003	0.0000	0.0001	0.0000	0.0002	4.4607	1.8907	0.2735	-0.0000	1.6609	1.3392	2.6354	5.0004	1.2242	0.2242	1.0000	0.2242	0.2242	0.0000	1.0000	0.0000	1.0000	0.0000	0.0000	0.0000	0.0000	0.0000	0.0000	0.0000	0.0000	0.0000	0.3013	0.1954	0.1059	0.1141	0.1140	0.0002	0.1872	0.0815	0.1057	0.1863	0.0957	0.0906	0.0377	0.0372	0.0005	0.1486	0.0585	0.0901	26191.6797	10982.9222	45261.8353	7405.2959	7318.9441	0.0000	42005.7002	0.0000	45088.2166	0.0002	0.0001	0.0002	0.0003	0.0003	0.0000	0.0001	0.0000	0.0002		
11	80	0.0564	2	2	2	0	0	0	0	0	0	Y	Y	N	N	N	N	N	N	N	N	N	N	0.8206	1.5811	1.5669	2.1721	2.0958	0.7116	1.5678	1.8786	0.4356	7.3014	1.5478	1.5583	0.0000	1.9731	0.0000	7.3540	2.2892	0.2755	4.6598	0.7126	0.7436	0.0000	2.7728	0.0000	4.6906	4.4608	20.8002	0.2735	0.1194	1.6609	8.3392	2.6354	9.9996	1.2242	0.2242	1.0000	0.2242	0.2242	0.0000	1.0000	0.0000	1.0000	0.9366	0.0430	0.8936	0.0430	0.0430	0.0000	0.8936	0.0000	0.8936	0.6517	0.5147	0.1370	0.1448	0.1439	0.0010	0.5068	0.3708	0.1360	0.4091	0.2174	0.1918	0.0868	0.0856	0.0013	0.3223	0.1318	0.1905	0.8206	2.2036	1.5669	3.1290	3.1046	0.0000	0.7116	0.0000	1.5678	2.2892	0.1977	4.6598	0.4947	0.5020	0.0000	2.7728	0.0000	4.6906		
12	16	0.1230	2	0	1	1	1	0	0	0	0	N	N	N	N	N	N	N	N	N	N	N	N	1.7298	54.0155	0.0185	15.2857	14.9901	1.3685	inf	0.0196	0.5362	0.6744	0.0101	0.6449	0.6728	0.0000	0.4797	0.6756	0.0109	0.3100	0.0125	0.5478	0.0422	0.0449	0.0000	0.3505	0.0000	0.5557	0.0040	54.8823	-0.1976	0.0133	6.3392	1.9870	6.9996	4.1092	0.3352	0.3339	0.0013	0.1380	0.1380	0.0000	0.1973	0.1960	0.0013	0.0855	0.0015	0.0839	0.0015	0.0015	0.0000	0.0839	0.0000	0.0839	0.6252	0.4951	0.1301	0.2139	0.2051	0.0089	0.4113	0.2901	0.1212	0.2757	0.1225	0.1532	0.0363	0.0341	0.0022	0.2395	0.0884	0.1511	1.7298	54.0155	0.0185	15.2857	14.9901	0.0000	1.3685	inf	0.0196	0.3100	0.0125	0.5478	0.0422	0.0449	0.0000	0.3505	0.0000	0.5557	
12	18	0.1386	2	1	1	1	1	0	0	0	0	N	N	N	N	N	N	N	N	N	N	N	N	6.5234	0.0000	34.5393	0.0711	0.0000	inf	8.5307	0.0000	44.0104	4.9385	0.0000	41.9376	0.0006	0.0000	0.0097	8.0664	0.0000	53.5186	0.7570	0.3760	1.2142	0.0090	0.0090	0.0000	0.9456	2.3870	1.2160	inf	4.2264	0.4052	-0.0027	6.3392	1.0070	6.9996	4.1063	0.9967	0.0000	0.9967	0.0000	0.0000	0.0000	0.9967	0.0000	0.9967	0.1507	0.0288	0.1218	0.0004	0.0004	0.0000	0.1503	0.0285	0.1218	0.2018	0.1781	0.0238	0.0783	0.0731	0.0051	0.1236	0.1049	0.0186	0.1990	0.0987	0.1004	0.0401	0.0399	0.0002	0.1590	0.0588	0.1002	6.5234	0.0000	34.5393	0.0711	0.0000	inf	8.5307	0.0000	44.0104	0.7570	0.2922	1.2142	0.0090	0.0090	0.0000	0.9456	0.4844	1.2160
12	21	0.1323	2	1	0	2	1	0	0	0	0	N	N	Y	N	N	N	N	N	N	N	N	N	25.6000	453.9655	0.0000	0.5131	0.5203	26.4677	inf	0.0000	4.9806	5.8821	0.0000	0.0639	0.0658	0.0000	5.2351	6.2303	0.0000	0.1946	0.0130	0.3287	0.1246	0.1264	0.0000	0.1978	0.0000	0.3290	0.0000	34.3485	-0.5934	0.0059	6.3392	1.0018	6.9996	3.0659	0.9998	0.9998	0.0000	0.0006	0.0006	0.0000	0.9991	0.9991	0.0000	0.0410	0.0012	0.0398	0.0012	0.0012	0.0000	0.0398	0.0000	0.0398	0.2007	0.1700	0.0308	0.0099	0.0096	0.0003	0.1909	0.1604	0.0305	0.2107	0.0895	0.1212	0.0093	0.0092	0.0001	0.2014	0.0803	0.1211	25.6000	453.9655	0.0000	0.5131	0.5203	0.0000	26.4677	inf	0.0000	0.1946	0.0130	0.3287	0.1246	0.1264	0.0000	0.1978	0.0000	0.3290	
12	26	0.1184	2	1	1	1	1	0	0	0	0	N	N	N	N	N	N	N	N	N	N	N	N	0.0000	0.0000	0.0000	0.0000	0.0000	0.0000	0.0000	0.0000	0.0000	0.0000	0.0000	0.0000	0.0000	0.0000	0.0000	0.0000	0.0000	0.0000	0.0000	0.0000	6.3392	0.0026	6.9996	0.9906	0.0000	0.0000	0.0000	0.0000	0.0000	0.0000	0.0000	0.0000	0.0000	0.0000	0.0000	0.0000	0.0000	0.0000	0.0000	0.0000	0.0000	0.0000	0.4921	0.3820	0.1101	0.2475	0.2473	0.0002	0.2445	0.1347	0.1098	0.2680	0.1393	0.1287	0.1120	0.1119	0.0001	0.1560	0.0273	0.1286	0.0000	0.0000	0.0000	0.0000	0.0000	0.0000	0.0000	0.0000	0.0000	0.0000	0.0000	0.0000	0.0000	0.0000	0.0000	0.0000	0.0000	0.0000											
12	31	0.1628	2	1	1	1	1	0	0	0	0	N	N	N	N	N	N	N	N	N	N	N	N	0.0046	0.0000	0.4143	0.0000	0.0000	0.0000	0.0832	0.5197	0.0097	0.0000	0.1086	0.0000	0.0000	0.0000	0.0163	0.0000	0.1361	2.0905	3.8276	0.2622	5.4953	5.5838	0.2889	0.1962	0.0000	0.2619	inf	0.0651	0.0002	-0.2410	6.3392	0.1965	6.9996	2.3074	0.0005	0.0000	0.0005	0.0000	0.0000	0.0000	0.0005	0.0000	0.0005	0.3148	0.2956	0.0192	0.2958	0.2956	0.0003	0.0190	0.0000	0.0190	0.0560	0.0510	0.0050	0.0227	0.0217	0.0010	0.0333	0.0293	0.0040	0.1506	0.0772	0.0734	0.0538	0.0529	0.0009	0.0968	0.0243	0.0725	0.0046	0.0000	0.4143	0.0000	0.0000	0.0000	0.0832	0.0000	0.5197	2.0905	3.8276	0.2622	5.4953	5.5838	0.2889	0.1962	0.0000	0.2619	
12	34	0.1737	2	0	0	2	1	0	0	0	0	N	N	Y	N	N	N	N	N	N	N	N	N	0.0006	1.8045	0.0000	1.8779	2.5016	0.0000	0.0000	0.0000	0.0017	0.0020	0.0000	0.0048	0.0050	0.0000	0.0000	0.0000	0.0000	2.9356	0.0011	5.8766	0.0025	0.0020	0.0210	4.1044	0.0000	5.9707	0.0000	5248.3980	-0.0008	0.2454	6.3392	3.8106	6.9996	5.1657	0.0014	0.0014	0.0000	0.0014	0.0014	0.0000	0.0000	0.0000	0.0000	1.4173	0.0003	1.4171	0.0003	0.0003	0.0001	1.4170	0.0000	1.4170	0.7948	0.6899	0.1049	0.2911	0.2754	0.0157	0.5037	0.4145	0.0892	0.4828	0.2417	0.2411	0.1376	0.1338	0.0038	0.3452	0.1079	0.2373	0.0006	1.8045	0.0000	1.8779	2.5016	0.0000	0.0000	0.0000	0.0000	2.9356	0.0011	5.8766	0.0025	0.0020	0.0210	4.1044	0.0000	5.9707	
12	37	0.1551	3	1	0	2	1	0	0	0	0	N	N	Y	N	N	N	N	N	N	N	N	N	0.0739	0.0000	0.1892	0.0000	0.0000	0.0800	0.1883	0.1670	0.0000	0.7829	0.0000	0.0000	0.0000	0.2108	0.0000	0.7888	2.2608	0.0209	4.1372	0.0655	0.0687	0.0000	2.6344	0.0000	4.1890	inf	236.3380	0.0467	0.1489	6.3392	2.3426	6.9996	5.0131	0.1150	0.0000	0.1150	0.0000	0.0000	0.0000	0.1150	0.0000	0.1150	0.8805	0.0037	0.8768	0.0037	0.0037	0.0000	0.8768	0.0000	0.8768	0.6883	0.5415	0.1469	0.1428	0.1417	0.0011	0.5455	0.3998	0.1458	0.3895	0.1775	0.2119	0.0566	0.0540	0.0026	0.3328	0.1235	0.2093	0.0739	0.0000	0.1892	0.0000	0.0000	0.0000	0.0800	0.0000	0.1883	2.2608	0.0209	4.1372	0.0655	0.0687	0.0000	2.6344	0.0000	4.1890		
12	38	0.1273	2	1	0	2	1	0	0	0	0	N	N	Y	N	N	N	N	N	N	N	N	N	0.2912	0.1741	0.7360	0.2558	0.2537	0.3227	0.0000	0.7368	0.2151	0.1363	0.5091	0.5322	0.5364	0.0000	0.1348	0.0000	0.5129	0.7386	0.7830	0.6917	2.0806	2.1145	0.0000	0.4178	0.3205	0.6961	1.0008	0.8345	-0.0142	-0.0983	6.3392	2.4564	6.9996	2.5086	0.1520	0.0760	0.0760	0.0760	0.0760	0.0000	0.0760	0.0000	0.0760	0.2645	0.1442	0.1203	0.1438	0.1438	0.0000	0.1208	0.0004	0.1203	0.7068	0.5574	0.1494	0.1428	0.1417	0.0011	0.5640	0.4157	0.1483	0.3581	0.1842	0.1740	0.0691	0.0680	0.0011	0.2891	0.1162	0.1729	0.2912	0.1741	0.7360	0.2558	0.2537	0.0000	0.3227	0.0000	0.7368	0.7386	0.7830	0.6917	2.0806	2.1145	0.0000	0.4178	0.0038	0.6961	
12	41	0.1250	2	1	0	2	1	0	0	0	0	N	N	Y	N	N	N	N	N	N	N	N	N	0.7500	0.6467	2.7061	0.6914	0.5780	inf	0.7376	inf	2.7607	2.2360	0.0017	15.1760	0.0063	0.0053	0.0449	2.5401	0.0011	15.5001	2.9814	0.0026	5.6080	0.0092	0.0092	0.0000	3.4439	0.0000	5.6145	1536.1759	2411.3882	0.3931	0.2003	6.3392	1.9694	6.9996	5.1440	0.9684	0.0006	0.9678	0.0003	0.0003	0.0001	0.9681	0.0004	0.9677	1.1579	0.0005	1.1575	0.0005	0.0005	0.0000	1.1575	0.0000	1.1575	0.4331	0.3693	0.0638	0.0520	0.0507	0.0013	0.3811	0.3187	0.0624	0.3884	0.1820	0.2064	0.0523	0.0521	0.0002	0.3361	0.1299	0.2062	0.7500	0.6467	2.7061	0.6914	0.5780	inf	0.7376	inf	2.7607	2.9814	0.0026	5.6080	0.0092	0.0092	0.0000	3.4439	0.0000	5.6145
12	45	0.1273	2	1	1	2	1	0	0	0	0	N	N	Y	N	N	N	N	N	N	N	N	N	0.0536	0.0000	0.0954	0.0000	0.0000	0.0615	0.0931	0.2268	0.0000	0.9395	0.0000	0.0000	0.0000	0.3086	0.0000	0.9443	4.2286	0.0000	9.8475	0.0001	0.0001	0.0000	5.0142	0.0000	10.1447	inf	185020.8907	0.0468	0.3207	6.3392	1.3391	6.9996	5.8433	0.1150	0.0000	0.1150	0.0000	0.0000	0.0000	0.1150	0.0000	0.1150	1.8502	0.0000	1.8502	0.0000	0.0000	0.0000	1.8502	0.0000	1.8502	0.5072	0.3848	0.1224	0.1344	0.1338	0.0006	0.3728	0.2510	0.1218	0.4375	0.2148	0.2227	0.0686	0.0670	0.0016	0.3690	0.1478	0.2212	0.0536	0.0000	0.1131	0.0000	0.0000	0.0000	0.0615	0.0000	0.1129	4.2286	0.0000	8.3072	0.0001	0.0001	0.0000	5.0142	0.0000	8.3655		
12	47	0.1323	2	1	1	2	1	0	0	0	0	N	N	Y	N	N	N	N	N	N	N	N	N	9.1483	0.1777	36.1710	0.3252	0.3302	9.4455	36.4760	1.7827	0.0023	11.9071	0.0405	0.0417	0.0000	1.8713	0.0000	12.0206	0.1949	0.0130	0.3292	0.1246	0.1264	0.0000	0.1981	0.0000	0.3295	907.7826	34.3485	0.4058	0.0059	6.3392	3.0001	6.9996	1.0598	1.0009	0.0011	0.9998	0.0011	0.0011	0.0000	0.9998	0.0000	0.9998	0.0410	0.0012	0.0398	0.0012	0.0012	0.0000	0.0398	0.0000	0.0398	0.5615	0.4775	0.0840	0.0272	0.0264	0.0008	0.5343	0.4511	0.0832	0.2103	0.0894	0.1210	0.0093	0.0092	0.0001	0.2010	0.0802	0.1209	9.1483	0.1777	36.1710	0.3252	0.3302	0.0000	9.4455	0.0000	36.4760	0.1949	0.0130	0.3292	0.1246	0.1264	0.0000	0.1981	0.0000	0.3295		
12	51	0.1230	2	0	1	2	1	0	0	0	0	N	N	Y	N	N	N	N	N	N	N	N	N	0.5424	16.9023	0.0140	13.4576	13.3443	0.0064	0.0149	0.2077	0.2565	0.0096	0.6297	0.6583	0.0000	0.0028	0.0000	0.0103	0.3830	0.0152	0.6859	0.0468	0.0493	0.0000	0.4407	0.0000	0.6954	0.0092	54.8823	-0.0845	0.0133	6.3392	2.4249	6.9996	2.1457	0.1446	0.1433	0.0013	0.1433	0.1433	0.0000	0.0013	0.0000	0.0013	0.0855	0.0015	0.0839	0.0015	0.0015	0.0000	0.0839	0.0000	0.0839	0.6960	0.5585	0.1375	0.2275	0.2176	0.0099	0.4685	0.3409	0.1276	0.2232	0.1008	0.1224	0.0327	0.0310	0.0017	0.1905	0.0698	0.1207	0.5424	16.9023	0.0140	13.4576	13.3443	0.0000	0.0064	0.0000	0.0149	0.3830	0.0152	0.6859	0.0468	0.0493	0.0000	0.4407	0.0000	0.6954		
12	54	0.1386	2	1	1	1	1	0	0	0	0	N	N	N	N	N	N	N	N	N	N	N	N	0.0151	0.0306	0.0133	3.0162	3.2182	0.0032	0.0000	0.0169	0.0130	0.0123	0.0184	0.0284	0.0304	0.0000	0.0035	0.0000	0.0234	0.8586	0.4008	1.3826	0.0094	0.0094	0.0000	1.0951	2.4897	1.3846	0.2002	4.2264	-0.0021	-0.0027	6.3392	2.0079	6.9996	2.2027	0.0050	0.0042	0.0008	0.0042	0.0042	0.0000	0.0008	0.0000	0.0008	0.1507	0.0288	0.1218	0.0004	0.0004	0.0000	0.1503	0.0285	0.1218	0.3856	0.3402	0.0454	0.1468	0.1372	0.0097	0.2388	0.2031	0.0357	0.1755	0.0874	0.0881	0.0382	0.0381	0.0001	0.1373	0.0493	0.0880	0.0151	0.0371	0.0133	3.0162	3.2182	0.0000	0.0032	0.0000	0.0169	0.8586	0.3300	1.3826	0.0094	0.0094	0.0000	1.0951	0.5780	1.3846	
12	63	0.1664	2	0	0	2	1	0	0	0	0	N	N	Y	N	N	N	N	N	N	N	N	N	0.0005	0.0524	0.0000	0.1077	0.1025	0.0000	0.0000	0.0000	0.0001	0.0001	0.0000	0.0005	0.0005	0.0000	0.0000	0.0000	0.0000	0.2261	0.0024	0.4790	0.0042	0.0047	0.0026	0.3451	0.0000	0.5776	0.0000	177.1320	-0.0000	0.0018	6.3392	0.9961	6.9996	0.0337	0.0000	0.0000	0.0000	0.0000	0.0000	0.0000	0.0000	0.0000	0.0000	0.0107	0.0001	0.0106	0.0001	0.0001	0.0000	0.0106	0.0000	0.0106	0.1911	0.1622	0.0289	0.0445	0.0420	0.0026	0.1466	0.1202	0.0264	0.0473	0.0251	0.0222	0.0165	0.0127	0.0038	0.0308	0.0124	0.0184	0.0005	0.0524	0.0000	0.1077	0.1025	0.0000	0.0000	0.0000	0.0000	0.2261	0.0024	0.4790	0.0042	0.0047	0.0026	0.3451	0.0000	0.5776	
12	69	0.1184	2	0	1	1	1	0	0	0	0	N	N	N	N	N	N	N	N	N	N	N	N	0.5068	17.3001	0.8161	1.1657	1.1724	inf	0.5407	inf	0.8358	1.3463	0.7761	4.1007	0.1159	0.1168	0.0568	1.8139	1.0968	4.2035	2.6564	0.0449	5.0249	0.0994	0.0996	0.0000	3.3550	0.0000	5.0296	1.0938	123.5023	-0.0932	0.2028	6.3392	3.0720	6.9996	3.7333	1.3116	0.6264	0.6852	0.0311	0.0309	0.0002	1.2805	0.5955	0.6849	1.2263	0.0099	1.2165	0.0099	0.0099	0.0000	1.2165	0.0000	1.2165	0.9742	0.8071	0.1671	0.2683	0.2642	0.0041	0.7059	0.5430	0.1629	0.4617	0.2196	0.2421	0.0991	0.0989	0.0002	0.3626	0.1207	0.2419	0.5068	17.3001	0.8161	1.1657	1.1724	inf	0.5407	inf	0.8358	2.6564	0.0449	5.0249	0.0994	0.0996	0.0000	3.3550	0.0000	5.0296
12	75	0.1628	2	0	1	1	1	0	0	0	0	N	N	N	N	N	N	N	N	N	N	N	N	0.0021	0.0154	0.0000	0.0000	0.0027	0.0180	0.0275	0.0000	0.8582	0.0000	0.0000	0.0000	0.0578	0.0000	1.2129	13.0618	0.0000	55.8094	0.0196	0.0000	1.5671	21.2471	0.0000	67.2528	inf	inf	0.0002	0.2989	6.3392	0.0009	6.9996	1.7419	0.0005	0.0000	0.0005	0.0000	0.0000	0.0000	0.0005	0.0000	0.0005	1.7239	0.0000	1.7239	0.0010	0.0000	0.0010	1.7229	0.0000	1.7229	0.0198	0.0191	0.0006	0.0104	0.0102	0.0002	0.0094	0.0090	0.0004	0.1320	0.0689	0.0631	0.0509	0.0503	0.0006	0.0811	0.0186	0.0625	0.0021	0.0000	0.0314	0.0000	0.0000	0.0000	0.0027	0.0000	0.0440	13.0618	0.0000	27.3107	0.0196	0.0000	1.5671	21.2471	0.0000	27.5736			
13	16	0.1361	2	0	2	0	0	0	0	0	0	N	Y	N	N	N	N	N	N	N	N	N	N	0.2658	1360.9787	0.0016	62.8724	569.6109	0.0000	0.1419	inf	0.0017	0.9456	1.1718	0.0105	1.6859	1.7597	0.0000	0.5814	0.7921	0.0113	3.5572	0.0009	6.4170	0.0268	0.0031	0.3877	4.0959	0.0000	6.5071	0.0022	9268.6712	-0.3855	0.1927	7.6608	1.9870	8.3397	4.1092	0.6519	0.6505	0.0014	0.3833	0.3833	0.0000	0.2686	0.2672	0.0014	1.1124	0.0001	1.1122	0.0011	0.0001	0.0010	1.1113	0.0000	1.1113	0.6893	0.5551	0.1342	0.2274	0.2178	0.0095	0.4620	0.3373	0.1247	0.3127	0.1394	0.1733	0.0414	0.0388	0.0026	0.2713	0.1005	0.1708	0.2658	1360.9787	0.0016	62.8724	569.6109	0.0000	0.1419	inf	0.0017	3.5572	0.0009	6.4170	0.0268	0.0031	0.3877	4.0959	0.0000	6.5071
13	18	0.1517	2	1	2	0	0	0	0	0	0	N	Y	N	N	N	N	N	N	N	N	N	N	0.0771	0.0950	0.1788	0.0762	0.0840	0.0201	0.0538	0.2262	0.0295	0.0174	0.1203	0.0406	0.0432	0.0034	0.0227	0.0000	0.1523	0.3824	0.1830	0.6727	0.5322	0.5146	0.1698	0.4222	0.0000	0.6735	0.9226	7.9120	-0.0008	0.0053	7.6608	1.0070	8.3397	4.1063	0.0068	0.0036	0.0033	0.0036	0.0036	0.0000	0.0033	0.0000	0.0033	0.0869	0.0098	0.0772	0.0098	0.0098	0.0000	0.0771	0.0000	0.0771	0.2317	0.2044	0.0273	0.0881	0.0822	0.0059	0.1436	0.1222	0.0214	0.2273	0.1126	0.1147	0.0446	0.0444	0.0002	0.1827	0.0682	0.1145	0.0771	0.2008	0.1788	0.1849	0.1968	0.0201	0.0538	0.0000	0.2262	0.3824	0.0866	0.6727	0.2194	0.2196	0.1698	0.4222	0.0000	0.6735	
13	21	0.1454	2	1	1	1	0	0	0	0	0	N	N	N	N	N	N	N	N	N	N	N	N	15.6886	0.0034	89.1351	0.0168	0.0090	inf	23.4791	89.8488	4.3306	0.0010	28.6471	0.0346	0.0188	0.5258	4.5336	0.0000	28.9100	0.2760	0.2858	0.3214	2.0620	2.0935	0.0000	0.1931	0.0000	0.3218	5262.3612	2.0163	0.4063	-0.0104	7.6608	1.0018	8.3397	3.0659	1.0000	0.0002	0.9998	0.0004	0.0002	0.0002	0.9997	0.0000	0.9997	0.0655	0.0217	0.0438	0.0217	0.0217	0.0000	0.0438	0.0000	0.0438	0.2309	0.1960	0.0349	0.0104	0.0101	0.0003	0.2205	0.1859	0.0346	0.2373	0.1010	0.1362	0.0105	0.0104	0.0002	0.2267	0.0907	0.1361	15.6886	0.0045	89.1351	0.0168	0.0090	inf	23.4791	0.0000	89.8488	0.2760	0.2149	0.3214	2.0620	2.0935	0.0000	0.1931	0.0000	0.3218	
13	26	0.1315	2	1	2	0	0	0	0	0	0	N	Y	N	N	N	N	N	N	N	N	N	N	0.0000	0.0000	0.0000	0.0000	0.0000	0.0000	0.0000	0.0000	0.0000	0.0000	0.0000	0.0000	0.0000	0.0000	0.0000	0.0000	0.0000	0.0000	0.0000	0.0000	7.6608	0.0026	8.3397	0.9906	0.0000	0.0000	0.0000	0.0000	0.0000	0.0000	0.0000	0.0000	0.0000	0.0000	0.0000	0.0000	0.0000	0.0000	0.0000	0.0000	0.0000	0.0000	0.5440	0.4311	0.1129	0.2738	0.2735	0.0003	0.2702	0.1576	0.1127	0.3006	0.1568	0.1438	0.1255	0.1254	0.0001	0.1751	0.0314	0.1438	0.0000	0.0000	0.0000	0.0000	0.0000	0.0000	0.0000	0.0000	0.0000	0.0000	0.0000	0.0000	0.0000	0.0000	0.0000	0.0000	0.0000	0.0000											
13	31	0.1759	2	1	2	0	0	0	0	0	0	N	Y	N	N	N	N	N	N	N	N	N	N	0.0068	0.0009	0.2101	0.0010	0.0011	0.0413	0.2597	0.0019	0.0004	0.0173	0.0010	0.0011	0.0000	0.0026	0.0000	0.0217	0.2872	0.5017	0.0825	0.9795	0.9868	0.0000	0.0620	0.0000	0.0836	3.7834	0.1622	0.0000	-0.0335	7.6608	0.1965	8.3397	2.3074	0.0001	0.0000	0.0001	0.0000	0.0000	0.0000	0.0001	0.0000	0.0001	0.0487	0.0419	0.0068	0.0419	0.0419	0.0000	0.0068	0.0000	0.0068	0.0652	0.0594	0.0058	0.0261	0.0250	0.0012	0.0391	0.0344	0.0046	0.1697	0.0873	0.0824	0.0600	0.0590	0.0010	0.1097	0.0283	0.0814	0.0068	0.0009	0.2101	0.0014	0.0015	0.0000	0.0413	0.0000	0.2597	0.2872	0.4804	0.0825	0.6987	0.7110	0.0000	0.0620	0.0000	0.0836		
13	34	0.1868	2	0	1	1	0	0	0	0	0	N	N	N	N	N	N	N	N	N	N	N	N	0.0244	0.0077	0.0939	0.0739	0.0107	0.0846	0.0253	0.0998	0.0013	0.0000	0.0101	0.0004	0.0000	0.0062	0.0019	0.0000	0.0108	0.0545	0.0016	0.1077	0.0050	0.0030	0.0735	0.0742	0.0000	0.1082	120.9227	65.3197	0.0005	0.0048	7.6608	3.8106	8.3397	5.1657	0.0012	0.0000	0.0012	0.0001	0.0000	0.0001	0.0011	0.0000	0.0011	0.0300	0.0005	0.0296	0.0008	0.0005	0.0003	0.0292	0.0000	0.0292	0.9160	0.7964	0.1196	0.3321	0.3141	0.0181	0.5838	0.4823	0.1015	0.5511	0.2765	0.2746	0.1570	0.1525	0.0045	0.3941	0.1240	0.2701	0.0244	0.0077	0.0939	0.0739	0.0107	0.0846	0.0253	0.0000	0.0998	0.0545	0.0016	0.1077	0.0050	0.0030	0.0735	0.0742	0.0000	0.1082	
13	37	0.1682	3	1	1	1	0	0	0	0	0	N	N	N	N	N	N	N	N	N	N	N	N	2.1360	10.0541	0.0220	11.4991	12.7558	0.0210	0.0087	0.0221	0.2955	0.3687	0.0049	1.5142	1.5273	0.0078	0.0012	0.0000	0.0049	0.1383	0.0367	0.2242	0.1317	0.1197	0.3704	0.1395	0.0000	0.2223	0.0034	7.2387	-0.1334	0.0032	7.6608	2.3426	8.3397	5.0131	0.2260	0.2253	0.0008	0.2253	0.2253	0.0000	0.0008	0.0000	0.0008	0.0607	0.0074	0.0533	0.0085	0.0074	0.0011	0.0522	0.0000	0.0522	0.7650	0.6110	0.1540	0.1488	0.1475	0.0013	0.6162	0.4635	0.1527	0.4387	0.2009	0.2378	0.0646	0.0615	0.0031	0.3741	0.1394	0.2348	2.1360	10.0541	0.0220	11.4991	12.7558	0.0210	0.0087	0.0000	0.0221	0.1383	0.0367	0.2242	0.1317	0.1197	0.3704	0.1395	0.0000	0.2223	
13	38	0.1404	2	1	1	1	0	0	0	0	0	N	N	N	N	N	N	N	N	N	N	N	N	0.9128	0.3625	2.4004	0.5821	0.5784	0.0000	0.9846	0.0000	2.4054	1.6493	0.2354	7.3202	0.9965	1.0054	0.0000	1.8015	0.0000	7.3823	1.8068	0.6495	3.0496	1.7120	1.7383	0.1325	1.8298	0.7780	3.0690	7.7528	4.3725	0.3790	-0.0093	7.6608	2.4564	8.3397	2.5086	1.2967	0.1481	1.1485	0.1481	0.1481	0.0000	1.1485	0.0000	1.1485	0.7313	0.1361	0.5952	0.1351	0.1349	0.0002	0.5962	0.0012	0.5950	0.7862	0.6293	0.1569	0.1487	0.1473	0.0013	0.6376	0.4820	0.1556	0.4047	0.2096	0.1952	0.0789	0.0776	0.0013	0.3258	0.1320	0.1939	0.9128	0.3625	2.4004	0.5821	0.5784	0.0000	0.9846	0.0023	2.4054	1.8068	0.6495	3.0496	1.7120	1.7383	0.1325	1.8298	0.0091	3.0690
13	41	0.1381	2	1	1	1	0	0	0	0	0	N	N	N	N	N	N	N	N	N	N	N	N	0.4389	1.3801	1.3461	4.5466	2.9543	inf	0.4302	1.3570	1.9387	0.0011	13.3452	0.0129	0.0084	0.1710	2.1901	0.0000	13.6402	4.4177	0.0008	9.9140	0.0028	0.0028	0.0000	5.0907	0.0000	10.0517	2050.6495	11774.1703	0.3908	0.3339	7.6608	1.9694	8.3397	5.1440	0.9625	0.0005	0.9621	0.0007	0.0005	0.0003	0.9618	0.0000	0.9618	1.9270	0.0002	1.9268	0.0002	0.0002	0.0000	1.9268	0.0000	1.9268	0.4965	0.4244	0.0721	0.0573	0.0557	0.0016	0.4392	0.3686	0.0705	0.4362	0.2043	0.2319	0.0577	0.0574	0.0003	0.3785	0.1469	0.2316	0.4389	1.3801	1.6061	4.5466	2.9543	inf	0.4302	0.0000	1.6398	4.4177	0.0008	8.3090	0.0028	0.0028	0.0000	5.0907	0.0000	8.3183	
13	45	0.1404	2	1	2	1	0	0	0	0	0	N	Y	N	N	N	N	N	N	N	N	N	N	0.1294	0.2460	0.0000	0.2432	0.2389	0.0000	0.0000	0.4033	0.5211	0.0000	1.6061	1.6146	0.0000	0.0000	0.0000	0.0000	3.1177	2.1180	4.0939	6.6027	6.7587	0.0000	2.4613	0.0000	4.1237	0.0000	1.9793	-0.1330	-0.2502	7.6608	1.3391	8.3397	5.8433	0.2241	0.2241	0.0000	0.2241	0.2241	0.0000	0.0000	0.0000	0.0000	1.5415	0.5174	1.0241	0.5174	0.5174	0.0000	1.0241	0.0000	1.0241	0.5556	0.4300	0.1256	0.1395	0.1388	0.0007	0.4161	0.2913	0.1249	0.4944	0.2443	0.2501	0.0784	0.0766	0.0018	0.4161	0.1677	0.2483	0.1294	0.2460	0.0000	0.2432	0.2389	0.0000	0.0000	0.0000	0.0000	3.1177	2.1180	4.0939	6.6027	6.7587	0.0000	2.4613	0.0000	4.1237		
13	47	0.1454	2	1	2	1	0	0	0	0	0	N	Y	N	N	N	N	N	N	N	N	N	N	0.3589	3.5034	1.3222	2.2879	7.1606	0.0000	0.3586	1.2886	1.5490	0.0015	10.4711	0.0290	0.0300	0.0000	1.6194	0.0000	10.5742	4.3153	0.0004	7.9195	0.0127	0.0042	0.6312	4.5154	0.0000	8.2062	1205.2273	23557.2387	0.4062	0.1772	7.6608	3.0001	8.3397	1.0598	1.0012	0.0008	1.0003	0.0008	0.0008	0.0000	1.0003	0.0000	1.0003	1.0222	0.0000	1.0222	0.0001	0.0000	0.0001	1.0221	0.0000	1.0221	0.6463	0.5508	0.0955	0.0286	0.0277	0.0009	0.6177	0.5231	0.0946	0.2369	0.1009	0.1360	0.0105	0.0104	0.0002	0.2264	0.0905	0.1358	0.3589	3.5034	1.3932	2.2879	7.1606	0.0000	0.3586	0.0000	1.4054	4.3153	0.0004	7.5160	0.0127	0.0042	0.5702	4.5154	0.0000	7.5241	
13	51	0.1361	2	0	2	1	0	0	0	0	0	N	Y	N	N	N	N	N	N	N	N	N	N	0.6665	0.0000	2.1693	0.0735	0.0000	2.4107	0.8827	2.2296	0.3636	0.0000	1.9611	0.0490	0.0000	1.1102	0.5080	0.0000	2.0299	0.5456	0.2131	0.9040	0.6667	0.6728	0.4605	0.5755	0.0000	0.9105	inf	9.6442	0.1140	0.0110	7.6608	2.4249	8.3397	2.1457	0.2805	0.0000	0.2805	0.0119	0.0000	0.0119	0.2686	0.0000	0.2686	0.1380	0.0130	0.1250	0.0139	0.0130	0.0009	0.1241	0.0000	0.1241	0.7713	0.6283	0.1430	0.2426	0.2319	0.0107	0.5287	0.3964	0.1323	0.2529	0.1146	0.1383	0.0373	0.0353	0.0020	0.2156	0.0793	0.1363	0.6665	0.0000	2.1693	0.1316	0.0000	2.4107	0.8827	0.0000	2.2296	0.5456	0.1131	0.9040	0.3723	0.3674	0.4605	0.5755	0.0000	0.9105	
13	54	0.1517	2	1	2	0	0	0	0	0	0	N	Y	N	N	N	N	N	N	N	N	N	N	0.4230	0.2587	1.2721	0.0512	0.2793	0.0003	0.5317	1.5800	2.2589	0.0005	19.1847	0.0012	0.0012	0.0018	3.6022	0.0000	24.3371	5.3398	0.0018	15.0806	0.0243	0.0043	5.7366	6.7753	0.0000	15.4032	5404.2733	5863.3452	0.4064	0.1851	7.6608	2.0079	8.3397	2.2027	1.0001	0.0002	0.9999	0.0002	0.0002	0.0000	0.9999	0.0000	0.9999	1.0686	0.0002	1.0684	0.0010	0.0002	0.0009	1.0675	0.0000	1.0675	0.4427	0.3906	0.0521	0.1652	0.1541	0.0110	0.2776	0.2365	0.0411	0.2001	0.0995	0.1006	0.0425	0.0424	0.0001	0.1576	0.0571	0.1004	0.4230	0.2587	1.8061	0.0512	0.2793	0.0003	0.5317	0.0000	2.2896	5.3398	0.0018	10.6221	0.0243	0.0043	5.7366	6.7753	0.0000	10.6293	
13	63	0.1795	2	0	1	1	0	0	0	0	0	N	N	N	N	N	N	N	N	N	N	N	N	0.0085	0.6171	0.0063	0.0000	0.0000	0.0000	0.0076	inf	0.0060	0.0008	0.0007	0.0012	0.0000	0.0000	0.0000	0.0010	0.0009	0.0013	0.0911	0.0011	0.1928	0.0146	0.0022	0.0561	0.1317	0.0000	0.2207	0.3050	151.4906	-0.0001	0.0008	7.6608	0.9961	8.3397	0.0337	0.0002	0.0001	0.0000	0.0000	0.0000	0.0000	0.0002	0.0001	0.0000	0.0049	0.0000	0.0049	0.0003	0.0000	0.0002	0.0046	0.0000	0.0046	0.2198	0.1870	0.0329	0.0504	0.0474	0.0029	0.1695	0.1395	0.0299	0.0537	0.0285	0.0252	0.0186	0.0143	0.0043	0.0351	0.0142	0.0209	0.0085	0.6171	0.0063	0.0000	0.0000	0.0000	0.0076	inf	0.0060	0.0911	0.0011	0.1928	0.0146	0.0022	0.0561	0.1317	0.0000	0.2207
13	69	0.1315	2	0	2	0	0	0	0	0	0	N	Y	N	N	N	N	N	N	N	N	N	N	1.5629	7.6497	4.6967	13.0894	10.8419	inf	1.5494	4.7389	1.8115	0.1500	10.3212	0.5731	0.4759	6.5288	2.2652	0.0000	10.4239	1.1591	0.0196	2.1975	0.0438	0.0439	0.0000	1.4620	0.0000	2.1996	13.4309	122.9326	0.6727	0.0998	7.6608	3.0720	8.3397	3.7333	1.9948	0.1382	1.8566	0.1692	0.1382	0.0310	1.8256	0.0000	1.8256	0.6038	0.0049	0.5989	0.0049	0.0049	0.0000	0.5989	0.0000	0.5989	1.1012	0.9213	0.1799	0.2952	0.2905	0.0047	0.8059	0.6308	0.1751	0.5209	0.2484	0.2725	0.1113	0.1110	0.0003	0.4097	0.1374	0.2723	1.5629	7.6497	4.6967	13.0894	10.8419	inf	1.5494	0.0000	4.7389	1.1591	0.0196	2.1975	0.0438	0.0439	0.0000	1.4620	0.0000	2.1996	
13	75	0.1759	2	0	2	0	0	0	0	0	0	N	Y	N	N	N	N	N	N	N	N	N	N	0.0008	0.0001	1.3965	0.1076	0.1081	0.0008	0.0000	1.9554	0.0053	0.0012	0.1323	0.0021	0.0022	0.0000	0.0089	0.0000	0.1872	6.5188	12.3686	0.0947	0.0198	0.0200	0.0000	10.5377	44.2058	0.0957	3.7834	0.0070	0.0000	-0.7918	7.6608	0.0009	8.3397	1.7419	0.0001	0.0000	0.0001	0.0000	0.0000	0.0000	0.0001	0.0000	0.0001	0.9659	0.9592	0.0067	0.0011	0.0011	0.0000	0.9648	0.9581	0.0067	0.0237	0.0229	0.0008	0.0124	0.0122	0.0002	0.0113	0.0107	0.0005	0.1482	0.0776	0.0706	0.0566	0.0559	0.0007	0.0916	0.0217	0.0699	0.0008	0.0001	1.3965	0.1076	0.1081	0.0000	0.0008	0.0000	1.9554	6.5188	12.3686	0.0947	0.0198	0.0200	0.0000	10.5377	44.2058	0.0957	
14	16	0.1158	2	0	1	0	1	0	0	0	0	N	N	N	N	N	N	N	N	N	N	N	N	1.8873	61.8926	0.0190	16.6765	16.3437	1.5185	inf	0.0201	0.5847	0.7475	0.0104	0.6805	0.7095	0.0000	0.5322	0.7768	0.0111	0.3098	0.0121	0.5478	0.0408	0.0434	0.0000	0.3505	0.0000	0.5557	0.0040	56.7371	-0.1976	0.0133	5.3392	1.9870	7.9996	4.1092	0.3352	0.3339	0.0013	0.1380	0.1380	0.0000	0.1973	0.1960	0.0013	0.0854	0.0015	0.0839	0.0015	0.0015	0.0000	0.0839	0.0000	0.0839	0.5734	0.4467	0.1267	0.2027	0.1944	0.0083	0.3707	0.2523	0.1184	0.2757	0.1225	0.1532	0.0363	0.0341	0.0022	0.2395	0.0884	0.1511	1.8873	61.8926	0.0190	16.6765	16.3437	0.0000	1.5185	inf	0.0201	0.3098	0.0121	0.5478	0.0408	0.0434	0.0000	0.3505	0.0000	0.5557	
14	18	0.1314	2	1	1	0	1	0	0	0	0	N	N	N	N	N	N	N	N	N	N	N	N	0.0294	0.0484	0.0329	0.0840	0.0898	0.0082	0.0000	0.0419	0.0237	0.0215	0.0399	0.0481	0.0515	0.0000	0.0078	0.0000	0.0509	0.8048	0.4446	1.2142	0.5733	0.5733	0.0000	0.9456	2.3870	1.2160	0.2478	3.1781	-0.0017	-0.0106	5.3392	1.0070	7.9996	4.1063	0.0042	0.0034	0.0008	0.0034	0.0034	0.0000	0.0008	0.0000	0.0008	0.1602	0.0383	0.1218	0.0099	0.0099	0.0000	0.1503	0.0285	0.1218	0.1776	0.1567	0.0209	0.0700	0.0655	0.0045	0.1076	0.0912	0.0164	0.1990	0.0987	0.1004	0.0401	0.0399	0.0002	0.1590	0.0588	0.1002	0.0294	0.0553	0.0329	0.1954	0.2081	0.0000	0.0082	0.0000	0.0419	0.8048	0.3885	1.2142	0.2464	0.2473	0.0000	0.9456	0.4844	1.2160	
14	21	0.1250	2	1	0	1	1	0	0	0	0	N	N	N	N	N	N	N	N	N	N	N	N	29.1963	536.7324	0.0000	0.5558	0.5620	30.2969	inf	0.0000	5.6747	6.7146	0.0000	0.0668	0.0686	0.0000	5.9924	7.1527	0.0000	0.1944	0.0125	0.3287	0.1203	0.1220	0.0000	0.1978	0.0000	0.3290	0.0000	35.5756	-0.5934	0.0060	5.3392	1.0018	7.9996	3.0659	0.9998	0.9998	0.0000	0.0006	0.0006	0.0000	0.9991	0.9991	0.0000	0.0409	0.0011	0.0398	0.0011	0.0011	0.0000	0.0398	0.0000	0.0398	0.1762	0.1489	0.0273	0.0094	0.0092	0.0002	0.1667	0.1397	0.0270	0.2107	0.0895	0.1212	0.0093	0.0092	0.0001	0.2014	0.0803	0.1211	29.1963	536.7324	0.0000	0.5558	0.5620	0.0000	30.2969	inf	0.0000	0.1944	0.0125	0.3287	0.1203	0.1220	0.0000	0.1978	0.0000	0.3290	
14	26	0.1112	2	1	1	0	1	0	0	0	0	N	N	N	N	N	N	N	N	N	N	N	N	0.0000	0.0000	0.0000	0.0000	0.0000	0.0000	0.0000	0.0000	0.0000	0.0000	0.0000	0.0000	0.0000	0.0000	0.0000	0.0000	0.0000	0.0000	0.0000	0.0000	5.3392	0.0026	7.9996	0.9906	0.0000	0.0000	0.0000	0.0000	0.0000	0.0000	0.0000	0.0000	0.0000	0.0000	0.0000	0.0000	0.0000	0.0000	0.0000	0.0000	0.0000	0.0000	0.4491	0.3420	0.1071	0.2258	0.2256	0.0002	0.2232	0.1164	0.1069	0.2680	0.1393	0.1287	0.1120	0.1119	0.0001	0.1560	0.0273	0.1286	0.0000	0.0000	0.0000	0.0000	0.0000	0.0000	0.0000	0.0000	0.0000	0.0000	0.0000	0.0000	0.0000	0.0000	0.0000	0.0000	0.0000	0.0000											
14	31	0.1556	2	1	1	0	1	0	0	0	0	N	N	N	N	N	N	N	N	N	N	N	N	0.0049	0.0000	0.5494	0.0000	0.0000	0.0000	0.1114	0.6860	0.0101	0.0000	0.1125	0.0000	0.0000	0.0000	0.0171	0.0000	0.1408	2.0625	3.8276	0.2047	5.4931	5.5838	0.1556	0.1538	0.0000	0.2053	inf	0.0508	0.0002	-0.2417	5.3392	0.1965	7.9996	2.3074	0.0005	0.0000	0.0005	0.0000	0.0000	0.0000	0.0005	0.0000	0.0005	0.3106	0.2956	0.0150	0.2957	0.2956	0.0001	0.0149	0.0000	0.0149	0.0487	0.0443	0.0044	0.0199	0.0190	0.0009	0.0288	0.0253	0.0035	0.1506	0.0772	0.0734	0.0538	0.0529	0.0009	0.0968	0.0243	0.0725	0.0049	0.0000	0.5494	0.0000	0.0000	0.0000	0.1114	0.0000	0.6860	2.0625	3.8276	0.2047	5.4931	5.5838	0.1556	0.1538	0.0000	0.2053	
14	34	0.1665	2	0	0	1	1	0	0	0	0	N	N	N	N	N	N	N	N	N	N	N	N	0.0007	1.5048	0.0000	1.6531	2.0649	0.0000	0.0000	0.0000	0.0020	0.0023	0.0000	0.0054	0.0057	0.0000	0.0000	0.0000	0.0000	2.9358	0.0015	5.8766	0.0033	0.0028	0.0210	4.1044	0.0000	5.9707	0.0000	3829.9120	-0.0008	0.2454	5.3392	3.8106	7.9996	5.1657	0.0014	0.0014	0.0000	0.0014	0.0014	0.0000	0.0000	0.0000	0.0000	1.4174	0.0004	1.4171	0.0005	0.0004	0.0001	1.4170	0.0000	1.4170	0.6964	0.6037	0.0927	0.2572	0.2435	0.0137	0.4392	0.3602	0.0790	0.4828	0.2417	0.2411	0.1376	0.1338	0.0038	0.3452	0.1079	0.2373	0.0007	1.5048	0.0000	1.6531	2.0649	0.0000	0.0000	0.0000	0.0000	2.9358	0.0015	5.8766	0.0033	0.0028	0.0210	4.1044	0.0000	5.9707	
14	37	0.1478	3	1	0	1	1	0	0	0	0	N	N	N	N	N	N	N	N	N	N	N	N	0.0818	0.0634	0.1974	0.0711	0.0683	0.0894	0.1962	0.1857	0.0027	0.8167	0.0093	0.0094	0.0000	0.2355	0.0000	0.8221	2.2704	0.0419	4.1372	0.1314	0.1377	0.0000	2.6344	0.0000	4.1890	89.1307	117.8513	0.0460	0.1459	5.3392	2.3426	7.9996	5.0131	0.1163	0.0013	0.1150	0.0013	0.0013	0.0000	0.1150	0.0000	0.1150	0.8843	0.0074	0.8768	0.0074	0.0074	0.0000	0.8768	0.0000	0.8768	0.6263	0.4855	0.1408	0.1381	0.1372	0.0009	0.4882	0.3483	0.1399	0.3895	0.1775	0.2119	0.0566	0.0540	0.0026	0.3328	0.1235	0.2093	0.0818	0.0634	0.1974	0.0711	0.0683	0.0000	0.0894	0.0000	0.1962	2.2704	0.0419	4.1372	0.1314	0.1377	0.0000	2.6344	0.0000	4.1890		
14	38	0.1200	2	1	0	1	1	0	0	0	0	N	N	N	N	N	N	N	N	N	N	N	N	0.3186	0.1967	0.7497	0.2644	0.2620	0.3561	0.0044	0.7500	0.2387	0.1547	0.5319	0.5501	0.5539	0.0000	0.1534	0.0036	0.5355	0.7491	0.7865	0.7094	2.0806	2.1145	0.0000	0.4308	0.8020	0.7140	0.9841	0.8522	-0.0149	-0.0983	5.3392	2.4564	7.9996	2.5086	0.1533	0.0773	0.0760	0.0760	0.0760	0.0000	0.0773	0.0013	0.0760	0.2683	0.1448	0.1234	0.1438	0.1438	0.0000	0.1245	0.0011	0.1234	0.6424	0.4994	0.1430	0.1381	0.1372	0.0010	0.5042	0.3622	0.1420	0.3581	0.1842	0.1740	0.0691	0.0680	0.0011	0.2891	0.1162	0.1729	0.3186	0.1967	0.7497	0.2644	0.2620	0.0000	0.3561	0.3831	0.7500	0.7491	0.7865	0.7094	2.0806	2.1145	0.0000	0.4308	0.0093	0.7140	
14	41	0.1178	2	1	0	1	1	0	0	0	0	N	N	N	N	N	N	N	N	N	N	N	N	0.8461	0.8826	3.0224	0.7402	0.7550	0.8368	inf	3.0812	2.5224	0.0019	16.9497	0.0057	0.0058	0.0000	2.8818	0.0013	17.2994	2.9812	0.0022	5.6080	0.0076	0.0077	0.0000	3.4439	0.0000	5.6145	1526.4775	2893.6659	0.3906	0.2003	5.3392	1.9694	7.9996	5.1440	0.9623	0.0006	0.9617	0.0003	0.0003	0.0000	0.9620	0.0004	0.9617	1.1579	0.0004	1.1575	0.0004	0.0004	0.0000	1.1575	0.0000	1.1575	0.3815	0.3248	0.0567	0.0477	0.0465	0.0011	0.3338	0.2782	0.0556	0.3884	0.1820	0.2064	0.0523	0.0521	0.0002	0.3361	0.1299	0.2062	0.8461	0.8826	3.0224	0.7402	0.7550	0.0000	0.8368	inf	3.0812	2.9812	0.0022	5.6080	0.0076	0.0077	0.0000	3.4439	0.0000	5.6145	
14	45	0.1200	2	1	1	1	1	0	0	0	0	N	N	N	N	N	N	N	N	N	N	N	N	0.0581	0.0000	0.0976	0.0000	0.0000	0.0679	0.0952	0.2458	0.0000	0.9612	0.0000	0.0000	0.0000	0.3407	0.0000	0.9655	4.2286	0.0000	9.8475	0.0001	0.0001	0.0000	5.0142	0.0000	10.1447	inf	185020.8907	0.0468	0.3207	5.3392	1.3391	7.9996	5.8433	0.1150	0.0000	0.1150	0.0000	0.0000	0.0000	0.1150	0.0000	0.1150	1.8502	0.0000	1.8502	0.0000	0.0000	0.0000	1.8502	0.0000	1.8502	0.4681	0.3484	0.1197	0.1304	0.1299	0.0005	0.3377	0.2185	0.1192	0.4375	0.2148	0.2227	0.0686	0.0670	0.0016	0.3690	0.1478	0.2212	0.0581	0.0000	0.1157	0.0000	0.0000	0.0000	0.0679	0.0000	0.1154	4.2286	0.0000	8.3072	0.0001	0.0001	0.0000	5.0142	0.0000	8.3655		
14	47	0.1250	2	1	1	1	1	0	0	0	0	N	N	N	N	N	N	N	N	N	N	N	N	10.4390	0.2102	40.8824	0.3517	0.3561	10.8180	41.2166	2.0322	0.0026	13.4580	0.0423	0.0435	0.0000	2.1432	0.0000	13.5829	0.1947	0.0125	0.3292	0.1203	0.1221	0.0000	0.1981	0.0000	0.3295	907.7826	35.5756	0.4058	0.0060	5.3392	3.0001	7.9996	1.0598	1.0009	0.0011	0.9998	0.0011	0.0011	0.0000	0.9998	0.0000	0.9998	0.0409	0.0011	0.0398	0.0011	0.0011	0.0000	0.0398	0.0000	0.0398	0.4925	0.4182	0.0743	0.0260	0.0253	0.0007	0.4665	0.3929	0.0736	0.2103	0.0894	0.1210	0.0093	0.0092	0.0001	0.2010	0.0802	0.1209	10.4390	0.2102	40.8824	0.3517	0.3561	0.0000	10.8180	0.0000	41.2166	0.1947	0.0125	0.3292	0.1203	0.1221	0.0000	0.1981	0.0000	0.3295		
14	51	0.1158	2	0	1	1	1	0	0	0	0	N	N	N	N	N	N	N	N	N	N	N	N	0.5948	19.4348	0.0145	14.7309	14.5953	0.0071	0.0153	0.2277	0.2853	0.0099	0.6667	0.6964	0.0000	0.0031	0.0000	0.0107	0.3828	0.0147	0.6859	0.0453	0.0477	0.0000	0.4407	0.0000	0.6954	0.0092	56.7371	-0.0845	0.0133	5.3392	2.4249	7.9996	2.1457	0.1446	0.1433	0.0013	0.1433	0.1433	0.0000	0.0013	0.0000	0.0013	0.0854	0.0015	0.0839	0.0015	0.0015	0.0000	0.0839	0.0000	0.0839	0.6350	0.5021	0.1329	0.2149	0.2057	0.0092	0.4202	0.2964	0.1237	0.2232	0.1008	0.1224	0.0327	0.0310	0.0017	0.1905	0.0698	0.1207	0.5948	19.4348	0.0145	14.7309	14.5953	0.0000	0.0071	0.0000	0.0153	0.3828	0.0147	0.6859	0.0453	0.0477	0.0000	0.4407	0.0000	0.6954		
14	54	0.1314	2	1	1	0	1	0	0	0	0	N	N	N	N	N	N	N	N	N	N	N	N	0.4517	8.3056	0.0009	0.0000	0.0000	0.0000	0.5770	2.2638	0.0011	2.9387	3.3280	0.0209	0.0000	0.0000	0.0000	4.7955	5.6444	0.0266	6.5066	0.4007	22.0349	0.0293	0.0079	6.4192	8.3109	2.4933	23.2178	0.0008	38.6892	-0.5911	0.1692	5.3392	2.0079	7.9996	2.2027	0.9974	0.9966	0.0008	0.0000	0.0000	0.0000	0.9974	0.9966	0.0008	1.1419	0.0288	1.1131	0.0011	0.0003	0.0008	1.1407	0.0285	1.1123	0.3394	0.2995	0.0399	0.1314	0.1229	0.0085	0.2080	0.1766	0.0314	0.1755	0.0874	0.0881	0.0382	0.0381	0.0001	0.1373	0.0493	0.0880	0.4517	10.1056	0.0017	0.0000	0.0000	0.0000	0.5770	9.7655	0.0021	6.5066	0.3293	12.6301	0.0293	0.0079	6.4192	8.3109	0.5780	12.6391
14	63	0.1591	2	0	0	1	1	0	0	0	0	N	N	N	N	N	N	N	N	N	N	N	N	0.0038	0.0718	0.0102	0.0385	0.1379	0.0000	0.0029	0.0094	0.0009	0.0001	0.0051	0.0005	0.0005	0.0000	0.0010	0.0000	0.0056	0.2342	0.0020	0.4965	0.0133	0.0039	0.0447	0.3525	0.0000	0.5901	6.3872	220.3584	0.0000	0.0019	5.3392	0.9961	7.9996	0.0337	0.0002	0.0000	0.0001	0.0000	0.0000	0.0000	0.0001	0.0000	0.0001	0.0111	0.0000	0.0110	0.0002	0.0000	0.0002	0.0108	0.0000	0.0108	0.1677	0.1421	0.0256	0.0397	0.0374	0.0022	0.1280	0.1047	0.0234	0.0473	0.0251	0.0222	0.0165	0.0127	0.0038	0.0308	0.0124	0.0184	0.0038	0.0718	0.0102	0.0385	0.1379	0.0000	0.0029	0.0000	0.0094	0.2342	0.0020	0.4965	0.0133	0.0039	0.0447	0.3525	0.0000	0.5901	
14	69	0.1112	2	0	1	0	1	0	0	0	0	N	N	N	N	N	N	N	N	N	N	N	N	0.5676	23.0672	0.8737	1.4931	1.5006	inf	0.6109	inf	0.8934	1.5059	0.8762	4.3900	0.1257	0.1266	0.0647	2.0495	1.2608	4.4933	2.6531	0.0380	5.0249	0.0842	0.0844	0.0000	3.3550	0.0000	5.0296	1.0941	145.8631	-0.0931	0.2040	5.3392	3.0720	7.9996	3.7333	1.3114	0.6262	0.6852	0.0309	0.0307	0.0002	1.2805	0.5955	0.6849	1.2248	0.0083	1.2165	0.0083	0.0083	0.0000	1.2165	0.0000	1.2165	0.8708	0.7148	0.1561	0.2460	0.2424	0.0036	0.6248	0.4724	0.1524	0.4617	0.2196	0.2421	0.0991	0.0989	0.0002	0.3626	0.1207	0.2419	0.5676	23.0672	0.8737	1.4931	1.5006	inf	0.6109	inf	0.8934	2.6531	0.0380	5.0249	0.0842	0.0844	0.0000	3.3550	0.0000	5.0296
14	75	0.1556	2	0	1	0	1	0	0	0	0	N	N	N	N	N	N	N	N	N	N	N	N	0.0023	0.0173	0.0000	0.0000	0.0029	0.0240	0.0294	0.0000	0.9147	0.0000	0.0000	0.0000	0.0619	0.0000	1.2906	13.0298	0.0000	52.7465	0.0173	0.0000	1.3790	21.1966	0.0000	53.6882	inf	inf	0.0002	0.2981	5.3392	0.0009	7.9996	1.7419	0.0005	0.0000	0.0005	0.0000	0.0000	0.0000	0.0005	0.0000	0.0005	1.7197	0.0000	1.7197	0.0009	0.0000	0.0009	1.7188	0.0000	1.7188	0.0168	0.0162	0.0005	0.0088	0.0086	0.0002	0.0080	0.0076	0.0004	0.1320	0.0689	0.0631	0.0509	0.0503	0.0006	0.0811	0.0186	0.0625	0.0023	0.0000	0.0336	0.0000	0.0000	0.0000	0.0029	0.0000	0.0469	13.0298	0.0000	27.2438	0.0173	0.0000	1.3790	21.1966	0.0000	27.5080			
15	16	0.1202	2	0	2	0	1	0	0	0	0	N	Y	N	N	N	N	N	N	N	N	N	N	2419.5789	1404.7328	0.0000	519.4068	508.6463	348808.6157	inf	0.0000	1.2125	1.5778	0.0000	1.9703	2.0530	0.0000	0.7814	1.1844	0.0000	0.0005	0.0011	0.0000	0.0038	0.0040	0.0000	0.0000	0.0000	0.0000	0.0000	0.0039	-0.3860	-0.0001	4.6608	1.9870	9.0004	4.1092	0.6505	0.6505	0.0000	0.3833	0.3833	0.0000	0.2672	0.2672	0.0000	0.0001	0.0001	0.0000	0.0001	0.0001	0.0000	0.0000	0.0000	0.0000	0.5365	0.4123	0.1242	0.1945	0.1867	0.0078	0.3419	0.2256	0.1163	0.2805	0.1246	0.1558	0.0369	0.0347	0.0022	0.2436	0.0900	0.1536	2419.5789	1404.7328	0.0000	519.4068	508.6463	0.0000	348808.6157	inf	0.0000	0.0005	0.0011	0.0000	0.0038	0.0040	0.0000	0.0000	0.0000	0.0000	
15	18	0.1357	2	1	2	0	1	0	0	0	0	N	Y	N	N	N	N	N	N	N	N	N	N	1.1558	0.6495	0.5817	0.6190	0.0012	0.0013	0.0000	0.0029	0.0031	0.0000	0.0000	0.0000	0.0000	0.0010	0.0020	0.0000	0.0050	0.0050	0.0000	0.0000	0.0000	0.0000	0.0000	0.0000	-0.0001	-0.0002	4.6608	1.0070	9.0004	4.1063	0.0002	0.0002	0.0000	0.0002	0.0002	0.0000	0.0000	0.0000	0.0000	0.0002	0.0002	0.0000	0.0002	0.0002	0.0000	0.0000	0.0000	0.0000	0.1604	0.1415	0.0189	0.0639	0.0599	0.0041	0.0965	0.0816	0.0148	0.2026	0.1004	0.1022	0.0407	0.0405	0.0002	0.1620	0.0599	0.1020	1.1558	0.6495	0.0000	0.5817	0.6190	0.0000	0.0000	0.0000	0.0000	0.0010	0.0020	0.0000	0.0050	0.0050	0.0000	0.0000	0.0000	0.0000					
15	21	0.1294	2	1	1	1	1	0	0	0	0	N	N	N	N	N	N	N	N	N	N	N	N	0.0007	0.0000	0.0022	0.0000	0.0000	0.0000	0.0007	0.0022	0.0033	0.0000	0.0214	0.0000	0.0000	0.0000	0.0035	0.0000	0.0216	4.6299	0.0015	9.5339	0.0285	0.0150	1.1777	4.8427	0.0000	9.7840	inf	7079.7172	0.0002	0.1717	4.6608	1.0018	9.0004	3.0659	0.0005	0.0000	0.0005	0.0000	0.0000	0.0000	0.0005	0.0000	0.0005	0.9913	0.0001	0.9912	0.0003	0.0001	0.0001	0.9910	0.0000	0.9910	0.1586	0.1339	0.0247	0.0091	0.0089	0.0002	0.1495	0.1249	0.0245	0.2141	0.0910	0.1231	0.0095	0.0093	0.0001	0.2046	0.0816	0.1230	0.0007	0.0000	0.0027	0.0000	0.0000	0.0000	0.0007	0.0000	0.0027	4.6299	0.0015	8.0497	0.0285	0.0150	0.9564	4.8427	0.0000	8.0575	
15	26	0.1156	2	1	2	0	1	0	0	0	0	N	Y	N	N	N	N	N	N	N	N	N	N	0.0000	0.0000	0.0000	0.0000	0.0000	0.0000	0.0000	0.0000	0.0000	0.0000	0.0000	0.0000	0.0000	0.0000	0.0000	3.6278	0.0000	8.1699	0.0005	0.0000	1.1121	6.2317	0.0000	8.2240	inf	0.0000	0.1712	4.6608	0.0026	9.0004	0.9906	0.0000	0.0000	0.0000	0.0000	0.0000	0.0000	0.0000	0.0000	0.0000	0.9875	0.0000	0.9875	0.0001	0.0000	0.0001	0.9874	0.0000	0.9874	0.4179	0.3133	0.1046	0.2101	0.2099	0.0002	0.2078	0.1034	0.1044	0.2722	0.1415	0.1307	0.1137	0.1137	0.0001	0.1584	0.0278	0.1306	0.0000	0.0000	0.0000	0.0000	0.0000	0.0000	0.0000	0.0000	0.0000	3.6278	0.0000	7.5563	0.0005	0.0000	0.9145	6.2317	0.0000	7.5597				
15	31	0.1600	2	1	2	0	1	0	0	0	0	N	Y	N	N	N	N	N	N	N	N	N	N	130.5539	416.7089	0.0000	30.7163	35.6788	0.0000	168.3337	inf	0.0000	4.4881	4.9360	0.0000	0.5902	0.6176	0.0000	7.2039	8.2150	0.0000	0.0344	0.0118	0.0581	0.0192	0.0173	0.1308	0.0428	0.0000	0.0572	0.0000	4.6577	-0.1160	-0.0000	4.6608	0.1965	9.0004	2.3074	0.1955	0.1955	0.0000	0.0106	0.0106	0.0000	0.1849	0.1849	0.0000	0.0053	0.0009	0.0043	0.0010	0.0009	0.0001	0.0042	0.0000	0.0042	0.0436	0.0396	0.0040	0.0179	0.0171	0.0008	0.0257	0.0225	0.0032	0.1531	0.0785	0.0745	0.0546	0.0537	0.0009	0.0984	0.0248	0.0736	130.5539	416.7089	0.0000	30.7163	35.6788	0.0000	168.3337	inf	0.0000	0.0344	0.0118	0.0581	0.0192	0.0173	0.1308	0.0428	0.0000	0.0572
15	34	0.1709	2	0	1	1	1	0	0	0	0	N	N	N	N	N	N	N	N	N	N	N	N	0.9528	914.0711	0.4570	646.3236	1244.1535	0.1188	0.1394	0.5267	1.2646	1.2724	1.2143	2.9654	3.1303	0.0091	0.2585	0.0000	1.4213	1.3272	0.0014	2.6567	0.0046	0.0025	0.0770	1.8543	0.0000	2.6984	0.1475	1903.2614	-0.3681	0.1127	4.6608	3.8106	9.0004	5.1657	0.7917	0.6899	0.1018	0.6900	0.6899	0.0001	0.1017	0.0000	0.1017	0.6523	0.0003	0.6520	0.0006	0.0003	0.0003	0.6516	0.0000	0.6516	0.6261	0.5422	0.0838	0.2327	0.2204	0.0123	0.3934	0.3218	0.0715	0.4915	0.2461	0.2454	0.1400	0.1361	0.0039	0.3514	0.1099	0.2415	0.9528	914.0711	0.4570	646.3236	1244.1535	0.1188	0.1394	0.0000	0.5267	1.3272	0.0014	2.6567	0.0046	0.0025	0.0770	1.8543	0.0000	2.6984	
15	37	0.1522	3	1	1	1	1	0	0	0	0	N	N	N	N	N	N	N	N	N	N	N	N	0.1524	3.7699	0.0000	8.6644	7.6948	0.0000	0.0000	0.0000	0.3849	0.5026	0.0000	1.6615	1.6717	0.0000	0.0000	0.0000	0.0000	2.5258	0.1333	4.5926	0.1918	0.2172	0.0187	2.9237	0.0000	4.6502	0.0000	89.8367	-0.1329	0.1623	4.6608	2.3426	9.0004	5.0131	0.2240	0.2240	0.0000	0.2240	0.2240	0.0000	0.0000	0.0000	0.0000	0.9997	0.0110	0.9887	0.0111	0.0110	0.0000	0.9887	0.0000	0.9887	0.5819	0.4456	0.1363	0.1348	0.1340	0.0008	0.4471	0.3117	0.1355	0.3958	0.1805	0.2153	0.0577	0.0550	0.0027	0.3382	0.1256	0.2126	0.1524	8.2436	0.0000	8.6644	8.3499	0.0000	0.0000	0.0000	0.0000	2.5258	0.0610	4.5926	0.1918	0.2002	0.0187	2.9237	0.0000	4.6502	
15	38	0.1244	2	1	1	1	1	0	0	0	0	N	N	N	N	N	N	N	N	N	N	N	N	8.2229	6.4858	14.9632	1494.8679	1480.0479	4.2951	0.0000	14.9583	0.4965	0.3233	1.0708	1.0982	1.1051	0.0000	0.3207	0.0000	1.0773	0.0604	0.0498	0.0716	0.0007	0.0007	0.0000	0.0747	1.1852	0.0720	0.9992	1.3538	-0.0277	-0.0055	4.6608	2.4564	9.0004	2.5086	0.2962	0.1481	0.1480	0.1481	0.1481	0.0000	0.1480	0.0000	0.1480	0.0220	0.0093	0.0126	0.0001	0.0001	0.0000	0.0219	0.0093	0.0126	0.5964	0.4582	0.1382	0.1349	0.1341	0.0008	0.4615	0.3241	0.1374	0.3641	0.1874	0.1767	0.0703	0.0692	0.0011	0.2938	0.1182	0.1756	8.2229	6.4858	14.9632	1494.8679	1480.0479	0.0000	4.2951	0.0000	14.9583	0.0604	0.0498	0.0716	0.0007	0.0007	0.0000	0.0747	0.0786	0.0720	
15	41	0.1222	2	1	1	1	1	0	0	0	0	N	N	N	N	N	N	N	N	N	N	N	N	4029.6120	2220.3625	3.0555	3.1124	inf	inf	2.8968	3.4066	0.0000	0.0164	0.0167	0.0000	3.3251	3.9990	0.0000	0.0007	0.0015	0.0000	0.0054	0.0054	0.0000	0.0000	0.0000	0.0000	0.0000	0.0000	-0.5923	-0.0002	4.6608	1.9694	9.0004	5.1440	0.9981	0.9981	0.0000	0.0007	0.0007	0.0000	0.9974	0.9974	0.0000	0.0003	0.0003	0.0000	0.0003	0.0003	0.0000	0.0000	0.0000	0.0000	0.3445	0.2930	0.0516	0.0446	0.0436	0.0010	0.2999	0.2494	0.0505	0.3946	0.1849	0.2097	0.0530	0.0528	0.0002	0.3416	0.1321	0.2095	4029.6120	2220.3625	0.0000	3.0555	3.1124	0.0000	inf	inf	0.0000	0.0007	0.0015	0.0000	0.0054	0.0054	0.0000	0.0000	0.0000	0.0000			
15	45	0.1244	2	1	2	1	1	0	0	0	0	N	Y	N	N	N	N	N	N	N	N	N	N	537.9001	360.6746	291.1624	285.6080	0.5092	0.6948	0.0000	1.7566	1.7631	0.0000	0.0000	0.0000	0.0000	0.0009	0.0019	0.0000	0.0060	0.0062	0.0000	0.0000	0.0000	0.0000	0.0000	0.0000	-0.1330	-0.0003	4.6608	1.3391	9.0004	5.8433	0.2241	0.2241	0.0000	0.2241	0.2241	0.0000	0.0000	0.0000	0.0000	0.0004	0.0004	0.0000	0.0004	0.0004	0.0000	0.0000	0.0000	0.0000	0.4401	0.3225	0.1176	0.1276	0.1271	0.0005	0.3125	0.1954	0.1171	0.4448	0.2186	0.2263	0.0698	0.0682	0.0016	0.3750	0.1504	0.2247	537.9001	360.6746	0.0000	291.1624	285.6080	0.0000	0.0000	0.0000	0.0000	0.0009	0.0019	0.0000	0.0060	0.0062	0.0000	0.0000	0.0000	0.0000					
15	47	0.1294	2	1	2	1	1	0	0	0	0	N	Y	N	N	N	N	N	N	N	N	N	N	0.0149	0.0000	0.2417	0.0000	0.0000	0.0646	0.2436	0.0012	0.0000	0.0079	0.0000	0.0000	0.0000	0.0013	0.0000	0.0079	0.0798	0.2525	0.0325	1.3804	1.4004	0.0000	0.0196	0.0000	0.0326	inf	0.3063	0.0002	-0.0101	4.6608	3.0001	9.0004	1.0598	0.0005	0.0000	0.0005	0.0000	0.0000	0.0000	0.0005	0.0000	0.0005	0.0171	0.0131	0.0040	0.0131	0.0131	0.0000	0.0040	0.0000	0.0040	0.4432	0.3760	0.0672	0.0252	0.0246	0.0006	0.4180	0.3514	0.0666	0.2138	0.0908	0.1229	0.0095	0.0093	0.0001	0.2043	0.0815	0.1228	0.0149	0.0000	0.2417	0.0000	0.0000	0.0000	0.0646	0.0000	0.2436	0.0798	0.1438	0.0325	1.3804	1.4004	0.0000	0.0196	0.0000	0.0326		
15	51	0.1202	2	0	2	1	1	0	0	0	0	N	Y	N	N	N	N	N	N	N	N	N	N	761.7213	0.0000	491050.2938	13.7382	0.0000	inf	245728.6377	496756.6466	0.4717	0.0000	2.1533	0.0578	0.0000	1.3757	0.6922	0.0000	2.2088	0.0006	0.0014	0.0000	0.0042	0.0044	0.0000	0.0000	0.0000	0.0000	inf	0.0039	0.1134	-0.0001	4.6608	2.4249	9.0004	2.1457	0.2791	0.0000	0.2791	0.0119	0.0000	0.0119	0.2672	0.0000	0.2672	0.0001	0.0001	0.0000	0.0001	0.0001	0.0000	0.0000	0.0000	0.0000	0.5916	0.4620	0.1296	0.2056	0.1970	0.0086	0.3860	0.2650	0.1210	0.2270	0.1025	0.1244	0.0333	0.0316	0.0017	0.1937	0.0710	0.1227	761.7213	0.0000	491050.2938	13.7382	0.0000	inf	245728.6377	0.0000	496756.6466	0.0006	0.0014	0.0000	0.0042	0.0044	0.0000	0.0000	0.0000	0.0000	
15	54	0.1357	2	1	2	0	1	0	0	0	0	N	Y	N	N	N	N	N	N	N	N	N	N	0.5333	0.3008	0.2955	0.3146	0.0006	0.0007	0.0000	0.0015	0.0016	0.0000	0.0000	0.0000	0.0000	0.0011	0.0023	0.0000	0.0052	0.0052	0.0000	0.0000	0.0000	0.0000	0.0000	0.0000	-0.0001	-0.0002	4.6608	2.0079	9.0004	2.2027	0.0002	0.0002	0.0000	0.0002	0.0002	0.0000	0.0000	0.0000	0.0000	0.0002	0.0002	0.0000	0.0002	0.0002	0.0000	0.0000	0.0000	0.0000	0.3065	0.2704	0.0361	0.1201	0.1125	0.0077	0.1864	0.1580	0.0284	0.1786	0.0889	0.0897	0.0388	0.0387	0.0001	0.1398	0.0502	0.0896	0.5333	0.3008	0.0000	0.2955	0.3146	0.0000	0.0000	0.0000	0.0000	0.0011	0.0023	0.0000	0.0052	0.0052	0.0000	0.0000	0.0000	0.0000					
15	63	0.1635	2	0	1	1	1	0	0	0	0	N	N	N	N	N	N	N	N	N	N	N	N	0.0349	0.0000	0.1136	0.0000	0.0000	0.0000	0.0338	0.1095	0.0003	0.0000	0.0017	0.0000	0.0000	0.0000	0.0003	0.0000	0.0019	0.0075	0.0009	0.0151	0.0025	0.0017	0.0052	0.0102	0.0000	0.0171	inf	15.3977	0.0000	0.0000	4.6608	0.9961	9.0004	0.0337	0.0000	0.0000	0.0000	0.0000	0.0000	0.0000	0.0000	0.0000	0.0000	0.0004	0.0000	0.0003	0.0000	0.0000	0.0000	0.0003	0.0000	0.0003	0.1510	0.1278	0.0232	0.0362	0.0342	0.0020	0.1148	0.0936	0.0212	0.0481	0.0255	0.0226	0.0168	0.0129	0.0039	0.0313	0.0126	0.0187	0.0349	0.0000	0.1136	0.0000	0.0000	0.0000	0.0338	0.0000	0.1095	0.0075	0.0009	0.0151	0.0025	0.0017	0.0052	0.0102	0.0000	0.0171	
15	69	0.1156	2	0	2	0	1	0	0	0	0	N	Y	N	N	N	N	N	N	N	N	N	N	4.5582	1.2268	3.3877	3.4287	0.1733	0.2128	0.0000	0.6005	0.6092	0.0000	0.0000	0.0000	0.0000	0.0380	0.1734	0.0000	0.1773	0.1777	0.0000	0.0000	0.0000	0.0000	0.0000	0.0000	-0.0819	-0.0147	4.6608	3.0720	9.0004	3.7333	0.1381	0.1381	0.0000	0.1381	0.1381	0.0000	0.0000	0.0000	0.0000	0.0178	0.0178	0.0000	0.0178	0.0178	0.0000	0.0000	0.0000	0.0000	0.7967	0.6489	0.1479	0.2299	0.2267	0.0033	0.5668	0.4222	0.1446	0.4693	0.2233	0.2460	0.1007	0.1004	0.0002	0.3686	0.1228	0.2458	4.5582	2.6628	0.0000	3.3877	3.4287	0.0000	0.0000	0.0000	0.0000	0.0380	0.0799	0.0000	0.1773	0.1777	0.0000	0.0000	0.0000	0.0000					
15	75	0.1600	2	0	2	0	1	0	0	0	0	N	Y	N	N	N	N	N	N	N	N	N	N	0.0527	0.3731	0.0000	0.3777	0.5105	0.0000	0.0000	0.0000	0.0018	0.0019	0.0000	0.0034	0.0035	0.0000	0.0000	0.0000	0.0000	0.0341	0.0050	0.0658	0.0091	0.0068	0.1844	0.0497	0.0000	0.0646	0.0000	12.1153	-0.0000	0.0004	4.6608	0.0009	9.0004	1.7419	0.0000	0.0000	0.0000	0.0000	0.0000	0.0000	0.0000	0.0000	0.0000	0.0046	0.0003	0.0042	0.0005	0.0003	0.0001	0.0041	0.0000	0.0041	0.0147	0.0142	0.0005	0.0077	0.0076	0.0001	0.0070	0.0067	0.0003	0.1341	0.0700	0.0641	0.0516	0.0510	0.0007	0.0824	0.0190	0.0634	0.0527	0.3731	0.0000	0.3777	0.5105	0.0000	0.0000	0.0000	0.0000	0.0341	0.0050	0.0658	0.0091	0.0068	0.1844	0.0497	0.0000	0.0646	
16	17	0.0649	2	0	2	0	1	0	0	0	0	N	Y	N	N	N	N	N	N	N	N	N	N	1.7948	54.9954	0.0211	16.8982	16.5391	1.3804	inf	0.0224	0.4653	0.5715	0.0097	0.5904	0.6164	0.0000	0.4053	0.5437	0.0104	0.2593	0.0104	0.4600	0.0349	0.0373	0.0000	0.2936	0.0000	0.4670	0.0040	54.8823	-0.1976	0.0133	1.9870	8.3392	4.1092	8.9996	0.3352	0.3339	0.0013	0.1380	0.1380	0.0000	0.1973	0.1960	0.0013	0.0855	0.0015	0.0839	0.0015	0.0015	0.0000	0.0839	0.0000	0.0839	0.7205	0.5843	0.1362	0.2337	0.2238	0.0099	0.4868	0.3604	0.1263	0.3297	0.1472	0.1825	0.0438	0.0410	0.0027	0.2859	0.1061	0.1798	1.7948	54.9954	0.0211	16.8982	16.5391	0.0000	1.3804	inf	0.0224	0.2593	0.0104	0.4600	0.0349	0.0373	0.0000	0.2936	0.0000	0.4670	
16	18	0.1110	3	1	2	0	0	0	0	0	0	N	Y	N	N	N	N	N	N	N	N	N	N	0.0194	0.0104	0.0014	0.0062	0.0062	0.0892	0.0675	3.6241	0.0015	0.0033	0.0038	0.0001	0.0045	0.0047	0.0000	0.0028	0.0034	0.0001	0.1704	0.3679	0.0596	0.7243	0.7545	0.0000	0.0413	0.0009	0.0605	0.0036	0.2150	-0.0002	-0.0150	1.9870	1.0070	4.1092	4.1063	0.0003	0.0003	0.0000	0.0001	0.0001	0.0000	0.0002	0.0002	0.0000	0.0231	0.0190	0.0041	0.0190	0.0190	0.0000	0.0041	0.0000	0.0041	0.0839	0.0722	0.0116	0.0255	0.0244	0.0011	0.0584	0.0478	0.0106	0.1354	0.0669	0.0685	0.0365	0.0355	0.0009	0.0989	0.0314	0.0676	0.0194	0.0134	0.0014	0.0086	0.0087	0.0892	0.0675	12068.8897	0.0015	0.1704	0.2839	0.0596	0.5206	0.5345	0.0000	0.0413	0.0000	0.0605
16	19	0.0649	2	0	2	0	0	0	0	0	0	N	Y	N	N	N	N	N	N	N	N	N	N	3.9620	65.5592	0.0379	10.3149	16.2825	0.0000	3.3939	inf	0.0408	0.6467	0.8444	0.0107	0.7243	0.7545	0.0000	0.6016	0.9217	0.0114	0.1632	0.0129	0.2831	0.0702	0.0463	0.4488	0.1772	0.0000	0.2808	0.0040	27.5604	-0.1976	0.0059	1.9870	4.3392	4.1092	7.9996	0.3352	0.3339	0.0013	0.1380	0.1380	0.0000	0.1973	0.1960	0.0013	0.0425	0.0015	0.0411	0.0024	0.0015	0.0009	0.0401	0.0000	0.0401	0.5184	0.3955	0.1230	0.1905	0.1829	0.0076	0.3279	0.2126	0.1153	0.2606	0.1156	0.1450	0.0342	0.0321	0.0020	0.2265	0.0835	0.1430	3.9620	65.5592	0.0379	10.3149	16.2825	0.0000	3.3939	inf	0.0408	0.1632	0.0129	0.2831	0.0702	0.0463	0.4488	0.1772	0.0000	0.2808
16	20	0.0649	2	0	1	0	1	0	0	0	0	N	N	N	N	N	N	N	N	N	N	N	N	3.7230	4377.7074	0.0000	1797.5388	1760.2808	2.0082	inf	0.0000	1.0143	1.2751	0.0000	1.7635	1.8401	0.0000	0.6302	0.8852	0.0000	0.2725	0.0003	0.4911	0.0010	0.0010	0.0000	0.3138	0.0000	0.4985	0.0000	2098.5136	-0.3860	0.0145	1.9870	6.6608	4.1092	9.0004	0.6505	0.6505	0.0000	0.3833	0.3833	0.0000	0.2672	0.2672	0.0000	0.0840	0.0000	0.0839	0.0000	0.0000	0.0000	0.0839	0.0000	0.0839	0.6413	0.5101	0.1311	0.2173	0.2083	0.0090	0.4239	0.3018	0.1221	0.3082	0.1373	0.1709	0.0408	0.0383	0.0025	0.2675	0.0991	0.1684	3.7230	4377.7074	0.0000	1797.5388	1760.2808	0.0000	2.0082	inf	0.0000	0.2725	0.0003	0.4911	0.0010	0.0010	0.0000	0.3138	0.0000	0.4985	
16	21	0.1046	3	1	1	1	0	0	0	0	0	N	N	N	N	N	N	N	N	N	N	N	N	0.0446	0.0249	0.0000	0.0171	0.0169	0.0714	0.1582	2.3521	0.0000	0.0100	0.0115	0.0000	0.0217	0.0229	0.0000	0.0057	0.0067	0.0000	0.2252	0.4594	0.0544	1.2682	1.3587	0.0000	0.0358	0.0028	0.0554	0.0000	0.1556	-0.0005	-0.0172	1.9870	1.0018	4.1092	3.0659	0.0008	0.0008	0.0000	0.0005	0.0005	0.0000	0.0003	0.0003	0.0000	0.0248	0.0215	0.0033	0.0215	0.0215	0.0000	0.0033	0.0000	0.0033	0.0785	0.0688	0.0097	0.0214	0.0202	0.0012	0.0570	0.0485	0.0085	0.1103	0.0488	0.0615	0.0169	0.0158	0.0011	0.0933	0.0330	0.0603	0.0446	0.0260	0.0000	0.0171	0.0169	0.0714	0.1582	1113.4887	0.0000	0.2252	0.4403	0.0544	1.2682	1.3587	0.0000	0.0358	0.0000	0.0554
16	22	0.0649	2	0	2	0	0	0	0	0	0	N	Y	N	N	N	N	N	N	N	N	N	N	2.8503	144.3895	0.0000	30.7965	48.6901	0.0000	1.6688	inf	0.0000	1.3574	1.8122	0.0000	2.1115	2.1978	0.0000	0.8975	1.4477	0.0000	0.4762	0.0126	0.8463	0.0686	0.0451	0.4385	0.5378	0.0000	0.8521	0.0000	84.4838	-0.3860	0.0204	1.9870	3.6608	4.1092	8.9996	0.6505	0.6505	0.0000	0.3833	0.3833	0.0000	0.2672	0.2672	0.0000	0.1265	0.0015	0.1250	0.0024	0.0015	0.0009	0.1241	0.0000	0.1241	0.4792	0.3589	0.1203	0.1815	0.1744	0.0071	0.2977	0.1845	0.1131	0.2656	0.1179	0.1477	0.0349	0.0328	0.0021	0.2307	0.0851	0.1456	2.8503	144.3895	0.0000	30.7965	48.6901	0.0000	1.6688	inf	0.0000	0.4762	0.0126	0.8463	0.0686	0.0451	0.4385	0.5378	0.0000	0.8521
16	23	0.0649	2	0	2	0	0	0	0	0	0	N	Y	N	N	N	N	N	N	N	N	N	N	1.3280	68.7922	0.0000	10.6249	17.0854	0.0000	1.0906	inf	0.0000	0.6441	0.8444	0.0000	0.7243	0.7545	0.0000	0.5975	0.9217	0.0000	0.4850	0.0123	0.8621	0.0682	0.0442	0.4488	0.5479	0.0000	0.8679	0.0000	88.0550	-0.1982	0.0205	1.9870	4.3392	4.1092	7.9996	0.3339	0.3339	0.0000	0.1380	0.1380	0.0000	0.1960	0.1960	0.0000	0.1264	0.0014	0.1250	0.0023	0.0014	0.0009	0.1241	0.0000	0.1241	0.5184	0.3955	0.1230	0.1905	0.1829	0.0076	0.3279	0.2126	0.1153	0.2606	0.1156	0.1450	0.0342	0.0321	0.0020	0.2265	0.0835	0.1430	1.3280	68.7922	0.0000	10.6249	17.0854	0.0000	1.0906	inf	0.0000	0.4850	0.0123	0.8621	0.0682	0.0442	0.4488	0.5479	0.0000	0.8679
16	24	0.0649	2	1	2	0	0	0	0	0	0	N	Y	N	N	N	N	N	N	N	N	N	N	0.1432	68.1028	0.0009	15.0320	15.6233	0.0000	0.1194	inf	0.0010	0.7287	0.9789	0.0111	0.7791	0.8106	0.0000	0.6972	1.1466	0.0118	5.0871	0.0144	11.9071	0.0518	0.0519	0.0509	5.8388	0.0000	12.2768	0.0040	799.7211	-0.1976	0.1846	1.9870	3.3392	4.1092	5.9996	0.3352	0.3339	0.0013	0.1380	0.1380	0.0000	0.1973	0.1960	0.0013	1.0725	0.0013	1.0712	0.0014	0.0013	0.0001	1.0711	0.0000	1.0711	0.4600	0.3411	0.1189	0.1771	0.1702	0.0069	0.2830	0.1709	0.1121	0.2108	0.0932	0.1176	0.0274	0.0258	0.0016	0.1834	0.0674	0.1161	0.1432	68.1028	0.0012	15.0320	15.6233	0.0000	0.1194	inf	0.0013	5.0871	0.0144	9.1049	0.0518	0.0519	0.0509	5.8388	0.0000	9.2275
16	25	0.0649	2	0	2	0	0	0	0	0	0	N	Y	N	N	N	N	N	N	N	N	N	N	0.3341	133.7896	0.0000	30.9019	48.5085	0.0000	0.1872	inf	0.0000	1.2125	1.5778	0.0000	1.9703	2.0530	0.0000	0.7814	1.1844	0.0000	3.6295	0.0118	6.5365	0.0638	0.0423	0.3910	4.1731	0.0000	6.9031	0.0000	689.8002	-0.3860	0.1923	1.9870	4.6608	4.1092	10.9996	0.6505	0.6505	0.0000	0.3833	0.3833	0.0000	0.2672	0.2672	0.0000	1.1187	0.0016	1.1171	0.0026	0.0016	0.0010	1.1161	0.0000	1.1161	0.5365	0.4123	0.1242	0.1945	0.1867	0.0078	0.3419	0.2256	0.1163	0.3082	0.1373	0.1709	0.0408	0.0383	0.0025	0.2675	0.0991	0.1684	0.3341	133.7896	0.0000	30.9019	48.5085	0.0000	0.1872	inf	0.0000	3.6295	0.0118	6.5365	0.0638	0.0423	0.3910	4.1731	0.0000	6.6279
16	26	0.0908	3	1	2	0	0	0	0	0	0	N	Y	N	N	N	N	N	N	N	N	N	N	0.0000	0.0000	0.0000	0.0000	0.0000	0.0000	0.0000	0.0000	0.0000	0.0000	0.0000	0.0000	0.0000	0.0000	0.0000	0.0000	0.0001	0.0001	0.0000	0.0001	0.0001	0.0000	0.0000	0.0000	0.0000	0.0007	0.0000	-0.0000	1.9870	0.0026	4.1092	0.9906	0.0000	0.0000	0.0000	0.0000	0.0000	0.0000	0.0000	0.0000	0.0000	0.0000	0.0000	0.0000	0.0000	0.0000	0.0000	0.0000	0.0000	0.0000	0.2770	0.1890	0.0880	0.1420	0.1391	0.0029	0.1350	0.0499	0.0851	0.1725	0.0896	0.0829	0.0770	0.0768	0.0003	0.0955	0.0128	0.0827	0.0000	0.0000	0.0000	0.0000	0.0000	0.0000	0.0000	0.0000	0.0000	0.0001	0.0001	0.0000	0.0001	0.0001	0.0000	0.0000	0.0000	0.0000			
16	27	0.0649	2	0	2	0	0	0	0	0	0	N	Y	N	N	N	N	N	N	N	N	N	N	0.2731	inf	0.0011	65.1020	inf	0.0000	0.1535	inf	0.0011	1.2150	1.5778	0.0106	1.9703	2.0530	0.0000	0.7853	1.1844	0.0113	4.4491	0.0000	9.4482	0.0303	0.0000	0.5201	5.1144	0.0000	9.9995	0.0020	inf	-0.3855	0.1928	1.9870	4.6608	4.1092	7.0004	0.6518	0.6505	0.0013	0.3833	0.3833	0.0000	0.2685	0.2672	0.0013	1.1122	0.0000	1.1122	0.0010	0.0000	0.0010	1.1113	0.0000	1.1113	0.5365	0.4123	0.1242	0.1945	0.1867	0.0078	0.3419	0.2256	0.1163	0.2500	0.1108	0.1392	0.0327	0.0308	0.0019	0.2173	0.0800	0.1372	0.2731	inf	0.0013	65.1020	inf	0.0000	0.1535	inf	0.0014	4.4491	0.0000	7.9922	0.0303	0.0000	0.5138	5.1144	0.0000	8.0972
16	28	0.0649	2	0	2	0	0	0	0	0	0	N	Y	N	N	N	N	N	N	N	N	N	N	0.2233	13471.9241	0.0009	581.5559	5143.7896	0.0000	0.1230	inf	0.0009	1.1047	1.4071	0.0103	1.8588	1.9384	0.0000	0.6993	1.0096	0.0111	4.9471	0.0001	11.0468	0.0032	0.0004	0.0493	5.6861	0.0000	12.0206	0.0020	107119.0546	-0.3858	0.1857	1.9870	5.6608	4.1092	4.0004	0.6522	0.6509	0.0013	0.3837	0.3837	0.0000	0.2685	0.2672	0.0013	1.0712	0.0000	1.0712	0.0001	0.0000	0.0001	1.0711	0.0000	1.0711	0.5904	0.4626	0.1278	0.2064	0.1980	0.0085	0.3840	0.2646	0.1193	0.2165	0.0957	0.1208	0.0282	0.0265	0.0016	0.1884	0.0692	0.1192	0.2233	13471.9241	0.0012	581.5559	5143.7896	0.0000	0.1230	inf	0.0012	4.9471	0.0001	8.8683	0.0032	0.0004	0.0493	5.6861	0.0000	8.9883
16	29	0.0649	2	0	2	1	1	0	0	0	0	N	Y	N	N	N	N	N	N	N	N	N	N	2645.8322	1714.2151	0.0000	474.4574	463.8076	456763.4099	inf	0.0000	1.8395	2.6857	0.0000	2.5275	2.6217	0.0000	1.3230	2.7830	0.0000	0.0007	0.0016	0.0000	0.0053	0.0057	0.0000	0.0000	0.0000	0.0000	0.0000	0.0036	-0.3860	-0.0001	1.9870	1.6608	4.1092	8.0004	0.6505	0.6505	0.0000	0.3833	0.3833	0.0000	0.2672	0.2672	0.0000	0.0002	0.0001	0.0000	0.0001	0.0001	0.0000	0.0000	0.0000	0.0000	0.3536	0.2422	0.1114	0.1516	0.1462	0.0055	0.2020	0.0960	0.1059	0.2165	0.0957	0.1208	0.0282	0.0265	0.0016	0.1884	0.0692	0.1192	2645.8322	1714.2151	0.0000	474.4574	463.8076	0.0000	456763.4099	inf	0.0000	0.0007	0.0016	0.0000	0.0053	0.0057	0.0000	0.0000	0.0000	0.0000	
16	30	0.0649	2	0	2	0	0	0	0	0	0	N	Y	N	N	N	N	N	N	N	N	N	N	2.8475	13462.8172	0.0149	5228.0019	5137.8915	1.5693	inf	0.0157	1.1040	1.4061	0.0103	1.8567	1.9362	0.0000	0.6993	1.0096	0.0111	0.3877	0.0001	0.6949	0.0004	0.0004	0.0000	0.4456	0.0000	0.7044	0.0020	8394.0546	-0.3855	0.0145	1.9870	5.6608	4.1092	4.0004	0.6518	0.6505	0.0013	0.3833	0.3833	0.0000	0.2685	0.2672	0.0013	0.0840	0.0000	0.0839	0.0000	0.0000	0.0000	0.0839	0.0000	0.0839	0.5904	0.4626	0.1278	0.2064	0.1980	0.0085	0.3840	0.2646	0.1193	0.2165	0.0957	0.1208	0.0282	0.0265	0.0016	0.1884	0.0692	0.1192	2.8475	13462.8172	0.0149	5228.0019	5137.8915	0.0000	1.5693	inf	0.0157	0.3877	0.0001	0.6949	0.0004	0.0004	0.0000	0.4456	0.0000	0.7044	
16	31	0.1352	3	1	2	0	0	0	0	0	0	N	Y	N	N	N	N	N	N	N	N	N	N	0.1995	8.5906	0.0030	6.4473	7.1508	0.0000	0.1112	3.7874	0.0032	0.0018	0.0020	0.0001	0.0023	0.0023	0.0000	0.0016	0.0019	0.0001	0.0092	0.0002	0.0181	0.0004	0.0003	0.0014	0.0145	0.0005	0.0184	0.0034	75.5384	-0.0000	0.0001	1.9870	0.1965	4.1092	2.3074	0.0000	0.0000	0.0000	0.0000	0.0000	0.0000	0.0000	0.0000	0.0000	0.0009	0.0000	0.0009	0.0000	0.0000	0.0000	0.0009	0.0000	0.0009	0.0216	0.0192	0.0024	0.0072	0.0070	0.0002	0.0145	0.0123	0.0022	0.0971	0.0487	0.0484	0.0365	0.0356	0.0009	0.0606	0.0131	0.0475	0.1995	8.5906	0.0030	6.4473	7.1508	0.0000	0.1112	9519.7370	0.0032	0.0092	0.0002	0.0181	0.0004	0.0003	0.0014	0.0145	0.0000	0.0184
16	32	0.0649	2	0	2	0	1	0	0	0	0	N	Y	N	N	N	N	N	N	N	N	N	N	0.0000	0.0000	0.0000	0.0000	0.0000	0.0000	0.0000	0.0000	0.0000	0.0000	0.0000	0.0000	0.0000	0.0000	0.0000	0.0000	0.0000	0.0000	0.0000	0.0000	1.9870	0.0000	4.1092	1.0000	0.0000	0.0000	0.0000	0.0000	0.0000	0.0000	0.0000	0.0000	0.0000	0.0000	0.0000	0.0000	0.0000	0.0000	0.0000	0.0000	0.0000	0.0000	0.0000	0.0000	0.0000	0.0000	0.0000	0.0000	0.0000	0.0000	0.0000	0.0276	0.0121	0.0156	0.0035	0.0033	0.0002	0.0241	0.0088	0.0154	0.0000	0.0000	0.0000	0.0000	0.0000	0.0000	0.0000	0.0000	0.0000	0.0000	0.0000	0.0000	0.0000	0.0000	0.0000	0.0000	0.0000	0.0000											
16	33	0.0649	2	1	2	0	0	0	0	0	0	N	Y	N	N	N	N	N	N	N	N	N	N	312.9294	192.2035	60.5209	59.1582	inf	inf	1.5548	2.1514	0.0000	2.2913	2.3816	0.0000	1.0641	1.8894	0.0000	0.0050	0.0112	0.0000	0.0379	0.0403	0.0000	0.0000	0.0000	0.0000	0.0000	0.0000	-0.3860	-0.0011	1.9870	2.6608	4.1092	9.9996	0.6505	0.6505	0.0000	0.3833	0.3833	0.0000	0.2672	0.2672	0.0000	0.0013	0.0013	0.0000	0.0013	0.0013	0.0000	0.0000	0.0000	0.0000	0.4184	0.3023	0.1160	0.1673	0.1609	0.0063	0.2511	0.1414	0.1097	0.2656	0.1179	0.1477	0.0349	0.0328	0.0021	0.2307	0.0851	0.1456	312.9294	192.2035	0.0000	60.5209	59.1582	0.0000	inf	inf	0.0000	0.0050	0.0112	0.0000	0.0379	0.0403	0.0000	0.0000	0.0000	0.0000			
16	34	0.1461	3	0	1	1	0	0	0	0	0	N	N	N	N	N	N	N	N	N	N	N	N	0.4511	0.9679	0.0000	0.5388	0.5794	0.0000	0.3619	216.9856	0.0000	0.0058	0.0065	0.0000	0.0068	0.0072	0.0000	0.0047	0.0057	0.0000	0.0129	0.0068	0.0193	0.0126	0.0124	0.0370	0.0131	0.0000	0.0192	0.0000	2.7766	-0.0011	-0.0003	1.9870	3.8106	4.1092	5.1657	0.0018	0.0018	0.0000	0.0011	0.0011	0.0000	0.0007	0.0007	0.0000	0.0031	0.0008	0.0023	0.0008	0.0008	0.0000	0.0023	0.0000	0.0023	0.3085	0.2750	0.0335	0.1668	0.1574	0.0094	0.1417	0.1176	0.0241	0.2399	0.1215	0.1184	0.0668	0.0663	0.0005	0.1730	0.0552	0.1179	0.4511	0.9679	0.0000	0.5388	0.5794	0.0000	0.3619	196692.0422	0.0000	0.0129	0.0068	0.0193	0.0126	0.0124	0.0370	0.0131	0.0000	0.0192
16	35	0.0649	2	0	1	0	0	0	0	0	0	N	N	N	N	N	N	N	N	N	N	N	N	2.2302	249.4645	0.0000	41.0152	100.3238	0.0000	1.2274	128.7368	0.0000	1.0482	1.3256	0.0000	1.7990	1.8767	0.0000	0.6558	0.9329	0.0000	0.4700	0.0053	0.8408	0.0439	0.0187	0.4420	0.5343	0.0072	0.8464	0.0000	198.3131	-0.3858	0.0208	1.9870	6.2373	4.1092	6.2260	0.6500	0.6500	0.0000	0.3829	0.3829	0.0000	0.2671	0.2671	0.0000	0.1234	0.0006	0.1228	0.0015	0.0006	0.0009	0.1219	0.0000	0.1219	0.6201	0.4903	0.1298	0.2128	0.2040	0.0088	0.4072	0.2863	0.1209	0.2626	0.1165	0.1460	0.0344	0.0324	0.0020	0.2281	0.0841	0.1440	2.2302	249.4645	0.0000	41.0152	100.3238	0.0000	1.2274	5924.7467	0.0000	0.4700	0.0053	0.8408	0.0439	0.0187	0.4420	0.5343	0.0002	0.8464
16	36	0.0649	2	0	2	0	0	0	0	0	0	N	Y	N	N	N	N	N	N	N	N	N	N	2694.3806	1600.5762	0.0000	549.8369	538.8579	342217.5590	inf	0.0000	1.3574	1.8122	0.0000	2.1115	2.1978	0.0000	0.8975	1.4477	0.0000	0.0005	0.0011	0.0000	0.0038	0.0041	0.0000	0.0000	0.0000	0.0000	0.0000	0.0045	-0.3860	-0.0001	1.9870	3.6608	4.1092	7.3397	0.6505	0.6505	0.0000	0.3833	0.3833	0.0000	0.2672	0.2672	0.0000	0.0001	0.0001	0.0000	0.0001	0.0001	0.0000	0.0000	0.0000	0.0000	0.4792	0.3589	0.1203	0.1815	0.1744	0.0071	0.2977	0.1845	0.1131	0.2393	0.1060	0.1333	0.0312	0.0294	0.0018	0.2080	0.0766	0.1315	2694.3806	1600.5762	0.0000	549.8369	538.8579	0.0000	342217.5590	inf	0.0000	0.0005	0.0011	0.0000	0.0038	0.0041	0.0000	0.0000	0.0000	0.0000	
16	37	0.1274	4	1	1	1	0	0	0	0	0	N	N	N	N	N	N	N	N	N	N	N	N	50.0714	85.9672	0.0001	19.7285	21.6774	0.0000	72.7340	inf	0.0001	0.8334	1.1680	0.0000	0.8337	0.8665	0.0000	0.8331	1.5470	0.0000	0.0166	0.0136	0.0196	0.0423	0.0400	0.3042	0.0115	0.0000	0.0188	0.0000	1.4934	-0.1980	-0.0008	1.9870	2.3426	4.1092	5.0131	0.3337	0.3337	0.0000	0.1379	0.1379	0.0000	0.1958	0.1958	0.0000	0.0034	0.0014	0.0020	0.0015	0.0014	0.0001	0.0020	0.0000	0.0020	0.4004	0.2857	0.1147	0.1653	0.1591	0.0062	0.2350	0.1266	0.1085	0.2054	0.1009	0.1045	0.0346	0.0343	0.0003	0.1708	0.0666	0.1042	50.0714	85.9672	0.0001	19.7285	21.6774	0.0000	72.7340	inf	0.0001	0.0166	0.0136	0.0196	0.0423	0.0400	0.3042	0.0115	0.0000	0.0188
16	38	0.0996	3	1	1	1	0	0	0	0	0	N	N	N	N	N	N	N	N	N	N	N	N	8.1200	8.5461	0.0000	7.8669	8.4090	0.0000	7.6640	118.3243	0.0000	1.0831	1.5103	0.0000	1.3245	1.3769	0.0000	0.9155	1.6732	0.0000	0.1334	0.1767	0.1947	0.1684	0.1637	0.5223	0.1195	0.0141	0.1920	0.0000	1.8873	-0.2618	-0.0051	1.9870	2.4564	4.1092	2.5086	0.4412	0.4412	0.0000	0.2211	0.2211	0.0000	0.2201	0.2201	0.0000	0.0295	0.0102	0.0193	0.0106	0.0102	0.0004	0.0189	0.0000	0.0189	0.4073	0.2921	0.1152	0.1669	0.1606	0.0063	0.2404	0.1315	0.1089	0.2211	0.1221	0.0990	0.0630	0.0622	0.0008	0.1581	0.0599	0.0982	8.1200	18.0492	0.0000	7.8669	8.4090	0.0000	7.6640	3133.7981	0.0000	0.1334	0.0837	0.1947	0.1684	0.1637	0.5223	0.1195	0.0005	0.1920
16	39	0.0649	2	0	2	0	0	0	0	0	0	N	Y	N	N	N	N	N	N	N	N	N	N	1621.6349	922.4752	0.0000	360.6561	353.4606	310623.3674	inf	0.0000	1.1018	1.4061	0.0000	1.8567	1.9362	0.0000	0.6959	1.0096	0.0000	0.0007	0.0015	0.0000	0.0051	0.0055	0.0000	0.0000	0.0000	0.0000	0.0000	0.0029	-0.3860	-0.0002	1.9870	5.6608	4.1092	8.0004	0.6505	0.6505	0.0000	0.3833	0.3833	0.0000	0.2672	0.2672	0.0000	0.0002	0.0002	0.0000	0.0002	0.0002	0.0000	0.0000	0.0000	0.0000	0.5904	0.4626	0.1278	0.2064	0.1980	0.0085	0.3840	0.2646	0.1193	0.2805	0.1246	0.1558	0.0369	0.0347	0.0022	0.2436	0.0900	0.1536	1621.6349	922.4752	0.0000	360.6561	353.4606	0.0000	310623.3674	inf	0.0000	0.0007	0.0015	0.0000	0.0051	0.0055	0.0000	0.0000	0.0000	0.0000	
16	40	0.0649	2	1	1	1	0	0	0	0	0	N	N	N	N	N	N	N	N	N	N	N	N	1.0464	4.1580	0.0118	1.0720	1.1043	0.0000	0.8754	inf	0.0125	0.5362	0.6744	0.0101	0.6449	0.6728	0.0000	0.4797	0.6756	0.0109	0.5124	0.1622	0.8621	0.6016	0.6092	0.4488	0.5479	0.0000	0.8679	0.0040	14.6026	-0.1976	0.0146	1.9870	6.3392	4.1092	5.9996	0.3352	0.3339	0.0013	0.1380	0.1380	0.0000	0.1973	0.1960	0.0013	0.1335	0.0086	0.1250	0.0095	0.0086	0.0009	0.1241	0.0000	0.1241	0.6252	0.4951	0.1301	0.2139	0.2051	0.0089	0.4113	0.2901	0.1212	0.2606	0.1156	0.1450	0.0342	0.0321	0.0020	0.2265	0.0835	0.1430	1.0464	9.1116	0.0118	2.3271	2.5264	0.0000	0.8754	inf	0.0125	0.5124	0.0740	0.8621	0.2771	0.2663	0.4488	0.5479	0.0000	0.8679
16	41	0.0974	3	1	1	1	0	0	0	0	0	N	N	N	N	N	N	N	N	N	N	N	N	0.0258	1.1939	0.0688	0.6272	0.6401	0.0000	0.0249	89.7582	0.0776	0.0112	0.0045	0.0611	0.0051	0.0053	0.0000	0.0142	0.0041	0.0698	0.4359	0.0038	0.8881	0.0081	0.0083	0.0002	0.5705	0.0000	0.8999	1.8158	223.6804	0.0001	0.0141	1.9870	1.9694	4.1092	5.1440	0.0020	0.0007	0.0013	0.0003	0.0003	0.0000	0.0017	0.0004	0.0013	0.0835	0.0004	0.0831	0.0004	0.0004	0.0000	0.0831	0.0000	0.0831	0.1751	0.1543	0.0208	0.0568	0.0542	0.0026	0.1183	0.1001	0.0182	0.1915	0.0980	0.0936	0.0459	0.0446	0.0012	0.1457	0.0533	0.0924	0.0258	1.1939	0.0688	0.6272	0.6401	0.0000	0.0249	68255.1922	0.0776	0.4359	0.0038	0.8881	0.0081	0.0083	0.0002	0.5705	0.0000	0.8999
16	42	0.0649	2	1	1	0	0	0	0	0	0	N	N	N	N	N	N	N	N	N	N	N	N	50.7583	54.4916	0.0375	12.6933	12.4848	0.0000	93.9356	302.4928	0.0393	0.7230	0.9738	0.0004	0.7778	0.8094	0.0000	0.6888	1.1366	0.0005	0.0142	0.0179	0.0114	0.0613	0.0648	0.0000	0.0073	0.0038	0.0115	0.0002	0.8130	-0.1983	-0.0007	1.9870	3.3753	4.1092	2.0398	0.3342	0.3341	0.0001	0.1381	0.1381	0.0000	0.1961	0.1960	0.0001	0.0019	0.0011	0.0009	0.0011	0.0011	0.0000	0.0009	0.0000	0.0009	0.4622	0.3431	0.1191	0.1776	0.1707	0.0069	0.2846	0.1725	0.1122	0.1339	0.0589	0.0750	0.0172	0.0162	0.0009	0.1168	0.0427	0.0741	50.7583	54.4916	0.0375	12.6933	12.4848	0.0000	93.9356	60400.8856	0.0393	0.0142	0.0179	0.0114	0.0613	0.0648	0.0000	0.0073	0.0000	0.0115
16	43	0.0649	2	0	1	1	0	0	0	0	0	N	N	N	N	N	N	N	N	N	N	N	N	0.2984	133.8553	0.0000	49.4188	48.4281	0.1673	inf	0.0000	1.2125	1.5778	0.0000	1.9703	2.0530	0.0000	0.7814	1.1844	0.0000	4.0634	0.0118	7.7153	0.0399	0.0424	0.0000	4.6712	0.0000	7.9370	0.0000	775.6426	-0.3860	0.1857	1.9870	4.6608	4.1092	7.9996	0.6505	0.6505	0.0000	0.3833	0.3833	0.0000	0.2672	0.2672	0.0000	1.0791	0.0014	1.0777	0.0014	0.0014	0.0000	1.0777	0.0000	1.0777	0.5365	0.4123	0.1242	0.1945	0.1867	0.0078	0.3419	0.2256	0.1163	0.2656	0.1179	0.1477	0.0349	0.0328	0.0021	0.2307	0.0851	0.1456	0.2984	133.8553	0.0000	49.4188	48.4281	0.0000	0.1673	inf	0.0000	4.0634	0.0118	7.2973	0.0399	0.0424	0.0000	4.6712	0.0000	7.4014	
16	44	0.0649	2	0	2	0	0	0	0	0	0	N	Y	N	N	N	N	N	N	N	N	N	N	0.3257	146.5085	0.0000	50.8836	53.0060	0.0000	0.1826	inf	0.0000	1.2125	1.5778	0.0000	1.9703	2.0530	0.0000	0.7814	1.1844	0.0000	3.7223	0.0108	6.6848	0.0387	0.0387	0.0385	4.2787	0.0000	7.3569	0.0000	777.6963	-0.3860	0.1701	1.9870	4.6608	4.1092	7.9996	0.6505	0.6505	0.0000	0.3833	0.3833	0.0000	0.2672	0.2672	0.0000	0.9885	0.0013	0.9873	0.0013	0.0013	0.0001	0.9872	0.0000	0.9872	0.5365	0.4123	0.1242	0.1945	0.1867	0.0078	0.3419	0.2256	0.1163	0.2656	0.1179	0.1477	0.0349	0.0328	0.0021	0.2307	0.0851	0.1456	0.3257	146.5085	0.0000	50.8836	53.0060	0.0000	0.1826	inf	0.0000	3.7223	0.0108	6.6848	0.0387	0.0387	0.0385	4.2787	0.0000	6.7795
16	45	0.0996	3	1	2	1	0	0	0	0	0	N	Y	N	N	N	N	N	N	N	N	N	N	2.6631	5.8134	0.0000	1.4271	1.4379	2.7462	1970.0077	0.0000	1.0027	1.4968	0.0000	0.9330	0.9674	0.0000	1.0584	2.4348	0.0000	0.3765	0.2575	0.6199	0.6538	0.6728	0.0000	0.3854	0.0012	0.6253	0.0000	3.3441	-0.1981	-0.0055	1.9870	1.3391	4.1092	5.8433	0.3338	0.3338	0.0000	0.1379	0.1379	0.0000	0.1959	0.1959	0.0000	0.0974	0.0224	0.0750	0.0224	0.0224	0.0000	0.0750	0.0000	0.0750	0.3329	0.2230	0.1099	0.1478	0.1426	0.0052	0.1851	0.0805	0.1046	0.2588	0.1378	0.1210	0.0642	0.0631	0.0011	0.1946	0.0747	0.1199	2.6631	9.1938	0.0000	2.6686	2.7213	0.0000	2.7462	3827969.9016	0.0000	0.3765	0.1628	0.6199	0.3496	0.3555	0.0000	0.3854	0.0000	0.6253	
16	46	0.0649	2	1	1	0	0	0	0	0	0	N	N	N	N	N	N	N	N	N	N	N	N	4.9951	668.3271	0.0000	39.8491	178.7137	0.0000	3.7259	225.4808	0.0000	1.0897	1.5223	0.0000	1.3479	1.4005	0.0000	0.9139	1.6681	0.0000	0.2182	0.0023	0.3876	0.0338	0.0078	0.4813	0.2453	0.0074	0.3864	0.0000	216.7822	-0.2619	0.0051	1.9870	2.4483	4.1092	3.1953	0.4413	0.4413	0.0000	0.2212	0.2212	0.0000	0.2201	0.2201	0.0000	0.0303	0.0001	0.0301	0.0006	0.0001	0.0005	0.0297	0.0000	0.0297	0.4049	0.2899	0.1151	0.1641	0.1579	0.0062	0.2409	0.1320	0.1089	0.1388	0.0611	0.0778	0.0178	0.0168	0.0010	0.1210	0.0442	0.0768	4.9951	668.3271	0.0000	39.8491	178.7137	0.0000	3.7259	10211.0435	0.0000	0.2182	0.0023	0.3876	0.0338	0.0078	0.4813	0.2453	0.0002	0.3864
16	47	0.1046	3	1	2	1	0	0	0	0	0	N	Y	N	N	N	N	N	N	N	N	N	N	0.0011	2.2954	0.0015	0.5326	1.5428	0.0000	0.0010	0.8305	0.0014	0.0096	0.0041	0.0498	0.0080	0.0084	0.0000	0.0102	0.0023	0.0566	8.8046	0.0018	33.5642	0.0150	0.0055	0.1485	10.4015	0.0028	39.5366	1.6759	11184.6255	0.0001	0.1680	1.9870	3.0001	4.1092	1.0598	0.0021	0.0008	0.0013	0.0005	0.0005	0.0000	0.0016	0.0003	0.0013	0.9694	0.0001	0.9693	0.0003	0.0001	0.0002	0.9691	0.0000	0.9691	0.2194	0.1930	0.0265	0.0581	0.0550	0.0032	0.1613	0.1380	0.0233	0.1101	0.0487	0.0614	0.0169	0.0158	0.0011	0.0932	0.0329	0.0602	0.0011	2.2954	0.0032	0.5326	1.5428	0.0000	0.0010	400.8989	0.0035	8.8046	0.0018	15.7972	0.0150	0.0055	0.1485	10.4015	0.0000	16.0898
16	48	0.0649	2	1	1	1	0	0	0	0	0	N	N	N	N	N	N	N	N	N	N	N	N	3.0077	10.6502	0.0000	2.6677	2.6658	0.0000	2.4250	184.4606	0.0000	2.2836	3.6461	0.0000	2.8480	2.9458	0.0000	1.7783	5.5322	0.0000	0.7593	0.3424	1.1408	1.0676	1.1051	0.0015	0.7333	0.0300	1.1555	0.0000	5.2822	-0.3859	0.0017	1.9870	0.6630	4.1092	5.9830	0.6502	0.6502	0.0000	0.3831	0.3831	0.0000	0.2671	0.2671	0.0000	0.1212	0.0193	0.1019	0.0192	0.0192	0.0000	0.1020	0.0001	0.1019	0.2847	0.1783	0.1064	0.1345	0.1300	0.0045	0.1502	0.0483	0.1019	0.1596	0.0703	0.0893	0.0205	0.0194	0.0011	0.1391	0.0509	0.0882	3.0077	13.2858	0.0000	3.0466	2.9764	0.0000	2.4250	3155.2917	0.0000	0.7593	0.2744	1.1408	0.9348	0.9897	0.0015	0.7333	0.0018	1.1555
16	49	0.0649	2	1	2	0	0	0	0	0	0	N	Y	N	N	N	N	N	N	N	N	N	N	95.0851	52.5717	inf	15.5498	15.2351	inf	inf	inf	0.4973	0.6173	0.0099	0.6153	0.6422	0.0000	0.4385	0.6010	0.0107	0.0052	0.0117	0.0000	0.0396	0.0422	0.0000	0.0000	0.0000	0.0000	0.0040	0.0000	-0.1976	-0.0013	1.9870	7.3392	4.1092	7.9996	0.3352	0.3339	0.0013	0.1380	0.1380	0.0000	0.1973	0.1960	0.0013	0.0016	0.0016	0.0000	0.0016	0.0016	0.0000	0.0000	0.0000	0.0000	0.6742	0.5409	0.1333	0.2242	0.2148	0.0094	0.4499	0.3261	0.1239	0.3039	0.1354	0.1686	0.0402	0.0377	0.0025	0.2638	0.0976	0.1661	95.0851	52.5717	inf	15.5498	15.2351	0.0000	inf	inf	inf	0.0052	0.0117	0.0000	0.0396	0.0422	0.0000	0.0000	0.0000	0.0000	
16	50	0.0649	2	0	1	0	1	0	0	0	0	N	N	N	N	N	N	N	N	N	N	N	N	9.4599	1883.8580	0.0000	81.4661	683.3764	0.0000	5.4237	inf	0.0000	1.2125	1.5778	0.0000	1.9703	2.0530	0.0000	0.7814	1.1844	0.0000	0.1282	0.0008	0.2307	0.0242	0.0030	0.3441	0.1441	0.0000	0.2290	0.0000	342.0879	-0.3860	0.0070	1.9870	4.6608	4.1092	12.0004	0.6505	0.6505	0.0000	0.3833	0.3833	0.0000	0.2672	0.2672	0.0000	0.0412	0.0001	0.0411	0.0010	0.0001	0.0009	0.0401	0.0000	0.0401	0.5365	0.4123	0.1242	0.1945	0.1867	0.0078	0.3419	0.2256	0.1163	0.3212	0.1433	0.1779	0.0426	0.0399	0.0026	0.2786	0.1033	0.1753	9.4599	1883.8580	0.0000	81.4661	683.3764	0.0000	5.4237	inf	0.0000	0.1282	0.0008	0.2307	0.0242	0.0030	0.3441	0.1441	0.0000	0.2290
16	53	0.0649	2	1	1	1	0	0	0	0	0	N	N	N	N	N	N	N	N	N	N	N	N	1.3121	53.3238	0.0114	12.3933	12.1808	1.1101	inf	0.0119	0.7287	0.9789	0.0111	0.7791	0.8106	0.0000	0.6972	1.1466	0.0118	0.5554	0.0184	0.9777	0.0629	0.0665	0.0000	0.6280	0.0000	0.9902	0.0040	67.7233	-0.1976	0.0135	1.9870	3.3392	4.1092	2.9996	0.3352	0.3339	0.0013	0.1380	0.1380	0.0000	0.1973	0.1960	0.0013	0.0852	0.0012	0.0839	0.0012	0.0012	0.0000	0.0839	0.0000	0.0839	0.4600	0.3411	0.1189	0.1771	0.1702	0.0069	0.2830	0.1709	0.1121	0.1534	0.0675	0.0859	0.0197	0.0186	0.0011	0.1337	0.0489	0.0848	1.3121	53.3238	0.0114	12.3933	12.1808	0.0000	1.1101	inf	0.0119	0.5554	0.0184	0.9777	0.0629	0.0665	0.0000	0.6280	0.0000	0.9902	
16	54	0.1110	3	1	2	0	0	0	0	0	0	N	Y	N	N	N	N	N	N	N	N	N	N	0.0453	0.9608	0.0006	0.6335	0.6607	0.0004	0.0282	18.7215	0.0007	0.0017	0.0020	0.0000	0.0024	0.0025	0.0000	0.0014	0.0018	0.0000	0.0380	0.0021	0.0732	0.0037	0.0037	0.0035	0.0514	0.0001	0.0741	0.0036	36.0649	-0.0002	0.0007	1.9870	2.0079	4.1092	2.2027	0.0003	0.0003	0.0000	0.0001	0.0001	0.0000	0.0002	0.0002	0.0000	0.0045	0.0001	0.0044	0.0001	0.0001	0.0000	0.0044	0.0000	0.0044	0.1606	0.1385	0.0221	0.0482	0.0461	0.0020	0.1124	0.0923	0.0200	0.1198	0.0593	0.0605	0.0337	0.0329	0.0008	0.0861	0.0264	0.0597	0.0453	0.9608	0.0006	0.6335	0.6607	0.0004	0.0282	14448.7387	0.0007	0.0380	0.0021	0.0732	0.0037	0.0037	0.0035	0.0514	0.0000	0.0741
16	55	0.0649	2	1	2	0	0	0	0	0	0	N	Y	N	N	N	N	N	N	N	N	N	N	1.5221	46.9378	0.0144	11.8180	11.6131	0.0000	1.2559	266.6566	0.0151	0.6467	0.8445	0.0107	0.7246	0.7548	0.0000	0.6015	0.9216	0.0114	0.4249	0.0180	0.7464	0.0613	0.0650	0.0000	0.4790	0.0035	0.7563	0.0039	52.5090	-0.1977	0.0126	1.9870	4.3406	4.1092	3.9440	0.3353	0.3340	0.0013	0.1380	0.1380	0.0000	0.1973	0.1960	0.0013	0.0814	0.0015	0.0799	0.0015	0.0015	0.0000	0.0799	0.0000	0.0799	0.5185	0.3955	0.1230	0.1905	0.1829	0.0076	0.3280	0.2127	0.1153	0.1916	0.0846	0.1070	0.0248	0.0234	0.0014	0.1668	0.0612	0.1056	1.5221	46.9378	0.0144	11.8180	11.6131	0.0000	1.2559	70212.1165	0.0151	0.4249	0.0180	0.7464	0.0613	0.0650	0.0000	0.4790	0.0000	0.7563
16	56	0.0649	2	0	2	0	0	0	0	0	0	N	Y	N	N	N	N	N	N	N	N	N	N	0.2859	inf	0.0011	65.0860	inf	0.0000	0.1649	inf	0.0011	1.3610	1.8134	0.0110	2.1139	2.2004	0.0000	0.9019	1.4477	0.0117	4.7602	0.0000	10.3602	0.0325	0.0000	0.6139	5.4694	0.0000	10.6058	0.0020	inf	-0.3858	0.1928	1.9870	3.6608	4.1092	7.0004	0.6522	0.6509	0.0013	0.3837	0.3837	0.0000	0.2685	0.2672	0.0013	1.1122	0.0000	1.1122	0.0010	0.0000	0.0010	1.1113	0.0000	1.1113	0.4792	0.3589	0.1203	0.1815	0.1744	0.0071	0.2977	0.1845	0.1131	0.2337	0.1034	0.1302	0.0305	0.0287	0.0018	0.2032	0.0747	0.1284	0.2859	inf	0.0013	65.0860	inf	0.0000	0.1649	inf	0.0013	4.7602	0.0000	8.5422	0.0325	0.0000	0.5576	5.4694	0.0000	8.6525
16	57	0.0649	2	0	1	1	0	0	0	0	0	N	N	N	N	N	N	N	N	N	N	N	N	3288.2824	2128.6381	0.0000	586.7553	574.3949	379515.8286	inf	0.0000	1.8395	2.6857	0.0000	2.5275	2.6217	0.0000	1.3230	2.7830	0.0000	0.0006	0.0013	0.0000	0.0043	0.0046	0.0000	0.0000	0.0000	0.0000	0.0000	0.0055	-0.3860	-0.0001	1.9870	1.6608	4.1092	6.0004	0.6505	0.6505	0.0000	0.3833	0.3833	0.0000	0.2672	0.2672	0.0000	0.0001	0.0001	0.0000	0.0001	0.0001	0.0000	0.0000	0.0000	0.0000	0.3536	0.2422	0.1114	0.1516	0.1462	0.0055	0.2020	0.0960	0.1059	0.1797	0.0793	0.1005	0.0232	0.0219	0.0013	0.1565	0.0574	0.0992	3288.2824	2128.6381	0.0000	586.7553	574.3949	0.0000	379515.8286	inf	0.0000	0.0006	0.0013	0.0000	0.0043	0.0046	0.0000	0.0000	0.0000	0.0000	
16	58	0.0649	2	1	2	0	0	0	0	0	0	N	Y	N	N	N	N	N	N	N	N	N	N	98.5864	57.2706	14.4919	14.2100	inf	inf	0.6441	0.8444	0.0000	0.7243	0.7545	0.0000	0.5975	0.9217	0.0000	0.0065	0.0147	0.0000	0.0500	0.0531	0.0000	0.0000	0.0000	0.0000	0.0000	0.0000	-0.1982	-0.0013	1.9870	4.3392	4.1092	6.9996	0.3339	0.3339	0.0000	0.1380	0.1380	0.0000	0.1960	0.1960	0.0000	0.0016	0.0016	0.0000	0.0016	0.0016	0.0000	0.0000	0.0000	0.0000	0.5184	0.3955	0.1230	0.1905	0.1829	0.0076	0.3279	0.2126	0.1153	0.2448	0.1085	0.1363	0.0320	0.0301	0.0019	0.2128	0.0784	0.1344	98.5864	57.2706	0.0000	14.4919	14.2100	0.0000	inf	inf	0.0000	0.0065	0.0147	0.0000	0.0500	0.0531	0.0000	0.0000	0.0000	0.0000			
16	59	0.0649	2	1	2	1	0	0	0	0	0	N	Y	N	N	N	N	N	N	N	N	N	N	0.2944	1506.9405	0.0000	588.2711	576.9297	0.1616	inf	0.0000	1.1018	1.4061	0.0000	1.8567	1.9362	0.0000	0.6959	1.0096	0.0000	3.7424	0.0009	7.3013	0.0032	0.0034	0.0000	4.3072	0.0000	7.5308	0.0000	9034.3686	-0.3860	0.1722	1.9870	5.6608	4.1092	7.0004	0.6505	0.6505	0.0000	0.3833	0.3833	0.0000	0.2672	0.2672	0.0000	0.9939	0.0001	0.9938	0.0001	0.0001	0.0000	0.9938	0.0000	0.9938	0.5904	0.4626	0.1278	0.2064	0.1980	0.0085	0.3840	0.2646	0.1193	0.2656	0.1179	0.1477	0.0349	0.0328	0.0021	0.2307	0.0851	0.1456	0.2944	1506.9405	0.0000	588.2711	576.9297	0.0000	0.1616	inf	0.0000	3.7424	0.0009	6.7287	0.0032	0.0034	0.0000	4.3072	0.0000	6.8246	
16	60	0.0649	2	0	2	0	0	0	0	0	0	N	Y	N	N	N	N	N	N	N	N	N	N	0.0000	0.0000	0.0000	0.0000	0.0000	0.0000	0.0000	0.0000	0.0000	0.0000	0.0000	0.0000	0.0000	0.0000	0.0000	0.0000	0.0000	0.2806	0.0002	0.5009	0.0490	0.0006	1.0573	0.3147	0.0000	0.4961	4105.0000	0.0000	0.0071	1.9870	2.0000	4.1092	4.0000	0.0000	0.0000	0.0000	0.0000	0.0000	0.0000	0.0000	0.0000	0.0000	0.0411	0.0000	0.0411	0.0009	0.0000	0.0009	0.0401	0.0000	0.0401	0.3760	0.2630	0.1130	0.1571	0.1513	0.0058	0.2189	0.1117	0.1072	0.1463	0.0644	0.0820	0.0188	0.0178	0.0010	0.1276	0.0466	0.0809	0.0000	0.0000	0.0000	0.0000	0.0000	0.0000	0.0000	0.0000	0.0000	0.2806	0.0002	0.5009	0.0490	0.0006	0.8784	0.3147	0.0000	0.4961		
16	61	0.0649	2	1	1	1	0	0	0	0	0	N	N	N	N	N	N	N	N	N	N	N	N	1.7050	8109.5511	0.0169	2178.0330	2137.5100	1.3494	inf	0.0179	0.5847	0.7475	0.0104	0.6805	0.7095	0.0000	0.5322	0.7768	0.0111	0.3429	0.0001	0.6157	0.0003	0.0003	0.0000	0.3944	0.0000	0.6243	0.0040	8394.0546	-0.1976	0.0145	1.9870	5.3392	4.1092	6.0004	0.3352	0.3339	0.0013	0.1380	0.1380	0.0000	0.1973	0.1960	0.0013	0.0840	0.0000	0.0839	0.0000	0.0000	0.0000	0.0839	0.0000	0.0839	0.5734	0.4467	0.1267	0.2027	0.1944	0.0083	0.3707	0.2523	0.1184	0.2448	0.1085	0.1363	0.0320	0.0301	0.0019	0.2128	0.0784	0.1345	1.7050	8109.5511	0.0169	2178.0330	2137.5100	0.0000	1.3494	inf	0.0179	0.3429	0.0001	0.6157	0.0003	0.0003	0.0000	0.3944	0.0000	0.6243	
16	62	0.0649	2	0	2	0	0	0	0	0	0	N	Y	N	N	N	N	N	N	N	N	N	N	2.6794	3.3660	0.0255	75.9527	74.1328	1.4224	0.3808	0.0271	0.8871	1.0882	0.0103	1.6203	1.6917	0.0000	0.5391	0.7199	0.0111	0.3311	0.3233	0.4027	0.0213	0.0228	0.0000	0.3790	1.8903	0.4092	0.0022	2.0364	-0.3855	-0.0195	1.9870	8.6608	4.1092	13.0004	0.6519	0.6505	0.0014	0.3833	0.3833	0.0000	0.2686	0.2672	0.0014	0.1252	0.0412	0.0839	0.0011	0.0011	0.0000	0.1241	0.0401	0.0839	0.7348	0.5977	0.1371	0.2366	0.2266	0.0100	0.4982	0.3711	0.1271	0.3780	0.1696	0.2084	0.0506	0.0473	0.0033	0.3274	0.1223	0.2051	2.6794	4.4776	0.0255	75.9527	74.1328	0.0000	1.4224	2.1928	0.0271	0.3311	0.2430	0.4027	0.0213	0.0228	0.0000	0.3790	0.3283	0.4092	
16	63	0.1387	3	0	1	1	0	0	0	0	0	N	N	N	N	N	N	N	N	N	N	N	N	0.0559	1.8093	0.0000	0.7933	1.1199	0.0000	0.0278	inf	0.0000	0.0008	0.0009	0.0000	0.0010	0.0011	0.0000	0.0006	0.0007	0.0000	0.0142	0.0005	0.0306	0.0013	0.0010	0.0023	0.0215	0.0000	0.0371	0.0000	51.4196	-0.0000	0.0000	1.9870	0.9961	4.1092	0.0337	0.0001	0.0001	0.0000	0.0000	0.0000	0.0000	0.0000	0.0000	0.0000	0.0003	0.0000	0.0003	0.0000	0.0000	0.0000	0.0003	0.0000	0.0003	0.0745	0.0658	0.0087	0.0339	0.0319	0.0020	0.0406	0.0339	0.0067	0.0226	0.0123	0.0103	0.0082	0.0063	0.0019	0.0144	0.0060	0.0083	0.0559	1.8093	0.0000	0.7933	1.1199	0.0000	0.0278	inf	0.0000	0.0142	0.0005	0.0306	0.0013	0.0010	0.0023	0.0215	0.0000	0.0371
16	64	0.0649	2	0	1	1	0	0	0	0	0	N	N	N	N	N	N	N	N	N	N	N	N	2.6906	140.7447	0.0000	29.6198	47.5382	0.0000	1.5752	323.8703	0.0000	1.3567	1.8110	0.0000	2.1108	2.1971	0.0000	0.8969	1.4464	0.0000	0.5042	0.0129	0.8955	0.0713	0.0462	0.4714	0.5694	0.0045	0.9015	0.0000	87.3917	-0.3860	0.0204	1.9870	3.6648	4.1092	8.0029	0.6504	0.6504	0.0000	0.3833	0.3833	0.0000	0.2672	0.2672	0.0000	0.1261	0.0014	0.1247	0.0023	0.0014	0.0009	0.1238	0.0000	0.1238	0.4794	0.3592	0.1203	0.1816	0.1744	0.0071	0.2979	0.1847	0.1132	0.2501	0.1109	0.1392	0.0327	0.0308	0.0019	0.2174	0.0801	0.1373	2.6906	140.7447	0.0000	29.6198	47.5382	0.0000	1.5752	36066.8673	0.0000	0.5042	0.0129	0.8955	0.0713	0.0462	0.4714	0.5694	0.0000	0.9015
16	65	0.0649	2	0	2	0	0	0	0	0	0	N	Y	N	N	N	N	N	N	N	N	N	N	0.4121	26.9495	0.0000	11.0522	10.8466	0.0000	0.2236	inf	0.0000	1.0143	1.2751	0.0000	1.7635	1.8401	0.0000	0.6302	0.8852	0.0000	2.4613	0.0473	4.4374	0.1596	0.1696	0.0191	2.8192	0.0000	4.5110	0.0000	114.5696	-0.3860	0.1648	1.9870	6.6608	4.1092	17.9996	0.6505	0.6505	0.0000	0.3833	0.3833	0.0000	0.2672	0.2672	0.0000	1.0008	0.0087	0.9921	0.0087	0.0087	0.0001	0.9920	0.0000	0.9920	0.6413	0.5101	0.1311	0.2173	0.2083	0.0090	0.4239	0.3018	0.1221	0.4066	0.1830	0.2236	0.0547	0.0510	0.0037	0.3519	0.1320	0.2199	0.4121	26.9495	0.0000	11.0522	10.8466	0.0000	0.2236	inf	0.0000	2.4613	0.0473	4.4374	0.1596	0.1696	0.0191	2.8192	0.0000	4.5110
16	66	0.0649	2	0	2	0	1	0	0	0	0	N	Y	N	N	N	N	N	N	N	N	N	N	0.1496	0.0922	0.0190	17.2598	16.9154	0.1185	0.0692	0.0201	0.5847	0.7475	0.0104	0.6805	0.7095	0.0000	0.5322	0.7768	0.0111	3.9074	8.1101	0.5478	0.0394	0.0419	0.0000	4.4929	11.2198	0.5557	0.0040	0.0845	-0.1976	-0.8067	1.9870	5.3392	4.1092	7.9996	0.3352	0.3339	0.0013	0.1380	0.1380	0.0000	0.1973	0.1960	0.0013	1.0774	0.9935	0.0839	0.0014	0.0014	0.0000	1.0760	0.9920	0.0839	0.5734	0.4467	0.1267	0.2027	0.1944	0.0083	0.3707	0.2523	0.1184	0.2757	0.1225	0.1532	0.0363	0.0341	0.0022	0.2395	0.0884	0.1511	0.1496	0.0922	0.0190	17.2598	16.9154	0.0000	0.1185	0.0692	0.0201	3.9074	8.1101	0.5478	0.0394	0.0419	0.0000	4.4929	11.2198	0.5557	
16	67	0.0649	2	0	2	0	0	0	0	0	0	N	Y	N	N	N	N	N	N	N	N	N	N	1.9125	71.9103	0.0204	20.4058	19.9840	1.5072	inf	0.0215	0.5362	0.6744	0.0101	0.6449	0.6728	0.0000	0.4797	0.6756	0.0109	0.2804	0.0094	0.4979	0.0316	0.0337	0.0000	0.3182	0.0000	0.5053	0.0040	66.1229	-0.1976	0.0135	1.9870	6.3392	4.1092	8.9996	0.3352	0.3339	0.0013	0.1380	0.1380	0.0000	0.1973	0.1960	0.0013	0.0852	0.0013	0.0839	0.0013	0.0013	0.0000	0.0839	0.0000	0.0839	0.6252	0.4951	0.1301	0.2139	0.2051	0.0089	0.4113	0.2901	0.1212	0.3039	0.1354	0.1686	0.0402	0.0377	0.0025	0.2638	0.0976	0.1661	1.9125	71.9103	0.0204	20.4058	19.9840	0.0000	1.5072	inf	0.0215	0.2804	0.0094	0.4979	0.0316	0.0337	0.0000	0.3182	0.0000	0.5053	
16	68	0.0649	2	0	2	0	0	0	0	0	0	N	Y	N	N	N	N	N	N	N	N	N	N	3517.9034	2040.5329	0.0000	750.7083	736.6779	291080.0793	inf	0.0000	1.2127	1.5780	0.0000	1.9703	2.0530	0.0000	0.7817	1.1848	0.0000	0.0003	0.0008	0.0000	0.0026	0.0028	0.0000	0.0000	0.0000	0.0000	0.0000	0.0068	-0.3861	-0.0001	1.9870	4.6608	4.1092	6.0004	0.6505	0.6505	0.0000	0.3833	0.3833	0.0000	0.2673	0.2673	0.0000	0.0001	0.0001	0.0000	0.0001	0.0001	0.0000	0.0000	0.0000	0.0000	0.5365	0.4123	0.1242	0.1945	0.1867	0.0078	0.3419	0.2256	0.1163	0.2337	0.1034	0.1302	0.0305	0.0287	0.0018	0.2032	0.0747	0.1284	3517.9034	2040.5329	0.0000	750.7083	736.6779	0.0000	291080.0793	inf	0.0000	0.0003	0.0008	0.0000	0.0026	0.0028	0.0000	0.0000	0.0000	0.0000	
16	69	0.0908	3	0	2	0	0	0	0	0	0	N	Y	N	N	N	N	N	N	N	N	N	N	2.3065	37.3655	0.0227	19.2912	19.6174	0.0271	1.5782	269.8282	0.0237	0.4400	0.5634	0.0083	0.4863	0.5018	0.0001	0.4124	0.6170	0.0088	0.1908	0.0151	0.3655	0.0252	0.0256	0.0030	0.2613	0.0023	0.3690	0.0042	24.3694	-0.1217	0.0070	1.9870	3.0720	4.1092	3.7333	0.2065	0.2056	0.0009	0.0852	0.0852	0.0000	0.1213	0.1205	0.0009	0.0523	0.0021	0.0503	0.0021	0.0021	0.0000	0.0503	0.0000	0.0503	0.4693	0.3650	0.1044	0.1751	0.1697	0.0054	0.2942	0.1952	0.0990	0.2744	0.1368	0.1376	0.0820	0.0807	0.0013	0.1924	0.0562	0.1362	2.3065	37.3655	0.0227	19.2912	19.6174	0.0271	1.5782	177565.3135	0.0237	0.1908	0.0151	0.3655	0.0252	0.0256	0.0030	0.2613	0.0000	0.3690
16	70	0.0649	2	0	2	0	0	0	0	0	0	N	Y	N	N	N	N	N	N	N	N	N	N	4.0544	118.0616	0.0101	39.8674	39.1557	0.0000	3.3282	3.7714	0.0105	1.1480	1.6816	0.0050	1.2572	1.3039	0.0000	1.0652	2.2722	0.0052	0.2832	0.0142	0.4939	0.0315	0.0333	0.0009	0.3201	0.6025	0.5001	0.0014	44.2467	-0.2373	0.0053	1.9870	1.5925	4.1092	3.3727	0.4007	0.4001	0.0006	0.1892	0.1892	0.0000	0.2114	0.2109	0.0006	0.0351	0.0008	0.0344	0.0005	0.0005	0.0000	0.0346	0.0003	0.0344	0.3490	0.2380	0.1111	0.1505	0.1451	0.0054	0.1985	0.0928	0.1057	0.1241	0.0545	0.0696	0.0159	0.0150	0.0009	0.1083	0.0395	0.0687	4.0544	118.0616	0.0101	39.8674	39.1557	0.0000	3.3282	324.3646	0.0105	0.2832	0.0142	0.4939	0.0315	0.0333	0.0009	0.3201	0.0070	0.5001
16	71	0.0649	2	0	2	0	0	0	0	0	0	N	Y	N	N	N	N	N	N	N	N	N	N	0.9386	2413.2062	0.0000	283.8240	365.6797	0.0000	0.9608	inf	0.0000	2.7921	3.5634	0.0000	1.8567	1.9362	0.0000	3.2950	4.7808	0.0000	2.9746	0.0015	5.3739	0.0065	0.0053	0.0252	3.4294	0.0000	5.4557	0.0000	4509.5934	-0.9783	0.1718	1.9870	5.6608	4.1092	12.0004	1.6484	1.6484	0.0000	0.3833	0.3833	0.0000	1.2651	1.2651	0.0000	0.9923	0.0002	0.9921	0.0003	0.0002	0.0001	0.9920	0.0000	0.9920	0.5904	0.4626	0.1278	0.2064	0.1980	0.0085	0.3840	0.2646	0.1193	0.3336	0.1490	0.1846	0.0443	0.0416	0.0028	0.2893	0.1074	0.1818	0.9386	2413.2062	0.0000	283.8240	365.6797	0.0000	0.9608	inf	0.0000	2.9746	0.0015	5.3739	0.0065	0.0053	0.0252	3.4294	0.0000	5.4557
16	73	0.0649	2	1	2	0	1	0	0	0	0	N	Y	N	N	N	N	N	N	N	N	N	N	0.1964	394.8460	0.0017	76.4165	91.0256	0.0000	0.1632	inf	0.0016	0.7287	0.9789	0.0111	0.7791	0.8106	0.0000	0.6972	1.1466	0.0118	3.7095	0.0025	6.6795	0.0102	0.0089	0.0302	4.2712	0.0000	7.3539	0.0040	3362.6580	-0.1976	0.1863	1.9870	3.3392	4.1092	11.0004	0.3352	0.3339	0.0013	0.1380	0.1380	0.0000	0.1973	0.1960	0.0013	1.0764	0.0003	1.0761	0.0004	0.0003	0.0001	1.0760	0.0000	1.0760	0.4600	0.3411	0.1189	0.1771	0.1702	0.0069	0.2830	0.1709	0.1121	0.2902	0.1291	0.1611	0.0383	0.0359	0.0023	0.2519	0.0931	0.1588	0.1964	394.8460	0.0017	76.4165	91.0256	0.0000	0.1632	inf	0.0017	3.7095	0.0025	6.6795	0.0102	0.0089	0.0302	4.2712	0.0000	6.7766
16	74	0.0649	2	0	2	0	1	0	0	0	0	N	Y	N	N	N	N	N	N	N	N	N	N	1.5590	281.4091	0.0165	79.3793	77.9514	1.2161	inf	0.0174	0.5362	0.6744	0.0101	0.6449	0.6728	0.0000	0.4797	0.6756	0.0109	0.3439	0.0024	0.6157	0.0081	0.0086	0.0000	0.3944	0.0000	0.6243	0.0040	322.8483	-0.1976	0.0143	1.9870	6.3392	4.1092	5.0004	0.3352	0.3339	0.0013	0.1380	0.1380	0.0000	0.1973	0.1960	0.0013	0.0842	0.0003	0.0839	0.0003	0.0003	0.0000	0.0839	0.0000	0.0839	0.6252	0.4951	0.1301	0.2139	0.2051	0.0089	0.4113	0.2901	0.1212	0.2448	0.1085	0.1363	0.0320	0.0301	0.0019	0.2128	0.0784	0.1345	1.5590	281.4091	0.0165	79.3793	77.9514	0.0000	1.2161	inf	0.0174	0.3439	0.0024	0.6157	0.0081	0.0086	0.0000	0.3944	0.0000	0.6243	
16	75	0.1352	3	0	2	0	0	0	0	0	0	N	Y	N	N	N	N	N	N	N	N	N	N	0.3388	0.2818	0.0448	0.1677	0.1675	0.6847	4.0476	0.0608	0.0062	0.0064	0.0006	0.0049	0.0049	0.0000	0.0076	0.0080	0.0008	0.0182	0.0226	0.0137	0.0290	0.0295	0.0000	0.0111	0.0020	0.0139	0.0034	0.5815	-0.0000	-0.0007	1.9870	0.0009	4.1092	1.7419	0.0000	0.0000	0.0000	0.0000	0.0000	0.0000	0.0000	0.0000	0.0000	0.0015	0.0010	0.0006	0.0010	0.0010	0.0000	0.0006	0.0000	0.0006	0.0064	0.0062	0.0002	0.0034	0.0033	0.0001	0.0031	0.0029	0.0002	0.0839	0.0427	0.0411	0.0333	0.0327	0.0006	0.0505	0.0100	0.0405	0.3388	0.2818	0.0448	0.1677	0.1675	0.0000	0.6847	3481.2114	0.0608	0.0182	0.0226	0.0137	0.0290	0.0295	0.0000	0.0111	0.0000	0.0139	
16	76	0.0649	2	0	2	0	0	0	0	0	0	N	Y	N	N	N	N	N	N	N	N	N	N	1.5964	111.0777	0.0168	31.0934	30.5292	0.0000	1.2551	262.6090	0.0177	0.5444	0.6866	0.0102	0.6510	0.6791	0.0000	0.4884	0.6920	0.0109	0.3410	0.0062	0.6075	0.0209	0.0222	0.0000	0.3892	0.0026	0.6160	0.0040	123.4778	-0.1976	0.0139	1.9870	6.1537	4.1092	5.2905	0.3353	0.3339	0.0013	0.1380	0.1380	0.0000	0.1973	0.1960	0.0013	0.0841	0.0007	0.0834	0.0007	0.0007	0.0000	0.0834	0.0000	0.0834	0.6158	0.4863	0.1295	0.2119	0.2032	0.0088	0.4039	0.2832	0.1207	0.2465	0.1093	0.1373	0.0322	0.0303	0.0019	0.2143	0.0789	0.1354	1.5964	111.0777	0.0168	31.0934	30.5292	0.0000	1.2551	136038.3814	0.0177	0.3410	0.0062	0.6075	0.0209	0.0222	0.0000	0.3892	0.0000	0.6160
16	77	0.0649	2	0	1	1	1	0	0	0	0	N	N	N	N	N	N	N	N	N	N	N	N	1.8101	345.7893	0.0180	93.0260	91.2322	1.4360	inf	0.0190	0.5847	0.7475	0.0104	0.6805	0.7095	0.0000	0.5322	0.7768	0.0111	0.3230	0.0022	0.5789	0.0073	0.0078	0.0000	0.3706	0.0000	0.5871	0.0040	335.7622	-0.1976	0.0143	1.9870	5.3392	4.1092	7.0004	0.3352	0.3339	0.0013	0.1380	0.1380	0.0000	0.1973	0.1960	0.0013	0.0842	0.0003	0.0839	0.0003	0.0003	0.0000	0.0839	0.0000	0.0839	0.5734	0.4467	0.1267	0.2027	0.1944	0.0083	0.3707	0.2523	0.1184	0.2606	0.1156	0.1450	0.0342	0.0321	0.0020	0.2265	0.0835	0.1430	1.8101	345.7893	0.0180	93.0260	91.2322	0.0000	1.4360	inf	0.0190	0.3230	0.0022	0.5789	0.0073	0.0078	0.0000	0.3706	0.0000	0.5871	
16	78	0.0649	2	0	1	1	1	0	0	0	0	N	N	N	N	N	N	N	N	N	N	N	N	1.8194	55.4607	0.0195	15.7172	15.4028	1.4395	inf	0.0206	0.5362	0.6744	0.0101	0.6449	0.6728	0.0000	0.4797	0.6756	0.0109	0.2947	0.0122	0.5211	0.0410	0.0437	0.0000	0.3332	0.0000	0.5287	0.0040	53.4836	-0.1976	0.0133	1.9870	6.3392	4.1092	7.9996	0.3352	0.3339	0.0013	0.1380	0.1380	0.0000	0.1973	0.1960	0.0013	0.0855	0.0016	0.0839	0.0016	0.0016	0.0000	0.0839	0.0000	0.0839	0.6252	0.4951	0.1301	0.2139	0.2051	0.0089	0.4113	0.2901	0.1212	0.2902	0.1291	0.1611	0.0383	0.0359	0.0023	0.2519	0.0931	0.1588	1.8194	55.4607	0.0195	15.7172	15.4028	0.0000	1.4395	inf	0.0206	0.2947	0.0122	0.5211	0.0410	0.0437	0.0000	0.3332	0.0000	0.5287	
16	79	0.0649	2	0	2	0	0	0	0	0	0	N	Y	N	N	N	N	N	N	N	N	N	N	644.1350	423.0895	1891.4923	77.4800	75.8586	260444.8176	inf	1959.2447	1.0101	1.5038	0.0120	0.9430	0.9774	0.0000	1.0630	2.4224	0.0126	0.0016	0.0036	0.0000	0.0122	0.0129	0.0000	0.0000	0.0000	0.0000	0.0040	0.0023	-0.1976	-0.0002	1.9870	1.3392	4.1092	5.0004	0.3352	0.3339	0.0013	0.1380	0.1380	0.0000	0.1973	0.1960	0.0013	0.0002	0.0002	0.0000	0.0002	0.0002	0.0000	0.0000	0.0000	0.0000	0.3319	0.2221	0.1098	0.1463	0.1412	0.0051	0.1856	0.0809	0.1047	0.1534	0.0675	0.0859	0.0197	0.0186	0.0011	0.1337	0.0489	0.0848	644.1350	423.0895	1891.4923	77.4800	75.8586	0.0000	260444.8176	inf	1959.2447	0.0016	0.0036	0.0000	0.0122	0.0129	0.0000	0.0000	0.0000	0.0000	
16	80	0.0649	2	1	2	0	0	0	0	0	0	N	Y	N	N	N	N	N	N	N	N	N	N	1.8596	55.9708	0.0218	17.2149	16.8378	1.4302	inf	0.0232	0.4653	0.5715	0.0097	0.5904	0.6164	0.0000	0.4053	0.5437	0.0104	0.2502	0.0102	0.4442	0.0343	0.0366	0.0000	0.2834	0.0000	0.4510	0.0040	53.8265	-0.1976	0.0133	1.9870	8.3392	4.1092	9.9996	0.3352	0.3339	0.0013	0.1380	0.1380	0.0000	0.1973	0.1960	0.0013	0.0855	0.0016	0.0839	0.0016	0.0016	0.0000	0.0839	0.0000	0.0839	0.7205	0.5843	0.1362	0.2337	0.2238	0.0099	0.4868	0.3604	0.1263	0.3417	0.1527	0.1890	0.0455	0.0426	0.0029	0.2962	0.1101	0.1861	1.8596	55.9708	0.0218	17.2149	16.8378	0.0000	1.4302	inf	0.0232	0.2502	0.0102	0.4442	0.0343	0.0366	0.0000	0.2834	0.0000	0.4510	
17	18	0.1629	2	1	2	0	1	0	0	0	0	N	Y	N	N	N	N	N	N	N	N	N	N	6.0938	0.0399	34.2875	0.0735	0.0768	inf	8.3743	0.0000	43.5573	4.0623	0.0155	34.4247	0.0369	0.0390	0.0081	6.4940	0.0000	43.7994	0.6666	0.3887	1.0040	0.5020	0.5070	0.0000	0.7755	1.9936	1.0056	295.7611	3.1731	0.4032	-0.0106	8.3392	1.0070	8.9996	4.1063	1.0001	0.0034	0.9967	0.0034	0.0034	0.0000	0.9967	0.0000	0.9967	0.1602	0.0384	0.1218	0.0099	0.0099	0.0000	0.1503	0.0285	0.1218	0.2462	0.2172	0.0290	0.0927	0.0865	0.0062	0.1535	0.1307	0.0228	0.2404	0.1190	0.1214	0.0465	0.0464	0.0002	0.1938	0.0727	0.1212	6.0938	0.0481	34.2875	0.1729	0.1819	inf	8.3743	0.0000	43.5573	0.6666	0.3226	1.0040	0.2133	0.2142	0.0000	0.7755	0.3918	1.0056
17	21	0.1566	2	1	1	1	1	0	0	0	0	N	N	N	N	N	N	N	N	N	N	N	N	24.7665	439.2169	0.0000	0.5651	0.5751	25.4458	inf	0.0000	4.0724	4.7915	0.0000	0.0591	0.0611	0.0000	4.2550	5.0380	0.0000	0.1644	0.0109	0.2786	0.1046	0.1062	0.0000	0.1672	0.0000	0.2789	0.0000	34.3485	-0.5934	0.0059	8.3392	1.0018	8.9996	3.0659	0.9998	0.9998	0.0000	0.0006	0.0006	0.0000	0.9991	0.9991	0.0000	0.0410	0.0012	0.0398	0.0012	0.0012	0.0000	0.0398	0.0000	0.0398	0.2455	0.2087	0.0368	0.0107	0.0103	0.0003	0.2348	0.1983	0.0365	0.2493	0.1063	0.1430	0.0111	0.0109	0.0002	0.2382	0.0954	0.1428	24.7665	439.2169	0.0000	0.5651	0.5751	0.0000	25.4458	inf	0.0000	0.1644	0.0109	0.2786	0.1046	0.1062	0.0000	0.1672	0.0000	0.2789	
17	26	0.1427	2	1	2	0	1	0	0	0	0	N	Y	N	N	N	N	N	N	N	N	N	N	0.0000	0.0000	0.0000	0.0000	0.0000	0.0000	0.0000	0.0000	0.0000	0.0000	0.0000	0.0000	0.0000	0.0000	0.0000	0.0000	0.0000	0.0000	0.0000	0.0000	8.3392	0.0026	8.9996	0.9906	0.0000	0.0000	0.0000	0.0000	0.0000	0.0000	0.0000	0.0000	0.0000	0.0000	0.0000	0.0000	0.0000	0.0000	0.0000	0.0000	0.0000	0.0000	0.5687	0.4547	0.1140	0.2863	0.2860	0.0003	0.2825	0.1688	0.1137	0.3152	0.1647	0.1505	0.1315	0.1314	0.0001	0.1837	0.0333	0.1504	0.0000	0.0000	0.0000	0.0000	0.0000	0.0000	0.0000	0.0000	0.0000	0.0000	0.0000	0.0000	0.0000	0.0000	0.0000	0.0000	0.0000	0.0000											
17	31	0.1871	2	1	2	0	1	0	0	0	0	N	Y	N	N	N	N	N	N	N	N	N	N	0.0044	0.0000	0.3978	0.0000	0.0000	0.0000	0.0790	0.4980	0.0078	0.0000	0.0885	0.0000	0.0000	0.0000	0.0130	0.0000	0.1107	1.7649	3.2170	0.2224	4.7155	4.7960	0.2348	0.1641	0.0000	0.2223	inf	0.0651	0.0002	-0.2410	8.3392	0.1965	8.9996	2.3074	0.0005	0.0000	0.0005	0.0000	0.0000	0.0000	0.0005	0.0000	0.0005	0.3148	0.2956	0.0192	0.2958	0.2956	0.0003	0.0190	0.0000	0.0190	0.0698	0.0636	0.0061	0.0279	0.0266	0.0012	0.0419	0.0370	0.0049	0.1784	0.0919	0.0865	0.0627	0.0616	0.0011	0.1156	0.0302	0.0854	0.0044	0.0000	0.3978	0.0000	0.0000	0.0000	0.0790	0.0000	0.4980	1.7649	3.2170	0.2224	4.7155	4.7960	0.2348	0.1641	0.0000	0.2223	
17	34	0.1980	2	0	1	1	1	0	0	0	0	N	N	N	N	N	N	N	N	N	N	N	N	0.0006	1.7779	0.0000	1.8750	2.4963	0.0000	0.0000	0.0000	0.0014	0.0016	0.0000	0.0040	0.0042	0.0000	0.0000	0.0000	0.0000	2.4322	0.0009	4.8859	0.0021	0.0017	0.0166	3.3997	0.0000	4.9681	0.0000	5248.3980	-0.0008	0.2454	8.3392	3.8106	8.9996	5.1657	0.0014	0.0014	0.0000	0.0014	0.0014	0.0000	0.0000	0.0000	0.0000	1.4173	0.0003	1.4171	0.0003	0.0003	0.0001	1.4170	0.0000	1.4170	0.9745	0.8480	0.1265	0.3517	0.3325	0.0192	0.6229	0.5155	0.1073	0.5827	0.2927	0.2900	0.1659	0.1611	0.0048	0.4168	0.1316	0.2852	0.0006	1.7779	0.0000	1.8750	2.4963	0.0000	0.0000	0.0000	0.0000	2.4322	0.0009	4.8859	0.0021	0.0017	0.0166	3.3997	0.0000	4.9681	
17	37	0.1793	3	1	1	1	1	0	0	0	0	N	N	N	N	N	N	N	N	N	N	N	N	0.0756	0.0561	0.2080	0.0770	0.0739	0.0792	0.2071	0.1450	0.0020	0.7311	0.0085	0.0086	0.0000	0.1768	0.0000	0.7376	1.9184	0.0356	3.5149	0.1104	0.1160	0.0000	2.2327	0.0000	3.5620	89.1307	116.2883	0.0460	0.1458	8.3392	2.3426	8.9996	5.0131	0.1163	0.0013	0.1150	0.0013	0.0013	0.0000	0.1150	0.0000	0.1150	0.8844	0.0075	0.8768	0.0075	0.0075	0.0000	0.8768	0.0000	0.8768	0.8021	0.6448	0.1573	0.1517	0.1503	0.0014	0.6504	0.4945	0.1559	0.4610	0.2115	0.2495	0.0683	0.0650	0.0033	0.3927	0.1466	0.2462	0.0756	0.0561	0.2080	0.0770	0.0739	0.0000	0.0792	0.0000	0.2071	1.9184	0.0356	3.5149	0.1104	0.1160	0.0000	2.2327	0.0000	3.5620		
17	38	0.1515	2	1	1	1	1	0	0	0	0	N	N	N	N	N	N	N	N	N	N	N	N	0.2951	0.1777	0.7854	0.2910	0.2889	0.3158	0.0038	0.7871	0.1859	0.1163	0.4741	0.5013	0.5061	0.0000	0.1149	0.0025	0.4784	0.6301	0.6545	0.6037	1.7228	1.7517	0.0000	0.3638	0.6680	0.6078	0.9841	0.8529	-0.0149	-0.0983	8.3392	2.4564	8.9996	2.5086	0.1533	0.0773	0.0760	0.0760	0.0760	0.0000	0.0773	0.0013	0.0760	0.2684	0.1448	0.1235	0.1438	0.1438	0.0000	0.1246	0.0011	0.1235	0.8247	0.6643	0.1604	0.1516	0.1502	0.0014	0.6731	0.5142	0.1590	0.4259	0.2213	0.2046	0.0834	0.0821	0.0014	0.3425	0.1392	0.2032	0.2951	0.1777	0.7854	0.2910	0.2889	0.0000	0.3158	0.3234	0.7871	0.6301	0.6545	0.6037	1.7228	1.7517	0.0000	0.3638	0.0078	0.6078	
17	41	0.1493	2	1	1	1	1	0	0	0	0	N	N	N	N	N	N	N	N	N	N	N	N	0.7262	0.6236	2.6781	0.6886	0.5773	inf	0.7120	inf	2.7362	1.8375	0.0014	12.7379	0.0055	0.0046	0.0353	2.0723	0.0009	13.0284	2.5302	0.0022	4.7564	0.0080	0.0080	0.0000	2.9106	0.0000	4.7615	1536.1759	2411.3882	0.3931	0.2003	8.3392	1.9694	8.9996	5.1440	0.9684	0.0006	0.9678	0.0003	0.0003	0.0001	0.9681	0.0004	0.9677	1.1579	0.0005	1.1575	0.0005	0.0005	0.0000	1.1575	0.0000	1.1575	0.5270	0.4511	0.0760	0.0599	0.0582	0.0017	0.4672	0.3929	0.0743	0.4576	0.2143	0.2434	0.0600	0.0597	0.0003	0.3977	0.1546	0.2431	0.7262	0.6236	2.6781	0.6886	0.5773	inf	0.7120	inf	2.7362	2.5302	0.0022	4.7564	0.0080	0.0080	0.0000	2.9106	0.0000	4.7615
17	45	0.1515	2	1	2	1	1	0	0	0	0	N	Y	N	N	N	N	N	N	N	N	N	N	0.0559	0.0000	0.1210	0.0000	0.0000	0.0622	0.1182	0.1987	0.0000	0.9057	0.0000	0.0000	0.0000	0.2632	0.0000	0.9114	3.5561	0.0000	7.4863	0.0001	0.0001	0.0000	4.2302	0.0000	7.7087	inf	185020.8907	0.0468	0.3207	8.3392	1.3391	8.9996	5.8433	0.1150	0.0000	0.1150	0.0000	0.0000	0.0000	0.1150	0.0000	0.1150	1.8502	0.0000	1.8502	0.0000	0.0000	0.0000	1.8502	0.0000	1.8502	0.5791	0.4521	0.1270	0.1420	0.1412	0.0008	0.4370	0.3108	0.1262	0.5203	0.2579	0.2624	0.0829	0.0810	0.0019	0.4374	0.1769	0.2605	0.0559	0.0000	0.1285	0.0000	0.0000	0.0000	0.0622	0.0000	0.1283	3.5561	0.0000	7.0500	0.0001	0.0001	0.0000	4.2302	0.0000	7.1022		
17	47	0.1566	2	1	2	1	1	0	0	0	0	N	Y	N	N	N	N	N	N	N	N	N	N	8.8414	0.1719	35.4849	0.3588	0.3658	9.0712	35.7967	1.4561	0.0019	9.9006	0.0375	0.0389	0.0000	1.5193	0.0000	9.9995	0.1647	0.0109	0.2790	0.1046	0.1063	0.0000	0.1675	0.0000	0.2793	907.7826	34.3485	0.4058	0.0059	8.3392	3.0001	8.9996	1.0598	1.0009	0.0011	0.9998	0.0011	0.0011	0.0000	0.9998	0.0000	0.9998	0.0410	0.0012	0.0398	0.0012	0.0012	0.0000	0.0398	0.0000	0.0398	0.6874	0.5864	0.1010	0.0293	0.0283	0.0010	0.6581	0.5581	0.1000	0.2489	0.1061	0.1428	0.0111	0.0109	0.0002	0.2378	0.0952	0.1426	8.8414	0.1719	35.4849	0.3588	0.3658	0.0000	9.0712	0.0000	35.7967	0.1647	0.0109	0.2790	0.1046	0.1063	0.0000	0.1675	0.0000	0.2793		
17	51	0.1473	2	0	2	1	1	0	0	0	0	N	Y	N	N	N	N	N	N	N	N	N	N	0.5579	17.1091	0.0157	14.7654	14.6199	0.0064	0.0168	0.1790	0.2163	0.0091	0.5737	0.6004	0.0000	0.0024	0.0000	0.0098	0.3208	0.0126	0.5770	0.0389	0.0411	0.0000	0.3696	0.0000	0.5855	0.0092	54.8823	-0.0845	0.0133	8.3392	2.4249	8.9996	2.1457	0.1446	0.1433	0.0013	0.1433	0.1433	0.0000	0.0013	0.0000	0.0013	0.0855	0.0015	0.0839	0.0015	0.0015	0.0000	0.0839	0.0000	0.0839	0.8079	0.6622	0.1457	0.2497	0.2386	0.0111	0.5582	0.4236	0.1346	0.2664	0.1210	0.1455	0.0394	0.0372	0.0021	0.2271	0.0837	0.1434	0.5579	17.1091	0.0157	14.7654	14.6199	0.0000	0.0064	0.0000	0.0168	0.3208	0.0126	0.5770	0.0389	0.0411	0.0000	0.3696	0.0000	0.5855		
17	54	0.1629	2	1	2	0	1	0	0	0	0	N	Y	N	N	N	N	N	N	N	N	N	N	0.3944	7.0839	0.0011	0.9036	3.1637	0.0000	0.4924	1.7874	0.0014	2.1291	2.4111	0.0151	0.0240	0.0257	0.0000	3.3619	3.9395	0.0191	5.3990	0.3404	13.7603	0.0266	0.0081	5.1920	6.8275	2.2041	14.0563	0.0008	38.6087	-0.5936	0.1691	8.3392	2.0079	8.9996	2.2027	1.0016	1.0008	0.0008	0.0042	0.0042	0.0000	0.9974	0.9966	0.0008	1.1419	0.0288	1.1131	0.0012	0.0004	0.0008	1.1407	0.0285	1.1123	0.4704	0.4151	0.0554	0.1738	0.1621	0.0117	0.2967	0.2530	0.0437	0.2115	0.1052	0.1064	0.0444	0.0443	0.0002	0.1671	0.0609	0.1062	0.3944	8.7944	0.0014	0.9036	3.1637	0.0000	0.4924	8.4248	0.0018	5.3990	0.2742	10.4661	0.0266	0.0081	5.1920	6.8275	0.4676	10.4739
17	63	0.1906	2	0	1	1	1	0	0	0	0	N	N	N	N	N	N	N	N	N	N	N	N	0.0033	0.0512	0.0090	0.0325	0.1021	0.0000	0.0025	0.0084	0.0006	0.0001	0.0037	0.0004	0.0004	0.0000	0.0007	0.0000	0.0041	0.1956	0.0020	0.4141	0.0118	0.0040	0.0379	0.2924	0.0000	0.4904	6.3872	183.6320	0.0000	0.0019	8.3392	0.9961	8.9996	0.0337	0.0002	0.0000	0.0001	0.0000	0.0000	0.0000	0.0001	0.0000	0.0001	0.0111	0.0001	0.0110	0.0002	0.0001	0.0002	0.0108	0.0000	0.0108	0.2337	0.1990	0.0347	0.0532	0.0501	0.0031	0.1806	0.1489	0.0316	0.0566	0.0300	0.0266	0.0195	0.0151	0.0045	0.0371	0.0150	0.0221	0.0033	0.0512	0.0090	0.0325	0.1021	0.0000	0.0025	0.0000	0.0084	0.1956	0.0020	0.4141	0.0118	0.0040	0.0379	0.2924	0.0000	0.4904	
17	69	0.1427	2	0	2	0	1	0	0	0	0	N	Y	N	N	N	N	N	N	N	N	N	N	0.5039	16.6915	0.8680	1.1733	1.1809	inf	0.5311	inf	0.8909	1.1283	0.6414	3.6885	0.1010	0.1019	0.0468	1.4988	0.8841	3.7898	2.2390	0.0384	4.2495	0.0861	0.0863	0.0000	2.8219	0.0000	4.2537	1.0938	121.0446	-0.0932	0.2026	8.3392	3.0720	8.9996	3.7333	1.3116	0.6264	0.6852	0.0311	0.0309	0.0002	1.2805	0.5955	0.6849	1.2265	0.0101	1.2165	0.0101	0.0101	0.0000	1.2165	0.0000	1.2165	1.1624	0.9767	0.1858	0.3081	0.3031	0.0050	0.8544	0.6736	0.1807	0.5478	0.2615	0.2863	0.1167	0.1164	0.0003	0.4311	0.1451	0.2860	0.5039	16.6915	0.8680	1.1733	1.1809	inf	0.5311	inf	0.8909	2.2390	0.0384	4.2495	0.0861	0.0863	0.0000	2.8219	0.0000	4.2537
17	75	0.1871	2	0	2	0	1	0	0	0	0	N	Y	N	N	N	N	N	N	N	N	N	N	0.0019	0.0156	0.0000	0.0000	0.0025	0.0209	0.0212	0.0000	0.6644	0.0000	0.0000	0.0000	0.0445	0.0000	0.9403	11.0927	0.0000	42.5894	0.0169	0.0000	1.2737	17.8905	0.0000	45.0070	inf	inf	0.0002	0.2989	8.3392	0.0009	8.9996	1.7419	0.0005	0.0000	0.0005	0.0000	0.0000	0.0000	0.0005	0.0000	0.0005	1.7239	0.0000	1.7239	0.0010	0.0000	0.0010	1.7229	0.0000	1.7229	0.0257	0.0249	0.0008	0.0135	0.0132	0.0002	0.0122	0.0116	0.0006	0.1554	0.0815	0.0739	0.0591	0.0583	0.0008	0.0963	0.0231	0.0732	0.0019	0.0000	0.0285	0.0000	0.0000	0.0000	0.0025	0.0000	0.0399	11.0927	0.0000	23.3145	0.0169	0.0000	1.2737	17.8905	0.0000	23.5510			
18	19	0.0801	2	1	2	0	0	0	0	0	0	N	Y	N	N	N	N	N	N	N	N	N	N	1.1918	0.0000	3.5561	0.1726	0.0000	inf	1.5855	4.5114	6.5759	0.0000	55.8019	0.0013	0.0000	0.0208	10.9772	0.0000	71.0984	5.5178	0.0031	15.6917	0.0076	0.0076	0.0000	6.9236	0.0000	15.7597	inf	3568.7165	0.4063	0.1792	1.0070	4.3392	4.1063	7.9996	0.9994	0.0000	0.9994	0.0001	0.0000	0.0001	0.9993	0.0000	0.9993	1.0352	0.0003	1.0349	0.0003	0.0003	0.0000	1.0349	0.0000	1.0349	0.1520	0.1341	0.0179	0.0609	0.0571	0.0039	0.0910	0.0770	0.0141	0.1876	0.0931	0.0946	0.0381	0.0380	0.0001	0.1495	0.0551	0.0944	1.1918	0.0000	5.0986	0.1726	0.0000	inf	1.5855	0.0000	6.4864	5.5178	0.0031	10.9447	0.0076	0.0076	0.0000	6.9236	0.0000	10.9612	
18	20	0.0801	2	1	1	0	1	0	0	0	0	N	N	N	N	N	N	N	N	N	N	N	N	0.0844	1.3514	0.3448	2.2224	1.3089	inf	0.1009	0.4212	0.0184	0.0010	0.1485	0.0041	0.0025	0.0282	0.0273	0.0000	0.1817	0.2177	0.0007	0.4308	0.0019	0.0019	0.0000	0.2706	0.0000	0.4315	19.7818	591.8498	0.0014	0.0084	1.0070	6.6608	4.1063	9.0004	0.0038	0.0002	0.0037	0.0003	0.0002	0.0001	0.0035	0.0000	0.0035	0.0487	0.0001	0.0487	0.0001	0.0001	0.0000	0.0487	0.0000	0.0487	0.2093	0.1847	0.0246	0.0808	0.0754	0.0053	0.1285	0.1092	0.0193	0.2238	0.1109	0.1130	0.0441	0.0439	0.0002	0.1798	0.0670	0.1128	0.0844	1.3514	0.3448	2.2224	1.3089	inf	0.1009	0.0000	0.4212	0.2177	0.0007	0.4308	0.0019	0.0019	0.0000	0.2706	0.0000	0.4315	
18	21	0.1199	3	2	1	1	0	0	0	0	0	Y	N	N	N	N	N	N	N	N	N	N	N	0.0001	0.0001	0.0000	0.0035	0.0037	0.0300	0.0000	0.0000	0.0000	0.0000	0.0000	0.0000	0.0000	0.0000	0.0000	0.0000	0.0000	0.0000	0.0739	0.1857	0.0553	0.0069	0.0071	0.0000	0.0967	1.4626	0.0560	0.0074	0.5557	-0.0000	-0.0025	1.0070	1.0018	4.1063	3.0659	0.0000	0.0000	0.0000	0.0000	0.0000	0.0000	0.0000	0.0000	0.0000	0.0054	0.0035	0.0019	0.0001	0.0001	0.0000	0.0053	0.0034	0.0019	0.0345	0.0305	0.0040	0.0150	0.0140	0.0011	0.0195	0.0166	0.0029	0.0734	0.0383	0.0351	0.0186	0.0182	0.0004	0.0548	0.0202	0.0346	0.0001	0.0001	0.0000	0.0035	0.0037	0.0300	0.0000	0.0000	0.0000	0.0739	0.0910	0.0553	0.0069	0.0071	0.0000	0.0967	0.1667	0.0560
18	22	0.0801	2	1	2	0	0	0	0	0	0	N	Y	N	N	N	N	N	N	N	N	N	N	0.0494	0.1456	0.0497	0.1147	0.1174	inf	0.0137	0.0555	0.0340	0.0302	0.0629	0.0677	0.0698	0.0358	0.0110	0.0000	0.0702	0.6886	0.2071	1.2634	0.5903	0.5946	0.0000	0.7987	0.0000	1.2653	0.2785	12.2954	-0.0017	0.0129	1.0070	3.6608	4.1063	8.9996	0.0045	0.0036	0.0010	0.0037	0.0036	0.0001	0.0009	0.0000	0.0009	0.1318	0.0099	0.1218	0.0099	0.0099	0.0000	0.1218	0.0000	0.1218	0.1336	0.1179	0.0158	0.0543	0.0509	0.0034	0.0794	0.0670	0.0124	0.1913	0.0949	0.0964	0.0388	0.0386	0.0001	0.1526	0.0563	0.0963	0.0494	0.2887	0.0497	0.2648	0.2720	inf	0.0137	0.0000	0.0555	0.6886	0.1044	1.2634	0.2556	0.2566	0.0000	0.7987	0.0000	1.2653	
18	23	0.0801	2	1	2	0	0	0	0	0	0	N	Y	N	N	N	N	N	N	N	N	N	N	0.0418	0.1211	0.0470	0.0970	0.0992	inf	0.0130	0.0532	0.0293	0.0251	0.0606	0.0573	0.0590	0.0311	0.0106	0.0000	0.0687	0.7019	0.2075	1.2886	0.5904	0.5949	0.0000	0.8152	0.0000	1.2905	0.3220	12.3955	-0.0016	0.0130	1.0070	4.3392	4.1063	7.9996	0.0045	0.0034	0.0011	0.0035	0.0034	0.0001	0.0010	0.0000	0.0010	0.1317	0.0098	0.1218	0.0098	0.0098	0.0000	0.1218	0.0000	0.1218	0.1520	0.1341	0.0179	0.0609	0.0571	0.0039	0.0910	0.0770	0.0141	0.1876	0.0931	0.0946	0.0381	0.0380	0.0001	0.1495	0.0551	0.0944	0.0418	0.2380	0.0470	0.2222	0.2282	inf	0.0130	0.0000	0.0532	0.7019	0.1056	1.2886	0.2578	0.2587	0.0000	0.8152	0.0000	1.2905	
18	24	0.0801	2	2	2	0	0	0	0	0	0	Y	Y	N	N	N	N	N	N	N	N	N	N	0.0181	5.6028	0.0353	0.6177	0.6554	0.0226	inf	0.0447	0.0146	0.0090	0.0568	0.0024	0.0025	0.0000	0.0231	0.0140	0.0720	0.8108	0.0016	1.6090	0.0038	0.0038	0.0000	1.0245	0.0000	1.6113	0.8434	1015.3982	-0.0002	0.0210	1.0070	3.3392	4.1063	5.9996	0.0018	0.0010	0.0008	0.0001	0.0001	0.0000	0.0017	0.0009	0.0008	0.1220	0.0001	0.1218	0.0001	0.0001	0.0000	0.1218	0.0000	0.1218	0.1247	0.1100	0.0147	0.0510	0.0479	0.0031	0.0737	0.0621	0.0116	0.1504	0.0747	0.0757	0.0315	0.0314	0.0001	0.1189	0.0433	0.0756	0.0181	5.6028	0.0353	0.6177	0.6554	0.0000	0.0226	inf	0.0447	0.8108	0.0016	1.6090	0.0038	0.0038	0.0000	1.0245	0.0000	1.6113	
18	25	0.0801	2	1	2	0	0	0	0	0	0	N	Y	N	N	N	N	N	N	N	N	N	N	10.5823	0.1355	48.8898	0.1068	0.1105	inf	15.2473	62.2397	6.2371	0.0251	52.7423	0.0583	0.0594	0.0417	10.3336	0.0000	67.2475	0.5894	0.1855	1.0788	0.5454	0.5371	0.0000	0.6777	0.0000	1.0805	280.4121	12.0881	0.4031	0.0128	1.0070	4.6608	4.1063	10.9996	1.0004	0.0036	0.9969	0.0037	0.0036	0.0002	0.9967	0.0000	0.9967	0.1319	0.0101	0.1218	0.0101	0.0101	0.0000	0.1218	0.0000	0.1218	0.1604	0.1415	0.0189	0.0639	0.0599	0.0041	0.0965	0.0816	0.0148	0.2238	0.1109	0.1129	0.0441	0.0439	0.0002	0.1798	0.0670	0.1128	10.5823	0.2764	48.8898	0.2546	0.2585	inf	15.2473	0.0000	62.2397	0.5894	0.0909	1.0788	0.2288	0.2297	0.0000	0.6777	0.0000	1.0805	
18	26	0.1060	3	2	2	0	0	0	0	0	0	Y	Y	N	N	N	N	N	N	N	N	N	N	0.0000	0.0000	0.0000	0.0000	0.0000	0.0000	0.0000	0.0000	0.0000	0.0000	0.0000	0.0000	0.0000	0.0001	0.0002	0.0000	0.0003	0.0003	0.0000	0.0000	0.0000	0.0000	0.0000	0.0000	-0.0000	1.0070	0.0026	4.1063	0.9906	0.0000	0.0000	0.0000	0.0000	0.0000	0.0000	0.0000	0.0000	0.0000	0.0000	0.0000	0.0000	0.0000	0.0000	0.0000	0.0000	0.0000	0.0000	0.0654	0.0572	0.0082	0.0330	0.0330	0.0000	0.0324	0.0243	0.0082	0.1659	0.0857	0.0803	0.0771	0.0771	0.0000	0.0888	0.0086	0.0802	0.0000	0.0000	0.0000	0.0000	0.0000	0.0000	0.0000	0.0000	0.0000	0.0001	0.0002	0.0000	0.0003	0.0003	0.0000	0.0000	0.0000	0.0000						
18	27	0.0801	2	1	2	0	0	0	0	0	0	N	Y	N	N	N	N	N	N	N	N	N	N	0.0825	0.1181	0.0728	0.0939	0.0989	0.0225	0.0927	0.0268	0.0251	0.0392	0.0556	0.0594	0.0000	0.0077	0.0000	0.0499	0.3246	0.2128	0.5377	0.5920	0.6004	0.0000	0.3406	0.0000	0.5385	0.2082	5.0466	-0.0018	0.0005	1.0070	4.6608	4.1063	7.0004	0.0043	0.0036	0.0007	0.0036	0.0036	0.0000	0.0007	0.0000	0.0007	0.0583	0.0096	0.0487	0.0096	0.0096	0.0000	0.0487	0.0000	0.0487	0.1604	0.1415	0.0189	0.0639	0.0599	0.0041	0.0965	0.0816	0.0148	0.1796	0.0891	0.0905	0.0368	0.0366	0.0001	0.1429	0.0525	0.0904	0.0825	0.2322	0.0728	0.2119	0.2255	0.0000	0.0225	0.0000	0.0927	0.3246	0.1082	0.5377	0.2624	0.2633	0.0000	0.3406	0.0000	0.5385		
18	28	0.0801	2	1	2	0	0	0	0	0	0	N	Y	N	N	N	N	N	N	N	N	N	N	0.0328	10.5536	0.0542	2.5917	2.7622	0.0359	inf	0.0690	0.0103	0.0072	0.0339	0.0042	0.0045	0.0000	0.0143	0.0091	0.0432	0.3150	0.0007	0.6249	0.0016	0.0016	0.0000	0.3976	0.0000	0.6259	0.6298	931.8840	-0.0004	0.0084	1.0070	5.6608	4.1063	4.0004	0.0019	0.0012	0.0007	0.0003	0.0003	0.0000	0.0016	0.0009	0.0007	0.0487	0.0001	0.0487	0.0001	0.0001	0.0000	0.0487	0.0000	0.0487	0.1856	0.1637	0.0219	0.0727	0.0680	0.0047	0.1128	0.0957	0.0171	0.1546	0.0768	0.0779	0.0323	0.0322	0.0001	0.1224	0.0446	0.0777	0.0328	10.5536	0.0542	2.5917	2.7622	0.0000	0.0359	inf	0.0690	0.3150	0.0007	0.6249	0.0016	0.0016	0.0000	0.3976	0.0000	0.6259	
18	29	0.0801	2	1	2	1	1	0	0	0	0	N	Y	N	N	N	N	N	N	N	N	N	N	1.8018	1.0141	0.8793	0.9245	0.0025	0.0028	0.0000	0.0058	0.0061	0.0000	0.0000	0.0000	0.0000	0.0014	0.0028	0.0000	0.0066	0.0066	0.0000	0.0000	0.0000	0.0000	0.0000	0.0000	-0.0001	-0.0002	1.0070	1.6608	4.1063	8.0004	0.0002	0.0002	0.0000	0.0002	0.0002	0.0000	0.0000	0.0000	0.0000	0.0002	0.0002	0.0000	0.0002	0.0002	0.0000	0.0000	0.0000	0.0000	0.0748	0.0660	0.0088	0.0320	0.0303	0.0017	0.0428	0.0357	0.0071	0.1546	0.0768	0.0779	0.0323	0.0322	0.0001	0.1224	0.0446	0.0777	1.8018	1.0141	0.0000	0.8793	0.9245	0.0000	0.0000	0.0000	0.0000	0.0014	0.0028	0.0000	0.0066	0.0066	0.0000	0.0000	0.0000	0.0000					
18	30	0.0801	2	1	2	0	0	0	0	0	0	N	Y	N	N	N	N	N	N	N	N	N	N	0.1137	0.0920	0.3221	0.0807	0.0806	inf	0.0947	0.3965	0.0429	0.0217	0.2013	0.0509	0.0523	0.0317	0.0377	0.0000	0.2482	0.3769	0.2362	0.6249	0.6310	0.6488	0.0000	0.3976	0.0000	0.6259	1.2377	5.0570	-0.0003	0.0005	1.0070	5.6608	4.1063	4.0004	0.0080	0.0036	0.0044	0.0037	0.0036	0.0001	0.0043	0.0000	0.0043	0.0583	0.0096	0.0487	0.0096	0.0096	0.0000	0.0487	0.0000	0.0487	0.1856	0.1637	0.0219	0.0727	0.0680	0.0047	0.1128	0.0957	0.0171	0.1546	0.0768	0.0779	0.0323	0.0322	0.0001	0.1224	0.0446	0.0777	0.1137	0.1733	0.3221	0.1708	0.1747	inf	0.0947	0.0000	0.3965	0.3769	0.1253	0.6249	0.2981	0.2992	0.0000	0.3976	0.0000	0.6259	
18	31	0.1504	3	2	2	0	0	0	0	0	0	Y	Y	N	N	N	N	N	N	N	N	N	N	0.0001	0.0000	0.0178	0.0000	0.0000	91.9157	0.0054	0.0208	0.0157	0.0000	0.0000	0.0001	0.0000	0.0000	0.0002	0.0000	0.0000	0.0001	0.1732	0.4118	0.0056	0.6748	0.6964	0.0000	0.0048	0.0007	0.0058	1.0303	0.0164	-0.0000	-0.0163	1.0070	0.1965	4.1063	2.3074	0.0000	0.0000	0.0000	0.0000	0.0000	0.0000	0.0000	0.0000	0.0000	0.0201	0.0198	0.0003	0.0198	0.0198	0.0000	0.0003	0.0000	0.0003	0.0093	0.0083	0.0010	0.0026	0.0025	0.0001	0.0067	0.0058	0.0010	0.1162	0.0580	0.0582	0.0485	0.0465	0.0021	0.0676	0.0115	0.0561	0.0001	0.0000	0.0178	0.0000	0.0000	91.9157	0.0054	62.1000	0.0157	0.1732	0.3414	0.0056	0.4078	0.4262	0.0000	0.0048	0.0000	0.0058
18	32	0.0801	2	1	2	0	1	0	0	0	0	N	Y	N	N	N	N	N	N	N	N	N	N	0.0000	0.0000	0.0000	0.0000	0.0000	0.0000	0.0000	0.0000	0.0000	0.0000	0.0000	0.0000	0.0000	0.0000	0.0000	0.0000	0.0000	0.0000	0.0000	0.0000	1.0070	0.0000	4.1063	1.0000	0.0000	0.0000	0.0000	0.0000	0.0000	0.0000	0.0000	0.0000	0.0000	0.0000	0.0000	0.0000	0.0000	0.0000	0.0000	0.0000	0.0000	0.0000	0.0000	0.0000	0.0000	0.0000	0.0000	0.0000	0.0000	0.0000	0.0000	0.0192	0.0096	0.0096	0.0044	0.0044	0.0000	0.0148	0.0052	0.0096	0.0000	0.0000	0.0000	0.0000	0.0000	0.0000	0.0000	0.0000	0.0000	0.0000	0.0000	0.0000	0.0000	0.0000	0.0000	0.0000	0.0000	0.0000											
18	33	0.0801	2	2	2	0	0	0	0	0	0	Y	Y	N	N	N	N	N	N	N	N	N	N	0.0041	0.0098	0.0000	0.0074	0.0078	0.0000	0.0000	0.0018	0.0020	0.0000	0.0042	0.0045	0.0000	0.0000	0.0000	0.0000	0.4330	0.2039	0.7588	0.5744	0.5733	0.0000	0.4797	0.0000	0.7600	0.0000	7.5685	-0.0001	0.0047	1.0070	2.6608	4.1063	9.9996	0.0002	0.0002	0.0000	0.0002	0.0002	0.0000	0.0000	0.0000	0.0000	0.0829	0.0097	0.0732	0.0097	0.0097	0.0000	0.0732	0.0000	0.0732	0.1052	0.0928	0.0124	0.0437	0.0411	0.0026	0.0615	0.0517	0.0098	0.1913	0.0949	0.0964	0.0388	0.0386	0.0001	0.1526	0.0563	0.0963	0.0041	0.0196	0.0000	0.0170	0.0180	0.0000	0.0000	0.0000	0.0000	0.4330	0.1019	0.7588	0.2494	0.2504	0.0000	0.4797	0.0000	0.7600		
18	34	0.1613	3	1	1	1	0	0	0	0	0	N	N	N	N	N	N	N	N	N	N	N	N	0.0000	0.0001	0.0000	0.0002	0.0002	0.4580	0.0000	0.0000	0.0000	0.0000	0.0000	0.0000	0.0000	0.0000	0.0000	0.0000	0.0000	0.0000	0.1898	0.0361	0.3940	0.0475	0.0488	0.0000	0.2987	0.0007	0.4050	0.0614	8.2078	-0.0000	0.0033	1.0070	3.8106	4.1063	5.1657	0.0000	0.0000	0.0000	0.0000	0.0000	0.0000	0.0000	0.0000	0.0000	0.0504	0.0055	0.0449	0.0055	0.0055	0.0000	0.0449	0.0000	0.0449	0.1386	0.1210	0.0176	0.0622	0.0584	0.0038	0.0764	0.0627	0.0137	0.2654	0.1514	0.1140	0.1151	0.1120	0.0031	0.1503	0.0394	0.1109	0.0000	0.0001	0.0000	0.0002	0.0002	0.4580	0.0000	0.0000	0.0000	0.1898	0.0361	0.3940	0.0475	0.0488	0.0000	0.2987	0.0000	0.4050
18	35	0.0801	2	1	1	0	0	0	0	0	0	N	N	N	N	N	N	N	N	N	N	N	N	0.0135	0.5372	0.0487	0.8238	0.5325	inf	0.0130	inf	0.0546	0.0059	0.0011	0.0422	0.0039	0.0026	0.0236	0.0071	0.0000	0.0473	0.4371	0.0020	0.8652	0.0048	0.0048	0.0000	0.5472	0.0000	0.8665	5.3595	449.8454	0.0003	0.0141	1.0070	6.2373	4.1063	6.2260	0.0012	0.0002	0.0010	0.0003	0.0002	0.0001	0.0009	0.0000	0.0009	0.0826	0.0002	0.0825	0.0002	0.0002	0.0000	0.0825	0.0000	0.0825	0.1994	0.1759	0.0235	0.0775	0.0724	0.0051	0.1220	0.1036	0.0184	0.1891	0.0938	0.0953	0.0384	0.0382	0.0001	0.1507	0.0555	0.0952	0.0135	0.5372	0.0487	0.8238	0.5325	inf	0.0130	inf	0.0546	0.4371	0.0020	0.8652	0.0048	0.0048	0.0000	0.5472	0.0000	0.8665
18	36	0.0801	2	1	2	0	0	0	0	0	0	N	Y	N	N	N	N	N	N	N	N	N	N	0.1648	0.0684	inf	0.1236	0.1247	inf	0.0525	0.0000	inf	0.0367	0.0332	0.0629	0.0743	0.0769	0.0358	0.0110	0.0000	0.0702	0.2227	0.4854	0.0000	0.6013	0.6164	0.0000	0.2090	2.4363	0.0000	0.2529	0.0000	-0.0019	-0.0316	1.0070	3.6608	4.1063	7.3397	0.0049	0.0039	0.0010	0.0040	0.0039	0.0001	0.0009	0.0000	0.0009	0.0382	0.0382	0.0000	0.0097	0.0097	0.0000	0.0285	0.0285	0.0000	0.1336	0.1179	0.0158	0.0543	0.0509	0.0034	0.0794	0.0670	0.0124	0.1716	0.0851	0.0864	0.0353	0.0352	0.0001	0.1362	0.0499	0.0863	0.1648	0.0740	inf	0.2696	0.2778	inf	0.0525	0.0000	inf	0.2227	0.4488	0.0000	0.2757	0.2767	0.0000	0.2090	0.5701	0.0000
18	37	0.1427	4	2	1	1	0	0	0	0	0	Y	N	N	N	N	N	N	N	N	N	N	N	0.0023	0.0000	0.0101	0.0000	0.0000	0.0001	0.0027	0.0000	0.0122	0.0010	0.0000	0.0085	0.0000	0.0000	0.0000	0.0016	0.0000	0.0105	0.4250	0.0501	0.8449	0.0777	0.0792	0.0073	0.6051	0.0002	0.8580	inf	15.0565	0.0000	0.0076	1.0070	2.3426	4.1063	5.0131	0.0001	0.0000	0.0001	0.0000	0.0000	0.0000	0.0001	0.0000	0.0001	0.0685	0.0043	0.0643	0.0043	0.0043	0.0000	0.0643	0.0000	0.0643	0.0994	0.0878	0.0116	0.0391	0.0369	0.0022	0.0604	0.0509	0.0094	0.1613	0.0852	0.0761	0.0551	0.0539	0.0012	0.1062	0.0313	0.0749	0.0023	0.0000	0.0101	0.0000	0.0000	0.0001	0.0027	0.0000	0.0122	0.4250	0.0501	0.8449	0.0777	0.0792	0.0073	0.6051	0.0000	0.8580
18	38	0.1149	3	2	1	1	0	0	0	0	0	Y	N	N	N	N	N	N	N	N	N	N	N	0.0089	0.0037	0.0254	0.0108	0.0114	0.0000	0.0075	0.0000	0.0311	0.0013	0.0007	0.0052	0.0017	0.0018	0.0000	0.0010	0.0000	0.0064	0.1416	0.1974	0.2054	0.1541	0.1557	0.0010	0.1346	0.0125	0.2072	0.9367	1.5858	-0.0000	-0.0045	1.0070	2.4564	4.1063	2.5086	0.0001	0.0001	0.0001	0.0001	0.0001	0.0000	0.0001	0.0000	0.0001	0.0209	0.0081	0.0128	0.0081	0.0081	0.0000	0.0128	0.0000	0.0128	0.1027	0.0907	0.0120	0.0402	0.0379	0.0023	0.0626	0.0528	0.0097	0.1478	0.0854	0.0625	0.0524	0.0519	0.0005	0.0954	0.0335	0.0619	0.0089	0.0078	0.0254	0.0108	0.0114	0.0000	0.0075	0.0000	0.0311	0.1416	0.0948	0.2054	0.1541	0.1557	0.0010	0.1346	0.0003	0.2072
18	39	0.0801	2	1	2	0	0	0	0	0	0	N	Y	N	N	N	N	N	N	N	N	N	N	4.8926	0.4329	inf	0.6501	0.4202	inf	inf	inf	0.0063	0.0011	0.0453	0.0042	0.0027	0.0253	0.0077	0.0000	0.0508	0.0013	0.0026	0.0000	0.0064	0.0065	0.0000	0.0000	0.0000	0.0000	5.3508	0.0000	0.0003	-0.0002	1.0070	5.6608	4.1063	8.0004	0.0012	0.0002	0.0010	0.0003	0.0002	0.0001	0.0009	0.0000	0.0009	0.0003	0.0003	0.0000	0.0003	0.0003	0.0000	0.0000	0.0000	0.0000	0.1856	0.1637	0.0219	0.0727	0.0680	0.0047	0.1128	0.0957	0.0171	0.2026	0.1004	0.1022	0.0407	0.0405	0.0002	0.1620	0.0599	0.1020	4.8926	0.4329	inf	0.6501	0.4202	inf	inf	0.0000	inf	0.0013	0.0026	0.0000	0.0064	0.0065	0.0000	0.0000	0.0000	0.0000	
18	40	0.0801	2	2	1	1	0	0	0	0	0	Y	N	N	N	N	N	N	N	N	N	N	N	0.0477	0.1609	0.0273	0.0743	0.0808	0.0333	inf	0.0347	0.0334	0.0332	0.0351	0.0433	0.0464	0.0000	0.0272	0.0240	0.0448	0.7007	0.2062	1.2886	0.5827	0.5739	0.0000	0.8152	0.0000	1.2905	0.1413	12.6793	-0.0032	0.0132	1.0070	6.3392	4.1063	5.9996	0.0067	0.0059	0.0008	0.0034	0.0034	0.0000	0.0034	0.0025	0.0008	0.1315	0.0096	0.1218	0.0096	0.0096	0.0000	0.1218	0.0000	0.1218	0.2018	0.1781	0.0238	0.0783	0.0731	0.0051	0.1236	0.1049	0.0186	0.1876	0.0931	0.0946	0.0381	0.0380	0.0001	0.1495	0.0551	0.0944	0.0477	0.3214	0.0273	0.1719	0.1833	0.0000	0.0333	inf	0.0347	0.7007	0.1033	1.2886	0.2520	0.2529	0.0000	0.8152	0.0000	1.2905	
18	41	0.1126	3	2	1	1	0	0	0	0	0	Y	N	N	N	N	N	N	N	N	N	N	N	0.1491	0.0000	1.1466	0.0018	0.0000	0.6429	0.3160	1.4824	0.0928	0.0000	0.7916	0.0020	0.0000	0.0299	0.1580	0.0000	1.0243	0.6226	0.5416	0.6904	1.0982	1.1051	0.0465	0.4999	0.0000	0.6910	inf	1.5259	0.0028	-0.0223	1.0070	1.9694	4.1063	5.1440	0.0068	0.0000	0.0068	0.0001	0.0000	0.0001	0.0067	0.0000	0.0067	0.1001	0.0396	0.0604	0.0396	0.0396	0.0000	0.0604	0.0000	0.0604	0.0732	0.0646	0.0086	0.0306	0.0286	0.0020	0.0426	0.0361	0.0066	0.1607	0.0731	0.0876	0.0398	0.0397	0.0001	0.1209	0.0334	0.0875	0.1491	0.0000	1.1466	0.0020	0.0000	0.6429	0.3160	0.0000	1.4824	0.6226	0.5416	0.6904	0.9955	0.9977	0.0465	0.4999	0.0000	0.6910	
18	42	0.0801	2	2	1	0	0	0	0	0	0	Y	N	N	N	N	N	N	N	N	N	N	N	7.3651	0.7353	31.4148	0.8087	0.0025	473.4098	9.7436	0.0712	39.7853	7.8756	0.0005	66.8154	0.0010	0.0000	0.0159	13.3168	0.0010	84.7413	1.0693	0.0007	2.1269	0.0012	0.0012	0.0000	1.3667	0.0134	2.1300	16527.4927	2925.2766	0.4024	0.0175	1.0070	3.3753	4.1063	2.0398	0.9900	0.0001	0.9899	0.0000	0.0000	0.0000	0.9899	0.0001	0.9898	0.1009	0.0000	0.1008	0.0000	0.0000	0.0000	0.1008	0.0000	0.1008	0.1257	0.1109	0.0148	0.0514	0.0482	0.0031	0.0743	0.0627	0.0117	0.0943	0.0469	0.0474	0.0205	0.0205	0.0001	0.0738	0.0264	0.0473	7.3651	0.7353	31.4148	0.8087	0.0025	473.4098	9.7436	2.5676	39.7853	1.0693	0.0007	2.1269	0.0012	0.0012	0.0000	1.3667	0.0004	2.1300
18	43	0.0801	2	1	1	1	0	0	0	0	0	N	N	N	N	N	N	N	N	N	N	N	N	0.0376	0.6893	0.1533	1.1284	0.6631	inf	0.0456	0.1872	0.0240	0.0013	0.1936	0.0052	0.0031	0.0368	0.0364	0.0000	0.2368	0.6378	0.0019	1.2634	0.0046	0.0047	0.0000	0.7987	0.0000	1.2653	19.7818	676.9321	0.0014	0.0210	1.0070	4.6608	4.1063	7.9996	0.0038	0.0002	0.0037	0.0003	0.0002	0.0001	0.0035	0.0000	0.0035	0.1220	0.0002	0.1218	0.0002	0.0002	0.0000	0.1218	0.0000	0.1218	0.1604	0.1415	0.0189	0.0639	0.0599	0.0041	0.0965	0.0816	0.0148	0.1913	0.0949	0.0964	0.0388	0.0386	0.0001	0.1526	0.0563	0.0963	0.0376	0.6893	0.1533	1.1284	0.6631	inf	0.0456	0.0000	0.1872	0.6378	0.0019	1.2634	0.0046	0.0047	0.0000	0.7987	0.0000	1.2653	
18	44	0.0801	2	1	2	0	0	0	0	0	0	N	Y	N	N	N	N	N	N	N	N	N	N	0.0191	3.1018	0.0690	4.6231	2.9841	inf	0.0188	0.0772	0.0073	0.0013	0.0524	0.0048	0.0031	0.0294	0.0090	0.0000	0.0587	0.3827	0.0004	0.7588	0.0010	0.0010	0.0000	0.4797	0.0000	0.7600	5.3508	1829.6946	0.0003	0.0127	1.0070	4.6608	4.1063	7.9996	0.0012	0.0002	0.0010	0.0003	0.0002	0.0001	0.0009	0.0000	0.0009	0.0732	0.0000	0.0732	0.0000	0.0000	0.0000	0.0732	0.0000	0.0732	0.1604	0.1415	0.0189	0.0639	0.0599	0.0041	0.0965	0.0816	0.0148	0.1913	0.0949	0.0964	0.0388	0.0386	0.0001	0.1526	0.0563	0.0963	0.0191	3.1018	0.0690	4.6231	2.9841	inf	0.0188	0.0000	0.0772	0.3827	0.0004	0.7588	0.0010	0.0010	0.0000	0.4797	0.0000	0.7600	
18	45	0.1149	3	2	2	1	0	0	0	0	0	Y	Y	N	N	N	N	N	N	N	N	N	N	0.0022	0.0000	0.0083	0.0000	0.0000	0.0000	0.0025	0.0099	0.0014	0.0000	0.0122	0.0000	0.0000	0.0000	0.0024	0.0000	0.0146	0.6437	0.0004	1.4683	0.0009	0.0008	0.0139	0.9587	0.0000	1.4825	inf	2583.6131	0.0000	0.0197	1.0070	1.3391	4.1063	5.8433	0.0001	0.0000	0.0001	0.0000	0.0000	0.0000	0.0001	0.0000	0.0001	0.1136	0.0000	0.1136	0.0001	0.0000	0.0000	0.1136	0.0000	0.1136	0.0667	0.0589	0.0078	0.0273	0.0260	0.0013	0.0394	0.0329	0.0065	0.1765	0.0992	0.0774	0.0580	0.0573	0.0007	0.1185	0.0419	0.0766	0.0022	0.0000	0.0083	0.0000	0.0000	0.0000	0.0025	0.0000	0.0099	0.6437	0.0004	1.4683	0.0009	0.0008	0.0139	0.9587	0.0000	1.4825	
18	46	0.0801	2	2	1	0	0	0	0	0	0	Y	N	N	N	N	N	N	N	N	N	N	N	0.3262	0.2376	1.3840	0.3241	0.2319	inf	0.4314	1.7165	0.0283	0.0007	0.2344	0.0022	0.0016	0.0126	0.0469	0.0000	0.2912	0.0866	0.0030	0.1694	0.0069	0.0070	0.0000	0.1088	0.0000	0.1696	43.5525	56.5410	0.0011	0.0013	1.0070	2.4483	4.1063	3.1953	0.0028	0.0001	0.0027	0.0001	0.0001	0.0000	0.0027	0.0000	0.0027	0.0085	0.0001	0.0083	0.0001	0.0001	0.0000	0.0083	0.0000	0.0083	0.0989	0.0872	0.0117	0.0413	0.0389	0.0024	0.0576	0.0483	0.0093	0.0979	0.0487	0.0492	0.0213	0.0212	0.0001	0.0766	0.0275	0.0491	0.3262	0.2376	1.3840	0.3241	0.2319	inf	0.4314	0.0000	1.7165	0.0866	0.0030	0.1694	0.0069	0.0070	0.0000	0.1088	0.0000	0.1696	
18	47	0.1199	3	2	2	1	0	0	0	0	0	Y	Y	N	N	N	N	N	N	N	N	N	N	0.1036	0.0000	1.1930	0.0009	0.0009	0.0016	0.1373	0.0000	1.5946	0.0077	0.0000	0.0660	0.0000	0.0000	0.0000	0.0133	0.0000	0.0894	0.0739	0.1854	0.0554	0.0064	0.0065	0.0003	0.0968	1.5499	0.0560	3302.9558	0.5573	0.0003	-0.0025	1.0070	3.0001	4.1063	1.0598	0.0007	0.0000	0.0007	0.0000	0.0000	0.0000	0.0007	0.0000	0.0007	0.0054	0.0035	0.0019	0.0001	0.0001	0.0000	0.0053	0.0034	0.0019	0.0967	0.0855	0.0112	0.0410	0.0381	0.0029	0.0556	0.0474	0.0083	0.0733	0.0383	0.0350	0.0186	0.0181	0.0004	0.0547	0.0201	0.0346	0.1036	0.0000	1.1930	0.0009	0.0009	0.0016	0.1373	0.0000	1.5946	0.0739	0.0909	0.0554	0.0064	0.0065	0.0003	0.0968	0.1670	0.0560
18	48	0.0801	2	2	1	1	0	0	0	0	0	Y	N	N	N	N	N	N	N	N	N	N	N	0.0005	0.0003	0.0001	0.9704	1.0038	0.0000	0.0000	0.0000	0.0001	0.0044	0.0049	0.0000	0.0096	0.0100	0.0000	0.0000	0.0000	0.0001	9.0854	17.4412	0.8248	0.0099	0.0100	0.0000	11.5723	30.6546	0.8260	0.0012	0.0478	-0.0001	-0.8012	1.0070	0.6630	4.1063	5.9830	0.0002	0.0002	0.0000	0.0002	0.0002	0.0000	0.0000	0.0000	0.0000	1.0259	0.9791	0.0468	0.0002	0.0002	0.0000	1.0257	0.9789	0.0468	0.0425	0.0375	0.0050	0.0192	0.0185	0.0007	0.0233	0.0190	0.0043	0.1129	0.0561	0.0568	0.0243	0.0242	0.0001	0.0886	0.0319	0.0567	0.0005	0.0003	0.0001	0.9704	1.0038	0.0000	0.0000	0.0000	0.0001	9.0854	17.4412	0.8248	0.0099	0.0100	0.0000	11.5723	30.6546	0.8260
18	49	0.0801	2	2	2	0	0	0	0	0	0	Y	Y	N	N	N	N	N	N	N	N	N	N	0.0938	3.2565	0.2585	0.2006	0.0252	inf	0.1196	inf	0.3180	0.0313	0.0128	0.1700	0.0020	0.0002	0.0263	0.0495	0.0213	0.2095	0.3338	0.0039	0.6577	0.0099	0.0099	0.0000	0.4135	0.0000	0.6588	1.7697	170.2041	0.0003	0.0123	1.0070	7.3392	4.1063	7.9996	0.0070	0.0025	0.0045	0.0002	0.0000	0.0001	0.0069	0.0025	0.0043	0.0736	0.0004	0.0732	0.0004	0.0004	0.0000	0.0732	0.0000	0.0732	0.2246	0.1982	0.0264	0.0858	0.0801	0.0057	0.1388	0.1181	0.0207	0.2205	0.1093	0.1113	0.0435	0.0434	0.0002	0.1770	0.0659	0.1111	0.0938	3.2565	0.2585	0.2006	0.0252	inf	0.1196	inf	0.3180	0.3338	0.0039	0.6577	0.0099	0.0099	0.0000	0.4135	0.0000	0.6588
18	50	0.0801	2	1	1	0	1	0	0	0	0	N	N	N	N	N	N	N	N	N	N	N	N	0.5713	0.0073	inf	0.0103	0.0061	inf	inf	inf	0.0240	0.0013	0.1936	0.0052	0.0031	0.0368	0.0364	0.0000	0.2368	0.0420	0.1781	0.0000	0.5075	0.5098	0.0000	0.0000	0.0000	0.0000	19.7818	0.0000	0.0014	-0.0081	1.0070	4.6608	4.1063	12.0004	0.0038	0.0002	0.0037	0.0003	0.0002	0.0001	0.0035	0.0000	0.0035	0.0098	0.0098	0.0000	0.0098	0.0098	0.0000	0.0000	0.0000	0.0000	0.1604	0.1415	0.0189	0.0639	0.0599	0.0041	0.0965	0.0816	0.0148	0.2338	0.1158	0.1180	0.0456	0.0454	0.0002	0.1883	0.0704	0.1178	0.5713	0.0154	inf	0.0243	0.0143	inf	inf	0.0000	inf	0.0420	0.0847	0.0000	0.2153	0.2162	0.0000	0.0000	0.0000	0.0000	
18	51	0.1106	3	1	2	1	0	0	0	0	0	N	Y	N	N	N	N	N	N	N	N	N	N	0.0001	0.5538	0.0000	0.4492	0.9376	0.0000	0.0000	0.0000	0.0000	0.0012	0.0014	0.0001	0.0042	0.0044	0.0000	0.0000	0.0000	0.0001	8.7693	0.0026	34.5569	0.0093	0.0047	0.2002	12.1920	0.0001	42.0491	0.0083	6844.2857	-0.0001	0.1676	1.0070	2.4249	4.1063	2.1457	0.0001	0.0001	0.0000	0.0001	0.0001	0.0000	0.0000	0.0000	0.0000	0.9678	0.0001	0.9676	0.0003	0.0001	0.0001	0.9675	0.0000	0.9675	0.0964	0.0830	0.0134	0.0283	0.0270	0.0013	0.0681	0.0560	0.0122	0.1104	0.0549	0.0554	0.0310	0.0303	0.0007	0.0794	0.0247	0.0547	0.0001	0.5538	0.0000	0.4492	0.9376	0.0000	0.0000	0.0000	0.0000	8.7693	0.0026	17.4611	0.0093	0.0047	0.2002	12.1920	0.0000	17.6934
18	52	0.0801	2	1	2	0	0	0	0	0	0	N	Y	N	N	N	N	N	N	N	N	N	N	0.0102	0.3305	0.0383	0.5935	0.6438	0.0000	0.0119	0.0004	0.0485	0.0068	0.0010	0.0506	0.0021	0.0022	0.0000	0.0101	0.0000	0.0643	0.6663	0.0029	1.3228	0.0035	0.0034	0.0220	0.8507	0.0730	1.3247	6.9461	453.5064	0.0002	0.0109	1.0070	3.5386	4.1063	1.9499	0.0009	0.0001	0.0008	0.0001	0.0001	0.0000	0.0008	0.0000	0.0008	0.0636	0.0001	0.0635	0.0001	0.0001	0.0000	0.0635	0.0001	0.0635	0.1303	0.1149	0.0154	0.0530	0.0498	0.0033	0.0772	0.0651	0.0121	0.0955	0.0475	0.0480	0.0208	0.0207	0.0001	0.0747	0.0268	0.0479	0.0102	0.3305	0.0383	0.5935	0.6438	0.0000	0.0119	0.0102	0.0485	0.6663	0.0029	1.3228	0.0035	0.0034	0.0220	0.8507	0.0026	1.3247
18	53	0.0801	2	2	1	1	0	0	0	0	0	Y	N	N	N	N	N	N	N	N	N	N	N	0.0278	0.1170	0.0254	0.0979	0.1029	0.0079	0.0322	0.0337	0.0306	0.0568	0.0661	0.0704	0.0000	0.0113	0.0000	0.0720	1.2127	0.2618	2.2362	0.6749	0.6839	0.0000	1.4337	0.0000	2.2394	0.2478	12.7323	-0.0017	0.0132	1.0070	3.3392	4.1063	2.9996	0.0042	0.0034	0.0008	0.0034	0.0034	0.0000	0.0008	0.0000	0.0008	0.1314	0.0096	0.1218	0.0096	0.0096	0.0000	0.1218	0.0000	0.1218	0.1247	0.1100	0.0147	0.0510	0.0479	0.0031	0.0737	0.0621	0.0116	0.1084	0.0539	0.0545	0.0234	0.0233	0.0001	0.0850	0.0306	0.0544	0.0278	0.1725	0.0254	0.1615	0.1714	0.0000	0.0079	0.0000	0.0322	1.2127	0.1776	2.2362	0.4093	0.4107	0.0000	1.4337	0.0000	2.2394		
18	56	0.0801	2	1	2	0	0	0	0	0	0	N	Y	N	N	N	N	N	N	N	N	N	N	0.0922	0.1394	0.0814	0.1087	0.1132	0.0254	0.1033	0.0321	0.0302	0.0470	0.0655	0.0698	0.0000	0.0093	0.0000	0.0597	0.3486	0.2163	0.5772	0.6025	0.6166	0.0000	0.3664	0.0000	0.5780	0.2082	5.0205	-0.0018	0.0004	1.0070	3.6608	4.1063	7.0004	0.0043	0.0036	0.0007	0.0036	0.0036	0.0000	0.0007	0.0000	0.0007	0.0584	0.0097	0.0487	0.0097	0.0097	0.0000	0.0487	0.0000	0.0487	0.1336	0.1179	0.0158	0.0543	0.0509	0.0034	0.0794	0.0670	0.0124	0.1674	0.0831	0.0843	0.0346	0.0345	0.0001	0.1328	0.0486	0.0842	0.0922	0.2584	0.0814	0.2337	0.2482	0.0000	0.0254	0.0000	0.1033	0.3486	0.1167	0.5772	0.2802	0.2812	0.0000	0.3664	0.0000	0.5780		
18	57	0.0801	2	1	1	1	0	0	0	0	0	N	N	N	N	N	N	N	N	N	N	N	N	2.0719	1.1672	1.0315	1.0846	0.0025	0.0028	0.0000	0.0058	0.0061	0.0000	0.0000	0.0000	0.0000	0.0012	0.0024	0.0000	0.0056	0.0056	0.0000	0.0000	0.0000	0.0000	0.0000	0.0000	-0.0001	-0.0001	1.0070	1.6608	4.1063	6.0004	0.0002	0.0002	0.0000	0.0002	0.0002	0.0000	0.0000	0.0000	0.0000	0.0002	0.0002	0.0000	0.0002	0.0002	0.0000	0.0000	0.0000	0.0000	0.0748	0.0660	0.0088	0.0320	0.0303	0.0017	0.0428	0.0357	0.0071	0.1276	0.0634	0.0642	0.0272	0.0271	0.0001	0.1004	0.0363	0.0641	2.0719	1.1672	0.0000	1.0315	1.0846	0.0000	0.0000	0.0000	0.0000	0.0012	0.0024	0.0000	0.0056	0.0056	0.0000	0.0000	0.0000	0.0000					
18	58	0.0801	2	2	2	0	0	0	0	0	0	Y	Y	N	N	N	N	N	N	N	N	N	N	0.0413	0.0000	0.1780	0.0228	0.0000	inf	0.0548	0.2247	0.0173	0.0000	0.1471	0.0003	0.0000	0.0052	0.0287	0.0000	0.1861	0.4195	0.0060	0.8267	0.0144	0.0145	0.0000	0.5241	0.0000	0.8279	inf	140.7457	0.0011	0.0123	1.0070	4.3392	4.1063	6.9996	0.0026	0.0000	0.0026	0.0000	0.0000	0.0000	0.0026	0.0000	0.0026	0.0737	0.0005	0.0732	0.0005	0.0005	0.0000	0.0732	0.0000	0.0732	0.1520	0.1341	0.0179	0.0609	0.0571	0.0039	0.0910	0.0770	0.0141	0.1757	0.0872	0.0885	0.0361	0.0359	0.0001	0.1396	0.0512	0.0884	0.0413	0.0000	0.1780	0.0228	0.0000	inf	0.0548	0.0000	0.2247	0.4195	0.0060	0.8267	0.0144	0.0145	0.0000	0.5241	0.0000	0.8279	
18	59	0.0801	2	2	2	1	0	0	0	0	0	Y	Y	N	N	N	N	N	N	N	N	N	N	0.6451	0.1065	inf	0.0851	0.0912	inf	inf	inf	0.0328	0.0217	0.1162	0.0491	0.0523	0.0042	0.0223	0.0000	0.1472	0.0509	0.2039	0.0000	0.5777	0.5733	0.0000	0.0000	0.0000	0.0000	0.7145	0.0000	-0.0011	-0.0081	1.0070	5.6608	4.1063	7.0004	0.0061	0.0036	0.0025	0.0036	0.0036	0.0000	0.0025	0.0000	0.0025	0.0097	0.0097	0.0000	0.0097	0.0097	0.0000	0.0000	0.0000	0.0000	0.1856	0.1637	0.0219	0.0727	0.0680	0.0047	0.1128	0.0957	0.0171	0.1913	0.0949	0.0965	0.0388	0.0386	0.0001	0.1526	0.0563	0.0963	0.6451	0.2115	inf	0.1956	0.2073	inf	inf	0.0000	inf	0.0509	0.1027	0.0000	0.2513	0.2522	0.0000	0.0000	0.0000	0.0000	
18	60	0.0801	2	1	2	0	0	0	0	0	0	N	Y	N	N	N	N	N	N	N	N	N	N	0.0000	0.0000	0.0000	0.0000	0.0000	0.0000	0.0000	0.0000	0.0000	0.0000	0.0000	0.0000	0.0000	0.0000	0.0000	9.5523	19.2092	0.0000	0.0022	0.0022	0.0000	12.1912	33.9309	0.0000	0.0000	0.0000	-0.8156	1.0070	2.0000	4.1063	4.0000	0.0000	0.0000	0.0000	0.0000	0.0000	0.0000	0.0000	0.0000	0.0000	0.9866	0.9866	0.0000	0.0000	0.0000	0.0000	0.9866	0.9866	0.0000	0.0853	0.0753	0.0101	0.0361	0.0341	0.0020	0.0493	0.0412	0.0081	0.1033	0.0514	0.0519	0.0224	0.0223	0.0001	0.0809	0.0291	0.0518	0.0000	0.0000	0.0000	0.0000	0.0000	0.0000	0.0000	0.0000	0.0000	9.5523	19.2092	0.0000	0.0022	0.0022	0.0000	12.1912	33.9309	0.0000				
18	61	0.0801	2	2	1	1	0	0	0	0	0	Y	N	N	N	N	N	N	N	N	N	N	N	0.1145	0.1010	0.2934	0.0808	0.0845	inf	0.0895	0.3717	0.0380	0.0215	0.1613	0.0484	0.0515	0.0044	0.0312	0.0000	0.2046	0.3316	0.2129	0.5496	0.5994	0.6095	0.0000	0.3484	0.0000	0.5504	1.0015	5.0623	-0.0006	0.0005	1.0070	5.3392	4.1063	6.0004	0.0067	0.0034	0.0034	0.0034	0.0034	0.0000	0.0034	0.0000	0.0034	0.0583	0.0096	0.0487	0.0096	0.0096	0.0000	0.0487	0.0000	0.0487	0.1776	0.1567	0.0209	0.0700	0.0655	0.0045	0.1076	0.0912	0.0164	0.1757	0.0872	0.0885	0.0361	0.0359	0.0001	0.1397	0.0513	0.0884	0.1145	0.1951	0.2934	0.1817	0.1925	inf	0.0895	0.0000	0.3717	0.3316	0.1102	0.5496	0.2665	0.2675	0.0000	0.3484	0.0000	0.5504	
18	62	0.0801	2	1	2	0	0	0	0	0	0	N	Y	N	N	N	N	N	N	N	N	N	N	18.8325	0.1016	96.9921	0.2064	0.2102	inf	29.3815	123.1100	3.9592	0.0159	33.5541	0.0393	0.0402	0.0268	6.3105	0.0000	42.6574	0.2102	0.1569	0.3459	0.1903	0.1912	0.0000	0.2148	0.0000	0.3465	280.6202	4.9440	0.4034	0.0003	1.0070	8.6608	4.1063	13.0004	1.0012	0.0036	0.9976	0.0037	0.0036	0.0002	0.9974	0.0000	0.9974	0.0585	0.0098	0.0487	0.0098	0.0098	0.0000	0.0487	0.0000	0.0487	0.2529	0.2231	0.0297	0.0948	0.0885	0.0063	0.1581	0.1347	0.0234	0.2783	0.1376	0.1407	0.0517	0.0515	0.0002	0.2266	0.0861	0.1404	18.8325	0.2228	96.9921	0.2064	0.2102	inf	29.3815	0.0000	123.1100	0.2102	0.0715	0.3459	0.1903	0.1912	0.0000	0.2148	0.0000	0.3465	
18	63	0.1540	3	1	1	1	0	0	0	0	0	N	N	N	N	N	N	N	N	N	N	N	N	0.0007	0.0064	0.0003	0.0126	0.0104	6.0837	0.0001	0.0000	0.0002	0.0000	0.0000	0.0000	0.0000	0.0000	0.0000	0.0000	0.0000	0.0000	0.0225	0.0026	0.0437	0.0036	0.0045	0.0000	0.0336	0.0040	0.0521	0.1326	15.9872	-0.0000	0.0001	1.0070	0.9961	4.1063	0.0337	0.0000	0.0000	0.0000	0.0000	0.0000	0.0000	0.0000	0.0000	0.0000	0.0005	0.0000	0.0005	0.0000	0.0000	0.0000	0.0005	0.0000	0.0005	0.0327	0.0279	0.0048	0.0104	0.0097	0.0007	0.0223	0.0182	0.0041	0.0234	0.0121	0.0113	0.0087	0.0068	0.0018	0.0147	0.0053	0.0095	0.0007	0.0064	0.0003	0.0126	0.0104	6.0837	0.0001	0.0000	0.0002	0.0225	0.0026	0.0437	0.0036	0.0045	0.0000	0.0336	0.0000	0.0521
18	64	0.0801	2	1	1	1	0	0	0	0	0	N	N	N	N	N	N	N	N	N	N	N	N	0.0465	0.1414	0.0468	0.1126	0.1143	19.0906	0.0129	0.0001	0.0522	0.0340	0.0301	0.0628	0.0676	0.0697	0.0357	0.0110	0.0000	0.0701	0.7303	0.2130	1.3406	0.6004	0.6099	0.0019	0.8493	0.0013	1.3426	0.2785	12.3382	-0.0017	0.0129	1.0070	3.6648	4.1063	8.0029	0.0045	0.0036	0.0010	0.0037	0.0036	0.0001	0.0009	0.0000	0.0009	0.1312	0.0098	0.1214	0.0098	0.0098	0.0000	0.1214	0.0000	0.1214	0.1338	0.1180	0.0158	0.0543	0.0510	0.0034	0.0794	0.0670	0.0124	0.1797	0.0891	0.0905	0.0368	0.0366	0.0001	0.1429	0.0525	0.0904	0.0465	0.2730	0.0468	0.2527	0.2596	19.0906	0.0129	0.1735	0.0522	0.7303	0.1104	1.3406	0.2676	0.2686	0.0019	0.8493	0.0000	1.3426
18	65	0.0801	2	1	2	0	0	0	0	0	0	N	Y	N	N	N	N	N	N	N	N	N	N	0.0667	0.0068	0.3090	0.0232	0.0137	inf	0.0920	0.3775	0.0184	0.0010	0.1485	0.0041	0.0025	0.0282	0.0273	0.0000	0.1817	0.2754	0.1468	0.4806	0.1785	0.1793	0.0000	0.2967	0.0000	0.4814	19.7818	7.5374	0.0014	0.0047	1.0070	6.6608	4.1063	17.9996	0.0038	0.0002	0.0037	0.0003	0.0002	0.0001	0.0035	0.0000	0.0035	0.0829	0.0097	0.0732	0.0097	0.0097	0.0000	0.0732	0.0000	0.0732	0.2093	0.1847	0.0246	0.0808	0.0754	0.0053	0.1285	0.1092	0.0193	0.3010	0.1488	0.1523	0.0544	0.0541	0.0002	0.2466	0.0946	0.1520	0.0667	0.0154	0.3090	0.0232	0.0137	inf	0.0920	0.0000	0.3775	0.2754	0.0653	0.4806	0.1785	0.1793	0.0000	0.2967	0.0000	0.4814	
18	66	0.0801	2	1	2	0	1	0	0	0	0	N	Y	N	N	N	N	N	N	N	N	N	N	0.0168	0.0000	0.0718	0.4905	0.0000	inf	0.0207	0.0855	0.0103	0.0000	0.0872	0.0017	0.0000	0.0265	0.0158	0.0000	0.1040	0.6129	0.0014	1.2142	0.0035	0.0035	0.0000	0.7665	0.0000	1.2160	inf	870.3413	0.0007	0.0210	1.0070	5.3392	4.1063	7.9996	0.0018	0.0000	0.0018	0.0001	0.0000	0.0001	0.0017	0.0000	0.0017	0.1220	0.0001	0.1218	0.0001	0.0001	0.0000	0.1218	0.0000	0.1218	0.1776	0.1567	0.0209	0.0700	0.0655	0.0045	0.1076	0.0912	0.0164	0.1990	0.0987	0.1004	0.0401	0.0399	0.0002	0.1590	0.0588	0.1002	0.0168	0.0000	0.0718	0.4905	0.0000	inf	0.0207	0.0000	0.0855	0.6129	0.0014	1.2142	0.0035	0.0035	0.0000	0.7665	0.0000	1.2160	
18	67	0.0801	2	1	2	0	0	0	0	0	0	N	Y	N	N	N	N	N	N	N	N	N	N	8.3359	0.1021	38.3999	0.0827	0.0859	inf	11.7487	48.9273	4.9684	0.0189	42.0499	0.0441	0.0461	0.0156	8.0878	0.0000	53.6604	0.5960	0.1853	1.0951	0.5330	0.5364	0.0000	0.6884	0.0000	1.0967	296.5534	12.6925	0.4043	0.0132	1.0070	6.3392	4.1063	8.9996	1.0028	0.0034	0.9994	0.0034	0.0034	0.0001	0.9993	0.0000	0.9993	0.1314	0.0096	0.1218	0.0096	0.0096	0.0000	0.1218	0.0000	0.1218	0.2018	0.1781	0.0238	0.0783	0.0731	0.0051	0.1236	0.1049	0.0186	0.2205	0.1093	0.1113	0.0435	0.0434	0.0002	0.1770	0.0659	0.1111	8.3359	0.2154	38.3999	0.1999	0.2082	inf	11.7487	0.0000	48.9273	0.5960	0.0879	1.0951	0.2205	0.2214	0.0000	0.6884	0.0000	1.0967	
18	68	0.0801	2	1	2	0	0	0	0	0	0	N	Y	N	N	N	N	N	N	N	N	N	N	30.3470	0.8215	inf	1.3706	0.8055	inf	inf	inf	0.0240	0.0013	0.1936	0.0052	0.0031	0.0368	0.0364	0.0000	0.2368	0.0008	0.0016	0.0000	0.0038	0.0038	0.0000	0.0000	0.0000	0.0000	19.7818	0.0000	0.0014	-0.0001	1.0070	4.6608	4.1063	6.0004	0.0038	0.0002	0.0037	0.0003	0.0002	0.0001	0.0035	0.0000	0.0035	0.0001	0.0001	0.0000	0.0001	0.0001	0.0000	0.0000	0.0000	0.0000	0.1604	0.1415	0.0189	0.0639	0.0599	0.0041	0.0965	0.0816	0.0148	0.1674	0.0831	0.0843	0.0346	0.0345	0.0001	0.1328	0.0486	0.0842	30.3470	0.8215	inf	1.3706	0.8055	inf	inf	0.0000	inf	0.0008	0.0016	0.0000	0.0038	0.0038	0.0000	0.0000	0.0000	0.0000	
18	69	0.1060	3	1	2	0	0	0	0	0	0	N	Y	N	N	N	N	N	N	N	N	N	N	0.0142	0.0971	0.0428	0.1486	0.1549	0.0146	0.0114	0.0000	0.0497	0.0048	0.0015	0.0278	0.0034	0.0036	0.0002	0.0056	0.0000	0.0323	0.3346	0.0156	0.6500	0.0229	0.0229	0.0134	0.4945	0.0011	0.6511	2.5784	42.0973	0.0001	0.0114	1.0070	3.0720	4.1063	3.7333	0.0007	0.0002	0.0005	0.0002	0.0002	0.0000	0.0005	0.0000	0.0005	0.0762	0.0018	0.0744	0.0018	0.0018	0.0000	0.0744	0.0000	0.0744	0.1499	0.1314	0.0184	0.0586	0.0560	0.0026	0.0913	0.0754	0.0159	0.2276	0.1132	0.1144	0.0772	0.0770	0.0002	0.1504	0.0362	0.1143	0.0142	0.0971	0.0428	0.1486	0.1549	0.0146	0.0114	0.0914	0.0497	0.3346	0.0156	0.6500	0.0229	0.0229	0.0134	0.4945	0.0000	0.6511
18	70	0.0801	2	1	2	0	0	0	0	0	0	N	Y	N	N	N	N	N	N	N	N	N	N	0.0147	0.4289	0.0463	0.4566	0.4804	0.0029	0.0188	0.0051	0.0569	0.0082	0.0025	0.0514	0.0013	0.0013	0.0000	0.0135	0.0035	0.0633	0.5602	0.0058	1.1092	0.0028	0.0028	0.0009	0.7163	0.6756	1.1108	2.7721	194.0034	0.0001	0.0082	1.0070	1.5925	4.1063	3.3727	0.0006	0.0002	0.0004	0.0000	0.0000	0.0000	0.0006	0.0001	0.0004	0.0489	0.0003	0.0487	0.0001	0.0001	0.0000	0.0489	0.0002	0.0487	0.0727	0.0641	0.0086	0.0312	0.0296	0.0016	0.0415	0.0346	0.0070	0.0873	0.0434	0.0439	0.0191	0.0190	0.0001	0.0682	0.0244	0.0438	0.0147	0.4289	0.0463	0.4566	0.4804	0.0029	0.0188	0.4259	0.0569	0.5602	0.0058	1.1092	0.0028	0.0028	0.0009	0.7163	0.0081	1.1108
18	71	0.0801	2	1	2	0	0	0	0	0	0	N	Y	N	N	N	N	N	N	N	N	N	N	0.0402	0.0029	inf	0.0084	0.0056	inf	0.0532	0.0000	inf	0.0063	0.0011	0.0453	0.0042	0.0027	0.0253	0.0077	0.0000	0.0508	0.1575	0.3882	0.0000	0.5014	0.4868	0.0000	0.1449	1.9257	0.0000	5.3508	0.0000	0.0003	-0.0317	1.0070	5.6608	4.1063	12.0004	0.0012	0.0002	0.0010	0.0003	0.0002	0.0001	0.0009	0.0000	0.0009	0.0383	0.0383	0.0000	0.0099	0.0099	0.0000	0.0285	0.0285	0.0000	0.1856	0.1637	0.0219	0.0727	0.0680	0.0047	0.1128	0.0957	0.0171	0.2434	0.1205	0.1229	0.0470	0.0468	0.0002	0.1964	0.0737	0.1227	0.0402	0.0036	inf	0.0200	0.0129	inf	0.0532	0.0000	inf	0.1575	0.3180	0.0000	0.2099	0.2107	0.0000	0.1449	0.3862	0.0000
18	73	0.0801	2	2	2	0	1	0	0	0	0	Y	Y	N	N	N	N	N	N	N	N	N	N	0.1207	0.1551	0.1237	0.1160	0.1271	0.0392	0.1566	0.0337	0.0306	0.0568	0.0661	0.0704	0.0000	0.0113	0.0000	0.0720	0.2793	0.1975	0.4594	0.5699	0.5539	0.0000	0.2894	0.0000	0.4601	0.2478	4.8649	-0.0017	0.0002	1.0070	3.3392	4.1063	11.0004	0.0042	0.0034	0.0008	0.0034	0.0034	0.0000	0.0008	0.0000	0.0008	0.0587	0.0100	0.0487	0.0100	0.0100	0.0000	0.0487	0.0000	0.0487	0.1247	0.1100	0.0147	0.0510	0.0479	0.0031	0.0737	0.0621	0.0116	0.2100	0.1041	0.1059	0.0419	0.0417	0.0002	0.1681	0.0624	0.1058	0.1207	0.3188	0.1237	0.2766	0.2934	0.0000	0.0392	0.0000	0.1566	0.2793	0.0961	0.4594	0.2389	0.2399	0.0000	0.2894	0.0000	0.4601		
18	74	0.0801	2	1	2	0	1	0	0	0	0	N	Y	N	N	N	N	N	N	N	N	N	N	0.0625	0.0888	0.0639	0.0717	0.0750	0.0194	0.0815	0.0208	0.0189	0.0351	0.0431	0.0461	0.0000	0.0068	0.0000	0.0448	0.3334	0.2132	0.5496	0.6008	0.6146	0.0000	0.3484	0.0000	0.5504	0.2478	4.9041	-0.0017	0.0002	1.0070	6.3392	4.1063	5.0004	0.0042	0.0034	0.0008	0.0034	0.0034	0.0000	0.0008	0.0000	0.0008	0.0586	0.0099	0.0487	0.0099	0.0099	0.0000	0.0487	0.0000	0.0487	0.2018	0.1781	0.0238	0.0783	0.0731	0.0051	0.1236	0.1049	0.0186	0.1757	0.0872	0.0885	0.0361	0.0359	0.0001	0.1397	0.0513	0.0884	0.0625	0.1663	0.0639	0.1565	0.1669	0.0000	0.0194	0.0000	0.0815	0.3334	0.1138	0.5496	0.2751	0.2761	0.0000	0.3484	0.0000	0.5504		
18	75	0.1504	3	1	2	0	0	0	0	0	0	N	Y	N	N	N	N	N	N	N	N	N	N	0.0001	0.0001	0.0008	0.0050	0.0045	inf	0.0001	0.0000	0.0011	0.0001	0.0000	0.0009	0.0000	0.0000	0.0000	0.0001	0.0001	0.0012	0.7862	0.5193	1.0562	0.0015	0.0016	0.0000	1.4042	3.1996	1.0983	0.8848	2.0097	-0.0000	-0.0131	1.0070	0.0009	4.1063	1.7419	0.0000	0.0000	0.0000	0.0000	0.0000	0.0000	0.0000	0.0000	0.0000	0.0823	0.0273	0.0550	0.0001	0.0001	0.0000	0.0822	0.0273	0.0550	0.0032	0.0031	0.0001	0.0017	0.0017	0.0000	0.0015	0.0015	0.0001	0.1047	0.0527	0.0520	0.0461	0.0441	0.0020	0.0586	0.0085	0.0500	0.0001	0.0001	0.0008	0.0050	0.0045	inf	0.0001	0.0000	0.0011	0.7862	0.5193	1.0562	0.0015	0.0016	0.0000	1.4042	3.1996	1.0983
18	76	0.0801	2	1	2	0	0	0	0	0	0	N	Y	N	N	N	N	N	N	N	N	N	N	0.0239	0.3048	0.0478	0.1222	0.1303	0.0000	0.0292	0.0077	0.0610	0.0092	0.0057	0.0359	0.0016	0.0017	0.0000	0.0141	0.0085	0.0458	0.3875	0.0186	0.7507	0.0128	0.0128	0.0002	0.4841	1.1079	0.7518	0.8434	40.8849	-0.0002	0.0103	1.0070	6.1537	4.1063	5.2905	0.0018	0.0010	0.0008	0.0001	0.0001	0.0000	0.0017	0.0009	0.0008	0.0686	0.0016	0.0669	0.0005	0.0005	0.0000	0.0681	0.0012	0.0669	0.1974	0.1742	0.0233	0.0768	0.0718	0.0050	0.1207	0.1024	0.0182	0.1770	0.0878	0.0892	0.0363	0.0362	0.0001	0.1407	0.0517	0.0890	0.0239	0.3048	0.0478	0.1222	0.1303	0.0000	0.0292	0.3739	0.0610	0.3875	0.0186	0.7507	0.0128	0.0128	0.0002	0.4841	0.0227	0.7518
18	77	0.0801	2	1	1	1	1	0	0	0	0	N	N	N	N	N	N	N	N	N	N	N	N	0.1418	0.1016	0.4174	0.0850	0.0863	inf	0.1240	0.5142	0.0443	0.0215	0.2148	0.0503	0.0515	0.0331	0.0404	0.0000	0.2650	0.3122	0.2116	0.5146	0.5917	0.5961	0.0000	0.3255	0.0000	0.5153	1.3338	4.9091	-0.0002	0.0002	1.0070	5.3392	4.1063	7.0004	0.0079	0.0034	0.0045	0.0035	0.0034	0.0001	0.0043	0.0000	0.0043	0.0586	0.0099	0.0487	0.0099	0.0099	0.0000	0.0487	0.0000	0.0487	0.1776	0.1567	0.0209	0.0700	0.0655	0.0045	0.1076	0.0912	0.0164	0.1876	0.0931	0.0946	0.0381	0.0380	0.0001	0.1495	0.0551	0.0944	0.1418	0.2019	0.4174	0.1935	0.1973	inf	0.1240	0.0000	0.5142	0.3122	0.1065	0.5146	0.2599	0.2609	0.0000	0.3255	0.0000	0.5153	
18	78	0.0801	2	1	1	1	1	0	0	0	0	N	N	N	N	N	N	N	N	N	N	N	N	0.0042	0.0000	0.0140	0.2360	0.0000	inf	0.0053	0.0000	0.0169	0.0223	0.0000	0.1891	0.0019	0.0000	0.0292	0.0352	0.0000	0.2333	5.2971	0.3500	13.4695	0.0081	0.0082	0.0000	6.6138	2.2019	13.7796	inf	37.6115	0.0018	0.1640	1.0070	6.3392	4.1063	7.9996	0.0045	0.0000	0.0045	0.0001	0.0000	0.0001	0.0043	0.0000	0.0043	1.1124	0.0288	1.0836	0.0003	0.0003	0.0000	1.1121	0.0285	1.0836	0.2018	0.1781	0.0238	0.0783	0.0731	0.0051	0.1236	0.1049	0.0186	0.2100	0.1041	0.1059	0.0419	0.0417	0.0002	0.1681	0.0624	0.1058	0.0042	0.0000	0.0185	0.2360	0.0000	inf	0.0053	0.0000	0.0228	5.2971	0.2768	10.2303	0.0081	0.0082	0.0000	6.6138	0.4564	10.2459
18	79	0.0801	2	1	2	0	0	0	0	0	0	N	Y	N	N	N	N	N	N	N	N	N	N	4.0908	0.0000	inf	0.0000	0.0000	inf	inf	0.0129	0.0000	0.1096	0.0000	0.0000	0.0000	0.0228	0.0000	0.1336	0.0032	0.0064	0.0000	0.0146	0.0147	0.0000	0.0000	0.0000	0.0000	inf	0.0000	0.0003	-0.0003	1.0070	1.3392	4.1063	5.0004	0.0008	0.0000	0.0008	0.0000	0.0000	0.0000	0.0008	0.0000	0.0008	0.0003	0.0003	0.0000	0.0003	0.0003	0.0000	0.0000	0.0000	0.0000	0.0646	0.0570	0.0076	0.0280	0.0266	0.0014	0.0366	0.0304	0.0063	0.1084	0.0539	0.0545	0.0234	0.0233	0.0001	0.0850	0.0306	0.0544	4.0908	0.0000	inf	0.0000	0.0000	0.0000	inf	0.0000	inf	0.0032	0.0064	0.0000	0.0146	0.0147	0.0000	0.0000	0.0000	0.0000		
18	80	0.0801	2	2	2	0	0	0	0	0	0	Y	Y	N	N	N	N	N	N	N	N	N	N	6.3527	0.0410	35.7623	0.0816	0.0923	inf	8.7506	0.0000	45.4235	4.0771	0.0155	34.5511	0.0385	0.0390	0.0323	6.5169	0.0000	43.9537	0.6418	0.3788	0.9661	0.4718	0.4222	0.0000	0.7447	1.9123	0.9676	296.8472	3.1706	0.4047	-0.0106	1.0070	8.3392	4.1063	9.9996	1.0037	0.0034	1.0004	0.0036	0.0034	0.0002	1.0002	0.0000	1.0002	0.1603	0.0384	0.1218	0.0100	0.0100	0.0000	0.1503	0.0285	0.1218	0.2462	0.2172	0.0290	0.0927	0.0865	0.0062	0.1535	0.1307	0.0228	0.2497	0.1236	0.1261	0.0479	0.0477	0.0002	0.2018	0.0759	0.1259	6.3527	0.0499	35.7623	0.1852	0.1865	inf	8.7506	0.0000	45.4235	0.6418	0.3109	0.9661	0.2079	0.2088	0.0000	0.7447	0.3750	0.9676
19	21	0.1199	2	1	1	1	0	0	0	0	0	N	N	N	N	N	N	N	N	N	N	N	N	0.5343	0.2688	0.3931	0.3963	0.0031	0.0036	0.0000	0.0513	0.0525	0.0000	0.0000	0.0000	0.0000	0.0058	0.0136	0.0000	0.1305	0.1324	0.0000	0.0000	0.0000	0.0000	0.0000	0.0000	-0.0003	-0.0010	4.3392	1.0018	7.9996	3.0659	0.0005	0.0005	0.0000	0.0005	0.0005	0.0000	0.0000	0.0000	0.0000	0.0011	0.0011	0.0000	0.0011	0.0011	0.0000	0.0000	0.0000	0.0000	0.1500	0.1265	0.0235	0.0090	0.0088	0.0002	0.1410	0.1177	0.0233	0.1997	0.0847	0.1149	0.0088	0.0087	0.0001	0.1909	0.0761	0.1148	0.5343	0.2688	0.0000	0.3931	0.3963	0.0000	0.0000	0.0000	0.0000	0.0058	0.0136	0.0000	0.1305	0.1324	0.0000	0.0000	0.0000	0.0000					
19	26	0.1061	2	1	2	0	0	0	0	0	0	N	Y	N	N	N	N	N	N	N	N	N	N	0.0000	0.0000	0.0000	0.0000	0.0000	0.0000	0.0000	0.0000	0.0000	0.0000	0.0000	0.0000	0.0000	0.0000	0.0000	0.0000	0.0000	0.0000	0.0000	0.0000	4.3392	0.0026	7.9996	0.9906	0.0000	0.0000	0.0000	0.0000	0.0000	0.0000	0.0000	0.0000	0.0000	0.0000	0.0000	0.0000	0.0000	0.0000	0.0000	0.0000	0.0000	0.0000	0.4025	0.2992	0.1033	0.2023	0.2021	0.0002	0.2002	0.0970	0.1031	0.2543	0.1320	0.1223	0.1063	0.1063	0.0001	0.1480	0.0257	0.1223	0.0000	0.0000	0.0000	0.0000	0.0000	0.0000	0.0000	0.0000	0.0000	0.0000	0.0000	0.0000	0.0000	0.0000	0.0000	0.0000	0.0000	0.0000											
19	31	0.1505	2	1	2	0	0	0	0	0	0	N	Y	N	N	N	N	N	N	N	N	N	N	0.0015	0.0000	1.0211	0.0000	0.0000	0.0000	0.2183	1.3247	0.0028	0.0000	0.0304	0.0000	0.0000	0.0000	0.0047	0.0000	0.0380	1.7929	3.4722	0.0297	4.9569	5.0380	0.1185	0.0215	0.0000	0.0287	inf	0.0082	0.0000	-0.2094	4.3392	0.1965	7.9996	2.3074	0.0001	0.0000	0.0001	0.0000	0.0000	0.0000	0.0001	0.0000	0.0001	0.2558	0.2537	0.0021	0.2538	0.2537	0.0001	0.0020	0.0000	0.0020	0.0411	0.0373	0.0037	0.0169	0.0162	0.0007	0.0242	0.0212	0.0030	0.1427	0.0731	0.0696	0.0512	0.0504	0.0008	0.0915	0.0227	0.0688	0.0015	0.0000	1.0211	0.0000	0.0000	0.0000	0.2183	0.0000	1.3247	1.7929	3.4722	0.0297	4.9569	5.0380	0.1185	0.0215	0.0000	0.0287	
19	34	0.1614	2	0	1	1	0	0	0	0	0	N	N	N	N	N	N	N	N	N	N	N	N	0.0008	0.0471	0.0000	0.0590	0.0639	0.0000	0.0000	0.0000	0.0010	0.0012	0.0000	0.0028	0.0030	0.0000	0.0000	0.0000	0.0000	1.3362	0.0257	2.6473	0.0477	0.0464	0.0929	1.8498	0.0000	2.6879	0.0000	102.8016	-0.0004	0.0996	4.3392	3.8106	7.9996	5.1657	0.0006	0.0006	0.0000	0.0006	0.0006	0.0000	0.0000	0.0000	0.0000	0.6083	0.0059	0.6024	0.0062	0.0059	0.0003	0.6021	0.0000	0.6021	0.5916	0.5122	0.0794	0.2206	0.2090	0.0116	0.3710	0.3032	0.0678	0.4552	0.2277	0.2276	0.1297	0.1262	0.0036	0.3255	0.1015	0.2240	0.0008	0.0471	0.0000	0.0590	0.0639	0.0000	0.0000	0.0000	0.0000	1.3362	0.0257	2.6473	0.0477	0.0464	0.0929	1.8498	0.0000	2.6879	
19	37	0.1427	3	1	1	1	0	0	0	0	0	N	N	N	N	N	N	N	N	N	N	N	N	0.7882	0.0000	1.8044	0.0000	0.0000	0.0000	0.8900	1.7949	1.9891	0.0000	8.3136	0.0000	0.0000	0.0000	2.6095	0.0000	8.3613	2.5234	0.0280	4.6074	0.1093	0.0922	0.4660	2.9320	0.0000	4.6584	inf	197.1626	0.4530	0.1568	4.3392	2.3426	7.9996	5.0131	1.1145	0.0000	1.1145	0.0000	0.0000	0.0000	1.1145	0.0000	1.1145	0.9314	0.0047	0.9267	0.0058	0.0047	0.0011	0.9255	0.0000	0.9255	0.5603	0.4262	0.1341	0.1332	0.1324	0.0008	0.4271	0.2938	0.1333	0.3691	0.1680	0.2011	0.0534	0.0510	0.0024	0.3157	0.1170	0.1987	0.7882	0.0000	1.8044	0.0000	0.0000	0.0000	0.8900	0.0000	1.7949	2.5234	0.0280	4.6074	0.1093	0.0922	0.4660	2.9320	0.0000	4.6584	
19	38	0.1149	2	1	1	1	0	0	0	0	0	N	N	N	N	N	N	N	N	N	N	N	N	0.1396	0.3902	0.1602	0.5190	0.5188	0.0000	0.0818	0.0000	0.1602	0.2658	0.1734	0.5636	0.5699	0.5733	0.0000	0.1738	0.0000	0.5669	1.9035	0.4445	3.5175	1.0982	1.1051	0.1651	2.1239	0.6770	3.5387	1.0078	9.0212	-0.0140	0.0475	4.3392	2.4564	7.9996	2.5086	0.1526	0.0760	0.0766	0.0760	0.0760	0.0000	0.0766	0.0000	0.0766	0.6452	0.0644	0.5809	0.0636	0.0635	0.0002	0.5816	0.0009	0.5807	0.5740	0.4381	0.1359	0.1333	0.1325	0.0008	0.4406	0.3055	0.1351	0.3390	0.1738	0.1651	0.0651	0.0641	0.0010	0.2738	0.1097	0.1641	0.1396	0.4683	0.1602	0.5833	0.5789	0.0000	0.0818	0.0000	0.1602	1.9035	0.3704	3.5175	0.9771	0.9903	0.1651	2.1239	0.0084	3.5387
19	41	0.1127	2	1	1	1	0	0	0	0	0	N	N	N	N	N	N	N	N	N	N	N	N	5.1052	0.0000	23.1217	0.0013	0.0000	inf	6.5026	23.5498	2.9648	0.0000	19.7583	0.0014	0.0000	0.0632	3.4154	0.0000	20.1476	0.5807	0.3372	0.8545	1.0652	1.0868	0.0000	0.5252	0.0000	0.8555	inf	3.5841	0.3934	-0.0096	4.3392	1.9694	7.9996	5.1440	0.9678	0.0000	0.9678	0.0001	0.0000	0.0001	0.9677	0.0000	0.9677	0.2140	0.0467	0.1673	0.0467	0.0467	0.0000	0.1673	0.0000	0.1673	0.3264	0.2774	0.0490	0.0431	0.0421	0.0009	0.2833	0.2353	0.0480	0.3685	0.1727	0.1958	0.0499	0.0497	0.0002	0.3185	0.1230	0.1956	5.1052	0.0000	23.1217	0.0015	0.0000	inf	6.5026	0.0000	23.5498	0.5807	0.2703	0.8545	0.9348	0.9391	0.0000	0.5252	0.0000	0.8555	
19	45	0.1149	2	1	2	1	0	0	0	0	0	N	Y	N	N	N	N	N	N	N	N	N	N	0.0758	0.0000	0.2181	0.0000	0.0000	0.1400	0.2174	0.2698	0.0000	0.9873	0.0000	0.0000	0.0000	0.3832	0.0000	0.9910	3.5582	2.5488	4.5273	8.0040	8.1880	0.0000	2.7367	0.0000	4.5586	inf	1.8503	0.0468	-0.2615	4.3392	1.3391	7.9996	5.8433	0.1151	0.0000	0.1151	0.0000	0.0000	0.0000	0.1151	0.0000	0.1151	1.4736	0.5170	0.9566	0.5170	0.5170	0.0000	0.9566	0.0000	0.9566	0.4264	0.3099	0.1165	0.1262	0.1258	0.0004	0.3002	0.1841	0.1161	0.4141	0.2028	0.2113	0.0646	0.0631	0.0015	0.3495	0.1397	0.2098	0.0758	0.0000	0.2181	0.0000	0.0000	0.0000	0.1400	0.0000	0.2174	3.5582	2.5488	4.5273	8.0040	8.1880	0.0000	2.7367	0.0000	4.5586		
19	47	0.1199	2	1	2	1	0	0	0	0	0	N	Y	N	N	N	N	N	N	N	N	N	N	413.8155	0.0562	inf	0.0838	0.0845	inf	inf	2.3862	0.0008	15.6917	0.0109	0.0112	0.0000	2.5357	0.0000	15.8328	0.0058	0.0136	0.0000	0.1306	0.1324	0.0000	0.0000	0.0000	0.0000	3684.2241	0.0000	0.4063	-0.0010	4.3392	3.0001	7.9996	1.0598	1.0001	0.0003	0.9998	0.0003	0.0003	0.0000	0.9998	0.0000	0.9998	0.0011	0.0011	0.0000	0.0011	0.0011	0.0000	0.0000	0.0000	0.0000	0.4191	0.3554	0.0637	0.0248	0.0242	0.0006	0.3943	0.3312	0.0631	0.1994	0.0846	0.1148	0.0088	0.0087	0.0001	0.1906	0.0759	0.1146	413.8155	0.0562	inf	0.0838	0.0845	0.0000	inf	0.0000	inf	0.0058	0.0136	0.0000	0.1306	0.1324	0.0000	0.0000	0.0000	0.0000		
19	51	0.1107	2	0	2	1	0	0	0	0	0	N	Y	N	N	N	N	N	N	N	N	N	N	1.2573	20.6877	0.0291	9.1570	14.6093	0.0000	0.0160	0.0314	0.2535	0.3238	0.0103	0.7126	0.7436	0.0000	0.0036	0.0000	0.0110	0.2016	0.0157	0.3543	0.0778	0.0509	0.6905	0.2228	0.0000	0.3512	0.0092	27.5604	-0.0845	0.0059	4.3392	2.4249	7.9996	2.1457	0.1446	0.1433	0.0013	0.1433	0.1433	0.0000	0.0013	0.0000	0.0013	0.0425	0.0015	0.0411	0.0024	0.0015	0.0009	0.0401	0.0000	0.0401	0.5704	0.4424	0.1280	0.2010	0.1927	0.0084	0.3694	0.2498	0.1196	0.2110	0.0952	0.1159	0.0308	0.0293	0.0016	0.1802	0.0659	0.1143	1.2573	20.6877	0.0291	9.1570	14.6093	0.0000	0.0160	0.0000	0.0314	0.2016	0.0157	0.3543	0.0778	0.0509	0.5798	0.2228	0.0000	0.3512	
19	54	0.1262	2	1	2	0	0	0	0	0	0	N	Y	N	N	N	N	N	N	N	N	N	N	0.0392	0.0328	0.1165	0.0334	0.0351	inf	0.0349	0.1464	0.0264	0.0163	0.1026	0.0367	0.0389	0.0041	0.0198	0.0000	0.1291	0.6750	0.4959	0.8808	1.0982	1.1087	0.0000	0.5668	0.0000	0.8821	0.8405	1.8990	-0.0010	-0.0192	4.3392	2.0079	7.9996	2.2027	0.0077	0.0042	0.0035	0.0042	0.0042	0.0000	0.0035	0.0000	0.0035	0.1117	0.0385	0.0732	0.0385	0.0385	0.0000	0.0732	0.0000	0.0732	0.2904	0.2562	0.0342	0.1145	0.1073	0.0072	0.1759	0.1490	0.0269	0.1655	0.0824	0.0831	0.0364	0.0363	0.0001	0.1291	0.0462	0.0830	0.0392	0.0348	0.1165	0.0346	0.0366	inf	0.0349	0.0000	0.1464	0.6750	0.4676	0.8808	1.0590	1.0625	0.0000	0.5668	0.0000	0.8821	
19	63	0.1540	2	0	1	1	0	0	0	0	0	N	N	N	N	N	N	N	N	N	N	N	N	0.0010	0.0798	0.0000	0.0710	0.1501	0.0000	0.0000	0.0000	0.0001	0.0002	0.0000	0.0006	0.0006	0.0000	0.0000	0.0000	0.0000	0.1388	0.0021	0.2934	0.0083	0.0042	0.0222	0.2091	0.0000	0.3498	0.0000	122.9584	-0.0000	0.0010	4.3392	0.9961	7.9996	0.0337	0.0000	0.0000	0.0000	0.0000	0.0000	0.0000	0.0000	0.0000	0.0000	0.0062	0.0000	0.0061	0.0001	0.0000	0.0001	0.0061	0.0000	0.0061	0.1428	0.1208	0.0220	0.0345	0.0326	0.0019	0.1083	0.0883	0.0201	0.0446	0.0237	0.0210	0.0156	0.0120	0.0036	0.0290	0.0117	0.0173	0.0010	0.0798	0.0000	0.0710	0.1501	0.0000	0.0000	0.0000	0.0000	0.1388	0.0021	0.2934	0.0083	0.0042	0.0222	0.2091	0.0000	0.3498	
19	69	0.1061	2	0	2	0	0	0	0	0	0	N	Y	N	N	N	N	N	N	N	N	N	N	0.6292	0.0081	1.7710	0.0216	0.0103	inf	0.7069	1.8076	0.9013	0.0003	4.7664	0.0020	0.0010	0.0762	1.2721	0.0000	4.8694	1.4325	0.0419	2.6914	0.0927	0.0929	0.0000	1.7994	0.0000	2.6938	3262.7442	70.9056	0.2784	0.0999	4.3392	3.0720	7.9996	3.7333	0.6854	0.0002	0.6852	0.0004	0.0002	0.0002	0.6849	0.0000	0.6849	0.6263	0.0087	0.6176	0.0087	0.0087	0.0000	0.6176	0.0000	0.6176	0.7604	0.6167	0.1438	0.2220	0.2189	0.0031	0.5385	0.3978	0.1407	0.4372	0.2077	0.2295	0.0940	0.0938	0.0002	0.3432	0.1140	0.2293	0.6292	0.0081	1.7710	0.0216	0.0103	inf	0.7069	0.0000	1.8076	1.4325	0.0419	2.6914	0.0927	0.0929	0.0000	1.7994	0.0000	2.6938	
19	75	0.1505	2	0	2	0	0	0	0	0	0	N	Y	N	N	N	N	N	N	N	N	N	N	0.0014	0.0000	0.0130	0.0000	0.0000	0.0000	0.0018	0.0170	0.0083	0.0000	0.2553	0.0000	0.0000	0.0000	0.0174	0.0000	0.3592	5.9730	0.0006	19.6156	0.0029	0.0008	0.1671	9.7406	0.0000	21.1421	inf	18698.0420	0.0000	0.1296	4.3392	0.0009	7.9996	1.7419	0.0001	0.0000	0.0001	0.0000	0.0000	0.0000	0.0001	0.0000	0.0001	0.7480	0.0000	0.7479	0.0001	0.0000	0.0001	0.7478	0.0000	0.7478	0.0137	0.0133	0.0004	0.0072	0.0071	0.0001	0.0065	0.0062	0.0003	0.1252	0.0653	0.0600	0.0484	0.0479	0.0006	0.0768	0.0174	0.0594	0.0014	0.0000	0.0205	0.0000	0.0000	0.0000	0.0018	0.0000	0.0285	5.9730	0.0006	12.4717	0.0029	0.0008	0.1671	9.7406	0.0000	12.5957	
20	21	0.1453	2	1	0	1	1	0	0	0	0	N	N	N	N	N	N	N	N	N	N	N	N	0.0149	0.0000	0.0561	0.0000	0.0000	0.0150	0.0565	0.0025	0.0000	0.0166	0.0000	0.0000	0.0000	0.0027	0.0000	0.0168	0.1702	0.0002	0.2963	0.0019	0.0020	0.0000	0.1781	0.0000	0.2966	inf	1991.5207	0.0002	0.0069	6.6608	1.0018	9.0004	3.0659	0.0005	0.0000	0.0005	0.0000	0.0000	0.0000	0.0005	0.0000	0.0005	0.0399	0.0000	0.0398	0.0000	0.0000	0.0000	0.0398	0.0000	0.0398	0.2083	0.1765	0.0318	0.0100	0.0097	0.0003	0.1983	0.1668	0.0315	0.2341	0.0997	0.1344	0.0104	0.0102	0.0002	0.2237	0.0894	0.1343	0.0149	0.0000	0.0561	0.0000	0.0000	0.0000	0.0150	0.0000	0.0565	0.1702	0.0002	0.2963	0.0019	0.0020	0.0000	0.1781	0.0000	0.2966		
20	26	0.1315	2	1	1	0	1	0	0	0	0	N	N	N	N	N	N	N	N	N	N	N	N	0.0000	0.0000	0.0000	0.0000	0.0000	0.0000	0.0000	0.0000	0.0000	0.0000	0.0000	0.0000	0.0000	0.0000	0.0000	0.0000	0.0000	3.3279	0.0001	7.4126	0.0006	0.0002	0.9755	5.7129	0.0000	7.7086	49373.0000	0.0000	0.1712	6.6608	0.0026	9.0004	0.9906	0.0000	0.0000	0.0000	0.0000	0.0000	0.0000	0.0000	0.0000	0.0000	0.9875	0.0000	0.9875	0.0001	0.0000	0.0001	0.9874	0.0000	0.9874	0.5052	0.3943	0.1109	0.2541	0.2539	0.0003	0.2510	0.1404	0.1106	0.2967	0.1547	0.1420	0.1239	0.1238	0.0001	0.1728	0.0309	0.1420	0.0000	0.0000	0.0000	0.0000	0.0000	0.0000	0.0000	0.0000	0.0000	3.3279	0.0001	6.9518	0.0006	0.0002	0.8074	5.7129	0.0000	6.9550		
20	31	0.1759	2	1	1	0	1	0	0	0	0	N	N	N	N	N	N	N	N	N	N	N	N	0.0471	0.2254	0.0000	0.0732	0.0753	0.0458	inf	0.0000	0.0022	0.0024	0.0000	0.0011	0.0012	0.0000	0.0029	0.0033	0.0000	0.0461	0.0106	0.0836	0.0153	0.0156	0.0000	0.0629	0.0000	0.0847	0.0000	7.4744	-0.0001	0.0004	6.6608	0.1965	9.0004	2.3074	0.0001	0.0001	0.0000	0.0000	0.0000	0.0000	0.0001	0.0001	0.0000	0.0077	0.0009	0.0068	0.0009	0.0009	0.0000	0.0068	0.0000	0.0068	0.0583	0.0531	0.0052	0.0235	0.0225	0.0010	0.0347	0.0306	0.0041	0.1674	0.0861	0.0814	0.0593	0.0583	0.0010	0.1081	0.0278	0.0803	0.0471	0.2254	0.0000	0.0732	0.0753	0.0000	0.0458	inf	0.0000	0.0461	0.0106	0.0836	0.0153	0.0156	0.0000	0.0629	0.0000	0.0847	
20	34	0.1868	2	0	0	1	1	0	0	0	0	N	N	N	N	N	N	N	N	N	N	N	N	0.0994	0.0000	0.3763	0.1274	0.0000	0.1431	0.1119	0.4351	0.1236	0.0000	0.9391	0.0004	0.0000	0.0081	0.1946	0.0000	1.1034	1.2443	0.0010	2.4954	0.0034	0.0019	0.0568	1.7385	0.0000	2.5358	inf	2389.2950	0.0415	0.1168	6.6608	3.8106	9.0004	5.1657	0.1020	0.0000	0.1020	0.0001	0.0000	0.0001	0.1019	0.0000	0.1019	0.6754	0.0003	0.6751	0.0005	0.0003	0.0003	0.6748	0.0000	0.6748	0.8252	0.7165	0.1086	0.3015	0.2852	0.0163	0.5237	0.4313	0.0923	0.5428	0.2722	0.2705	0.1546	0.1502	0.0044	0.3882	0.1220	0.2661	0.0994	0.0000	0.3763	0.1274	0.0000	0.1431	0.1119	0.0000	0.4351	1.2443	0.0010	2.4954	0.0034	0.0019	0.0568	1.7385	0.0000	2.5358	
20	37	0.1681	3	1	0	1	1	0	0	0	0	N	N	N	N	N	N	N	N	N	N	N	N	54.7542	14.2728	3.0874	2.9171	inf	inf	1.7237	2.1823	0.0000	1.5525	1.5648	0.0000	1.7676	2.3949	0.0000	0.0315	0.1529	0.0000	0.5028	0.5364	0.0000	0.0000	0.0000	0.0000	0.0000	0.0000	-0.7238	-0.0113	6.6608	2.3426	9.0004	5.0131	1.2196	1.2196	0.0000	0.2240	0.2240	0.0000	0.9956	0.9956	0.0000	0.0136	0.0136	0.0000	0.0136	0.0136	0.0000	0.0000	0.0000	0.0000	0.7075	0.5589	0.1487	0.1443	0.1431	0.0011	0.5633	0.4157	0.1475	0.4328	0.1981	0.2348	0.0636	0.0606	0.0030	0.3692	0.1375	0.2317	54.7542	31.7217	0.0000	7.2496	6.9602	0.0000	inf	inf	0.0000	0.0315	0.0688	0.0000	0.2141	0.2248	0.0000	0.0000	0.0000	0.0000			
20	38	0.1403	2	1	0	1	1	0	0	0	0	N	N	N	N	N	N	N	N	N	N	N	N	1.3865	0.4755	47.7049	0.7521	0.7459	6.5039	0.0085	47.7582	0.4136	0.2650	0.9784	1.0271	1.0354	0.0000	0.2617	0.0101	0.9860	0.2983	0.5574	0.0205	1.3656	1.3883	0.0000	0.0402	1.1844	0.0206	0.9708	0.0343	-0.0303	-0.0945	6.6608	2.4564	9.0004	2.5086	0.3005	0.1525	0.1480	0.1481	0.1481	0.0000	0.1524	0.0044	0.1480	0.1191	0.1151	0.0040	0.1061	0.1061	0.0000	0.0129	0.0090	0.0040	0.7267	0.5754	0.1513	0.1442	0.1431	0.0012	0.5824	0.4323	0.1501	0.3991	0.2065	0.1926	0.0777	0.0764	0.0013	0.3214	0.1301	0.1914	1.3865	0.4755	47.7049	0.7521	0.7459	0.0000	6.5039	0.1461	47.7582	0.2983	0.5574	0.0205	1.3656	1.3883	0.0000	0.0402	0.0691	0.0206	
20	41	0.1380	2	1	0	1	1	0	0	0	0	N	N	N	N	N	N	N	N	N	N	N	N	0.0005	2.1727	0.0000	4.4175	4.5161	0.0000	0.0000	0.0010	0.0012	0.0000	0.0088	0.0090	0.0000	0.0000	0.0000	0.0000	2.3003	0.0006	4.3267	0.0020	0.0020	0.0000	2.6516	0.0000	4.3315	0.0000	8712.5772	-0.0003	0.1716	6.6608	1.9694	9.0004	5.1440	0.0005	0.0005	0.0000	0.0005	0.0005	0.0000	0.0000	0.0000	0.0000	0.9903	0.0001	0.9902	0.0001	0.0001	0.0000	0.9902	0.0000	0.9902	0.4490	0.3831	0.0659	0.0533	0.0519	0.0014	0.3957	0.3312	0.0645	0.4305	0.2016	0.2289	0.0571	0.0568	0.0003	0.3734	0.1448	0.2286	0.0005	2.1727	0.0000	4.4175	4.5161	0.0000	0.0000	0.0000	0.0000	2.3003	0.0006	4.3267	0.0020	0.0020	0.0000	2.6516	0.0000	4.3315		
20	45	0.1403	2	1	1	1	1	0	0	0	0	N	N	N	N	N	N	N	N	N	N	N	N	0.2353	323.3979	0.0000	302.6403	297.1000	0.0000	0.0000	0.4315	0.5657	0.0002	1.6515	1.6594	0.0000	0.0001	0.0000	0.0002	1.8336	0.0017	3.6196	0.0055	0.0056	0.0000	2.1773	0.0000	3.6459	0.0001	2122.0955	-0.1330	0.1546	6.6608	1.3391	9.0004	5.8433	0.2241	0.2241	0.0000	0.2241	0.2241	0.0000	0.0000	0.0000	0.0000	0.8940	0.0004	0.8936	0.0004	0.0004	0.0000	0.8936	0.0000	0.8936	0.5194	0.3961	0.1233	0.1357	0.1350	0.0007	0.3837	0.2611	0.1226	0.4876	0.2407	0.2469	0.0772	0.0754	0.0018	0.4104	0.1653	0.2451	0.2353	323.3979	0.0000	302.6403	297.1000	0.0000	0.0000	0.0000	0.0000	1.8336	0.0017	3.6196	0.0055	0.0056	0.0000	2.1773	0.0000	3.6459		
20	47	0.1453	2	1	1	1	1	0	0	0	0	N	N	N	N	N	N	N	N	N	N	N	N	0.0053	0.0000	0.0205	0.0000	0.0000	0.0053	0.0207	0.0009	0.0000	0.0061	0.0000	0.0000	0.0000	0.0010	0.0000	0.0061	0.1705	0.0002	0.2968	0.0019	0.0020	0.0000	0.1783	0.0000	0.2971	inf	1991.5207	0.0002	0.0069	6.6608	3.0001	9.0004	1.0598	0.0005	0.0000	0.0005	0.0000	0.0000	0.0000	0.0005	0.0000	0.0005	0.0399	0.0000	0.0398	0.0000	0.0000	0.0000	0.0398	0.0000	0.0398	0.5827	0.4958	0.0869	0.0275	0.0267	0.0008	0.5552	0.4691	0.0861	0.2337	0.0995	0.1342	0.0104	0.0102	0.0002	0.2233	0.0893	0.1341	0.0053	0.0000	0.0205	0.0000	0.0000	0.0000	0.0053	0.0000	0.0207	0.1705	0.0002	0.2968	0.0019	0.0020	0.0000	0.1783	0.0000	0.2971		
20	51	0.1360	2	0	1	1	1	0	0	0	0	N	N	N	N	N	N	N	N	N	N	N	N	1.1582	0.0000	3.2642	23.5730	0.0000	inf	1.3994	3.3222	0.3904	0.0000	2.0095	0.0514	0.0000	1.1774	0.5526	0.0000	2.0747	0.3371	0.0007	0.6156	0.0022	0.0023	0.0000	0.3949	0.0000	0.6245	inf	1049.2568	0.1134	0.0145	6.6608	2.4249	9.0004	2.1457	0.2791	0.0000	0.2791	0.0119	0.0000	0.0119	0.2672	0.0000	0.2672	0.0840	0.0001	0.0839	0.0001	0.0001	0.0000	0.0839	0.0000	0.0839	0.7148	0.5760	0.1389	0.2314	0.2213	0.0101	0.4835	0.3547	0.1288	0.2493	0.1129	0.1364	0.0367	0.0348	0.0019	0.2126	0.0782	0.1344	1.1582	0.0000	3.2642	23.5730	0.0000	inf	1.3994	0.0000	3.3222	0.3371	0.0007	0.6156	0.0022	0.0023	0.0000	0.3949	0.0000	0.6245	
20	54	0.1516	2	1	1	0	1	0	0	0	0	N	N	N	N	N	N	N	N	N	N	N	N	0.0389	0.6254	0.1583	1.1309	0.6665	inf	0.0450	0.1926	0.0096	0.0005	0.0777	0.0022	0.0013	0.0150	0.0141	0.0000	0.0947	0.2473	0.0008	0.4912	0.0020	0.0020	0.0000	0.3138	0.0000	0.4919	19.7818	591.8498	0.0014	0.0084	6.6608	2.0079	9.0004	2.2027	0.0038	0.0002	0.0037	0.0003	0.0002	0.0001	0.0035	0.0000	0.0035	0.0487	0.0001	0.0487	0.0001	0.0001	0.0000	0.0487	0.0000	0.0487	0.3999	0.3528	0.0471	0.1515	0.1415	0.0100	0.2484	0.2114	0.0371	0.1971	0.0981	0.0991	0.0420	0.0419	0.0001	0.1551	0.0562	0.0989	0.0389	0.6254	0.1583	1.1309	0.6665	inf	0.0450	0.0000	0.1926	0.2473	0.0008	0.4912	0.0020	0.0020	0.0000	0.3138	0.0000	0.4919	
20	63	0.1794	2	0	0	1	1	0	0	0	0	N	N	N	N	N	N	N	N	N	N	N	N	0.0087	0.0000	0.0271	1.9164	0.0000	inf	0.0067	0.0222	0.0005	0.0000	0.0033	0.0002	0.0000	0.0038	0.0006	0.0000	0.0033	0.0577	0.0001	0.1227	0.0001	0.0001	0.0000	0.0882	0.0000	0.1479	inf	1465.5007	0.0000	0.0005	6.6608	0.9961	9.0004	0.0337	0.0001	0.0000	0.0001	0.0000	0.0000	0.0000	0.0001	0.0000	0.0001	0.0031	0.0000	0.0031	0.0000	0.0000	0.0000	0.0031	0.0000	0.0031	0.1983	0.1684	0.0299	0.0460	0.0434	0.0026	0.1523	0.1250	0.0273	0.0529	0.0281	0.0248	0.0183	0.0141	0.0042	0.0346	0.0139	0.0206	0.0087	0.0000	0.0271	1.9164	0.0000	inf	0.0067	0.0000	0.0222	0.0577	0.0001	0.1227	0.0001	0.0001	0.0000	0.0882	0.0000	0.1479	
20	69	0.1315	2	0	1	0	1	0	0	0	0	N	N	N	N	N	N	N	N	N	N	N	N	0.1151	1.8755	0.0000	3.8970	3.9495	0.0000	0.0000	0.1373	0.1653	0.0000	0.5022	0.5102	0.0000	0.0000	0.0000	0.0000	1.1932	0.0882	2.2273	0.1289	0.1292	0.0000	1.4824	0.0000	2.2294	0.0000	42.3202	-0.0820	0.0921	6.6608	3.0720	9.0004	3.7333	0.1382	0.1382	0.0000	0.1382	0.1382	0.0000	0.0000	0.0000	0.0000	0.6131	0.0142	0.5989	0.0142	0.0142	0.0000	0.5989	0.0000	0.5989	1.0061	0.8357	0.1704	0.2751	0.2708	0.0043	0.7310	0.5649	0.1661	0.5138	0.2449	0.2689	0.1098	0.1096	0.0003	0.4040	0.1354	0.2686	0.1151	2.8611	0.0000	3.8970	3.9495	0.0000	0.0000	0.0000	0.0000	1.1932	0.0578	2.2273	0.1289	0.1292	0.0000	1.4824	0.0000	2.2294		
20	75	0.1759	2	0	1	0	1	0	0	0	0	N	N	N	N	N	N	N	N	N	N	N	N	0.1270	1.4677	0.0000	0.4139	0.4159	0.1369	inf	0.0000	0.0061	0.0063	0.0000	0.0024	0.0025	0.0000	0.0101	0.0107	0.0000	0.0480	0.0043	0.0959	0.0059	0.0059	0.0000	0.0741	0.0000	0.0969	0.0000	20.3765	-0.0001	0.0009	6.6608	0.0009	9.0004	1.7419	0.0001	0.0001	0.0000	0.0000	0.0000	0.0000	0.0001	0.0001	0.0000	0.0070	0.0003	0.0067	0.0003	0.0003	0.0000	0.0067	0.0000	0.0067	0.0207	0.0201	0.0007	0.0109	0.0107	0.0002	0.0099	0.0094	0.0005	0.1462	0.0765	0.0697	0.0559	0.0552	0.0007	0.0903	0.0213	0.0690	0.1270	1.4677	0.0000	0.4139	0.4159	0.0000	0.1369	inf	0.0000	0.0480	0.0043	0.0959	0.0059	0.0059	0.0000	0.0741	0.0000	0.0969	
21	22	0.0651	2	1	1	1	0	0	0	0	0	N	N	N	N	N	N	N	N	N	N	N	N	37.7926	678.3767	0.0752	0.1530	0.1538	39.7905	inf	0.0757	7.6186	9.0372	0.0256	0.0196	0.0200	0.0000	8.1563	9.7884	0.0258	0.2016	0.0133	0.3405	0.1281	0.1300	0.0000	0.2050	0.0000	0.3408	0.0005	34.6472	-0.5929	0.0060	1.0018	3.6608	3.0659	8.9996	0.9998	0.9993	0.0005	0.0002	0.0002	0.0000	0.9997	0.9991	0.0005	0.0410	0.0011	0.0398	0.0011	0.0011	0.0000	0.0398	0.0000	0.0398	0.1312	0.1106	0.0207	0.0087	0.0085	0.0002	0.1226	0.1021	0.0205	0.2033	0.0863	0.1170	0.0090	0.0088	0.0001	0.1943	0.0774	0.1169	37.7926	678.3767	0.0752	0.1530	0.1538	0.0000	39.7905	inf	0.0757	0.2016	0.0133	0.3405	0.1281	0.1300	0.0000	0.2050	0.0000	0.3408	
21	23	0.0651	2	1	1	1	0	0	0	0	0	N	N	N	N	N	N	N	N	N	N	N	N	0.0088	0.1653	0.0000	0.2417	0.2437	0.0000	0.0000	0.0018	0.0021	0.0000	0.0302	0.0309	0.0000	0.0000	0.0000	0.0000	0.2050	0.0130	0.3465	0.1248	0.1266	0.0000	0.2087	0.0000	0.3469	0.0000	36.2227	-0.0002	0.0060	1.0018	4.3392	3.0659	7.9996	0.0003	0.0003	0.0000	0.0003	0.0003	0.0000	0.0000	0.0000	0.0000	0.0409	0.0011	0.0398	0.0011	0.0011	0.0000	0.0398	0.0000	0.0398	0.1500	0.1265	0.0235	0.0090	0.0088	0.0002	0.1410	0.1177	0.0233	0.1997	0.0847	0.1149	0.0088	0.0087	0.0001	0.1909	0.0761	0.1148	0.0088	0.1653	0.0000	0.2417	0.2437	0.0000	0.0000	0.0000	0.0000	0.2050	0.0130	0.3465	0.1248	0.1266	0.0000	0.2087	0.0000	0.3469		
21	24	0.0651	2	2	1	1	0	0	0	0	0	Y	N	N	N	N	N	N	N	N	N	N	N	0.0098	0.0112	0.0000	0.0171	0.0171	0.0000	0.0000	0.0038	0.0045	0.0000	0.0542	0.0552	0.0000	0.0000	0.0000	0.0000	0.3839	0.4007	0.4239	3.1754	3.2177	0.0000	0.2558	0.0000	0.4244	0.0000	1.7554	-0.0003	-0.0119	1.0018	3.3392	3.0659	5.9996	0.0005	0.0005	0.0000	0.0005	0.0005	0.0000	0.0000	0.0000	0.0000	0.0625	0.0227	0.0398	0.0227	0.0227	0.0000	0.0398	0.0000	0.0398	0.1220	0.1028	0.0193	0.0085	0.0084	0.0002	0.1135	0.0944	0.0191	0.1629	0.0689	0.0940	0.0071	0.0071	0.0001	0.1557	0.0619	0.0939	0.0098	0.0136	0.0000	0.0171	0.0171	0.0000	0.0000	0.0000	0.0000	0.3839	0.3293	0.4239	3.1754	3.2177	0.0000	0.2558	0.0000	0.4244		
21	25	0.0651	2	1	1	1	0	0	0	0	0	N	N	N	N	N	N	N	N	N	N	N	N	0.0190	0.0000	0.0721	0.0000	0.0000	0.0199	0.0727	0.0033	0.0000	0.0214	0.0000	0.0000	0.0000	0.0035	0.0000	0.0216	0.1755	0.0125	0.2963	0.1204	0.1222	0.0000	0.1781	0.0000	0.2966	inf	31.8745	0.0002	0.0059	1.0018	4.6608	3.0659	10.9996	0.0005	0.0000	0.0005	0.0000	0.0000	0.0000	0.0005	0.0000	0.0005	0.0411	0.0012	0.0398	0.0012	0.0012	0.0000	0.0398	0.0000	0.0398	0.1586	0.1339	0.0247	0.0091	0.0089	0.0002	0.1495	0.1249	0.0245	0.2341	0.0997	0.1344	0.0104	0.0102	0.0002	0.2237	0.0894	0.1343	0.0190	0.0000	0.0721	0.0000	0.0000	0.0000	0.0199	0.0000	0.0727	0.1755	0.0125	0.2963	0.1204	0.1222	0.0000	0.1781	0.0000	0.2966		
21	26	0.0910	3	2	1	1	0	0	0	0	0	Y	N	N	N	N	N	N	N	N	N	N	N	0.0000	0.0000	0.0000	0.0000	0.0000	0.0000	0.0000	0.0000	0.0000	0.0000	0.0000	0.0000	0.0000	0.0000	0.0000	0.0000	0.0001	0.0002	0.0000	0.0002	0.0002	0.0000	0.0000	0.0000	0.0000	0.0006	0.0000	-0.0000	1.0018	0.0026	3.0659	0.9906	0.0000	0.0000	0.0000	0.0000	0.0000	0.0000	0.0000	0.0000	0.0000	0.0000	0.0000	0.0000	0.0000	0.0000	0.0000	0.0000	0.0000	0.0000	0.0723	0.0597	0.0127	0.0365	0.0364	0.0001	0.0358	0.0233	0.0126	0.1115	0.0577	0.0538	0.0479	0.0478	0.0000	0.0636	0.0099	0.0538	0.0000	0.0000	0.0000	0.0000	0.0000	0.0000	0.0000	0.0000	0.0000	0.0001	0.0002	0.0000	0.0002	0.0002	0.0000	0.0000	0.0000	0.0000			
21	27	0.0651	2	1	1	1	0	0	0	0	0	N	N	N	N	N	N	N	N	N	N	N	N	0.0141	0.0042	0.0593	0.0081	0.0082	0.0163	0.0597	0.0045	0.0014	0.0214	0.0208	0.0213	0.0000	0.0035	0.0000	0.0216	0.3206	0.3355	0.3604	2.5657	2.6016	0.0000	0.2171	0.0000	0.3608	2.7822	1.8363	0.0001	-0.0110	1.0018	4.6608	3.0659	7.0004	0.0007	0.0002	0.0005	0.0002	0.0002	0.0000	0.0005	0.0000	0.0005	0.0615	0.0217	0.0398	0.0217	0.0217	0.0000	0.0398	0.0000	0.0398	0.1586	0.1339	0.0247	0.0091	0.0089	0.0002	0.1495	0.1249	0.0245	0.1919	0.0814	0.1105	0.0085	0.0083	0.0001	0.1834	0.0730	0.1104	0.0141	0.0053	0.0593	0.0081	0.0082	0.0000	0.0163	0.0000	0.0597	0.3206	0.2665	0.3604	2.5657	2.6016	0.0000	0.2171	0.0000	0.3608		
21	28	0.0651	2	1	1	1	0	0	0	0	0	N	N	N	N	N	N	N	N	N	N	N	N	0.0093	0.0027	0.0450	0.0067	0.0068	0.0099	0.0000	0.0453	0.0039	0.0012	0.0186	0.0198	0.0203	0.0000	0.0030	0.0000	0.0188	0.4207	0.4571	0.4133	2.9565	2.9963	0.0000	0.3043	1.4477	0.4137	2.7822	1.3068	0.0001	-0.0183	1.0018	5.6608	3.0659	4.0004	0.0007	0.0002	0.0005	0.0002	0.0002	0.0000	0.0005	0.0000	0.0005	0.0703	0.0305	0.0398	0.0217	0.0217	0.0000	0.0486	0.0088	0.0398	0.1842	0.1558	0.0284	0.0096	0.0093	0.0002	0.1747	0.1465	0.0282	0.1671	0.0707	0.0964	0.0073	0.0072	0.0001	0.1598	0.0635	0.0963	0.0093	0.0028	0.0450	0.0067	0.0068	0.0000	0.0099	0.0000	0.0453	0.4207	0.4309	0.4133	2.9565	2.9963	0.0000	0.3043	0.1384	0.4137	
21	29	0.0651	2	1	1	2	1	0	0	0	0	N	N	Y	N	N	N	N	N	N	N	N	N	7.3371	0.0000	10966.4216	0.0000	0.0000	3242.0622	11034.2488	0.0075	0.0000	0.0471	0.0000	0.0000	0.0000	0.0084	0.0000	0.0474	0.0010	0.0024	0.0000	0.0232	0.0235	0.0000	0.0000	0.0000	0.0000	inf	0.0024	0.0002	-0.0001	1.0018	1.6608	3.0659	8.0004	0.0005	0.0000	0.0005	0.0000	0.0000	0.0000	0.0005	0.0000	0.0005	0.0002	0.0002	0.0000	0.0002	0.0002	0.0000	0.0000	0.0000	0.0000	0.0707	0.0594	0.0112	0.0077	0.0076	0.0001	0.0630	0.0518	0.0112	0.1671	0.0707	0.0964	0.0073	0.0072	0.0001	0.1598	0.0635	0.0963	7.3371	0.0000	10966.4216	0.0000	0.0000	0.0000	3242.0622	0.0000	11034.2488	0.0010	0.0024	0.0000	0.0232	0.0235	0.0000	0.0000	0.0000	0.0000		
21	30	0.0651	2	1	1	1	0	0	0	0	0	N	N	N	N	N	N	N	N	N	N	N	N	0.0164	8.6253	0.0450	14.5394	14.7304	0.0121	0.0453	0.0039	0.0012	0.0186	0.0198	0.0203	0.0000	0.0030	0.0000	0.0188	0.2384	0.0001	0.4133	0.0014	0.0014	0.0000	0.2493	0.0000	0.4137	2.7822	3983.0414	0.0001	0.0069	1.0018	5.6608	3.0659	4.0004	0.0007	0.0002	0.0005	0.0002	0.0002	0.0000	0.0005	0.0000	0.0005	0.0398	0.0000	0.0398	0.0000	0.0000	0.0000	0.0398	0.0000	0.0398	0.1842	0.1558	0.0284	0.0096	0.0093	0.0002	0.1747	0.1465	0.0282	0.1671	0.0707	0.0964	0.0073	0.0072	0.0001	0.1598	0.0635	0.0963	0.0164	8.6253	0.0450	14.5394	14.7304	0.0000	0.0121	0.0000	0.0453	0.2384	0.0001	0.4133	0.0014	0.0014	0.0000	0.2493	0.0000	0.4137		
21	31	0.1354	3	2	1	1	0	0	0	0	0	Y	N	N	N	N	N	N	N	N	N	N	N	0.0006	0.1848	0.0000	0.1562	0.2975	0.0000	0.0000	0.0000	0.0000	0.0000	0.0000	0.0000	0.0000	0.0000	0.0000	0.0000	0.0000	0.0088	0.0000	0.0183	0.0001	0.0000	0.0024	0.0143	0.0000	0.0185	0.0098	517.6288	-0.0000	0.0001	1.0018	0.1965	3.0659	2.3074	0.0000	0.0000	0.0000	0.0000	0.0000	0.0000	0.0000	0.0000	0.0000	0.0005	0.0000	0.0005	0.0000	0.0000	0.0000	0.0005	0.0000	0.0005	0.0094	0.0085	0.0008	0.0041	0.0039	0.0002	0.0053	0.0047	0.0006	0.0578	0.0302	0.0276	0.0224	0.0220	0.0003	0.0354	0.0082	0.0272	0.0006	0.1848	0.0000	0.1562	0.2975	0.0000	0.0000	0.0000	0.0000	0.0088	0.0000	0.0183	0.0001	0.0000	0.0024	0.0143	0.0000	0.0185	
21	32	0.0651	2	1	1	1	1	0	0	0	0	N	N	N	N	N	N	N	N	N	N	N	N	0.0000	0.0000	0.0000	0.0000	0.0000	0.0000	0.0000	0.0000	0.0000	0.0000	0.0000	0.0000	0.0000	0.0000	0.0000	0.0000	0.0000	0.0000	0.0000	0.0000	1.0018	0.0000	3.0659	1.0000	0.0000	0.0000	0.0000	0.0000	0.0000	0.0000	0.0000	0.0000	0.0000	0.0000	0.0000	0.0000	0.0000	0.0000	0.0000	0.0000	0.0000	0.0000	0.0000	0.0000	0.0000	0.0000	0.0000	0.0000	0.0000	0.0000	0.0000	0.0219	0.0092	0.0127	0.0010	0.0010	0.0000	0.0209	0.0082	0.0127	0.0000	0.0000	0.0000	0.0000	0.0000	0.0000	0.0000	0.0000	0.0000	0.0000	0.0000	0.0000	0.0000	0.0000	0.0000	0.0000	0.0000	0.0000											
21	33	0.0651	2	2	1	1	0	0	0	0	0	Y	N	N	N	N	N	N	N	N	N	N	N	2.7166	0.8334	inf	0.9087	0.9099	inf	inf	0.0132	0.0096	0.0327	0.1002	0.1018	0.0000	0.0056	0.0000	0.0329	0.0049	0.0115	0.0000	0.1103	0.1119	0.0000	0.0000	0.0000	0.0000	0.6447	0.0000	-0.0003	-0.0008	1.0018	2.6608	3.0659	9.9996	0.0013	0.0008	0.0005	0.0008	0.0008	0.0000	0.0005	0.0000	0.0005	0.0010	0.0010	0.0000	0.0010	0.0010	0.0000	0.0000	0.0000	0.0000	0.1020	0.0858	0.0162	0.0082	0.0081	0.0001	0.0938	0.0777	0.0161	0.2033	0.0863	0.1170	0.0090	0.0088	0.0001	0.1943	0.0774	0.1169	2.7166	0.8334	inf	0.9087	0.9099	0.0000	inf	0.0000	inf	0.0049	0.0115	0.0000	0.1103	0.1119	0.0000	0.0000	0.0000	0.0000		
21	34	0.1463	3	1	0	2	0	0	0	0	0	N	N	Y	N	N	N	N	N	N	N	N	N	0.4819	0.7063	0.0072	1.0057	1.0403	3.4223	0.0020	inf	0.0075	0.0041	0.0048	0.0001	0.0116	0.0123	0.0000	0.0000	0.0000	0.0001	0.0085	0.0067	0.0101	0.0115	0.0118	0.0000	0.0073	0.0000	0.0103	0.0025	1.6198	-0.0003	-0.0003	1.0018	3.8106	3.0659	5.1657	0.0006	0.0006	0.0000	0.0006	0.0006	0.0000	0.0000	0.0000	0.0000	0.0016	0.0006	0.0010	0.0006	0.0006	0.0000	0.0010	0.0000	0.0010	0.1418	0.1216	0.0201	0.0501	0.0472	0.0029	0.0917	0.0744	0.0173	0.1877	0.0903	0.0974	0.0529	0.0516	0.0013	0.1348	0.0387	0.0961	0.4819	0.7063	0.0072	1.0057	1.0403	3.4223	0.0020	inf	0.0075	0.0085	0.0067	0.0101	0.0115	0.0118	0.0000	0.0073	0.0000	0.0103
21	35	0.0651	2	1	0	1	0	0	0	0	0	N	N	N	N	N	N	N	N	N	N	N	N	0.0136	0.0025	0.0516	0.0042	0.0043	0.0138	inf	0.0520	0.0027	0.0000	0.0173	0.0002	0.0002	0.0000	0.0028	0.0000	0.0175	0.1959	0.0056	0.3363	0.0541	0.0549	0.0000	0.2025	0.0000	0.3367	227.3124	81.0676	0.0002	0.0064	1.0018	6.2373	3.0659	6.2260	0.0005	0.0000	0.0005	0.0000	0.0000	0.0000	0.0005	0.0000	0.0005	0.0394	0.0005	0.0389	0.0005	0.0005	0.0000	0.0389	0.0000	0.0389	0.1983	0.1679	0.0304	0.0098	0.0096	0.0003	0.1885	0.1583	0.0302	0.2011	0.0853	0.1157	0.0089	0.0087	0.0001	0.1922	0.0766	0.1156	0.0136	0.0025	0.0516	0.0042	0.0043	0.0000	0.0138	inf	0.0520	0.1959	0.0056	0.3363	0.0541	0.0549	0.0000	0.2025	0.0000	0.3367	
21	36	0.0651	2	1	1	1	0	0	0	0	0	N	N	N	N	N	N	N	N	N	N	N	N	1.0999	0.0000	6558.6903	0.0000	0.0000	1834.2248	6605.9141	0.0040	0.0000	0.0256	0.0000	0.0000	0.0000	0.0043	0.0000	0.0258	0.0037	0.0086	0.0000	0.0832	0.0843	0.0000	0.0000	0.0000	0.0000	inf	0.0006	0.0002	-0.0006	1.0018	3.6608	3.0659	7.3397	0.0005	0.0000	0.0005	0.0000	0.0000	0.0000	0.0005	0.0000	0.0005	0.0007	0.0007	0.0000	0.0007	0.0007	0.0000	0.0000	0.0000	0.0000	0.1312	0.1106	0.0207	0.0087	0.0085	0.0002	0.1226	0.1021	0.0205	0.1840	0.0780	0.1060	0.0081	0.0080	0.0001	0.1759	0.0700	0.1059	1.0999	0.0000	6558.6903	0.0000	0.0000	0.0000	1834.2248	0.0000	6605.9141	0.0037	0.0086	0.0000	0.0832	0.0843	0.0000	0.0000	0.0000	0.0000		
21	37	0.1276	4	2	0	2	0	0	0	0	0	Y	N	Y	N	N	N	N	N	N	N	N	N	0.4624	0.2626	0.0000	0.7952	0.7846	0.0000	0.0000	0.0000	0.0000	0.0029	0.0034	0.0000	0.0285	0.0292	0.0000	0.0000	0.0000	0.0000	0.0063	0.0131	0.0002	0.0359	0.0372	0.0004	0.0001	0.0000	0.0002	0.0000	0.0151	-0.0002	-0.0008	1.0018	2.3426	3.0659	5.0131	0.0003	0.0003	0.0000	0.0003	0.0003	0.0000	0.0000	0.0000	0.0000	0.0010	0.0010	0.0000	0.0010	0.0010	0.0000	0.0000	0.0000	0.0000	0.0934	0.0787	0.0147	0.0095	0.0093	0.0002	0.0839	0.0694	0.0145	0.1556	0.0733	0.0823	0.0268	0.0259	0.0009	0.1288	0.0474	0.0813	0.4624	0.2626	0.0000	0.7952	0.7846	0.0000	0.0000	0.0000	0.0000	0.0063	0.0131	0.0002	0.0359	0.0372	0.0004	0.0001	0.0000	0.0002
21	38	0.0998	3	2	0	2	0	0	0	0	0	Y	N	Y	N	N	N	N	N	N	N	N	N	0.1091	0.0322	1.2931	0.1461	0.1475	0.0000	0.3552	0.0000	1.3039	0.0037	0.0022	0.0117	0.0189	0.0194	0.0000	0.0021	0.0000	0.0119	0.0340	0.0684	0.0091	0.1296	0.1313	0.0006	0.0058	0.0110	0.0091	0.9992	0.1489	-0.0000	-0.0035	1.0018	2.4564	3.0659	2.5086	0.0004	0.0002	0.0002	0.0002	0.0002	0.0000	0.0002	0.0000	0.0002	0.0051	0.0044	0.0007	0.0044	0.0044	0.0000	0.0007	0.0000	0.0007	0.0967	0.0815	0.0153	0.0095	0.0093	0.0002	0.0872	0.0722	0.0151	0.1497	0.0771	0.0726	0.0341	0.0336	0.0004	0.1156	0.0435	0.0722	0.1091	0.0384	1.2931	0.1461	0.1475	0.0000	0.3552	0.0000	1.3039	0.0340	0.0574	0.0091	0.1296	0.1313	0.0006	0.0058	0.0002	0.0091
21	39	0.0651	2	1	1	1	0	0	0	0	0	N	N	N	N	N	N	N	N	N	N	N	N	3.4049	0.0000	5533.9455	0.0000	0.0000	1497.5068	5576.8211	0.0029	0.0000	0.0186	0.0000	0.0000	0.0000	0.0030	0.0000	0.0188	0.0008	0.0020	0.0000	0.0190	0.0193	0.0000	0.0000	0.0000	0.0000	inf	0.0023	0.0002	-0.0001	1.0018	5.6608	3.0659	8.0004	0.0005	0.0000	0.0005	0.0000	0.0000	0.0000	0.0005	0.0000	0.0005	0.0002	0.0002	0.0000	0.0002	0.0002	0.0000	0.0000	0.0000	0.0000	0.1842	0.1558	0.0284	0.0096	0.0093	0.0002	0.1747	0.1465	0.0282	0.2141	0.0910	0.1231	0.0095	0.0093	0.0001	0.2046	0.0816	0.1230	3.4049	0.0000	5533.9455	0.0000	0.0000	0.0000	1497.5068	0.0000	5576.8211	0.0008	0.0020	0.0000	0.0190	0.0193	0.0000	0.0000	0.0000	0.0000		
21	40	0.0651	2	2	0	2	0	0	0	0	0	Y	N	Y	N	N	N	N	N	N	N	N	N	24.3817	0.2397	93.7413	0.5867	0.4349	inf	25.0872	94.4709	4.9806	0.0027	32.4837	0.0639	0.0480	0.6170	5.2351	0.0000	32.7717	0.2043	0.0113	0.3465	0.1089	0.1105	0.0000	0.2087	0.0000	0.3469	2165.9557	41.5075	0.4060	0.0061	1.0018	6.3392	3.0659	5.9996	0.9998	0.0005	0.9993	0.0006	0.0005	0.0002	0.9991	0.0000	0.9991	0.0408	0.0010	0.0398	0.0010	0.0010	0.0000	0.0398	0.0000	0.0398	0.2007	0.1700	0.0308	0.0099	0.0096	0.0003	0.1909	0.1604	0.0305	0.1997	0.0847	0.1149	0.0088	0.0087	0.0001	0.1909	0.0761	0.1148	24.3817	0.2397	93.7413	0.5867	0.4349	inf	25.0872	0.0000	94.4709	0.2043	0.0113	0.3465	0.1089	0.1105	0.0000	0.2087	0.0000	0.3469	
21	41	0.0976	3	2	0	2	0	0	0	0	0	Y	N	Y	N	N	N	N	N	N	N	N	N	0.0386	1.0984	0.0932	7.4130	3.0839	5519.2970	0.0157	0.0000	0.0544	0.0107	0.0029	0.0519	0.0518	0.0217	0.9199	0.0054	0.0000	0.0304	0.2774	0.0026	0.5575	0.0070	0.0070	0.0002	0.3404	0.0000	0.5587	3.4358	209.2496	0.0001	0.0073	1.0018	1.9694	3.0659	5.1440	0.0008	0.0002	0.0006	0.0005	0.0002	0.0003	0.0004	0.0000	0.0004	0.0433	0.0002	0.0431	0.0002	0.0002	0.0000	0.0431	0.0000	0.0431	0.0759	0.0638	0.0121	0.0087	0.0084	0.0003	0.0672	0.0554	0.0118	0.1562	0.0789	0.0774	0.0295	0.0293	0.0002	0.1267	0.0495	0.0772	0.0386	1.0984	0.0932	7.4130	3.0839	5519.2970	0.0157	0.0000	0.0544	0.2774	0.0026	0.5575	0.0070	0.0070	0.0002	0.3404	0.0000	0.5587
21	42	0.0651	2	2	0	1	0	0	0	0	0	Y	N	N	N	N	N	N	N	N	N	N	N	590.9351	0.2933	4847.0680	0.3051	0.1907	inf	1338.1284	0.2529	4881.2508	8.1181	0.0053	51.4171	0.0525	0.0332	1.0830	8.7191	0.0028	51.8270	0.0137	0.0180	0.0106	0.1722	0.1743	0.0000	0.0065	0.0112	0.0106	1821.3171	0.8075	0.4057	-0.0005	1.0018	3.3753	3.0659	2.0398	0.9992	0.0005	0.9987	0.0004	0.0003	0.0002	0.9988	0.0003	0.9985	0.0014	0.0008	0.0006	0.0008	0.0008	0.0000	0.0007	0.0000	0.0006	0.1231	0.1037	0.0194	0.0085	0.0084	0.0002	0.1145	0.0953	0.0193	0.1046	0.0441	0.0605	0.0046	0.0045	0.0001	0.1001	0.0396	0.0605	590.9351	0.2933	4847.0680	0.3051	0.1907	inf	1338.1284	11.3155	4881.2508	0.0137	0.0180	0.0106	0.1722	0.1743	0.0000	0.0065	0.0003	0.0106
21	43	0.0651	2	1	0	2	0	0	0	0	0	N	N	Y	N	N	N	N	N	N	N	N	N	0.0166	0.0000	0.0628	0.0000	0.0000	0.0173	0.0633	0.0033	0.0000	0.0214	0.0000	0.0000	0.0000	0.0035	0.0000	0.0216	0.2013	0.0126	0.3405	0.1214	0.1232	0.0000	0.2050	0.0000	0.3408	inf	36.5552	0.0002	0.0060	1.0018	4.6608	3.0659	7.9996	0.0005	0.0000	0.0005	0.0000	0.0000	0.0000	0.0005	0.0000	0.0005	0.0409	0.0011	0.0398	0.0011	0.0011	0.0000	0.0398	0.0000	0.0398	0.1586	0.1339	0.0247	0.0091	0.0089	0.0002	0.1495	0.1249	0.0245	0.2033	0.0863	0.1170	0.0090	0.0088	0.0001	0.1943	0.0774	0.1169	0.0166	0.0000	0.0628	0.0000	0.0000	0.0000	0.0173	0.0000	0.0633	0.2013	0.0126	0.3405	0.1214	0.1232	0.0000	0.2050	0.0000	0.3408		
21	44	0.0651	2	1	1	1	0	0	0	0	0	N	N	N	N	N	N	N	N	N	N	N	N	0.0300	0.0000	inf	0.0000	0.0000	inf	inf	0.0033	0.0000	0.0214	0.0000	0.0000	0.0000	0.0035	0.0000	0.0216	0.1113	0.3266	0.0000	2.5212	2.5572	0.0000	0.0000	0.0000	0.0000	inf	0.0000	0.0002	-0.0187	1.0018	4.6608	3.0659	7.9996	0.0005	0.0000	0.0005	0.0000	0.0000	0.0000	0.0005	0.0000	0.0005	0.0226	0.0226	0.0000	0.0226	0.0226	0.0000	0.0000	0.0000	0.0000	0.1586	0.1339	0.0247	0.0091	0.0089	0.0002	0.1495	0.1249	0.0245	0.2033	0.0863	0.1170	0.0090	0.0088	0.0001	0.1943	0.0774	0.1169	0.0300	0.0000	inf	0.0000	0.0000	0.0000	inf	0.0000	inf	0.1113	0.2621	0.0000	2.5212	2.5572	0.0000	0.0000	0.0000	0.0000		
21	45	0.0998	3	2	1	2	0	0	0	0	0	Y	N	Y	N	N	N	N	N	N	N	N	N	0.0008	0.5309	0.0000	1.0976	1.2710	0.0000	0.0000	0.0000	0.0045	0.0053	0.0000	0.0328	0.0333	0.0000	0.0000	0.0000	0.0000	5.7616	0.0100	17.8775	0.0299	0.0262	0.2425	7.1349	0.0000	19.0312	0.0000	1157.7869	-0.0002	0.1798	1.0018	1.3391	3.0659	5.8433	0.0003	0.0003	0.0000	0.0003	0.0003	0.0000	0.0000	0.0000	0.0000	1.0425	0.0009	1.0416	0.0010	0.0009	0.0001	1.0414	0.0000	1.0414	0.0606	0.0511	0.0096	0.0083	0.0082	0.0001	0.0524	0.0429	0.0095	0.1809	0.0899	0.0910	0.0350	0.0344	0.0006	0.1460	0.0556	0.0904	0.0008	0.5309	0.0000	1.0976	1.2710	0.0000	0.0000	0.0000	0.0000	5.7616	0.0100	11.4446	0.0299	0.0262	0.2425	7.1349	0.0000	11.5187	
21	46	0.0651	2	2	0	1	0	0	0	0	0	Y	N	N	N	N	N	N	N	N	N	N	N	0.0526	2.0066	0.0964	2.0646	2.0696	0.0000	0.0276	0.0971	0.0038	0.0022	0.0118	0.0222	0.0225	0.0000	0.0021	0.0000	0.0119	0.0714	0.0011	0.1226	0.0108	0.0109	0.0001	0.0742	0.0000	0.1227	0.9996	151.2407	-0.0000	0.0013	1.0018	2.4483	3.0659	3.1953	0.0004	0.0002	0.0002	0.0002	0.0002	0.0000	0.0002	0.0000	0.0002	0.0077	0.0001	0.0077	0.0001	0.0001	0.0000	0.0077	0.0000	0.0077	0.0955	0.0803	0.0152	0.0081	0.0080	0.0001	0.0874	0.0724	0.0150	0.1084	0.0457	0.0627	0.0047	0.0047	0.0001	0.1036	0.0410	0.0626	0.0526	2.0066	0.0964	2.0646	2.0696	0.0000	0.0276	0.0000	0.0971	0.0714	0.0011	0.1226	0.0108	0.0109	0.0001	0.0742	0.0000	0.1227	
21	49	0.0651	2	2	1	1	0	0	0	0	0	Y	N	N	N	N	N	N	N	N	N	N	N	0.3937	0.1975	0.3796	0.3857	0.0021	0.0024	0.0000	0.0448	0.0462	0.0000	0.0000	0.0000	0.0000	0.0052	0.0123	0.0000	0.1181	0.1199	0.0000	0.0000	0.0000	0.0000	0.0000	0.0000	-0.0003	-0.0010	1.0018	7.3392	3.0659	7.9996	0.0005	0.0005	0.0000	0.0005	0.0005	0.0000	0.0000	0.0000	0.0000	0.0012	0.0012	0.0000	0.0012	0.0012	0.0000	0.0000	0.0000	0.0000	0.2238	0.1899	0.0339	0.0103	0.0100	0.0003	0.2135	0.1799	0.0336	0.2310	0.0983	0.1327	0.0102	0.0101	0.0002	0.2208	0.0882	0.1325	0.3937	0.1975	0.0000	0.3796	0.3857	0.0000	0.0000	0.0000	0.0000	0.0052	0.0123	0.0000	0.1181	0.1199	0.0000	0.0000	0.0000	0.0000					
21	50	0.0651	2	1	0	1	1	0	0	0	0	N	N	N	N	N	N	N	N	N	N	N	N	0.0904	0.0000	7215.6125	0.0000	0.0000	0.0935	0.0000	7268.9450	0.0033	0.0000	0.0214	0.0000	0.0000	0.0000	0.0035	0.0000	0.0216	0.0369	0.1822	0.0000	0.0167	0.0169	0.0000	0.0378	1.2705	0.0000	inf	0.0000	0.0002	-0.0074	1.0018	4.6608	3.0659	12.0004	0.0005	0.0000	0.0005	0.0000	0.0000	0.0000	0.0005	0.0000	0.0005	0.0090	0.0090	0.0000	0.0002	0.0002	0.0000	0.0088	0.0088	0.0000	0.1586	0.1339	0.0247	0.0091	0.0089	0.0002	0.1495	0.1249	0.0245	0.2433	0.1037	0.1396	0.0108	0.0106	0.0002	0.2325	0.0930	0.1395	0.0904	0.0000	7215.6125	0.0000	0.0000	0.0000	0.0935	0.0000	7268.9450	0.0369	0.0865	0.0000	0.0167	0.0169	0.0000	0.0378	0.0945	0.0000	
21	51	0.0956	3	1	1	2	0	0	0	0	0	N	N	Y	N	N	N	N	N	N	N	N	N	0.0477	0.0000	0.4125	0.3882	0.0075	3.4348	0.0515	0.0000	0.4421	0.0037	0.0000	0.0301	0.0006	0.0000	0.0104	0.0048	0.0000	0.0329	0.0777	0.1763	0.0730	0.0016	0.0015	0.0030	0.0933	1.4477	0.0744	1347.1208	1.0733	0.0001	-0.0022	1.0018	2.4249	3.0659	2.1457	0.0003	0.0000	0.0003	0.0000	0.0000	0.0000	0.0003	0.0000	0.0003	0.0070	0.0034	0.0036	0.0000	0.0000	0.0000	0.0070	0.0034	0.0036	0.0913	0.0801	0.0112	0.0240	0.0227	0.0014	0.0673	0.0574	0.0098	0.0901	0.0404	0.0496	0.0153	0.0144	0.0010	0.0747	0.0261	0.0487	0.0477	0.0000	0.4125	0.3882	0.0075	3.4348	0.0515	0.0000	0.4421	0.0777	0.0835	0.0730	0.0016	0.0015	0.0030	0.0933	0.1287	0.0744
21	52	0.0651	2	1	1	1	0	0	0	0	0	N	N	N	N	N	N	N	N	N	N	N	N	0.0139	0.3476	0.0255	0.5451	0.5489	0.0073	0.0031	0.0256	0.0048	0.0029	0.0152	0.0353	0.0360	0.0000	0.0026	0.0001	0.0153	0.3483	0.0084	0.5959	0.0648	0.0656	0.0000	0.3612	0.0310	0.5965	0.9729	97.5047	-0.0001	0.0060	1.0018	3.5386	3.0659	1.9499	0.0006	0.0003	0.0003	0.0003	0.0003	0.0000	0.0003	0.0000	0.0003	0.0369	0.0004	0.0365	0.0003	0.0003	0.0000	0.0366	0.0001	0.0365	0.1278	0.1076	0.0201	0.0086	0.0084	0.0002	0.1192	0.0992	0.0200	0.1058	0.0446	0.0612	0.0046	0.0046	0.0001	0.1012	0.0400	0.0612	0.0139	0.3476	0.0255	0.5451	0.5489	0.0000	0.0073	0.0511	0.0256	0.3483	0.0084	0.5959	0.0648	0.0656	0.0000	0.3612	0.0019	0.5965	
21	53	0.0651	2	2	0	2	0	0	0	0	0	Y	N	Y	N	N	N	N	N	N	N	N	N	24.0084	0.2408	89.9694	0.4114	0.3024	inf	25.2495	90.6006	8.1920	0.0045	51.8737	0.0741	0.0552	1.0945	8.8010	0.0000	52.2865	0.3412	0.0186	0.5766	0.1802	0.1824	0.0000	0.3486	0.0000	0.5771	2165.9557	42.3910	0.4060	0.0061	1.0018	3.3392	3.0659	2.9996	0.9998	0.0005	0.9993	0.0006	0.0005	0.0002	0.9991	0.0000	0.9991	0.0408	0.0009	0.0398	0.0009	0.0009	0.0000	0.0398	0.0000	0.0398	0.1220	0.1028	0.0193	0.0085	0.0084	0.0002	0.1135	0.0944	0.0191	0.1195	0.0504	0.0691	0.0052	0.0052	0.0001	0.1143	0.0453	0.0690	24.0084	0.2408	89.9694	0.4114	0.3024	inf	25.2495	0.0000	90.6006	0.3412	0.0186	0.5766	0.1802	0.1824	0.0000	0.3486	0.0000	0.5771	
21	54	0.1111	3	2	1	1	0	0	0	0	0	Y	N	N	N	N	N	N	N	N	N	N	N	0.0002	0.0015	0.0000	0.0016	0.0017	0.0154	0.0000	0.0000	0.0000	0.0000	0.0000	0.0000	0.0000	0.0000	0.0000	0.0000	0.0000	0.0000	0.0319	0.0041	0.0623	0.0080	0.0082	0.0001	0.0407	0.0033	0.0631	0.0074	13.7737	-0.0000	0.0002	1.0018	2.0079	3.0659	2.2027	0.0000	0.0000	0.0000	0.0000	0.0000	0.0000	0.0000	0.0000	0.0000	0.0021	0.0001	0.0019	0.0001	0.0001	0.0000	0.0019	0.0000	0.0019	0.0658	0.0582	0.0076	0.0282	0.0262	0.0020	0.0376	0.0320	0.0056	0.0653	0.0341	0.0311	0.0176	0.0172	0.0004	0.0476	0.0169	0.0307	0.0002	0.0015	0.0000	0.0016	0.0017	0.0154	0.0000	0.0000	0.0000	0.0319	0.0041	0.0623	0.0080	0.0082	0.0001	0.0407	0.0000	0.0631
21	55	0.0651	2	2	1	1	0	0	0	0	0	Y	N	N	N	N	N	N	N	N	N	N	N	0.0117	0.2375	0.0000	0.3737	0.3771	0.0000	0.0000	0.0000	0.0000	0.0031	0.0036	0.0000	0.0513	0.0524	0.0000	0.0000	0.0000	0.0000	0.2618	0.0153	0.4422	0.1372	0.1390	0.0000	0.2675	0.0190	0.4426	0.0003	39.3738	-0.0003	0.0058	1.0018	4.3406	3.0659	3.9440	0.0005	0.0005	0.0000	0.0005	0.0005	0.0000	0.0000	0.0000	0.0000	0.0389	0.0010	0.0379	0.0009	0.0009	0.0000	0.0380	0.0001	0.0379	0.1500	0.1266	0.0235	0.0090	0.0088	0.0002	0.1410	0.1178	0.0233	0.1484	0.0627	0.0857	0.0065	0.0064	0.0001	0.1419	0.0563	0.0856	0.0117	0.2375	0.0000	0.3737	0.3771	0.0000	0.0000	0.0000	0.0000	0.2618	0.0153	0.4422	0.1372	0.1390	0.0000	0.2675	0.0012	0.4426
21	56	0.0651	2	1	1	1	0	0	0	0	0	N	N	N	N	N	N	N	N	N	N	N	N	0.0160	0.0046	0.0666	0.0080	0.0080	0.0186	0.0671	0.0055	0.0017	0.0256	0.0219	0.0223	0.0000	0.0043	0.0000	0.0258	0.3421	0.3699	0.3843	2.7425	2.7801	0.0000	0.2317	0.0000	0.3847	2.7822	1.8363	0.0001	-0.0110	1.0018	3.6608	3.0659	7.0004	0.0007	0.0002	0.0005	0.0002	0.0002	0.0000	0.0005	0.0000	0.0005	0.0615	0.0217	0.0398	0.0217	0.0217	0.0000	0.0398	0.0000	0.0398	0.1312	0.1106	0.0207	0.0087	0.0085	0.0002	0.1226	0.1021	0.0205	0.1798	0.0762	0.1036	0.0079	0.0078	0.0001	0.1719	0.0684	0.1035	0.0160	0.0060	0.0666	0.0080	0.0080	0.0000	0.0186	0.0000	0.0671	0.3421	0.2847	0.3843	2.7425	2.7801	0.0000	0.2317	0.0000	0.3847		
21	57	0.0651	2	1	0	2	0	0	0	0	0	N	N	Y	N	N	N	N	N	N	N	N	N	17.2755	0.0000	9167.2593	0.0000	0.0000	2706.6424	9224.3856	0.0075	0.0000	0.0471	0.0000	0.0000	0.0000	0.0084	0.0000	0.0474	0.0004	0.0010	0.0000	0.0098	0.0100	0.0000	0.0000	0.0000	0.0000	inf	0.0069	0.0002	-0.0000	1.0018	1.6608	3.0659	6.0004	0.0005	0.0000	0.0005	0.0000	0.0000	0.0000	0.0005	0.0000	0.0005	0.0001	0.0001	0.0000	0.0001	0.0001	0.0000	0.0000	0.0000	0.0000	0.0707	0.0594	0.0112	0.0077	0.0076	0.0001	0.0630	0.0518	0.0112	0.1395	0.0589	0.0806	0.0061	0.0060	0.0001	0.1334	0.0529	0.0805	17.2755	0.0000	9167.2593	0.0000	0.0000	0.0000	2706.6424	0.0000	9224.3856	0.0004	0.0010	0.0000	0.0098	0.0100	0.0000	0.0000	0.0000	0.0000		
21	58	0.0651	2	2	1	1	0	0	0	0	0	Y	N	N	N	N	N	N	N	N	N	N	N	246.2376	0.1501	1168.0709	0.3567	0.2211	inf	322.5082	1176.5395	6.6639	0.0021	42.5894	0.0491	0.0309	0.8617	7.0857	0.0000	42.9432	0.0271	0.0143	0.0365	0.1376	0.1395	0.0000	0.0220	0.0000	0.0365	3682.4185	3.4662	0.4061	-0.0003	1.0018	4.3392	3.0659	6.9996	0.9996	0.0003	0.9993	0.0004	0.0003	0.0002	0.9991	0.0000	0.9991	0.0051	0.0011	0.0040	0.0011	0.0011	0.0000	0.0040	0.0000	0.0040	0.1500	0.1265	0.0235	0.0090	0.0088	0.0002	0.1410	0.1177	0.0233	0.1881	0.0797	0.1083	0.0083	0.0082	0.0001	0.1798	0.0716	0.1082	246.2376	0.1501	1168.0709	0.3567	0.2211	inf	322.5082	0.0000	1176.5395	0.0271	0.0143	0.0365	0.1376	0.1395	0.0000	0.0220	0.0000	0.0365	
21	59	0.0651	2	2	1	2	0	0	0	0	0	Y	N	Y	N	N	N	N	N	N	N	N	N	13719.0788	0.0000	9945334.5625	1.9887	0.0000	inf	2689080.5838	10020925.0982	5.4267	0.0000	35.1590	0.0177	0.0000	0.6806	5.7236	0.0000	35.4645	0.0004	0.0009	0.0000	0.0089	0.0090	0.0000	0.0000	0.0000	0.0000	inf	0.0052	0.4065	-0.0001	1.0018	5.6608	3.0659	7.0004	0.9998	0.0000	0.9998	0.0002	0.0000	0.0002	0.9997	0.0000	0.9997	0.0001	0.0001	0.0000	0.0001	0.0001	0.0000	0.0000	0.0000	0.0000	0.1842	0.1558	0.0284	0.0096	0.0093	0.0002	0.1747	0.1465	0.0282	0.2033	0.0863	0.1170	0.0090	0.0088	0.0001	0.1943	0.0775	0.1169	13719.0788	0.0000	9945334.5625	1.9887	0.0000	inf	2689080.5838	0.0000	10020925.0982	0.0004	0.0009	0.0000	0.0089	0.0090	0.0000	0.0000	0.0000	0.0000	
21	60	0.0651	2	1	1	1	0	0	0	0	0	N	N	N	N	N	N	N	N	N	N	N	N	0.0000	0.0000	0.0000	0.0000	0.0000	0.0000	0.0000	0.0000	0.0000	0.0000	0.0000	0.0000	0.0000	0.0003	0.0006	0.0000	0.0060	0.0061	0.0000	0.0000	0.0000	0.0000	0.0000	0.0000	-0.0000	1.0018	2.0000	3.0659	4.0000	0.0000	0.0000	0.0000	0.0000	0.0000	0.0000	0.0000	0.0000	0.0000	0.0000	0.0000	0.0000	0.0000	0.0000	0.0000	0.0000	0.0000	0.0000	0.0815	0.0686	0.0130	0.0078	0.0077	0.0001	0.0737	0.0608	0.0129	0.1141	0.0481	0.0660	0.0050	0.0049	0.0001	0.1091	0.0432	0.0659	0.0000	0.0000	0.0000	0.0000	0.0000	0.0000	0.0000	0.0000	0.0000	0.0003	0.0006	0.0000	0.0060	0.0061	0.0000	0.0000	0.0000	0.0000						
21	61	0.0651	2	2	0	2	0	0	0	0	0	Y	N	Y	N	N	N	N	N	N	N	N	N	0.0124	inf	0.0000	inf	inf	0.0000	0.0000	0.0026	0.0031	0.0000	0.0488	0.0501	0.0000	0.0000	0.0000	0.0000	0.2118	0.0000	0.3676	0.0000	0.0000	0.0000	0.2215	0.0000	0.3680	0.0000	inf	-0.0003	0.0069	1.0018	5.3392	3.0659	6.0004	0.0005	0.0005	0.0000	0.0005	0.0005	0.0000	0.0000	0.0000	0.0000	0.0398	0.0000	0.0398	0.0000	0.0000	0.0000	0.0398	0.0000	0.0398	0.1762	0.1489	0.0273	0.0094	0.0092	0.0002	0.1667	0.1397	0.0270	0.1881	0.0797	0.1083	0.0083	0.0082	0.0001	0.1798	0.0716	0.1082	0.0124	inf	0.0000	inf	inf	0.0000	0.0000	0.0000	0.0000	0.2118	0.0000	0.3676	0.0000	0.0000	0.0000	0.2215	0.0000	0.3680		
21	62	0.0651	2	1	1	1	0	0	0	0	0	N	N	N	N	N	N	N	N	N	N	N	N	0.0202	0.7151	0.0569	1.4840	1.5093	0.0149	0.0574	0.0028	0.0009	0.0140	0.0176	0.0182	0.0000	0.0022	0.0000	0.0141	0.1414	0.0012	0.2463	0.0118	0.0121	0.0000	0.1474	0.0000	0.2466	2.7822	265.5361	0.0001	0.0068	1.0018	8.6608	3.0659	13.0004	0.0007	0.0002	0.0005	0.0002	0.0002	0.0000	0.0005	0.0000	0.0005	0.0400	0.0002	0.0398	0.0002	0.0002	0.0000	0.0398	0.0000	0.0398	0.2522	0.2145	0.0377	0.0108	0.0104	0.0004	0.2414	0.2040	0.0374	0.2828	0.1211	0.1617	0.0127	0.0124	0.0002	0.2702	0.1086	0.1615	0.0202	0.7151	0.0569	1.4840	1.5093	0.0000	0.0149	0.0000	0.0574	0.1414	0.0012	0.2463	0.0118	0.0121	0.0000	0.1474	0.0000	0.2466		
21	63	0.1389	3	1	0	2	0	0	0	0	0	N	N	Y	N	N	N	N	N	N	N	N	N	0.0002	0.0000	0.0007	0.0000	0.0000	0.0000	0.0002	0.0006	0.0000	0.0000	0.0000	0.0000	0.0000	0.0000	0.0000	0.0000	0.0000	0.0066	0.0005	0.0128	0.0007	0.0009	0.0000	0.0097	0.0000	0.0152	inf	25.5733	0.0000	0.0000	1.0018	0.9961	3.0659	0.0337	0.0000	0.0000	0.0000	0.0000	0.0000	0.0000	0.0000	0.0000	0.0000	0.0001	0.0000	0.0001	0.0000	0.0000	0.0000	0.0001	0.0000	0.0001	0.0340	0.0284	0.0057	0.0069	0.0065	0.0005	0.0271	0.0219	0.0052	0.0192	0.0097	0.0095	0.0066	0.0051	0.0015	0.0126	0.0045	0.0080	0.0002	0.0000	0.0007	0.0000	0.0000	0.0000	0.0002	0.0000	0.0006	0.0066	0.0005	0.0128	0.0007	0.0009	0.0000	0.0097	0.0000	0.0152	
21	64	0.0651	2	1	0	2	0	0	0	0	0	N	N	Y	N	N	N	N	N	N	N	N	N	0.0189	0.0000	0.0712	0.0000	0.0000	0.0000	0.0199	0.0000	0.0717	0.0040	0.0000	0.0256	0.0000	0.0000	0.0000	0.0043	0.0000	0.0258	0.2131	0.0145	0.3593	0.1306	0.1325	0.0000	0.2169	0.0190	0.3597	32265.5484	33.5491	0.0002	0.0059	1.0018	3.6648	3.0659	8.0029	0.0005	0.0000	0.0005	0.0000	0.0000	0.0000	0.0005	0.0000	0.0005	0.0409	0.0012	0.0397	0.0011	0.0011	0.0000	0.0398	0.0001	0.0397	0.1314	0.1107	0.0207	0.0087	0.0085	0.0002	0.1227	0.1022	0.0205	0.1920	0.0814	0.1105	0.0085	0.0083	0.0001	0.1835	0.0731	0.1104	0.0189	0.0000	0.0712	0.0000	0.0000	0.0000	0.0199	0.0000	0.0717	0.2131	0.0145	0.3593	0.1306	0.1325	0.0000	0.2169	0.0011	0.3597
21	65	0.0651	2	1	1	1	0	0	0	0	0	N	N	N	N	N	N	N	N	N	N	N	N	0.4591	0.0000	inf	0.0000	0.0000	inf	inf	0.0025	0.0000	0.0166	0.0000	0.0000	0.0000	0.0027	0.0000	0.0168	0.0055	0.0129	0.0000	0.1230	0.1252	0.0000	0.0000	0.0000	0.0000	inf	0.0000	0.0002	-0.0014	1.0018	6.6608	3.0659	17.9996	0.0005	0.0000	0.0005	0.0000	0.0000	0.0000	0.0005	0.0000	0.0005	0.0017	0.0017	0.0000	0.0017	0.0017	0.0000	0.0000	0.0000	0.0000	0.2083	0.1765	0.0318	0.0100	0.0097	0.0003	0.1983	0.1668	0.0315	0.3021	0.1297	0.1724	0.0136	0.0133	0.0002	0.2885	0.1163	0.1722	0.4591	0.0000	inf	0.0000	0.0000	0.0000	inf	0.0000	inf	0.0055	0.0129	0.0000	0.1230	0.1252	0.0000	0.0000	0.0000	0.0000		
21	66	0.0651	2	1	1	1	1	0	0	0	0	N	N	N	N	N	N	N	N	N	N	N	N	0.0135	0.2693	0.0000	0.4416	0.4466	0.0000	0.0000	0.0026	0.0031	0.0000	0.0488	0.0501	0.0000	0.0000	0.0000	0.0000	0.1939	0.0115	0.3287	0.1106	0.1122	0.0000	0.1978	0.0000	0.3290	0.0000	38.6854	-0.0003	0.0061	1.0018	5.3392	3.0659	7.9996	0.0005	0.0005	0.0000	0.0005	0.0005	0.0000	0.0000	0.0000	0.0000	0.0409	0.0010	0.0398	0.0010	0.0010	0.0000	0.0398	0.0000	0.0398	0.1762	0.1489	0.0273	0.0094	0.0092	0.0002	0.1667	0.1397	0.0270	0.2107	0.0895	0.1212	0.0093	0.0092	0.0001	0.2014	0.0803	0.1211	0.0135	0.2693	0.0000	0.4416	0.4466	0.0000	0.0000	0.0000	0.0000	0.1939	0.0115	0.3287	0.1106	0.1122	0.0000	0.1978	0.0000	0.3290		
21	67	0.0651	2	1	1	1	0	0	0	0	0	N	N	N	N	N	N	N	N	N	N	N	N	0.0130	0.2810	0.0000	0.5037	0.5105	0.0000	0.0000	0.0023	0.0027	0.0000	0.0467	0.0480	0.0000	0.0000	0.0000	0.0000	0.1765	0.0097	0.3002	0.0927	0.0941	0.0000	0.1804	0.0000	0.3005	0.0000	41.9446	-0.0003	0.0061	1.0018	6.3392	3.0659	8.9996	0.0005	0.0005	0.0000	0.0005	0.0005	0.0000	0.0000	0.0000	0.0000	0.0408	0.0009	0.0398	0.0009	0.0009	0.0000	0.0398	0.0000	0.0398	0.2007	0.1700	0.0308	0.0099	0.0096	0.0003	0.1909	0.1604	0.0305	0.2310	0.0983	0.1327	0.0102	0.0101	0.0002	0.2208	0.0882	0.1325	0.0130	0.2810	0.0000	0.5037	0.5105	0.0000	0.0000	0.0000	0.0000	0.1765	0.0097	0.3002	0.0927	0.0941	0.0000	0.1804	0.0000	0.3005		
21	68	0.0651	2	1	1	1	0	0	0	0	0	N	N	N	N	N	N	N	N	N	N	N	N	37.8365	11.6669	5356.0909	17.7371	17.9092	1470.1495	5396.4598	0.0085	0.0061	0.0214	0.0897	0.0918	0.0000	0.0035	0.0000	0.0216	0.0002	0.0005	0.0000	0.0051	0.0051	0.0000	0.0000	0.0000	0.0000	0.6447	0.0103	-0.0003	-0.0000	1.0018	4.6608	3.0659	6.0004	0.0013	0.0008	0.0005	0.0008	0.0008	0.0000	0.0005	0.0000	0.0005	0.0000	0.0000	0.0000	0.0000	0.0000	0.0000	0.0000	0.0000	0.0000	0.1586	0.1339	0.0247	0.0091	0.0089	0.0002	0.1495	0.1249	0.0245	0.1798	0.0762	0.1036	0.0079	0.0078	0.0001	0.1719	0.0684	0.1035	37.8365	11.6669	5356.0909	17.7371	17.9092	0.0000	1470.1495	0.0000	5396.4598	0.0002	0.0005	0.0000	0.0051	0.0051	0.0000	0.0000	0.0000	0.0000		
21	69	0.0910	3	1	1	1	0	0	0	0	0	N	N	N	N	N	N	N	N	N	N	N	N	29.5828	0.1960	104.1233	34.7851	0.3360	1725.5522	29.6324	0.0000	102.9944	4.0101	0.0021	26.5524	0.7623	0.0074	32.7048	5.1101	0.0000	26.3047	0.1356	0.0109	0.2550	0.0219	0.0219	0.0190	0.1724	0.0015	0.2554	2201.4460	24.3129	0.2538	0.0033	1.0018	3.0720	3.0659	3.7333	0.6251	0.0003	0.6248	0.0301	0.0003	0.0298	0.5950	0.0000	0.5950	0.0248	0.0010	0.0239	0.0010	0.0010	0.0000	0.0239	0.0000	0.0239	0.1559	0.1324	0.0235	0.0394	0.0385	0.0009	0.1164	0.0938	0.0226	0.1833	0.0897	0.0936	0.0449	0.0448	0.0002	0.1384	0.0449	0.0934	29.5828	0.1960	104.1233	34.7851	0.3360	1725.5522	29.6324	0.0000	102.9944	0.1356	0.0109	0.2550	0.0219	0.0219	0.0190	0.1724	0.0000	0.2554
21	70	0.0651	2	1	1	1	0	0	0	0	0	N	N	N	N	N	N	N	N	N	N	N	N	34.5813	30.1175	121.7748	0.5222	0.4282	2312.0814	38.0608	0.7932	122.5132	5.9112	0.5207	34.4343	0.0468	0.0388	0.8258	6.6469	0.5934	34.6744	0.1709	0.0173	0.2828	0.0896	0.0907	0.0004	0.1746	0.7481	0.2830	12.4984	22.4717	0.1345	0.0022	1.0018	1.5925	3.0659	3.3727	0.4045	0.0300	0.3746	0.0004	0.0003	0.0001	0.4042	0.0297	0.3745	0.0166	0.0007	0.0159	0.0004	0.0004	0.0000	0.0162	0.0003	0.0159	0.0684	0.0576	0.0109	0.0076	0.0076	0.0001	0.0608	0.0500	0.0108	0.0971	0.0409	0.0562	0.0042	0.0042	0.0001	0.0929	0.0367	0.0561	34.5813	30.1175	121.7748	0.5222	0.4282	2312.0814	38.0608	66.4021	122.5132	0.1709	0.0173	0.2828	0.0896	0.0907	0.0004	0.1746	0.0089	0.2830
21	71	0.0651	2	1	1	1	0	0	0	0	0	N	N	N	N	N	N	N	N	N	N	N	N	6.5496	0.0000	6496.2784	0.0000	0.0000	1762.3605	6545.9692	0.0029	0.0000	0.0186	0.0000	0.0000	0.0000	0.0030	0.0000	0.0188	0.0004	0.0010	0.0000	0.0098	0.0100	0.0000	0.0000	0.0000	0.0000	inf	0.0038	0.0002	-0.0001	1.0018	5.6608	3.0659	12.0004	0.0005	0.0000	0.0005	0.0000	0.0000	0.0000	0.0005	0.0000	0.0005	0.0001	0.0001	0.0000	0.0001	0.0001	0.0000	0.0000	0.0000	0.0000	0.1842	0.1558	0.0284	0.0096	0.0093	0.0002	0.1747	0.1465	0.0282	0.2521	0.1075	0.1445	0.0112	0.0110	0.0002	0.2408	0.0965	0.1444	6.5496	0.0000	6496.2784	0.0000	0.0000	0.0000	1762.3605	0.0000	6545.9692	0.0004	0.0010	0.0000	0.0098	0.0100	0.0000	0.0000	0.0000	0.0000		
21	73	0.0651	2	2	1	1	1	0	0	0	0	Y	N	N	N	N	N	N	N	N	N	N	N	0.0209	1.7586	0.0000	2.2090	2.2173	0.0000	0.0000	0.0038	0.0045	0.0000	0.0542	0.0552	0.0000	0.0000	0.0000	0.0000	0.1812	0.0026	0.3134	0.0245	0.0249	0.0000	0.1885	0.0000	0.3137	0.0000	165.9601	-0.0003	0.0067	1.0018	3.3392	3.0659	11.0004	0.0005	0.0005	0.0000	0.0005	0.0005	0.0000	0.0000	0.0000	0.0000	0.0401	0.0002	0.0398	0.0002	0.0002	0.0000	0.0398	0.0000	0.0398	0.1220	0.1028	0.0193	0.0085	0.0084	0.0002	0.1135	0.0944	0.0191	0.2211	0.0940	0.1271	0.0098	0.0096	0.0001	0.2113	0.0844	0.1270	0.0209	1.7586	0.0000	2.2090	2.2173	0.0000	0.0000	0.0000	0.0000	0.1812	0.0026	0.3134	0.0245	0.0249	0.0000	0.1885	0.0000	0.3137		
21	74	0.0651	2	1	1	1	1	0	0	0	0	N	N	N	N	N	N	N	N	N	N	N	N	23.4005	2345.0581	0.0000	2.6467	2.6853	23.6311	inf	0.0000	4.9806	5.8821	0.0000	0.0639	0.0658	0.0000	5.2351	6.2303	0.0000	0.2128	0.0025	0.3676	0.0242	0.0245	0.0000	0.2215	0.0000	0.3680	0.0000	199.1521	-0.5934	0.0067	1.0018	6.3392	3.0659	5.0004	0.9998	0.9998	0.0000	0.0006	0.0006	0.0000	0.9991	0.9991	0.0000	0.0400	0.0002	0.0398	0.0002	0.0002	0.0000	0.0398	0.0000	0.0398	0.2007	0.1700	0.0308	0.0099	0.0096	0.0003	0.1909	0.1604	0.0305	0.1881	0.0797	0.1083	0.0083	0.0082	0.0001	0.1798	0.0716	0.1082	23.4005	2345.0581	0.0000	2.6467	2.6853	0.0000	23.6311	inf	0.0000	0.2128	0.0025	0.3676	0.0242	0.0245	0.0000	0.2215	0.0000	0.3680	
21	75	0.1354	3	1	1	1	0	0	0	0	0	N	N	N	N	N	N	N	N	N	N	N	N	0.0008	0.0006	0.0000	0.0009	0.0009	0.0000	0.0000	0.0000	0.0000	0.0000	0.0000	0.0000	0.0000	0.0000	0.0000	0.0000	0.0000	0.0192	0.0265	0.0110	0.0341	0.0345	0.0000	0.0088	0.0019	0.0111	0.0098	0.3693	-0.0000	-0.0006	1.0018	0.0009	3.0659	1.7419	0.0000	0.0000	0.0000	0.0000	0.0000	0.0000	0.0000	0.0000	0.0000	0.0010	0.0007	0.0003	0.0007	0.0007	0.0000	0.0003	0.0000	0.0003	0.0032	0.0031	0.0001	0.0017	0.0017	0.0000	0.0015	0.0015	0.0001	0.0515	0.0272	0.0243	0.0212	0.0209	0.0002	0.0304	0.0063	0.0241	0.0008	0.0006	0.0000	0.0009	0.0009	0.0000	0.0000	0.0000	0.0000	0.0192	0.0265	0.0110	0.0341	0.0345	0.0000	0.0088	0.0000	0.0111	
21	76	0.0651	2	1	1	1	0	0	0	0	0	N	N	N	N	N	N	N	N	N	N	N	N	0.0111	0.4298	0.0000	0.7570	0.7676	0.0000	0.0000	0.0024	0.0028	0.0000	0.0471	0.0484	0.0000	0.0000	0.0000	0.0000	0.2117	0.0065	0.3628	0.0622	0.0631	0.0000	0.2186	0.0000	0.3632	0.0000	76.2917	-0.0003	0.0064	1.0018	6.1537	3.0659	5.2905	0.0005	0.0005	0.0000	0.0005	0.0005	0.0000	0.0000	0.0000	0.0000	0.0401	0.0005	0.0396	0.0005	0.0005	0.0000	0.0396	0.0000	0.0396	0.1963	0.1662	0.0301	0.0098	0.0095	0.0003	0.1865	0.1566	0.0299	0.1893	0.0803	0.1090	0.0083	0.0082	0.0001	0.1810	0.0720	0.1089	0.0111	0.4298	0.0000	0.7570	0.7676	0.0000	0.0000	0.0000	0.0000	0.2117	0.0065	0.3628	0.0622	0.0631	0.0000	0.2186	0.0000	0.3632		
21	77	0.0651	2	1	0	2	1	0	0	0	0	N	N	Y	N	N	N	N	N	N	N	N	N	0.0131	1.3820	0.0000	2.2644	2.2902	0.0000	0.0000	0.0026	0.0031	0.0000	0.0488	0.0501	0.0000	0.0000	0.0000	0.0000	0.2004	0.0022	0.3465	0.0216	0.0219	0.0000	0.2087	0.0000	0.3469	0.0000	209.6338	-0.0003	0.0067	1.0018	5.3392	3.0659	7.0004	0.0005	0.0005	0.0000	0.0005	0.0005	0.0000	0.0000	0.0000	0.0000	0.0400	0.0002	0.0398	0.0002	0.0002	0.0000	0.0398	0.0000	0.0398	0.1762	0.1489	0.0273	0.0094	0.0092	0.0002	0.1667	0.1397	0.0270	0.1997	0.0847	0.1149	0.0088	0.0087	0.0001	0.1909	0.0761	0.1148	0.0131	1.3820	0.0000	2.2644	2.2902	0.0000	0.0000	0.0000	0.0000	0.2004	0.0022	0.3465	0.0216	0.0219	0.0000	0.2087	0.0000	0.3469		
21	78	0.0651	2	1	0	2	1	0	0	0	0	N	N	Y	N	N	N	N	N	N	N	N	N	0.0124	0.2145	0.0000	0.3843	0.3895	0.0000	0.0000	0.0023	0.0027	0.0000	0.0467	0.0480	0.0000	0.0000	0.0000	0.0000	0.1855	0.0127	0.3134	0.1216	0.1233	0.0000	0.1885	0.0000	0.3137	0.0000	33.4822	-0.0003	0.0059	1.0018	6.3392	3.0659	7.9996	0.0005	0.0005	0.0000	0.0005	0.0005	0.0000	0.0000	0.0000	0.0000	0.0410	0.0012	0.0398	0.0012	0.0012	0.0000	0.0398	0.0000	0.0398	0.2007	0.1700	0.0308	0.0099	0.0096	0.0003	0.1909	0.1604	0.0305	0.2211	0.0940	0.1271	0.0098	0.0096	0.0001	0.2113	0.0844	0.1270	0.0124	0.2145	0.0000	0.3843	0.3895	0.0000	0.0000	0.0000	0.0000	0.1855	0.0127	0.3134	0.1216	0.1233	0.0000	0.1885	0.0000	0.3137		
21	79	0.0651	2	1	1	1	0	0	0	0	0	N	N	N	N	N	N	N	N	N	N	N	N	5.0842	2.5551	0.0000	1.7840	1.7774	0.0000	0.0000	0.0077	0.0091	0.0000	0.0616	0.0621	0.0000	0.0000	0.0000	0.0000	0.0015	0.0036	0.0000	0.0345	0.0349	0.0000	0.0000	0.0000	0.0000	0.0000	0.0023	-0.0003	-0.0001	1.0018	1.3392	3.0659	5.0004	0.0005	0.0005	0.0000	0.0005	0.0005	0.0000	0.0000	0.0000	0.0000	0.0002	0.0002	0.0000	0.0002	0.0002	0.0000	0.0000	0.0000	0.0000	0.0601	0.0506	0.0095	0.0075	0.0074	0.0001	0.0526	0.0431	0.0095	0.1195	0.0504	0.0691	0.0052	0.0052	0.0001	0.1143	0.0453	0.0690	5.0842	2.5551	0.0000	1.7840	1.7774	0.0000	0.0000	0.0000	0.0000	0.0015	0.0036	0.0000	0.0345	0.0349	0.0000	0.0000	0.0000	0.0000		
21	80	0.0651	2	2	1	1	0	0	0	0	0	Y	N	N	N	N	N	N	N	N	N	N	N	0.0118	0.2062	0.0000	0.4203	0.4276	0.0000	0.0000	0.0019	0.0022	0.0000	0.0432	0.0446	0.0000	0.0000	0.0000	0.0000	0.1591	0.0107	0.2696	0.1028	0.1044	0.0000	0.1618	0.0000	0.2700	0.0000	33.7661	-0.0003	0.0059	1.0018	8.3392	3.0659	9.9996	0.0005	0.0005	0.0000	0.0005	0.0005	0.0000	0.0000	0.0000	0.0000	0.0410	0.0012	0.0398	0.0012	0.0012	0.0000	0.0398	0.0000	0.0398	0.2455	0.2087	0.0368	0.0107	0.0103	0.0003	0.2348	0.1983	0.0365	0.2577	0.1100	0.1477	0.0115	0.0113	0.0002	0.2462	0.0987	0.1475	0.0118	0.2062	0.0000	0.4203	0.4276	0.0000	0.0000	0.0000	0.0000	0.1591	0.0107	0.2696	0.1028	0.1044	0.0000	0.1618	0.0000	0.2700		
22	26	0.1094	2	1	2	0	0	0	0	0	0	N	Y	N	N	N	N	N	N	N	N	N	N	0.0000	0.0000	0.0000	0.0000	0.0000	0.0000	0.0000	0.0000	0.0000	0.0000	0.0000	0.0000	0.0000	0.0000	0.0000	0.0000	0.0000	0.0000	0.0000	0.0000	3.6608	0.0026	8.9996	0.9906	0.0000	0.0000	0.0000	0.0000	0.0000	0.0000	0.0000	0.0000	0.0000	0.0000	0.0000	0.0000	0.0000	0.0000	0.0000	0.0000	0.0000	0.0000	0.3687	0.2685	0.1003	0.1853	0.1851	0.0002	0.1834	0.0833	0.1001	0.2588	0.1344	0.1244	0.1082	0.1081	0.0001	0.1506	0.0262	0.1244	0.0000	0.0000	0.0000	0.0000	0.0000	0.0000	0.0000	0.0000	0.0000	0.0000	0.0000	0.0000	0.0000	0.0000	0.0000	0.0000	0.0000	0.0000											
22	31	0.1538	2	1	2	0	0	0	0	0	0	N	Y	N	N	N	N	N	N	N	N	N	N	0.0019	0.0011	0.0000	0.0004	0.0004	0.0000	0.0283	inf	0.0000	0.0035	0.0039	0.0000	0.0018	0.0019	0.0000	0.0048	0.0055	0.0000	1.8557	3.4093	0.2232	4.8741	4.9554	0.0464	0.1692	0.0000	0.2254	0.0000	0.0623	-0.0001	-0.2070	3.6608	0.1965	8.9996	2.3074	0.0001	0.0001	0.0000	0.0000	0.0000	0.0000	0.0001	0.0001	0.0000	0.2696	0.2537	0.0158	0.2538	0.2537	0.0000	0.0158	0.0000	0.0158	0.0357	0.0325	0.0033	0.0148	0.0142	0.0006	0.0209	0.0183	0.0026	0.1453	0.0744	0.0708	0.0521	0.0512	0.0009	0.0932	0.0232	0.0700	0.0019	0.0011	0.0000	0.0004	0.0004	0.0000	0.0283	inf	0.0000	1.8557	3.4093	0.2232	4.8741	4.9554	0.0464	0.1692	0.0000	0.2254
22	34	0.1647	2	0	1	1	0	0	0	0	0	N	N	N	N	N	N	N	N	N	N	N	N	0.0006	0.0000	0.0029	0.0002	0.0000	0.1043	0.0008	0.0030	0.0024	0.0000	0.0178	0.0007	0.0000	0.0132	0.0034	0.0000	0.0185	4.3147	2.4952	6.1361	4.3836	4.5039	0.1264	4.2873	0.0000	6.2319	inf	2.4566	0.0005	-0.2322	3.6608	3.8106	8.9996	5.1657	0.0012	0.0000	0.0012	0.0001	0.0000	0.0001	0.0011	0.0000	0.0011	2.0030	0.5795	1.4235	0.5799	0.5795	0.0005	1.4230	0.0000	1.4230	0.5166	0.4469	0.0697	0.1941	0.1841	0.0100	0.3225	0.2628	0.0597	0.4642	0.2322	0.2320	0.1323	0.1287	0.0036	0.3319	0.1036	0.2283	0.0006	0.0000	0.0029	0.0002	0.0000	0.1043	0.0008	0.0000	0.0030	4.3147	2.4952	6.1361	4.3836	4.5039	0.1264	4.2873	0.0000	6.2319	
22	37	0.1460	3	1	1	1	0	0	0	0	0	N	N	N	N	N	N	N	N	N	N	N	N	0.1613	13.3790	0.0000	10.9409	12.0854	0.0000	0.0000	0.0000	0.4390	0.5865	0.0000	1.7354	1.7442	0.0000	0.0000	0.0000	0.0000	2.7218	0.0438	4.9604	0.1586	0.1443	0.4554	3.1564	0.0000	5.0162	0.0000	135.3672	-0.1337	0.1698	3.6608	2.3426	8.9996	5.0131	0.2253	0.2253	0.0000	0.2253	0.2253	0.0000	0.0000	0.0000	0.0000	1.0228	0.0075	1.0153	0.0086	0.0075	0.0011	1.0141	0.0000	1.0141	0.5131	0.3841	0.1291	0.1298	0.1291	0.0007	0.3833	0.2549	0.1284	0.3758	0.1711	0.2047	0.0545	0.0520	0.0025	0.3213	0.1191	0.2022	0.1613	13.3790	0.0000	10.9409	12.0854	0.0000	0.0000	0.0000	0.0000	2.7218	0.0438	4.9604	0.1586	0.1443	0.4554	3.1564	0.0000	5.0162	
22	38	0.1182	2	1	1	1	0	0	0	0	0	N	N	N	N	N	N	N	N	N	N	N	N	0.1176	0.3922	0.1009	0.4456	0.4412	0.0000	0.0705	0.0052	0.0948	0.5665	0.3788	1.1333	1.1398	1.1457	0.0000	0.3779	0.0049	1.1392	4.8182	0.9659	11.2301	2.5577	2.5965	0.1615	5.3567	0.9323	12.0206	0.9906	8.7188	-0.0285	0.1172	3.6608	2.4564	8.9996	2.5086	0.2974	0.1494	0.1480	0.1481	0.1481	0.0000	0.1493	0.0013	0.1480	1.6635	0.1712	1.4923	0.1699	0.1697	0.0002	1.4936	0.0014	1.4921	0.5251	0.3945	0.1306	0.1300	0.1293	0.0007	0.3951	0.2652	0.1299	0.3452	0.1772	0.1680	0.0664	0.0654	0.0011	0.2788	0.1118	0.1670	0.1176	0.3922	0.1276	0.4456	0.4412	0.0000	0.0705	0.3777	0.1275	4.8182	0.9659	8.8809	2.5577	2.5965	0.1615	5.3567	0.0129	8.9362
22	41	0.1159	2	1	1	1	0	0	0	0	0	N	N	N	N	N	N	N	N	N	N	N	N	0.0007	2.4024	0.0000	2.8546	2.9007	0.0002	inf	0.0000	0.0038	0.0045	0.0000	0.0186	0.0190	0.0000	0.0015	0.0018	0.0000	5.6681	0.0019	15.0938	0.0065	0.0065	0.0000	6.5535	0.0000	15.4128	0.0000	6440.0193	-0.0007	0.3682	3.6608	1.9694	8.9996	5.1440	0.0011	0.0011	0.0000	0.0007	0.0007	0.0000	0.0004	0.0004	0.0000	2.1255	0.0003	2.1252	0.0003	0.0003	0.0000	2.1252	0.0000	2.1252	0.2869	0.2436	0.0433	0.0398	0.0390	0.0008	0.2471	0.2047	0.0425	0.3750	0.1757	0.1993	0.0507	0.0505	0.0002	0.3243	0.1253	0.1990	0.0007	2.4024	0.0000	2.8546	2.9007	0.0000	0.0002	inf	0.0000	5.6681	0.0019	10.6653	0.0065	0.0065	0.0000	6.5535	0.0000	10.6777	
22	45	0.1182	2	1	2	1	0	0	0	0	0	N	Y	N	N	N	N	N	N	N	N	N	N	0.1006	0.3159	0.0000	0.2307	0.2262	0.0000	0.0000	0.5649	0.7931	0.0000	1.8179	1.8234	0.0000	0.0000	0.0000	0.0000	5.6172	2.5106	10.3661	7.8787	8.0602	0.0000	5.1985	0.0000	10.7180	0.0000	3.5645	-0.1330	-0.1083	3.6608	1.3391	8.9996	5.8433	0.2241	0.2241	0.0000	0.2241	0.2241	0.0000	0.0000	0.0000	0.0000	2.3693	0.5191	1.8502	0.5191	0.5191	0.0000	1.8502	0.0000	1.8502	0.3967	0.2825	0.1142	0.1233	0.1229	0.0004	0.2734	0.1596	0.1138	0.4218	0.2068	0.2150	0.0659	0.0644	0.0015	0.3559	0.1424	0.2136	0.1006	0.3159	0.0000	0.2307	0.2262	0.0000	0.0000	0.0000	0.0000	5.6172	2.5106	8.6039	7.8787	8.0602	0.0000	5.1985	0.0000	8.6637		
22	47	0.1232	2	1	2	1	0	0	0	0	0	N	Y	N	N	N	N	N	N	N	N	N	N	0.0184	0.2003	0.0277	0.2703	0.2720	0.0075	0.0279	0.0037	0.0027	0.0094	0.0346	0.0354	0.0000	0.0015	0.0000	0.0095	0.2019	0.0133	0.3410	0.1282	0.1300	0.0000	0.2053	0.0000	0.3414	0.6369	34.6472	-0.0003	0.0060	3.6608	3.0001	8.9996	1.0598	0.0014	0.0008	0.0005	0.0008	0.0008	0.0000	0.0005	0.0000	0.0005	0.0410	0.0011	0.0398	0.0011	0.0011	0.0000	0.0398	0.0000	0.0398	0.3665	0.3106	0.0560	0.0240	0.0235	0.0005	0.3426	0.2871	0.0555	0.2030	0.0862	0.1168	0.0090	0.0088	0.0001	0.1940	0.0773	0.1167	0.0184	0.2003	0.0277	0.2703	0.2720	0.0000	0.0075	0.0000	0.0279	0.2019	0.0133	0.3410	0.1282	0.1300	0.0000	0.2053	0.0000	0.3414		
22	51	0.1139	2	0	2	1	0	0	0	0	0	N	Y	N	N	N	N	N	N	N	N	N	N	0.9048	0.0000	2.1174	0.8193	0.0000	2.4734	1.1854	2.1487	0.5322	0.0000	2.2430	0.0623	0.0000	1.5276	0.8013	0.0000	2.2907	0.5883	0.0153	1.0593	0.0760	0.0496	0.6176	0.6760	0.0000	1.0661	inf	84.4838	0.1134	0.0204	3.6608	2.4249	8.9996	2.1457	0.2791	0.0000	0.2791	0.0119	0.0000	0.0119	0.2672	0.0000	0.2672	0.1265	0.0015	0.1250	0.0024	0.0015	0.0009	0.1241	0.0000	0.1241	0.5243	0.3999	0.1244	0.1909	0.1831	0.0078	0.3334	0.2168	0.1166	0.2150	0.0970	0.1180	0.0314	0.0298	0.0016	0.1836	0.0672	0.1164	0.9048	0.0000	2.1174	0.8193	0.0000	2.6966	1.1854	0.0000	2.1487	0.5883	0.0153	1.0593	0.0760	0.0496	0.5665	0.6760	0.0000	1.0661	
22	54	0.1295	2	1	2	0	0	0	0	0	0	N	Y	N	N	N	N	N	N	N	N	N	N	0.5922	1093.1639	0.0014	0.0953	0.2095	0.0028	0.7708	inf	0.0014	3.9068	4.4229	0.0330	0.0030	0.0019	0.0190	6.5066	7.6911	0.0367	6.5974	0.0040	23.8134	0.0314	0.0092	6.7044	8.4411	0.0000	26.3400	0.0010	3273.7876	-0.5912	0.1927	3.6608	2.0079	8.9996	2.2027	0.9978	0.9968	0.0010	0.0003	0.0002	0.0001	0.9975	0.9966	0.0009	1.1134	0.0003	1.1131	0.0012	0.0003	0.0008	1.1123	0.0000	1.1123	0.2554	0.2254	0.0300	0.1021	0.0958	0.0063	0.1533	0.1296	0.0237	0.1688	0.0840	0.0847	0.0370	0.0369	0.0001	0.1318	0.0472	0.0846	0.5922	1093.1639	0.0025	0.0953	0.2095	0.0028	0.7708	inf	0.0028	6.5974	0.0040	13.1365	0.0314	0.0092	6.7044	8.4411	0.0000	13.1458
22	63	0.1573	2	0	1	1	0	0	0	0	0	N	N	N	N	N	N	N	N	N	N	N	N	0.0055	0.0000	0.0166	0.0185	0.0000	0.0830	0.0046	0.0146	0.0018	0.0000	0.0119	0.0003	0.0000	0.0061	0.0023	0.0000	0.0124	0.3367	0.0004	0.7167	0.0176	0.0008	0.0735	0.5082	0.0000	0.8504	inf	1530.7919	0.0001	0.0026	3.6608	0.9961	8.9996	0.0337	0.0002	0.0000	0.0002	0.0000	0.0000	0.0000	0.0002	0.0000	0.0002	0.0153	0.0000	0.0153	0.0003	0.0000	0.0003	0.0150	0.0000	0.0150	0.1249	0.1056	0.0193	0.0307	0.0290	0.0016	0.0943	0.0766	0.0177	0.0455	0.0241	0.0214	0.0159	0.0122	0.0037	0.0296	0.0119	0.0177	0.0055	0.0000	0.0166	0.0185	0.0000	0.0830	0.0046	0.0000	0.0146	0.3367	0.0004	0.7167	0.0176	0.0008	0.0735	0.5082	0.0000	0.8504	
22	69	0.1094	2	0	2	0	0	0	0	0	0	N	Y	N	N	N	N	N	N	N	N	N	N	0.2721	41.2685	0.0000	10.9581	11.0793	0.2391	inf	0.0000	1.1205	1.3963	0.0000	0.8202	0.8312	0.0000	1.2494	1.7272	0.0000	4.1187	0.0338	8.5198	0.0749	0.0750	0.0000	5.2252	0.0000	8.6692	0.0000	255.1017	-0.4530	0.3107	3.6608	3.0720	8.9996	3.7333	0.7633	0.7633	0.0000	0.1678	0.1678	0.0000	0.5955	0.5955	0.0000	1.8337	0.0072	1.8265	0.0072	0.0072	0.0000	1.8265	0.0000	1.8265	0.6812	0.5466	0.1346	0.2045	0.2018	0.0027	0.4767	0.3448	0.1319	0.4452	0.2116	0.2336	0.0957	0.0954	0.0002	0.3496	0.1162	0.2334	0.2721	41.2685	0.0000	10.9581	11.0793	0.0000	0.2391	inf	0.0000	4.1187	0.0338	7.8190	0.0749	0.0750	0.0000	5.2252	0.0000	7.8261	
22	75	0.1538	2	0	2	0	0	0	0	0	0	N	Y	N	N	N	N	N	N	N	N	N	N	0.0018	10.6582	0.0000	1.9382	3.0627	0.0000	0.0019	inf	0.0000	0.0109	0.0112	0.0000	0.0043	0.0044	0.0000	0.0181	0.0190	0.0000	5.9772	0.0011	19.6368	0.0022	0.0014	0.0654	9.7412	0.0000	22.6614	0.0000	10880.8812	-0.0001	0.1320	3.6608	0.0009	8.9996	1.7419	0.0001	0.0001	0.0000	0.0000	0.0000	0.0000	0.0001	0.0001	0.0000	0.7617	0.0001	0.7617	0.0001	0.0001	0.0000	0.7616	0.0000	0.7616	0.0116	0.0113	0.0004	0.0061	0.0060	0.0001	0.0055	0.0053	0.0003	0.1274	0.0664	0.0610	0.0493	0.0486	0.0006	0.0782	0.0178	0.0604	0.0018	10.6582	0.0000	1.9382	3.0627	0.0000	0.0019	inf	0.0000	5.9772	0.0011	12.4852	0.0022	0.0014	0.0654	9.7412	0.0000	12.6110
23	26	0.1052	2	1	2	0	0	0	0	0	0	N	Y	N	N	N	N	N	N	N	N	N	N	0.0000	0.0000	0.0000	0.0000	0.0000	0.0000	0.0000	0.0000	0.0000	0.0000	0.0000	0.0000	0.0000	0.0000	0.0000	0.0000	0.0000	0.0000	0.0000	0.0000	4.3392	0.0026	7.9996	0.9906	0.0000	0.0000	0.0000	0.0000	0.0000	0.0000	0.0000	0.0000	0.0000	0.0000	0.0000	0.0000	0.0000	0.0000	0.0000	0.0000	0.0000	0.0000	0.4025	0.2992	0.1033	0.2023	0.2021	0.0002	0.2002	0.0970	0.1031	0.2543	0.1320	0.1223	0.1063	0.1063	0.0001	0.1480	0.0257	0.1223	0.0000	0.0000	0.0000	0.0000	0.0000	0.0000	0.0000	0.0000	0.0000	0.0000	0.0000	0.0000	0.0000	0.0000	0.0000	0.0000	0.0000	0.0000											
23	31	0.1496	2	1	2	0	0	0	0	0	0	N	Y	N	N	N	N	N	N	N	N	N	N	0.0015	0.0008	0.0160	0.0000	0.0000	0.0000	0.0273	inf	0.0198	0.0028	0.0027	0.0036	0.0000	0.0000	0.0000	0.0047	0.0047	0.0045	1.8893	3.4723	0.2272	4.9560	5.0382	0.0474	0.1724	0.0000	0.2294	0.1357	0.0623	-0.0001	-0.2070	4.3392	0.1965	7.9996	2.3074	0.0001	0.0001	0.0000	0.0000	0.0000	0.0000	0.0001	0.0001	0.0000	0.2695	0.2537	0.0158	0.2538	0.2537	0.0000	0.0158	0.0000	0.0158	0.0411	0.0373	0.0037	0.0169	0.0162	0.0007	0.0242	0.0212	0.0030	0.1427	0.0731	0.0696	0.0512	0.0504	0.0008	0.0915	0.0227	0.0688	0.0015	0.0008	0.0160	0.0000	0.0000	0.0000	0.0273	inf	0.0198	1.8893	3.4723	0.2272	4.9560	5.0382	0.0474	0.1724	0.0000	0.2294
23	34	0.1605	2	0	1	1	0	0	0	0	0	N	N	N	N	N	N	N	N	N	N	N	N	0.0003	0.0005	0.0001	0.0006	0.0006	0.0150	0.0000	0.0000	0.0011	0.0012	0.0004	0.0029	0.0030	0.0017	0.0000	0.0000	0.0001	4.3988	2.5449	6.2537	4.4691	4.5917	0.1154	4.3708	0.0000	6.3510	0.0483	2.4561	-0.0004	-0.2322	4.3392	3.8106	7.9996	5.1657	0.0007	0.0006	0.0000	0.0006	0.0006	0.0000	0.0000	0.0000	0.0000	2.0024	0.5794	1.4231	0.5798	0.5794	0.0004	1.4226	0.0000	1.4226	0.5916	0.5122	0.0794	0.2206	0.2090	0.0116	0.3710	0.3032	0.0678	0.4552	0.2277	0.2276	0.1297	0.1262	0.0036	0.3255	0.1015	0.2240	0.0003	0.0005	0.0001	0.0006	0.0006	0.0150	0.0000	0.0000	0.0000	4.3988	2.5449	6.2537	4.4691	4.5917	0.1154	4.3708	0.0000	6.3510	
23	37	0.1418	3	1	1	1	0	0	0	0	0	N	N	N	N	N	N	N	N	N	N	N	N	0.0759	0.1544	0.1699	0.1355	0.1508	0.0000	0.0838	0.1690	0.2102	0.0065	0.8577	0.0209	0.0211	0.0000	0.2692	0.0000	0.8626	2.7700	0.0424	5.0478	0.1546	0.1397	0.4660	3.2126	0.0000	5.1043	41.2110	142.5919	0.0451	0.1701	4.3392	2.3426	7.9996	5.0131	0.1178	0.0028	0.1150	0.0028	0.0028	0.0000	0.1150	0.0000	0.1150	1.0224	0.0071	1.0153	0.0083	0.0071	0.0011	1.0141	0.0000	1.0141	0.5603	0.4262	0.1341	0.1332	0.1324	0.0008	0.4271	0.2938	0.1333	0.3691	0.1680	0.2011	0.0534	0.0510	0.0024	0.3157	0.1170	0.1987	0.0759	0.1544	0.1699	0.1355	0.1508	0.0000	0.0838	0.0000	0.1690	2.7700	0.0424	5.0478	0.1546	0.1397	0.4660	3.2126	0.0000	5.1043	
23	38	0.1140	2	1	1	1	0	0	0	0	0	N	N	N	N	N	N	N	N	N	N	N	N	0.0550	0.1767	0.0486	0.2185	0.2165	0.0000	0.0328	0.0036	0.0471	0.2697	0.1764	0.5708	0.5699	0.5733	0.0000	0.1789	0.0042	0.5741	4.9063	0.9981	11.7342	2.6086	2.6480	0.1651	5.4527	1.1844	12.1940	1.0035	8.5856	-0.0143	0.1148	4.3392	2.4564	7.9996	2.5086	0.1548	0.0773	0.0775	0.0760	0.0760	0.0000	0.0788	0.0013	0.0775	1.6631	0.1735	1.4896	0.1699	0.1697	0.0002	1.4932	0.0038	1.4894	0.5740	0.4381	0.1359	0.1333	0.1325	0.0008	0.4406	0.3055	0.1351	0.3390	0.1738	0.1651	0.0651	0.0641	0.0010	0.2738	0.1097	0.1641	0.0550	0.1767	0.0633	0.2185	0.2165	0.0000	0.0328	0.1226	0.0632	4.9063	0.9981	9.0205	2.6086	2.6480	0.1651	5.4527	0.0344	9.0764
23	41	0.1118	2	1	1	1	0	0	0	0	0	N	N	N	N	N	N	N	N	N	N	N	N	0.0002	0.0000	0.0008	0.0000	0.0000	0.0002	0.0008	0.0007	0.0000	0.0049	0.0000	0.0000	0.0000	0.0009	0.0000	0.0050	3.1421	0.0019	5.9119	0.0064	0.0064	0.0000	3.6337	0.0000	5.9188	inf	3617.0824	0.0001	0.2004	4.3392	1.9694	7.9996	5.1440	0.0002	0.0000	0.0002	0.0000	0.0000	0.0000	0.0002	0.0000	0.0002	1.1578	0.0003	1.1575	0.0003	0.0003	0.0000	1.1575	0.0000	1.1575	0.3264	0.2774	0.0490	0.0431	0.0421	0.0009	0.2833	0.2353	0.0480	0.3685	0.1727	0.1958	0.0499	0.0497	0.0002	0.3185	0.1230	0.1956	0.0002	0.0000	0.0008	0.0000	0.0000	0.0000	0.0002	0.0000	0.0008	3.1421	0.0019	5.9119	0.0064	0.0064	0.0000	3.6337	0.0000	5.9188		
23	45	0.1140	2	1	2	1	0	0	0	0	0	N	Y	N	N	N	N	N	N	N	N	N	N	0.0472	0.0000	0.0929	0.0000	0.0000	0.0724	0.0876	0.2698	0.0000	0.9871	0.0000	0.0000	0.0000	0.3832	0.0000	0.9908	5.7210	2.5590	10.6263	8.0362	8.2209	0.0000	5.2932	0.0000	11.3155	inf	3.5645	0.0468	-0.1083	4.3392	1.3391	7.9996	5.8433	0.1150	0.0000	0.1150	0.0000	0.0000	0.0000	0.1150	0.0000	0.1150	2.3693	0.5191	1.8502	0.5191	0.5191	0.0000	1.8502	0.0000	1.8502	0.4264	0.3099	0.1165	0.1262	0.1258	0.0004	0.3002	0.1841	0.1161	0.4141	0.2028	0.2113	0.0646	0.0631	0.0015	0.3495	0.1397	0.2098	0.0472	0.0000	0.1127	0.0000	0.0000	0.0000	0.0724	0.0000	0.1124	5.7210	2.5590	8.7564	8.0362	8.2209	0.0000	5.2932	0.0000	8.8170		
23	47	0.1190	2	1	2	1	0	0	0	0	0	N	Y	N	N	N	N	N	N	N	N	N	N	0.0032	0.0588	0.0000	0.0876	0.0884	0.0000	0.0000	0.0006	0.0008	0.0000	0.0109	0.0112	0.0000	0.0000	0.0000	0.0000	0.2053	0.0130	0.3471	0.1249	0.1267	0.0000	0.2090	0.0000	0.3475	0.0000	36.2227	-0.0002	0.0060	4.3392	3.0001	7.9996	1.0598	0.0003	0.0003	0.0000	0.0003	0.0003	0.0000	0.0000	0.0000	0.0000	0.0409	0.0011	0.0398	0.0011	0.0011	0.0000	0.0398	0.0000	0.0398	0.4191	0.3554	0.0637	0.0248	0.0242	0.0006	0.3943	0.3312	0.0631	0.1994	0.0846	0.1148	0.0088	0.0087	0.0001	0.1906	0.0759	0.1146	0.0032	0.0588	0.0000	0.0876	0.0884	0.0000	0.0000	0.0000	0.0000	0.2053	0.0130	0.3471	0.1249	0.1267	0.0000	0.2090	0.0000	0.3475		
23	51	0.1098	2	0	2	1	0	0	0	0	0	N	Y	N	N	N	N	N	N	N	N	N	N	0.4192	21.7079	0.0000	9.4322	15.3297	0.0000	0.0000	0.0000	0.2511	0.3238	0.0000	0.7126	0.7436	0.0000	0.0000	0.0000	0.0000	0.5990	0.0149	1.0789	0.0755	0.0485	0.7384	0.6886	0.0000	1.0857	0.0000	88.0550	-0.0850	0.0205	4.3392	2.4249	7.9996	2.1457	0.1433	0.1433	0.0000	0.1433	0.1433	0.0000	0.0000	0.0000	0.0000	0.1264	0.0014	0.1250	0.0023	0.0014	0.0009	0.1241	0.0000	0.1241	0.5704	0.4424	0.1280	0.2010	0.1927	0.0084	0.3694	0.2498	0.1196	0.2110	0.0952	0.1159	0.0308	0.0293	0.0016	0.1802	0.0659	0.1143	0.4192	21.7079	0.0000	9.4322	15.3297	0.0000	0.0000	0.0000	0.0000	0.5990	0.0149	1.0789	0.0755	0.0485	0.5798	0.6886	0.0000	1.0857	
23	54	0.1254	2	1	2	0	0	0	0	0	0	N	Y	N	N	N	N	N	N	N	N	N	N	0.5108	0.3233	0.0217	0.0353	0.0000	inf	0.6584	0.3117	0.0244	3.4357	3.8895	0.0318	0.0010	0.0000	0.0166	5.6719	6.6902	0.0359	6.7267	12.0294	1.4665	0.0297	0.0298	0.0000	8.6142	21.4609	1.4686	0.0011	0.1229	-0.5910	-0.7985	4.3392	2.0079	7.9996	2.2027	0.9977	0.9966	0.0011	0.0001	0.0000	0.0001	0.9976	0.9966	0.0010	1.1133	0.9915	0.1218	0.0011	0.0011	0.0000	1.1123	0.9904	0.1218	0.2904	0.2562	0.0342	0.1145	0.1073	0.0072	0.1759	0.1490	0.0269	0.1655	0.0824	0.0831	0.0364	0.0363	0.0001	0.1291	0.0462	0.0830	0.5108	0.3233	0.0217	0.0353	0.0000	inf	0.6584	0.3117	0.0244	6.7267	12.0294	1.4665	0.0297	0.0298	0.0000	8.6142	21.4609	1.4686
23	63	0.1531	2	0	1	1	0	0	0	0	0	N	N	N	N	N	N	N	N	N	N	N	N	0.0044	0.0102	0.0124	0.0550	0.0469	0.2122	0.0033	0.0000	0.0107	0.0015	0.0002	0.0086	0.0009	0.0006	0.0053	0.0017	0.0000	0.0090	0.3353	0.0165	0.6956	0.0160	0.0133	0.0249	0.5071	1.0096	0.8352	9.3351	37.3793	0.0001	0.0022	4.3392	0.9961	7.9996	0.0337	0.0002	0.0000	0.0002	0.0000	0.0000	0.0000	0.0002	0.0000	0.0002	0.0150	0.0004	0.0146	0.0003	0.0002	0.0001	0.0147	0.0002	0.0145	0.1428	0.1208	0.0220	0.0345	0.0326	0.0019	0.1083	0.0883	0.0201	0.0446	0.0237	0.0210	0.0156	0.0120	0.0036	0.0290	0.0117	0.0173	0.0044	0.0102	0.0124	0.0550	0.0469	0.2122	0.0033	0.0000	0.0107	0.3353	0.0165	0.6956	0.0160	0.0133	0.0249	0.5071	0.0197	0.8352
23	69	0.1052	2	0	2	0	0	0	0	0	0	N	Y	N	N	N	N	N	N	N	N	N	N	0.0333	0.0025	0.0930	0.0106	0.0032	inf	0.0371	0.0948	0.0932	0.0001	0.4929	0.0007	0.0002	0.0373	0.1314	0.0000	0.5029	2.7976	0.0319	5.3014	0.0705	0.0707	0.0000	3.5443	0.0000	5.3062	1417.1255	183.4839	0.0288	0.2054	4.3392	3.0720	7.9996	3.7333	0.0709	0.0000	0.0709	0.0002	0.0000	0.0001	0.0707	0.0000	0.0707	1.2231	0.0066	1.2165	0.0066	0.0066	0.0000	1.2165	0.0000	1.2165	0.7604	0.6167	0.1438	0.2220	0.2189	0.0031	0.5385	0.3978	0.1407	0.4372	0.2077	0.2295	0.0940	0.0938	0.0002	0.3432	0.1140	0.2293	0.0333	0.0025	0.0930	0.0106	0.0032	inf	0.0371	0.0000	0.0948	2.7976	0.0319	5.3014	0.0705	0.0707	0.0000	3.5443	0.0000	5.3062	
23	75	0.1496	2	0	2	0	0	0	0	0	0	N	Y	N	N	N	N	N	N	N	N	N	N	0.0014	9.8264	0.0014	0.0000	0.0000	0.0000	0.0018	inf	0.0018	0.0083	0.0075	0.0305	0.0000	0.0000	0.0000	0.0174	0.0161	0.0429	6.0828	0.0008	22.2354	0.0019	0.0010	0.0668	9.9204	0.0000	24.2420	0.1357	15233.2336	-0.0001	0.1320	4.3392	0.0009	7.9996	1.7419	0.0001	0.0001	0.0000	0.0000	0.0000	0.0000	0.0001	0.0001	0.0000	0.7617	0.0000	0.7617	0.0001	0.0000	0.0000	0.7616	0.0000	0.7616	0.0137	0.0133	0.0004	0.0072	0.0071	0.0001	0.0065	0.0062	0.0003	0.1252	0.0653	0.0600	0.0484	0.0479	0.0006	0.0768	0.0174	0.0594	0.0014	9.8264	0.0024	0.0000	0.0000	0.0000	0.0018	inf	0.0033	6.0828	0.0008	12.7008	0.0019	0.0010	0.0668	9.9204	0.0000	12.8282
24	26	0.0816	2	2	2	0	0	0	0	0	0	Y	Y	N	N	N	N	N	N	N	N	N	N	0.0000	0.0000	0.0000	0.0000	0.0000	0.0000	0.0000	0.0000	0.0000	0.0000	0.0000	0.0000	0.0000	0.0000	0.0001	0.0000	0.0001	0.0001	0.0000	0.0000	0.0000	0.0000	0.0000	0.0000	-0.0000	3.3392	0.0026	5.9996	0.9906	0.0000	0.0000	0.0000	0.0000	0.0000	0.0000	0.0000	0.0000	0.0000	0.0000	0.0000	0.0000	0.0000	0.0000	0.0000	0.0000	0.0000	0.0000	0.3520	0.2534	0.0986	0.1769	0.1767	0.0002	0.1751	0.0767	0.0985	0.2082	0.1076	0.1006	0.0872	0.0871	0.0000	0.1210	0.0205	0.1005	0.0000	0.0000	0.0000	0.0000	0.0000	0.0000	0.0000	0.0000	0.0000	0.0000	0.0001	0.0000	0.0001	0.0001	0.0000	0.0000	0.0000	0.0000						
24	31	0.1260	2	2	2	0	0	0	0	0	0	Y	Y	N	N	N	N	N	N	N	N	N	N	0.0028	0.0008	0.2215	0.0000	0.0000	0.0856	inf	0.2723	0.0064	0.0033	0.0372	0.0000	0.0000	0.0000	0.0110	0.0059	0.0463	2.2668	4.2805	0.1679	6.0149	6.1114	0.0000	0.1291	0.0000	0.1699	1.1357	0.0376	-0.0000	-0.2082	3.3392	0.1965	5.9996	2.3074	0.0002	0.0001	0.0001	0.0000	0.0000	0.0000	0.0002	0.0001	0.0001	0.2634	0.2538	0.0095	0.2538	0.2538	0.0000	0.0095	0.0000	0.0095	0.0331	0.0301	0.0031	0.0138	0.0132	0.0006	0.0193	0.0169	0.0025	0.1162	0.0593	0.0569	0.0422	0.0415	0.0007	0.0740	0.0178	0.0562	0.0028	0.0008	0.2215	0.0000	0.0000	0.0000	0.0856	inf	0.2723	2.2668	4.2805	0.1679	6.0149	6.1114	0.0000	0.1291	0.0000	0.1699	
24	34	0.1369	2	1	1	1	0	0	0	0	0	N	N	N	N	N	N	N	N	N	N	N	N	0.0004	0.0005	0.0000	0.0006	0.0007	0.0000	inf	0.0000	0.0014	0.0016	0.0000	0.0035	0.0037	0.0000	0.0000	0.0000	0.0000	3.2829	3.1793	3.3859	5.5627	5.7134	0.0000	2.3738	0.0000	3.4375	0.0000	1.0702	-0.0004	-0.3714	3.3392	3.8106	5.9996	5.1657	0.0007	0.0007	0.0000	0.0006	0.0006	0.0000	0.0000	0.0000	0.0000	1.1993	0.5793	0.6200	0.5793	0.5793	0.0000	0.6200	0.0000	0.6200	0.4799	0.4150	0.0649	0.1810	0.1718	0.0093	0.2989	0.2432	0.0557	0.3653	0.1822	0.1831	0.1041	0.1014	0.0027	0.2612	0.0808	0.1804	0.0004	0.0005	0.0000	0.0006	0.0007	0.0000	0.0000	inf	0.0000	3.2829	3.1793	3.3859	5.5627	5.7134	0.0000	2.3738	0.0000	3.4375	
24	37	0.1182	3	2	1	1	0	0	0	0	0	Y	N	N	N	N	N	N	N	N	N	N	N	0.0381	0.0000	0.0536	0.0000	0.0000	0.0000	0.0443	0.0528	0.2346	0.0000	0.9085	0.0000	0.0000	0.0000	0.3177	0.0000	0.9128	6.1584	0.0242	16.9497	0.0772	0.0802	0.0105	7.1696	0.0000	17.2994	inf	562.2626	0.0467	0.3180	3.3392	2.3426	5.9996	5.0131	0.1150	0.0000	0.1150	0.0000	0.0000	0.0000	0.1150	0.0000	0.1150	1.8531	0.0033	1.8498	0.0033	0.0033	0.0000	1.8498	0.0000	1.8498	0.4901	0.3635	0.1266	0.1282	0.1276	0.0006	0.3619	0.2360	0.1260	0.3009	0.1362	0.1647	0.0429	0.0410	0.0019	0.2580	0.0952	0.1628	0.0381	0.0000	0.0809	0.0000	0.0000	0.0000	0.0443	0.0000	0.0803	6.1584	0.0242	11.2329	0.0772	0.0802	0.0105	7.1696	0.0000	11.3637	
24	38	0.0904	2	2	1	1	0	0	0	0	0	Y	N	N	N	N	N	N	N	N	N	N	N	0.2868	0.1982	0.5456	0.2149	0.2126	0.3088	0.0000	0.5450	0.3034	0.2036	0.5942	0.5920	0.5949	0.0000	0.2040	0.0000	0.5971	1.0577	1.0273	1.0891	2.7549	2.7983	0.0000	0.6605	0.0125	1.0956	1.0008	1.0242	-0.0142	-0.0934	3.3392	2.4564	5.9996	2.5086	0.1520	0.0760	0.0760	0.0760	0.0760	0.0000	0.0760	0.0000	0.0760	0.2911	0.1438	0.1473	0.1438	0.1438	0.0000	0.1473	0.0000	0.1473	0.5011	0.3732	0.1280	0.1283	0.1277	0.0006	0.3728	0.2454	0.1274	0.2752	0.1400	0.1352	0.0522	0.0514	0.0008	0.2231	0.0886	0.1344	0.2868	0.1982	0.5456	0.2149	0.2126	0.0000	0.3088	0.0000	0.5450	1.0577	1.0273	1.0891	2.7549	2.7983	0.0000	0.6605	0.0003	1.0956	
24	41	0.0882	2	2	1	1	0	0	0	0	0	Y	N	N	N	N	N	N	N	N	N	N	N	0.9361	0.0000	3.1050	0.0000	0.0000	0.9412	3.1220	3.5946	0.0000	23.7951	0.0000	0.0000	0.0000	4.1929	0.0000	24.2417	3.8400	0.0011	7.6635	0.0038	0.0039	0.0000	4.4550	0.0000	7.7649	inf	7234.1647	0.3909	0.2005	3.3392	1.9694	5.9996	5.1440	0.9617	0.0000	0.9617	0.0000	0.0000	0.0000	0.9617	0.0000	0.9617	1.1576	0.0002	1.1575	0.0002	0.0002	0.0000	1.1575	0.0000	1.1575	0.2675	0.2271	0.0404	0.0382	0.0374	0.0007	0.2294	0.1897	0.0397	0.3015	0.1413	0.1601	0.0417	0.0415	0.0002	0.2598	0.0999	0.1599	0.9361	0.0000	3.2917	0.0000	0.0000	0.0000	0.9412	0.0000	3.3494	3.8400	0.0011	7.2289	0.0038	0.0039	0.0000	4.4550	0.0000	7.2377		
24	45	0.0904	2	2	2	1	0	0	0	0	0	Y	Y	N	N	N	N	N	N	N	N	N	N	0.0547	0.0000	0.0671	0.0000	0.0000	0.0680	0.0659	0.3010	0.0000	1.0183	0.0000	0.0000	0.0000	0.4419	0.0000	1.0214	5.5010	0.0002	15.1760	0.0008	0.0008	0.0000	6.5002	0.0000	15.5001	inf	46255.2227	0.0468	0.3207	3.3392	1.3391	5.9996	5.8433	0.1150	0.0000	0.1150	0.0000	0.0000	0.0000	0.1150	0.0000	0.1150	1.8502	0.0000	1.8502	0.0000	0.0000	0.0000	1.8502	0.0000	1.8502	0.3822	0.2692	0.1130	0.1218	0.1215	0.0003	0.2603	0.1477	0.1126	0.3363	0.1635	0.1728	0.0517	0.0506	0.0011	0.2846	0.1129	0.1717	0.0547	0.0000	0.0951	0.0000	0.0000	0.0000	0.0680	0.0000	0.0948	5.5010	0.0002	10.7055	0.0008	0.0008	0.0000	6.5002	0.0000	10.7763		
24	47	0.0955	2	2	2	1	0	0	0	0	0	Y	Y	N	N	N	N	N	N	N	N	N	N	0.4681	0.0634	1.2456	0.0742	0.0812	0.0000	0.4812	1.2459	2.9344	0.0009	19.1764	0.0115	0.0118	0.0000	3.1513	0.0000	19.3422	6.2684	0.0148	15.3958	0.1554	0.1447	1.1895	6.5492	0.0000	15.5247	3684.2241	998.6893	0.4063	0.1757	3.3392	3.0001	5.9996	1.0598	1.0001	0.0003	0.9998	0.0003	0.0003	0.0000	0.9998	0.0000	0.9998	1.0193	0.0010	1.0183	0.0011	0.0010	0.0001	1.0182	0.0000	1.0182	0.3408	0.2887	0.0521	0.0235	0.0231	0.0004	0.3173	0.2656	0.0517	0.1626	0.0688	0.0938	0.0071	0.0070	0.0001	0.1555	0.0618	0.0937	0.4681	0.0634	1.7665	0.0742	0.0812	0.0000	0.4812	0.0000	1.7802	6.2684	0.0148	10.8553	0.1554	0.1447	0.9582	6.5492	0.0000	10.8652	
24	51	0.0862	2	1	2	1	0	0	0	0	0	N	Y	N	N	N	N	N	N	N	N	N	N	0.5018	1.4302	0.0121	1.0000	0.9986	0.0073	0.0127	0.2881	0.3779	0.0108	0.7708	0.8031	0.0000	0.0042	0.0000	0.0115	0.5741	0.2642	0.8916	0.7708	0.8042	0.0000	0.5745	0.0000	0.9033	0.0092	5.9240	-0.0845	0.0028	3.3392	2.4249	5.9996	2.1457	0.1446	0.1433	0.0013	0.1433	0.1433	0.0000	0.0013	0.0000	0.0013	0.0981	0.0142	0.0839	0.0142	0.0142	0.0000	0.0839	0.0000	0.0839	0.5018	0.3791	0.1227	0.1859	0.1784	0.0075	0.3159	0.2008	0.1152	0.1709	0.0767	0.0941	0.0248	0.0236	0.0012	0.1461	0.0532	0.0929	0.5018	2.0464	0.0121	1.3472	1.3348	0.0000	0.0073	0.0000	0.0127	0.5741	0.1846	0.8916	0.5721	0.6017	0.0000	0.5745	0.0000	0.9033		
24	54	0.1018	2	2	2	0	0	0	0	0	0	Y	Y	N	N	N	N	N	N	N	N	N	N	0.0083	2.5999	0.0163	0.3133	0.3325	0.0101	inf	0.0206	0.0077	0.0047	0.0298	0.0013	0.0013	0.0000	0.0120	0.0072	0.0377	0.9175	0.0018	1.8280	0.0040	0.0040	0.0000	1.1844	0.0000	1.8305	0.8434	1015.3982	-0.0002	0.0210	3.3392	2.0079	5.9996	2.2027	0.0018	0.0010	0.0008	0.0001	0.0001	0.0000	0.0017	0.0009	0.0008	0.1220	0.0001	0.1218	0.0001	0.0001	0.0000	0.1218	0.0000	0.1218	0.2383	0.2103	0.0280	0.0959	0.0901	0.0058	0.1424	0.1202	0.0222	0.1329	0.0663	0.0667	0.0301	0.0300	0.0001	0.1029	0.0363	0.0666	0.0083	2.5999	0.0163	0.3133	0.3325	0.0000	0.0101	inf	0.0206	0.9175	0.0018	1.8280	0.0040	0.0040	0.0000	1.1844	0.0000	1.8305	
24	63	0.1295	2	1	1	1	0	0	0	0	0	N	N	N	N	N	N	N	N	N	N	N	N	0.0027	inf	0.0000	inf	inf	0.0015	inf	0.0000	0.0007	0.0008	0.0000	0.0011	0.0011	0.0000	0.0006	0.0007	0.0000	0.2517	0.0000	0.5364	0.0000	0.0000	0.0000	0.3888	0.0000	0.6496	0.0000	inf	-0.0000	0.0016	3.3392	0.9961	5.9996	0.0337	0.0001	0.0001	0.0000	0.0000	0.0000	0.0000	0.0001	0.0001	0.0000	0.0091	0.0000	0.0091	0.0000	0.0000	0.0000	0.0091	0.0000	0.0091	0.1162	0.0982	0.0180	0.0288	0.0273	0.0015	0.0874	0.0709	0.0165	0.0360	0.0191	0.0169	0.0127	0.0098	0.0029	0.0233	0.0094	0.0140	0.0027	inf	0.0000	inf	inf	0.0000	0.0015	inf	0.0000	0.2517	0.0000	0.5364	0.0000	0.0000	0.0000	0.3888	0.0000	0.6496	
24	69	0.0816	2	1	2	0	0	0	0	0	0	N	Y	N	N	N	N	N	N	N	N	N	N	0.3114	0.0000	0.8113	0.0425	0.0000	inf	0.3517	0.8262	1.0667	0.0000	5.2727	0.0012	0.0000	0.0945	1.5342	0.0000	5.3739	3.4259	0.0129	6.4992	0.0282	0.0283	0.0000	4.3623	0.0000	6.5048	inf	560.5982	0.2785	0.2091	3.3392	3.0720	5.9996	3.7333	0.6852	0.0000	0.6852	0.0002	0.0000	0.0002	0.6849	0.0000	0.6849	1.2187	0.0022	1.2165	0.0022	0.0022	0.0000	1.2165	0.0000	1.2165	0.6424	0.5124	0.1299	0.1959	0.1934	0.0025	0.4465	0.3190	0.1275	0.3557	0.1685	0.1872	0.0769	0.0767	0.0002	0.2789	0.0918	0.1870	0.3114	0.0000	0.8113	0.0425	0.0000	inf	0.3517	0.0000	0.8262	3.4259	0.0129	6.4992	0.0282	0.0283	0.0000	4.3623	0.0000	6.5048	
24	75	0.1260	2	1	2	0	0	0	0	0	0	N	Y	N	N	N	N	N	N	N	N	N	N	0.0027	inf	0.0100	0.0035	inf	0.0130	0.0201	0.0097	0.3255	0.0000	0.0000	0.0000	0.0422	0.0208	0.4557	7.3744	0.0000	32.4918	0.0000	0.0000	0.0000	12.1049	0.0000	35.1330	1.1357	inf	-0.0000	0.1310	3.3392	0.0009	5.9996	1.7419	0.0002	0.0001	0.0001	0.0000	0.0000	0.0000	0.0002	0.0001	0.0001	0.7554	0.0000	0.7554	0.0000	0.0000	0.0000	0.7554	0.0000	0.7554	0.0106	0.0103	0.0003	0.0056	0.0055	0.0001	0.0051	0.0048	0.0002	0.1024	0.0532	0.0493	0.0400	0.0396	0.0005	0.0624	0.0136	0.0488	0.0027	inf	0.0212	0.0000	0.0000	0.0000	0.0035	inf	0.0294	7.3744	0.0000	15.3367	0.0000	0.0000	0.0000	12.1049	0.0000	15.4852			
25	26	0.1361	2	1	2	0	0	0	0	0	0	N	Y	N	N	N	N	N	N	N	N	N	N	0.0000	0.0000	0.0000	0.0000	0.0000	0.0000	0.0000	0.0000	0.0000	0.0000	0.0000	0.0000	0.0000	0.0000	0.0000	0.0000	0.0000	0.0000	0.0000	0.0000	4.6608	0.0026	10.9996	0.9906	0.0000	0.0000	0.0000	0.0000	0.0000	0.0000	0.0000	0.0000	0.0000	0.0000	0.0000	0.0000	0.0000	0.0000	0.0000	0.0000	0.0000	0.0000	0.4179	0.3133	0.1046	0.2101	0.2099	0.0002	0.2078	0.1034	0.1044	0.2967	0.1547	0.1420	0.1239	0.1238	0.0001	0.1728	0.0309	0.1420	0.0000	0.0000	0.0000	0.0000	0.0000	0.0000	0.0000	0.0000	0.0000	0.0000	0.0000	0.0000	0.0000	0.0000	0.0000	0.0000	0.0000	0.0000											
25	31	0.1805	2	1	2	0	0	0	0	0	0	N	Y	N	N	N	N	N	N	N	N	N	N	0.0018	0.0011	0.0000	0.0003	0.0004	0.0000	0.0237	inf	0.0000	0.0029	0.0032	0.0000	0.0015	0.0015	0.0000	0.0039	0.0044	0.0000	1.6222	2.9475	0.2198	4.2815	4.3543	0.1368	0.1641	0.0000	0.2209	0.0000	0.0705	-0.0001	-0.2066	4.6608	0.1965	10.9996	2.3074	0.0001	0.0001	0.0000	0.0000	0.0000	0.0000	0.0001	0.0001	0.0000	0.2716	0.2537	0.0179	0.2539	0.2537	0.0001	0.0177	0.0000	0.0177	0.0436	0.0396	0.0040	0.0179	0.0171	0.0008	0.0257	0.0225	0.0032	0.1674	0.0861	0.0813	0.0593	0.0583	0.0010	0.1081	0.0278	0.0803	0.0018	0.0011	0.0000	0.0003	0.0004	0.0000	0.0237	inf	0.0000	1.6222	2.9475	0.2198	4.2815	4.3543	0.1368	0.1641	0.0000	0.2209
25	34	0.1914	2	0	1	1	0	0	0	0	0	N	N	N	N	N	N	N	N	N	N	N	N	0.0005	0.0000	0.0028	0.0002	0.0000	0.1157	0.0008	0.0029	0.0020	0.0000	0.0148	0.0006	0.0000	0.0108	0.0028	0.0000	0.0155	3.6899	2.1292	5.2604	3.7517	3.8590	0.0931	3.6653	0.0000	5.3460	inf	2.4552	0.0005	-0.2324	4.6608	3.8106	10.9996	5.1657	0.0012	0.0000	0.0012	0.0001	0.0000	0.0001	0.0011	0.0000	0.0011	2.0027	0.5796	1.4231	0.5800	0.5796	0.0004	1.4226	0.0000	1.4226	0.6261	0.5422	0.0838	0.2327	0.2204	0.0123	0.3934	0.3218	0.0715	0.5427	0.2722	0.2705	0.1546	0.1502	0.0044	0.3881	0.1220	0.2661	0.0005	0.0000	0.0028	0.0002	0.0000	0.1157	0.0008	0.0000	0.0029	3.6899	2.1292	5.2604	3.7517	3.8590	0.0931	3.6653	0.0000	5.3460	
25	37	0.1727	3	1	1	1	0	0	0	0	0	N	N	N	N	N	N	N	N	N	N	N	N	0.1638	13.2249	0.0000	12.2076	13.4609	0.0000	0.0000	0.0000	0.3871	0.5055	0.0000	1.6711	1.6813	0.0000	0.0000	0.0000	0.0000	2.3632	0.0382	4.3248	0.1369	0.1249	0.3774	2.7469	0.0000	4.3762	0.0000	134.1155	-0.1337	0.1697	4.6608	2.3426	10.9996	5.0131	0.2253	0.2253	0.0000	0.2253	0.2253	0.0000	0.0000	0.0000	0.0000	1.0228	0.0076	1.0153	0.0087	0.0076	0.0011	1.0141	0.0000	1.0141	0.5819	0.4456	0.1363	0.1348	0.1340	0.0008	0.4471	0.3117	0.1355	0.4328	0.1981	0.2348	0.0636	0.0606	0.0030	0.3692	0.1375	0.2317	0.1638	13.2249	0.0000	12.2076	13.4609	0.0000	0.0000	0.0000	0.0000	2.3632	0.0382	4.3248	0.1369	0.1249	0.3774	2.7469	0.0000	4.3762	
25	38	0.1449	2	1	1	1	0	0	0	0	0	N	N	N	N	N	N	N	N	N	N	N	N	0.1197	0.3931	0.1285	0.5023	0.4977	0.0000	0.0696	0.0043	0.1261	0.4987	0.3261	1.0708	1.0982	1.1051	0.0000	0.3235	0.0040	1.0773	4.1680	0.8295	8.3298	2.1863	2.2203	0.1349	4.6471	0.9217	8.5433	0.9906	8.7119	-0.0285	0.1171	4.6608	2.4564	10.9996	2.5086	0.2974	0.1494	0.1480	0.1481	0.1481	0.0000	0.1493	0.0013	0.1480	1.6635	0.1713	1.4922	0.1699	0.1697	0.0002	1.4936	0.0016	1.4921	0.5964	0.4582	0.1382	0.1349	0.1341	0.0008	0.4615	0.3241	0.1374	0.3991	0.2065	0.1926	0.0777	0.0764	0.0013	0.3214	0.1300	0.1914	0.1197	0.3931	0.1382	0.5023	0.4977	0.0000	0.0696	0.3316	0.1382	4.1680	0.8295	7.7465	2.1863	2.2203	0.1349	4.6471	0.0120	7.7969
25	41	0.1427	2	1	1	1	0	0	0	0	0	N	N	N	N	N	N	N	N	N	N	N	N	0.0071	0.4967	0.0234	1.0417	0.9409	inf	0.0065	0.0236	0.0191	0.0016	0.1185	0.0119	0.0108	0.0592	0.0202	0.0000	0.1197	2.6903	0.0032	5.0579	0.0114	0.0114	0.0000	3.0997	0.0000	5.0636	13.0234	1780.7175	0.0022	0.2001	4.6608	1.9694	10.9996	5.1440	0.0066	0.0005	0.0061	0.0005	0.0005	0.0001	0.0060	0.0000	0.0060	1.1581	0.0007	1.1575	0.0007	0.0007	0.0000	1.1575	0.0000	1.1575	0.3445	0.2930	0.0516	0.0446	0.0436	0.0010	0.2999	0.2494	0.0505	0.4305	0.2016	0.2288	0.0571	0.0568	0.0003	0.3734	0.1448	0.2286	0.0071	0.4967	0.0234	1.0417	0.9409	inf	0.0065	0.0000	0.0236	2.6903	0.0032	5.0579	0.0114	0.0114	0.0000	3.0997	0.0000	5.0636	
25	45	0.1449	2	1	2	1	0	0	0	0	0	N	Y	N	N	N	N	N	N	N	N	N	N	0.1048	0.3222	0.0000	0.2611	0.2561	0.0000	0.0000	0.5092	0.6948	0.0000	1.7566	1.7631	0.0000	0.0000	0.0000	0.0000	4.8594	2.1565	7.8959	6.7269	6.8854	0.0000	4.5082	0.0000	8.2111	0.0000	3.5644	-0.1330	-0.1083	4.6608	1.3391	10.9996	5.8433	0.2241	0.2241	0.0000	0.2241	0.2241	0.0000	0.0000	0.0000	0.0000	2.3693	0.5191	1.8502	0.5191	0.5191	0.0000	1.8502	0.0000	1.8502	0.4401	0.3225	0.1176	0.1276	0.1271	0.0005	0.3125	0.1954	0.1171	0.4876	0.2407	0.2469	0.0772	0.0754	0.0018	0.4104	0.1653	0.2451	0.1048	0.3222	0.0000	0.2611	0.2561	0.0000	0.0000	0.0000	0.0000	4.8594	2.1565	7.4948	6.7269	6.8854	0.0000	4.5082	0.0000	7.5491		
25	47	0.1499	2	1	2	1	0	0	0	0	0	N	Y	N	N	N	N	N	N	N	N	N	N	0.0068	0.0000	0.0265	0.0000	0.0000	0.0071	0.0267	0.0012	0.0000	0.0079	0.0000	0.0000	0.0000	0.0013	0.0000	0.0079	0.1758	0.0126	0.2968	0.1204	0.1222	0.0000	0.1784	0.0000	0.2971	inf	31.8745	0.0002	0.0059	4.6608	3.0001	10.9996	1.0598	0.0005	0.0000	0.0005	0.0000	0.0000	0.0000	0.0005	0.0000	0.0005	0.0411	0.0012	0.0398	0.0012	0.0012	0.0000	0.0398	0.0000	0.0398	0.4432	0.3760	0.0672	0.0252	0.0246	0.0006	0.4180	0.3514	0.0666	0.2337	0.0995	0.1342	0.0104	0.0102	0.0002	0.2233	0.0893	0.1341	0.0068	0.0000	0.0265	0.0000	0.0000	0.0000	0.0071	0.0000	0.0267	0.1758	0.0126	0.2968	0.1204	0.1222	0.0000	0.1784	0.0000	0.2971		
25	51	0.1407	2	0	2	1	0	0	0	0	0	N	Y	N	N	N	N	N	N	N	N	N	N	0.8737	0.0000	2.3489	0.0918	0.0000	2.9319	1.1858	2.3927	0.4717	0.0000	2.1533	0.0578	0.0000	1.3757	0.6922	0.0000	2.2088	0.5399	0.1793	0.9167	0.6297	0.6110	0.4692	0.5837	0.0000	0.9232	inf	13.0477	0.1134	0.0137	4.6608	2.4249	10.9996	2.1457	0.2791	0.0000	0.2791	0.0119	0.0000	0.0119	0.2672	0.0000	0.2672	0.1346	0.0096	0.1250	0.0105	0.0096	0.0009	0.1241	0.0000	0.1241	0.5916	0.4620	0.1296	0.2056	0.1970	0.0086	0.3860	0.2650	0.1210	0.2493	0.1129	0.1363	0.0367	0.0348	0.0019	0.2126	0.0782	0.1344	0.8737	0.0000	2.3489	0.2023	0.0000	2.9319	1.1858	0.0000	2.3927	0.5399	0.0848	0.9167	0.2858	0.2756	0.4692	0.5837	0.0000	0.9232	
25	54	0.1562	2	1	2	0	0	0	0	0	0	N	Y	N	N	N	N	N	N	N	N	N	N	0.5787	711.6634	0.0016	1.1777	3.1815	0.0028	0.7463	inf	0.0018	3.2693	3.7016	0.0275	0.0373	0.0387	0.0156	5.3525	6.3090	0.0306	5.6494	0.0052	16.9497	0.0316	0.0122	5.6304	7.1724	0.0000	16.6399	0.0010	2182.5251	-0.5937	0.1925	4.6608	2.0079	10.9996	2.2027	1.0020	1.0010	0.0010	0.0045	0.0044	0.0001	0.9975	0.9966	0.0009	1.1136	0.0005	1.1131	0.0013	0.0005	0.0008	1.1123	0.0000	1.1123	0.3065	0.2704	0.0361	0.1201	0.1125	0.0077	0.1864	0.1580	0.0284	0.1971	0.0981	0.0991	0.0420	0.0419	0.0001	0.1551	0.0562	0.0989	0.5787	711.6634	0.0024	1.1777	3.1815	0.0028	0.7463	inf	0.0027	5.6494	0.0052	11.2358	0.0316	0.0122	5.6304	7.1724	0.0000	11.2441
25	63	0.1840	2	0	1	1	0	0	0	0	0	N	N	N	N	N	N	N	N	N	N	N	N	0.0054	0.0000	0.0164	0.0175	0.0000	0.0842	0.0045	0.0145	0.0015	0.0000	0.0099	0.0003	0.0000	0.0050	0.0019	0.0000	0.0104	0.2837	0.0014	0.6024	0.0158	0.0028	0.0592	0.4258	0.0000	0.7135	inf	374.1980	0.0001	0.0026	4.6608	0.9961	10.9996	0.0337	0.0002	0.0000	0.0002	0.0000	0.0000	0.0000	0.0002	0.0000	0.0002	0.0150	0.0000	0.0150	0.0003	0.0000	0.0003	0.0147	0.0000	0.0147	0.1510	0.1278	0.0232	0.0362	0.0342	0.0020	0.1148	0.0936	0.0212	0.0529	0.0281	0.0248	0.0183	0.0141	0.0042	0.0346	0.0139	0.0206	0.0054	0.0000	0.0164	0.0175	0.0000	0.0842	0.0045	0.0000	0.0145	0.2837	0.0014	0.6024	0.0158	0.0028	0.0592	0.4258	0.0000	0.7135	
25	69	0.1361	2	0	2	0	0	0	0	0	0	N	Y	N	N	N	N	N	N	N	N	N	N	0.0726	4.2772	0.0000	5.4120	5.4772	0.0000	0.0000	0.1735	0.2131	0.0000	0.6013	0.6100	0.0000	0.0000	0.0000	0.0000	2.3914	0.0498	4.5242	0.1111	0.1114	0.0000	3.0112	0.0000	4.5285	0.0000	99.7130	-0.0821	0.2008	4.6608	3.0720	10.9996	3.7333	0.1383	0.1383	0.0000	0.1383	0.1383	0.0000	0.0000	0.0000	0.0000	1.2287	0.0122	1.2165	0.0122	0.0122	0.0000	1.2165	0.0000	1.2165	0.7967	0.6489	0.1479	0.2299	0.2267	0.0033	0.5668	0.4222	0.1446	0.5138	0.2449	0.2689	0.1098	0.1095	0.0003	0.4040	0.1354	0.2686	0.0726	4.2772	0.0000	5.4120	5.4772	0.0000	0.0000	0.0000	0.0000	2.3914	0.0498	4.5242	0.1111	0.1114	0.0000	3.0112	0.0000	4.5285		
25	75	0.1805	2	0	2	0	0	0	0	0	0	N	Y	N	N	N	N	N	N	N	N	N	N	0.0016	13.5917	0.0000	1.0084	3.8509	0.0000	0.0017	inf	0.0000	0.0086	0.0089	0.0000	0.0034	0.0035	0.0000	0.0143	0.0150	0.0000	5.2227	0.0007	15.7035	0.0034	0.0009	0.1929	8.4565	0.0000	15.8489	0.0000	15274.6336	-0.0001	0.1324	4.6608	0.0009	10.9996	1.7419	0.0001	0.0001	0.0000	0.0000	0.0000	0.0000	0.0001	0.0001	0.0000	0.7638	0.0000	0.7637	0.0002	0.0000	0.0001	0.7636	0.0000	0.7636	0.0147	0.0142	0.0005	0.0077	0.0076	0.0001	0.0070	0.0067	0.0003	0.1462	0.0765	0.0697	0.0559	0.0552	0.0007	0.0903	0.0213	0.0690	0.0016	13.5917	0.0000	1.0084	3.8509	0.0000	0.0017	inf	0.0000	5.2227	0.0007	10.9527	0.0034	0.0009	0.1929	8.4565	0.0000	11.0658
26	27	0.0831	2	1	2	0	0	0	0	0	0	N	Y	N	N	N	N	N	N	N	N	N	N	0.0000	0.0000	0.0000	0.0000	0.0000	0.0000	0.0000	0.0000	0.0000	0.0000	0.0000	0.0000	0.0000	0.0000	0.0000	0.0000	0.0000	0.0000	0.0000	0.0000	0.0026	4.6608	0.9906	7.0004	0.0000	0.0000	0.0000	0.0000	0.0000	0.0000	0.0000	0.0000	0.0000	0.0000	0.0000	0.0000	0.0000	0.0000	0.0000	0.0000	0.0000	0.0000	0.4179	0.3133	0.1046	0.2101	0.2099	0.0002	0.2078	0.1034	0.1044	0.2446	0.1268	0.1178	0.1023	0.1022	0.0001	0.1423	0.0246	0.1177	0.0000	0.0000	0.0000	0.0000	0.0000	0.0000	0.0000	0.0000	0.0000	0.0000	0.0000	0.0000	0.0000	0.0000	0.0000	0.0000	0.0000	0.0000											
26	28	0.0831	2	1	2	0	0	0	0	0	0	N	Y	N	N	N	N	N	N	N	N	N	N	0.0000	0.0000	0.0000	0.0000	0.0000	0.0000	0.0000	0.0000	0.0000	0.0000	0.0000	0.0000	0.0000	0.0000	0.0000	0.0000	0.0000	0.0000	0.0000	0.0000	0.0026	5.6608	0.9906	4.0004	0.0000	0.0000	0.0000	0.0000	0.0000	0.0000	0.0000	0.0000	0.0000	0.0000	0.0000	0.0000	0.0000	0.0000	0.0000	0.0000	0.0000	0.0000	0.4633	0.3551	0.1081	0.2330	0.2328	0.0002	0.2303	0.1224	0.1079	0.2136	0.1105	0.1031	0.0894	0.0893	0.0000	0.1242	0.0211	0.1031	0.0000	0.0000	0.0000	0.0000	0.0000	0.0000	0.0000	0.0000	0.0000	0.0000	0.0000	0.0000	0.0000	0.0000	0.0000	0.0000	0.0000	0.0000											
26	29	0.0831	2	1	2	1	1	0	0	0	0	N	Y	N	N	N	N	N	N	N	N	N	N	0.0000	0.0000	0.0000	0.0000	0.0000	0.0000	0.0000	0.0000	0.0000	0.0000	0.0000	0.0000	0.0000	0.0000	0.0000	0.0000	0.0000	0.0000	0.0000	0.0000	0.0026	1.6608	0.9906	8.0004	0.0000	0.0000	0.0000	0.0000	0.0000	0.0000	0.0000	0.0000	0.0000	0.0000	0.0000	0.0000	0.0000	0.0000	0.0000	0.0000	0.0000	0.0000	0.2570	0.1688	0.0882	0.1290	0.1289	0.0001	0.1280	0.0400	0.0881	0.2136	0.1105	0.1031	0.0894	0.0893	0.0000	0.1242	0.0211	0.1031	0.0000	0.0000	0.0000	0.0000	0.0000	0.0000	0.0000	0.0000	0.0000	0.0000	0.0000	0.0000	0.0000	0.0000	0.0000	0.0000	0.0000	0.0000											
26	30	0.0831	2	1	2	0	0	0	0	0	0	N	Y	N	N	N	N	N	N	N	N	N	N	0.0000	0.0000	0.0000	0.0000	0.0000	0.0000	0.0000	0.0000	0.0000	0.0000	0.0000	0.0000	0.0000	0.0000	0.0000	4.6237	8.9403	0.0000	0.0007	0.0007	0.0000	7.9519	46.7828	0.0000	0.0000	0.0000	-0.8163	0.0026	5.6608	0.9906	4.0004	0.0000	0.0000	0.0000	0.0000	0.0000	0.0000	0.0000	0.0000	0.0000	0.9875	0.9875	0.0000	0.0001	0.0001	0.0000	0.9874	0.9874	0.0000	0.4633	0.3551	0.1081	0.2330	0.2328	0.0002	0.2303	0.1224	0.1079	0.2136	0.1105	0.1031	0.0894	0.0893	0.0000	0.1242	0.0211	0.1031	0.0000	0.0000	0.0000	0.0000	0.0000	0.0000	0.0000	0.0000	0.0000	4.6237	8.9403	0.0000	0.0007	0.0007	0.0000	7.9519	46.7828	0.0000				
26	31	0.1534	3	2	2	0	0	0	0	0	0	Y	Y	N	N	N	N	N	N	N	N	N	N	0.0000	0.0000	0.0000	0.0000	0.0000	0.0000	0.0000	0.0000	0.0000	0.0000	0.0000	0.0000	0.0000	0.0000	0.0000	0.0000	0.0000	0.0044	0.0086	0.0000	0.0089	0.0090	0.0000	0.0000	0.0018	0.0000	0.0000	0.0000	-0.0007	0.0026	0.1965	0.9906	2.3074	0.0000	0.0000	0.0000	0.0000	0.0000	0.0000	0.0000	0.0000	0.0000	0.0009	0.0009	0.0000	0.0009	0.0009	0.0000	0.0000	0.0000	0.0000	0.0131	0.0115	0.0017	0.0066	0.0066	0.0000	0.0065	0.0048	0.0017	0.2044	0.1040	0.1003	0.1005	0.1003	0.0002	0.1038	0.0037	0.1001	0.0000	0.0000	0.0000	0.0000	0.0000	0.0000	0.0000	0.0000	0.0000	0.0044	0.0086	0.0000	0.0089	0.0090	0.0000	0.0000	0.0000	0.0000		
26	32	0.0831	2	1	2	0	1	0	0	0	0	N	Y	N	N	N	N	N	N	N	N	N	N	0.0000	0.0000	0.0000	0.0000	0.0000	0.0000	0.0000	0.0000	0.0000	0.0000	0.0000	0.0000	0.0000	0.0000	0.0000	0.0000	0.0000	0.0000	0.0000	0.0000	0.0026	0.0000	0.9906	1.0000	0.0000	0.0000	0.0000	0.0000	0.0000	0.0000	0.0000	0.0000	0.0000	0.0000	0.0000	0.0000	0.0000	0.0000	0.0000	0.0000	0.0000	0.0000	0.0000	0.0000	0.0000	0.0000	0.0000	0.0000	0.0000	0.0000	0.0000	0.0284	0.0145	0.0139	0.0119	0.0119	0.0000	0.0165	0.0026	0.0139	0.0000	0.0000	0.0000	0.0000	0.0000	0.0000	0.0000	0.0000	0.0000	0.0000	0.0000	0.0000	0.0000	0.0000	0.0000	0.0000	0.0000	0.0000											
26	33	0.0831	2	2	2	0	0	0	0	0	0	Y	Y	N	N	N	N	N	N	N	N	N	N	0.0000	0.0000	0.0000	0.0000	0.0000	0.0000	0.0000	0.0000	0.0000	0.0000	0.0000	0.0000	0.0000	0.0000	0.0000	0.0000	0.0000	0.0000	0.0000	0.0000	0.0026	2.6608	0.9906	9.9996	0.0000	0.0000	0.0000	0.0000	0.0000	0.0000	0.0000	0.0000	0.0000	0.0000	0.0000	0.0000	0.0000	0.0000	0.0000	0.0000	0.0000	0.0000	0.3153	0.2204	0.0948	0.1583	0.1582	0.0002	0.1569	0.0622	0.0947	0.2588	0.1344	0.1244	0.1082	0.1081	0.0001	0.1506	0.0262	0.1244	0.0000	0.0000	0.0000	0.0000	0.0000	0.0000	0.0000	0.0000	0.0000	0.0000	0.0000	0.0000	0.0000	0.0000	0.0000	0.0000	0.0000	0.0000											
26	34	0.1643	3	1	1	1	0	0	0	0	0	N	N	N	N	N	N	N	N	N	N	N	N	0.0000	0.0000	0.0000	0.0000	0.0000	0.0000	0.0000	0.0000	0.0000	0.0000	0.0000	0.0000	0.0000	0.0000	0.0000	0.0000	0.0000	0.0000	0.0001	0.0000	0.0001	0.0001	0.0000	0.0000	0.0000	0.0000	0.0021	0.0000	-0.0000	0.0026	3.8106	0.9906	5.1657	0.0000	0.0000	0.0000	0.0000	0.0000	0.0000	0.0000	0.0000	0.0000	0.0000	0.0000	0.0000	0.0000	0.0000	0.0000	0.0000	0.0000	0.0000	0.2415	0.2036	0.0379	0.1218	0.1216	0.0002	0.1197	0.0819	0.0378	0.3119	0.1648	0.1471	0.1490	0.1484	0.0005	0.1629	0.0164	0.1465	0.0000	0.0000	0.0000	0.0000	0.0000	0.0000	0.0000	0.0000	0.0000	0.0000	0.0001	0.0000	0.0001	0.0001	0.0000	0.0000	0.0000	0.0000		
26	35	0.0831	2	1	1	0	0	0	0	0	0	N	N	N	N	N	N	N	N	N	N	N	N	0.0000	0.0000	0.0000	0.0000	0.0000	0.0000	0.0000	0.0000	0.0000	0.0000	0.0000	0.0000	0.0000	0.0000	0.0000	0.0000	0.0000	0.0000	0.0001	0.0000	0.0000	0.0000	0.0001	0.0000	0.0001	484.0490	0.0000	0.0000	0.0026	6.2373	0.9906	6.2260	0.0000	0.0000	0.0000	0.0000	0.0000	0.0000	0.0000	0.0000	0.0000	0.0000	0.0000	0.0000	0.0000	0.0000	0.0000	0.0000	0.0000	0.0000	0.4878	0.3780	0.1098	0.2454	0.2451	0.0002	0.2424	0.1329	0.1096	0.2561	0.1329	0.1231	0.1071	0.1070	0.0001	0.1490	0.0259	0.1231	0.0000	0.0000	0.0000	0.0000	0.0000	0.0000	0.0000	0.0000	0.0000	0.0000	0.0000	0.0001	0.0000	0.0000	0.0000	0.0001	0.0000	0.0001			
26	36	0.0831	2	1	2	0	0	0	0	0	0	N	Y	N	N	N	N	N	N	N	N	N	N	0.0000	0.0000	0.0000	0.0000	0.0000	0.0000	0.0000	0.0000	0.0000	0.0000	0.0000	0.0000	0.0000	0.0000	0.0000	0.0000	0.0000	0.0000	0.0000	0.0000	0.0026	3.6608	0.9906	7.3397	0.0000	0.0000	0.0000	0.0000	0.0000	0.0000	0.0000	0.0000	0.0000	0.0000	0.0000	0.0000	0.0000	0.0000	0.0000	0.0000	0.0000	0.0000	0.3687	0.2685	0.1003	0.1853	0.1851	0.0002	0.1834	0.0833	0.1001	0.2347	0.1216	0.1131	0.0982	0.0982	0.0001	0.1365	0.0235	0.1131	0.0000	0.0000	0.0000	0.0000	0.0000	0.0000	0.0000	0.0000	0.0000	0.0000	0.0000	0.0000	0.0000	0.0000	0.0000	0.0000	0.0000	0.0000											
26	37	0.1456	4	2	1	1	0	0	0	0	0	Y	N	N	N	N	N	N	N	N	N	N	N	0.0000	0.0000	0.0000	0.0000	0.0000	0.0000	0.0000	0.0000	0.0000	0.0000	0.0000	0.0000	0.0000	0.0000	0.0000	0.0000	0.0000	0.0415	0.1735	0.0000	0.0913	0.0916	0.0000	0.0000	0.0036	0.0000	0.0000	0.0000	-0.0083	0.0026	2.3426	0.9906	5.0131	0.0000	0.0000	0.0000	0.0000	0.0000	0.0000	0.0000	0.0000	0.0000	0.0100	0.0100	0.0000	0.0100	0.0100	0.0000	0.0000	0.0000	0.0000	0.2972	0.2044	0.0928	0.1492	0.1491	0.0001	0.1480	0.0553	0.0927	0.2417	0.1253	0.1164	0.1098	0.1094	0.0004	0.1319	0.0159	0.1160	0.0000	0.0000	0.0000	0.0000	0.0000	0.0000	0.0000	0.0000	0.0000	0.0415	0.0800	0.0000	0.0913	0.0916	0.0000	0.0000	0.0000	0.0000		
26	38	0.1178	3	2	1	1	0	0	0	0	0	Y	N	N	N	N	N	N	N	N	N	N	N	0.0000	0.0000	0.0000	0.0000	0.0000	0.0000	0.0000	0.0000	0.0000	0.0000	0.0000	0.0000	0.0000	0.0000	0.0000	0.0000	0.0000	0.0000	0.0436	0.1652	0.0105	0.0000	0.0000	0.0002	0.0810	2.6058	0.0105	0.1304	0.0000	-0.0071	0.0026	2.4564	0.9906	2.5086	0.0000	0.0000	0.0000	0.0000	0.0000	0.0000	0.0000	0.0000	0.0000	0.0100	0.0089	0.0012	0.0000	0.0000	0.0000	0.0100	0.0089	0.0012	0.3037	0.2102	0.0936	0.1525	0.1524	0.0001	0.1512	0.0578	0.0934	0.2297	0.1195	0.1102	0.1061	0.1057	0.0003	0.1236	0.0137	0.1099	0.0000	0.0000	0.0000	0.0000	0.0000	0.0000	0.0000	0.0000	0.0000	0.0436	0.0741	0.0105	0.0000	0.0000	0.0002	0.0810	0.6447	0.0105	
26	39	0.0831	2	1	2	0	0	0	0	0	0	N	Y	N	N	N	N	N	N	N	N	N	N	0.0000	0.0000	0.0000	0.0000	0.0000	0.0000	0.0000	0.0000	0.0000	0.0000	0.0000	0.0000	0.0000	0.0001	0.0001	0.0000	0.0002	0.0002	0.0000	0.0000	0.0000	0.0000	0.0000	0.0000	-0.0000	0.0026	5.6608	0.9906	8.0004	0.0000	0.0000	0.0000	0.0000	0.0000	0.0000	0.0000	0.0000	0.0000	0.0000	0.0000	0.0000	0.0000	0.0000	0.0000	0.0000	0.0000	0.0000	0.4633	0.3551	0.1081	0.2330	0.2328	0.0002	0.2303	0.1224	0.1079	0.2722	0.1415	0.1307	0.1137	0.1137	0.0001	0.1584	0.0278	0.1306	0.0000	0.0000	0.0000	0.0000	0.0000	0.0000	0.0000	0.0000	0.0000	0.0001	0.0001	0.0000	0.0002	0.0002	0.0000	0.0000	0.0000	0.0000						
26	40	0.0831	2	2	1	1	0	0	0	0	0	Y	N	N	N	N	N	N	N	N	N	N	N	0.0000	0.0000	0.0000	0.0000	0.0000	0.0000	0.0000	0.0000	0.0000	0.0000	0.0000	0.0000	0.0000	0.0000	0.0000	0.0000	0.0000	0.0000	0.0000	0.0000	0.0026	6.3392	0.9906	5.9996	0.0000	0.0000	0.0000	0.0000	0.0000	0.0000	0.0000	0.0000	0.0000	0.0000	0.0000	0.0000	0.0000	0.0000	0.0000	0.0000	0.0000	0.0000	0.4921	0.3820	0.1101	0.2475	0.2473	0.0002	0.2445	0.1347	0.1098	0.2543	0.1320	0.1223	0.1063	0.1063	0.0001	0.1480	0.0257	0.1223	0.0000	0.0000	0.0000	0.0000	0.0000	0.0000	0.0000	0.0000	0.0000	0.0000	0.0000	0.0000	0.0000	0.0000	0.0000	0.0000	0.0000	0.0000											
26	41	0.1156	3	2	1	1	0	0	0	0	0	Y	N	N	N	N	N	N	N	N	N	N	N	0.0000	0.0000	0.0000	0.0000	0.0000	0.0000	0.0000	0.0000	0.0000	0.0000	0.0000	0.0000	0.0000	0.0000	0.0000	0.0000	0.0001	0.0001	0.0000	0.0002	0.0002	0.0000	0.0000	0.0000	0.0000	0.0006	0.0000	-0.0000	0.0026	1.9694	0.9906	5.1440	0.0000	0.0000	0.0000	0.0000	0.0000	0.0000	0.0000	0.0000	0.0000	0.0000	0.0000	0.0000	0.0000	0.0000	0.0000	0.0000	0.0000	0.0000	0.1913	0.1539	0.0373	0.0972	0.0969	0.0003	0.0941	0.0570	0.0370	0.2775	0.1419	0.1356	0.1256	0.1256	0.0001	0.1519	0.0163	0.1355	0.0000	0.0000	0.0000	0.0000	0.0000	0.0000	0.0000	0.0000	0.0000	0.0001	0.0001	0.0000	0.0002	0.0002	0.0000	0.0000	0.0000	0.0000			
26	42	0.0831	2	2	1	0	0	0	0	0	0	Y	N	N	N	N	N	N	N	N	N	N	N	0.0000	0.0000	0.0000	0.0000	0.0000	0.0000	0.0000	0.0000	0.0000	0.0000	0.0000	0.0000	0.0000	0.0000	0.0000	0.0000	0.0000	0.0001	0.0000	0.0003	0.0000	0.0000	0.0000	0.0003	0.0000	0.0003	1452.1471	0.0000	0.0000	0.0026	3.3753	0.9906	2.0398	0.0000	0.0000	0.0000	0.0000	0.0000	0.0000	0.0000	0.0000	0.0000	0.0000	0.0000	0.0000	0.0000	0.0000	0.0000	0.0000	0.0000	0.0000	0.3539	0.2551	0.0988	0.1778	0.1776	0.0002	0.1761	0.0774	0.0987	0.1343	0.0691	0.0652	0.0563	0.0563	0.0000	0.0780	0.0128	0.0652	0.0000	0.0000	0.0000	0.0000	0.0000	0.0000	0.0000	0.0000	0.0000	0.0001	0.0000	0.0003	0.0000	0.0000	0.0000	0.0003	0.0000	0.0003		
26	43	0.0831	2	1	1	1	0	0	0	0	0	N	N	N	N	N	N	N	N	N	N	N	N	0.0000	0.0000	0.0000	0.0000	0.0000	0.0000	0.0000	0.0000	0.0000	0.0000	0.0000	0.0000	0.0000	0.0000	0.0000	0.0000	0.0000	0.0000	0.0000	0.0000	0.0026	4.6608	0.9906	7.9996	0.0000	0.0000	0.0000	0.0000	0.0000	0.0000	0.0000	0.0000	0.0000	0.0000	0.0000	0.0000	0.0000	0.0000	0.0000	0.0000	0.0000	0.0000	0.4179	0.3133	0.1046	0.2101	0.2099	0.0002	0.2078	0.1034	0.1044	0.2588	0.1344	0.1244	0.1082	0.1081	0.0001	0.1506	0.0262	0.1244	0.0000	0.0000	0.0000	0.0000	0.0000	0.0000	0.0000	0.0000	0.0000	0.0000	0.0000	0.0000	0.0000	0.0000	0.0000	0.0000	0.0000	0.0000											
26	44	0.0831	2	1	2	0	0	0	0	0	0	N	Y	N	N	N	N	N	N	N	N	N	N	0.0000	0.0000	0.0000	0.0000	0.0000	0.0000	0.0000	0.0000	0.0000	0.0000	0.0000	0.0000	0.0000	0.0001	0.0002	0.0000	0.0003	0.0003	0.0000	0.0000	0.0000	0.0000	0.0000	0.0000	-0.0000	0.0026	4.6608	0.9906	7.9996	0.0000	0.0000	0.0000	0.0000	0.0000	0.0000	0.0000	0.0000	0.0000	0.0000	0.0000	0.0000	0.0000	0.0000	0.0000	0.0000	0.0000	0.0000	0.4179	0.3133	0.1046	0.2101	0.2099	0.0002	0.2078	0.1034	0.1044	0.2588	0.1344	0.1244	0.1082	0.1081	0.0001	0.1506	0.0262	0.1244	0.0000	0.0000	0.0000	0.0000	0.0000	0.0000	0.0000	0.0000	0.0000	0.0001	0.0002	0.0000	0.0003	0.0003	0.0000	0.0000	0.0000	0.0000						
26	45	0.1178	3	2	2	1	0	0	0	0	0	Y	Y	N	N	N	N	N	N	N	N	N	N	0.0000	0.0000	0.0000	0.0000	0.0000	0.0000	0.0000	0.0000	0.0000	0.0000	0.0000	0.0000	0.0000	0.0000	0.0000	0.0000	0.0000	0.0000	0.0000	0.0000	0.0026	1.3391	0.9906	5.8433	0.0000	0.0000	0.0000	0.0000	0.0000	0.0000	0.0000	0.0000	0.0000	0.0000	0.0000	0.0000	0.0000	0.0000	0.0000	0.0000	0.0000	0.0000	0.2372	0.1514	0.0858	0.1190	0.1189	0.0001	0.1182	0.0325	0.0857	0.2627	0.1369	0.1258	0.1193	0.1189	0.0004	0.1434	0.0179	0.1255	0.0000	0.0000	0.0000	0.0000	0.0000	0.0000	0.0000	0.0000	0.0000	0.0000	0.0000	0.0000	0.0000	0.0000	0.0000	0.0000	0.0000	0.0000											
26	46	0.0831	2	2	1	0	0	0	0	0	0	Y	N	N	N	N	N	N	N	N	N	N	N	0.0000	0.0000	0.0000	0.0000	0.0000	0.0000	0.0000	0.0000	0.0000	0.0000	0.0000	0.0000	0.0000	0.0000	0.0000	0.0000	0.0000	0.0000	0.0000	-0.0000	0.0026	2.4483	0.9906	3.1953	0.0000	0.0000	0.0000	0.0000	0.0000	0.0000	0.0000	0.0000	0.0000	0.0000	0.0000	0.0000	0.0000	0.0000	0.0000	0.0000	0.0000	0.0000	0.3033	0.2098	0.0935	0.1523	0.1522	0.0001	0.1510	0.0576	0.0934	0.1391	0.0716	0.0675	0.0583	0.0583	0.0000	0.0808	0.0133	0.0675	0.0000	0.0000	0.0000	0.0000	0.0000	0.0000	0.0000	0.0000	0.0000	0.0000	0.0000	0.0000	0.0000	0.0000	0.0000	0.0000	0.0000	0.0000											
26	47	0.1228	3	2	2	1	0	0	0	0	0	Y	Y	N	N	N	N	N	N	N	N	N	N	0.0000	0.0000	0.0000	0.0000	0.0000	0.0000	0.0000	0.0000	0.0000	0.0000	0.0000	0.0000	0.0000	0.0000	0.0000	0.0000	0.0001	0.0002	0.0000	0.0002	0.0002	0.0000	0.0000	0.0000	0.0000	0.0006	0.0000	-0.0000	0.0026	3.0001	0.9906	1.0598	0.0000	0.0000	0.0000	0.0000	0.0000	0.0000	0.0000	0.0000	0.0000	0.0000	0.0000	0.0000	0.0000	0.0000	0.0000	0.0000	0.0000	0.0000	0.1968	0.1650	0.0318	0.0992	0.0990	0.0002	0.0976	0.0659	0.0316	0.1114	0.0576	0.0537	0.0478	0.0478	0.0000	0.0636	0.0099	0.0537	0.0000	0.0000	0.0000	0.0000	0.0000	0.0000	0.0000	0.0000	0.0000	0.0001	0.0002	0.0000	0.0002	0.0002	0.0000	0.0000	0.0000	0.0000			
26	48	0.0831	2	2	1	1	0	0	0	0	0	Y	N	N	N	N	N	N	N	N	N	N	N	0.0000	0.0000	0.0000	0.0000	0.0000	0.0000	0.0000	0.0000	0.0000	0.0000	0.0000	0.0000	0.0000	0.0000	0.0000	0.0000	0.0001	0.0000	0.0001	0.0000	0.0000	0.0000	0.0001	0.0000	0.0001	1592.6774	0.0000	0.0000	0.0026	0.6630	0.9906	5.9830	0.0000	0.0000	0.0000	0.0000	0.0000	0.0000	0.0000	0.0000	0.0000	0.0000	0.0000	0.0000	0.0000	0.0000	0.0000	0.0000	0.0000	0.0000	0.1936	0.1134	0.0802	0.0970	0.0969	0.0001	0.0966	0.0165	0.0801	0.1594	0.0821	0.0773	0.0668	0.0667	0.0000	0.0926	0.0154	0.0772	0.0000	0.0000	0.0000	0.0000	0.0000	0.0000	0.0000	0.0000	0.0000	0.0001	0.0000	0.0001	0.0000	0.0000	0.0000	0.0001	0.0000	0.0001			
26	49	0.0831	2	2	2	0	0	0	0	0	0	Y	Y	N	N	N	N	N	N	N	N	N	N	0.0000	0.0000	0.0000	0.0000	0.0000	0.0000	0.0000	0.0000	0.0000	0.0000	0.0000	0.0000	0.0000	0.0000	0.0000	0.0000	0.0000	0.0000	0.0000	0.0000	0.0026	7.3392	0.9906	7.9996	0.0000	0.0000	0.0000	0.0000	0.0000	0.0000	0.0000	0.0000	0.0000	0.0000	0.0000	0.0000	0.0000	0.0000	0.0000	0.0000	0.0000	0.0000	0.5318	0.4195	0.1123	0.2676	0.2673	0.0003	0.2642	0.1522	0.1121	0.2930	0.1527	0.1403	0.1223	0.1223	0.0001	0.1706	0.0304	0.1402	0.0000	0.0000	0.0000	0.0000	0.0000	0.0000	0.0000	0.0000	0.0000	0.0000	0.0000	0.0000	0.0000	0.0000	0.0000	0.0000	0.0000	0.0000											
26	50	0.0831	2	1	1	0	1	0	0	0	0	N	N	N	N	N	N	N	N	N	N	N	N	0.0000	0.0000	0.0000	0.0000	0.0000	0.0000	0.0000	0.0000	0.0000	0.0000	0.0000	0.0000	0.0000	0.0000	0.0000	0.0000	0.0000	3.2066	0.0001	6.7084	0.0005	0.0001	0.9737	5.5029	0.0000	7.1596	98746.0000	0.0000	0.1712	0.0026	4.6608	0.9906	12.0004	0.0000	0.0000	0.0000	0.0000	0.0000	0.0000	0.0000	0.0000	0.0000	0.9875	0.0000	0.9875	0.0001	0.0000	0.0001	0.9874	0.0000	0.9874	0.4179	0.3133	0.1046	0.2101	0.2099	0.0002	0.2078	0.1034	0.1044	0.3079	0.1607	0.1472	0.1285	0.1284	0.0001	0.1794	0.0323	0.1471	0.0000	0.0000	0.0000	0.0000	0.0000	0.0000	0.0000	0.0000	0.0000	3.2066	0.0001	6.7084	0.0005	0.0001	0.7634	5.5029	0.0000	6.7115		
26	51	0.1136	3	1	2	1	0	0	0	0	0	N	Y	N	N	N	N	N	N	N	N	N	N	0.0000	0.0000	0.0000	0.0000	0.0000	0.0000	0.0000	0.0000	0.0000	0.0000	0.0000	0.0000	0.0000	0.0000	0.0000	0.0000	0.0001	0.0001	0.0000	0.0001	0.0001	0.0000	0.0000	0.0000	0.0000	0.0007	0.0000	-0.0000	0.0026	2.4249	0.9906	2.1457	0.0000	0.0000	0.0000	0.0000	0.0000	0.0000	0.0000	0.0000	0.0000	0.0000	0.0000	0.0000	0.0000	0.0000	0.0000	0.0000	0.0000	0.0000	0.2990	0.2098	0.0892	0.1532	0.1503	0.0029	0.1459	0.0596	0.0863	0.1511	0.0781	0.0729	0.0684	0.0681	0.0002	0.0827	0.0100	0.0727	0.0000	0.0000	0.0000	0.0000	0.0000	0.0000	0.0000	0.0000	0.0000	0.0001	0.0001	0.0000	0.0001	0.0001	0.0000	0.0000	0.0000	0.0000			
26	52	0.0831	2	1	2	0	0	0	0	0	0	N	Y	N	N	N	N	N	N	N	N	N	N	0.0000	0.0000	0.0000	0.0000	0.0000	0.0000	0.0000	0.0000	0.0000	0.0000	0.0000	0.0000	0.0000	0.0000	0.0000	0.0000	0.0001	0.0000	0.0001	0.0000	0.0000	0.0000	0.0001	0.0000	0.0001	1334.4054	0.0000	0.0000	0.0026	3.5386	0.9906	1.9499	0.0000	0.0000	0.0000	0.0000	0.0000	0.0000	0.0000	0.0000	0.0000	0.0000	0.0000	0.0000	0.0000	0.0000	0.0000	0.0000	0.0000	0.0000	0.3624	0.2628	0.0997	0.1821	0.1819	0.0002	0.1803	0.0808	0.0995	0.1359	0.0699	0.0660	0.0570	0.0569	0.0000	0.0789	0.0130	0.0660	0.0000	0.0000	0.0000	0.0000	0.0000	0.0000	0.0000	0.0000	0.0000	0.0001	0.0000	0.0001	0.0000	0.0000	0.0000	0.0001	0.0000	0.0001			
26	53	0.0831	2	2	1	1	0	0	0	0	0	Y	N	N	N	N	N	N	N	N	N	N	N	0.0000	0.0000	0.0000	0.0000	0.0000	0.0000	0.0000	0.0000	0.0000	0.0000	0.0000	0.0000	0.0000	0.0000	0.0000	0.0000	0.0000	0.0000	0.0000	0.0000	0.0026	3.3392	0.9906	2.9996	0.0000	0.0000	0.0000	0.0000	0.0000	0.0000	0.0000	0.0000	0.0000	0.0000	0.0000	0.0000	0.0000	0.0000	0.0000	0.0000	0.0000	0.0000	0.3520	0.2534	0.0986	0.1769	0.1767	0.0002	0.1751	0.0767	0.0985	0.1533	0.0789	0.0743	0.0642	0.0642	0.0000	0.0890	0.0147	0.0743	0.0000	0.0000	0.0000	0.0000	0.0000	0.0000	0.0000	0.0000	0.0000	0.0000	0.0000	0.0000	0.0000	0.0000	0.0000	0.0000	0.0000	0.0000											
26	54	0.1292	3	2	2	0	0	0	0	0	0	Y	Y	N	N	N	N	N	N	N	N	N	N	0.0000	0.0000	0.0000	0.0000	0.0000	0.0000	0.0000	0.0000	0.0000	0.0000	0.0000	0.0000	0.0000	0.0001	0.0002	0.0000	0.0003	0.0003	0.0000	0.0000	0.0000	0.0000	0.0000	0.0000	-0.0000	0.0026	2.0079	0.9906	2.2027	0.0000	0.0000	0.0000	0.0000	0.0000	0.0000	0.0000	0.0000	0.0000	0.0000	0.0000	0.0000	0.0000	0.0000	0.0000	0.0000	0.0000	0.0000	0.1250	0.1101	0.0149	0.0631	0.0630	0.0001	0.0620	0.0471	0.0149	0.1567	0.0806	0.0761	0.0734	0.0734	0.0000	0.0832	0.0072	0.0761	0.0000	0.0000	0.0000	0.0000	0.0000	0.0000	0.0000	0.0000	0.0000	0.0001	0.0002	0.0000	0.0003	0.0003	0.0000	0.0000	0.0000	0.0000						
26	55	0.0831	2	2	2	0	0	0	0	0	0	Y	Y	N	N	N	N	N	N	N	N	N	N	0.0000	0.0000	0.0000	0.0000	0.0000	0.0000	0.0000	0.0000	0.0000	0.0000	0.0000	0.0000	0.0000	0.0000	0.0000	0.0001	0.0000	0.0002	0.0000	0.0000	0.0000	0.0002	0.0000	0.0002	inf	0.0000	0.0000	0.0026	4.3406	0.9906	3.9440	0.0000	0.0000	0.0000	0.0000	0.0000	0.0000	0.0000	0.0000	0.0000	0.0000	0.0000	0.0000	0.0000	0.0000	0.0000	0.0000	0.0000	0.0000	0.4026	0.2992	0.1033	0.2024	0.2022	0.0002	0.2002	0.0971	0.1032	0.1900	0.0981	0.0919	0.0796	0.0795	0.0000	0.1104	0.0186	0.0919	0.0000	0.0000	0.0000	0.0000	0.0000	0.0000	0.0000	0.0000	0.0000	0.0001	0.0000	0.0002	0.0000	0.0000	0.0000	0.0002	0.0000	0.0002				
26	56	0.0831	2	1	2	0	0	0	0	0	0	N	Y	N	N	N	N	N	N	N	N	N	N	0.0000	0.0000	0.0000	0.0000	0.0000	0.0000	0.0000	0.0000	0.0000	0.0000	0.0000	0.0000	0.0000	0.0000	0.0001	0.0000	0.0001	0.0001	0.0000	0.0000	0.0000	0.0000	0.0000	0.0000	-0.0000	0.0026	3.6608	0.9906	7.0004	0.0000	0.0000	0.0000	0.0000	0.0000	0.0000	0.0000	0.0000	0.0000	0.0000	0.0000	0.0000	0.0000	0.0000	0.0000	0.0000	0.0000	0.0000	0.3687	0.2685	0.1003	0.1853	0.1851	0.0002	0.1834	0.0833	0.1001	0.2295	0.1189	0.1107	0.0960	0.0960	0.0001	0.1335	0.0229	0.1106	0.0000	0.0000	0.0000	0.0000	0.0000	0.0000	0.0000	0.0000	0.0000	0.0000	0.0001	0.0000	0.0001	0.0001	0.0000	0.0000	0.0000	0.0000						
26	57	0.0831	2	1	1	1	0	0	0	0	0	N	N	N	N	N	N	N	N	N	N	N	N	0.0000	0.0000	0.0000	0.0000	0.0000	0.0000	0.0000	0.0000	0.0000	0.0000	0.0000	0.0000	0.0000	0.0000	0.0000	0.0000	0.0000	0.0000	0.0000	0.0000	0.0026	1.6608	0.9906	6.0004	0.0000	0.0000	0.0000	0.0000	0.0000	0.0000	0.0000	0.0000	0.0000	0.0000	0.0000	0.0000	0.0000	0.0000	0.0000	0.0000	0.0000	0.0000	0.2570	0.1688	0.0882	0.1290	0.1289	0.0001	0.1280	0.0400	0.0881	0.1787	0.0922	0.0865	0.0748	0.0748	0.0000	0.1038	0.0174	0.0865	0.0000	0.0000	0.0000	0.0000	0.0000	0.0000	0.0000	0.0000	0.0000	0.0000	0.0000	0.0000	0.0000	0.0000	0.0000	0.0000	0.0000	0.0000											
26	58	0.0831	2	2	2	0	0	0	0	0	0	Y	Y	N	N	N	N	N	N	N	N	N	N	0.0000	0.0000	0.0000	0.0000	0.0000	0.0000	0.0000	0.0000	0.0000	0.0000	0.0000	0.0000	0.0000	0.0000	0.0000	0.0000	0.0000	0.0000	0.0000	0.0000	0.0026	4.3392	0.9906	6.9996	0.0000	0.0000	0.0000	0.0000	0.0000	0.0000	0.0000	0.0000	0.0000	0.0000	0.0000	0.0000	0.0000	0.0000	0.0000	0.0000	0.0000	0.0000	0.4025	0.2992	0.1033	0.2023	0.2021	0.0002	0.2002	0.0970	0.1031	0.2398	0.1243	0.1155	0.1003	0.1003	0.0001	0.1395	0.0240	0.1155	0.0000	0.0000	0.0000	0.0000	0.0000	0.0000	0.0000	0.0000	0.0000	0.0000	0.0000	0.0000	0.0000	0.0000	0.0000	0.0000	0.0000	0.0000											
26	59	0.0831	2	2	2	1	0	0	0	0	0	Y	Y	N	N	N	N	N	N	N	N	N	N	0.0000	0.0000	0.0000	0.0000	0.0000	0.0000	0.0000	0.0000	0.0000	0.0000	0.0000	0.0000	0.0000	0.0000	0.0000	0.0000	0.0000	0.0000	0.0000	0.0000	0.0026	5.6608	0.9906	7.0004	0.0000	0.0000	0.0000	0.0000	0.0000	0.0000	0.0000	0.0000	0.0000	0.0000	0.0000	0.0000	0.0000	0.0000	0.0000	0.0000	0.0000	0.0000	0.4633	0.3551	0.1081	0.2330	0.2328	0.0002	0.2303	0.1224	0.1079	0.2588	0.1344	0.1244	0.1082	0.1081	0.0001	0.1506	0.0262	0.1244	0.0000	0.0000	0.0000	0.0000	0.0000	0.0000	0.0000	0.0000	0.0000	0.0000	0.0000	0.0000	0.0000	0.0000	0.0000	0.0000	0.0000	0.0000											
26	60	0.0831	2	1	2	0	0	0	0	0	0	N	Y	N	N	N	N	N	N	N	N	N	N	0.0000	0.0000	0.0000	0.0000	0.0000	0.0000	0.0000	0.0000	0.0000	0.0000	0.0000	0.0000	0.0000	0.0000	0.0000	0.0000	0.0000	0.0000	0.0000	0.0000	0.0026	2.0000	0.9906	4.0000	0.0000	0.0000	0.0000	0.0000	0.0000	0.0000	0.0000	0.0000	0.0000	0.0000	0.0000	0.0000	0.0000	0.0000	0.0000	0.0000	0.0000	0.0000	0.2773	0.1867	0.0906	0.1392	0.1391	0.0001	0.1381	0.0477	0.0905	0.1465	0.0754	0.0711	0.0614	0.0614	0.0000	0.0851	0.0140	0.0710	0.0000	0.0000	0.0000	0.0000	0.0000	0.0000	0.0000	0.0000	0.0000	0.0000	0.0000	0.0000	0.0000	0.0000	0.0000	0.0000	0.0000	0.0000											
26	61	0.0831	2	2	1	1	0	0	0	0	0	Y	N	N	N	N	N	N	N	N	N	N	N	0.0000	0.0000	0.0000	0.0000	0.0000	0.0000	0.0000	0.0000	0.0000	0.0000	0.0000	0.0000	0.0000	0.0000	0.0000	0.0000	0.0000	0.0000	0.0000	0.0000	0.0026	5.3392	0.9906	6.0004	0.0000	0.0000	0.0000	0.0000	0.0000	0.0000	0.0000	0.0000	0.0000	0.0000	0.0000	0.0000	0.0000	0.0000	0.0000	0.0000	0.0000	0.0000	0.4491	0.3420	0.1071	0.2258	0.2256	0.0002	0.2232	0.1164	0.1069	0.2398	0.1243	0.1155	0.1003	0.1003	0.0001	0.1395	0.0240	0.1155	0.0000	0.0000	0.0000	0.0000	0.0000	0.0000	0.0000	0.0000	0.0000	0.0000	0.0000	0.0000	0.0000	0.0000	0.0000	0.0000	0.0000	0.0000											
26	62	0.0831	2	1	2	0	0	0	0	0	0	N	Y	N	N	N	N	N	N	N	N	N	N	0.0000	0.0000	0.0000	0.0000	0.0000	0.0000	0.0000	0.0000	0.0000	0.0000	0.0000	0.0000	0.0000	0.0000	0.0000	0.0000	0.0000	0.0000	0.0000	0.0000	0.0026	8.6608	0.9906	13.0004	0.0000	0.0000	0.0000	0.0000	0.0000	0.0000	0.0000	0.0000	0.0000	0.0000	0.0000	0.0000	0.0000	0.0000	0.0000	0.0000	0.0000	0.0000	0.5800	0.4656	0.1144	0.2920	0.2917	0.0003	0.2881	0.1739	0.1141	0.3550	0.1866	0.1684	0.1478	0.1477	0.0001	0.2072	0.0389	0.1683	0.0000	0.0000	0.0000	0.0000	0.0000	0.0000	0.0000	0.0000	0.0000	0.0000	0.0000	0.0000	0.0000	0.0000	0.0000	0.0000	0.0000	0.0000											
26	63	0.1569	3	1	1	1	0	0	0	0	0	N	N	N	N	N	N	N	N	N	N	N	N	0.0000	0.0000	0.0000	0.0000	0.0000	0.0000	0.0000	0.0000	0.0000	0.0000	0.0000	0.0000	0.0000	0.0000	0.0000	0.0000	0.0000	0.0000	0.0000	0.0000	0.0000	0.0000	inf	0.0000	0.0000	0.0026	0.9961	0.9906	0.0337	0.0000	0.0000	0.0000	0.0000	0.0000	0.0000	0.0000	0.0000	0.0000	0.0000	0.0000	0.0000	0.0000	0.0000	0.0000	0.0000	0.0000	0.0000	0.0705	0.0585	0.0120	0.0355	0.0355	0.0000	0.0350	0.0231	0.0119	0.0252	0.0134	0.0118	0.0122	0.0118	0.0004	0.0130	0.0016	0.0114	0.0000	0.0000	0.0000	0.0000	0.0000	0.0000	0.0000	0.0000	0.0000	0.0000	0.0000	0.0000	0.0000	0.0000	0.0000	0.0000	0.0000	0.0000						
26	64	0.0831	2	1	1	1	0	0	0	0	0	N	N	N	N	N	N	N	N	N	N	N	N	0.0000	0.0000	0.0000	0.0000	0.0000	0.0000	0.0000	0.0000	0.0000	0.0000	0.0000	0.0000	0.0000	0.0000	0.0000	0.0000	0.0000	0.0000	0.0000	0.0000	0.0000	0.0000	0.0000	0.0000	-0.0000	0.0026	3.6648	0.9906	8.0029	0.0000	0.0000	0.0000	0.0000	0.0000	0.0000	0.0000	0.0000	0.0000	0.0000	0.0000	0.0000	0.0000	0.0000	0.0000	0.0000	0.0000	0.0000	0.3689	0.2686	0.1003	0.1854	0.1852	0.0002	0.1835	0.0834	0.1001	0.2447	0.1269	0.1178	0.1023	0.1023	0.0001	0.1424	0.0246	0.1178	0.0000	0.0000	0.0000	0.0000	0.0000	0.0000	0.0000	0.0000	0.0000	0.0000	0.0000	0.0000	0.0000	0.0000	0.0000	0.0000	0.0000	0.0000						
26	65	0.0831	2	1	2	0	0	0	0	0	0	N	Y	N	N	N	N	N	N	N	N	N	N	0.0000	0.0000	0.0000	0.0000	0.0000	0.0000	0.0000	0.0000	0.0000	0.0000	0.0000	0.0000	0.0000	0.0000	0.0001	0.0000	0.0001	0.0001	0.0000	0.0000	0.0000	0.0000	0.0000	0.0000	-0.0000	0.0026	6.6608	0.9906	17.9996	0.0000	0.0000	0.0000	0.0000	0.0000	0.0000	0.0000	0.0000	0.0000	0.0000	0.0000	0.0000	0.0000	0.0000	0.0000	0.0000	0.0000	0.0000	0.5052	0.3943	0.1109	0.2541	0.2539	0.0003	0.2510	0.1404	0.1106	0.3772	0.1991	0.1781	0.1568	0.1567	0.0001	0.2204	0.0424	0.1780	0.0000	0.0000	0.0000	0.0000	0.0000	0.0000	0.0000	0.0000	0.0000	0.0000	0.0001	0.0000	0.0001	0.0001	0.0000	0.0000	0.0000	0.0000						
26	66	0.0831	2	1	2	0	1	0	0	0	0	N	Y	N	N	N	N	N	N	N	N	N	N	0.0000	0.0000	0.0000	0.0000	0.0000	0.0000	0.0000	0.0000	0.0000	0.0000	0.0000	0.0000	0.0000	0.0000	0.0000	0.0000	0.0000	0.0000	0.0000	0.0000	0.0026	5.3392	0.9906	7.9996	0.0000	0.0000	0.0000	0.0000	0.0000	0.0000	0.0000	0.0000	0.0000	0.0000	0.0000	0.0000	0.0000	0.0000	0.0000	0.0000	0.0000	0.0000	0.4491	0.3420	0.1071	0.2258	0.2256	0.0002	0.2232	0.1164	0.1069	0.2680	0.1393	0.1287	0.1120	0.1119	0.0001	0.1560	0.0273	0.1286	0.0000	0.0000	0.0000	0.0000	0.0000	0.0000	0.0000	0.0000	0.0000	0.0000	0.0000	0.0000	0.0000	0.0000	0.0000	0.0000	0.0000	0.0000											
26	67	0.0831	2	1	2	0	0	0	0	0	0	N	Y	N	N	N	N	N	N	N	N	N	N	0.0000	0.0000	0.0000	0.0000	0.0000	0.0000	0.0000	0.0000	0.0000	0.0000	0.0000	0.0000	0.0000	0.0000	0.0000	0.0000	0.0000	0.0000	0.0000	0.0000	0.0026	6.3392	0.9906	8.9996	0.0000	0.0000	0.0000	0.0000	0.0000	0.0000	0.0000	0.0000	0.0000	0.0000	0.0000	0.0000	0.0000	0.0000	0.0000	0.0000	0.0000	0.0000	0.4921	0.3820	0.1101	0.2475	0.2473	0.0002	0.2445	0.1347	0.1098	0.2930	0.1527	0.1403	0.1223	0.1223	0.0001	0.1706	0.0304	0.1402	0.0000	0.0000	0.0000	0.0000	0.0000	0.0000	0.0000	0.0000	0.0000	0.0000	0.0000	0.0000	0.0000	0.0000	0.0000	0.0000	0.0000	0.0000											
26	68	0.0831	2	1	2	0	0	0	0	0	0	N	Y	N	N	N	N	N	N	N	N	N	N	0.0000	0.0000	0.0000	0.0000	0.0000	0.0000	0.0000	0.0000	0.0000	0.0000	0.0000	0.0000	0.0000	0.0000	0.0000	4.3020	0.0000	11.2316	0.0006	0.0000	1.2633	7.3966	0.0000	12.0206	inf	0.0000	0.1712	0.0026	4.6608	0.9906	6.0004	0.0000	0.0000	0.0000	0.0000	0.0000	0.0000	0.0000	0.0000	0.0000	0.9875	0.0000	0.9875	0.0001	0.0000	0.0001	0.9874	0.0000	0.9874	0.4179	0.3133	0.1046	0.2101	0.2099	0.0002	0.2078	0.1034	0.1044	0.2295	0.1189	0.1107	0.0960	0.0960	0.0001	0.1335	0.0229	0.1106	0.0000	0.0000	0.0000	0.0000	0.0000	0.0000	0.0000	0.0000	0.0000	4.3020	0.0000	8.9226	0.0006	0.0000	1.1505	7.3966	0.0000	8.9263				
26	71	0.0831	2	1	2	0	0	0	0	0	0	N	Y	N	N	N	N	N	N	N	N	N	N	0.0000	0.0000	0.0000	0.0000	0.0000	0.0000	0.0000	0.0000	0.0000	0.0000	0.0000	0.0000	0.0000	0.0000	0.0000	0.0000	0.0000	0.0000	0.0000	0.0000	0.0026	5.6608	0.9906	12.0004	0.0000	0.0000	0.0000	0.0000	0.0000	0.0000	0.0000	0.0000	0.0000	0.0000	0.0000	0.0000	0.0000	0.0000	0.0000	0.0000	0.0000	0.0000	0.4633	0.3551	0.1081	0.2330	0.2328	0.0002	0.2303	0.1224	0.1079	0.3185	0.1665	0.1520	0.1329	0.1328	0.0001	0.1857	0.0337	0.1519	0.0000	0.0000	0.0000	0.0000	0.0000	0.0000	0.0000	0.0000	0.0000	0.0000	0.0000	0.0000	0.0000	0.0000	0.0000	0.0000	0.0000	0.0000											
26	73	0.0831	2	2	2	0	1	0	0	0	0	Y	Y	N	N	N	N	N	N	N	N	N	N	0.0000	0.0000	0.0000	0.0000	0.0000	0.0000	0.0000	0.0000	0.0000	0.0000	0.0000	0.0000	0.0000	0.0000	0.0001	0.0000	0.0001	0.0001	0.0000	0.0000	0.0000	0.0000	0.0000	0.0000	-0.0000	0.0026	3.3392	0.9906	11.0004	0.0000	0.0000	0.0000	0.0000	0.0000	0.0000	0.0000	0.0000	0.0000	0.0000	0.0000	0.0000	0.0000	0.0000	0.0000	0.0000	0.0000	0.0000	0.3520	0.2534	0.0986	0.1769	0.1767	0.0002	0.1751	0.0767	0.0985	0.2808	0.1461	0.1347	0.1173	0.1173	0.0001	0.1635	0.0289	0.1346	0.0000	0.0000	0.0000	0.0000	0.0000	0.0000	0.0000	0.0000	0.0000	0.0000	0.0001	0.0000	0.0001	0.0001	0.0000	0.0000	0.0000	0.0000						
26	74	0.0831	2	1	2	0	1	0	0	0	0	N	Y	N	N	N	N	N	N	N	N	N	N	0.0000	0.0000	0.0000	0.0000	0.0000	0.0000	0.0000	0.0000	0.0000	0.0000	0.0000	0.0000	0.0000	0.0000	0.0000	0.0000	0.0000	0.0000	0.0000	0.0000	0.0026	6.3392	0.9906	5.0004	0.0000	0.0000	0.0000	0.0000	0.0000	0.0000	0.0000	0.0000	0.0000	0.0000	0.0000	0.0000	0.0000	0.0000	0.0000	0.0000	0.0000	0.0000	0.4921	0.3820	0.1101	0.2475	0.2473	0.0002	0.2445	0.1347	0.1098	0.2398	0.1243	0.1155	0.1003	0.1003	0.0001	0.1395	0.0240	0.1155	0.0000	0.0000	0.0000	0.0000	0.0000	0.0000	0.0000	0.0000	0.0000	0.0000	0.0000	0.0000	0.0000	0.0000	0.0000	0.0000	0.0000	0.0000											
26	75	0.1534	3	1	2	0	0	0	0	0	0	N	Y	N	N	N	N	N	N	N	N	N	N	0.0000	0.0000	0.0000	0.0000	0.0000	0.0000	0.0000	0.0000	0.0000	0.0000	0.0000	0.0000	0.0000	0.0000	0.0000	0.0000	0.0000	0.0000	0.0000	0.0000	0.0000	0.0000	inf	0.0000	0.0000	0.0026	0.0009	0.9906	1.7419	0.0000	0.0000	0.0000	0.0000	0.0000	0.0000	0.0000	0.0000	0.0000	0.0000	0.0000	0.0000	0.0000	0.0000	0.0000	0.0000	0.0000	0.0000	0.0002	0.0001	0.0001	0.0001	0.0001	0.0000	0.0001	0.0000	0.0001	0.1982	0.1005	0.0977	0.0980	0.0978	0.0002	0.1002	0.0028	0.0975	0.0000	0.0000	0.0000	0.0000	0.0000	0.0000	0.0000	0.0000	0.0000	0.0000	0.0000	0.0000	0.0000	0.0000	0.0000	0.0000	0.0000	0.0000						
26	76	0.0831	2	1	2	0	0	0	0	0	0	N	Y	N	N	N	N	N	N	N	N	N	N	0.0000	0.0000	0.0000	0.0000	0.0000	0.0000	0.0000	0.0000	0.0000	0.0000	0.0000	0.0000	0.0000	0.0000	0.0000	0.0000	0.0000	0.0000	0.0037	0.0014	0.0062	0.0000	0.0000	0.0008	0.0064	0.6298	0.0062	4.0550	0.0000	-0.0000	0.0026	6.1537	0.9906	5.2905	0.0000	0.0000	0.0000	0.0000	0.0000	0.0000	0.0000	0.0000	0.0000	0.0009	0.0002	0.0007	0.0000	0.0000	0.0000	0.0009	0.0002	0.0007	0.4843	0.3748	0.1096	0.2436	0.2434	0.0002	0.2407	0.1314	0.1093	0.2414	0.1251	0.1163	0.1010	0.1009	0.0001	0.1404	0.0242	0.1162	0.0000	0.0000	0.0000	0.0000	0.0000	0.0000	0.0000	0.0000	0.0000	0.0037	0.0014	0.0062	0.0000	0.0000	0.0008	0.0064	0.0073	0.0062	
26	77	0.0831	2	1	1	1	1	0	0	0	0	N	N	N	N	N	N	N	N	N	N	N	N	0.0000	0.0000	0.0000	0.0000	0.0000	0.0000	0.0000	0.0000	0.0000	0.0000	0.0000	0.0000	0.0000	0.0000	0.0000	0.0000	0.0000	0.0000	0.0000	0.0000	0.0026	5.3392	0.9906	7.0004	0.0000	0.0000	0.0000	0.0000	0.0000	0.0000	0.0000	0.0000	0.0000	0.0000	0.0000	0.0000	0.0000	0.0000	0.0000	0.0000	0.0000	0.0000	0.4491	0.3420	0.1071	0.2258	0.2256	0.0002	0.2232	0.1164	0.1069	0.2543	0.1320	0.1223	0.1063	0.1063	0.0001	0.1480	0.0257	0.1223	0.0000	0.0000	0.0000	0.0000	0.0000	0.0000	0.0000	0.0000	0.0000	0.0000	0.0000	0.0000	0.0000	0.0000	0.0000	0.0000	0.0000	0.0000											
26	78	0.0831	2	1	1	1	1	0	0	0	0	N	N	N	N	N	N	N	N	N	N	N	N	0.0000	0.0000	0.0000	0.0000	0.0000	0.0000	0.0000	0.0000	0.0000	0.0000	0.0000	0.0000	0.0000	0.0000	0.0000	0.0000	0.0000	0.0000	0.0000	0.0000	0.0026	6.3392	0.9906	7.9996	0.0000	0.0000	0.0000	0.0000	0.0000	0.0000	0.0000	0.0000	0.0000	0.0000	0.0000	0.0000	0.0000	0.0000	0.0000	0.0000	0.0000	0.0000	0.4921	0.3820	0.1101	0.2475	0.2473	0.0002	0.2445	0.1347	0.1098	0.2808	0.1461	0.1347	0.1173	0.1173	0.0001	0.1635	0.0289	0.1346	0.0000	0.0000	0.0000	0.0000	0.0000	0.0000	0.0000	0.0000	0.0000	0.0000	0.0000	0.0000	0.0000	0.0000	0.0000	0.0000	0.0000	0.0000											
26	79	0.0831	2	1	2	0	0	0	0	0	0	N	Y	N	N	N	N	N	N	N	N	N	N	0.0000	0.0000	0.0000	0.0000	0.0000	0.0000	0.0000	0.0000	0.0000	0.0000	0.0000	0.0000	0.0000	0.0000	0.0000	0.0000	0.0000	0.0000	0.0000	0.0000	0.0026	1.3392	0.9906	5.0004	0.0000	0.0000	0.0000	0.0000	0.0000	0.0000	0.0000	0.0000	0.0000	0.0000	0.0000	0.0000	0.0000	0.0000	0.0000	0.0000	0.0000	0.0000	0.2372	0.1514	0.0858	0.1190	0.1189	0.0001	0.1182	0.0325	0.0857	0.1533	0.0789	0.0744	0.0642	0.0642	0.0000	0.0891	0.0147	0.0743	0.0000	0.0000	0.0000	0.0000	0.0000	0.0000	0.0000	0.0000	0.0000	0.0000	0.0000	0.0000	0.0000	0.0000	0.0000	0.0000	0.0000	0.0000											
26	80	0.0831	2	2	2	0	0	0	0	0	0	Y	Y	N	N	N	N	N	N	N	N	N	N	0.0000	0.0000	0.0000	0.0000	0.0000	0.0000	0.0000	0.0000	0.0000	0.0000	0.0000	0.0000	0.0000	0.0000	0.0000	0.0000	0.0000	0.0000	0.0000	0.0000	0.0026	8.3392	0.9906	9.9996	0.0000	0.0000	0.0000	0.0000	0.0000	0.0000	0.0000	0.0000	0.0000	0.0000	0.0000	0.0000	0.0000	0.0000	0.0000	0.0000	0.0000	0.0000	0.5687	0.4547	0.1140	0.2863	0.2860	0.0003	0.2825	0.1688	0.1137	0.3253	0.1702	0.1551	0.1357	0.1356	0.0001	0.1897	0.0346	0.1550	0.0000	0.0000	0.0000	0.0000	0.0000	0.0000	0.0000	0.0000	0.0000	0.0000	0.0000	0.0000	0.0000	0.0000	0.0000	0.0000	0.0000	0.0000											
27	31	0.1473	2	1	2	0	0	0	0	0	0	N	Y	N	N	N	N	N	N	N	N	N	N	0.0583	2.3406	0.2489	3.6445	3.7512	0.0502	0.3076	0.0029	0.0007	0.0253	0.0015	0.0015	0.0000	0.0039	0.0000	0.0317	0.0498	0.0003	0.1017	0.0004	0.0004	0.0000	0.0775	0.0000	0.1029	3.7834	340.0834	0.0000	0.0012	4.6608	0.1965	7.0004	2.3074	0.0001	0.0000	0.0001	0.0000	0.0000	0.0000	0.0001	0.0000	0.0001	0.0068	0.0000	0.0068	0.0000	0.0000	0.0000	0.0068	0.0000	0.0068	0.0436	0.0396	0.0040	0.0179	0.0171	0.0008	0.0257	0.0225	0.0032	0.1371	0.0701	0.0669	0.0493	0.0485	0.0008	0.0877	0.0216	0.0661	0.0583	2.3406	0.2489	3.6445	3.7512	0.0000	0.0502	0.0000	0.3076	0.0498	0.0003	0.1017	0.0004	0.0004	0.0000	0.0775	0.0000	0.1029		
27	34	0.1583	2	0	1	1	0	0	0	0	0	N	N	N	N	N	N	N	N	N	N	N	N	0.0282	0.0000	0.1064	0.1012	0.0000	0.0935	0.0297	0.1126	0.0019	0.0000	0.0144	0.0005	0.0000	0.0091	0.0028	0.0000	0.0153	0.0684	0.0012	0.1356	0.0048	0.0022	0.0978	0.0938	0.0000	0.1362	inf	112.5908	0.0005	0.0049	4.6608	3.8106	7.0004	5.1657	0.0012	0.0000	0.0012	0.0001	0.0000	0.0001	0.0011	0.0000	0.0011	0.0298	0.0003	0.0296	0.0006	0.0003	0.0003	0.0292	0.0000	0.0292	0.6261	0.5422	0.0838	0.2327	0.2204	0.0123	0.3934	0.3218	0.0715	0.4359	0.2179	0.2180	0.1242	0.1209	0.0034	0.3116	0.0970	0.2146	0.0282	0.0000	0.1064	0.1012	0.0000	0.0935	0.0297	0.0000	0.1126	0.0684	0.0012	0.1356	0.0048	0.0022	0.0978	0.0938	0.0000	0.1362	
27	37	0.1396	3	1	1	1	0	0	0	0	0	N	N	N	N	N	N	N	N	N	N	N	N	2.4018	11.1527	0.0000	10.1219	11.2377	0.0000	0.0000	0.0000	0.3871	0.5055	0.0000	1.6711	1.6813	0.0000	0.0000	0.0000	0.0000	0.1612	0.0453	0.2577	0.1651	0.1496	0.5081	0.1605	0.0000	0.2549	0.0000	6.8232	-0.1337	0.0026	4.6608	2.3426	7.0004	5.0131	0.2253	0.2253	0.0000	0.2253	0.2253	0.0000	0.0000	0.0000	0.0000	0.0572	0.0073	0.0499	0.0084	0.0073	0.0011	0.0487	0.0000	0.0487	0.5819	0.4456	0.1363	0.1348	0.1340	0.0008	0.4471	0.3117	0.1355	0.3546	0.1612	0.1934	0.0512	0.0488	0.0023	0.3035	0.1124	0.1911	2.4018	11.1527	0.0000	10.1219	11.2377	0.0000	0.0000	0.0000	0.0000	0.1612	0.0453	0.2577	0.1651	0.1496	0.4903	0.1605	0.0000	0.2549	
27	38	0.1118	2	1	1	1	0	0	0	0	0	N	N	N	N	N	N	N	N	N	N	N	N	0.2713	0.4046	0.3689	0.5184	0.5141	0.0000	0.1826	0.0000	0.3690	0.4987	0.3233	1.0801	1.0982	1.1051	0.0000	0.3235	0.0000	1.0867	1.8382	0.7990	2.9281	2.1184	2.1496	0.1734	1.7719	0.9216	2.9454	1.0079	3.4944	-0.0272	-0.0294	4.6608	2.4564	7.0004	2.5086	0.2974	0.1481	0.1493	0.1481	0.1481	0.0000	0.1493	0.0000	0.1493	0.5982	0.1331	0.4651	0.1321	0.1319	0.0002	0.4661	0.0012	0.4649	0.5964	0.4582	0.1382	0.1349	0.1341	0.0008	0.4615	0.3241	0.1374	0.3254	0.1666	0.1588	0.0623	0.0614	0.0010	0.2631	0.1052	0.1578	0.2713	0.4046	0.3689	0.5184	0.5141	0.0000	0.1826	0.0000	0.3690	1.8382	0.7990	2.9281	2.1184	2.1496	0.1734	1.7719	0.0114	2.9454
27	41	0.1095	2	1	1	1	0	0	0	0	0	N	N	N	N	N	N	N	N	N	N	N	N	0.9989	2.1508	3.5453	4.1036	4.1798	0.9909	3.6121	2.7918	0.0016	18.6472	0.0105	0.0108	0.0000	3.2054	0.0000	19.0212	2.7948	0.0007	5.2598	0.0026	0.0026	0.0000	3.2348	0.0000	5.2659	2049.3066	8007.9452	0.3906	0.1716	4.6608	1.9694	7.0004	5.1440	0.9619	0.0005	0.9614	0.0005	0.0005	0.0000	0.9614	0.0000	0.9614	0.9903	0.0001	0.9902	0.0001	0.0001	0.0000	0.9902	0.0000	0.9902	0.3445	0.2930	0.0516	0.0446	0.0436	0.0010	0.2999	0.2494	0.0505	0.3543	0.1661	0.1883	0.0482	0.0480	0.0002	0.3061	0.1181	0.1880	0.9989	2.1508	3.5453	4.1036	4.1798	0.0000	0.9909	0.0000	3.6121	2.7948	0.0007	5.2598	0.0026	0.0026	0.0000	3.2348	0.0000	5.2659		
27	45	0.1118	2	1	2	1	0	0	0	0	0	N	Y	N	N	N	N	N	N	N	N	N	N	0.1435	0.2611	0.0000	0.2099	0.2059	0.0000	0.0000	0.5092	0.6948	0.0000	1.7566	1.7631	0.0000	0.0000	0.0000	0.0000	3.5489	2.6613	4.3982	8.3700	8.5613	0.0000	2.6613	0.0000	4.4283	0.0000	1.7271	-0.1330	-0.2728	4.6608	1.3391	7.0004	5.8433	0.2241	0.2241	0.0000	0.2241	0.2241	0.0000	0.0000	0.0000	0.0000	1.4110	0.5174	0.8936	0.5174	0.5174	0.0000	0.8936	0.0000	0.8936	0.4401	0.3225	0.1176	0.1276	0.1271	0.0005	0.3125	0.1954	0.1171	0.3976	0.1944	0.2032	0.0618	0.0604	0.0014	0.3358	0.1340	0.2018	0.1435	0.2611	0.0000	0.2099	0.2059	0.0000	0.0000	0.0000	0.0000	3.5489	2.6613	4.3982	8.3700	8.5613	0.0000	2.6613	0.0000	4.4283		
27	47	0.1168	2	1	2	1	0	0	0	0	0	N	Y	N	N	N	N	N	N	N	N	N	N	0.4246	0.0000	1.2489	0.0000	0.0000	0.0000	0.4304	1.1562	2.2569	0.0000	14.8814	0.0000	0.0000	0.0000	2.3930	0.0000	15.0167	5.3153	0.0002	11.9157	0.0130	0.0024	0.9737	5.5599	0.0000	12.9881	inf	50912.5207	0.4067	0.1765	4.6608	3.0001	7.0004	1.0598	1.0003	0.0000	1.0003	0.0000	0.0000	0.0000	1.0003	0.0000	1.0003	1.0183	0.0000	1.0183	0.0001	0.0000	0.0001	1.0182	0.0000	1.0182	0.4432	0.3760	0.0672	0.0252	0.0246	0.0006	0.4180	0.3514	0.0666	0.1916	0.0812	0.1103	0.0084	0.0083	0.0001	0.1831	0.0729	0.1102	0.4246	0.0000	1.6124	0.0000	0.0000	0.0000	0.4304	0.0000	1.6255	5.3153	0.0002	9.2293	0.0130	0.0024	0.7726	5.5599	0.0000	9.2382	
27	51	0.1075	2	0	2	1	0	0	0	0	0	N	Y	N	N	N	N	N	N	N	N	N	N	0.6962	0.0000	1.9254	0.0849	0.0000	1.7694	0.9694	1.9632	0.4739	0.0000	2.1634	0.0578	0.0000	1.3757	0.6956	0.0000	2.2197	0.6808	0.2458	1.1237	0.6805	0.6990	0.7775	0.7176	0.0000	1.1306	inf	9.7421	0.1140	0.0111	4.6608	2.4249	7.0004	2.1457	0.2804	0.0000	0.2804	0.0119	0.0000	0.0119	0.2685	0.0000	0.2685	0.1378	0.0128	0.1250	0.0137	0.0128	0.0009	0.1241	0.0000	0.1241	0.5916	0.4620	0.1296	0.2056	0.1970	0.0086	0.3860	0.2650	0.1210	0.2025	0.0912	0.1112	0.0295	0.0280	0.0015	0.1729	0.0632	0.1097	0.6962	0.0000	1.9254	0.1242	0.0000	2.2548	0.9694	0.0000	1.9632	0.6808	0.1407	1.1237	0.4653	0.4576	0.6101	0.7176	0.0000	1.1306	
27	54	0.1231	2	1	2	0	0	0	0	0	0	N	Y	N	N	N	N	N	N	N	N	N	N	0.4961	0.7480	1.1623	0.0605	0.7964	0.0000	0.6358	1.4408	3.2548	0.0007	27.6579	0.0015	0.0016	0.0000	5.3518	0.0000	35.1286	6.5610	0.0009	23.7951	0.0254	0.0021	7.1850	8.4179	0.0000	24.3813	5390.5449	14399.6965	0.4053	0.1802	4.6608	2.0079	7.0004	2.2027	0.9975	0.0002	0.9973	0.0002	0.0002	0.0000	0.9973	0.0000	0.9973	1.0400	0.0001	1.0399	0.0009	0.0001	0.0008	1.0391	0.0000	1.0391	0.3065	0.2704	0.0361	0.1201	0.1125	0.0077	0.1864	0.1580	0.0284	0.1585	0.0790	0.0796	0.0351	0.0350	0.0001	0.1234	0.0440	0.0794	0.4961	0.7480	2.1159	0.0605	0.7964	0.0000	0.6358	0.0000	2.6857	6.5610	0.0009	13.0716	0.0254	0.0021	7.1850	8.4179	0.0000	13.0801	
27	63	0.1509	2	0	1	1	0	0	0	0	0	N	N	N	N	N	N	N	N	N	N	N	N	0.0099	11.0990	0.0071	0.0000	0.0000	0.0000	0.0089	inf	0.0067	0.0011	0.0010	0.0017	0.0000	0.0000	0.0000	0.0015	0.0014	0.0019	0.1136	0.0001	0.2419	0.0161	0.0002	0.0691	0.1662	0.0000	0.2780	0.3050	2335.1912	-0.0001	0.0008	4.6608	0.9961	7.0004	0.0337	0.0002	0.0001	0.0000	0.0000	0.0000	0.0000	0.0002	0.0001	0.0000	0.0049	0.0000	0.0049	0.0002	0.0000	0.0002	0.0046	0.0000	0.0046	0.1510	0.1278	0.0232	0.0362	0.0342	0.0020	0.1148	0.0936	0.0212	0.0428	0.0227	0.0201	0.0150	0.0115	0.0035	0.0278	0.0112	0.0166	0.0099	11.0990	0.0071	0.0000	0.0000	0.0000	0.0089	inf	0.0067	0.1136	0.0001	0.2419	0.0161	0.0002	0.0691	0.1662	0.0000	0.2780
27	69	0.1030	2	0	2	0	0	0	0	0	0	N	Y	N	N	N	N	N	N	N	N	N	N	0.6589	13.8734	1.5297	17.7602	17.9615	inf	0.5962	1.5626	0.9445	0.2130	4.1545	0.6017	0.6099	0.0367	1.0836	0.0000	4.2477	1.4336	0.0154	2.7160	0.0339	0.0340	0.0000	1.8174	0.0000	2.7184	4.4441	195.6034	0.1677	0.1013	4.6608	3.0720	7.0004	3.7333	0.7526	0.1382	0.6143	0.1384	0.1382	0.0001	0.6142	0.0000	0.6142	0.6020	0.0031	0.5989	0.0031	0.0031	0.0000	0.5989	0.0000	0.5989	0.7967	0.6489	0.1479	0.2299	0.2267	0.0033	0.5668	0.4222	0.1446	0.4199	0.1994	0.2205	0.0904	0.0902	0.0002	0.3295	0.1092	0.2203	0.6589	13.8734	1.5297	17.7602	17.9615	inf	0.5962	0.0000	1.5626	1.4336	0.0154	2.7160	0.0339	0.0340	0.0000	1.8174	0.0000	2.7184	
27	75	0.1473	2	0	2	0	0	0	0	0	0	N	Y	N	N	N	N	N	N	N	N	N	N	0.1471	0.3342	1.8149	0.4591	0.4617	0.1576	2.5309	0.0086	0.0019	0.2104	0.0034	0.0035	0.0000	0.0143	0.0000	0.2963	0.0585	0.0056	0.1159	0.0075	0.0076	0.0000	0.0907	0.0000	0.1171	3.7834	19.2065	0.0000	0.0009	4.6608	0.0009	7.0004	1.7419	0.0001	0.0000	0.0001	0.0000	0.0000	0.0000	0.0001	0.0000	0.0001	0.0070	0.0003	0.0067	0.0003	0.0003	0.0000	0.0067	0.0000	0.0067	0.0147	0.0142	0.0005	0.0077	0.0076	0.0001	0.0070	0.0067	0.0003	0.1204	0.0627	0.0577	0.0467	0.0461	0.0006	0.0737	0.0166	0.0571	0.1471	0.3342	1.8149	0.4591	0.4617	0.0000	0.1576	0.0000	2.5309	0.0585	0.0056	0.1159	0.0075	0.0076	0.0000	0.0907	0.0000	0.1171		
28	31	0.1354	2	1	2	0	0	0	0	0	0	N	Y	N	N	N	N	N	N	N	N	N	N	0.0776	16.5639	0.1869	5.5012	5.6664	0.0738	inf	0.2314	0.0044	0.0027	0.0218	0.0013	0.0013	0.0000	0.0066	0.0038	0.0273	0.0571	0.0002	0.1165	0.0002	0.0002	0.0000	0.0895	0.0000	0.1179	0.7909	680.1668	-0.0000	0.0012	5.6608	0.1965	4.0004	2.3074	0.0002	0.0001	0.0001	0.0000	0.0000	0.0000	0.0002	0.0001	0.0001	0.0068	0.0000	0.0068	0.0000	0.0000	0.0000	0.0068	0.0000	0.0068	0.0511	0.0465	0.0046	0.0208	0.0199	0.0009	0.0303	0.0266	0.0037	0.1192	0.0609	0.0584	0.0433	0.0426	0.0007	0.0760	0.0183	0.0577	0.0776	16.5639	0.1869	5.5012	5.6664	0.0000	0.0738	inf	0.2314	0.0571	0.0002	0.1165	0.0002	0.0002	0.0000	0.0895	0.0000	0.1179	
28	34	0.1463	2	0	1	1	0	0	0	0	0	N	N	N	N	N	N	N	N	N	N	N	N	0.0268	0.0326	0.0998	0.1937	0.0301	inf	0.0274	inf	0.1047	0.0017	0.0000	0.0125	0.0005	0.0001	0.0078	0.0024	0.0000	0.0133	0.0635	0.0015	0.1253	0.0025	0.0026	0.0000	0.0878	0.0000	0.1272	40.3076	86.4816	0.0005	0.0039	5.6608	3.8106	4.0004	5.1657	0.0012	0.0000	0.0012	0.0001	0.0000	0.0001	0.0011	0.0000	0.0011	0.0238	0.0003	0.0236	0.0003	0.0003	0.0000	0.0236	0.0000	0.0236	0.7287	0.6320	0.0968	0.2684	0.2540	0.0144	0.4603	0.3779	0.0824	0.3755	0.1874	0.1882	0.1071	0.1042	0.0028	0.2685	0.0831	0.1853	0.0268	0.0326	0.0998	0.1937	0.0301	inf	0.0274	inf	0.1047	0.0635	0.0015	0.1253	0.0025	0.0026	0.0000	0.0878	0.0000	0.1272
28	37	0.1276	3	1	1	1	0	0	0	0	0	N	N	N	N	N	N	N	N	N	N	N	N	30.3717	17.6574	20.0868	19.3303	0.3468	0.4451	0.0000	1.6062	1.6176	0.0000	0.0000	0.0000	0.0000	0.0114	0.0252	0.0000	0.0800	0.0837	0.0000	0.0000	0.0000	0.0000	0.0000	0.0000	-0.1331	-0.0029	5.6608	2.3426	4.0004	5.0131	0.2243	0.2243	0.0000	0.2243	0.2243	0.0000	0.0000	0.0000	0.0000	0.0035	0.0035	0.0000	0.0035	0.0035	0.0000	0.0000	0.0000	0.0000	0.6466	0.5038	0.1428	0.1396	0.1386	0.0010	0.5070	0.3652	0.1418	0.3088	0.1399	0.1689	0.0441	0.0421	0.0020	0.2647	0.0977	0.1670	30.3717	17.6574	0.0000	20.0868	19.3303	0.0000	0.0000	0.0000	0.0000	0.0114	0.0252	0.0000	0.0800	0.0837	0.0000	0.0000	0.0000	0.0000					
28	38	0.0998	2	1	1	1	0	0	0	0	0	N	N	N	N	N	N	N	N	N	N	N	N	1.1548	0.3857	51.3505	0.5345	0.5300	22.8912	0.0000	51.3968	0.4468	0.2858	1.0221	1.0608	1.0685	0.0000	0.2831	0.0000	1.0292	0.3869	0.7408	0.0199	1.9846	2.0159	0.0000	0.0124	0.0155	0.0200	1.0012	0.0259	-0.0276	-0.0876	5.6608	2.4564	4.0004	2.5086	0.2964	0.1481	0.1483	0.1481	0.1481	0.0000	0.1483	0.0000	0.1483	0.1093	0.1066	0.0028	0.1065	0.1065	0.0000	0.0028	0.0001	0.0028	0.6635	0.5184	0.1451	0.1396	0.1386	0.0010	0.5239	0.3798	0.1441	0.2826	0.1439	0.1387	0.0537	0.0528	0.0008	0.2289	0.0910	0.1379	1.1548	0.3857	51.3505	0.5345	0.5300	0.0000	22.8912	0.0000	51.3968	0.3869	0.7408	0.0199	1.9846	2.0159	0.0000	0.0124	0.0008	0.0200	
28	41	0.0976	2	1	1	1	0	0	0	0	0	N	N	N	N	N	N	N	N	N	N	N	N	0.7538	2.1401	2.6997	4.3507	4.4398	0.7409	2.7528	2.4140	0.0014	16.2752	0.0096	0.0098	0.0000	2.7519	0.0000	16.6152	3.2023	0.0006	6.0285	0.0022	0.0022	0.0000	3.7141	0.0000	6.0357	2049.3066	10573.3006	0.3906	0.1716	5.6608	1.9694	4.0004	5.1440	0.9619	0.0005	0.9614	0.0005	0.0005	0.0000	0.9614	0.0000	0.9614	0.9903	0.0001	0.9902	0.0001	0.0001	0.0000	0.9902	0.0000	0.9902	0.3985	0.3394	0.0591	0.0491	0.0479	0.0012	0.3494	0.2915	0.0579	0.3092	0.1450	0.1642	0.0426	0.0424	0.0002	0.2666	0.1025	0.1640	0.7538	2.1401	2.6997	4.3507	4.4398	0.0000	0.7409	0.0000	2.7528	3.2023	0.0006	6.0285	0.0022	0.0022	0.0000	3.7141	0.0000	6.0357		
28	45	0.0998	2	1	2	1	0	0	0	0	0	N	Y	N	N	N	N	N	N	N	N	N	N	0.0850	0.1045	0.0000	214.8168	210.9904	0.0000	0.0000	0.0000	0.4660	0.6219	0.0000	1.7014	1.7087	0.0000	0.0000	0.0000	0.0000	5.4843	5.9526	5.0404	0.0079	0.0081	0.0000	6.4810	8.6171	5.0739	0.0000	0.8936	-0.1330	-0.6718	5.6608	1.3391	4.0004	5.8433	0.2241	0.2241	0.0000	0.2241	0.2241	0.0000	0.0000	0.0000	0.0000	1.8937	1.0001	0.8936	0.0004	0.0004	0.0000	1.8932	0.9996	0.8936	0.4809	0.3603	0.1206	0.1317	0.1311	0.0006	0.3492	0.2292	0.1201	0.3453	0.1680	0.1773	0.0532	0.0520	0.0012	0.2921	0.1160	0.1761	0.0850	0.1045	0.0000	214.8168	210.9904	0.0000	0.0000	0.0000	0.0000	5.4843	5.9526	5.0404	0.0079	0.0081	0.0000	6.4810	8.6171	5.0739	
28	47	0.1048	2	1	2	1	0	0	0	0	0	N	Y	N	N	N	N	N	N	N	N	N	N	0.3154	0.0000	0.8560	0.0000	0.0000	0.0000	0.3179	0.0000	0.8666	1.9418	0.0000	12.9082	0.0000	0.0000	0.0000	2.0467	0.0000	13.0291	6.1556	0.2345	15.0802	0.0150	0.0028	1.1774	6.4379	1.4477	15.0340	inf	115.5789	0.4067	0.1692	5.6608	3.0001	4.0004	1.0598	1.0003	0.0000	1.0003	0.0000	0.0000	0.0000	1.0003	0.0000	1.0003	1.0271	0.0088	1.0183	0.0001	0.0000	0.0001	1.0270	0.0088	1.0182	0.5152	0.4377	0.0775	0.0264	0.0257	0.0007	0.4888	0.4120	0.0768	0.1668	0.0706	0.0962	0.0073	0.0072	0.0001	0.1595	0.0634	0.0961	0.3154	0.0000	1.2199	0.0000	0.0000	0.0000	0.3179	0.0000	1.2302	6.1556	0.1247	10.5817	0.0150	0.0028	0.9271	6.4379	0.1387	10.5914
28	51	0.0956	2	0	2	1	0	0	0	0	0	N	Y	N	N	N	N	N	N	N	N	N	N	3.5429	0.0000	10.9632	0.0762	0.0000	inf	5.1984	11.5273	1.9540	0.0000	9.5228	0.0543	0.0000	1.2633	2.9086	0.0000	10.1446	0.5515	0.2577	0.8686	0.7126	0.7436	0.0000	0.5595	0.0000	0.8801	inf	6.5374	0.5203	0.0039	5.6608	2.4249	4.0004	2.1457	1.2799	0.0000	1.2799	0.0119	0.0000	0.0119	1.2681	0.0000	1.2681	0.0968	0.0128	0.0839	0.0128	0.0128	0.0000	0.0839	0.0000	0.0839	0.6550	0.5206	0.1344	0.2191	0.2097	0.0094	0.4360	0.3110	0.1250	0.1755	0.0788	0.0966	0.0255	0.0242	0.0013	0.1500	0.0546	0.0954	3.5429	0.0000	10.9632	0.1076	0.0000	inf	5.1984	0.0000	11.5273	0.5515	0.1629	0.8686	0.5044	0.5305	0.0000	0.5595	0.0000	0.8801	
28	54	0.1112	2	1	2	0	0	0	0	0	0	N	Y	N	N	N	N	N	N	N	N	N	N	0.0151	4.8993	0.0250	1.3177	1.4051	0.0161	inf	0.0317	0.0054	0.0038	0.0177	0.0022	0.0024	0.0000	0.0074	0.0047	0.0225	0.3565	0.0008	0.7101	0.0017	0.0017	0.0000	0.4598	0.0000	0.7111	0.6298	931.8840	-0.0004	0.0084	5.6608	2.0079	4.0004	2.2027	0.0019	0.0012	0.0007	0.0003	0.0003	0.0000	0.0016	0.0009	0.0007	0.0487	0.0001	0.0487	0.0001	0.0001	0.0000	0.0487	0.0000	0.0487	0.3546	0.3128	0.0417	0.1365	0.1276	0.0089	0.2180	0.1852	0.0328	0.1366	0.0681	0.0685	0.0308	0.0307	0.0001	0.1058	0.0374	0.0684	0.0151	4.8993	0.0250	1.3177	1.4051	0.0000	0.0161	inf	0.0317	0.3565	0.0008	0.7101	0.0017	0.0017	0.0000	0.4598	0.0000	0.7111	
28	63	0.1389	2	0	1	1	0	0	0	0	0	N	N	N	N	N	N	N	N	N	N	N	N	0.0103	3.8081	0.0191	1.5177	1.2358	0.0082	inf	0.0173	0.0009	0.0004	0.0034	0.0002	0.0003	0.0000	0.0010	0.0005	0.0037	0.0825	0.0001	0.1756	0.0002	0.0002	0.0000	0.1272	0.0000	0.2126	1.4941	1465.5007	0.0000	0.0005	5.6608	0.9961	4.0004	0.0337	0.0001	0.0001	0.0001	0.0000	0.0000	0.0000	0.0001	0.0000	0.0001	0.0031	0.0000	0.0031	0.0000	0.0000	0.0000	0.0031	0.0000	0.0031	0.1754	0.1487	0.0267	0.0413	0.0389	0.0023	0.1341	0.1098	0.0244	0.0370	0.0196	0.0174	0.0130	0.0100	0.0030	0.0240	0.0096	0.0143	0.0103	3.8081	0.0191	1.5177	1.2358	0.0000	0.0082	inf	0.0173	0.0825	0.0001	0.1756	0.0002	0.0002	0.0000	0.1272	0.0000	0.2126	
28	69	0.0910	2	0	2	0	0	0	0	0	0	N	Y	N	N	N	N	N	N	N	N	N	N	0.5059	27.5944	1.2332	36.9998	37.4522	inf	0.4507	1.2619	0.8315	0.1853	3.8455	0.5453	0.5531	0.0315	0.9429	0.0000	3.9385	1.6436	0.0067	3.1183	0.0147	0.0148	0.0000	2.0922	0.0000	3.1210	4.4502	515.4759	0.1678	0.1029	5.6608	3.0720	4.0004	3.7333	0.7524	0.1380	0.6143	0.1382	0.1380	0.0001	0.6142	0.0000	0.6142	0.6001	0.0012	0.5989	0.0012	0.0012	0.0000	0.5989	0.0000	0.5989	0.9048	0.7451	0.1598	0.2534	0.2496	0.0038	0.6514	0.4955	0.1559	0.3651	0.1730	0.1921	0.0788	0.0787	0.0002	0.2863	0.0944	0.1919	0.5059	27.5944	1.2332	36.9998	37.4522	inf	0.4507	0.0000	1.2619	1.6436	0.0067	3.1183	0.0147	0.0148	0.0000	2.0922	0.0000	3.1210	
28	75	0.1354	2	0	2	0	0	0	0	0	0	N	Y	N	N	N	N	N	N	N	N	N	N	0.1908	1.1876	1.3248	0.3442	0.3463	0.2271	inf	1.8522	0.0128	0.0074	0.1755	0.0028	0.0029	0.0000	0.0237	0.0125	0.2477	0.0669	0.0062	0.1325	0.0082	0.0083	0.0000	0.1044	0.0000	0.1338	0.7909	19.7742	-0.0000	0.0009	5.6608	0.0009	4.0004	1.7419	0.0002	0.0001	0.0001	0.0000	0.0000	0.0000	0.0002	0.0001	0.0001	0.0070	0.0003	0.0067	0.0003	0.0003	0.0000	0.0067	0.0000	0.0067	0.0177	0.0172	0.0006	0.0093	0.0091	0.0002	0.0084	0.0080	0.0004	0.1051	0.0546	0.0505	0.0410	0.0405	0.0005	0.0641	0.0140	0.0500	0.1908	1.1876	1.3248	0.3442	0.3463	0.0000	0.2271	inf	1.8522	0.0669	0.0062	0.1325	0.0082	0.0083	0.0000	0.1044	0.0000	0.1338	
29	31	0.1311	2	1	2	1	1	0	0	0	0	N	Y	N	N	N	N	N	N	N	N	N	N	0.0156	3.1162	0.0000	0.7372	4.7821	0.0000	0.0000	0.0000	0.0014	0.0015	0.0000	0.0032	0.0034	0.0000	0.0000	0.0000	0.0000	0.0891	0.0005	0.1815	0.0044	0.0007	0.2332	0.1373	0.0000	0.1809	0.0000	353.0556	-0.0000	0.0018	1.6608	0.1965	8.0004	2.3074	0.0000	0.0000	0.0000	0.0000	0.0000	0.0000	0.0000	0.0000	0.0000	0.0106	0.0000	0.0106	0.0002	0.0000	0.0002	0.0104	0.0000	0.0104	0.0190	0.0172	0.0018	0.0082	0.0078	0.0003	0.0109	0.0094	0.0015	0.1192	0.0609	0.0584	0.0433	0.0426	0.0007	0.0760	0.0183	0.0577	0.0156	3.1162	0.0000	0.7372	4.7821	0.0000	0.0000	0.0000	0.0000	0.0891	0.0005	0.1815	0.0044	0.0007	0.2332	0.1373	0.0000	0.1809	
29	34	0.1420	2	0	1	2	1	0	0	0	0	N	N	Y	N	N	N	N	N	N	N	N	N	0.1279	0.0000	0.4698	0.2424	0.0000	0.4968	0.1498	0.5323	0.3702	0.0000	2.7128	0.0010	0.0000	0.0228	0.6061	0.0000	3.1199	2.8941	0.0018	5.7739	0.0043	0.0032	0.0458	4.0463	0.0000	5.8616	inf	3267.1806	0.0414	0.1881	1.6608	3.8106	8.0004	5.1657	0.1018	0.0000	0.1018	0.0001	0.0000	0.0001	0.1017	0.0000	0.1017	1.0868	0.0003	1.0865	0.0005	0.0003	0.0001	1.0863	0.0000	1.0863	0.2750	0.2375	0.0375	0.1072	0.1023	0.0049	0.1677	0.1352	0.0326	0.3755	0.1874	0.1882	0.1071	0.1042	0.0028	0.2685	0.0831	0.1853	0.1279	0.0000	0.4698	0.2424	0.0000	0.4968	0.1498	0.0000	0.5323	2.8941	0.0018	5.7739	0.0043	0.0032	0.0458	4.0463	0.0000	5.8616	
29	37	0.1233	3	1	1	2	1	0	0	0	0	N	N	Y	N	N	N	N	N	N	N	N	N	204.2942	134.0729	88.4828	84.7709	0.6193	0.8972	0.0000	1.8782	1.8830	0.0000	0.0000	0.0000	0.0000	0.0030	0.0067	0.0000	0.0212	0.0222	0.0000	0.0000	0.0000	0.0000	0.0000	0.0000	-0.1329	-0.0008	1.6608	2.3426	8.0004	5.0131	0.2240	0.2240	0.0000	0.2240	0.2240	0.0000	0.0000	0.0000	0.0000	0.0009	0.0009	0.0000	0.0009	0.0009	0.0000	0.0000	0.0000	0.0000	0.3617	0.2496	0.1120	0.1192	0.1189	0.0003	0.2424	0.1307	0.1117	0.3088	0.1399	0.1689	0.0441	0.0421	0.0020	0.2647	0.0977	0.1670	204.2942	134.0729	0.0000	88.4828	84.7709	0.0000	0.0000	0.0000	0.0000	0.0030	0.0067	0.0000	0.0212	0.0222	0.0000	0.0000	0.0000	0.0000					
29	38	0.0955	2	1	1	2	1	0	0	0	0	N	N	Y	N	N	N	N	N	N	N	N	N	367.8757	276.7368	575.5682	1286.5035	1269.8074	240.7803	0.0000	573.6974	0.8049	0.5804	1.3136	1.2389	1.2422	0.0000	0.5960	0.0000	1.3172	0.0022	0.0021	0.0023	0.0010	0.0010	0.0000	0.0025	0.0891	0.0023	0.9992	1.0494	-0.0277	-0.0002	1.6608	2.4564	8.0004	2.5086	0.2962	0.1481	0.1480	0.1481	0.1481	0.0000	0.1480	0.0000	0.1480	0.0006	0.0003	0.0003	0.0001	0.0001	0.0000	0.0006	0.0003	0.0003	0.3679	0.2552	0.1127	0.1196	0.1193	0.0003	0.2484	0.1360	0.1124	0.2826	0.1439	0.1387	0.0537	0.0528	0.0008	0.2289	0.0910	0.1379	367.8757	276.7368	575.5682	1286.5035	1269.8074	0.0000	240.7803	0.0000	573.6974	0.0022	0.0021	0.0023	0.0010	0.0010	0.0000	0.0025	0.0027	0.0023	
29	41	0.0933	2	1	1	2	1	0	0	0	0	N	N	Y	N	N	N	N	N	N	N	N	N	0.0009	0.0005	1.9406	1.9573	0.0000	0.0000	0.0029	0.0035	0.0000	0.0161	0.0163	0.0000	0.0000	0.0000	0.0000	3.2124	6.8516	0.0000	0.0083	0.0083	0.0000	3.7249	9.6840	0.0000	0.0000	0.0000	-0.0003	-0.8212	1.6608	1.9694	8.0004	5.1440	0.0005	0.0005	0.0000	0.0005	0.0005	0.0000	0.0000	0.0000	0.0000	0.9934	0.9934	0.0000	0.0004	0.0004	0.0000	0.9930	0.9930	0.0000	0.1591	0.1351	0.0239	0.0291	0.0288	0.0004	0.1299	0.1064	0.0235	0.3092	0.1450	0.1642	0.0426	0.0424	0.0002	0.2666	0.1025	0.1640	0.0009	0.0005	0.0000	1.9406	1.9573	0.0000	0.0000	0.0000	0.0000	3.2124	6.8516	0.0000	0.0083	0.0083	0.0000	3.7249	9.6840	0.0000			
29	45	0.0955	2	1	2	2	1	0	0	0	0	N	Y	Y	N	N	N	N	N	N	N	N	N	609.8969	457.5197	247.8853	242.8040	0.7438	1.1468	0.0000	1.9633	1.9663	0.0000	0.0000	0.0000	0.0000	0.0012	0.0025	0.0000	0.0079	0.0081	0.0000	0.0000	0.0000	0.0000	0.0000	0.0000	-0.1330	-0.0003	1.6608	1.3391	8.0004	5.8433	0.2241	0.2241	0.0000	0.2241	0.2241	0.0000	0.0000	0.0000	0.0000	0.0004	0.0004	0.0000	0.0004	0.0004	0.0000	0.0000	0.0000	0.0000	0.3013	0.1954	0.1059	0.1141	0.1140	0.0002	0.1871	0.0814	0.1057	0.3453	0.1680	0.1773	0.0532	0.0520	0.0012	0.2921	0.1160	0.1761	609.8969	457.5197	0.0000	247.8853	242.8040	0.0000	0.0000	0.0000	0.0000	0.0012	0.0025	0.0000	0.0079	0.0081	0.0000	0.0000	0.0000	0.0000					
29	47	0.1006	2	1	2	2	1	0	0	0	0	N	Y	Y	N	N	N	N	N	N	N	N	N	3.7160	0.0000	4083.6092	0.0000	0.0000	1159.3747	4111.0150	0.0027	0.0000	0.0176	0.0000	0.0000	0.0000	0.0030	0.0000	0.0177	0.0007	0.0017	0.0000	0.0164	0.0166	0.0000	0.0000	0.0000	0.0000	inf	0.0034	0.0002	-0.0001	1.6608	3.0001	8.0004	1.0598	0.0005	0.0000	0.0005	0.0000	0.0000	0.0000	0.0005	0.0000	0.0005	0.0001	0.0001	0.0000	0.0001	0.0001	0.0000	0.0000	0.0000	0.0000	0.1971	0.1670	0.0301	0.0213	0.0210	0.0002	0.1759	0.1460	0.0299	0.1668	0.0706	0.0962	0.0073	0.0072	0.0001	0.1595	0.0634	0.0961	3.7160	0.0000	4083.6092	0.0000	0.0000	0.0000	1159.3747	0.0000	4111.0150	0.0007	0.0017	0.0000	0.0164	0.0166	0.0000	0.0000	0.0000	0.0000		
29	51	0.0913	2	0	2	2	1	0	0	0	0	N	Y	Y	N	N	N	N	N	N	N	N	N	863.6981	0.0000	438320.6550	12.8533	0.0000	inf	334461.4708	436472.1848	0.7410	0.0000	2.4747	0.0757	0.0000	2.0656	1.2164	0.0000	2.4967	0.0009	0.0019	0.0000	0.0059	0.0062	0.0000	0.0000	0.0000	0.0000	inf	0.0036	0.1134	-0.0001	1.6608	2.4249	8.0004	2.1457	0.2791	0.0000	0.2791	0.0119	0.0000	0.0119	0.2672	0.0000	0.2672	0.0002	0.0001	0.0000	0.0001	0.0001	0.0000	0.0000	0.0000	0.0000	0.3766	0.2638	0.1128	0.1570	0.1512	0.0058	0.2196	0.1126	0.1070	0.1755	0.0788	0.0966	0.0255	0.0242	0.0013	0.1500	0.0546	0.0954	863.6981	0.0000	438320.6550	12.8533	0.0000	inf	334461.4708	0.0000	436472.1848	0.0009	0.0019	0.0000	0.0059	0.0062	0.0000	0.0000	0.0000	0.0000	
29	54	0.1069	2	1	2	1	1	0	0	0	0	N	Y	N	N	N	N	N	N	N	N	N	N	0.8320	0.4698	0.4441	0.4670	0.0013	0.0015	0.0000	0.0031	0.0032	0.0000	0.0000	0.0000	0.0000	0.0016	0.0031	0.0000	0.0069	0.0069	0.0000	0.0000	0.0000	0.0000	0.0000	0.0000	-0.0001	-0.0002	1.6608	2.0079	8.0004	2.2027	0.0002	0.0002	0.0000	0.0002	0.0002	0.0000	0.0000	0.0000	0.0000	0.0002	0.0002	0.0000	0.0002	0.0002	0.0000	0.0000	0.0000	0.0000	0.1432	0.1264	0.0168	0.0605	0.0573	0.0031	0.0827	0.0691	0.0136	0.1366	0.0681	0.0685	0.0308	0.0307	0.0001	0.1058	0.0374	0.0684	0.8320	0.4698	0.0000	0.4441	0.4670	0.0000	0.0000	0.0000	0.0000	0.0016	0.0031	0.0000	0.0069	0.0069	0.0000	0.0000	0.0000	0.0000					
29	63	0.1346	2	0	1	2	1	0	0	0	0	N	N	Y	N	N	N	N	N	N	N	N	N	0.0068	0.0000	0.0208	0.0000	0.0000	0.0000	0.0061	0.0188	0.0006	0.0000	0.0038	0.0000	0.0000	0.0000	0.0008	0.0000	0.0041	0.0871	0.0016	0.1837	0.0048	0.0032	0.0099	0.1318	0.0000	0.2203	inf	99.4352	0.0000	0.0005	1.6608	0.9961	8.0004	0.0337	0.0000	0.0000	0.0000	0.0000	0.0000	0.0000	0.0000	0.0000	0.0000	0.0032	0.0000	0.0032	0.0001	0.0000	0.0000	0.0032	0.0000	0.0032	0.0672	0.0569	0.0104	0.0183	0.0175	0.0008	0.0490	0.0394	0.0096	0.0370	0.0196	0.0174	0.0130	0.0100	0.0030	0.0240	0.0096	0.0143	0.0068	0.0000	0.0208	0.0000	0.0000	0.0000	0.0061	0.0000	0.0188	0.0871	0.0016	0.1837	0.0048	0.0032	0.0099	0.1318	0.0000	0.2203	
29	69	0.0867	2	0	2	1	1	0	0	0	0	N	Y	N	N	N	N	N	N	N	N	N	N	19.0081	11.8892	11.8646	11.9503	0.3250	0.4289	0.0000	0.9393	0.9481	0.0000	0.0000	0.0000	0.0000	0.0171	0.0361	0.0000	0.0792	0.0793	0.0000	0.0000	0.0000	0.0000	0.0000	0.0000	-0.0819	-0.0052	1.6608	3.0720	8.0004	3.7333	0.1380	0.1380	0.0000	0.1380	0.1380	0.0000	0.0000	0.0000	0.0000	0.0062	0.0062	0.0000	0.0062	0.0062	0.0000	0.0000	0.0000	0.0000	0.4247	0.3218	0.1029	0.1469	0.1456	0.0014	0.2778	0.1763	0.1015	0.3651	0.1730	0.1921	0.0788	0.0787	0.0002	0.2863	0.0944	0.1919	19.0081	11.8892	0.0000	11.8646	11.9503	0.0000	0.0000	0.0000	0.0000	0.0171	0.0361	0.0000	0.0792	0.0793	0.0000	0.0000	0.0000	0.0000					
29	75	0.1311	2	0	2	1	1	0	0	0	0	N	Y	N	N	N	N	N	N	N	N	N	N	0.0477	0.7755	0.0000	0.7417	1.0794	0.0000	0.0000	0.0000	0.0049	0.0051	0.0000	0.0094	0.0095	0.0000	0.0000	0.0000	0.0000	0.1031	0.0066	0.2075	0.0126	0.0088	0.3289	0.1611	0.0000	0.2063	0.0000	29.2477	-0.0000	0.0015	1.6608	0.0009	8.0004	1.7419	0.0000	0.0000	0.0000	0.0000	0.0000	0.0000	0.0000	0.0000	0.0000	0.0108	0.0004	0.0105	0.0005	0.0004	0.0002	0.0103	0.0000	0.0103	0.0054	0.0052	0.0002	0.0028	0.0028	0.0001	0.0026	0.0024	0.0001	0.1051	0.0546	0.0505	0.0410	0.0405	0.0005	0.0641	0.0140	0.0500	0.0477	0.7755	0.0000	0.7417	1.0794	0.0000	0.0000	0.0000	0.0000	0.1031	0.0066	0.2075	0.0126	0.0088	0.3289	0.1611	0.0000	0.2063	
30	31	0.1290	2	1	2	0	0	0	0	0	0	N	Y	N	N	N	N	N	N	N	N	N	N	0.0716	0.1964	0.1869	0.0833	0.0858	0.0738	inf	0.2314	0.0046	0.0029	0.0218	0.0018	0.0018	0.0000	0.0066	0.0038	0.0273	0.0647	0.0149	0.1165	0.0210	0.0214	0.0000	0.0895	0.0000	0.1179	0.7330	7.4744	-0.0000	0.0004	5.6608	0.1965	4.0004	2.3074	0.0002	0.0001	0.0001	0.0000	0.0000	0.0000	0.0002	0.0001	0.0001	0.0077	0.0009	0.0068	0.0009	0.0009	0.0000	0.0068	0.0000	0.0068	0.0511	0.0465	0.0046	0.0208	0.0199	0.0009	0.0303	0.0266	0.0037	0.1192	0.0609	0.0584	0.0433	0.0426	0.0007	0.0760	0.0183	0.0577	0.0716	0.1964	0.1869	0.0833	0.0858	0.0000	0.0738	inf	0.2314	0.0647	0.0149	0.1165	0.0210	0.0214	0.0000	0.0895	0.0000	0.1179	
30	34	0.1399	2	0	1	1	0	0	0	0	0	N	N	N	N	N	N	N	N	N	N	N	N	0.0268	0.0000	0.1022	0.1937	0.0000	inf	0.0274	0.1056	0.0017	0.0000	0.0128	0.0005	0.0000	0.0092	0.0024	0.0000	0.0134	0.0635	0.0015	0.1253	0.0025	0.0026	0.0000	0.0878	0.0000	0.1272	inf	86.4816	0.0005	0.0039	5.6608	3.8106	4.0004	5.1657	0.0012	0.0000	0.0012	0.0001	0.0000	0.0001	0.0011	0.0000	0.0011	0.0238	0.0003	0.0236	0.0003	0.0003	0.0000	0.0236	0.0000	0.0236	0.7287	0.6320	0.0968	0.2684	0.2540	0.0144	0.4603	0.3779	0.0824	0.3755	0.1874	0.1882	0.1071	0.1042	0.0028	0.2685	0.0831	0.1853	0.0268	0.0000	0.1022	0.1937	0.0000	inf	0.0274	0.0000	0.1056	0.0635	0.0015	0.1253	0.0025	0.0026	0.0000	0.0878	0.0000	0.1272	
30	37	0.1212	3	1	1	1	0	0	0	0	0	N	N	N	N	N	N	N	N	N	N	N	N	6.1764	1.9110	2.4142	2.3754	0.3484	0.4471	0.0000	1.6134	1.6248	0.0000	0.0000	0.0000	0.0000	0.0564	0.2340	0.0000	0.6683	0.6840	0.0000	0.0000	0.0000	0.0000	0.0000	0.0000	-0.1337	-0.0144	5.6608	2.3426	4.0004	5.0131	0.2253	0.2253	0.0000	0.2253	0.2253	0.0000	0.0000	0.0000	0.0000	0.0174	0.0174	0.0000	0.0174	0.0174	0.0000	0.0000	0.0000	0.0000	0.6466	0.5038	0.1428	0.1396	0.1386	0.0010	0.5070	0.3652	0.1418	0.3088	0.1399	0.1689	0.0441	0.0421	0.0020	0.2647	0.0977	0.1670	6.1764	3.5908	0.0000	4.0848	3.9310	0.0000	0.0000	0.0000	0.0000	0.0564	0.1245	0.0000	0.3950	0.4133	0.0000	0.0000	0.0000	0.0000					
30	38	0.0934	2	1	1	1	0	0	0	0	0	N	N	N	N	N	N	N	N	N	N	N	N	1.0312	0.3803	9.6710	0.5364	0.5319	3.9023	0.0000	9.6797	0.4483	0.2858	1.0291	1.0608	1.0685	0.0000	0.2850	0.0000	1.0363	0.4347	0.7514	0.1064	1.9777	2.0089	0.0000	0.0730	1.0121	0.1071	1.0080	0.1366	-0.0272	-0.0868	5.6608	2.4564	4.0004	2.5086	0.2975	0.1481	0.1493	0.1481	0.1481	0.0000	0.1493	0.0000	0.1493	0.1228	0.1081	0.0148	0.1061	0.1061	0.0000	0.0167	0.0020	0.0148	0.6635	0.5184	0.1451	0.1396	0.1386	0.0010	0.5239	0.3798	0.1441	0.2826	0.1439	0.1387	0.0537	0.0528	0.0008	0.2289	0.0910	0.1379	1.0312	0.3803	9.6710	0.5364	0.5319	0.0000	3.9023	0.0000	9.6797	0.4347	0.7514	0.1064	1.9777	2.0089	0.0000	0.0730	0.0215	0.1071	
30	41	0.0912	2	1	1	1	0	0	0	0	0	N	N	N	N	N	N	N	N	N	N	N	N	0.7538	2.1401	2.6997	4.3507	4.4398	0.7409	2.7528	2.4140	0.0014	16.2752	0.0096	0.0098	0.0000	2.7519	0.0000	16.6152	3.2023	0.0006	6.0285	0.0022	0.0022	0.0000	3.7141	0.0000	6.0357	2049.3066	10573.3006	0.3906	0.1716	5.6608	1.9694	4.0004	5.1440	0.9619	0.0005	0.9614	0.0005	0.0005	0.0000	0.9614	0.0000	0.9614	0.9903	0.0001	0.9902	0.0001	0.0001	0.0000	0.9902	0.0000	0.9902	0.3985	0.3394	0.0591	0.0491	0.0479	0.0012	0.3494	0.2915	0.0579	0.3092	0.1450	0.1642	0.0426	0.0424	0.0002	0.2666	0.1025	0.1640	0.7538	2.1401	2.6997	4.3507	4.4398	0.0000	0.7409	0.0000	2.7528	3.2023	0.0006	6.0285	0.0022	0.0022	0.0000	3.7141	0.0000	6.0357		
30	45	0.0934	2	1	2	1	0	0	0	0	0	N	Y	N	N	N	N	N	N	N	N	N	N	0.1800	248.1366	0.0000	214.8168	210.9904	0.0000	0.0000	0.4660	0.6219	0.0002	1.7014	1.7087	0.0000	0.0001	0.0000	0.0002	2.5892	0.0025	5.0404	0.0079	0.0081	0.0000	3.0590	0.0000	5.0739	0.0001	2122.0955	-0.1330	0.1546	5.6608	1.3391	4.0004	5.8433	0.2241	0.2241	0.0000	0.2241	0.2241	0.0000	0.0000	0.0000	0.0000	0.8940	0.0004	0.8936	0.0004	0.0004	0.0000	0.8936	0.0000	0.8936	0.4809	0.3603	0.1206	0.1317	0.1311	0.0006	0.3492	0.2292	0.1201	0.3453	0.1680	0.1773	0.0532	0.0520	0.0012	0.2921	0.1160	0.1761	0.1800	248.1366	0.0000	214.8168	210.9904	0.0000	0.0000	0.0000	0.0000	2.5892	0.0025	5.0404	0.0079	0.0081	0.0000	3.0590	0.0000	5.0739		
30	47	0.0985	2	1	2	1	0	0	0	0	0	N	Y	N	N	N	N	N	N	N	N	N	N	8.1321	0.0000	31.1854	0.0000	0.0000	8.1967	31.4458	1.9418	0.0000	12.9082	0.0000	0.0000	0.0000	2.0467	0.0000	13.0291	0.2388	0.0001	0.4139	0.0014	0.0014	0.0000	0.2497	0.0000	0.4143	inf	3983.0414	0.4067	0.0069	5.6608	3.0001	4.0004	1.0598	1.0003	0.0000	1.0003	0.0000	0.0000	0.0000	1.0003	0.0000	1.0003	0.0398	0.0000	0.0398	0.0000	0.0000	0.0000	0.0398	0.0000	0.0398	0.5152	0.4377	0.0775	0.0264	0.0257	0.0007	0.4888	0.4120	0.0768	0.1668	0.0706	0.0962	0.0073	0.0072	0.0001	0.1595	0.0634	0.0961	8.1321	0.0000	31.1854	0.0000	0.0000	0.0000	8.1967	0.0000	31.4458	0.2388	0.0001	0.4139	0.0014	0.0014	0.0000	0.2497	0.0000	0.4143		
30	51	0.0892	2	0	2	1	0	0	0	0	0	N	Y	N	N	N	N	N	N	N	N	N	N	0.8947	0.0000	2.4016	138.1418	0.0000	inf	1.1007	2.4407	0.4280	0.0000	2.0860	0.0543	0.0000	1.2633	0.6159	0.0000	2.1480	0.4784	0.0001	0.8686	0.0004	0.0004	0.0000	0.5595	0.0000	0.8801	inf	8394.0546	0.1140	0.0145	5.6608	2.4249	4.0004	2.1457	0.2804	0.0000	0.2804	0.0119	0.0000	0.0119	0.2685	0.0000	0.2685	0.0840	0.0000	0.0839	0.0000	0.0000	0.0000	0.0839	0.0000	0.0839	0.6550	0.5206	0.1344	0.2191	0.2097	0.0094	0.4360	0.3110	0.1250	0.1755	0.0788	0.0966	0.0255	0.0242	0.0013	0.1500	0.0546	0.0954	0.8947	0.0000	2.4016	138.1418	0.0000	inf	1.1007	0.0000	2.4407	0.4784	0.0001	0.8686	0.0004	0.0004	0.0000	0.5595	0.0000	0.8801	
30	54	0.1048	2	1	2	0	0	0	0	0	0	N	Y	N	N	N	N	N	N	N	N	N	N	0.3710	0.7714	0.8163	0.0866	0.8523	0.0017	0.4675	0.9083	2.8237	0.0006	23.9841	0.0025	0.0014	0.0168	4.5903	0.0000	30.4840	7.6113	0.0008	29.3820	0.0283	0.0017	9.6554	9.8179	0.0000	33.5599	5410.3268	19915.0465	0.4068	0.1802	5.6608	2.0079	4.0004	2.2027	1.0012	0.0002	1.0010	0.0003	0.0002	0.0002	1.0009	0.0000	1.0009	1.0400	0.0001	1.0399	0.0009	0.0001	0.0008	1.0391	0.0000	1.0391	0.3546	0.3128	0.0417	0.1365	0.1276	0.0089	0.2180	0.1852	0.0328	0.1366	0.0681	0.0685	0.0308	0.0307	0.0001	0.1058	0.0374	0.0684	0.3710	0.7714	1.5804	0.0866	0.8523	0.0020	0.4675	0.0000	2.0075	7.6113	0.0008	15.1758	0.0283	0.0017	8.4462	9.8179	0.0000	15.1854	
30	63	0.1325	2	0	1	1	0	0	0	0	0	N	N	N	N	N	N	N	N	N	N	N	N	0.0141	8.2509	0.0188	0.0195	0.0000	0.0808	0.0120	inf	0.0161	0.0013	0.0009	0.0037	0.0002	0.0000	0.0043	0.0016	0.0012	0.0037	0.0930	0.0001	0.1981	0.0124	0.0002	0.0529	0.1368	0.0000	0.2287	0.7665	1652.8926	-0.0000	0.0006	5.6608	0.9961	4.0004	0.0337	0.0002	0.0001	0.0001	0.0000	0.0000	0.0000	0.0002	0.0001	0.0001	0.0034	0.0000	0.0034	0.0002	0.0000	0.0002	0.0033	0.0000	0.0033	0.1754	0.1487	0.0267	0.0413	0.0389	0.0023	0.1341	0.1098	0.0244	0.0370	0.0196	0.0174	0.0130	0.0100	0.0030	0.0240	0.0096	0.0143	0.0141	8.2509	0.0188	0.0195	0.0000	0.0808	0.0120	inf	0.0161	0.0930	0.0001	0.1981	0.0124	0.0002	0.0529	0.1368	0.0000	0.2287
30	69	0.0846	2	0	2	0	0	0	0	0	0	N	Y	N	N	N	N	N	N	N	N	N	N	0.4961	1.1207	1.2332	3.2731	3.3131	inf	0.4507	1.2619	0.8317	0.1855	3.8455	0.5460	0.5539	0.0315	0.9429	0.0000	3.9385	1.6764	0.1656	3.1183	0.1668	0.1672	0.0000	2.0922	0.0000	3.1210	4.4441	45.5381	0.1677	0.0930	5.6608	3.0720	4.0004	3.7333	0.7526	0.1382	0.6143	0.1384	0.1382	0.0001	0.6142	0.0000	0.6142	0.6121	0.0132	0.5989	0.0132	0.0132	0.0000	0.5989	0.0000	0.5989	0.9048	0.7451	0.1598	0.2534	0.2496	0.0038	0.6514	0.4955	0.1559	0.3651	0.1730	0.1921	0.0788	0.0787	0.0002	0.2863	0.0944	0.1919	0.4961	2.4411	1.2332	3.2731	3.3131	inf	0.4507	0.0000	1.2619	1.6764	0.0760	3.1183	0.1668	0.1672	0.0000	2.0922	0.0000	3.1210	
30	75	0.1290	2	0	2	0	0	0	0	0	0	N	Y	N	N	N	N	N	N	N	N	N	N	0.1995	1.3206	1.3248	0.4889	0.4919	0.2271	inf	1.8522	0.0133	0.0079	0.1755	0.0039	0.0040	0.0000	0.0237	0.0125	0.2477	0.0668	0.0060	0.1325	0.0080	0.0081	0.0000	0.1044	0.0000	0.1338	0.7330	20.3765	-0.0000	0.0009	5.6608	0.0009	4.0004	1.7419	0.0002	0.0001	0.0001	0.0000	0.0000	0.0000	0.0002	0.0001	0.0001	0.0070	0.0003	0.0067	0.0003	0.0003	0.0000	0.0067	0.0000	0.0067	0.0177	0.0172	0.0006	0.0093	0.0091	0.0002	0.0084	0.0080	0.0004	0.1051	0.0546	0.0505	0.0410	0.0405	0.0005	0.0641	0.0140	0.0500	0.1995	1.3206	1.3248	0.4889	0.4919	0.0000	0.2271	inf	1.8522	0.0668	0.0060	0.1325	0.0080	0.0081	0.0000	0.1044	0.0000	0.1338	
31	32	0.0868	2	1	2	0	1	0	0	0	0	N	Y	N	N	N	N	N	N	N	N	N	N	0.0000	0.0000	0.0000	0.0000	0.0000	0.0000	0.0000	0.0000	0.0000	0.0000	0.0000	0.0000	0.0000	0.0000	0.0000	0.0000	0.0000	0.0000	0.0000	0.0000	0.1965	0.0000	2.3074	1.0000	0.0000	0.0000	0.0000	0.0000	0.0000	0.0000	0.0000	0.0000	0.0000	0.0000	0.0000	0.0000	0.0000	0.0000	0.0000	0.0000	0.0000	0.0000	0.0000	0.0000	0.0000	0.0000	0.0000	0.0000	0.0000	0.0000	0.0000	0.0157	0.0079	0.0078	0.0059	0.0058	0.0001	0.0098	0.0021	0.0077	0.0000	0.0000	0.0000	0.0000	0.0000	0.0000	0.0000	0.0000	0.0000	0.0000	0.0000	0.0000	0.0000	0.0000	0.0000	0.0000	0.0000	0.0000											
31	33	0.0868	2	2	2	0	0	0	0	0	0	Y	Y	N	N	N	N	N	N	N	N	N	N	0.0022	0.0012	0.0019	0.0019	0.0039	0.0043	0.0000	0.0092	0.0096	0.0000	0.0000	0.0000	0.0000	1.7466	3.4087	0.0000	4.8726	4.9546	0.0000	0.0000	0.0000	0.0000	0.0000	0.0000	-0.0001	-0.2097	0.1965	2.6608	2.3074	9.9996	0.0001	0.0001	0.0000	0.0001	0.0001	0.0000	0.0000	0.0000	0.0000	0.2537	0.2537	0.0000	0.2537	0.2537	0.0000	0.0000	0.0000	0.0000	0.0276	0.0250	0.0026	0.0116	0.0111	0.0005	0.0160	0.0139	0.0021	0.1453	0.0744	0.0708	0.0521	0.0512	0.0009	0.0932	0.0232	0.0700	0.0022	0.0012	0.0000	0.0019	0.0019	0.0000	0.0000	0.0000	0.0000	1.7466	3.4087	0.0000	4.8726	4.9546	0.0000	0.0000	0.0000	0.0000					
31	34	0.1680	3	1	1	1	0	0	0	0	0	N	N	N	N	N	N	N	N	N	N	N	N	0.0000	0.0000	0.0001	0.0000	0.0000	0.0001	0.0000	0.0000	0.0002	0.0000	0.0000	0.0000	0.0000	0.0000	0.0000	0.0000	0.0000	0.0000	0.6811	1.2396	0.0473	1.3728	1.3898	0.0239	0.0423	0.0001	0.0476	0.0503	0.0336	-0.0000	-0.1257	0.1965	3.8106	2.3074	5.1657	0.0000	0.0000	0.0000	0.0000	0.0000	0.0000	0.0000	0.0000	0.0000	0.1583	0.1532	0.0051	0.1532	0.1532	0.0000	0.0051	0.0000	0.0051	0.0373	0.0343	0.0030	0.0202	0.0193	0.0009	0.0171	0.0150	0.0021	0.2325	0.1236	0.1089	0.1116	0.1102	0.0014	0.1209	0.0134	0.1075	0.0000	0.0000	0.0001	0.0000	0.0000	0.0001	0.0000	0.0000	0.0002	0.6811	1.2396	0.0473	1.3728	1.3898	0.0239	0.0423	0.0000	0.0476
31	35	0.0868	2	1	1	0	0	0	0	0	0	N	N	N	N	N	N	N	N	N	N	N	N	0.0032	0.0019	0.0002	0.0008	0.0008	0.0000	0.0295	0.7784	0.0002	0.0025	0.0027	0.0000	0.0016	0.0017	0.0000	0.0030	0.0035	0.0000	0.7785	1.3903	0.1359	1.9855	2.0187	0.0095	0.1033	0.0044	0.1375	0.0009	0.0931	-0.0001	-0.0829	0.1965	6.2373	2.3074	6.2260	0.0001	0.0001	0.0000	0.0000	0.0000	0.0000	0.0001	0.0001	0.0000	0.1119	0.1023	0.0095	0.1023	0.1023	0.0000	0.0095	0.0000	0.0095	0.0552	0.0503	0.0049	0.0224	0.0214	0.0010	0.0329	0.0289	0.0039	0.1437	0.0736	0.0701	0.0515	0.0507	0.0009	0.0921	0.0229	0.0692	0.0032	0.0019	0.0002	0.0008	0.0008	0.0000	0.0295	90.8556	0.0002	0.7785	1.3903	0.1359	1.9855	2.0187	0.0095	0.1033	0.0000	0.1375
31	36	0.0868	2	1	2	0	0	0	0	0	0	N	Y	N	N	N	N	N	N	N	N	N	N	0.0146	0.0082	0.0000	0.0042	0.0043	3.5974	inf	0.0000	0.0047	0.0051	0.0000	0.0045	0.0047	0.0000	0.0048	0.0055	0.0000	0.3199	0.6240	0.0017	1.0650	1.0803	0.0000	0.0013	0.0000	0.0018	0.0000	0.0027	-0.0001	-0.0346	0.1965	3.6608	2.3074	7.3397	0.0002	0.0002	0.0000	0.0001	0.0001	0.0000	0.0001	0.0001	0.0000	0.0420	0.0419	0.0001	0.0419	0.0419	0.0000	0.0001	0.0000	0.0001	0.0357	0.0325	0.0033	0.0148	0.0142	0.0006	0.0209	0.0183	0.0026	0.1314	0.0672	0.0642	0.0474	0.0466	0.0008	0.0840	0.0205	0.0634	0.0146	0.0082	0.0000	0.0051	0.0052	0.0000	3.5974	inf	0.0000	0.3199	0.6240	0.0017	0.8843	0.8989	0.0000	0.0013	0.0000	0.0018	
31	37	0.1493	4	2	1	1	0	0	0	0	0	Y	N	N	N	N	N	N	N	N	N	N	N	0.0004	0.0000	33.6405	0.0000	0.0000	0.0000	56.6026	0.0000	367.0960	0.0005	0.0000	0.0058	0.0000	0.0000	0.0000	0.0009	0.0000	0.0072	1.4605	2.7441	0.0002	3.1675	3.2173	0.0100	0.0000	0.0011	0.0000	inf	0.0001	0.0000	-0.1842	0.1965	2.3426	2.3074	5.0131	0.0000	0.0000	0.0000	0.0000	0.0000	0.0000	0.0000	0.0000	0.0000	0.2228	0.2228	0.0000	0.2228	0.2228	0.0000	0.0000	0.0000	0.0000	0.0251	0.0228	0.0023	0.0108	0.0104	0.0005	0.0143	0.0124	0.0019	0.1526	0.0812	0.0714	0.0703	0.0692	0.0011	0.0822	0.0119	0.0703	0.0004	0.0000	33.6405	0.0000	0.0000	0.0000	56.6026	0.0000	367.0960	1.4605	2.7441	0.0002	3.1675	3.2173	0.0100	0.0000	0.0000	0.0000
31	38	0.1215	3	2	1	1	0	0	0	0	0	Y	N	N	N	N	N	N	N	N	N	N	N	0.0019	0.0008	0.0188	0.0010	0.0010	0.0000	0.0039	0.0000	0.0231	0.0007	0.0004	0.0037	0.0008	0.0008	0.0000	0.0006	0.0000	0.0046	0.3592	0.5026	0.1962	0.7792	0.8130	0.0004	0.1537	0.0047	0.1987	1.0006	0.3136	-0.0000	-0.0236	0.1965	2.4564	2.3074	2.5086	0.0000	0.0000	0.0000	0.0000	0.0000	0.0000	0.0000	0.0000	0.0000	0.0402	0.0306	0.0096	0.0306	0.0306	0.0000	0.0096	0.0000	0.0096	0.0260	0.0236	0.0024	0.0112	0.0107	0.0005	0.0149	0.0129	0.0020	0.1118	0.0629	0.0489	0.0494	0.0488	0.0006	0.0624	0.0141	0.0482	0.0019	0.0008	0.0188	0.0013	0.0013	0.0000	0.0039	0.0000	0.0231	0.3592	0.4857	0.1962	0.6187	0.6265	0.0004	0.1537	0.0001	0.1987
31	39	0.0868	2	1	2	0	0	0	0	0	0	N	Y	N	N	N	N	N	N	N	N	N	N	0.0871	10.6809	0.0000	0.4964	3.5759	0.0000	0.0772	inf	0.0000	0.0025	0.0027	0.0000	0.0013	0.0013	0.0000	0.0033	0.0038	0.0000	0.0284	0.0003	0.0581	0.0026	0.0004	0.1308	0.0428	0.0000	0.0572	0.0000	216.5834	-0.0001	0.0007	0.1965	5.6608	2.3074	8.0004	0.0001	0.0001	0.0000	0.0000	0.0000	0.0000	0.0001	0.0001	0.0000	0.0044	0.0000	0.0043	0.0001	0.0000	0.0001	0.0042	0.0000	0.0042	0.0511	0.0465	0.0046	0.0208	0.0199	0.0009	0.0303	0.0266	0.0037	0.1531	0.0785	0.0745	0.0546	0.0537	0.0009	0.0984	0.0248	0.0736	0.0871	10.6809	0.0000	0.4964	3.5759	0.0000	0.0772	inf	0.0000	0.0284	0.0003	0.0581	0.0026	0.0004	0.1308	0.0428	0.0000	0.0572
31	40	0.0868	2	2	1	1	0	0	0	0	0	Y	N	N	N	N	N	N	N	N	N	N	N	0.0011	0.0000	0.2361	0.0000	0.0000	0.0466	0.2922	0.0020	0.0000	0.0227	0.0000	0.0000	0.0000	0.0034	0.0000	0.0284	1.8251	3.4719	0.0961	4.9546	5.0376	0.0000	0.0731	0.0000	0.0973	inf	0.0264	0.0000	-0.2086	0.1965	6.3392	2.3074	5.9996	0.0001	0.0000	0.0001	0.0000	0.0000	0.0000	0.0001	0.0000	0.0001	0.2604	0.2537	0.0067	0.2537	0.2537	0.0000	0.0067	0.0000	0.0067	0.0560	0.0510	0.0050	0.0227	0.0217	0.0010	0.0333	0.0293	0.0040	0.1427	0.0731	0.0696	0.0512	0.0504	0.0008	0.0915	0.0227	0.0688	0.0011	0.0000	0.2361	0.0000	0.0000	0.0000	0.0466	0.0000	0.2922	1.8251	3.4719	0.0961	4.9546	5.0376	0.0000	0.0731	0.0000	0.0973		
31	41	0.1193	3	2	1	1	0	0	0	0	0	Y	N	N	N	N	N	N	N	N	N	N	N	29.8115	19.8568	0.5099	1.4338	1.5039	0.0000	214.3183	225665.4432	0.7895	9.2530	10.3132	0.0442	1.1170	1.2175	0.0000	15.8576	18.0110	0.0689	0.3104	0.5194	0.0866	0.7791	0.8096	0.0039	0.0740	0.0001	0.0872	0.0005	0.1558	-0.1157	-0.0340	0.1965	1.9694	2.3074	5.1440	0.1951	0.1950	0.0001	0.0106	0.0106	0.0000	0.1845	0.1844	0.0001	0.0492	0.0425	0.0066	0.0425	0.0425	0.0000	0.0066	0.0000	0.0066	0.0211	0.0189	0.0022	0.0094	0.0087	0.0008	0.0116	0.0102	0.0014	0.1584	0.0819	0.0765	0.0688	0.0683	0.0005	0.0895	0.0136	0.0760	29.8115	19.8568	0.5099	1.8078	1.9553	0.0000	214.3183	174753284.9944	0.7895	0.3104	0.5194	0.0866	0.6179	0.6227	0.0039	0.0740	0.0000	0.0872
31	42	0.0868	2	2	1	0	0	0	0	0	0	Y	N	N	N	N	N	N	N	N	N	N	N	0.0056	0.0031	2.4252	0.0003	0.0003	0.0000	14.2194	6.2416	2.9846	0.0160	0.0171	0.0057	0.0020	0.0021	0.0000	0.0260	0.0288	0.0070	2.8375	5.5845	0.0023	7.6900	7.8060	0.0000	0.0018	0.0046	0.0024	0.0336	0.0004	-0.0003	-0.1746	0.1965	3.3753	2.3074	2.0398	0.0005	0.0005	0.0000	0.0000	0.0000	0.0000	0.0005	0.0005	0.0000	0.2113	0.2112	0.0001	0.2112	0.2112	0.0000	0.0001	0.0000	0.0001	0.0334	0.0304	0.0031	0.0139	0.0133	0.0006	0.0195	0.0170	0.0025	0.0745	0.0378	0.0366	0.0275	0.0271	0.0004	0.0470	0.0108	0.0362	0.0056	0.0031	2.4252	0.0003	0.0003	0.0000	14.2194	581.9701	2.9846	2.8375	5.5845	0.0023	7.6900	7.8060	0.0000	0.0018	0.0000	0.0024
31	43	0.0868	2	1	1	1	0	0	0	0	0	N	N	N	N	N	N	N	N	N	N	N	N	0.0026	0.0015	0.0000	0.0012	0.0013	0.0000	0.0336	inf	0.0000	0.0047	0.0052	0.0000	0.0060	0.0062	0.0000	0.0039	0.0044	0.0000	1.8217	3.4087	0.1540	4.8749	4.9546	0.1392	0.1158	0.0000	0.1542	0.0000	0.0430	-0.0001	-0.2078	0.1965	4.6608	2.3074	7.9996	0.0002	0.0002	0.0000	0.0001	0.0001	0.0000	0.0001	0.0001	0.0000	0.2646	0.2537	0.0109	0.2538	0.2537	0.0001	0.0108	0.0000	0.0108	0.0436	0.0396	0.0040	0.0179	0.0171	0.0008	0.0257	0.0225	0.0032	0.1453	0.0744	0.0708	0.0521	0.0512	0.0009	0.0932	0.0232	0.0700	0.0026	0.0015	0.0000	0.0012	0.0013	0.0000	0.0336	inf	0.0000	1.8217	3.4087	0.1540	4.8749	4.9546	0.1392	0.1158	0.0000	0.1542
31	44	0.0868	2	1	2	0	0	0	0	0	0	N	Y	N	N	N	N	N	N	N	N	N	N	0.0017	0.0009	0.0003	0.0003	inf	inf	0.0029	0.0032	0.0000	0.0015	0.0015	0.0000	0.0039	0.0044	0.0000	1.7464	3.4083	0.0000	4.8720	4.9540	0.0000	0.0000	0.0000	0.0000	0.0000	0.0000	-0.0001	-0.2097	0.1965	4.6608	2.3074	7.9996	0.0001	0.0001	0.0000	0.0000	0.0000	0.0000	0.0001	0.0001	0.0000	0.2537	0.2537	0.0000	0.2537	0.2537	0.0000	0.0000	0.0000	0.0000	0.0436	0.0396	0.0040	0.0179	0.0171	0.0008	0.0257	0.0225	0.0032	0.1453	0.0744	0.0708	0.0521	0.0512	0.0009	0.0932	0.0232	0.0700	0.0017	0.0009	0.0000	0.0003	0.0003	0.0000	inf	inf	0.0000	1.7464	3.4083	0.0000	4.8720	4.9540	0.0000	0.0000	0.0000	0.0000			
31	45	0.1215	3	2	2	1	0	0	0	0	0	Y	Y	N	N	N	N	N	N	N	N	N	N	0.0004	0.0000	0.0848	0.0000	0.0000	0.0000	0.0187	0.1011	0.0008	0.0000	0.0086	0.0000	0.0000	0.0000	0.0015	0.0000	0.0105	1.8811	3.3015	0.1020	4.2551	4.3200	0.0060	0.0795	0.0000	0.1034	inf	0.0247	0.0000	-0.1998	0.1965	1.3391	2.3074	5.8433	0.0000	0.0000	0.0000	0.0000	0.0000	0.0000	0.0000	0.0000	0.0000	0.2489	0.2429	0.0060	0.2429	0.2429	0.0000	0.0060	0.0000	0.0060	0.0163	0.0147	0.0016	0.0072	0.0069	0.0003	0.0091	0.0078	0.0013	0.1323	0.0736	0.0587	0.0571	0.0562	0.0009	0.0752	0.0173	0.0579	0.0004	0.0000	0.0848	0.0000	0.0000	0.0000	0.0187	0.0000	0.1011	1.8811	3.3015	0.1020	4.2551	4.3200	0.0060	0.0795	0.0000	0.1034	
31	46	0.0868	2	2	1	0	0	0	0	0	0	Y	N	N	N	N	N	N	N	N	N	N	N	0.0046	0.0011	0.1724	0.0012	0.0013	0.0358	0.0000	0.2103	0.0007	0.0004	0.0037	0.0008	0.0009	0.0000	0.0006	0.0000	0.0046	0.1524	0.3609	0.0216	0.6667	0.6838	0.0000	0.0168	0.0019	0.0218	1.0004	0.0749	-0.0000	-0.0089	0.1965	2.4483	2.3074	3.1953	0.0000	0.0000	0.0000	0.0000	0.0000	0.0000	0.0000	0.0000	0.0000	0.0118	0.0109	0.0008	0.0109	0.0109	0.0000	0.0008	0.0000	0.0008	0.0258	0.0234	0.0024	0.0109	0.0104	0.0005	0.0149	0.0129	0.0020	0.0771	0.0392	0.0379	0.0284	0.0280	0.0004	0.0487	0.0112	0.0375	0.0046	0.0014	0.1724	0.0021	0.0022	0.0000	0.0358	0.0000	0.2103	0.1524	0.2791	0.0216	0.3848	0.3906	0.0000	0.0168	0.0000	0.0218	
31	47	0.1265	3	2	2	1	0	0	0	0	0	Y	Y	N	N	N	N	N	N	N	N	N	N	0.4260	0.0405	2.3186	0.0349	0.0662	0.0000	0.4581	3.0178	0.0037	0.0000	0.0426	0.0000	0.0000	0.0000	0.0065	0.0000	0.0560	0.0088	0.0000	0.0184	0.0001	0.0000	0.0024	0.0143	0.0000	0.0186	3124.4219	517.6335	0.0000	0.0001	0.1965	3.0001	2.3074	1.0598	0.0001	0.0000	0.0001	0.0000	0.0000	0.0000	0.0001	0.0000	0.0001	0.0005	0.0000	0.0005	0.0000	0.0000	0.0000	0.0005	0.0000	0.0005	0.0267	0.0244	0.0023	0.0114	0.0109	0.0006	0.0153	0.0135	0.0018	0.0577	0.0302	0.0275	0.0223	0.0220	0.0003	0.0354	0.0082	0.0272	0.4260	0.0405	2.3186	0.0349	0.0662	0.0000	0.4581	0.0000	3.0178	0.0088	0.0000	0.0184	0.0001	0.0000	0.0024	0.0143	0.0000	0.0186	
31	48	0.0868	2	2	1	1	0	0	0	0	0	Y	N	N	N	N	N	N	N	N	N	N	N	0.0340	0.4685	0.0002	0.6802	0.6902	0.0000	0.0000	0.0000	0.0002	0.0026	0.0029	0.0000	0.0058	0.0060	0.0000	0.0000	0.0000	0.0000	0.0770	0.0062	0.1503	0.0086	0.0087	0.0000	0.1167	0.0038	0.1520	0.0011	23.3942	-0.0000	0.0009	0.1965	0.6630	2.3074	5.9830	0.0000	0.0000	0.0000	0.0000	0.0000	0.0000	0.0000	0.0000	0.0000	0.0068	0.0003	0.0065	0.0003	0.0003	0.0000	0.0065	0.0000	0.0065	0.0101	0.0091	0.0010	0.0045	0.0044	0.0001	0.0056	0.0047	0.0009	0.0885	0.0450	0.0435	0.0325	0.0320	0.0005	0.0560	0.0130	0.0430	0.0340	0.4685	0.0002	0.6802	0.6902	0.0000	0.0000	0.0000	0.0002	0.0770	0.0062	0.1503	0.0086	0.0087	0.0000	0.1167	0.0000	0.1520
31	49	0.0868	2	2	2	0	0	0	0	0	0	Y	Y	N	N	N	N	N	N	N	N	N	N	0.0059	0.0006	1.4389	0.0000	0.0000	0.0000	0.1881	0.0021	1.8161	0.0094	0.0017	0.0883	0.0000	0.0000	0.0000	0.0158	0.0030	0.1106	1.5908	3.0371	0.0614	4.3336	4.4076	0.0993	0.0837	1.4482	0.0609	4.9357	0.0191	0.0001	-0.2123	0.1965	7.3392	2.3074	7.9996	0.0006	0.0001	0.0005	0.0000	0.0000	0.0000	0.0006	0.0001	0.0005	0.2628	0.2579	0.0049	0.2539	0.2538	0.0001	0.0089	0.0041	0.0048	0.0630	0.0574	0.0056	0.0253	0.0242	0.0011	0.0377	0.0332	0.0045	0.1652	0.0849	0.0803	0.0586	0.0576	0.0010	0.1066	0.0273	0.0793	0.0059	0.0006	1.4389	0.0000	0.0000	0.0000	0.1881	0.0201	1.8161	1.5908	3.0371	0.0614	4.3336	4.4076	0.0993	0.0837	0.1500	0.0609
31	50	0.0868	2	1	1	0	1	0	0	0	0	N	N	N	N	N	N	N	N	N	N	N	N	0.1752	1.1935	0.0000	0.0810	0.0972	0.0000	0.2020	inf	0.0000	0.0116	0.0128	0.0000	0.0015	0.0015	0.0000	0.0187	0.0213	0.0000	0.0664	0.0107	0.1254	0.0182	0.0159	0.1490	0.0926	0.0000	0.1251	0.0000	11.0330	-0.0003	0.0010	0.1965	4.6608	2.3074	12.0004	0.0005	0.0005	0.0000	0.0000	0.0000	0.0000	0.0005	0.0005	0.0000	0.0116	0.0010	0.0106	0.0011	0.0010	0.0002	0.0104	0.0000	0.0104	0.0436	0.0396	0.0040	0.0179	0.0171	0.0008	0.0257	0.0225	0.0032	0.1741	0.0896	0.0845	0.0614	0.0603	0.0011	0.1127	0.0293	0.0834	0.1752	1.1935	0.0000	0.0810	0.0972	0.0000	0.2020	inf	0.0000	0.0664	0.0107	0.1254	0.0182	0.0159	0.1490	0.0926	0.0000	0.1251
31	51	0.1173	3	1	2	1	0	0	0	0	0	N	Y	N	N	N	N	N	N	N	N	N	N	0.0596	16.3747	0.0021	19.9955	33.9531	0.0000	0.0004	0.0000	0.0022	0.0007	0.0008	0.0000	0.0021	0.0021	0.0000	0.0000	0.0000	0.0001	0.0113	0.0000	0.0227	0.0001	0.0001	0.0018	0.0182	0.0008	0.0231	0.0079	489.0855	-0.0000	0.0002	0.1965	2.4249	2.3074	2.1457	0.0000	0.0000	0.0000	0.0000	0.0000	0.0000	0.0000	0.0000	0.0000	0.0009	0.0000	0.0009	0.0000	0.0000	0.0000	0.0009	0.0000	0.0009	0.0252	0.0224	0.0028	0.0082	0.0080	0.0002	0.0170	0.0145	0.0026	0.0776	0.0390	0.0386	0.0294	0.0287	0.0007	0.0482	0.0103	0.0379	0.0596	16.3747	0.0021	19.9955	33.9531	0.0000	0.0004	0.0000	0.0022	0.0113	0.0000	0.0227	0.0001	0.0001	0.0018	0.0182	0.0000	0.0231
31	52	0.0868	2	1	2	0	0	0	0	0	0	N	Y	N	N	N	N	N	N	N	N	N	N	0.0400	0.0578	0.1959	0.0903	0.0930	0.0000	0.0396	0.0033	0.2413	0.0035	0.0005	0.0330	0.0011	0.0011	0.0000	0.0052	0.0000	0.0411	0.0873	0.0088	0.1684	0.0121	0.0123	0.0000	0.1312	0.0041	0.1703	6.5891	18.5958	0.0000	0.0008	0.1965	3.5386	2.3074	1.9499	0.0001	0.0000	0.0001	0.0000	0.0000	0.0000	0.0001	0.0000	0.0001	0.0066	0.0003	0.0062	0.0003	0.0003	0.0000	0.0062	0.0000	0.0062	0.0348	0.0316	0.0032	0.0144	0.0138	0.0006	0.0203	0.0177	0.0026	0.0753	0.0383	0.0371	0.0278	0.0274	0.0004	0.0476	0.0109	0.0367	0.0400	0.0578	0.1959	0.0903	0.0930	0.0000	0.0396	0.4477	0.2413	0.0873	0.0088	0.1684	0.0121	0.0123	0.0000	0.1312	0.0000	0.1703
31	53	0.0868	2	2	1	1	0	0	0	0	0	Y	N	N	N	N	N	N	N	N	N	N	N	0.0011	0.0000	0.2325	0.0000	0.0000	0.0472	0.2859	0.0034	0.0000	0.0372	0.0000	0.0000	0.0000	0.0059	0.0000	0.0463	3.0600	5.8633	0.1600	8.1128	8.2371	0.0000	0.1243	0.0000	0.1618	inf	0.0264	0.0000	-0.2085	0.1965	3.3392	2.3074	2.9996	0.0001	0.0000	0.0001	0.0000	0.0000	0.0000	0.0001	0.0000	0.0001	0.2604	0.2537	0.0067	0.2537	0.2537	0.0000	0.0067	0.0000	0.0067	0.0331	0.0301	0.0031	0.0138	0.0132	0.0006	0.0193	0.0169	0.0025	0.0851	0.0433	0.0418	0.0313	0.0308	0.0005	0.0538	0.0125	0.0413	0.0011	0.0000	0.2325	0.0000	0.0000	0.0000	0.0472	0.0000	0.2859	3.0600	5.8633	0.1600	8.1128	8.2371	0.0000	0.1243	0.0000	0.1618		
31	54	0.1329	3	2	2	0	0	0	0	0	0	Y	Y	N	N	N	N	N	N	N	N	N	N	0.0119	0.0057	0.0074	0.0119	0.0119	3.9758	0.0025	0.0083	0.0075	0.0022	0.0025	0.0000	0.0081	0.0083	0.0000	0.0000	0.0000	0.0000	0.1868	0.4360	0.0061	0.6766	0.6964	0.0000	0.0053	0.0009	0.0063	0.0022	0.0165	-0.0000	-0.0163	0.1965	2.0079	2.3074	2.2027	0.0000	0.0000	0.0000	0.0000	0.0000	0.0000	0.0000	0.0000	0.0000	0.0201	0.0198	0.0003	0.0198	0.0198	0.0000	0.0003	0.0000	0.0003	0.0180	0.0161	0.0020	0.0050	0.0048	0.0001	0.0131	0.0112	0.0018	0.1076	0.0539	0.0537	0.0459	0.0440	0.0019	0.0617	0.0099	0.0518	0.0119	0.0068	0.0074	0.0187	0.0184	3.9758	0.0025	27.7473	0.0075	0.1868	0.3672	0.0061	0.4309	0.4497	0.0000	0.0053	0.0000	0.0063
31	55	0.0868	2	2	2	0	0	0	0	0	0	Y	Y	N	N	N	N	N	N	N	N	N	N	0.0019	0.0005	0.2470	0.0000	0.0000	0.0000	0.0932	1.1801	0.3052	0.0052	0.0027	0.0303	0.0000	0.0000	0.0000	0.0088	0.0047	0.0379	2.6663	5.1129	0.1228	7.1457	7.2585	0.0000	0.0948	0.0040	0.1243	1.1356	0.0231	-0.0000	-0.2269	0.1965	4.3406	2.3074	3.9440	0.0002	0.0001	0.0001	0.0000	0.0000	0.0000	0.0002	0.0001	0.0001	0.2822	0.2758	0.0064	0.2758	0.2758	0.0000	0.0064	0.0000	0.0064	0.0411	0.0373	0.0037	0.0169	0.0162	0.0007	0.0242	0.0212	0.0030	0.1058	0.0539	0.0519	0.0386	0.0380	0.0006	0.0672	0.0159	0.0513	0.0019	0.0005	0.2470	0.0000	0.0000	0.0000	0.0932	181.9128	0.3052	2.6663	5.1129	0.1228	7.1457	7.2585	0.0000	0.0948	0.0000	0.1243
31	56	0.0868	2	1	2	0	0	0	0	0	0	N	Y	N	N	N	N	N	N	N	N	N	N	0.0657	0.4859	0.2814	0.7516	0.7734	0.0577	0.3466	0.0035	0.0008	0.0305	0.0018	0.0019	0.0000	0.0048	0.0000	0.0380	0.0538	0.0017	0.1084	0.0024	0.0024	0.0000	0.0829	0.0000	0.1097	3.7834	61.8333	0.0000	0.0011	0.1965	3.6608	2.3074	7.0004	0.0001	0.0000	0.0001	0.0000	0.0000	0.0000	0.0001	0.0000	0.0001	0.0069	0.0001	0.0068	0.0001	0.0001	0.0000	0.0068	0.0000	0.0068	0.0357	0.0325	0.0033	0.0148	0.0142	0.0006	0.0209	0.0183	0.0026	0.1284	0.0656	0.0628	0.0464	0.0456	0.0007	0.0820	0.0200	0.0620	0.0657	0.4859	0.2814	0.7516	0.7734	0.0000	0.0577	0.0000	0.3466	0.0538	0.0017	0.1084	0.0024	0.0024	0.0000	0.0829	0.0000	0.1097		
31	57	0.0868	2	1	1	1	0	0	0	0	0	N	N	N	N	N	N	N	N	N	N	N	N	0.9749	2.5917	0.0000	3.9233	4.0202	0.0000	0.0000	0.0014	0.0015	0.0000	0.0032	0.0034	0.0000	0.0000	0.0000	0.0000	0.0014	0.0006	0.0023	0.0008	0.0008	0.0000	0.0018	0.0000	0.0023	0.0000	3.7223	-0.0000	-0.0000	0.1965	1.6608	2.3074	6.0004	0.0000	0.0000	0.0000	0.0000	0.0000	0.0000	0.0000	0.0000	0.0000	0.0001	0.0000	0.0001	0.0000	0.0000	0.0000	0.0001	0.0000	0.0001	0.0190	0.0172	0.0018	0.0082	0.0078	0.0003	0.0109	0.0094	0.0015	0.0994	0.0506	0.0488	0.0363	0.0358	0.0006	0.0631	0.0148	0.0482	0.9749	2.5917	0.0000	3.9233	4.0202	0.0000	0.0000	0.0000	0.0000	0.0014	0.0006	0.0023	0.0008	0.0008	0.0000	0.0018	0.0000	0.0023		
31	58	0.0868	2	2	2	0	0	0	0	0	0	Y	Y	N	N	N	N	N	N	N	N	N	N	0.0002	0.0000	inf	0.0000	0.0000	0.0245	0.0000	inf	0.0003	0.0000	0.0036	0.0000	0.0000	0.0000	0.0006	0.0000	0.0045	1.9046	3.7230	0.0000	5.2450	5.3316	0.0000	0.0229	1.2610	0.0000	inf	0.0000	0.0000	-0.2115	0.1965	4.3392	2.3074	6.9996	0.0000	0.0000	0.0000	0.0000	0.0000	0.0000	0.0000	0.0000	0.0000	0.2558	0.2558	0.0000	0.2538	0.2538	0.0000	0.0020	0.0020	0.0000	0.0411	0.0373	0.0037	0.0169	0.0162	0.0007	0.0242	0.0212	0.0030	0.1343	0.0687	0.0656	0.0484	0.0476	0.0008	0.0859	0.0211	0.0648	0.0002	0.0000	inf	0.0000	0.0000	0.0000	0.0245	0.0000	inf	1.9046	3.7230	0.0000	5.2450	5.3316	0.0000	0.0229	0.0934	0.0000	
31	59	0.0868	2	2	2	1	0	0	0	0	0	Y	Y	N	N	N	N	N	N	N	N	N	N	0.4958	1.0584	0.0000	1.6557	1.7042	0.0000	0.0000	0.0005	0.0006	0.0000	0.0013	0.0013	0.0000	0.0000	0.0000	0.0000	0.0010	0.0005	0.0016	0.0008	0.0008	0.0000	0.0012	0.0000	0.0016	0.0000	2.7917	-0.0000	-0.0000	0.1965	5.6608	2.3074	7.0004	0.0000	0.0000	0.0000	0.0000	0.0000	0.0000	0.0000	0.0000	0.0000	0.0002	0.0000	0.0001	0.0000	0.0000	0.0000	0.0001	0.0000	0.0001	0.0511	0.0465	0.0046	0.0208	0.0199	0.0009	0.0303	0.0266	0.0037	0.1453	0.0744	0.0708	0.0521	0.0512	0.0009	0.0932	0.0232	0.0700	0.4958	1.0584	0.0000	1.6557	1.7042	0.0000	0.0000	0.0000	0.0000	0.0010	0.0005	0.0016	0.0008	0.0008	0.0000	0.0012	0.0000	0.0016		
31	60	0.0868	2	1	2	0	0	0	0	0	0	N	Y	N	N	N	N	N	N	N	N	N	N	0.0000	0.0000	0.0000	0.0000	0.0000	0.0000	0.0000	0.0000	0.0000	0.0000	0.0000	0.0000	0.0000	0.0000	0.0000	0.0000	0.0000	0.0773	0.0005	0.1567	0.0020	0.0007	0.0892	0.1211	0.0000	0.1575	313.0000	0.0000	0.0011	0.1965	2.0000	2.3074	4.0000	0.0000	0.0000	0.0000	0.0000	0.0000	0.0000	0.0000	0.0000	0.0000	0.0063	0.0000	0.0063	0.0001	0.0000	0.0000	0.0062	0.0000	0.0062	0.0220	0.0199	0.0021	0.0093	0.0090	0.0004	0.0126	0.0109	0.0017	0.0812	0.0413	0.0400	0.0299	0.0294	0.0004	0.0514	0.0118	0.0395	0.0000	0.0000	0.0000	0.0000	0.0000	0.0000	0.0000	0.0000	0.0000	0.0773	0.0005	0.1567	0.0020	0.0007	0.0892	0.1211	0.0000	0.1575		
31	61	0.0868	2	2	1	1	0	0	0	0	0	Y	N	N	N	N	N	N	N	N	N	N	N	0.0461	0.2496	0.0498	0.3088	0.0023	0.0000	0.0259	0.0000	0.0000	0.0000	0.0039	0.0000	0.0324	0.0506	0.0000	0.1037	0.0000	0.0000	0.0000	0.0792	0.0000	0.1049	inf	inf	0.0000	0.0012	0.1965	5.3392	2.3074	6.0004	0.0001	0.0000	0.0001	0.0000	0.0000	0.0000	0.0001	0.0000	0.0001	0.0068	0.0000	0.0068	0.0000	0.0000	0.0000	0.0068	0.0000	0.0068	0.0487	0.0443	0.0044	0.0199	0.0190	0.0009	0.0288	0.0253	0.0035	0.1343	0.0687	0.0656	0.0484	0.0476	0.0008	0.0859	0.0211	0.0648	0.0461	0.0000	0.2496	0.0000	0.0000	0.0000	0.0498	0.0000	0.3088	0.0506	0.0000	0.1037	0.0000	0.0000	0.0000	0.0792	0.0000	0.1049					
31	62	0.0868	2	1	2	0	0	0	0	0	0	N	Y	N	N	N	N	N	N	N	N	N	N	0.0417	7.2642	0.0971	1.2702	3.0429	0.0000	0.0386	inf	0.1201	0.0033	0.0021	0.0158	0.0013	0.0013	0.0000	0.0046	0.0026	0.0198	0.0788	0.0003	0.1630	0.0010	0.0004	0.0307	0.1199	0.0000	0.1648	0.7330	530.7223	-0.0000	0.0027	0.1965	8.6608	2.3074	13.0004	0.0002	0.0001	0.0001	0.0000	0.0000	0.0000	0.0002	0.0001	0.0001	0.0160	0.0000	0.0159	0.0001	0.0000	0.0000	0.0159	0.0000	0.0159	0.0719	0.0656	0.0063	0.0286	0.0274	0.0013	0.0432	0.0382	0.0051	0.2024	0.1047	0.0977	0.0699	0.0686	0.0013	0.1325	0.0361	0.0964	0.0417	7.2642	0.0971	1.2702	3.0429	0.0000	0.0386	inf	0.1201	0.0788	0.0003	0.1630	0.0010	0.0004	0.0307	0.1199	0.0000	0.1648
31	63	0.1606	3	1	1	1	0	0	0	0	0	N	N	N	N	N	N	N	N	N	N	N	N	0.0000	0.0000	0.0000	0.0000	0.0000	0.0000	0.0002	inf	0.0000	0.0000	0.0000	0.0000	0.0000	0.0000	0.0000	0.0000	0.0000	0.0000	0.0711	0.2385	0.0053	0.1324	0.1489	0.0006	0.0050	0.0000	0.0060	0.0357	0.0353	-0.0000	-0.0010	0.1965	0.9961	2.3074	0.0337	0.0000	0.0000	0.0000	0.0000	0.0000	0.0000	0.0000	0.0000	0.0000	0.0012	0.0012	0.0000	0.0012	0.0012	0.0000	0.0000	0.0000	0.0000	0.0091	0.0083	0.0008	0.0042	0.0040	0.0002	0.0049	0.0043	0.0006	0.0175	0.0095	0.0080	0.0091	0.0081	0.0010	0.0084	0.0014	0.0070	0.0000	0.0000	0.0000	0.0000	0.0000	0.0000	0.0002	inf	0.0000	0.0711	0.1265	0.0053	0.1324	0.1489	0.0006	0.0050	0.0000	0.0060
31	64	0.0868	2	1	1	1	0	0	0	0	0	N	N	N	N	N	N	N	N	N	N	N	N	0.0018	0.0011	0.0000	0.0003	0.0004	0.0000	0.0267	1.9525	0.0000	0.0035	0.0039	0.0000	0.0018	0.0019	0.0000	0.0048	0.0055	0.0000	1.9568	3.5988	0.2356	5.1188	5.2030	0.0495	0.1792	0.0028	0.2378	0.0000	0.0624	-0.0001	-0.2060	0.1965	3.6648	2.3074	8.0029	0.0001	0.0001	0.0000	0.0000	0.0000	0.0000	0.0001	0.0001	0.0000	0.2683	0.2525	0.0158	0.2526	0.2525	0.0000	0.0157	0.0000	0.0157	0.0358	0.0325	0.0033	0.0148	0.0142	0.0006	0.0209	0.0183	0.0026	0.1371	0.0702	0.0669	0.0493	0.0485	0.0008	0.0878	0.0216	0.0661	0.0018	0.0011	0.0000	0.0003	0.0004	0.0000	0.0267	975.0382	0.0000	1.9568	3.5988	0.2356	5.1188	5.2030	0.0495	0.1792	0.0000	0.2378
31	65	0.0868	2	1	2	0	0	0	0	0	0	N	Y	N	N	N	N	N	N	N	N	N	N	0.0004	0.0011	0.0000	0.0003	0.0003	0.0004	inf	0.0000	0.0022	0.0024	0.0000	0.0011	0.0012	0.0000	0.0029	0.0033	0.0000	5.7585	2.2618	12.4621	3.4417	3.5095	0.0000	6.9579	0.0000	13.0391	0.0000	3.9052	-0.0001	-0.0380	0.1965	6.6608	2.3074	17.9996	0.0001	0.0001	0.0000	0.0000	0.0000	0.0000	0.0001	0.0001	0.0000	1.2444	0.2537	0.9907	0.2537	0.2537	0.0000	0.9907	0.0000	0.9907	0.0583	0.0531	0.0052	0.0235	0.0225	0.0010	0.0347	0.0306	0.0041	0.2161	0.1122	0.1039	0.0737	0.0723	0.0014	0.1424	0.0399	0.1025	0.0004	0.0011	0.0000	0.0003	0.0003	0.0000	0.0004	inf	0.0000	5.7585	2.2618	9.5320	3.4417	3.5095	0.0000	6.9579	0.0000	9.6646	
31	66	0.0868	2	1	2	0	1	0	0	0	0	N	Y	N	N	N	N	N	N	N	N	N	N	0.0025	0.0007	0.1201	0.0000	0.0000	0.0000	0.0455	inf	0.1489	0.0044	0.0023	0.0259	0.0000	0.0000	0.0000	0.0074	0.0040	0.0324	1.7895	3.2851	0.2155	4.7131	4.7925	0.0444	0.1630	0.0000	0.2176	1.1357	0.0623	-0.0000	-0.2070	0.1965	5.3392	2.3074	7.9996	0.0002	0.0001	0.0001	0.0000	0.0000	0.0000	0.0002	0.0001	0.0001	0.2695	0.2537	0.0158	0.2537	0.2537	0.0000	0.0158	0.0000	0.0158	0.0487	0.0443	0.0044	0.0199	0.0190	0.0009	0.0288	0.0253	0.0035	0.1506	0.0772	0.0734	0.0538	0.0529	0.0009	0.0968	0.0243	0.0725	0.0025	0.0007	0.1201	0.0000	0.0000	0.0000	0.0455	inf	0.1489	1.7895	3.2851	0.2155	4.7131	4.7925	0.0444	0.1630	0.0000	0.2176
31	67	0.0868	2	1	2	0	0	0	0	0	0	N	Y	N	N	N	N	N	N	N	N	N	N	0.0013	0.0000	0.2725	0.0000	0.0000	0.0282	0.0000	0.3371	0.0020	0.0000	0.0227	0.0000	0.0000	0.0000	0.0034	0.0000	0.0284	1.6138	3.0611	0.0833	4.3305	4.4063	0.0000	0.1211	1.7272	0.0844	inf	0.0257	0.0000	-0.2137	0.1965	6.3392	2.3074	8.9996	0.0001	0.0000	0.0001	0.0000	0.0000	0.0000	0.0001	0.0000	0.0001	0.2666	0.2599	0.0067	0.2537	0.2537	0.0000	0.0129	0.0062	0.0067	0.0560	0.0510	0.0050	0.0227	0.0217	0.0010	0.0333	0.0293	0.0040	0.1652	0.0849	0.0803	0.0586	0.0576	0.0010	0.1066	0.0273	0.0793	0.0013	0.0000	0.2725	0.0000	0.0000	0.0000	0.0282	0.0000	0.3371	1.6138	3.0611	0.0833	4.3305	4.4063	0.0000	0.1211	0.2276	0.0844	
31	68	0.0868	2	1	2	0	0	0	0	0	0	N	Y	N	N	N	N	N	N	N	N	N	N	0.3578	0.2253	0.0000	0.0737	0.0759	2.8606	inf	0.0000	0.0029	0.0032	0.0000	0.0015	0.0015	0.0000	0.0039	0.0044	0.0000	0.0081	0.0142	0.0018	0.0200	0.0204	0.0000	0.0014	0.0000	0.0018	0.0000	0.1201	-0.0001	-0.0007	0.1965	4.6608	2.3074	6.0004	0.0001	0.0001	0.0000	0.0000	0.0000	0.0000	0.0001	0.0001	0.0000	0.0010	0.0009	0.0001	0.0009	0.0009	0.0000	0.0001	0.0000	0.0001	0.0436	0.0396	0.0040	0.0179	0.0171	0.0008	0.0257	0.0225	0.0032	0.1284	0.0656	0.0628	0.0464	0.0456	0.0007	0.0820	0.0200	0.0620	0.3578	0.2253	0.0000	0.0737	0.0759	0.0000	2.8606	inf	0.0000	0.0081	0.0142	0.0018	0.0200	0.0204	0.0000	0.0014	0.0000	0.0018	
31	69	0.1127	3	1	2	0	0	0	0	0	0	N	Y	N	N	N	N	N	N	N	N	N	N	0.0026	0.0000	0.4947	0.0000	0.0000	0.0017	0.0963	0.0000	0.5725	0.0019	0.0000	0.0183	0.0000	0.0000	0.0002	0.0031	0.0000	0.0210	0.7095	1.3465	0.0370	1.5370	1.5464	0.0955	0.0322	0.0023	0.0366	681.0458	0.0260	0.0000	-0.1290	0.1965	3.0720	2.3074	3.7333	0.0001	0.0000	0.0001	0.0000	0.0000	0.0000	0.0001	0.0000	0.0001	0.1610	0.1569	0.0041	0.1570	0.1569	0.0001	0.0040	0.0000	0.0040	0.0375	0.0337	0.0038	0.0150	0.0145	0.0005	0.0225	0.0192	0.0033	0.2269	0.1165	0.1104	0.1021	0.1015	0.0007	0.1248	0.0151	0.1097	0.0026	0.0000	0.4947	0.0000	0.0000	0.0017	0.0963	0.0000	0.5725	0.7095	1.3465	0.0370	1.5370	1.5464	0.0955	0.0322	0.0000	0.0366
31	70	0.0868	2	1	2	0	0	0	0	0	0	N	Y	N	N	N	N	N	N	N	N	N	N	0.0021	0.0001	0.3368	0.0002	0.0002	0.0000	0.0722	0.0006	0.4035	0.0030	0.0003	0.0280	0.0007	0.0007	0.0000	0.0047	0.0000	0.0339	1.4358	2.7479	0.0832	3.7747	3.8313	0.0009	0.0652	0.0163	0.0841	8.6579	0.0294	0.0000	-0.0792	0.1965	1.5925	2.3074	3.3727	0.0001	0.0000	0.0000	0.0000	0.0000	0.0000	0.0000	0.0000	0.0000	0.0992	0.0964	0.0028	0.0964	0.0964	0.0000	0.0028	0.0000	0.0028	0.0184	0.0167	0.0018	0.0079	0.0076	0.0003	0.0105	0.0091	0.0015	0.0691	0.0351	0.0340	0.0255	0.0252	0.0004	0.0436	0.0099	0.0336	0.0021	0.0001	0.3368	0.0002	0.0002	0.0000	0.0722	0.0106	0.4035	1.4358	2.7479	0.0832	3.7747	3.8313	0.0009	0.0652	0.0009	0.0841
31	71	0.0868	2	1	2	0	0	0	0	0	0	N	Y	N	N	N	N	N	N	N	N	N	N	0.0092	0.0056	0.0000	0.0014	0.0014	0.0000	0.0610	inf	0.0000	0.0025	0.0027	0.0000	0.0013	0.0013	0.0000	0.0033	0.0038	0.0000	0.2679	0.4883	0.0729	0.9393	0.9683	0.0356	0.0541	0.0000	0.0734	0.0000	0.1519	-0.0001	-0.0336	0.1965	5.6608	2.3074	12.0004	0.0001	0.0001	0.0000	0.0000	0.0000	0.0000	0.0001	0.0001	0.0000	0.0483	0.0420	0.0064	0.0420	0.0420	0.0000	0.0063	0.0000	0.0063	0.0511	0.0465	0.0046	0.0208	0.0199	0.0009	0.0303	0.0266	0.0037	0.1804	0.0929	0.0874	0.0634	0.0622	0.0011	0.1170	0.0307	0.0863	0.0092	0.0060	0.0000	0.0019	0.0020	0.0000	0.0610	inf	0.0000	0.2679	0.4514	0.0729	0.6628	0.6741	0.0356	0.0541	0.0000	0.0734
31	73	0.0868	2	2	2	0	1	0	0	0	0	Y	Y	N	N	N	N	N	N	N	N	N	N	0.1309	0.6911	0.0000	0.0000	0.1456	0.8558	0.0149	0.0000	0.1616	0.0000	0.0000	0.0000	0.0255	0.0000	0.2010	0.1138	0.0000	0.2338	0.0025	0.0000	0.1467	0.1753	0.0000	0.2349	inf	inf	0.0002	0.0031	0.1965	3.3392	2.3074	11.0004	0.0005	0.0000	0.0005	0.0000	0.0000	0.0000	0.0005	0.0000	0.0005	0.0180	0.0000	0.0180	0.0001	0.0000	0.0001	0.0179	0.0000	0.0179	0.0331	0.0301	0.0031	0.0138	0.0132	0.0006	0.0193	0.0169	0.0025	0.1581	0.0812	0.0769	0.0563	0.0553	0.0010	0.1018	0.0258	0.0760	0.1309	0.0000	0.6911	0.0000	0.0000	0.0000	0.1456	0.0000	0.8558	0.1138	0.0000	0.2338	0.0025	0.0000	0.1467	0.1753	0.0000	0.2349			
31	74	0.0868	2	1	2	0	1	0	0	0	0	N	Y	N	N	N	N	N	N	N	N	N	N	0.0674	0.3683	0.0000	0.0000	0.0734	0.4621	0.0097	0.0000	0.1086	0.0000	0.0000	0.0000	0.0163	0.0000	0.1361	0.1441	0.0000	0.2950	0.0054	0.0000	0.3305	0.2222	0.0000	0.2946	inf	inf	0.0002	0.0034	0.1965	6.3392	2.3074	5.0004	0.0005	0.0000	0.0005	0.0000	0.0000	0.0000	0.0005	0.0000	0.0005	0.0194	0.0000	0.0194	0.0003	0.0000	0.0003	0.0191	0.0000	0.0191	0.0560	0.0510	0.0050	0.0227	0.0217	0.0010	0.0333	0.0293	0.0040	0.1343	0.0687	0.0656	0.0484	0.0476	0.0008	0.0859	0.0211	0.0648	0.0674	0.0000	0.3683	0.0000	0.0000	0.0000	0.0734	0.0000	0.4621	0.1441	0.0000	0.2950	0.0054	0.0000	0.3305	0.2222	0.0000	0.2946			
31	77	0.0868	2	1	1	1	1	0	0	0	0	N	N	N	N	N	N	N	N	N	N	N	N	0.1149	16.4992	0.5173	0.0000	0.0000	0.0000	0.1257	inf	0.6460	0.0122	0.0023	0.1125	0.0000	0.0000	0.0000	0.0206	0.0040	0.1408	0.1061	0.0001	0.2174	0.0029	0.0002	0.1658	0.1639	0.0000	0.2180	4.9357	1513.1668	0.0001	0.0026	0.1965	5.3392	2.3074	7.0004	0.0006	0.0001	0.0005	0.0000	0.0000	0.0000	0.0006	0.0001	0.0005	0.0151	0.0000	0.0151	0.0001	0.0000	0.0001	0.0150	0.0000	0.0150	0.0487	0.0443	0.0044	0.0199	0.0190	0.0009	0.0288	0.0253	0.0035	0.1427	0.0731	0.0696	0.0512	0.0504	0.0008	0.0915	0.0227	0.0688	0.1149	16.4992	0.5173	0.0000	0.0000	0.0000	0.1257	inf	0.6460	0.1061	0.0001	0.2174	0.0029	0.0002	0.1658	0.1639	0.0000	0.2180
31	78	0.0868	2	1	1	1	1	0	0	0	0	N	N	N	N	N	N	N	N	N	N	N	N	0.0054	0.0005	0.5053	0.0000	0.0000	0.0000	0.1219	inf	0.6311	0.0106	0.0020	0.0986	0.0000	0.0000	0.0000	0.0178	0.0034	0.1236	1.9647	3.6420	0.1952	5.2538	5.3418	0.1467	0.1462	0.0000	0.1958	4.9357	0.0508	0.0001	-0.2417	0.1965	6.3392	2.3074	7.9996	0.0006	0.0001	0.0005	0.0000	0.0000	0.0000	0.0006	0.0001	0.0005	0.3106	0.2956	0.0150	0.2957	0.2956	0.0001	0.0149	0.0000	0.0149	0.0560	0.0510	0.0050	0.0227	0.0217	0.0010	0.0333	0.0293	0.0040	0.1581	0.0812	0.0769	0.0563	0.0553	0.0010	0.1018	0.0258	0.0760	0.0054	0.0005	0.5053	0.0000	0.0000	0.0000	0.1219	inf	0.6311	1.9647	3.6420	0.1952	5.2538	5.3418	0.1467	0.1462	0.0000	0.1958
31	79	0.0868	2	1	2	0	0	0	0	0	0	N	Y	N	N	N	N	N	N	N	N	N	N	0.2723	0.0000	1.3938	0.0000	0.0000	0.0000	0.3198	1.7341	0.0070	0.0000	0.0727	0.0000	0.0000	0.0000	0.0124	0.0000	0.0873	0.0258	0.0002	0.0522	0.0035	0.0003	0.2120	0.0387	0.0000	0.0503	inf	218.1668	0.0000	0.0004	0.1965	1.3392	2.3074	5.0004	0.0001	0.0000	0.0001	0.0000	0.0000	0.0000	0.0001	0.0000	0.0001	0.0022	0.0000	0.0022	0.0001	0.0000	0.0001	0.0021	0.0000	0.0021	0.0162	0.0146	0.0016	0.0070	0.0068	0.0003	0.0092	0.0079	0.0013	0.0851	0.0433	0.0418	0.0313	0.0308	0.0005	0.0538	0.0125	0.0414	0.2723	0.0000	1.3938	0.0000	0.0000	0.0000	0.3198	0.0000	1.7341	0.0258	0.0002	0.0522	0.0035	0.0003	0.2120	0.0387	0.0000	0.0503	
31	80	0.0868	2	2	2	0	0	0	0	0	0	Y	Y	N	N	N	N	N	N	N	N	N	N	0.0055	0.0005	0.6091	0.0000	0.0000	0.0000	0.1442	inf	0.7650	0.0092	0.0016	0.0885	0.0000	0.0000	0.0000	0.0154	0.0027	0.1107	1.6730	3.1079	0.1453	4.5788	4.6587	0.1905	0.1065	0.0000	0.1447	5.4357	0.0439	0.0002	-0.2421	0.1965	8.3392	2.3074	9.9996	0.0006	0.0001	0.0005	0.0000	0.0000	0.0000	0.0006	0.0001	0.0005	0.3086	0.2956	0.0130	0.2958	0.2956	0.0002	0.0128	0.0000	0.0128	0.0698	0.0636	0.0061	0.0279	0.0266	0.0012	0.0419	0.0370	0.0049	0.1844	0.0951	0.0893	0.0646	0.0634	0.0012	0.1198	0.0317	0.0882	0.0055	0.0005	0.6091	0.0000	0.0000	0.0000	0.1442	inf	0.7650	1.6730	3.1079	0.1453	4.5788	4.6587	0.1905	0.1065	0.0000	0.1447
32	34	0.1402	2	0	1	1	1	0	0	0	0	N	N	N	N	N	N	N	N	N	N	N	N	0.0000	0.0000	0.0000	0.0000	0.0000	0.0000	0.0000	0.0000	0.0000	0.0000	0.0000	0.0000	0.0000	0.0000	0.0000	0.0000	0.0000	0.0000	0.0000	0.0000	0.0000	3.8106	1.0000	5.1657	0.0000	0.0000	0.0000	0.0000	0.0000	0.0000	0.0000	0.0000	0.0000	0.0000	0.0000	0.0000	0.0000	0.0000	0.0000	0.0000	0.0000	0.0000	0.0000	0.0000	0.0000	0.0000	0.0000	0.0000	0.0000	0.0000	0.0000	0.0468	0.0232	0.0237	0.0134	0.0131	0.0003	0.0334	0.0101	0.0233	0.0000	0.0000	0.0000	0.0000	0.0000	0.0000	0.0000	0.0000	0.0000	0.0000	0.0000	0.0000	0.0000	0.0000	0.0000	0.0000	0.0000	0.0000											
32	37	0.1215	3	1	1	1	1	0	0	0	0	N	N	N	N	N	N	N	N	N	N	N	N	0.0000	0.0000	0.0000	0.0000	0.0000	0.0000	0.0000	0.0000	0.0000	0.0000	0.0000	0.0000	0.0000	0.0000	0.0000	0.0000	0.0000	0.0000	0.0000	0.0000	0.0000	2.3426	1.0000	5.0131	0.0000	0.0000	0.0000	0.0000	0.0000	0.0000	0.0000	0.0000	0.0000	0.0000	0.0000	0.0000	0.0000	0.0000	0.0000	0.0000	0.0000	0.0000	0.0000	0.0000	0.0000	0.0000	0.0000	0.0000	0.0000	0.0000	0.0000	0.0404	0.0180	0.0224	0.0056	0.0053	0.0002	0.0348	0.0127	0.0222	0.0000	0.0000	0.0000	0.0000	0.0000	0.0000	0.0000	0.0000	0.0000	0.0000	0.0000	0.0000	0.0000	0.0000	0.0000	0.0000	0.0000	0.0000											
32	38	0.0937	2	1	1	1	1	0	0	0	0	N	N	N	N	N	N	N	N	N	N	N	N	0.0000	0.0000	0.0000	0.0000	0.0000	0.0000	0.0000	0.0000	0.0000	0.0000	0.0000	0.0000	0.0000	0.0000	0.0000	0.0000	0.0000	0.0000	0.0000	0.0000	0.0000	2.4564	1.0000	2.5086	0.0000	0.0000	0.0000	0.0000	0.0000	0.0000	0.0000	0.0000	0.0000	0.0000	0.0000	0.0000	0.0000	0.0000	0.0000	0.0000	0.0000	0.0000	0.0000	0.0000	0.0000	0.0000	0.0000	0.0000	0.0000	0.0000	0.0000	0.0364	0.0181	0.0184	0.0067	0.0066	0.0001	0.0298	0.0115	0.0183	0.0000	0.0000	0.0000	0.0000	0.0000	0.0000	0.0000	0.0000	0.0000	0.0000	0.0000	0.0000	0.0000	0.0000	0.0000	0.0000	0.0000	0.0000											
32	41	0.0914	2	1	1	1	1	0	0	0	0	N	N	N	N	N	N	N	N	N	N	N	N	0.0000	0.0000	0.0000	0.0000	0.0000	0.0000	0.0000	0.0000	0.0000	0.0000	0.0000	0.0000	0.0000	0.0000	0.0000	0.0000	0.0000	0.0000	0.0000	0.0000	0.0000	1.9694	1.0000	5.1440	0.0000	0.0000	0.0000	0.0000	0.0000	0.0000	0.0000	0.0000	0.0000	0.0000	0.0000	0.0000	0.0000	0.0000	0.0000	0.0000	0.0000	0.0000	0.0000	0.0000	0.0000	0.0000	0.0000	0.0000	0.0000	0.0000	0.0000	0.0409	0.0192	0.0217	0.0060	0.0060	0.0000	0.0349	0.0132	0.0217	0.0000	0.0000	0.0000	0.0000	0.0000	0.0000	0.0000	0.0000	0.0000	0.0000	0.0000	0.0000	0.0000	0.0000	0.0000	0.0000	0.0000	0.0000											
32	45	0.0937	2	1	2	1	1	0	0	0	0	N	Y	N	N	N	N	N	N	N	N	N	N	0.0000	0.0000	0.0000	0.0000	0.0000	0.0000	0.0000	0.0000	0.0000	0.0000	0.0000	0.0000	0.0000	0.0000	0.0000	0.0000	0.0000	0.0000	0.0000	0.0000	0.0000	1.3391	1.0000	5.8433	0.0000	0.0000	0.0000	0.0000	0.0000	0.0000	0.0000	0.0000	0.0000	0.0000	0.0000	0.0000	0.0000	0.0000	0.0000	0.0000	0.0000	0.0000	0.0000	0.0000	0.0000	0.0000	0.0000	0.0000	0.0000	0.0000	0.0000	0.0446	0.0212	0.0234	0.0066	0.0064	0.0001	0.0380	0.0147	0.0232	0.0000	0.0000	0.0000	0.0000	0.0000	0.0000	0.0000	0.0000	0.0000	0.0000	0.0000	0.0000	0.0000	0.0000	0.0000	0.0000	0.0000	0.0000											
32	47	0.0987	2	1	2	1	1	0	0	0	0	N	Y	N	N	N	N	N	N	N	N	N	N	0.0000	0.0000	0.0000	0.0000	0.0000	0.0000	0.0000	0.0000	0.0000	0.0000	0.0000	0.0000	0.0000	0.0000	0.0000	0.0000	0.0000	0.0000	0.0000	0.0000	0.0000	3.0001	1.0000	1.0598	0.0000	0.0000	0.0000	0.0000	0.0000	0.0000	0.0000	0.0000	0.0000	0.0000	0.0000	0.0000	0.0000	0.0000	0.0000	0.0000	0.0000	0.0000	0.0000	0.0000	0.0000	0.0000	0.0000	0.0000	0.0000	0.0000	0.0000	0.0218	0.0092	0.0127	0.0010	0.0010	0.0000	0.0209	0.0082	0.0127	0.0000	0.0000	0.0000	0.0000	0.0000	0.0000	0.0000	0.0000	0.0000	0.0000	0.0000	0.0000	0.0000	0.0000	0.0000	0.0000	0.0000	0.0000											
32	51	0.0894	2	0	2	1	1	0	0	0	0	N	Y	N	N	N	N	N	N	N	N	N	N	0.0000	0.0000	0.0000	0.0000	0.0000	0.0000	0.0000	0.0000	0.0000	0.0000	0.0000	0.0000	0.0000	0.0000	0.0000	0.0000	0.0000	0.0000	0.0000	0.0000	0.0000	2.4249	1.0000	2.1457	0.0000	0.0000	0.0000	0.0000	0.0000	0.0000	0.0000	0.0000	0.0000	0.0000	0.0000	0.0000	0.0000	0.0000	0.0000	0.0000	0.0000	0.0000	0.0000	0.0000	0.0000	0.0000	0.0000	0.0000	0.0000	0.0000	0.0000	0.0225	0.0100	0.0125	0.0032	0.0030	0.0001	0.0193	0.0069	0.0124	0.0000	0.0000	0.0000	0.0000	0.0000	0.0000	0.0000	0.0000	0.0000	0.0000	0.0000	0.0000	0.0000	0.0000	0.0000	0.0000	0.0000	0.0000											
32	54	0.1050	2	1	2	0	1	0	0	0	0	N	Y	N	N	N	N	N	N	N	N	N	N	0.0000	0.0000	0.0000	0.0000	0.0000	0.0000	0.0000	0.0000	0.0000	0.0000	0.0000	0.0000	0.0000	0.0000	0.0000	0.0000	0.0000	0.0000	0.0000	0.0000	0.0000	2.0079	1.0000	2.2027	0.0000	0.0000	0.0000	0.0000	0.0000	0.0000	0.0000	0.0000	0.0000	0.0000	0.0000	0.0000	0.0000	0.0000	0.0000	0.0000	0.0000	0.0000	0.0000	0.0000	0.0000	0.0000	0.0000	0.0000	0.0000	0.0000	0.0000	0.0171	0.0085	0.0085	0.0042	0.0042	0.0000	0.0129	0.0043	0.0085	0.0000	0.0000	0.0000	0.0000	0.0000	0.0000	0.0000	0.0000	0.0000	0.0000	0.0000	0.0000	0.0000	0.0000	0.0000	0.0000	0.0000	0.0000											
32	63	0.1328	2	0	1	1	1	0	0	0	0	N	N	N	N	N	N	N	N	N	N	N	N	0.0000	0.0000	0.0000	0.0000	0.0000	0.0000	0.0000	0.0000	0.0000	0.0000	0.0000	0.0000	0.0000	0.0000	0.0000	0.0000	0.0000	0.0000	0.0000	0.0000	0.0000	0.9961	1.0000	0.0337	0.0000	0.0000	0.0000	0.0000	0.0000	0.0000	0.0000	0.0000	0.0000	0.0000	0.0000	0.0000	0.0000	0.0000	0.0000	0.0000	0.0000	0.0000	0.0000	0.0000	0.0000	0.0000	0.0000	0.0000	0.0000	0.0000	0.0000	0.0047	0.0025	0.0022	0.0017	0.0013	0.0004	0.0030	0.0012	0.0018	0.0000	0.0000	0.0000	0.0000	0.0000	0.0000	0.0000	0.0000	0.0000	0.0000	0.0000	0.0000	0.0000	0.0000	0.0000	0.0000	0.0000	0.0000											
32	69	0.0849	2	0	2	0	1	0	0	0	0	N	Y	N	N	N	N	N	N	N	N	N	N	0.0000	0.0000	0.0000	0.0000	0.0000	0.0000	0.0000	0.0000	0.0000	0.0000	0.0000	0.0000	0.0000	0.0000	0.0000	0.0000	0.0000	0.0000	0.0000	0.0000	0.0000	3.0720	1.0000	3.7333	0.0000	0.0000	0.0000	0.0000	0.0000	0.0000	0.0000	0.0000	0.0000	0.0000	0.0000	0.0000	0.0000	0.0000	0.0000	0.0000	0.0000	0.0000	0.0000	0.0000	0.0000	0.0000	0.0000	0.0000	0.0000	0.0000	0.0000	0.0475	0.0223	0.0252	0.0105	0.0105	0.0000	0.0371	0.0119	0.0252	0.0000	0.0000	0.0000	0.0000	0.0000	0.0000	0.0000	0.0000	0.0000	0.0000	0.0000	0.0000	0.0000	0.0000	0.0000	0.0000	0.0000	0.0000											
32	75	0.1293	2	0	2	0	1	0	0	0	0	N	Y	N	N	N	N	N	N	N	N	N	N	0.0000	0.0000	0.0000	0.0000	0.0000	0.0000	0.0000	0.0000	0.0000	0.0000	0.0000	0.0000	0.0000	0.0000	0.0000	0.0000	0.0000	0.0000	0.0000	0.0000	0.0000	0.0009	1.0000	1.7419	0.0000	0.0000	0.0000	0.0000	0.0000	0.0000	0.0000	0.0000	0.0000	0.0000	0.0000	0.0000	0.0000	0.0000	0.0000	0.0000	0.0000	0.0000	0.0000	0.0000	0.0000	0.0000	0.0000	0.0000	0.0000	0.0000	0.0000	0.0140	0.0072	0.0068	0.0057	0.0056	0.0001	0.0084	0.0016	0.0068	0.0000	0.0000	0.0000	0.0000	0.0000	0.0000	0.0000	0.0000	0.0000	0.0000	0.0000	0.0000	0.0000	0.0000	0.0000	0.0000	0.0000	0.0000											
33	34	0.1640	2	1	1	1	0	0	0	0	0	N	N	N	N	N	N	N	N	N	N	N	N	0.0028	2.1125	0.0087	4.1219	2.7926	inf	0.0025	0.0090	0.0036	0.0006	0.0222	0.0022	0.0015	0.0148	0.0044	0.0000	0.0235	1.2850	0.0003	2.5709	0.0005	0.0005	0.0000	1.7969	0.0000	2.6119	5.4965	8520.3922	0.0004	0.1033	2.6608	3.8106	9.9996	5.1657	0.0014	0.0002	0.0012	0.0003	0.0002	0.0001	0.0011	0.0000	0.0011	0.5965	0.0001	0.5964	0.0001	0.0001	0.0000	0.5964	0.0000	0.5964	0.3998	0.3455	0.0543	0.1524	0.1448	0.0076	0.2475	0.2007	0.0468	0.4642	0.2322	0.2320	0.1323	0.1287	0.0036	0.3319	0.1036	0.2283	0.0028	2.1125	0.0087	4.1219	2.7926	inf	0.0025	0.0000	0.0090	1.2850	0.0003	2.5709	0.0005	0.0005	0.0000	1.7969	0.0000	2.6119	
33	37	0.1453	3	2	1	1	0	0	0	0	0	Y	N	N	N	N	N	N	N	N	N	N	N	0.1974	30.0461	0.0000	24.4748	23.4405	0.0000	0.0000	0.5092	0.7025	0.0000	1.7973	1.8043	0.0000	0.0000	0.0000	0.0000	2.5798	0.0234	4.7169	0.0734	0.0770	0.0000	3.0048	0.0000	4.7753	0.0000	241.3510	-0.1329	0.1641	2.6608	2.3426	9.9996	5.0131	0.2240	0.2240	0.0000	0.2240	0.2240	0.0000	0.0000	0.0000	0.0000	0.9694	0.0040	0.9654	0.0040	0.0040	0.0000	0.9654	0.0000	0.9654	0.4399	0.3189	0.1210	0.1246	0.1241	0.0005	0.3152	0.1947	0.1205	0.3758	0.1711	0.2047	0.0545	0.0520	0.0025	0.3213	0.1191	0.2022	0.1974	30.0461	0.0000	24.4748	23.4405	0.0000	0.0000	0.0000	0.0000	2.5798	0.0234	4.7169	0.0734	0.0770	0.0000	3.0048	0.0000	4.7753		
33	38	0.1175	2	2	1	1	0	0	0	0	0	Y	N	N	N	N	N	N	N	N	N	N	N	0.2131	1.5069	0.1982	1.5439	1.5054	0.1235	0.0000	0.1977	0.6595	0.4532	1.2120	1.1864	1.1911	0.0000	0.4566	0.0000	1.2170	3.0956	0.3007	6.1157	0.7684	0.7912	0.0000	3.6973	1.1466	6.1545	0.9991	25.0086	-0.0277	0.1442	2.6608	2.4564	9.9996	2.5086	0.2962	0.1481	0.1480	0.1481	0.1481	0.0000	0.1480	0.0000	0.1480	1.0687	0.0411	1.0277	0.0379	0.0379	0.0000	1.0309	0.0032	1.0277	0.4490	0.3269	0.1221	0.1249	0.1244	0.0005	0.3242	0.2026	0.1216	0.3452	0.1772	0.1680	0.0664	0.0654	0.0011	0.2788	0.1118	0.1670	0.2131	1.9542	0.1982	2.0813	2.0562	0.0000	0.1235	0.0017	0.1977	3.0956	0.2319	6.1157	0.5700	0.5793	0.0000	3.6973	0.0289	6.1545	
33	41	0.1153	2	2	1	1	0	0	0	0	0	Y	N	N	N	N	N	N	N	N	N	N	N	0.0041	3.9215	0.0000	6.2413	6.3226	0.0000	0.0000	0.0021	0.0025	0.0000	0.0135	0.0138	0.0000	0.0000	0.0000	0.0000	0.5105	0.0006	0.9601	0.0022	0.0022	0.0000	0.5900	0.0000	0.9612	0.0000	1739.2396	-0.0003	0.0331	2.6608	1.9694	9.9996	5.1440	0.0005	0.0005	0.0000	0.0005	0.0005	0.0000	0.0000	0.0000	0.0000	0.1914	0.0001	0.1913	0.0001	0.0001	0.0000	0.1913	0.0000	0.1913	0.2252	0.1911	0.0341	0.0347	0.0341	0.0006	0.1906	0.1571	0.0335	0.3750	0.1757	0.1993	0.0507	0.0505	0.0002	0.3243	0.1253	0.1990	0.0041	3.9215	0.0000	6.2413	6.3226	0.0000	0.0000	0.0000	0.0000	0.5105	0.0006	0.9601	0.0022	0.0022	0.0000	0.5900	0.0000	0.9612		
33	45	0.1175	2	2	2	1	0	0	0	0	0	Y	Y	N	N	N	N	N	N	N	N	N	N	0.2813	92.2735	0.0000	59.4638	58.2603	0.0000	0.0000	0.6393	0.9328	0.0000	1.8864	1.8908	0.0000	0.0000	0.0000	0.0000	2.2729	0.0101	4.4485	0.0317	0.0325	0.0000	2.6878	0.0000	4.4794	0.0000	457.7076	-0.1330	0.1641	2.6608	1.3391	9.9996	5.8433	0.2241	0.2241	0.0000	0.2241	0.2241	0.0000	0.0000	0.0000	0.0000	0.9587	0.0021	0.9566	0.0021	0.0021	0.0000	0.9566	0.0000	0.9566	0.3505	0.2402	0.1103	0.1188	0.1185	0.0003	0.2317	0.1217	0.1100	0.4218	0.2068	0.2150	0.0659	0.0644	0.0015	0.3559	0.1424	0.2136	0.2813	92.2735	0.0000	59.4638	58.2603	0.0000	0.0000	0.0000	0.0000	2.2729	0.0101	4.4485	0.0317	0.0325	0.0000	2.6878	0.0000	4.4794		
33	47	0.1225	2	2	2	1	0	0	0	0	0	Y	Y	N	N	N	N	N	N	N	N	N	N	720.2477	360.9391	inf	0.0000	0.0000	inf	inf	inf	3.5118	4.1456	0.0121	0.0000	0.0000	0.0000	3.8152	4.5678	0.0122	0.0049	0.0115	0.0000	0.1104	0.1119	0.0000	0.0000	0.0000	0.0000	0.0005	0.0000	-0.5928	-0.0008	2.6608	3.0001	9.9996	1.0598	0.9997	0.9992	0.0005	0.0000	0.0000	0.0000	0.9997	0.9992	0.0005	0.0010	0.0010	0.0000	0.0010	0.0010	0.0000	0.0000	0.0000	0.0000	0.2847	0.2410	0.0437	0.0226	0.0223	0.0004	0.2620	0.2187	0.0433	0.2030	0.0862	0.1168	0.0090	0.0088	0.0001	0.1940	0.0773	0.1167	720.2477	360.9391	inf	0.0000	0.0000	0.0000	inf	inf	inf	0.0049	0.0115	0.0000	0.1104	0.1119	0.0000	0.0000	0.0000	0.0000	
33	51	0.1133	2	1	2	1	0	0	0	0	0	N	Y	N	N	N	N	N	N	N	N	N	N	100.4247	0.0000	inf	1.6210	0.0000	inf	inf	inf	0.6163	0.0000	2.3487	0.0680	0.0000	1.7423	0.9609	0.0000	2.3856	0.0061	0.0136	0.0000	0.0420	0.0442	0.0000	0.0000	0.0000	0.0000	inf	0.0000	0.1134	-0.0011	2.6608	2.4249	9.9996	2.1457	0.2791	0.0000	0.2791	0.0119	0.0000	0.0119	0.2672	0.0000	0.2672	0.0013	0.0013	0.0000	0.0013	0.0013	0.0000	0.0000	0.0000	0.0000	0.4528	0.3340	0.1188	0.1747	0.1679	0.0068	0.2780	0.1660	0.1120	0.2150	0.0970	0.1180	0.0314	0.0298	0.0016	0.1836	0.0672	0.1164	100.4247	0.0000	inf	1.6210	0.0000	inf	inf	0.0000	inf	0.0061	0.0136	0.0000	0.0420	0.0442	0.0000	0.0000	0.0000	0.0000	
33	54	0.1289	2	2	2	0	0	0	0	0	0	Y	Y	N	N	N	N	N	N	N	N	N	N	0.0001	0.0001	0.0000	0.0904	0.0957	0.0000	0.0000	0.0000	0.0009	0.0010	0.0000	0.0022	0.0024	0.0000	0.0000	0.0000	0.0000	6.3077	11.7968	0.8637	0.0249	0.0249	0.0000	8.0718	21.0021	0.8650	0.0000	0.0738	-0.0001	-0.8068	2.6608	2.0079	9.9996	2.2027	0.0002	0.0002	0.0000	0.0002	0.0002	0.0000	0.0000	0.0000	0.0000	1.0645	0.9913	0.0732	0.0009	0.0009	0.0000	1.0636	0.9904	0.0732	0.2011	0.1775	0.0236	0.0823	0.0775	0.0048	0.1188	0.1000	0.0188	0.1688	0.0840	0.0847	0.0370	0.0369	0.0001	0.1318	0.0472	0.0846	0.0001	0.0001	0.0000	0.0904	0.0957	0.0000	0.0000	0.0000	0.0000	6.3077	11.7968	0.8637	0.0249	0.0249	0.0000	8.0718	21.0021	0.8650	
33	63	0.1566	2	1	1	1	0	0	0	0	0	N	N	N	N	N	N	N	N	N	N	N	N	0.0029	0.0000	0.0094	0.0000	0.0000	0.0026	0.0000	0.0085	0.0004	0.0000	0.0026	0.0000	0.0000	0.0000	0.0005	0.0000	0.0029	0.1397	0.0162	0.2794	0.0101	0.0131	0.0000	0.2094	1.0096	0.3375	inf	15.3024	0.0000	0.0007	2.6608	0.9961	9.9996	0.0337	0.0000	0.0000	0.0000	0.0000	0.0000	0.0000	0.0000	0.0000	0.0000	0.0064	0.0004	0.0060	0.0002	0.0002	0.0000	0.0062	0.0002	0.0060	0.0971	0.0820	0.0151	0.0247	0.0235	0.0012	0.0723	0.0585	0.0138	0.0455	0.0241	0.0214	0.0159	0.0122	0.0037	0.0296	0.0119	0.0177	0.0029	0.0000	0.0094	0.0000	0.0000	0.0000	0.0026	0.0000	0.0085	0.1397	0.0162	0.2794	0.0101	0.0131	0.0000	0.2094	0.0193	0.3375	
33	69	0.1087	2	1	2	0	0	0	0	0	0	N	Y	N	N	N	N	N	N	N	N	N	N	0.1778	27.6798	0.0000	30.9616	31.2554	0.0000	0.0000	0.2476	0.3152	0.0000	0.7801	0.7892	0.0000	0.0000	0.0000	0.0000	1.3926	0.0114	2.6438	0.0252	0.0253	0.0000	1.7668	0.0000	2.6462	0.0000	256.2606	-0.0819	0.1051	2.6608	3.0720	9.9996	3.7333	0.1380	0.1380	0.0000	0.1380	0.1380	0.0000	0.0000	0.0000	0.0000	0.6200	0.0024	0.6176	0.0024	0.0024	0.0000	0.6176	0.0000	0.6176	0.5575	0.4378	0.1196	0.1769	0.1749	0.0021	0.3805	0.2630	0.1176	0.4452	0.2116	0.2336	0.0957	0.0954	0.0002	0.3496	0.1162	0.2334	0.1778	27.6798	0.0000	30.9616	31.2554	0.0000	0.0000	0.0000	0.0000	1.3926	0.0114	2.6438	0.0252	0.0253	0.0000	1.7668	0.0000	2.6462		
33	75	0.1531	2	1	2	0	0	0	0	0	0	N	Y	N	N	N	N	N	N	N	N	N	N	0.0005	7.0998	0.0000	9.6999	9.7537	0.0000	0.0000	0.0031	0.0032	0.0000	0.0059	0.0060	0.0000	0.0000	0.0000	0.0000	5.8528	0.0005	19.1764	0.0006	0.0006	0.0000	9.5395	0.0000	19.6916	0.0000	24861.7227	-0.0000	0.1293	2.6608	0.0009	9.9996	1.7419	0.0000	0.0000	0.0000	0.0000	0.0000	0.0000	0.0000	0.0000	0.0000	0.7459	0.0000	0.7459	0.0000	0.0000	0.0000	0.7459	0.0000	0.7459	0.0085	0.0082	0.0003	0.0045	0.0044	0.0001	0.0041	0.0039	0.0002	0.1274	0.0664	0.0610	0.0493	0.0486	0.0006	0.0782	0.0178	0.0604	0.0005	7.0998	0.0000	9.6999	9.7537	0.0000	0.0000	0.0000	0.0000	5.8528	0.0005	12.2261	0.0006	0.0006	0.0000	9.5395	0.0000	12.3499		
34	36	0.1429	2	0	1	1	0	0	0	0	0	N	N	N	N	N	N	N	N	N	N	N	N	0.0015	0.0000	0.0057	0.1343	0.0000	0.1688	0.0016	0.0058	0.0024	0.0000	0.0178	0.0007	0.0000	0.0132	0.0034	0.0000	0.0185	1.5652	0.0017	3.1256	0.0051	0.0031	0.0782	2.1871	0.0000	3.1731	inf	1848.0267	0.0005	0.1127	3.8106	3.6608	5.1657	7.3397	0.0012	0.0000	0.0012	0.0001	0.0000	0.0001	0.0011	0.0000	0.0011	0.6519	0.0004	0.6515	0.0006	0.0004	0.0003	0.6513	0.0000	0.6513	0.5166	0.4469	0.0697	0.1941	0.1841	0.0100	0.3225	0.2628	0.0597	0.4165	0.2080	0.2084	0.1187	0.1155	0.0032	0.2978	0.0925	0.2052	0.0015	0.0000	0.0057	0.1343	0.0000	0.1688	0.0016	0.0000	0.0058	1.5652	0.0017	3.1256	0.0051	0.0031	0.0782	2.1871	0.0000	3.1731	
34	37	0.2054	4	1	0	2	0	0	0	0	0	N	N	Y	N	N	N	N	N	N	N	N	N	0.0012	2.7083	0.0000	2.9938	3.6413	0.0000	0.0000	0.0000	0.0000	0.0017	0.0020	0.0000	0.0043	0.0045	0.0000	0.0000	0.0000	0.0000	1.4062	0.0007	2.9363	0.0014	0.0012	0.0351	2.0236	0.0000	2.9469	0.0000	3719.3013	-0.0004	0.0907	3.8106	2.3426	5.1657	5.0131	0.0006	0.0006	0.0000	0.0006	0.0006	0.0000	0.0000	0.0000	0.0000	0.5240	0.0001	0.5239	0.0002	0.0001	0.0000	0.5238	0.0000	0.5238	0.3653	0.3158	0.0494	0.1439	0.1368	0.0071	0.2213	0.1790	0.0423	0.3726	0.1942	0.1784	0.1138	0.1131	0.0007	0.2589	0.0811	0.1778	0.0012	2.7083	0.0000	2.9938	3.6413	0.0000	0.0000	0.0000	0.0000	1.4062	0.0007	2.9363	0.0014	0.0012	0.0351	2.0236	0.0000	2.9469
34	38	0.1776	3	1	0	2	0	0	0	0	0	N	N	Y	N	N	N	N	N	N	N	N	N	0.0068	0.0050	0.0141	0.0053	0.0051	0.0415	0.0045	0.0000	0.0148	0.0022	0.0013	0.0080	0.0030	0.0029	0.0051	0.0016	0.0000	0.0085	0.3199	0.2524	0.5673	0.5707	0.5733	0.1239	0.3598	0.0059	0.5716	0.9992	2.8733	-0.0001	-0.0083	3.8106	2.4564	5.1657	2.5086	0.0008	0.0004	0.0004	0.0004	0.0004	0.0000	0.0004	0.0000	0.0004	0.0983	0.0254	0.0729	0.0255	0.0254	0.0002	0.0728	0.0000	0.0728	0.3786	0.3273	0.0513	0.1486	0.1412	0.0074	0.2300	0.1861	0.0438	0.3074	0.1788	0.1286	0.1050	0.1038	0.0012	0.2024	0.0750	0.1273	0.0068	0.0088	0.0141	0.0124	0.0119	0.0415	0.0045	0.0000	0.0148	0.3199	0.1420	0.5673	0.2430	0.2444	0.1239	0.3598	0.0001	0.5716
34	39	0.1429	2	0	1	1	0	0	0	0	0	N	N	N	N	N	N	N	N	N	N	N	N	0.1055	0.0000	0.3972	0.0740	0.0000	0.1435	0.1195	0.4586	0.1400	0.0000	1.0545	0.0005	0.0000	0.0092	0.2214	0.0000	1.2369	1.3270	0.0028	2.6549	0.0067	0.0050	0.0641	1.8532	0.0000	2.6968	inf	954.5324	0.0415	0.1124	3.8106	5.6608	5.1657	8.0004	0.1020	0.0000	0.1020	0.0001	0.0000	0.0001	0.1019	0.0000	0.1019	0.6522	0.0007	0.6515	0.0009	0.0007	0.0003	0.6513	0.0000	0.6513	0.7287	0.6320	0.0968	0.2684	0.2540	0.0144	0.4603	0.3779	0.0824	0.4915	0.2461	0.2454	0.1400	0.1361	0.0039	0.3514	0.1099	0.2415	0.1055	0.0000	0.3972	0.0740	0.0000	0.1435	0.1195	0.0000	0.4586	1.3270	0.0028	2.6549	0.0067	0.0050	0.0641	1.8532	0.0000	2.6968	
34	40	0.1429	2	1	0	2	0	0	0	0	0	N	N	Y	N	N	N	N	N	N	N	N	N	0.0006	inf	0.0000	0.8518	inf	0.0000	0.0000	0.0000	0.0008	0.0009	0.0000	0.0022	0.0023	0.0000	0.0000	0.0000	0.0000	1.3751	0.0000	2.7509	0.0025	0.0000	0.0929	1.9222	0.0000	2.7931	0.0000	inf	-0.0004	0.1085	3.8106	6.3392	5.1657	5.9996	0.0006	0.0006	0.0000	0.0006	0.0006	0.0000	0.0000	0.0000	0.0000	0.6260	0.0000	0.6260	0.0003	0.0000	0.0003	0.6257	0.0000	0.6257	0.7948	0.6899	0.1049	0.2911	0.2754	0.0157	0.5037	0.4145	0.0892	0.4552	0.2277	0.2276	0.1297	0.1262	0.0036	0.3255	0.1015	0.2240	0.0006	inf	0.0000	0.8518	inf	0.0000	0.0000	0.0000	0.0000	1.3751	0.0000	2.7509	0.0025	0.0000	0.0929	1.9222	0.0000	2.7931	
34	41	0.1754	3	1	0	2	0	0	0	0	0	N	N	Y	N	N	N	N	N	N	N	N	N	0.0000	0.0037	0.0000	0.0053	0.0055	0.0000	0.0000	0.0000	0.0000	0.0000	0.0000	0.0000	0.0000	0.0000	0.0000	0.0000	0.0000	0.0000	0.3315	0.0014	0.6943	0.0020	0.0020	0.0000	0.5171	0.0000	0.7035	0.0025	465.1988	-0.0000	0.0212	3.8106	1.9694	5.1657	5.1440	0.0000	0.0000	0.0000	0.0000	0.0000	0.0000	0.0000	0.0000	0.0000	0.1238	0.0003	0.1235	0.0003	0.0003	0.0000	0.1235	0.0000	0.1235	0.2966	0.2562	0.0404	0.1245	0.1180	0.0065	0.1721	0.1382	0.0339	0.3735	0.1955	0.1779	0.1346	0.1322	0.0023	0.2389	0.0633	0.1756	0.0000	0.0037	0.0000	0.0053	0.0055	0.0000	0.0000	0.0000	0.0000	0.3315	0.0014	0.6943	0.0020	0.0020	0.0000	0.5171	0.0000	0.7035
34	42	0.1429	2	1	0	1	0	0	0	0	0	N	N	N	N	N	N	N	N	N	N	N	N	0.0006	0.4360	0.0000	0.5838	0.5999	1.4096	0.0000	0.0000	0.0000	0.0013	0.0015	0.0000	0.0034	0.0036	0.0000	0.0000	0.0000	0.0000	2.1666	0.0034	4.3036	0.0058	0.0060	0.0000	3.0285	0.0063	4.3655	0.0014	1281.5962	-0.0004	0.0858	3.8106	3.3753	5.1657	2.0398	0.0006	0.0006	0.0000	0.0006	0.0006	0.0000	0.0000	0.0000	0.0000	0.4972	0.0004	0.4968	0.0004	0.0004	0.0000	0.4968	0.0000	0.4968	0.4841	0.4186	0.0655	0.1825	0.1732	0.0094	0.3016	0.2454	0.0561	0.2295	0.1140	0.1154	0.0654	0.0638	0.0016	0.1640	0.0502	0.1138	0.0006	0.4360	0.0000	0.5838	0.5999	1.4096	0.0000	0.0000	0.0000	2.1666	0.0034	4.3036	0.0058	0.0060	0.0000	3.0285	0.0001	4.3655
34	43	0.1429	2	0	0	2	0	0	0	0	0	N	N	Y	N	N	N	N	N	N	N	N	N	0.0485	1.3460	0.1715	0.6260	1.8346	0.1567	0.0550	0.1856	0.1630	0.0004	1.2146	0.0015	0.0010	0.0108	0.2585	0.0000	1.4215	3.3617	0.0003	7.0814	0.0024	0.0005	0.0687	4.7006	0.0000	7.6586	462.8147	22292.5351	0.0413	0.2705	3.8106	4.6608	5.1657	7.9996	0.1020	0.0002	0.1018	0.0004	0.0002	0.0001	0.1017	0.0000	0.1017	1.5605	0.0001	1.5605	0.0003	0.0001	0.0003	1.5602	0.0000	1.5602	0.6261	0.5422	0.0838	0.2327	0.2204	0.0123	0.3934	0.3218	0.0715	0.4642	0.2322	0.2320	0.1323	0.1287	0.0036	0.3319	0.1036	0.2283	0.0485	1.3460	0.1806	0.6260	1.8346	0.1567	0.0550	0.0000	0.2080	3.3617	0.0003	6.7266	0.0024	0.0005	0.0687	4.7006	0.0000	6.8326	
34	44	0.1429	2	0	1	1	0	0	0	0	0	N	N	N	N	N	N	N	N	N	N	N	N	0.0009	0.0000	0.0032	0.2894	0.0000	0.1567	0.0009	0.0034	0.0023	0.0000	0.0173	0.0006	0.0000	0.0108	0.0033	0.0000	0.0184	2.6883	0.0000	5.3793	0.0020	0.0001	0.0687	3.7590	0.0000	5.4639	inf	124793.7456	0.0006	0.2163	3.8106	4.6608	5.1657	7.9996	0.0014	0.0000	0.0014	0.0001	0.0000	0.0001	0.0013	0.0000	0.0013	1.2479	0.0000	1.2479	0.0003	0.0000	0.0003	1.2477	0.0000	1.2477	0.6261	0.5422	0.0838	0.2327	0.2204	0.0123	0.3934	0.3218	0.0715	0.4642	0.2322	0.2320	0.1323	0.1287	0.0036	0.3319	0.1036	0.2283	0.0009	0.0000	0.0032	0.2894	0.0000	0.1567	0.0009	0.0000	0.0034	2.6883	0.0000	5.3793	0.0020	0.0001	0.0687	3.7590	0.0000	5.4639	
34	45	0.1776	3	1	1	2	0	0	0	0	0	N	N	Y	N	N	N	N	N	N	N	N	N	0.0017	0.2085	0.0000	0.2553	0.2635	0.0000	0.0000	0.0000	0.0026	0.0031	0.0000	0.0065	0.0068	0.0000	0.0000	0.0000	0.0000	1.5712	0.0147	3.5803	0.0256	0.0260	0.0000	2.3064	0.0004	3.6177	0.0000	189.2463	-0.0004	0.1001	3.8106	1.3391	5.1657	5.8433	0.0006	0.0006	0.0000	0.0006	0.0006	0.0000	0.0000	0.0000	0.0000	0.5952	0.0031	0.5921	0.0031	0.0031	0.0000	0.5921	0.0000	0.5921	0.2350	0.2031	0.0319	0.0949	0.0906	0.0042	0.1402	0.1125	0.0277	0.3788	0.2135	0.1654	0.1221	0.1204	0.0017	0.2567	0.0930	0.1637	0.0017	0.2085	0.0000	0.2553	0.2635	0.0000	0.0000	0.0000	0.0000	1.5712	0.0147	3.5803	0.0256	0.0260	0.0000	2.3064	0.0000	3.6177	
34	46	0.1429	2	1	0	1	0	0	0	0	0	N	N	N	N	N	N	N	N	N	N	N	N	0.0165	0.3698	0.0309	0.3694	0.4925	0.0541	0.0088	0.0000	0.0322	0.0022	0.0013	0.0081	0.0031	0.0030	0.0054	0.0016	0.0000	0.0085	0.1329	0.0034	0.2609	0.0085	0.0061	0.1002	0.1826	0.0038	0.2632	0.9996	76.8941	-0.0001	0.0051	3.8106	2.4483	5.1657	3.1953	0.0008	0.0004	0.0004	0.0004	0.0004	0.0000	0.0004	0.0000	0.0004	0.0316	0.0004	0.0312	0.0006	0.0004	0.0002	0.0311	0.0000	0.0311	0.3740	0.3231	0.0509	0.1431	0.1360	0.0070	0.2309	0.1871	0.0439	0.2380	0.1183	0.1197	0.0679	0.0662	0.0017	0.1701	0.0521	0.1180	0.0165	0.3698	0.0309	0.3694	0.4925	0.0541	0.0088	0.0000	0.0322	0.1329	0.0034	0.2609	0.0085	0.0061	0.1002	0.1826	0.0000	0.2632
34	47	0.1827	3	1	1	2	0	0	0	0	0	N	N	Y	N	N	N	N	N	N	N	N	N	301.5415	0.0000	1784.5050	0.3173	0.0000	4209.3453	527.3497	2054.5952	2.5161	0.0000	18.0845	0.0035	0.0000	0.0607	3.8616	0.0000	21.1011	0.0083	0.0064	0.0101	0.0109	0.0112	0.0000	0.0073	0.0000	0.0103	inf	1.7038	0.4053	-0.0003	3.8106	3.0001	5.1657	1.0598	0.9969	0.0000	0.9969	0.0005	0.0000	0.0005	0.9964	0.0000	0.9964	0.0016	0.0006	0.0010	0.0006	0.0006	0.0000	0.0010	0.0000	0.0010	0.3962	0.3411	0.0551	0.1382	0.1303	0.0079	0.2580	0.2108	0.0472	0.1874	0.0902	0.0972	0.0528	0.0516	0.0013	0.1346	0.0386	0.0960	301.5415	0.0000	1784.5050	0.3173	0.0000	4209.3453	527.3497	0.0000	2054.5952	0.0083	0.0064	0.0101	0.0109	0.0112	0.0000	0.0073	0.0000	0.0103	
34	48	0.1429	2	1	0	2	0	0	0	0	0	N	N	Y	N	N	N	N	N	N	N	N	N	0.1462	0.0467	0.5489	0.3097	0.0014	26435.0822	0.1704	0.1777	0.5679	0.0126	0.0002	0.0923	0.0019	0.0000	0.0544	0.0201	0.0003	0.0969	0.0863	0.0036	0.1682	0.0062	0.0064	0.0000	0.1183	0.0017	0.1707	86.4131	47.5273	0.0007	0.0036	3.8106	0.6630	5.1657	5.9830	0.0018	0.0000	0.0018	0.0001	0.0000	0.0001	0.0017	0.0000	0.0017	0.0237	0.0005	0.0232	0.0005	0.0005	0.0000	0.0232	0.0000	0.0232	0.1416	0.1225	0.0191	0.0585	0.0564	0.0021	0.0831	0.0660	0.0171	0.2745	0.1366	0.1379	0.0783	0.0763	0.0020	0.1963	0.0603	0.1359	0.1462	0.0467	0.5489	0.3097	0.0014	26435.0822	0.1704	300.9478	0.5679	0.0863	0.0036	0.1682	0.0062	0.0064	0.0000	0.1183	0.0000	0.1707
34	49	0.1429	2	1	1	1	0	0	0	0	0	N	N	N	N	N	N	N	N	N	N	N	N	0.0005	0.0005	0.0001	0.0007	0.0007	inf	0.0000	0.0000	0.0010	0.0011	0.0003	0.0028	0.0029	0.0011	0.0000	0.0000	0.0001	2.1991	2.1614	2.2370	3.8045	3.9156	0.0000	1.5596	0.0000	2.2739	0.0341	1.0291	-0.0005	-0.3757	3.8106	7.3392	5.1657	7.9996	0.0009	0.0009	0.0000	0.0009	0.0009	0.0000	0.0000	0.0000	0.0000	1.1760	0.5796	0.5964	0.5796	0.5796	0.0000	0.5964	0.0000	0.5964	0.8874	0.7712	0.1162	0.3225	0.3050	0.0175	0.5648	0.4662	0.0986	0.5348	0.2681	0.2666	0.1523	0.1480	0.0043	0.3824	0.1201	0.2623	0.0005	0.0005	0.0001	0.0007	0.0007	inf	0.0000	0.0000	0.0000	2.1991	2.1614	2.2370	3.8045	3.9156	0.0000	1.5596	0.0000	2.2739	
34	50	0.1429	2	0	0	1	1	0	0	0	0	N	N	N	N	N	N	N	N	N	N	N	N	0.0017	0.3722	0.0052	0.3479	0.5045	0.1222	0.0014	0.0054	0.0024	0.0005	0.0148	0.0016	0.0011	0.0108	0.0028	0.0000	0.0155	1.4172	0.0012	2.8445	0.0047	0.0022	0.0881	1.9796	0.0000	2.8907	4.9569	2277.9026	0.0004	0.1389	3.8106	4.6608	5.1657	12.0004	0.0015	0.0003	0.0012	0.0004	0.0003	0.0001	0.0011	0.0000	0.0011	0.8034	0.0004	0.8031	0.0008	0.0004	0.0004	0.8026	0.0000	0.8026	0.6261	0.5422	0.0838	0.2327	0.2204	0.0123	0.3934	0.3218	0.0715	0.5669	0.2846	0.2823	0.1615	0.1568	0.0047	0.4055	0.1278	0.2777	0.0017	0.3722	0.0052	0.3479	0.5045	0.1222	0.0014	0.0000	0.0054	1.4172	0.0012	2.8445	0.0047	0.0022	0.0881	1.9796	0.0000	2.8907	
34	51	0.1734	3	0	1	2	0	0	0	0	0	N	N	Y	N	N	N	N	N	N	N	N	N	0.1333	0.0000	0.8068	0.0359	0.0000	0.1896	0.2421	0.0000	0.9857	0.0021	0.0000	0.0199	0.0005	0.0000	0.0091	0.0040	0.0000	0.0242	0.0161	0.0080	0.0246	0.0146	0.0143	0.0481	0.0167	0.0000	0.0245	inf	2.9555	0.0003	-0.0002	3.8106	2.4249	5.1657	2.1457	0.0008	0.0000	0.0008	0.0001	0.0000	0.0001	0.0007	0.0000	0.0007	0.0031	0.0008	0.0023	0.0008	0.0008	0.0000	0.0023	0.0000	0.0023	0.3602	0.3213	0.0389	0.1942	0.1831	0.0111	0.1660	0.1382	0.0278	0.1898	0.0971	0.0927	0.0542	0.0538	0.0004	0.1356	0.0432	0.0923	0.1333	0.0000	0.8068	0.0359	0.0000	0.1896	0.2421	0.0000	0.9857	0.0161	0.0080	0.0246	0.0146	0.0143	0.0481	0.0167	0.0000	0.0245
34	52	0.1429	2	0	1	1	0	0	0	0	0	N	N	N	N	N	N	N	N	N	N	N	N	0.0159	0.2077	0.0428	0.1807	0.2960	0.0349	0.0124	0.0049	0.0451	0.0020	0.0007	0.0103	0.0017	0.0015	0.0067	0.0021	0.0001	0.0109	0.1226	0.0031	0.2406	0.0096	0.0050	0.1909	0.1676	0.0157	0.2413	2.4604	77.4408	0.0001	0.0046	3.8106	3.5386	5.1657	1.9499	0.0010	0.0003	0.0007	0.0003	0.0003	0.0001	0.0007	0.0000	0.0006	0.0285	0.0004	0.0281	0.0006	0.0003	0.0003	0.0278	0.0000	0.0278	0.5028	0.4349	0.0679	0.1892	0.1794	0.0097	0.3136	0.2554	0.0582	0.2322	0.1154	0.1168	0.0662	0.0646	0.0017	0.1660	0.0509	0.1152	0.0159	0.2077	0.0428	0.1807	0.2960	0.0349	0.0124	0.0943	0.0451	0.1226	0.0031	0.2406	0.0096	0.0050	0.1909	0.1676	0.0008	0.2413
34	53	0.1429	2	1	0	2	0	0	0	0	0	N	N	Y	N	N	N	N	N	N	N	N	N	0.0005	inf	0.0000	inf	inf	0.0000	0.0000	0.0013	0.0015	0.0000	0.0034	0.0036	0.0000	0.0000	0.0000	0.0000	2.3529	0.0000	4.6814	0.0000	0.0000	0.0000	3.2913	0.0000	4.7497	0.0000	inf	-0.0004	0.1075	3.8106	3.3392	5.1657	2.9996	0.0006	0.0006	0.0000	0.0006	0.0006	0.0000	0.0000	0.0000	0.0000	0.6200	0.0000	0.6200	0.0000	0.0000	0.0000	0.6200	0.0000	0.6200	0.4799	0.4150	0.0649	0.1810	0.1718	0.0093	0.2989	0.2432	0.0557	0.2635	0.1311	0.1324	0.0751	0.0732	0.0019	0.1884	0.0578	0.1305	0.0005	inf	0.0000	inf	inf	0.0000	0.0000	0.0000	0.0000	2.3529	0.0000	4.6814	0.0000	0.0000	0.0000	3.2913	0.0000	4.7497		
34	54	0.1890	3	1	1	1	0	0	0	0	0	N	N	N	N	N	N	N	N	N	N	N	N	0.0000	0.0066	0.0000	0.0104	0.0104	0.2039	0.0000	0.0000	0.0000	0.0000	0.0000	0.0000	0.0000	0.0000	0.0000	0.0000	0.0000	0.0000	0.1925	0.0004	0.4452	0.0005	0.0005	0.0000	0.3424	0.0009	0.4570	0.0614	960.5959	-0.0000	0.0078	3.8106	2.0079	5.1657	2.2027	0.0000	0.0000	0.0000	0.0000	0.0000	0.0000	0.0000	0.0000	0.0000	0.0452	0.0000	0.0451	0.0000	0.0000	0.0000	0.0451	0.0000	0.0451	0.2649	0.2315	0.0333	0.1178	0.1105	0.0073	0.1471	0.1210	0.0261	0.2347	0.1333	0.1013	0.1029	0.1003	0.0026	0.1318	0.0331	0.0987	0.0000	0.0066	0.0000	0.0104	0.0104	0.2039	0.0000	0.0000	0.0000	0.1925	0.0004	0.4452	0.0005	0.0005	0.0000	0.3424	0.0000	0.4570
34	55	0.1429	2	1	1	1	0	0	0	0	0	N	N	N	N	N	N	N	N	N	N	N	N	0.0006	0.6138	0.0001	0.8585	0.8554	428.2431	0.0000	0.0000	0.0000	0.0011	0.0012	0.0004	0.0029	0.0030	0.0017	0.0000	0.0000	0.0002	1.7387	0.0020	3.4635	0.0034	0.0035	0.0000	2.4306	0.0055	3.5155	0.0481	1739.1442	-0.0004	0.0994	3.8106	4.3406	5.1657	3.9440	0.0007	0.0006	0.0000	0.0007	0.0006	0.0000	0.0000	0.0000	0.0000	0.5755	0.0003	0.5752	0.0003	0.0003	0.0000	0.5752	0.0000	0.5752	0.5918	0.5123	0.0794	0.2207	0.2091	0.0116	0.3711	0.3033	0.0679	0.3310	0.1649	0.1661	0.0944	0.0919	0.0025	0.2366	0.0730	0.1636	0.0006	0.6138	0.0001	0.8585	0.8554	428.2431	0.0000	0.0000	0.0000	1.7387	0.0020	3.4635	0.0034	0.0035	0.0000	2.4306	0.0001	3.5155
34	56	0.1429	2	0	1	1	0	0	0	0	0	N	N	N	N	N	N	N	N	N	N	N	N	0.0312	0.0000	0.1193	0.0523	0.0000	0.1054	0.0338	0.1259	0.0023	0.0000	0.0173	0.0006	0.0000	0.0112	0.0034	0.0000	0.0184	0.0751	0.0047	0.1453	0.0111	0.0085	0.1062	0.1006	0.0000	0.1459	inf	31.0327	0.0005	0.0043	3.8106	3.6608	5.1657	7.0004	0.0012	0.0000	0.0012	0.0001	0.0000	0.0001	0.0011	0.0000	0.0011	0.0305	0.0010	0.0296	0.0013	0.0010	0.0003	0.0292	0.0000	0.0292	0.5166	0.4469	0.0697	0.1941	0.1841	0.0100	0.3225	0.2628	0.0597	0.4063	0.2029	0.2034	0.1158	0.1127	0.0031	0.2905	0.0902	0.2003	0.0312	0.0000	0.1193	0.0523	0.0000	0.1054	0.0338	0.0000	0.1259	0.0751	0.0047	0.1453	0.0111	0.0085	0.1062	0.1006	0.0000	0.1459	
34	57	0.1429	2	0	0	2	0	0	0	0	0	N	N	Y	N	N	N	N	N	N	N	N	N	1.1995	0.0000	4.4143	0.1675	0.0000	0.2077	1.4064	5.0086	3.6405	0.0000	26.6808	0.0010	0.0000	0.0228	5.9673	0.0000	30.7147	3.0351	0.0020	6.0441	0.0063	0.0035	0.1097	4.2430	0.0000	6.1324	inf	3108.5767	0.4070	0.1628	3.8106	1.6608	5.1657	6.0004	1.0011	0.0000	1.0011	0.0001	0.0000	0.0001	1.0010	0.0000	1.0010	0.9408	0.0003	0.9405	0.0006	0.0003	0.0003	0.9402	0.0000	0.9402	0.2750	0.2375	0.0375	0.1072	0.1023	0.0049	0.1677	0.1352	0.0326	0.3100	0.1544	0.1556	0.0884	0.0861	0.0023	0.2216	0.0683	0.1533	1.1995	0.0000	4.4143	0.1675	0.0000	0.2077	1.4064	0.0000	5.0086	3.0351	0.0020	6.0441	0.0063	0.0035	0.1097	4.2430	0.0000	6.1324	
34	58	0.1429	2	1	1	1	0	0	0	0	0	N	N	N	N	N	N	N	N	N	N	N	N	0.0008	0.5705	0.0000	0.7556	0.7759	0.0000	0.0000	0.0011	0.0012	0.0000	0.0029	0.0030	0.0000	0.0000	0.0000	0.0000	1.3996	0.0022	2.7952	0.0038	0.0039	0.0000	1.9560	0.0000	2.8389	0.0000	1296.5814	-0.0004	0.1030	3.8106	4.3392	5.1657	6.9996	0.0006	0.0006	0.0000	0.0006	0.0006	0.0000	0.0000	0.0000	0.0000	0.5969	0.0005	0.5964	0.0005	0.0005	0.0000	0.5964	0.0000	0.5964	0.5916	0.5122	0.0794	0.2206	0.2090	0.0116	0.3710	0.3032	0.0678	0.4265	0.2131	0.2134	0.1216	0.1183	0.0033	0.3049	0.0948	0.2101	0.0008	0.5705	0.0000	0.7556	0.7759	0.0000	0.0000	0.0000	0.0000	1.3996	0.0022	2.7952	0.0038	0.0039	0.0000	1.9560	0.0000	2.8389		
34	59	0.1429	2	1	1	2	0	0	0	0	0	N	N	Y	N	N	N	N	N	N	N	N	N	0.0038	0.5857	0.0100	0.9521	0.8072	inf	0.0027	0.0105	0.0024	0.0008	0.0125	0.0024	0.0021	0.0078	0.0024	0.0000	0.0133	0.6232	0.0014	1.2456	0.0025	0.0026	0.0000	0.8705	0.0000	1.2654	2.2816	868.9688	0.0002	0.0498	3.8106	5.6608	5.1657	7.0004	0.0017	0.0005	0.0012	0.0006	0.0005	0.0001	0.0011	0.0000	0.0011	0.2893	0.0003	0.2890	0.0003	0.0003	0.0000	0.2890	0.0000	0.2890	0.7287	0.6320	0.0968	0.2684	0.2540	0.0144	0.4603	0.3779	0.0824	0.4642	0.2322	0.2320	0.1323	0.1287	0.0036	0.3319	0.1036	0.2284	0.0038	0.5857	0.0100	0.9521	0.8072	inf	0.0027	0.0000	0.0105	0.6232	0.0014	1.2456	0.0025	0.0026	0.0000	0.8705	0.0000	1.2654	
34	60	0.1429	2	0	1	1	0	0	0	0	0	N	N	N	N	N	N	N	N	N	N	N	N	0.0000	0.0000	0.0000	0.0000	0.0000	0.0000	0.0000	0.0000	0.0000	0.0000	0.0000	0.0000	0.0000	0.0000	0.0000	3.1972	0.0000	6.3592	0.0057	0.0000	0.2270	4.4701	0.0000	6.4482	inf	0.0000	0.1392	3.8106	2.0000	5.1657	4.0000	0.0000	0.0000	0.0000	0.0000	0.0000	0.0000	0.0000	0.0000	0.0000	0.8031	0.0000	0.8031	0.0004	0.0000	0.0004	0.8026	0.0000	0.8026	0.3183	0.2749	0.0434	0.1230	0.1171	0.0059	0.1953	0.1578	0.0375	0.2512	0.1249	0.1263	0.0716	0.0698	0.0018	0.1796	0.0551	0.1245	0.0000	0.0000	0.0000	0.0000	0.0000	0.0000	0.0000	0.0000	0.0000	3.1972	0.0000	6.3592	0.0057	0.0000	0.2270	4.4701	0.0000	6.4482				
34	61	0.1429	2	1	0	2	0	0	0	0	0	N	N	Y	N	N	N	N	N	N	N	N	N	0.0162	0.8481	0.0000	1.1354	1.1670	0.0000	0.0000	0.0009	0.0010	0.0000	0.0025	0.0026	0.0000	0.0000	0.0000	0.0000	0.0559	0.0012	0.1105	0.0022	0.0022	0.0000	0.0773	0.0000	0.1122	0.0000	89.7756	-0.0004	0.0039	3.8106	5.3392	5.1657	6.0004	0.0006	0.0006	0.0000	0.0006	0.0006	0.0000	0.0000	0.0000	0.0000	0.0238	0.0003	0.0236	0.0003	0.0003	0.0000	0.0236	0.0000	0.0236	0.6964	0.6037	0.0927	0.2572	0.2435	0.0137	0.4392	0.3602	0.0790	0.4265	0.2131	0.2134	0.1216	0.1183	0.0033	0.3049	0.0948	0.2101	0.0162	0.8481	0.0000	1.1354	1.1670	0.0000	0.0000	0.0000	0.0000	0.0559	0.0012	0.1105	0.0022	0.0022	0.0000	0.0773	0.0000	0.1122		
34	62	0.1429	2	0	1	1	0	0	0	0	0	N	N	N	N	N	N	N	N	N	N	N	N	0.0083	0.0131	0.0029	0.0032	0.0032	0.3012	0.0117	0.0259	0.0030	0.0209	0.0226	0.0096	0.0098	0.0099	0.0067	0.0271	0.0306	0.0101	2.5144	1.7225	3.3194	3.0240	3.1182	0.0223	2.3118	1.1844	3.3779	0.0630	1.8957	-0.0112	-0.2916	3.8106	8.6608	5.1657	13.0004	0.0209	0.0197	0.0012	0.0035	0.0034	0.0001	0.0174	0.0163	0.0011	1.6956	0.5856	1.1100	0.5800	0.5799	0.0001	1.1156	0.0057	1.1099	1.0015	0.8718	0.1297	0.3606	0.3409	0.0197	0.6409	0.5309	0.1100	0.6744	0.3399	0.3344	0.1918	0.1860	0.0058	0.4826	0.1540	0.3286	0.0083	0.0131	0.0029	0.0032	0.0032	0.3012	0.0117	0.8336	0.0030	2.5144	1.7225	3.3194	3.0240	3.1182	0.0223	2.3118	0.0368	3.3779
34	63	0.2167	3	0	0	2	0	0	0	0	0	N	N	Y	N	N	N	N	N	N	N	N	N	0.0000	0.0000	0.0000	0.0000	0.0000	0.0003	0.0000	0.0000	0.0000	0.0000	0.0000	0.0000	0.0000	0.0000	0.0000	0.0000	0.0000	0.0982	0.0227	0.1897	0.0378	0.0383	0.0187	0.1282	0.0000	0.1928	inf	6.8967	0.0000	0.0003	3.8106	0.9961	5.1657	0.0337	0.0000	0.0000	0.0000	0.0000	0.0000	0.0000	0.0000	0.0000	0.0000	0.0059	0.0008	0.0052	0.0008	0.0008	0.0000	0.0052	0.0000	0.0052	0.1360	0.1135	0.0225	0.0352	0.0334	0.0018	0.1008	0.0801	0.0207	0.0604	0.0331	0.0273	0.0201	0.0196	0.0005	0.0403	0.0135	0.0268	0.0000	0.0000	0.0000	0.0000	0.0000	0.0003	0.0000	0.0000	0.0000	0.0982	0.0227	0.1897	0.0378	0.0383	0.0187	0.1282	0.0000	0.1928	
34	64	0.1429	2	0	0	2	0	0	0	0	0	N	N	Y	N	N	N	N	N	N	N	N	N	0.0005	0.0000	0.0027	0.0001	0.0000	0.0969	0.0008	0.0000	0.0028	0.0024	0.0000	0.0178	0.0007	0.0000	0.0132	0.0034	0.0000	0.0185	4.5795	2.6549	6.5028	4.6595	4.7858	0.1360	4.5477	0.0054	6.7325	32569.5514	2.4511	0.0005	-0.2325	3.8106	3.6648	5.1657	8.0029	0.0012	0.0000	0.0012	0.0001	0.0000	0.0001	0.0011	0.0000	0.0011	1.9970	0.5787	1.4183	0.5791	0.5786	0.0005	1.4179	0.0000	1.4179	0.5171	0.4473	0.0698	0.1943	0.1842	0.0100	0.3228	0.2631	0.0598	0.4361	0.2180	0.2181	0.1243	0.1209	0.0034	0.3118	0.0970	0.2147	0.0005	0.0000	0.0027	0.0001	0.0000	0.0969	0.0008	0.0000	0.0028	4.5795	2.6549	6.5028	4.6595	4.7858	0.1360	4.5477	0.0001	6.6029
34	65	0.1429	2	0	1	1	0	0	0	0	0	N	N	N	N	N	N	N	N	N	N	N	N	0.0006	0.0000	0.0022	0.1896	0.0000	5.2717	0.0006	0.0023	0.0015	0.0000	0.0114	0.0004	0.0000	0.0081	0.0021	0.0000	0.0120	2.5848	0.0013	5.2241	0.0023	0.0023	0.0015	3.6099	0.0000	5.3198	inf	4011.1435	0.0005	0.3264	3.8106	6.6608	5.1657	17.9996	0.0012	0.0000	0.0012	0.0001	0.0000	0.0001	0.0011	0.0000	0.0011	1.8857	0.0005	1.8852	0.0005	0.0005	0.0000	1.8852	0.0000	1.8852	0.8252	0.7165	0.1086	0.3015	0.2852	0.0163	0.5237	0.4313	0.0923	0.7295	0.3687	0.3609	0.2073	0.2008	0.0065	0.5222	0.1679	0.3544	0.0006	0.0000	0.0022	0.1896	0.0000	5.2717	0.0006	0.0000	0.0023	2.5848	0.0013	5.2241	0.0023	0.0023	0.0015	3.6099	0.0000	5.3198	
34	66	0.1429	2	0	1	1	1	0	0	0	0	N	N	N	N	N	N	N	N	N	N	N	N	0.0004	0.0008	0.0001	0.0011	0.0011	0.0695	0.0000	0.0000	0.0017	0.0019	0.0003	0.0045	0.0047	0.0015	0.0000	0.0000	0.0001	4.1349	2.3971	5.8766	4.2113	4.3308	0.0210	4.1044	0.0000	5.9707	0.0263	2.4461	-0.0007	-0.2332	3.8106	5.3392	5.1657	7.9996	0.0012	0.0011	0.0000	0.0012	0.0011	0.0000	0.0000	0.0000	0.0000	1.9964	0.5793	1.4171	0.5794	0.5793	0.0001	1.4170	0.0000	1.4170	0.6964	0.6037	0.0927	0.2572	0.2435	0.0137	0.4392	0.3602	0.0790	0.4828	0.2417	0.2411	0.1376	0.1338	0.0038	0.3452	0.1079	0.2373	0.0004	0.0008	0.0001	0.0011	0.0011	0.0695	0.0000	0.0000	0.0000	4.1349	2.3971	5.8766	4.2113	4.3308	0.0210	4.1044	0.0000	5.9707	
34	67	0.1429	2	0	1	1	0	0	0	0	0	N	N	N	N	N	N	N	N	N	N	N	N	0.2246	0.3367	0.0000	1094.9701	4638.6519	0.0000	0.0000	0.0000	0.0000	0.8688	1.0010	0.0000	2.3720	2.5071	0.0000	0.0000	0.0000	0.0000	3.8682	2.9725	4.7690	0.0022	0.0005	0.0578	5.4081	6.6341	4.8466	0.0000	1.5952	-0.4098	-0.4385	3.8106	6.3392	5.1657	8.9996	0.6906	0.6906	0.0000	0.6906	0.6906	0.0000	0.0000	0.0000	0.0000	2.0686	0.7971	1.2715	0.0003	0.0001	0.0003	2.0682	0.7970	1.2713	0.7948	0.6899	0.1049	0.2911	0.2754	0.0157	0.5037	0.4145	0.0892	0.5348	0.2681	0.2666	0.1523	0.1480	0.0043	0.3824	0.1201	0.2623	0.2246	0.3367	0.0000	1094.9701	4638.6519	0.0000	0.0000	0.0000	0.0000	3.8682	2.9725	4.7690	0.0022	0.0005	0.0578	5.4081	6.6341	4.8466
34	68	0.1429	2	0	1	1	0	0	0	0	0	N	N	N	N	N	N	N	N	N	N	N	N	0.0012	0.0000	0.0046	0.1171	0.0000	0.1338	0.0013	0.0048	0.0020	0.0000	0.0148	0.0006	0.0000	0.0108	0.0028	0.0000	0.0155	1.6044	0.0015	3.2032	0.0049	0.0028	0.0805	2.2421	0.0000	3.2517	inf	2084.7971	0.0005	0.1127	3.8106	4.6608	5.1657	6.0004	0.0012	0.0000	0.0012	0.0001	0.0000	0.0001	0.0011	0.0000	0.0011	0.6519	0.0003	0.6516	0.0006	0.0003	0.0003	0.6513	0.0000	0.6513	0.6261	0.5422	0.0838	0.2327	0.2204	0.0123	0.3934	0.3218	0.0715	0.4063	0.2029	0.2034	0.1158	0.1127	0.0031	0.2905	0.0902	0.2003	0.0012	0.0000	0.0046	0.1171	0.0000	0.1338	0.0013	0.0000	0.0048	1.6044	0.0015	3.2032	0.0049	0.0028	0.0805	2.2421	0.0000	3.2517	
34	69	0.1688	3	0	1	1	0	0	0	0	0	N	N	N	N	N	N	N	N	N	N	N	N	0.0009	0.1060	0.0003	0.1618	0.1558	6.1717	0.0000	0.0000	0.0001	0.0007	0.0008	0.0005	0.0016	0.0015	0.0025	0.0000	0.0000	0.0001	0.8420	0.0074	1.7658	0.0098	0.0099	0.0004	1.3988	0.0019	1.7844	0.0871	214.4549	-0.0002	0.0651	3.8106	3.0720	5.1657	3.7333	0.0004	0.0004	0.0000	0.0004	0.0004	0.0000	0.0000	0.0000	0.0000	0.3857	0.0018	0.3839	0.0018	0.0018	0.0000	0.3839	0.0000	0.3839	0.5868	0.5102	0.0766	0.2726	0.2616	0.0110	0.3142	0.2486	0.0656	0.4581	0.2407	0.2174	0.1836	0.1814	0.0023	0.2745	0.0593	0.2152	0.0009	0.1060	0.0003	0.1618	0.1558	6.1717	0.0000	0.0138	0.0001	0.8420	0.0074	1.7658	0.0098	0.0099	0.0004	1.3988	0.0000	1.7844
34	70	0.1429	2	0	1	1	0	0	0	0	0	N	N	N	N	N	N	N	N	N	N	N	N	0.0027	0.1464	0.0031	0.2472	0.2419	17.0771	0.0010	0.0002	0.0032	0.0030	0.0024	0.0069	0.0053	0.0053	0.0049	0.0015	0.0002	0.0072	1.1243	0.0162	2.2180	0.0214	0.0219	0.0003	1.5643	0.7768	2.2497	0.4613	138.3237	-0.0002	0.0397	3.8106	1.5925	5.1657	3.3727	0.0008	0.0005	0.0003	0.0005	0.0005	0.0000	0.0002	0.0000	0.0002	0.2388	0.0017	0.2371	0.0013	0.0013	0.0000	0.2375	0.0004	0.2371	0.2661	0.2298	0.0363	0.1040	0.0993	0.0047	0.1621	0.1305	0.0316	0.2124	0.1055	0.1069	0.0606	0.0591	0.0015	0.1518	0.0464	0.1054	0.0027	0.1464	0.0031	0.2472	0.2419	17.0771	0.0010	0.0172	0.0032	1.1243	0.0162	2.2180	0.0214	0.0219	0.0003	1.5643	0.0090	2.2497
34	71	0.1429	2	0	1	1	0	0	0	0	0	N	N	N	N	N	N	N	N	N	N	N	N	0.3220	846.1255	0.0022	606.2403	1158.1239	0.1366	0.0006	0.0022	0.9485	1.0917	0.0128	2.5709	2.7158	0.0092	0.0024	0.0000	0.0134	2.9451	0.0013	5.9175	0.0042	0.0023	0.0674	4.1158	0.0000	6.0167	0.0018	4542.0966	-0.4090	0.3009	3.8106	5.6608	5.1657	12.0004	0.6912	0.6899	0.0012	0.6901	0.6899	0.0001	0.0011	0.0000	0.0011	1.7379	0.0004	1.7375	0.0007	0.0004	0.0003	1.7372	0.0000	1.7372	0.7287	0.6320	0.0968	0.2684	0.2540	0.0144	0.4603	0.3779	0.0824	0.5901	0.2965	0.2936	0.1680	0.1631	0.0049	0.4221	0.1334	0.2887	0.3220	846.1255	0.0022	606.2403	1158.1239	0.1366	0.0006	0.0000	0.0022	2.9451	0.0013	5.9175	0.0042	0.0023	0.0674	4.1158	0.0000	6.0167	
34	73	0.1429	2	1	1	1	1	0	0	0	0	N	N	N	N	N	N	N	N	N	N	N	N	0.0007	0.0009	0.0000	0.0012	0.0012	0.0000	0.0000	0.0000	0.0018	0.0021	0.0000	0.0048	0.0051	0.0000	0.0000	0.0000	0.0000	2.7495	2.2722	3.2288	3.9959	4.1107	0.0196	2.2529	0.0000	3.2811	0.0000	1.4154	-0.0005	-0.3370	3.8106	3.3392	5.1657	11.0004	0.0009	0.0009	0.0000	0.0009	0.0009	0.0000	0.0000	0.0000	0.0000	1.4004	0.5798	0.8206	0.5799	0.5798	0.0001	0.8206	0.0000	0.8206	0.4799	0.4150	0.0649	0.1810	0.1718	0.0093	0.2989	0.2432	0.0557	0.5093	0.2552	0.2542	0.1451	0.1410	0.0041	0.3642	0.1141	0.2501	0.0007	0.0009	0.0000	0.0012	0.0012	0.0000	0.0000	0.0000	0.0000	2.7495	2.2722	3.2288	3.9959	4.1107	0.0196	2.2529	0.0000	3.2811	
34	74	0.1429	2	0	1	1	1	0	0	0	0	N	N	N	N	N	N	N	N	N	N	N	N	0.0009	0.8382	0.0000	0.9801	1.1652	0.0000	0.0000	0.0000	0.0017	0.0020	0.0000	0.0048	0.0050	0.0000	0.0000	0.0000	0.0000	1.9253	0.0024	3.8457	0.0049	0.0043	0.0243	2.6909	0.0000	3.9055	0.0000	1601.1126	-0.0008	0.1418	3.8106	6.3392	5.1657	5.0004	0.0014	0.0014	0.0000	0.0014	0.0014	0.0000	0.0000	0.0000	0.0000	0.8212	0.0005	0.8206	0.0006	0.0005	0.0001	0.8206	0.0000	0.8206	0.7948	0.6899	0.1049	0.2911	0.2754	0.0157	0.5037	0.4145	0.0892	0.4265	0.2131	0.2134	0.1216	0.1183	0.0033	0.3049	0.0948	0.2101	0.0009	0.8382	0.0000	0.9801	1.1652	0.0000	0.0000	0.0000	0.0000	1.9253	0.0024	3.8457	0.0049	0.0043	0.0243	2.6909	0.0000	3.9055	
34	75	0.2132	3	0	1	1	0	0	0	0	0	N	N	N	N	N	N	N	N	N	N	N	N	0.0000	0.0010	0.0000	0.0016	0.0017	0.0000	0.0000	0.0000	0.0000	0.0000	0.0000	0.0000	0.0000	0.0000	0.0000	0.0000	0.0000	0.0000	2.0949	0.0147	4.4316	0.0164	0.0162	0.0331	4.0531	0.0018	4.4744	0.0053	268.1468	-0.0000	0.0767	3.8106	0.0009	5.1657	1.7419	0.0000	0.0000	0.0000	0.0000	0.0000	0.0000	0.0000	0.0000	0.0000	0.4521	0.0017	0.4504	0.0017	0.0017	0.0000	0.4504	0.0000	0.4504	0.0121	0.0117	0.0004	0.0064	0.0063	0.0001	0.0057	0.0054	0.0003	0.2158	0.1142	0.1016	0.1047	0.1037	0.0010	0.1111	0.0105	0.1007	0.0000	0.0010	0.0000	0.0016	0.0017	0.0000	0.0000	0.0000	0.0000	2.0949	0.0147	4.4316	0.0164	0.0162	0.0331	4.0531	0.0000	4.4744
34	76	0.1429	2	0	1	1	0	0	0	0	0	N	N	N	N	N	N	N	N	N	N	N	N	0.0003	0.0005	0.0000	0.0007	0.0007	0.0001	0.0000	0.0014	0.0000	0.0012	0.0013	0.0000	0.0031	0.0033	0.0000	0.0000	0.0000	0.0000	3.5968	2.6935	4.4991	4.7224	4.8532	0.0240	3.1481	0.0180	4.5693	0.0003	1.6722	-0.0005	-0.3103	3.8106	6.1537	5.1657	5.2905	0.0009	0.0009	0.0000	0.0009	0.0009	0.0000	0.0000	0.0000	0.0000	1.5451	0.5782	0.9669	0.5782	0.5781	0.0001	0.9669	0.0001	0.9668	0.7770	0.6743	0.1027	0.2850	0.2697	0.0153	0.4920	0.4046	0.0874	0.4296	0.2147	0.2149	0.1224	0.1191	0.0033	0.3071	0.0955	0.2116	0.0003	0.0005	0.0000	0.0007	0.0007	0.0001	0.0000	0.0257	0.0000	3.5968	2.6935	4.4991	4.7224	4.8532	0.0240	3.1481	0.0010	4.5693
34	77	0.1429	2	0	0	2	1	0	0	0	0	N	N	Y	N	N	N	N	N	N	N	N	N	0.0005	0.6806	0.0001	0.7987	0.9352	0.0647	0.0000	0.0000	0.0013	0.0014	0.0003	0.0035	0.0036	0.0015	0.0000	0.0000	0.0001	2.4384	0.0021	4.8759	0.0043	0.0038	0.0225	3.4087	0.0000	4.9529	0.0345	2299.5021	-0.0005	0.1920	3.8106	5.3392	5.1657	7.0004	0.0009	0.0009	0.0000	0.0009	0.0009	0.0000	0.0000	0.0000	0.0000	1.1101	0.0005	1.1096	0.0006	0.0005	0.0001	1.1095	0.0000	1.1095	0.6964	0.6037	0.0927	0.2572	0.2435	0.0137	0.4392	0.3602	0.0790	0.4552	0.2277	0.2276	0.1297	0.1262	0.0036	0.3255	0.1015	0.2240	0.0005	0.6806	0.0001	0.7987	0.9352	0.0647	0.0000	0.0000	0.0000	2.4384	0.0021	4.8759	0.0043	0.0038	0.0225	3.4087	0.0000	4.9529	
34	78	0.1429	2	0	0	2	1	0	0	0	0	N	N	Y	N	N	N	N	N	N	N	N	N	0.0005	0.0875	0.0000	0.1180	0.1211	0.0648	0.0000	0.0000	0.0018	0.0020	0.0003	0.0048	0.0050	0.0013	0.0000	0.0000	0.0001	3.3612	0.0230	6.8459	0.0411	0.0417	0.0196	4.6841	0.0000	7.3957	0.0216	290.1424	-0.0008	0.2909	3.8106	6.3392	5.1657	7.9996	0.0014	0.0014	0.0000	0.0014	0.0014	0.0000	0.0000	0.0000	0.0000	1.7119	0.0059	1.7060	0.0060	0.0059	0.0001	1.7060	0.0000	1.7060	0.7948	0.6899	0.1049	0.2911	0.2754	0.0157	0.5037	0.4145	0.0892	0.5093	0.2552	0.2542	0.1451	0.1410	0.0041	0.3642	0.1141	0.2501	0.0005	0.0875	0.0000	0.1180	0.1211	0.0648	0.0000	0.0000	0.0000	3.3612	0.0230	6.7127	0.0411	0.0417	0.0196	4.6841	0.0000	6.8217	
34	79	0.1429	2	0	1	1	0	0	0	0	0	N	N	N	N	N	N	N	N	N	N	N	N	0.0024	0.8380	0.0000	1.0513	1.0716	0.0000	0.0000	0.0027	0.0031	0.0000	0.0068	0.0071	0.0000	0.0000	0.0000	0.0000	1.0983	0.0037	2.1817	0.0064	0.0066	0.0000	1.5339	0.0000	2.2135	0.0000	598.8474	-0.0004	0.0497	3.8106	1.3392	5.1657	5.0004	0.0006	0.0006	0.0000	0.0006	0.0006	0.0000	0.0000	0.0000	0.0000	0.2895	0.0005	0.2890	0.0005	0.0005	0.0000	0.2890	0.0000	0.2890	0.2330	0.2012	0.0318	0.0920	0.0879	0.0040	0.1410	0.1133	0.0277	0.2635	0.1311	0.1325	0.0751	0.0732	0.0019	0.1884	0.0578	0.1306	0.0024	0.8380	0.0000	1.0513	1.0716	0.0000	0.0000	0.0000	0.0000	1.0983	0.0037	2.1817	0.0064	0.0066	0.0000	1.5339	0.0000	2.2135		
34	80	0.1429	2	1	1	1	0	0	0	0	0	N	N	N	N	N	N	N	N	N	N	N	N	0.0006	1.1573	0.0001	1.6168	1.6226	inf	0.0000	0.0000	0.0009	0.0010	0.0002	0.0025	0.0026	0.0010	0.0000	0.0000	0.0001	1.5021	0.0009	3.0196	0.0016	0.0016	0.0000	2.0992	0.0000	3.0712	0.0345	3366.5461	-0.0005	0.1574	3.8106	8.3392	5.1657	9.9996	0.0009	0.0009	0.0000	0.0009	0.0009	0.0000	0.0000	0.0000	0.0000	0.9092	0.0003	0.9090	0.0003	0.0003	0.0000	0.9090	0.0000	0.9090	0.9745	0.8480	0.1265	0.3517	0.3325	0.0192	0.6229	0.5155	0.1073	0.6053	0.3043	0.3010	0.1723	0.1673	0.0051	0.4330	0.1370	0.2960	0.0006	1.1573	0.0001	1.6168	1.6226	inf	0.0000	0.0000	0.0000	1.5021	0.0009	3.0196	0.0016	0.0016	0.0000	2.0992	0.0000	3.0712	
35	37	0.1437	3	1	0	1	0	0	0	0	0	N	N	N	N	N	N	N	N	N	N	N	N	0.2997	19.0358	0.0007	17.5251	22.0186	0.0000	0.0003	0.0073	0.0007	0.3281	0.4173	0.0013	1.5711	1.5829	0.0000	0.0004	0.0000	0.0013	1.0947	0.0219	1.9908	0.0896	0.0719	0.4590	1.2649	0.0068	2.0097	0.0009	108.7162	-0.1326	0.0668	6.2373	2.3426	6.2260	5.0131	0.2238	0.2236	0.0002	0.2236	0.2236	0.0000	0.0002	0.0000	0.0002	0.4069	0.0037	0.4032	0.0048	0.0037	0.0011	0.4020	0.0000	0.4020	0.6822	0.5359	0.1463	0.1423	0.1413	0.0011	0.5399	0.3947	0.1452	0.3717	0.1692	0.2025	0.0538	0.0514	0.0025	0.3179	0.1178	0.2000	0.2997	19.0358	0.0007	17.5251	22.0186	0.0000	0.0003	0.3630	0.0007	1.0947	0.0219	1.9908	0.0896	0.0719	0.4590	1.2649	0.0001	2.0097
35	38	0.1159	2	1	0	1	0	0	0	0	0	N	N	N	N	N	N	N	N	N	N	N	N	0.2212	0.3234	0.3262	0.4721	0.4688	0.0000	0.1440	0.0001	0.3266	0.4225	0.2684	0.9941	1.0402	1.0483	0.0000	0.2650	0.0001	1.0014	1.9100	0.8300	3.0476	2.2032	2.2362	0.1628	1.8402	0.7481	3.0658	0.9987	3.4853	-0.0278	-0.0323	6.2373	2.4564	6.2260	2.5086	0.2959	0.1481	0.1479	0.1480	0.1480	0.0000	0.1479	0.0000	0.1479	0.6521	0.1454	0.5067	0.1446	0.1444	0.0002	0.5075	0.0010	0.5065	0.7004	0.5516	0.1488	0.1423	0.1412	0.0011	0.5581	0.4104	0.1477	0.3414	0.1751	0.1663	0.0656	0.0646	0.0010	0.2758	0.1106	0.1652	0.2212	0.3234	0.3262	0.4721	0.4688	0.0000	0.1440	0.0108	0.3266	1.9100	0.8300	3.0476	2.2032	2.2362	0.1628	1.8402	0.0086	3.0658
35	41	0.1137	2	1	0	1	0	0	0	0	0	N	N	N	N	N	N	N	N	N	N	N	N	0.0004	0.4755	0.0000	0.9721	0.9930	0.0000	inf	0.0000	0.0011	0.0013	0.0000	0.0091	0.0093	0.0000	0.0000	0.0000	0.0000	2.7896	0.0027	5.2475	0.0093	0.0094	0.0000	3.2250	0.0000	5.2537	0.0009	2203.9208	-0.0003	0.1790	6.2373	1.9694	6.2260	5.1440	0.0005	0.0005	0.0000	0.0005	0.0005	0.0000	0.0000	0.0000	0.0000	1.0350	0.0005	1.0345	0.0005	0.0005	0.0000	1.0345	0.0000	1.0345	0.4280	0.3649	0.0631	0.0516	0.0503	0.0013	0.3764	0.3147	0.0618	0.3710	0.1739	0.1971	0.0502	0.0500	0.0002	0.3208	0.1239	0.1969	0.0004	0.4755	0.0000	0.9721	0.9930	0.0000	0.0000	inf	0.0000	2.7896	0.0027	5.2475	0.0093	0.0094	0.0000	3.2250	0.0000	5.2537	
35	45	0.1159	2	1	1	1	0	0	0	0	0	N	N	N	N	N	N	N	N	N	N	N	N	0.1047	0.2332	0.0003	0.2113	0.2075	0.0002	inf	0.0003	0.4449	0.5870	0.0016	1.6692	1.6769	0.0000	0.0006	0.0001	0.0016	4.2497	2.5166	5.9144	7.9008	8.0826	0.0000	3.5746	0.0000	5.9554	0.0009	2.4467	-0.1327	-0.2070	6.2373	1.3391	6.2260	5.8433	0.2239	0.2237	0.0002	0.2237	0.2237	0.0000	0.0002	0.0000	0.0002	1.7726	0.5143	1.2583	0.5143	0.5143	0.0000	1.2583	0.0000	1.2583	0.5034	0.3812	0.1222	0.1340	0.1334	0.0006	0.3693	0.2478	0.1216	0.4171	0.2044	0.2128	0.0651	0.0636	0.0015	0.3520	0.1407	0.2113	0.1047	0.2332	0.0003	0.2113	0.2075	0.0000	0.0002	inf	0.0003	4.2497	2.5166	5.9144	7.9008	8.0826	0.0000	3.5746	0.0000	5.9554	
35	47	0.1210	2	1	1	1	0	0	0	0	0	N	N	N	N	N	N	N	N	N	N	N	N	0.0323	0.1737	0.1094	0.0004	0.0004	inf	0.0329	inf	0.1103	0.0063	0.0010	0.0368	0.0000	0.0000	0.0001	0.0067	0.0010	0.0372	0.1961	0.0056	0.3366	0.0540	0.0548	0.0000	0.2027	0.0000	0.3369	6.6393	81.2185	0.0010	0.0063	6.2373	3.0001	6.2260	1.0598	0.0035	0.0005	0.0031	0.0000	0.0000	0.0000	0.0035	0.0005	0.0031	0.0394	0.0005	0.0389	0.0005	0.0005	0.0000	0.0389	0.0000	0.0389	0.5546	0.4716	0.0830	0.0271	0.0263	0.0008	0.5276	0.4453	0.0822	0.2008	0.0852	0.1156	0.0089	0.0087	0.0001	0.1919	0.0765	0.1154	0.0323	0.1737	0.1094	0.0004	0.0004	inf	0.0329	inf	0.1103	0.1961	0.0056	0.3366	0.0540	0.0548	0.0000	0.2027	0.0000	0.3369
35	51	0.1117	2	0	1	1	0	0	0	0	0	N	N	N	N	N	N	N	N	N	N	N	N	0.6963	0.0867	1.9322	1.1024	0.0594	1.8212	0.8567	0.0147	1.9802	0.4042	0.0006	2.0329	0.0536	0.0012	1.2089	0.5753	0.0001	2.0965	0.5805	0.0065	1.0521	0.0486	0.0206	0.6638	0.6715	0.0092	1.0587	899.6920	198.1689	0.1131	0.0208	6.2373	2.4249	6.2260	2.1457	0.2789	0.0003	0.2785	0.0121	0.0003	0.0119	0.2667	0.0000	0.2667	0.1234	0.0006	0.1228	0.0015	0.0006	0.0009	0.1219	0.0000	0.1219	0.6899	0.5529	0.1370	0.2263	0.2165	0.0098	0.4636	0.3364	0.1272	0.2126	0.0959	0.1167	0.0311	0.0295	0.0016	0.1815	0.0664	0.1151	0.6963	0.0867	1.9322	1.1024	0.0594	2.1169	0.8567	0.6767	1.9802	0.5805	0.0065	1.0521	0.0486	0.0206	0.5711	0.6715	0.0002	1.0587
35	54	0.1273	2	1	1	0	0	0	0	0	0	N	N	N	N	N	N	N	N	N	N	N	N	0.0066	0.1116	0.0240	0.1925	0.1245	inf	0.0062	0.0000	0.0268	0.0031	0.0005	0.0221	0.0021	0.0014	0.0125	0.0037	0.0000	0.0247	0.4643	0.0049	0.9200	0.0109	0.0109	0.0000	0.5919	0.0105	0.9213	5.3595	188.3873	0.0003	0.0130	6.2373	2.0079	6.2260	2.2027	0.0012	0.0002	0.0010	0.0003	0.0002	0.0001	0.0009	0.0000	0.0009	0.0774	0.0004	0.0770	0.0004	0.0004	0.0000	0.0770	0.0000	0.0770	0.3810	0.3362	0.0449	0.1453	0.1358	0.0096	0.2357	0.2004	0.0353	0.1668	0.0831	0.0837	0.0366	0.0365	0.0001	0.1301	0.0465	0.0836	0.0066	0.1116	0.0240	0.1925	0.1245	inf	0.0062	0.0008	0.0268	0.4643	0.0049	0.9200	0.0109	0.0109	0.0000	0.5919	0.0002	0.9213
35	63	0.1550	2	0	0	1	0	0	0	0	0	N	N	N	N	N	N	N	N	N	N	N	N	0.0030	0.0007	0.0092	0.0326	0.0013	0.1420	0.0023	0.0000	0.0076	0.0005	0.0000	0.0035	0.0002	0.0000	0.0040	0.0006	0.0000	0.0034	0.1772	0.0004	0.3771	0.0070	0.0007	0.0279	0.2688	0.0049	0.4497	2179.4941	870.6021	0.0000	0.0014	6.2373	0.9961	6.2260	0.0337	0.0001	0.0000	0.0001	0.0000	0.0000	0.0000	0.0001	0.0000	0.0001	0.0080	0.0000	0.0080	0.0001	0.0000	0.0001	0.0079	0.0000	0.0079	0.1888	0.1602	0.0286	0.0440	0.0415	0.0025	0.1447	0.1187	0.0261	0.0450	0.0239	0.0211	0.0157	0.0121	0.0036	0.0292	0.0118	0.0175	0.0030	0.0007	0.0092	0.0326	0.0013	0.1420	0.0023	0.0011	0.0076	0.1772	0.0004	0.3771	0.0070	0.0007	0.0279	0.2688	0.0001	0.4497
35	69	0.1071	2	0	1	0	0	0	0	0	0	N	N	N	N	N	N	N	N	N	N	N	N	0.0433	7.6469	0.0001	6.6831	10.5086	0.0000	0.0000	inf	0.0001	0.1432	0.1729	0.0007	0.5184	0.5265	0.0000	0.0002	0.0000	0.0007	3.3093	0.0226	6.2855	0.0776	0.0501	12.4172	4.1940	0.0000	6.2799	0.0009	307.0309	-0.0818	0.2479	6.2373	3.0720	6.2260	3.7333	0.1381	0.1380	0.0001	0.1379	0.1379	0.0000	0.0001	0.0000	0.0001	1.4572	0.0047	1.4524	0.0073	0.0047	0.0026	1.4498	0.0000	1.4498	0.9640	0.7980	0.1660	0.2661	0.2620	0.0041	0.6979	0.5360	0.1619	0.4403	0.2093	0.2311	0.0946	0.0944	0.0002	0.3457	0.1148	0.2309	0.0433	7.6469	0.0001	6.6831	10.5086	0.0000	0.0000	inf	0.0001	3.3093	0.0226	6.2855	0.0776	0.0501	12.4172	4.1940	0.0000	6.2799
35	75	0.1515	2	0	1	0	0	0	0	0	0	N	N	N	N	N	N	N	N	N	N	N	N	0.0026	1.8124	0.0000	0.5447	0.5677	0.0000	0.0027	0.5969	0.0001	0.0065	0.0067	0.0002	0.0026	0.0026	0.0000	0.0108	0.0113	0.0003	2.4624	0.0037	5.1387	0.0047	0.0046	0.0135	4.0124	0.0190	5.1904	0.0009	1276.1851	-0.0001	0.0536	6.2373	0.0009	6.2260	1.7419	0.0001	0.0001	0.0000	0.0000	0.0000	0.0000	0.0001	0.0001	0.0000	0.3105	0.0002	0.3102	0.0002	0.0002	0.0000	0.3103	0.0000	0.3102	0.0195	0.0189	0.0006	0.0102	0.0100	0.0002	0.0093	0.0088	0.0004	0.1261	0.0657	0.0604	0.0488	0.0482	0.0006	0.0773	0.0176	0.0598	0.0026	1.8124	0.0000	0.5447	0.5677	0.0000	0.0027	9.9409	0.0001	2.4624	0.0037	5.1387	0.0047	0.0046	0.0135	4.0124	0.0011	5.1904
36	37	0.1312	3	1	1	1	0	0	0	0	0	N	N	N	N	N	N	N	N	N	N	N	N	1.6068	21.0277	0.0000	19.7037	18.9100	0.0000	0.0000	0.4390	0.5865	0.0000	1.7354	1.7442	0.0000	0.0000	0.0000	0.0000	0.2732	0.0279	0.4772	0.0881	0.0922	0.0000	0.3043	0.0000	0.4829	0.0000	20.5738	-0.1337	0.0118	3.6608	2.3426	7.3397	5.0131	0.2253	0.2253	0.0000	0.2253	0.2253	0.0000	0.0000	0.0000	0.0000	0.0929	0.0043	0.0886	0.0043	0.0043	0.0000	0.0886	0.0000	0.0886	0.5131	0.3841	0.1291	0.1298	0.1291	0.0007	0.3833	0.2549	0.1284	0.3400	0.1544	0.1856	0.0489	0.0467	0.0022	0.2911	0.1077	0.1834	1.6068	21.0277	0.0000	19.7037	18.9100	0.0000	0.0000	0.0000	0.0000	0.2732	0.0279	0.4772	0.0881	0.0922	0.0000	0.3043	0.0000	0.4829		
36	38	0.1034	2	1	1	1	0	0	0	0	0	N	N	N	N	N	N	N	N	N	N	N	N	0.1933	17.0126	0.1898	286.6122	283.5618	0.1043	0.0042	0.1896	0.5665	0.3788	1.1333	1.1398	1.1457	0.0000	0.3779	0.0049	1.1392	2.9309	0.0223	5.9700	0.0040	0.0040	0.0000	3.6221	1.1488	6.0069	0.9906	256.5990	-0.0285	0.1548	3.6608	2.4564	7.3397	2.5086	0.2974	0.1494	0.1480	0.1481	0.1481	0.0000	0.1493	0.0013	0.1480	0.9137	0.0035	0.9101	0.0002	0.0002	0.0000	0.9134	0.0033	0.9101	0.5251	0.3945	0.1306	0.1300	0.1293	0.0007	0.3951	0.2652	0.1299	0.3117	0.1593	0.1524	0.0596	0.0586	0.0009	0.2522	0.1007	0.1515	0.1933	17.0126	0.1898	286.6122	283.5618	0.0000	0.1043	0.1480	0.1896	2.9309	0.0223	5.9700	0.0040	0.0040	0.0000	3.6221	0.0329	6.0069	
36	41	0.1011	2	1	1	1	0	0	0	0	0	N	N	N	N	N	N	N	N	N	N	N	N	2.1918	1.2099	2.1605	2.1953	0.0016	0.0019	0.0000	0.0118	0.0120	0.0000	0.0000	0.0000	0.0000	0.0007	0.0016	0.0000	0.0055	0.0055	0.0000	0.0000	0.0000	0.0000	0.0000	0.0000	-0.0003	-0.0002	3.6608	1.9694	7.3397	5.1440	0.0005	0.0005	0.0000	0.0005	0.0005	0.0000	0.0000	0.0000	0.0000	0.0003	0.0003	0.0000	0.0003	0.0003	0.0000	0.0000	0.0000	0.0000	0.2869	0.2436	0.0433	0.0398	0.0390	0.0008	0.2471	0.2047	0.0425	0.3400	0.1594	0.1806	0.0465	0.0463	0.0002	0.2935	0.1131	0.1804	2.1918	1.2099	0.0000	2.1605	2.1953	0.0000	0.0000	0.0000	0.0000	0.0007	0.0016	0.0000	0.0055	0.0055	0.0000	0.0000	0.0000	0.0000					
36	45	0.1034	2	1	2	1	0	0	0	0	0	N	Y	N	N	N	N	N	N	N	N	N	N	85.6813	58.7309	42.7373	41.9144	0.5649	0.7931	0.0000	1.8179	1.8234	0.0000	0.0000	0.0000	0.0000	0.0066	0.0135	0.0000	0.0425	0.0435	0.0000	0.0000	0.0000	0.0000	0.0000	0.0000	-0.1330	-0.0021	3.6608	1.3391	7.3397	5.8433	0.2241	0.2241	0.0000	0.2241	0.2241	0.0000	0.0000	0.0000	0.0000	0.0025	0.0025	0.0000	0.0025	0.0025	0.0000	0.0000	0.0000	0.0000	0.3967	0.2825	0.1142	0.1233	0.1229	0.0004	0.2734	0.1596	0.1138	0.3809	0.1859	0.1949	0.0590	0.0577	0.0013	0.3219	0.1282	0.1936	85.6813	58.7309	0.0000	42.7373	41.9144	0.0000	0.0000	0.0000	0.0000	0.0066	0.0135	0.0000	0.0425	0.0435	0.0000	0.0000	0.0000	0.0000					
36	47	0.1084	2	1	2	1	0	0	0	0	0	N	Y	N	N	N	N	N	N	N	N	N	N	3.5895	0.0000	2416.6915	0.0000	0.0000	655.1350	2435.3377	0.0014	0.0000	0.0094	0.0000	0.0000	0.0000	0.0015	0.0000	0.0095	0.0004	0.0009	0.0000	0.0091	0.0092	0.0000	0.0000	0.0000	0.0000	inf	0.0056	0.0002	-0.0001	3.6608	3.0001	7.3397	1.0598	0.0005	0.0000	0.0005	0.0000	0.0000	0.0000	0.0005	0.0000	0.0005	0.0001	0.0001	0.0000	0.0001	0.0001	0.0000	0.0000	0.0000	0.0000	0.3665	0.3106	0.0560	0.0240	0.0235	0.0005	0.3426	0.2871	0.0555	0.1837	0.0779	0.1058	0.0081	0.0080	0.0001	0.1756	0.0699	0.1057	3.5895	0.0000	2416.6915	0.0000	0.0000	0.0000	655.1350	0.0000	2435.3377	0.0004	0.0009	0.0000	0.0091	0.0092	0.0000	0.0000	0.0000	0.0000		
36	51	0.0991	2	0	2	1	0	0	0	0	0	N	Y	N	N	N	N	N	N	N	N	N	N	789.1560	0.0000	438143.8224	13.5007	0.0000	inf	243216.7383	441528.8200	0.5322	0.0000	2.2430	0.0623	0.0000	1.5276	0.8013	0.0000	2.2907	0.0007	0.0015	0.0000	0.0046	0.0049	0.0000	0.0000	0.0000	0.0000	inf	0.0042	0.1134	-0.0001	3.6608	2.4249	7.3397	2.1457	0.2791	0.0000	0.2791	0.0119	0.0000	0.0119	0.2672	0.0000	0.2672	0.0001	0.0001	0.0000	0.0001	0.0001	0.0000	0.0000	0.0000	0.0000	0.5243	0.3999	0.1244	0.1909	0.1831	0.0078	0.3334	0.2168	0.1166	0.1938	0.0872	0.1066	0.0282	0.0268	0.0014	0.1656	0.0604	0.1052	789.1560	0.0000	438143.8224	13.5007	0.0000	inf	243216.7383	0.0000	441528.8200	0.0007	0.0015	0.0000	0.0046	0.0049	0.0000	0.0000	0.0000	0.0000	
36	54	0.1147	2	1	2	0	0	0	0	0	0	N	Y	N	N	N	N	N	N	N	N	N	N	1.1617	0.6556	inf	0.1315	0.0973	inf	1.5057	0.6329	inf	7.8211	8.8588	0.0330	0.0039	0.0029	0.0190	13.0273	15.4055	0.0367	6.7326	13.5130	0.0000	0.0294	0.0295	0.0000	8.6522	24.3406	0.0000	0.0005	0.0000	-1.1845	-0.8431	3.6608	2.0079	7.3397	2.2027	1.9975	1.9965	0.0010	0.0004	0.0003	0.0001	1.9971	1.9962	0.0009	1.0199	1.0199	0.0000	0.0010	0.0010	0.0000	1.0189	1.0189	0.0000	0.2554	0.2254	0.0300	0.1021	0.0958	0.0063	0.1533	0.1296	0.0237	0.1515	0.0755	0.0760	0.0337	0.0336	0.0001	0.1178	0.0419	0.0759	1.1617	0.6556	inf	0.1315	0.0973	inf	1.5057	0.6329	inf	6.7326	13.5130	0.0000	0.0294	0.0295	0.0000	8.6522	24.3406	0.0000
36	63	0.1425	2	0	1	1	0	0	0	0	0	N	N	N	N	N	N	N	N	N	N	N	N	0.0458	0.0000	0.1843	0.0272	0.0000	inf	0.0421	0.0000	0.1593	0.0018	0.0000	0.0119	0.0003	0.0000	0.0061	0.0023	0.0000	0.0124	0.0401	0.0185	0.0645	0.0120	0.0156	0.0000	0.0553	1.0515	0.0780	inf	3.0840	0.0001	-0.0001	3.6608	0.9961	7.3397	0.0337	0.0002	0.0000	0.0002	0.0000	0.0000	0.0000	0.0002	0.0000	0.0002	0.0016	0.0004	0.0012	0.0002	0.0002	0.0000	0.0015	0.0002	0.0012	0.1249	0.1056	0.0193	0.0307	0.0290	0.0016	0.0943	0.0766	0.0177	0.0409	0.0217	0.0192	0.0144	0.0110	0.0033	0.0266	0.0107	0.0159	0.0458	0.0000	0.1843	0.0272	0.0000	inf	0.0421	0.0000	0.1593	0.0401	0.0185	0.0645	0.0120	0.0156	0.0000	0.0553	0.0215	0.0780
36	69	0.0945	2	0	2	0	0	0	0	0	0	N	Y	N	N	N	N	N	N	N	N	N	N	17.7613	10.5034	12.7463	12.8882	0.2027	0.2525	0.0000	0.6750	0.6840	0.0000	0.0000	0.0000	0.0000	0.0114	0.0240	0.0000	0.0530	0.0531	0.0000	0.0000	0.0000	0.0000	0.0000	0.0000	-0.0819	-0.0038	3.6608	3.0720	7.3397	3.7333	0.1381	0.1381	0.0000	0.1381	0.1381	0.0000	0.0000	0.0000	0.0000	0.0046	0.0046	0.0000	0.0046	0.0046	0.0000	0.0000	0.0000	0.0000	0.6812	0.5466	0.1346	0.2045	0.2018	0.0027	0.4767	0.3448	0.1319	0.4024	0.1910	0.2115	0.0867	0.0865	0.0002	0.3157	0.1045	0.2113	17.7613	10.5034	0.0000	12.7463	12.8882	0.0000	0.0000	0.0000	0.0000	0.0114	0.0240	0.0000	0.0530	0.0531	0.0000	0.0000	0.0000	0.0000					
36	75	0.1389	2	0	2	0	0	0	0	0	0	N	Y	N	N	N	N	N	N	N	N	N	N	0.0013	1.8839	0.0000	0.1770	0.5457	0.0000	0.0013	inf	0.0000	0.0109	0.0112	0.0000	0.0043	0.0044	0.0000	0.0181	0.0190	0.0000	8.3017	0.0060	34.4355	0.0245	0.0081	1.3613	13.5636	0.0000	40.9141	0.0000	2675.9381	-0.0001	0.1659	3.6608	0.0009	7.3397	1.7419	0.0001	0.0001	0.0000	0.0000	0.0000	0.0000	0.0001	0.0001	0.0000	0.9592	0.0004	0.9588	0.0011	0.0004	0.0007	0.9581	0.0000	0.9581	0.0116	0.0113	0.0004	0.0061	0.0060	0.0001	0.0055	0.0053	0.0003	0.1155	0.0601	0.0554	0.0449	0.0444	0.0005	0.0706	0.0157	0.0549	0.0013	1.8839	0.0000	0.1770	0.5457	0.0000	0.0013	inf	0.0000	8.3017	0.0060	17.2974	0.0245	0.0081	1.3613	13.5636	0.0000	17.4553
37	39	0.1080	3	1	1	1	0	0	0	0	0	N	N	N	N	N	N	N	N	N	N	N	N	181.3551	106.1593	122.3387	117.4770	0.3464	0.4445	0.0000	1.6041	1.6155	0.0000	0.0000	0.0000	0.0000	0.0019	0.0042	0.0000	0.0131	0.0138	0.0000	0.0000	0.0000	0.0000	0.0000	0.0000	-0.1329	-0.0006	2.3426	5.6608	5.0131	8.0004	0.2240	0.2240	0.0000	0.2240	0.2240	0.0000	0.0000	0.0000	0.0000	0.0008	0.0008	0.0000	0.0008	0.0008	0.0000	0.0000	0.0000	0.0000	0.6466	0.5038	0.1428	0.1396	0.1386	0.0010	0.5070	0.3652	0.1418	0.3958	0.1805	0.2153	0.0577	0.0550	0.0027	0.3382	0.1256	0.2126	181.3551	106.1593	0.0000	122.3387	117.4770	0.0000	0.0000	0.0000	0.0000	0.0019	0.0042	0.0000	0.0131	0.0138	0.0000	0.0000	0.0000	0.0000					
37	40	0.1080	3	2	0	2	0	0	0	0	0	Y	N	Y	N	N	N	N	N	N	N	N	N	0.0668	0.0581	0.1699	0.0601	0.0673	0.0000	0.0719	0.1693	0.1689	0.0024	0.7829	0.0090	0.0091	0.0000	0.2108	0.0000	0.7888	2.5294	0.0410	4.6074	0.1503	0.1352	0.4660	2.9320	0.0000	4.6584	89.1307	134.4941	0.0460	0.1550	2.3426	6.3392	5.0131	5.9996	0.1163	0.0013	0.1150	0.0013	0.0013	0.0000	0.1150	0.0000	0.1150	0.9336	0.0069	0.9267	0.0080	0.0069	0.0011	0.9255	0.0000	0.9255	0.6883	0.5415	0.1469	0.1428	0.1417	0.0011	0.5455	0.3998	0.1458	0.3691	0.1680	0.2011	0.0534	0.0510	0.0024	0.3157	0.1170	0.1987	0.0668	0.0581	0.1699	0.0601	0.0673	0.0000	0.0719	0.0000	0.1693	2.5294	0.0410	4.6074	0.1503	0.1352	0.4660	2.9320	0.0000	4.6584	
37	41	0.1404	4	2	0	2	0	0	0	0	0	Y	N	Y	N	N	N	N	N	N	N	N	N	0.0023	0.0000	0.0079	0.0000	0.0000	0.0164	0.0021	0.0000	0.0080	0.0012	0.0000	0.0077	0.0000	0.0000	0.0000	0.0014	0.0000	0.0079	0.4962	0.0203	0.9766	0.0391	0.0399	0.0002	0.6578	0.0000	0.9871	inf	47.5778	0.0001	0.0234	2.3426	1.9694	5.0131	5.1440	0.0002	0.0000	0.0002	0.0000	0.0000	0.0000	0.0002	0.0000	0.0002	0.1534	0.0032	0.1503	0.0032	0.0032	0.0000	0.1503	0.0000	0.1503	0.2069	0.1758	0.0311	0.0358	0.0351	0.0007	0.1711	0.1407	0.0304	0.3092	0.1553	0.1539	0.0807	0.0791	0.0016	0.2284	0.0762	0.1522	0.0023	0.0000	0.0079	0.0000	0.0000	0.0164	0.0021	0.0000	0.0080	0.4962	0.0203	0.9766	0.0391	0.0399	0.0002	0.6578	0.0000	0.9871
37	42	0.1080	3	2	0	1	0	0	0	0	0	Y	N	N	N	N	N	N	N	N	N	N	N	0.0618	0.1284	0.1236	0.1140	0.1098	0.0000	0.0718	0.0000	0.1188	0.2335	0.0004	0.9058	0.0012	0.0012	0.0000	0.3153	0.0000	0.9101	3.7815	0.0034	7.3292	0.0109	0.0113	0.0000	4.3935	0.0036	7.6635	722.3787	2482.7942	0.0466	0.1263	2.3426	3.3753	5.0131	2.0398	0.1151	0.0002	0.1149	0.0002	0.0002	0.0000	0.1149	0.0000	0.1149	0.7305	0.0003	0.7302	0.0003	0.0003	0.0000	0.7302	0.0000	0.7302	0.4927	0.3658	0.1268	0.1283	0.1277	0.0006	0.3644	0.2381	0.1262	0.1932	0.0868	0.1063	0.0270	0.0258	0.0011	0.1662	0.0610	0.1052	0.0618	0.1284	0.1319	0.1140	0.1098	0.0000	0.0718	0.0000	0.1311	3.7815	0.0034	6.8675	0.0109	0.0113	0.0000	4.3935	0.0000	6.9417
37	43	0.1080	3	1	0	2	0	0	0	0	0	N	N	Y	N	N	N	N	N	N	N	N	N	0.1643	25.6687	0.0000	27.0173	25.9329	0.0000	0.0000	0.3849	0.5026	0.0000	1.6616	1.6718	0.0000	0.0000	0.0000	0.0000	2.3423	0.0196	4.2840	0.0615	0.0645	0.0000	2.7290	0.0000	4.3371	0.0000	261.7355	-0.1329	0.1492	2.3426	4.6608	5.0131	7.9996	0.2240	0.2240	0.0000	0.2240	0.2240	0.0000	0.0000	0.0000	0.0000	0.8802	0.0033	0.8768	0.0033	0.0033	0.0000	0.8768	0.0000	0.8768	0.5819	0.4456	0.1363	0.1348	0.1340	0.0008	0.4471	0.3117	0.1355	0.3758	0.1711	0.2047	0.0545	0.0520	0.0025	0.3213	0.1191	0.2022	0.1643	25.6687	0.0000	27.0173	25.9329	0.0000	0.0000	0.0000	0.0000	2.3423	0.0196	4.2840	0.0615	0.0645	0.0000	2.7290	0.0000	4.3371		
37	44	0.1080	3	1	1	1	0	0	0	0	0	N	N	N	N	N	N	N	N	N	N	N	N	0.1649	1228.3758	0.0000	1292.9142	1241.0203	0.0000	0.0000	0.3849	0.5026	0.0000	1.6615	1.6717	0.0000	0.0000	0.0000	0.0000	2.3336	0.0004	4.2840	0.0013	0.0013	0.0000	2.7290	0.0000	4.3371	0.0000	12525.9147	-0.1329	0.1519	2.3426	4.6608	5.0131	7.9996	0.2240	0.2240	0.0000	0.2240	0.2240	0.0000	0.0000	0.0000	0.0000	0.8769	0.0001	0.8768	0.0001	0.0001	0.0000	0.8768	0.0000	0.8768	0.5819	0.4456	0.1363	0.1348	0.1340	0.0008	0.4471	0.3117	0.1355	0.3758	0.1711	0.2047	0.0545	0.0520	0.0025	0.3213	0.1191	0.2022	0.1649	1228.3758	0.0000	1292.9142	1241.0203	0.0000	0.0000	0.0000	0.0000	2.3336	0.0004	4.2840	0.0013	0.0013	0.0000	2.7290	0.0000	4.3371		
37	45	0.0732	2	2	1	2	0	0	0	0	0	Y	N	Y	N	N	N	N	N	N	N	N	N	0.1477	0.0000	0.2297	0.0000	0.0000	0.0000	0.1742	0.0000	0.2283	0.3386	0.0000	1.0510	0.0000	0.0000	0.0000	0.5135	0.0000	1.0522	2.2917	0.2586	4.5758	0.6461	0.6728	0.0000	2.9486	0.0012	4.6080	inf	25.2580	0.0467	0.1181	2.3426	1.3391	5.0131	5.8433	0.1149	0.0000	0.1149	0.0000	0.0000	0.0000	0.1149	0.0000	0.1149	0.8732	0.0333	0.8400	0.0333	0.0333	0.0000	0.8400	0.0000	0.8400	0.3395	0.2301	0.1094	0.1157	0.1156	0.0001	0.2238	0.1146	0.1092	0.3810	0.1975	0.1836	0.0962	0.0949	0.0013	0.2849	0.1026	0.1823	0.1477	0.0000	0.2297	0.0000	0.0000	0.0000	0.1742	0.0000	0.2283	2.2917	0.1684	4.5758	0.3458	0.3505	0.0000	2.9486	0.0000	4.6080
37	47	0.1477	4	2	1	2	0	0	0	0	0	Y	N	Y	N	N	N	N	N	N	N	N	N	0.1637	0.0923	0.0000	0.2810	0.2775	0.0000	0.0000	0.0000	0.0000	0.0010	0.0012	0.0000	0.0102	0.0104	0.0000	0.0000	0.0000	0.0000	0.0063	0.0133	0.0002	0.0363	0.0376	0.0003	0.0001	0.0000	0.0002	0.0000	0.0147	-0.0002	-0.0008	2.3426	3.0001	5.0131	1.0598	0.0003	0.0003	0.0000	0.0003	0.0003	0.0000	0.0000	0.0000	0.0000	0.0010	0.0010	0.0000	0.0010	0.0010	0.0000	0.0000	0.0000	0.0000	0.2608	0.2211	0.0397	0.0266	0.0260	0.0006	0.2342	0.1951	0.0391	0.1553	0.0732	0.0822	0.0268	0.0258	0.0009	0.1286	0.0473	0.0812	0.1637	0.0923	0.0000	0.2810	0.2775	0.0000	0.0000	0.0000	0.0000	0.0063	0.0133	0.0002	0.0363	0.0376	0.0003	0.0001	0.0000	0.0002
37	48	0.1080	3	2	0	2	0	0	0	0	0	Y	N	Y	N	N	N	N	N	N	N	N	N	24.0056	38.5615	0.0265	18.6532	17.8747	0.0000	0.0257	0.0000	0.0263	0.8044	1.2696	0.0009	1.9685	1.9706	0.0000	0.0006	0.0000	0.0009	0.0335	0.0329	0.0340	0.1055	0.1102	0.0000	0.0217	0.0031	0.0344	0.0004	1.2588	-0.1328	-0.0021	2.3426	0.6630	5.0131	5.9830	0.2239	0.2238	0.0001	0.2238	0.2238	0.0000	0.0001	0.0000	0.0001	0.0077	0.0034	0.0043	0.0034	0.0034	0.0000	0.0043	0.0000	0.0043	0.2783	0.1763	0.1021	0.1137	0.1136	0.0001	0.1646	0.0627	0.1019	0.2295	0.1034	0.1261	0.0323	0.0309	0.0014	0.1972	0.0725	0.1247	24.0056	38.5615	0.0265	18.6532	17.8747	0.0000	0.0257	0.0000	0.0263	0.0335	0.0329	0.0340	0.1055	0.1102	0.0000	0.0217	0.0000	0.0344
37	49	0.1080	3	2	1	1	0	0	0	0	0	Y	N	N	N	N	N	N	N	N	N	N	N	0.0749	0.0000	0.1995	0.0000	0.0000	0.0797	0.1986	0.1539	0.0000	0.7548	0.0000	0.0000	0.0000	0.1918	0.0000	0.7610	2.0546	0.0039	3.7831	0.0121	0.0127	0.0000	2.4060	0.0000	3.8321	inf	1153.7027	0.0467	0.1514	2.3426	7.3392	5.0131	7.9996	0.1150	0.0000	0.1150	0.0000	0.0000	0.0000	0.1150	0.0000	0.1150	0.8776	0.0008	0.8768	0.0008	0.0008	0.0000	0.8768	0.0000	0.8768	0.7469	0.5945	0.1523	0.1473	0.1461	0.0012	0.5995	0.4484	0.1511	0.4271	0.1954	0.2318	0.0627	0.0597	0.0030	0.3644	0.1356	0.2288	0.0749	0.0000	0.1995	0.0000	0.0000	0.0000	0.0797	0.0000	0.1986	2.0546	0.0039	3.7831	0.0121	0.0127	0.0000	2.4060	0.0000	3.8321		
37	50	0.1080	3	1	0	1	1	0	0	0	0	N	N	N	N	N	N	N	N	N	N	N	N	0.1644	3.2230	0.0000	3.0012	3.0802	0.0000	0.0000	0.0000	0.3849	0.5026	0.0000	1.6615	1.6717	0.0000	0.0000	0.0000	0.0000	2.3410	0.1559	4.2619	0.5536	0.5427	0.3734	2.7053	0.0000	4.3135	0.0000	70.9615	-0.1329	0.1680	2.3426	4.6608	5.0131	12.0004	0.2240	0.2240	0.0000	0.2240	0.2240	0.0000	0.0000	0.0000	0.0000	1.0532	0.0146	1.0386	0.0158	0.0146	0.0012	1.0374	0.0000	1.0374	0.5819	0.4456	0.1363	0.1348	0.1340	0.0008	0.4471	0.3117	0.1355	0.4499	0.2062	0.2437	0.0664	0.0633	0.0032	0.3835	0.1430	0.2405	0.1644	7.0813	0.0000	6.9751	7.2243	0.0000	0.0000	0.0000	0.0000	2.3410	0.0710	4.2619	0.2382	0.2314	0.3734	2.7053	0.0000	4.3135	
37	51	0.1384	4	1	1	2	0	0	0	0	0	N	N	Y	N	N	N	N	N	N	N	N	N	16.2610	27.6262	0.0000	17.4292	19.1831	0.0000	0.0000	0.0000	0.3322	0.4559	0.0000	0.8302	0.8638	0.0000	0.0000	0.0000	0.0000	0.0204	0.0165	0.0243	0.0476	0.0450	0.3672	0.0143	0.0000	0.0233	0.0000	1.4934	-0.0851	-0.0008	2.3426	2.4249	5.0131	2.1457	0.1434	0.1434	0.0000	0.1434	0.1434	0.0000	0.0000	0.0000	0.0000	0.0034	0.0014	0.0020	0.0015	0.0014	0.0001	0.0020	0.0000	0.0020	0.4317	0.3146	0.1171	0.1728	0.1661	0.0067	0.2589	0.1486	0.1104	0.1673	0.0831	0.0842	0.0307	0.0304	0.0002	0.1366	0.0526	0.0840	16.2610	27.6262	0.0000	17.4292	19.1831	0.0000	0.0000	0.0000	0.0000	0.0204	0.0165	0.0243	0.0476	0.0450	0.3672	0.0143	0.0000	0.0233	
37	52	0.1080	3	1	1	1	0	0	0	0	0	N	N	N	N	N	N	N	N	N	N	N	N	1.3521	9.7784	0.7980	6.5807	8.5048	0.0000	0.4546	0.5534	0.8116	0.3607	0.3600	0.3629	1.0328	1.0379	0.0000	0.1294	0.0083	0.3646	0.2668	0.0368	0.4547	0.1569	0.1220	1.1774	0.2846	0.0151	0.4493	0.3431	15.1155	-0.0615	0.0058	2.3426	3.5386	5.0131	1.9499	0.1820	0.1355	0.0465	0.1334	0.1334	0.0000	0.0486	0.0021	0.0465	0.0521	0.0032	0.0489	0.0043	0.0032	0.0011	0.0478	0.0000	0.0478	0.5044	0.3763	0.1281	0.1292	0.1285	0.0006	0.3753	0.2478	0.1275	0.1954	0.0879	0.1075	0.0273	0.0261	0.0012	0.1681	0.0617	0.1064	1.3521	9.7784	0.7980	6.5807	8.5048	0.0000	0.4546	11.6237	0.8116	0.2668	0.0368	0.4547	0.1569	0.1220	0.9504	0.2846	0.0007	0.4493
37	53	0.1080	3	2	0	2	0	0	0	0	0	Y	N	Y	N	N	N	N	N	N	N	N	N	0.0592	0.0229	0.1185	0.0187	0.0183	0.0687	0.1174	0.2372	0.0035	0.9085	0.0101	0.0101	0.0000	0.3177	0.0000	0.9128	4.0049	0.1547	7.6658	0.5377	0.5533	0.0000	4.6223	0.0000	7.7749	89.1307	127.2589	0.0460	0.1463	2.3426	3.3392	5.0131	2.9996	0.1163	0.0013	0.1150	0.0013	0.0013	0.0000	0.1150	0.0000	0.1150	0.8837	0.0069	0.8768	0.0069	0.0069	0.0000	0.8768	0.0000	0.8768	0.4901	0.3635	0.1266	0.1282	0.1276	0.0006	0.3619	0.2360	0.1260	0.2207	0.0994	0.1213	0.0310	0.0296	0.0013	0.1897	0.0697	0.1200	0.0592	0.0512	0.1257	0.0452	0.0435	0.0000	0.0687	0.0000	0.1249	4.0049	0.0693	7.2291	0.2225	0.2324	0.0000	4.6223	0.0000	7.3086		
37	54	0.1540	4	2	1	1	0	0	0	0	0	Y	N	N	N	N	N	N	N	N	N	N	N	0.0153	0.1473	0.0045	0.2247	0.2335	0.0010	0.0012	0.0000	0.0055	0.0073	0.0077	0.0043	0.0175	0.0186	0.0000	0.0008	0.0000	0.0053	0.4742	0.0520	0.9458	0.0780	0.0795	0.0004	0.6897	0.0037	0.9596	0.0738	16.2701	-0.0007	0.0079	2.3426	2.0079	5.0131	2.2027	0.0014	0.0013	0.0001	0.0013	0.0013	0.0000	0.0001	0.0000	0.0001	0.0683	0.0040	0.0644	0.0040	0.0040	0.0000	0.0644	0.0000	0.0644	0.1899	0.1677	0.0222	0.0734	0.0693	0.0041	0.1165	0.0984	0.0181	0.1441	0.0761	0.0681	0.0508	0.0498	0.0010	0.0934	0.0263	0.0671	0.0153	0.1473	0.0045	0.2247	0.2335	0.0010	0.0012	0.0000	0.0055	0.4742	0.0520	0.9458	0.0780	0.0795	0.0004	0.6897	0.0000	0.9596
37	55	0.1080	3	2	1	1	0	0	0	0	0	Y	N	N	N	N	N	N	N	N	N	N	N	0.0690	0.0061	0.1586	0.0061	0.0059	0.0000	0.0779	0.0000	0.1577	0.2052	0.0002	0.8574	0.0005	0.0005	0.0000	0.2691	0.0000	0.8623	2.9751	0.0259	5.4065	0.0825	0.0863	0.0000	3.4530	0.0033	5.4683	1713.9635	253.2699	0.0467	0.1382	2.3426	4.3406	5.0131	3.9440	0.1150	0.0001	0.1149	0.0001	0.0001	0.0000	0.1149	0.0000	0.1149	0.8158	0.0032	0.8125	0.0032	0.0032	0.0000	0.8125	0.0000	0.8125	0.5604	0.4263	0.1341	0.1332	0.1325	0.0008	0.4272	0.2939	0.1333	0.2742	0.1239	0.1503	0.0389	0.0372	0.0017	0.2353	0.0867	0.1486	0.0690	0.0061	0.1586	0.0061	0.0059	0.0000	0.0779	0.0000	0.1577	2.9751	0.0259	5.4065	0.0825	0.0863	0.0000	3.4530	0.0000	5.4683
37	56	0.1080	3	1	1	1	0	0	0	0	0	N	N	N	N	N	N	N	N	N	N	N	N	2.5557	12.1210	0.0000	9.8138	10.8901	0.0000	0.0000	0.0000	0.4395	0.5872	0.0000	1.7377	1.7464	0.0000	0.0000	0.0000	0.0000	0.1720	0.0484	0.2746	0.1771	0.1604	0.5320	0.1711	0.0000	0.2715	0.0000	6.8232	-0.1339	0.0026	2.3426	3.6608	5.0131	7.0004	0.2256	0.2256	0.0000	0.2256	0.2256	0.0000	0.0000	0.0000	0.0000	0.0572	0.0073	0.0499	0.0084	0.0073	0.0011	0.0487	0.0000	0.0487	0.5131	0.3841	0.1291	0.1298	0.1291	0.0007	0.3833	0.2549	0.1284	0.3323	0.1508	0.1815	0.0477	0.0456	0.0021	0.2846	0.1052	0.1794	2.5557	12.1210	0.0000	9.8138	10.8901	0.0000	0.0000	0.0000	0.0000	0.1720	0.0484	0.2746	0.1771	0.1604	0.5320	0.1711	0.0000	0.2715	
37	57	0.1080	3	1	0	2	0	0	0	0	0	N	N	Y	N	N	N	N	N	N	N	N	N	277.0256	181.1672	118.7354	113.8814	0.6193	0.8972	0.0000	1.8782	1.8830	0.0000	0.0000	0.0000	0.0000	0.0022	0.0050	0.0000	0.0158	0.0165	0.0000	0.0000	0.0000	0.0000	0.0000	0.0000	-0.1329	-0.0005	2.3426	1.6608	5.0131	6.0004	0.2240	0.2240	0.0000	0.2240	0.2240	0.0000	0.0000	0.0000	0.0000	0.0006	0.0006	0.0000	0.0006	0.0006	0.0000	0.0000	0.0000	0.0000	0.3617	0.2496	0.1120	0.1192	0.1189	0.0003	0.2424	0.1307	0.1117	0.2577	0.1163	0.1414	0.0364	0.0348	0.0016	0.2212	0.0815	0.1398	277.0256	181.1672	0.0000	118.7354	113.8814	0.0000	0.0000	0.0000	0.0000	0.0022	0.0050	0.0000	0.0158	0.0165	0.0000	0.0000	0.0000	0.0000					
37	58	0.1080	3	2	1	1	0	0	0	0	0	Y	N	N	N	N	N	N	N	N	N	N	N	0.0736	0.0000	0.1679	0.0000	0.0000	0.0827	0.1669	0.2052	0.0000	0.8577	0.0000	0.0000	0.0000	0.2692	0.0000	0.8626	2.7894	0.0042	5.1081	0.0134	0.0140	0.0000	3.2565	0.0000	5.1699	inf	1446.0806	0.0467	0.1674	2.3426	4.3392	5.0131	6.9996	0.1150	0.0000	0.1150	0.0000	0.0000	0.0000	0.1150	0.0000	0.1150	0.9695	0.0007	0.9689	0.0007	0.0007	0.0000	0.9689	0.0000	0.9689	0.5603	0.4262	0.1341	0.1332	0.1324	0.0008	0.4271	0.2938	0.1333	0.3476	0.1579	0.1897	0.0501	0.0478	0.0023	0.2975	0.1101	0.1874	0.0736	0.0000	0.1679	0.0000	0.0000	0.0000	0.0827	0.0000	0.1669	2.7894	0.0042	5.1081	0.0134	0.0140	0.0000	3.2565	0.0000	5.1699		
37	59	0.1080	3	2	1	2	0	0	0	0	0	Y	N	Y	N	N	N	N	N	N	N	N	N	1.4092	17.7660	0.0000	20.4102	19.6096	0.0000	0.0000	0.3484	0.4471	0.0000	1.6134	1.6248	0.0000	0.0000	0.0000	0.0000	0.2472	0.0252	0.4328	0.0790	0.0829	0.0000	0.2757	0.0000	0.4382	0.0000	20.5738	-0.1337	0.0118	2.3426	5.6608	5.0131	7.0004	0.2253	0.2253	0.0000	0.2253	0.2253	0.0000	0.0000	0.0000	0.0000	0.0929	0.0043	0.0886	0.0043	0.0043	0.0000	0.0886	0.0000	0.0886	0.6466	0.5038	0.1428	0.1396	0.1386	0.0010	0.5070	0.3652	0.1418	0.3758	0.1711	0.2047	0.0545	0.0520	0.0025	0.3213	0.1191	0.2022	1.4092	17.7660	0.0000	20.4102	19.6096	0.0000	0.0000	0.0000	0.0000	0.2472	0.0252	0.4328	0.0790	0.0829	0.0000	0.2757	0.0000	0.4382		
37	60	0.1080	3	1	1	1	0	0	0	0	0	N	N	N	N	N	N	N	N	N	N	N	N	0.0000	0.0000	0.0000	0.0000	0.0000	0.0000	0.0000	0.0000	0.0000	0.0000	0.0000	0.0000	0.0000	0.0000	0.0000	0.0000	0.0000	0.2366	0.0002	0.4301	0.0393	0.0007	1.0950	0.2688	0.0000	0.4249	2492.5000	0.0000	0.0086	2.3426	2.0000	5.0131	4.0000	0.0000	0.0000	0.0000	0.0000	0.0000	0.0000	0.0000	0.0000	0.0000	0.0499	0.0000	0.0499	0.0012	0.0000	0.0011	0.0487	0.0000	0.0487	0.3888	0.2736	0.1152	0.1211	0.1207	0.0004	0.2677	0.1529	0.1148	0.2107	0.0948	0.1159	0.0295	0.0283	0.0013	0.1812	0.0666	0.1146	0.0000	0.0000	0.0000	0.0000	0.0000	0.0000	0.0000	0.0000	0.0000	0.2366	0.0002	0.4301	0.0393	0.0007	0.9103	0.2688	0.0000	0.4249		
37	61	0.1080	3	2	0	2	0	0	0	0	0	Y	N	Y	N	N	N	N	N	N	N	N	N	8.8572	0.0576	inf	0.0642	0.0617	inf	inf	0.1857	0.0027	0.8167	0.0093	0.0094	0.0000	0.2355	0.0000	0.8221	0.0210	0.0461	0.0000	0.1455	0.1524	0.0000	0.0000	0.0000	0.0000	89.1307	0.0000	0.0460	-0.0060	2.3426	5.3392	5.0131	6.0004	0.1163	0.0013	0.1150	0.0013	0.0013	0.0000	0.1150	0.0000	0.1150	0.0073	0.0073	0.0000	0.0073	0.0073	0.0000	0.0000	0.0000	0.0000	0.6263	0.4855	0.1408	0.1381	0.1372	0.0009	0.4882	0.3483	0.1399	0.3476	0.1579	0.1897	0.0501	0.0478	0.0023	0.2975	0.1101	0.1874	8.8572	0.0576	inf	0.0642	0.0617	0.0000	inf	0.0000	inf	0.0210	0.0461	0.0000	0.1455	0.1524	0.0000	0.0000	0.0000	0.0000		
37	62	0.1080	3	1	1	1	0	0	0	0	0	N	N	N	N	N	N	N	N	N	N	N	N	2.4926	1.0549	12.8963	12.3626	0.0000	0.0000	0.2750	0.3411	0.0000	1.4712	1.4851	0.0000	0.0000	0.0000	0.0000	0.1103	0.3233	0.0000	0.1141	0.1201	0.0000	0.1096	1.7757	0.0000	0.0000	0.0000	-0.1337	-0.0477	2.3426	8.6608	5.0131	13.0004	0.2253	0.2253	0.0000	0.2253	0.2253	0.0000	0.0000	0.0000	0.0000	0.0577	0.0577	0.0000	0.0090	0.0090	0.0000	0.0487	0.0487	0.0000	0.8192	0.6605	0.1587	0.1531	0.1517	0.0014	0.6661	0.5088	0.1573	0.5231	0.2417	0.2814	0.0789	0.0749	0.0040	0.4442	0.1668	0.2774	2.4926	1.4285	0.0000	12.8963	12.3626	0.0000	0.0000	0.0000	0.0000	0.1103	0.2388	0.0000	0.1141	0.1201	0.0000	0.1096	0.2920	0.0000			
37	63	0.1818	4	1	0	2	0	0	0	0	0	N	N	Y	N	N	N	N	N	N	N	N	N	0.0019	0.4624	0.0000	0.5903	0.7466	0.0000	0.0000	0.0000	0.0000	0.0002	0.0003	0.0000	0.0008	0.0009	0.0000	0.0000	0.0000	0.0000	0.1202	0.0006	0.2558	0.0014	0.0012	0.0024	0.1768	0.0032	0.2948	0.0000	382.7538	-0.0000	0.0007	2.3426	0.9961	5.0131	0.0337	0.0000	0.0000	0.0000	0.0000	0.0000	0.0000	0.0000	0.0000	0.0000	0.0043	0.0000	0.0043	0.0000	0.0000	0.0000	0.0043	0.0000	0.0043	0.0889	0.0752	0.0137	0.0242	0.0230	0.0012	0.0647	0.0522	0.0125	0.0361	0.0192	0.0169	0.0116	0.0094	0.0023	0.0245	0.0098	0.0147	0.0019	0.4624	0.0000	0.5903	0.7466	0.0000	0.0000	0.0000	0.0000	0.1202	0.0006	0.2558	0.0014	0.0012	0.0024	0.1768	0.0000	0.2948
37	64	0.1080	3	1	0	2	0	0	0	0	0	N	N	Y	N	N	N	N	N	N	N	N	N	0.1529	12.8147	0.0000	10.4350	11.5571	0.0000	0.0000	0.0000	0.0000	0.4387	0.5861	0.0001	1.7351	1.7438	0.0000	0.0000	0.0000	0.0001	2.8702	0.0457	5.2240	0.1663	0.1509	0.5034	3.3260	0.0044	5.2816	0.0000	137.0687	-0.1337	0.1692	2.3426	3.6648	5.0131	8.0029	0.2253	0.2252	0.0000	0.2252	0.2252	0.0000	0.0000	0.0000	0.0000	1.0183	0.0074	1.0109	0.0085	0.0074	0.0011	1.0098	0.0000	1.0098	0.5134	0.3843	0.1291	0.1298	0.1292	0.0007	0.3836	0.2552	0.1284	0.3548	0.1613	0.1935	0.0512	0.0489	0.0023	0.3036	0.1124	0.1912	0.1529	12.8147	0.0000	10.4350	11.5571	0.0000	0.0000	0.0000	0.0000	2.8702	0.0457	5.2240	0.1663	0.1509	0.4894	3.3260	0.0000	5.2816
37	65	0.1080	3	1	1	1	0	0	0	0	0	N	N	N	N	N	N	N	N	N	N	N	N	0.2008	25.5986	0.0000	32.5652	31.1249	0.0000	0.0000	0.3166	0.4008	0.0000	1.5524	1.5647	0.0000	0.0000	0.0000	0.0000	1.5766	0.0157	2.9287	0.0477	0.0503	0.0000	1.8516	0.0000	2.9724	0.0000	215.9640	-0.1329	0.1487	2.3426	6.6608	5.0131	17.9996	0.2240	0.2240	0.0000	0.2240	0.2240	0.0000	0.0000	0.0000	0.0000	0.8809	0.0041	0.8768	0.0041	0.0041	0.0000	0.8768	0.0000	0.8768	0.7075	0.5589	0.1487	0.1443	0.1431	0.0011	0.5633	0.4157	0.1475	0.5587	0.2593	0.2994	0.0852	0.0808	0.0044	0.4735	0.1786	0.2950	0.2008	25.5986	0.0000	32.5652	31.1249	0.0000	0.0000	0.0000	0.0000	1.5766	0.0157	2.9287	0.0477	0.0503	0.0000	1.8516	0.0000	2.9724		
37	66	0.1080	3	1	1	1	1	0	0	0	0	N	N	N	N	N	N	N	N	N	N	N	N	0.7848	110.3355	0.1974	0.0012	0.0012	0.8636	inf	0.1962	1.7734	2.0509	0.8167	0.0001	0.0001	0.0000	2.2750	2.8585	0.8221	2.2598	0.0186	4.1372	0.0583	0.0611	0.0000	2.6344	0.0000	4.1890	0.1155	265.7012	-0.5441	0.1493	2.3426	5.3392	5.0131	7.9996	1.1106	0.9956	0.1150	0.0000	0.0000	0.0000	1.1106	0.9956	0.1150	0.8801	0.0033	0.8768	0.0033	0.0033	0.0000	0.8768	0.0000	0.8768	0.6263	0.4855	0.1408	0.1381	0.1372	0.0009	0.4882	0.3483	0.1399	0.3895	0.1775	0.2119	0.0566	0.0540	0.0026	0.3328	0.1235	0.2093	0.7848	110.3355	0.1974	0.0012	0.0012	0.0000	0.8636	inf	0.1962	2.2598	0.0186	4.1372	0.0583	0.0611	0.0000	2.6344	0.0000	4.1890	
37	67	0.1080	3	1	1	1	0	0	0	0	0	N	N	N	N	N	N	N	N	N	N	N	N	0.0385	0.0672	0.0826	0.0811	0.0785	0.0000	0.0412	0.0789	0.1689	0.0024	0.7829	0.0090	0.0091	0.0000	0.2108	0.0000	0.7888	4.3839	0.0355	9.4828	0.1113	0.1160	0.0169	5.1191	0.0000	10.0031	89.1307	269.1997	0.0460	0.3177	2.3426	6.3392	5.0131	8.9996	0.1163	0.0013	0.1150	0.0013	0.0013	0.0000	0.1150	0.0000	0.1150	1.8725	0.0069	1.8656	0.0070	0.0069	0.0000	1.8655	0.0000	1.8655	0.6883	0.5415	0.1469	0.1428	0.1417	0.0011	0.5455	0.3998	0.1458	0.4271	0.1954	0.2318	0.0627	0.0597	0.0030	0.3644	0.1356	0.2288	0.0385	0.0672	0.0973	0.0811	0.0785	0.0000	0.0412	0.0000	0.0967	4.3839	0.0355	8.0491	0.1113	0.1160	0.0169	5.1191	0.0000	8.1532	
37	68	0.1080	3	1	1	1	0	0	0	0	0	N	N	N	N	N	N	N	N	N	N	N	N	12.0255	3.2419	3.0486	3.0194	0.3849	0.5026	0.0000	1.6615	1.6717	0.0000	0.0000	0.0000	0.0000	0.0320	0.1550	0.0000	0.5450	0.5536	0.0000	0.0000	0.0000	0.0000	0.0000	0.0000	-0.1329	-0.0088	2.3426	4.6608	5.0131	6.0004	0.2240	0.2240	0.0000	0.2240	0.2240	0.0000	0.0000	0.0000	0.0000	0.0106	0.0106	0.0000	0.0106	0.0106	0.0000	0.0000	0.0000	0.0000	0.5819	0.4456	0.1363	0.1348	0.1340	0.0008	0.4471	0.3117	0.1355	0.3323	0.1508	0.1815	0.0477	0.0456	0.0021	0.2846	0.1052	0.1794	12.0255	7.1256	0.0000	7.4516	7.1602	0.0000	0.0000	0.0000	0.0000	0.0320	0.0705	0.0000	0.2230	0.2335	0.0000	0.0000	0.0000	0.0000					
37	69	0.1339	4	1	1	1	0	0	0	0	0	N	N	N	N	N	N	N	N	N	N	N	N	0.0919	0.0079	0.2068	0.0437	0.0117	0.8081	0.0936	0.0000	0.2084	0.1363	0.0001	0.6171	0.0009	0.0002	0.0544	0.2034	0.0000	0.6277	1.4828	0.0125	2.9837	0.0206	0.0199	0.0674	2.1722	0.0023	3.0113	1777.7786	234.4419	0.0288	0.0921	2.3426	3.0720	5.0131	3.7333	0.0708	0.0000	0.0708	0.0002	0.0000	0.0001	0.0707	0.0000	0.0707	0.5444	0.0023	0.5421	0.0024	0.0023	0.0001	0.5420	0.0000	0.5420	0.5197	0.4049	0.1147	0.1721	0.1700	0.0021	0.3475	0.2349	0.1126	0.3672	0.1855	0.1817	0.1177	0.1159	0.0017	0.2495	0.0695	0.1800	0.0919	0.0079	0.2068	0.0437	0.0117	0.8081	0.0936	0.0000	0.2084	1.4828	0.0125	2.9837	0.0206	0.0199	0.0674	2.1722	0.0000	3.0113
37	70	0.1080	3	1	1	1	0	0	0	0	0	N	N	N	N	N	N	N	N	N	N	N	N	0.2072	8.7132	0.2421	5.9819	5.7490	0.0000	0.1777	0.0102	0.2402	0.3870	0.1914	0.8167	0.3936	0.3945	0.0000	0.3837	0.0005	0.8189	1.8678	0.0220	3.3733	0.0658	0.0686	0.0009	2.1594	0.0458	3.4094	1.9422	188.2992	0.0092	0.0563	2.3426	1.5925	5.0131	3.3727	0.1378	0.0468	0.0910	0.0468	0.0468	0.0000	0.0910	0.0001	0.0910	0.3348	0.0018	0.3331	0.0016	0.0016	0.0000	0.3332	0.0001	0.3331	0.3562	0.2448	0.1114	0.1189	0.1186	0.0003	0.2373	0.1262	0.1111	0.1793	0.0805	0.0987	0.0250	0.0239	0.0010	0.1543	0.0566	0.0977	0.2072	8.7132	0.2421	5.9819	5.7490	0.0000	0.1777	0.2087	0.2402	1.8678	0.0220	3.3733	0.0658	0.0686	0.0009	2.1594	0.0022	3.4094
37	71	0.1080	3	1	1	1	0	0	0	0	0	N	N	N	N	N	N	N	N	N	N	N	N	1.7342	21.1125	0.0000	24.6110	23.5837	0.0000	0.0000	0.3464	0.4445	0.0000	1.6041	1.6155	0.0000	0.0000	0.0000	0.0000	0.1997	0.0211	0.3514	0.0652	0.0685	0.0000	0.2232	0.0000	0.3561	0.0000	19.6606	-0.1329	0.0116	2.3426	5.6608	5.0131	12.0004	0.2240	0.2240	0.0000	0.2240	0.2240	0.0000	0.0000	0.0000	0.0000	0.0931	0.0045	0.0886	0.0045	0.0045	0.0000	0.0886	0.0000	0.0886	0.6466	0.5038	0.1428	0.1396	0.1386	0.0010	0.5070	0.3652	0.1418	0.4661	0.2140	0.2521	0.0691	0.0658	0.0033	0.3970	0.1482	0.2488	1.7342	21.1125	0.0000	24.6110	23.5837	0.0000	0.0000	0.0000	0.0000	0.1997	0.0211	0.3514	0.0652	0.0685	0.0000	0.2232	0.0000	0.3561		
37	73	0.1080	3	2	1	1	1	0	0	0	0	Y	N	N	N	N	N	N	N	N	N	N	N	12.1600	0.0831	inf	0.0754	0.0722	inf	inf	0.2372	0.0035	0.9085	0.0101	0.0101	0.0000	0.3177	0.0000	0.9128	0.0195	0.0427	0.0000	0.1335	0.1401	0.0000	0.0000	0.0000	0.0000	89.1307	0.0000	0.0460	-0.0066	2.3426	3.3392	5.0131	11.0004	0.1163	0.0013	0.1150	0.0013	0.0013	0.0000	0.1150	0.0000	0.1150	0.0080	0.0080	0.0000	0.0080	0.0080	0.0000	0.0000	0.0000	0.0000	0.4901	0.3635	0.1266	0.1282	0.1276	0.0006	0.3619	0.2360	0.1260	0.4088	0.1867	0.2221	0.0597	0.0569	0.0028	0.3491	0.1297	0.2194	12.1600	0.0831	inf	0.0754	0.0722	0.0000	inf	0.0000	inf	0.0195	0.0427	0.0000	0.1335	0.1401	0.0000	0.0000	0.0000	0.0000		
37	74	0.1080	3	1	1	1	1	0	0	0	0	N	N	N	N	N	N	N	N	N	N	N	N	7.4832	0.0479	inf	0.0576	0.0555	inf	inf	0.1689	0.0024	0.7829	0.0090	0.0091	0.0000	0.2108	0.0000	0.7888	0.0226	0.0497	0.0000	0.1567	0.1642	0.0000	0.0000	0.0000	0.0000	89.1307	0.0000	0.0460	-0.0065	2.3426	6.3392	5.0131	5.0004	0.1163	0.0013	0.1150	0.0013	0.0013	0.0000	0.1150	0.0000	0.1150	0.0078	0.0078	0.0000	0.0078	0.0078	0.0000	0.0000	0.0000	0.0000	0.6883	0.5415	0.1469	0.1428	0.1417	0.0011	0.5455	0.3998	0.1458	0.3476	0.1579	0.1897	0.0501	0.0478	0.0023	0.2975	0.1101	0.1874	7.4832	0.0479	inf	0.0576	0.0555	0.0000	inf	0.0000	inf	0.0226	0.0497	0.0000	0.1567	0.1642	0.0000	0.0000	0.0000	0.0000		
37	75	0.1783	4	1	1	1	0	0	0	0	0	N	N	N	N	N	N	N	N	N	N	N	N	0.0004	0.0000	0.0040	0.0000	0.0000	0.0004	0.0000	0.0055	0.0018	0.0000	0.0537	0.0000	0.0000	0.0000	0.0038	0.0000	0.0746	4.6679	0.0013	13.4580	0.0014	0.0014	0.0000	8.8096	0.0028	13.5857	inf	7005.8986	0.0000	0.1134	2.3426	0.0009	5.0131	1.7419	0.0000	0.0000	0.0000	0.0000	0.0000	0.0000	0.0000	0.0000	0.0000	0.6546	0.0001	0.6545	0.0001	0.0001	0.0000	0.6545	0.0000	0.6545	0.0075	0.0073	0.0003	0.0040	0.0039	0.0001	0.0036	0.0034	0.0002	0.1402	0.0745	0.0658	0.0659	0.0652	0.0008	0.0743	0.0093	0.0650	0.0004	0.0000	0.0054	0.0000	0.0000	0.0000	0.0004	0.0000	0.0074	4.6679	0.0013	9.9541	0.0014	0.0014	0.0000	8.8096	0.0000	10.0726	
37	76	0.1080	3	1	1	1	0	0	0	0	0	N	N	N	N	N	N	N	N	N	N	N	N	0.2620	0.0006	0.6763	0.0008	0.0007	0.0000	0.2889	0.0000	0.6731	0.1698	0.0000	0.7887	0.0001	0.0001	0.0000	0.2148	0.0000	0.7945	0.6481	0.0261	1.1661	0.0817	0.0855	0.0000	0.7435	0.0132	1.1803	12830.6972	53.5526	0.0467	0.0352	2.3426	6.1537	5.0131	5.2905	0.1150	0.0000	0.1150	0.0000	0.0000	0.0000	0.1150	0.0000	0.1150	0.2268	0.0042	0.2226	0.0041	0.0041	0.0000	0.2227	0.0000	0.2226	0.6771	0.5313	0.1458	0.1419	0.1409	0.0011	0.5352	0.3904	0.1447	0.3499	0.1590	0.1909	0.0504	0.0481	0.0023	0.2995	0.1109	0.1886	0.2620	0.0006	0.6763	0.0008	0.0007	0.0000	0.2889	0.0000	0.6731	0.6481	0.0261	1.1661	0.0817	0.0855	0.0000	0.7435	0.0004	1.1803
37	77	0.1080	3	1	0	2	1	0	0	0	0	N	N	Y	N	N	N	N	N	N	N	N	N	8.7563	0.0570	inf	0.0638	0.0613	inf	inf	0.1857	0.0027	0.8167	0.0093	0.0094	0.0000	0.2355	0.0000	0.8221	0.0212	0.0466	0.0000	0.1465	0.1535	0.0000	0.0000	0.0000	0.0000	89.1307	0.0000	0.0460	-0.0065	2.3426	5.3392	5.0131	7.0004	0.1163	0.0013	0.1150	0.0013	0.0013	0.0000	0.1150	0.0000	0.1150	0.0078	0.0078	0.0000	0.0078	0.0078	0.0000	0.0000	0.0000	0.0000	0.6263	0.4855	0.1408	0.1381	0.1372	0.0009	0.4882	0.3483	0.1399	0.3691	0.1680	0.2011	0.0534	0.0510	0.0024	0.3157	0.1170	0.1987	8.7563	0.0570	inf	0.0638	0.0613	0.0000	inf	0.0000	inf	0.0212	0.0466	0.0000	0.1465	0.1535	0.0000	0.0000	0.0000	0.0000		
37	78	0.1080	3	1	0	2	1	0	0	0	0	N	N	Y	N	N	N	N	N	N	N	N	N	0.7455	43.2800	0.1984	0.0005	0.0005	0.8104	inf	0.1973	1.6135	1.8387	0.7829	0.0001	0.0001	0.0000	2.0358	2.4904	0.7888	2.1643	0.0425	3.9471	0.1328	0.1393	0.0000	2.5119	0.0000	3.9975	0.1155	110.5692	-0.5441	0.1455	2.3426	6.3392	5.0131	7.9996	1.1106	0.9956	0.1150	0.0000	0.0000	0.0000	1.1106	0.9956	0.1150	0.8847	0.0079	0.8768	0.0079	0.0079	0.0000	0.8768	0.0000	0.8768	0.6883	0.5415	0.1469	0.1428	0.1417	0.0011	0.5455	0.3998	0.1458	0.4088	0.1867	0.2221	0.0597	0.0569	0.0028	0.3491	0.1297	0.2193	0.7455	43.2800	0.1984	0.0005	0.0005	0.0000	0.8104	inf	0.1973	2.1643	0.0425	3.9471	0.1328	0.1393	0.0000	2.5119	0.0000	3.9975	
37	79	0.1080	3	1	1	1	0	0	0	0	0	N	N	N	N	N	N	N	N	N	N	N	N	81.6949	0.0000	inf	0.0000	0.0000	inf	inf	0.3428	0.0000	1.0554	0.0000	0.0000	0.0000	0.5276	0.0000	1.0578	0.0042	0.0093	0.0000	0.0299	0.0312	0.0000	0.0000	0.0000	0.0000	inf	0.0000	0.0467	-0.0008	2.3426	1.3392	5.0131	5.0004	0.1150	0.0000	0.1150	0.0000	0.0000	0.0000	0.1150	0.0000	0.1150	0.0009	0.0009	0.0000	0.0009	0.0009	0.0000	0.0000	0.0000	0.0000	0.3354	0.2265	0.1089	0.1175	0.1172	0.0002	0.2179	0.1093	0.1087	0.2207	0.0994	0.1213	0.0310	0.0296	0.0013	0.1897	0.0697	0.1200	81.6949	0.0000	inf	0.0000	0.0000	0.0000	inf	0.0000	inf	0.0042	0.0093	0.0000	0.0299	0.0312	0.0000	0.0000	0.0000	0.0000		
37	80	0.1080	3	2	1	1	0	0	0	0	0	Y	N	N	N	N	N	N	N	N	N	N	N	0.0781	0.0577	0.2148	0.0794	0.0762	0.0818	0.2138	0.1450	0.0020	0.7311	0.0085	0.0086	0.0000	0.1768	0.0000	0.7376	1.8556	0.0346	3.4042	0.1071	0.1126	0.0000	2.1611	0.0000	3.4506	89.1307	115.5223	0.0460	0.1457	2.3426	8.3392	5.0131	9.9996	0.1163	0.0013	0.1150	0.0013	0.0013	0.0000	0.1150	0.0000	0.1150	0.8844	0.0076	0.8768	0.0076	0.0076	0.0000	0.8768	0.0000	0.8768	0.8021	0.6448	0.1573	0.1517	0.1503	0.0014	0.6504	0.4945	0.1559	0.4766	0.2191	0.2576	0.0709	0.0674	0.0035	0.4057	0.1516	0.2541	0.0781	0.0577	0.2148	0.0794	0.0762	0.0000	0.0818	0.0000	0.2138	1.8556	0.0346	3.4042	0.1071	0.1126	0.0000	2.1611	0.0000	3.4506		
38	39	0.0625	2	1	1	1	0	0	0	0	0	N	N	N	N	N	N	N	N	N	N	N	N	362.5733	747.1336	478.7028	1209.9131	1199.0864	214.7230	0.0000	478.9531	0.4463	0.2858	1.0201	1.0608	1.0685	0.0000	0.2825	0.0000	1.0272	0.0012	0.0004	0.0021	0.0009	0.0009	0.0000	0.0013	0.0054	0.0021	0.9992	5.2540	-0.0277	0.0000	2.4564	5.6608	2.5086	8.0004	0.2962	0.1481	0.1480	0.1481	0.1481	0.0000	0.1480	0.0000	0.1480	0.0004	0.0001	0.0004	0.0001	0.0001	0.0000	0.0004	0.0000	0.0004	0.6635	0.5184	0.1451	0.1396	0.1386	0.0010	0.5239	0.3798	0.1441	0.3641	0.1874	0.1767	0.0703	0.0692	0.0011	0.2938	0.1182	0.1756	362.5733	747.1336	478.7028	1209.9131	1199.0864	0.0000	214.7230	0.0000	478.9531	0.0012	0.0004	0.0021	0.0009	0.0009	0.0000	0.0013	0.0001	0.0021	
38	40	0.0625	2	2	0	2	0	0	0	0	0	Y	N	Y	N	N	N	N	N	N	N	N	N	0.0976	0.1388	0.1468	0.2043	0.2028	0.0000	0.0644	0.0000	0.1470	0.2169	0.1363	0.5177	0.5322	0.5364	0.0000	0.1371	0.0000	0.5216	2.2219	0.9820	3.5272	2.6056	2.6450	0.1651	2.1307	0.8852	3.5484	1.0178	3.4119	-0.0137	-0.0401	2.4564	6.3392	2.5086	5.9996	0.1533	0.0760	0.0773	0.0760	0.0760	0.0000	0.0773	0.0000	0.0773	0.7532	0.1707	0.5825	0.1697	0.1695	0.0002	0.5835	0.0012	0.5823	0.7068	0.5574	0.1494	0.1428	0.1417	0.0011	0.5640	0.4157	0.1483	0.3390	0.1738	0.1651	0.0651	0.0641	0.0010	0.2738	0.1097	0.1641	0.0976	0.1388	0.1468	0.2043	0.2028	0.0000	0.0644	0.0000	0.1470	2.2219	0.9820	3.5272	2.6056	2.6450	0.1651	2.1307	0.0108	3.5484
38	41	0.0950	3	2	0	2	0	0	0	0	0	Y	N	Y	N	N	N	N	N	N	N	N	N	0.0017	0.0012	0.0045	0.0033	0.0033	0.0000	0.0013	0.0000	0.0046	0.0015	0.0009	0.0049	0.0044	0.0045	0.0000	0.0009	0.0000	0.0051	0.8990	0.7344	1.0935	1.3318	1.3437	0.0007	0.7147	0.0004	1.0998	1.0006	1.2603	-0.0000	-0.0696	2.4564	1.9694	2.5086	5.1440	0.0003	0.0002	0.0002	0.0002	0.0002	0.0000	0.0002	0.0000	0.0002	0.2587	0.1145	0.1443	0.1145	0.1145	0.0000	0.1443	0.0000	0.1443	0.2140	0.1818	0.0322	0.0363	0.0356	0.0007	0.1777	0.1462	0.0315	0.2878	0.1559	0.1319	0.0859	0.0852	0.0008	0.2018	0.0707	0.1312	0.0017	0.0012	0.0045	0.0033	0.0033	0.0000	0.0013	0.0000	0.0046	0.8990	0.7344	1.0935	1.3318	1.3437	0.0007	0.7147	0.0000	1.0998
38	42	0.0625	2	2	0	1	0	0	0	0	0	Y	N	N	N	N	N	N	N	N	N	N	N	0.3818	0.4608	0.4873	0.5387	0.5379	0.0000	0.2727	0.0000	0.4869	0.3019	0.2025	0.5933	0.5916	0.5945	0.0000	0.2028	0.0000	0.5961	0.7908	0.4394	1.2174	1.0982	1.1051	0.0000	0.7436	0.0080	1.2242	1.0008	3.2589	-0.0142	-0.0085	2.4564	3.3753	2.5086	2.0398	0.1521	0.0760	0.0761	0.0760	0.0760	0.0000	0.0761	0.0000	0.0761	0.1389	0.0326	0.1063	0.0326	0.0326	0.0000	0.1063	0.0000	0.1063	0.5038	0.3756	0.1283	0.1285	0.1279	0.0006	0.3753	0.2477	0.1277	0.1757	0.0883	0.0873	0.0327	0.0322	0.0005	0.1430	0.0561	0.0868	0.3818	0.5483	0.4873	0.5932	0.5871	0.0000	0.2727	0.0000	0.4869	0.7908	0.3692	1.2174	0.9974	1.0126	0.0000	0.7436	0.0002	1.2242
38	43	0.0625	2	1	0	2	0	0	0	0	0	N	N	Y	N	N	N	N	N	N	N	N	N	0.6490	0.3985	1.4946	0.5074	0.5025	0.7427	0.0000	1.4942	0.4966	0.3233	1.0710	1.0982	1.1051	0.0000	0.3208	0.0000	1.0775	0.7652	0.8113	0.7166	2.1642	2.1993	0.0000	0.4319	0.0055	0.7211	0.9994	0.8376	-0.0277	-0.0980	2.4564	4.6608	2.5086	7.9996	0.2962	0.1481	0.1480	0.1481	0.1481	0.0000	0.1480	0.0000	0.1480	0.2642	0.1438	0.1204	0.1438	0.1438	0.0000	0.1204	0.0000	0.1204	0.5964	0.4582	0.1382	0.1349	0.1341	0.0008	0.4615	0.3241	0.1374	0.3452	0.1772	0.1680	0.0664	0.0654	0.0011	0.2788	0.1118	0.1670	0.6490	0.3985	1.4946	0.5074	0.5025	0.0000	0.7427	0.0000	1.4942	0.7652	0.8113	0.7166	2.1642	2.1993	0.0000	0.4319	0.0001	0.7211	
38	44	0.0625	2	1	1	1	0	0	0	0	0	N	N	N	N	N	N	N	N	N	N	N	N	1.1050	1.1332	1.5323	1.4360	1.4347	0.7612	0.0000	1.5319	0.4965	0.3233	1.0708	1.0982	1.1051	0.0000	0.3207	0.0000	1.0773	0.4494	0.2853	0.6988	0.7648	0.7702	0.0000	0.4213	0.0132	0.7032	0.9992	3.1133	-0.0277	-0.0108	2.4564	4.6608	2.5086	7.9996	0.2962	0.1481	0.1480	0.1481	0.1481	0.0000	0.1480	0.0000	0.1480	0.1551	0.0377	0.1174	0.0377	0.0377	0.0000	0.1175	0.0000	0.1174	0.5964	0.4582	0.1382	0.1349	0.1341	0.0008	0.4615	0.3241	0.1374	0.3452	0.1772	0.1680	0.0664	0.0654	0.0011	0.2788	0.1118	0.1670	1.1050	1.5190	1.5323	1.9360	1.9171	0.0000	0.7612	0.0000	1.5319	0.4494	0.2128	0.6988	0.5672	0.5764	0.0000	0.4213	0.0004	0.7032	
38	47	0.1023	3	2	1	2	0	0	0	0	0	Y	N	Y	N	N	N	N	N	N	N	N	N	0.0390	0.0115	0.4717	0.0523	0.0529	0.0000	0.1252	0.0000	0.4762	0.0013	0.0008	0.0044	0.0068	0.0069	0.0000	0.0007	0.0000	0.0044	0.0340	0.0679	0.0092	0.1295	0.1311	0.0006	0.0059	0.0107	0.0093	0.9992	0.1515	-0.0000	-0.0035	2.4564	3.0001	2.5086	1.0598	0.0004	0.0002	0.0002	0.0002	0.0002	0.0000	0.0002	0.0000	0.0002	0.0051	0.0044	0.0007	0.0044	0.0044	0.0000	0.0007	0.0000	0.0007	0.2701	0.2289	0.0412	0.0265	0.0259	0.0006	0.2436	0.2031	0.0406	0.1495	0.0770	0.0725	0.0340	0.0336	0.0004	0.1155	0.0434	0.0721	0.0390	0.0137	0.4717	0.0523	0.0529	0.0000	0.1252	0.0000	0.4762	0.0340	0.0573	0.0092	0.1295	0.1311	0.0006	0.0059	0.0002	0.0093
38	48	0.0625	2	2	0	2	0	0	0	0	0	Y	N	Y	N	N	N	N	N	N	N	N	N	0.9253	0.8276	1.1328	0.4825	0.4757	0.0000	1.1350	0.0000	1.1277	1.0518	0.8261	1.4479	1.2979	1.2994	0.0000	0.8841	0.0000	1.4497	1.1368	0.9981	1.2781	2.6901	2.7315	0.0000	0.7789	0.0107	1.2855	0.9992	1.2566	-0.0277	-0.0641	2.4564	0.6630	2.5086	5.9830	0.2960	0.1481	0.1480	0.1481	0.1481	0.0000	0.1480	0.0000	0.1480	0.2377	0.1053	0.1324	0.1053	0.1053	0.0000	0.1324	0.0000	0.1324	0.2815	0.1793	0.1022	0.1141	0.1140	0.0001	0.1674	0.0653	0.1021	0.2091	0.1055	0.1036	0.0392	0.0386	0.0006	0.1699	0.0670	0.1030	0.9253	0.8276	1.1328	0.4825	0.4757	0.0000	1.1350	0.0000	1.1277	1.1368	0.9981	1.2781	2.6901	2.7315	0.0000	0.7789	0.0002	1.2855
38	49	0.0625	2	2	1	1	0	0	0	0	0	Y	N	N	N	N	N	N	N	N	N	N	N	0.5005	0.4682	0.7923	0.7244	0.7003	0.3292	0.0000	0.7936	0.1981	0.1241	0.4902	0.5160	0.5205	0.0000	0.1227	0.0000	0.4943	0.3958	0.2650	0.6187	0.7124	0.7433	0.0000	0.3725	0.2622	0.6228	1.0011	3.0834	-0.0142	-0.0111	2.4564	7.3392	2.5086	7.9996	0.1521	0.0760	0.0761	0.0760	0.0760	0.0000	0.0761	0.0000	0.0761	0.1559	0.0382	0.1177	0.0377	0.0377	0.0000	0.1182	0.0005	0.1177	0.7674	0.6123	0.1552	0.1472	0.1460	0.0013	0.6202	0.4663	0.1539	0.3937	0.2035	0.1902	0.0766	0.0753	0.0012	0.3172	0.1282	0.1890	0.5005	0.6618	0.7923	1.0481	1.0400	0.0000	0.3292	0.0000	0.7936	0.3958	0.1875	0.6187	0.4923	0.5005	0.0000	0.3725	0.0037	0.6228	
38	50	0.0625	2	1	0	1	1	0	0	0	0	N	N	N	N	N	N	N	N	N	N	N	N	0.4033	1.2260	0.4532	1.7030	1.6754	0.0000	0.2210	0.0000	0.4531	0.4966	0.3233	1.0709	1.0982	1.1051	0.0000	0.3208	0.0000	1.0775	1.2313	0.2637	2.3628	0.6449	0.6596	0.1282	1.4515	1.3909	2.3778	0.9993	12.0960	-0.0277	0.0496	2.4564	4.6608	2.5086	12.0004	0.2962	0.1481	0.1480	0.1481	0.1481	0.0000	0.1480	0.0000	0.1480	0.5114	0.0391	0.4724	0.0264	0.0262	0.0002	0.4851	0.0129	0.4722	0.5964	0.4582	0.1382	0.1349	0.1341	0.0008	0.4615	0.3241	0.1374	0.4154	0.2154	0.1999	0.0812	0.0798	0.0013	0.3342	0.1356	0.1986	0.4033	1.7836	0.4532	3.3815	3.3686	0.0000	0.2210	0.0000	0.4531	1.2313	0.1813	2.3628	0.3248	0.3280	0.1282	1.4515	0.0948	2.3778
38	51	0.0930	3	1	1	2	0	0	0	0	0	N	N	Y	N	N	N	N	N	N	N	N	N	2.7709	1.4780	3.5804	3.0570	3.1415	0.7058	2.4004	0.0000	3.6928	0.4309	0.2939	0.8059	0.5654	0.5644	0.5893	0.3425	0.0000	0.8192	0.1555	0.1989	0.2251	0.1850	0.1797	0.8349	0.1427	0.0150	0.2218	1.0023	1.8724	-0.0176	-0.0051	2.4564	2.4249	2.5086	2.1457	0.1896	0.0947	0.0949	0.0987	0.0947	0.0040	0.0909	0.0000	0.0909	0.0294	0.0102	0.0191	0.0106	0.0102	0.0004	0.0187	0.0000	0.0187	0.4399	0.3221	0.1178	0.1746	0.1677	0.0068	0.2653	0.1544	0.1109	0.1887	0.1037	0.0850	0.0574	0.0567	0.0007	0.1314	0.0470	0.0843	2.7709	2.9831	3.5804	3.0570	3.1415	0.9369	2.4004	0.0000	3.6928	0.1555	0.0985	0.2251	0.1850	0.1797	0.6290	0.1427	0.0007	0.2218
38	52	0.0625	2	1	1	1	0	0	0	0	0	N	N	N	N	N	N	N	N	N	N	N	N	0.1464	0.2340	0.1788	0.2520	0.2498	0.0000	0.1014	0.0155	0.1788	0.4663	0.3218	0.8969	0.9302	0.9349	0.0000	0.3111	0.0156	0.9014	3.1845	1.3752	5.0158	3.6918	3.7430	0.3306	3.0685	1.0096	5.0423	0.9348	3.6035	-0.0265	-0.0248	2.4564	3.5386	2.5086	1.9499	0.2406	0.1244	0.1163	0.1203	0.1203	0.0000	0.1203	0.0040	0.1163	0.5660	0.1229	0.4430	0.1222	0.1220	0.0002	0.4438	0.0009	0.4429	0.5160	0.3864	0.1296	0.1294	0.1287	0.0006	0.3867	0.2577	0.1290	0.1777	0.0894	0.0883	0.0331	0.0326	0.0005	0.1446	0.0568	0.0878	0.1464	0.2340	0.1788	0.2520	0.2498	0.0000	0.1014	0.9387	0.1788	3.1845	1.3752	5.0158	3.6918	3.7430	0.3306	3.0685	0.0167	5.0423
38	53	0.0625	2	2	0	2	0	0	0	0	0	Y	N	Y	N	N	N	N	N	N	N	N	N	0.2297	0.1429	0.4882	0.1547	0.1531	0.2734	0.0000	0.4877	0.3059	0.2036	0.6043	0.5920	0.5949	0.0000	0.2074	0.0000	0.6072	1.3322	1.4249	1.2379	3.8260	3.8848	0.0000	0.7587	0.8212	1.2450	1.0178	0.8541	-0.0137	-0.0980	2.4564	3.3392	2.5086	2.9996	0.1533	0.0760	0.0773	0.0760	0.0760	0.0000	0.0773	0.0000	0.0773	0.2677	0.1444	0.1233	0.1438	0.1438	0.0000	0.1240	0.0006	0.1233	0.5011	0.3732	0.1280	0.1283	0.1277	0.0006	0.3728	0.2454	0.1274	0.2010	0.1013	0.0996	0.0376	0.0370	0.0006	0.1634	0.0643	0.0991	0.2297	0.1429	0.4882	0.1547	0.1531	0.0000	0.2734	0.0000	0.4877	1.3322	1.4249	1.2379	3.8260	3.8848	0.0000	0.7587	0.0099	1.2450	
38	54	0.1086	3	2	1	1	0	0	0	0	0	Y	N	N	N	N	N	N	N	N	N	N	N	0.0456	0.0017	0.2773	0.0049	0.0051	0.0000	0.0745	0.0000	0.3385	0.0072	0.0004	0.0588	0.0008	0.0009	0.0000	0.0112	0.0000	0.0724	0.1577	0.2171	0.2121	0.1714	0.1729	0.0070	0.1498	1.0974	0.2138	21.4975	1.3469	0.0005	-0.0052	2.4564	2.0079	2.5086	2.2027	0.0014	0.0001	0.0013	0.0001	0.0001	0.0000	0.0013	0.0000	0.0013	0.0207	0.0088	0.0119	0.0082	0.0082	0.0000	0.0125	0.0006	0.0119	0.1962	0.1733	0.0229	0.0754	0.0711	0.0043	0.1208	0.1022	0.0186	0.1315	0.0754	0.0561	0.0479	0.0474	0.0004	0.0836	0.0280	0.0556	0.0456	0.0031	0.2773	0.0049	0.0051	0.0000	0.0745	0.0000	0.3385	0.1577	0.1172	0.2121	0.1714	0.1729	0.0070	0.1498	0.0226	0.2138
38	55	0.0625	2	2	1	1	0	0	0	0	0	Y	N	N	N	N	N	N	N	N	N	N	N	0.2680	0.1622	0.6185	0.1983	0.1964	0.0000	0.3138	0.0000	0.6185	0.2650	0.1735	0.5600	0.5700	0.5734	0.0000	0.1727	0.0000	0.5633	0.9887	1.0697	0.9054	2.8740	2.9189	0.0000	0.5501	0.0107	0.9107	1.0011	0.8227	-0.0142	-0.0929	2.4564	4.3406	2.5086	3.9440	0.1521	0.0760	0.0761	0.0760	0.0760	0.0000	0.0761	0.0000	0.0761	0.2476	0.1358	0.1118	0.1358	0.1358	0.0000	0.1118	0.0000	0.1118	0.5741	0.4382	0.1359	0.1333	0.1325	0.0008	0.4407	0.3056	0.1351	0.2504	0.1270	0.1234	0.0473	0.0465	0.0007	0.2032	0.0805	0.1227	0.2680	0.1622	0.6185	0.1983	0.1964	0.0000	0.3138	0.0000	0.6185	0.9887	1.0697	0.9054	2.8740	2.9189	0.0000	0.5501	0.0002	0.9107
38	56	0.0625	2	1	1	1	0	0	0	0	0	N	N	N	N	N	N	N	N	N	N	N	N	0.2887	0.4387	0.3671	0.5013	0.4967	0.0000	0.2002	0.0000	0.3669	0.5670	0.3755	1.1454	1.1398	1.1457	0.0000	0.3786	0.0000	1.1513	1.9643	0.8561	3.1199	2.2734	2.3067	0.1876	1.8914	0.9217	3.1380	1.0099	3.4944	-0.0271	-0.0294	2.4564	3.6608	2.5086	7.0004	0.2977	0.1481	0.1496	0.1481	0.1481	0.0000	0.1496	0.0000	0.1496	0.5982	0.1331	0.4651	0.1321	0.1319	0.0002	0.4661	0.0012	0.4649	0.5251	0.3945	0.1306	0.1300	0.1293	0.0007	0.3951	0.2652	0.1299	0.3045	0.1555	0.1491	0.0581	0.0572	0.0009	0.2464	0.0983	0.1482	0.2887	0.4387	0.3671	0.5013	0.4967	0.0000	0.2002	0.0000	0.3669	1.9643	0.8561	3.1199	2.2734	2.3067	0.1876	1.8914	0.0122	3.1380
38	57	0.0625	2	1	0	2	0	0	0	0	0	N	N	Y	N	N	N	N	N	N	N	N	N	732.7884	963.6897	817.3551	1060.6125	1047.1273	550.6669	0.0000	814.8545	0.8049	0.5804	1.3136	1.2389	1.2422	0.0000	0.5960	0.0000	1.3172	0.0011	0.0006	0.0016	0.0012	0.0012	0.0000	0.0011	0.0114	0.0016	0.9992	2.6032	-0.0277	-0.0000	2.4564	1.6608	2.5086	6.0004	0.2962	0.1481	0.1480	0.1481	0.1481	0.0000	0.1480	0.0000	0.1480	0.0003	0.0001	0.0002	0.0001	0.0001	0.0000	0.0002	0.0000	0.0002	0.3679	0.2552	0.1127	0.1196	0.1193	0.0003	0.2484	0.1360	0.1124	0.2351	0.1190	0.1161	0.0442	0.0436	0.0007	0.1909	0.0755	0.1154	732.7884	963.6897	817.3551	1060.6125	1047.1273	0.0000	550.6669	0.0000	814.8545	0.0011	0.0006	0.0016	0.0012	0.0012	0.0000	0.0011	0.0003	0.0016	
38	58	0.0625	2	2	1	1	0	0	0	0	0	Y	N	N	N	N	N	N	N	N	N	N	N	0.0705	0.5359	0.0709	0.6043	0.5888	0.0384	0.0000	0.0709	0.2649	0.1734	0.5597	0.5699	0.5733	0.0000	0.1726	0.0000	0.5630	3.7593	0.3237	7.8959	0.9431	0.9736	0.0000	4.4900	0.0289	7.9370	1.0008	28.1812	-0.0142	0.1667	2.4564	4.3392	2.5086	6.9996	0.1520	0.0760	0.0760	0.0760	0.0760	0.0000	0.0760	0.0000	0.0760	1.1984	0.0411	1.1574	0.0409	0.0409	0.0000	1.1576	0.0002	1.1574	0.5740	0.4381	0.1359	0.1333	0.1325	0.0008	0.4406	0.3055	0.1351	0.3188	0.1630	0.1557	0.0610	0.0600	0.0010	0.2578	0.1030	0.1548	0.0705	0.6886	0.0753	0.8501	0.8417	0.0000	0.0384	0.0000	0.0753	3.7593	0.2519	7.4310	0.6704	0.6812	0.0000	4.4900	0.0017	7.4772	
38	59	0.0625	2	2	1	2	0	0	0	0	0	Y	N	Y	N	N	N	N	N	N	N	N	N	0.1694	57.7542	0.1894	297.5364	294.9113	0.0870	0.0000	0.1895	0.4483	0.2858	1.0289	1.0608	1.0685	0.0000	0.2850	0.0000	1.0361	2.6463	0.0049	5.4318	0.0036	0.0036	0.0000	3.2759	0.5437	5.4663	1.0079	1041.0024	-0.0272	0.1575	2.4564	5.6608	2.5086	7.0004	0.2974	0.1481	0.1493	0.1481	0.1481	0.0000	0.1493	0.0000	0.1493	0.9137	0.0009	0.9128	0.0002	0.0002	0.0000	0.9134	0.0006	0.9128	0.6635	0.5184	0.1451	0.1396	0.1386	0.0010	0.5239	0.3798	0.1441	0.3453	0.1772	0.1680	0.0664	0.0654	0.0011	0.2788	0.1119	0.1670	0.1694	57.7542	0.1894	297.5364	294.9113	0.0000	0.0870	0.0000	0.1895	2.6463	0.0049	5.4318	0.0036	0.0036	0.0000	3.2759	0.0057	5.4663	
38	60	0.0625	2	1	1	1	0	0	0	0	0	N	N	N	N	N	N	N	N	N	N	N	N	0.0000	0.0000	0.0000	0.0000	0.0000	0.0000	0.0000	0.0000	0.0000	0.0000	0.0000	0.0000	0.0000	0.0000	0.0000	0.0000	0.0000	0.0000	2.5308	0.3402	4.8237	1.0271	1.0103	0.3168	2.9454	0.7505	4.8494	17.4439	0.0000	0.0578	2.4564	2.0000	2.5086	4.0000	0.0000	0.0000	0.0000	0.0000	0.0000	0.0000	0.0000	0.0000	0.0000	0.4855	0.0263	0.4592	0.0259	0.0258	0.0002	0.4595	0.0006	0.4590	0.3960	0.2800	0.1160	0.1214	0.1210	0.0004	0.2747	0.1590	0.1156	0.1918	0.0966	0.0952	0.0358	0.0353	0.0005	0.1560	0.0614	0.0946	0.0000	0.0000	0.0000	0.0000	0.0000	0.0000	0.0000	0.0000	0.0000	2.5308	0.2724	4.8237	0.7245	0.7308	0.3168	2.9454	0.0090	4.8494	
38	61	0.0625	2	2	0	2	0	0	0	0	0	Y	N	Y	N	N	N	N	N	N	N	N	N	0.6751	0.2324	14.1577	0.3162	0.3133	5.9995	0.0000	14.1644	0.2387	0.1522	0.5409	0.5501	0.5539	0.0000	0.1534	0.0000	0.5445	0.3535	0.6548	0.0382	1.7399	1.7678	0.0000	0.0256	0.5482	0.0384	1.0178	0.0557	-0.0137	-0.0872	2.4564	5.3392	2.5086	6.0004	0.1533	0.0760	0.0773	0.0760	0.0760	0.0000	0.0773	0.0000	0.0773	0.1127	0.1068	0.0060	0.1061	0.1061	0.0000	0.0066	0.0006	0.0060	0.6424	0.4994	0.1430	0.1381	0.1372	0.0010	0.5042	0.3622	0.1420	0.3188	0.1631	0.1558	0.0610	0.0600	0.0010	0.2578	0.1030	0.1548	0.6751	0.2324	14.1577	0.3162	0.3133	0.0000	5.9995	0.0000	14.1644	0.3535	0.6548	0.0382	1.7399	1.7678	0.0000	0.0256	0.0062	0.0384	
38	62	0.0625	2	1	1	1	0	0	0	0	0	N	N	N	N	N	N	N	N	N	N	N	N	0.2863	0.0945	32.6151	0.7079	0.7031	0.0000	0.1805	0.0008	33.1837	0.3531	0.2196	0.9139	0.9686	0.9780	0.0000	0.2165	0.0024	0.9223	1.2332	2.3233	0.0280	1.3684	1.3910	0.0598	1.1997	2.8759	0.0278	0.9906	0.0109	-0.0285	-0.4885	2.4564	8.6608	2.5086	13.0004	0.2974	0.1494	0.1480	0.1481	0.1481	0.0000	0.1493	0.0013	0.1480	0.5988	0.5923	0.0065	0.1321	0.1320	0.0001	0.4667	0.4603	0.0064	0.8424	0.6805	0.1620	0.1529	0.1515	0.0015	0.6895	0.5290	0.1605	0.4855	0.2549	0.2306	0.0965	0.0949	0.0016	0.3890	0.1601	0.2289	0.2863	0.0945	32.6151	0.7079	0.7031	0.0000	0.1805	0.0008	33.1837	1.2332	2.3233	0.0280	1.3684	1.3910	0.0598	1.1997	2.8759	0.0278
38	63	0.1363	3	1	0	2	0	0	0	0	0	N	N	Y	N	N	N	N	N	N	N	N	N	0.0033	0.0065	0.0050	0.0120	0.0117	0.0000	0.0017	0.0006	0.0048	0.0003	0.0002	0.0009	0.0005	0.0006	0.0000	0.0002	0.0000	0.0010	0.0882	0.0267	0.1885	0.0451	0.0488	0.0217	0.1159	0.0055	0.2154	0.9868	4.3235	-0.0000	-0.0000	2.4564	0.9961	2.5086	0.0337	0.0000	0.0000	0.0000	0.0000	0.0000	0.0000	0.0000	0.0000	0.0000	0.0029	0.0005	0.0023	0.0006	0.0005	0.0000	0.0023	0.0000	0.0023	0.0921	0.0779	0.0142	0.0248	0.0236	0.0012	0.0673	0.0543	0.0130	0.0328	0.0203	0.0124	0.0128	0.0111	0.0017	0.0199	0.0092	0.0107	0.0033	0.0065	0.0050	0.0120	0.0117	0.0000	0.0017	0.0295	0.0048	0.0882	0.0267	0.1885	0.0451	0.0488	0.0217	0.1159	0.0001	0.2154
38	64	0.0625	2	1	0	2	0	0	0	0	0	N	N	Y	N	N	N	N	N	N	N	N	N	0.1110	0.3697	0.0939	0.4197	0.4156	0.0000	0.0666	0.0052	0.0874	0.5662	0.3785	1.1330	1.1396	1.1455	0.0000	0.3776	0.0049	1.1388	5.1006	1.0241	12.0683	2.7152	2.7561	0.1731	5.6660	0.9323	13.0284	0.9906	8.7300	-0.0285	0.1172	2.4564	3.6648	2.5086	8.0029	0.2974	0.1494	0.1480	0.1481	0.1481	0.0000	0.1493	0.0013	0.1480	1.6605	0.1707	1.4898	0.1694	0.1692	0.0002	1.4911	0.0015	1.4897	0.5254	0.3947	0.1306	0.1300	0.1293	0.0007	0.3954	0.2654	0.1300	0.3255	0.1666	0.1589	0.0624	0.0614	0.0010	0.2632	0.1053	0.1579	0.1110	0.3697	0.1208	0.4197	0.4156	0.0000	0.0666	0.3464	0.1207	5.1006	1.0241	9.3761	2.7152	2.7561	0.1731	5.6660	0.0140	9.4336
38	65	0.0625	2	1	1	1	0	0	0	0	0	N	N	N	N	N	N	N	N	N	N	N	N	1.3318	1.0037	2.0378	1.5410	1.5391	0.8699	0.0000	2.0384	0.4076	0.2575	0.9784	1.0271	1.0354	0.0000	0.2542	0.0000	0.9860	0.3060	0.2565	0.4801	0.6665	0.6728	0.0000	0.2922	1.0968	0.4837	0.9993	2.8369	-0.0277	-0.0139	2.4564	6.6608	2.5086	17.9996	0.2962	0.1481	0.1480	0.1481	0.1481	0.0000	0.1480	0.0000	0.1480	0.1591	0.0415	0.1177	0.0377	0.0377	0.0000	0.1215	0.0038	0.1177	0.7267	0.5754	0.1513	0.1442	0.1431	0.0012	0.5824	0.4323	0.1501	0.5200	0.2750	0.2451	0.1043	0.1025	0.0018	0.4157	0.1724	0.2433	1.3318	1.7068	2.0378	2.8430	2.8164	0.0000	0.8699	0.0000	2.0384	0.3060	0.1508	0.4801	0.3613	0.3677	0.0000	0.2922	0.0220	0.4837	
38	66	0.0625	2	1	1	1	1	0	0	0	0	N	N	N	N	N	N	N	N	N	N	N	N	0.3301	0.2061	0.7688	0.2644	0.2620	0.3829	inf	0.7690	0.2435	0.1609	0.5319	0.5501	0.5539	0.0000	0.1595	0.0120	0.5355	0.7375	0.7806	0.6918	2.0806	2.1145	0.0000	0.4164	0.0000	0.6963	0.9465	0.8373	-0.0168	-0.0980	2.4564	5.3392	2.5086	7.9996	0.1564	0.0803	0.0760	0.0760	0.0760	0.0000	0.0804	0.0044	0.0760	0.2641	0.1438	0.1204	0.1438	0.1438	0.0000	0.1204	0.0000	0.1204	0.6424	0.4994	0.1430	0.1381	0.1372	0.0010	0.5042	0.3622	0.1420	0.3581	0.1842	0.1740	0.0691	0.0680	0.0011	0.2891	0.1162	0.1729	0.3301	0.2061	0.7688	0.2644	0.2620	0.0000	0.3829	inf	0.7690	0.7375	0.7806	0.6918	2.0806	2.1145	0.0000	0.4164	0.0000	0.6963	
38	67	0.0625	2	1	1	1	0	0	0	0	0	N	N	N	N	N	N	N	N	N	N	N	N	0.3061	0.1921	0.7318	0.2835	0.2811	0.3215	0.0000	0.7324	0.2170	0.1363	0.5179	0.5322	0.5364	0.0000	0.1372	0.0000	0.5217	0.7088	0.7098	0.7077	1.8775	1.9085	0.0000	0.4267	0.4502	0.7123	1.0180	0.9317	-0.0136	-0.0961	2.4564	6.3392	2.5086	8.9996	0.1533	0.0760	0.0774	0.0760	0.0760	0.0000	0.0774	0.0000	0.0774	0.2791	0.1445	0.1346	0.1438	0.1438	0.0000	0.1353	0.0007	0.1346	0.7068	0.5574	0.1494	0.1428	0.1417	0.0011	0.5640	0.4157	0.1483	0.3937	0.2035	0.1902	0.0766	0.0753	0.0012	0.3172	0.1282	0.1890	0.3061	0.1921	0.7318	0.2835	0.2811	0.0000	0.3215	0.0000	0.7324	0.7088	0.7098	0.7077	1.8775	1.9085	0.0000	0.4267	0.0056	0.7123	
38	68	0.0625	2	1	1	1	0	0	0	0	0	N	N	N	N	N	N	N	N	N	N	N	N	14.6563	3.2256	124.0825	1234.5126	1222.7438	7.6995	0.0000	124.0766	0.4966	0.3233	1.0709	1.0982	1.1051	0.0000	0.3208	0.0000	1.0775	0.0339	0.1002	0.0086	0.0009	0.0009	0.0000	0.0417	1.1956	0.0087	0.9993	0.1425	-0.0277	-0.0072	2.4564	4.6608	2.5086	6.0004	0.2962	0.1481	0.1480	0.1481	0.1481	0.0000	0.1480	0.0000	0.1480	0.0103	0.0090	0.0013	0.0001	0.0001	0.0000	0.0103	0.0090	0.0013	0.5964	0.4582	0.1382	0.1349	0.1341	0.0008	0.4615	0.3241	0.1374	0.3045	0.1555	0.1491	0.0581	0.0572	0.0009	0.2464	0.0983	0.1482	14.6563	5.5652	124.0825	1234.5126	1222.7438	0.0000	7.6995	0.0000	124.0766	0.0339	0.0581	0.0086	0.0009	0.0009	0.0000	0.0417	0.0914	0.0087	
38	69	0.0884	3	1	1	1	0	0	0	0	0	N	N	N	N	N	N	N	N	N	N	N	N	0.3677	0.2230	0.8675	0.2602	0.2612	1.2643	0.3937	0.0000	0.8781	0.1753	0.1121	0.4018	0.2675	0.2704	0.0346	0.1303	0.0000	0.4088	0.4767	0.5026	0.4631	1.0280	1.0354	0.0274	0.3309	0.0031	0.4656	1.0008	0.8315	-0.0087	-0.0610	2.4564	3.0720	2.5086	3.7333	0.0936	0.0468	0.0468	0.0469	0.0468	0.0001	0.0468	0.0000	0.0468	0.1637	0.0894	0.0743	0.0894	0.0894	0.0000	0.0743	0.0000	0.0743	0.5340	0.4175	0.1165	0.1752	0.1730	0.0022	0.3588	0.2444	0.1143	0.3434	0.1829	0.1605	0.1189	0.1180	0.0009	0.2245	0.0649	0.1596	0.3677	0.2294	0.8675	0.3557	0.3570	1.2643	0.3937	0.0000	0.8781	0.4767	0.4886	0.4631	0.7520	0.7576	0.0274	0.3309	0.0000	0.4656
38	70	0.0625	2	1	1	1	0	0	0	0	0	N	N	N	N	N	N	N	N	N	N	N	N	0.7816	0.5218	1.3816	0.4086	0.4036	0.0000	1.0304	0.0007	1.3776	0.5030	0.3643	0.8127	0.7641	0.7660	0.0000	0.3749	0.0006	0.8149	0.6435	0.6983	0.5882	1.8698	1.8982	0.0006	0.3638	0.8879	0.5915	0.9986	0.8349	-0.0171	-0.0390	2.4564	1.5925	2.5086	3.3727	0.1822	0.0912	0.0910	0.0911	0.0911	0.0000	0.0911	0.0001	0.0910	0.1048	0.0571	0.0477	0.0566	0.0566	0.0000	0.0483	0.0006	0.0477	0.3622	0.2502	0.1120	0.1192	0.1189	0.0003	0.2430	0.1313	0.1117	0.1629	0.0818	0.0811	0.0303	0.0298	0.0005	0.1327	0.0520	0.0806	0.7816	0.5218	1.3816	0.4086	0.4036	0.0000	1.0304	0.0535	1.3776	0.6435	0.6983	0.5882	1.8698	1.8982	0.0006	0.3638	0.0109	0.5915
38	71	0.0625	2	1	1	1	0	0	0	0	0	N	N	N	N	N	N	N	N	N	N	N	N	0.2104	15.5878	0.2319	378.5166	374.9445	0.1071	0.0000	0.2319	0.4463	0.2858	1.0201	1.0608	1.0685	0.0000	0.2825	0.0000	1.0272	2.1212	0.0183	4.3993	0.0028	0.0028	0.0000	2.6381	1.1384	4.4292	0.9992	221.5217	-0.0277	0.1543	2.4564	5.6608	2.5086	12.0004	0.2962	0.1481	0.1480	0.1481	0.1481	0.0000	0.1480	0.0000	0.1480	0.9139	0.0041	0.9098	0.0002	0.0002	0.0000	0.9136	0.0039	0.9098	0.6635	0.5184	0.1451	0.1396	0.1386	0.0010	0.5239	0.3798	0.1441	0.4308	0.2240	0.2068	0.0845	0.0831	0.0014	0.3463	0.1409	0.2054	0.2104	15.5878	0.2319	378.5166	374.9445	0.0000	0.1071	0.0000	0.2319	2.1212	0.0183	4.3993	0.0028	0.0028	0.0000	2.6381	0.0275	4.4292	
38	73	0.0625	2	2	1	1	1	0	0	0	0	Y	N	N	N	N	N	N	N	N	N	N	N	1.0153	0.3750	17.2781	0.4067	0.4020	8.6470	0.0078	17.2491	0.3059	0.2071	0.5942	0.5920	0.5949	0.0000	0.2074	0.0053	0.5971	0.3013	0.5522	0.0344	1.4558	1.4797	0.0000	0.0240	0.6756	0.0346	0.9841	0.0585	-0.0149	-0.0875	2.4564	3.3392	2.5086	11.0004	0.1533	0.0773	0.0760	0.0760	0.0760	0.0000	0.0773	0.0013	0.0760	0.1134	0.1072	0.0063	0.1061	0.1061	0.0000	0.0073	0.0010	0.0063	0.5011	0.3732	0.1280	0.1283	0.1277	0.0006	0.3728	0.2454	0.1274	0.3764	0.1941	0.1823	0.0729	0.0717	0.0012	0.3035	0.1223	0.1812	1.0153	0.3750	17.2781	0.4067	0.4020	0.0000	8.6470	0.6366	17.2491	0.3013	0.5522	0.0344	1.4558	1.4797	0.0000	0.0240	0.0083	0.0346	
38	74	0.0625	2	1	1	1	1	0	0	0	0	N	N	N	N	N	N	N	N	N	N	N	N	0.6105	0.2110	12.9123	0.3059	0.3034	4.9439	0.0038	12.9288	0.2169	0.1386	0.5091	0.5322	0.5364	0.0000	0.1371	0.0031	0.5129	0.3553	0.6571	0.0394	1.7401	1.7680	0.0000	0.0277	0.8070	0.0397	0.9841	0.0573	-0.0149	-0.0875	2.4564	6.3392	2.5086	5.0004	0.1533	0.0773	0.0760	0.0760	0.0760	0.0000	0.0773	0.0013	0.0760	0.1133	0.1071	0.0061	0.1061	0.1061	0.0000	0.0072	0.0010	0.0061	0.7068	0.5574	0.1494	0.1428	0.1417	0.0011	0.5640	0.4157	0.1483	0.3188	0.1631	0.1558	0.0610	0.0600	0.0010	0.2578	0.1030	0.1548	0.6105	0.2110	12.9123	0.3059	0.3034	0.0000	4.9439	0.3165	12.9288	0.3553	0.6571	0.0394	1.7401	1.7680	0.0000	0.0277	0.0098	0.0397	
38	75	0.1328	3	1	1	1	0	0	0	0	0	N	N	N	N	N	N	N	N	N	N	N	N	0.0019	0.0022	0.0170	0.0024	0.0024	0.0000	0.0015	0.0000	0.0234	0.0023	0.0012	0.0340	0.0022	0.0022	0.0000	0.0024	0.0000	0.0473	1.1807	0.5267	2.0012	0.9135	0.9320	0.0006	1.6261	0.5572	2.0212	1.0007	3.0285	-0.0000	-0.0087	2.4564	0.0009	2.5086	1.7419	0.0000	0.0000	0.0000	0.0000	0.0000	0.0000	0.0000	0.0000	0.0000	0.1166	0.0289	0.0877	0.0289	0.0289	0.0000	0.0877	0.0001	0.0877	0.0079	0.0076	0.0003	0.0041	0.0041	0.0001	0.0037	0.0036	0.0002	0.0988	0.0550	0.0438	0.0448	0.0444	0.0004	0.0539	0.0106	0.0434	0.0019	0.0022	0.0170	0.0034	0.0034	0.0000	0.0015	0.0000	0.0234	1.1807	0.5267	2.0012	0.6444	0.6507	0.0006	1.6261	0.0064	2.0212
38	76	0.0625	2	1	1	1	0	0	0	0	0	N	N	N	N	N	N	N	N	N	N	N	N	0.4733	0.1978	2.4392	0.2861	0.2837	0.0000	1.0697	0.0000	2.4420	0.2187	0.1390	0.5130	0.5354	0.5395	0.0000	0.1375	0.0000	0.5168	0.4622	0.7026	0.2103	1.8716	1.9017	0.0000	0.1285	0.2798	0.2116	1.0008	0.2858	-0.0142	-0.0897	2.4564	6.1537	2.5086	5.2905	0.1520	0.0760	0.0760	0.0760	0.0760	0.0000	0.0760	0.0000	0.0760	0.1483	0.1154	0.0330	0.1150	0.1150	0.0000	0.0334	0.0004	0.0330	0.6951	0.5469	0.1482	0.1419	0.1408	0.0011	0.5532	0.4060	0.1472	0.3210	0.1642	0.1568	0.0614	0.0605	0.0010	0.2595	0.1037	0.1558	0.4733	0.1978	2.4392	0.2861	0.2837	0.0000	1.0697	0.0000	2.4420	0.4622	0.7026	0.2103	1.8716	1.9017	0.0000	0.1285	0.0037	0.2116
38	77	0.0625	2	1	0	2	1	0	0	0	0	N	N	Y	N	N	N	N	N	N	N	N	N	0.7144	0.2511	14.3540	0.3376	0.3345	5.8916	0.0045	14.3595	0.2387	0.1547	0.5320	0.5501	0.5539	0.0000	0.1534	0.0036	0.5356	0.3341	0.6163	0.0371	1.6296	1.6559	0.0000	0.0260	0.7929	0.0373	0.9844	0.0571	-0.0149	-0.0875	2.4564	5.3392	2.5086	7.0004	0.1533	0.0773	0.0761	0.0760	0.0760	0.0000	0.0774	0.0013	0.0761	0.1133	0.1071	0.0061	0.1061	0.1061	0.0000	0.0071	0.0010	0.0061	0.6424	0.4994	0.1430	0.1381	0.1372	0.0010	0.5042	0.3622	0.1420	0.3390	0.1738	0.1651	0.0651	0.0641	0.0010	0.2739	0.1098	0.1641	0.7144	0.2511	14.3540	0.3376	0.3345	0.0000	5.8916	0.3870	14.3595	0.3341	0.6163	0.0371	1.6296	1.6559	0.0000	0.0260	0.0092	0.0373	
38	78	0.0625	2	1	0	2	1	0	0	0	0	N	N	Y	N	N	N	N	N	N	N	N	N	0.3099	0.1940	0.7454	0.2699	0.2676	0.3462	0.0447	0.7461	0.2213	0.1441	0.5092	0.5322	0.5364	0.0000	0.1426	0.0105	0.5130	0.7141	0.7431	0.6832	1.9720	2.0043	0.0000	0.4119	0.2347	0.6876	0.9467	0.8637	-0.0168	-0.0976	2.4564	6.3392	2.5086	7.9996	0.1564	0.0803	0.0761	0.0760	0.0760	0.0000	0.0804	0.0044	0.0761	0.2688	0.1442	0.1246	0.1438	0.1438	0.0000	0.1250	0.0004	0.1246	0.7068	0.5574	0.1494	0.1428	0.1417	0.0011	0.5640	0.4157	0.1483	0.3764	0.1941	0.1823	0.0729	0.0717	0.0012	0.3035	0.1223	0.1812	0.3099	0.1940	0.7454	0.2699	0.2676	0.0000	0.3462	2.9157	0.7461	0.7141	0.7431	0.6832	1.9720	2.0043	0.0000	0.4119	0.0036	0.6876	
38	79	0.0625	2	1	1	1	0	0	0	0	0	N	N	N	N	N	N	N	N	N	N	N	N	145.0659	77.1427	371.0933	392.9254	387.8238	100.1788	0.0000	369.8362	0.4462	0.3286	0.6950	0.6449	0.6463	0.0000	0.3412	0.0000	0.6966	0.0031	0.0043	0.0019	0.0016	0.0017	0.0000	0.0034	0.5440	0.0019	1.0008	0.4322	-0.0142	-0.0003	2.4564	1.3392	2.5086	5.0004	0.1520	0.0760	0.0760	0.0760	0.0760	0.0000	0.0760	0.0000	0.0760	0.0006	0.0004	0.0002	0.0001	0.0001	0.0000	0.0006	0.0004	0.0002	0.3407	0.2313	0.1094	0.1178	0.1176	0.0003	0.2229	0.1137	0.1092	0.2010	0.1013	0.0996	0.0376	0.0370	0.0006	0.1634	0.0643	0.0991	145.0659	77.1427	371.0933	392.9254	387.8238	0.0000	100.1788	0.0000	369.8362	0.0031	0.0043	0.0019	0.0016	0.0017	0.0000	0.0034	0.0058	0.0019	
38	80	0.0625	2	2	1	1	0	0	0	0	0	Y	N	N	N	N	N	N	N	N	N	N	N	0.3054	0.1844	0.8107	0.3023	0.3001	0.3265	0.0040	0.8123	0.1859	0.1163	0.4743	0.5013	0.5061	0.0000	0.1149	0.0025	0.4785	0.6089	0.6308	0.5851	1.6585	1.6866	0.0000	0.3520	0.6332	0.5891	0.9844	0.8532	-0.0149	-0.0983	2.4564	8.3392	2.5086	9.9996	0.1533	0.0773	0.0761	0.0760	0.0760	0.0000	0.0774	0.0013	0.0761	0.2684	0.1448	0.1236	0.1438	0.1438	0.0000	0.1247	0.0011	0.1236	0.8247	0.6643	0.1604	0.1516	0.1502	0.0014	0.6731	0.5142	0.1590	0.4409	0.2296	0.2112	0.0867	0.0852	0.0014	0.3542	0.1444	0.2098	0.3054	0.1844	0.8107	0.3023	0.3001	0.0000	0.3265	0.3354	0.8123	0.6089	0.6308	0.5851	1.6585	1.6866	0.0000	0.3520	0.0075	0.5891	
39	41	0.1297	2	1	1	1	0	0	0	0	0	N	N	N	N	N	N	N	N	N	N	N	N	1.3136	0.7226	1.4322	1.4617	0.0012	0.0014	0.0000	0.0096	0.0098	0.0000	0.0000	0.0000	0.0000	0.0009	0.0019	0.0000	0.0067	0.0067	0.0000	0.0000	0.0000	0.0000	0.0000	0.0000	-0.0003	-0.0003	5.6608	1.9694	8.0004	5.1440	0.0005	0.0005	0.0000	0.0005	0.0005	0.0000	0.0000	0.0000	0.0000	0.0004	0.0004	0.0000	0.0004	0.0004	0.0000	0.0000	0.0000	0.0000	0.3985	0.3394	0.0591	0.0491	0.0479	0.0012	0.3494	0.2915	0.0579	0.3946	0.1849	0.2097	0.0530	0.0528	0.0002	0.3416	0.1321	0.2095	1.3136	0.7226	0.0000	1.4322	1.4617	0.0000	0.0000	0.0000	0.0000	0.0009	0.0019	0.0000	0.0067	0.0067	0.0000	0.0000	0.0000	0.0000					
39	45	0.1320	2	1	2	1	0	0	0	0	0	N	Y	N	N	N	N	N	N	N	N	N	N	480.8311	315.3470	275.4720	270.3755	0.4660	0.6219	0.0000	1.7014	1.7087	0.0000	0.0000	0.0000	0.0000	0.0010	0.0020	0.0000	0.0062	0.0063	0.0000	0.0000	0.0000	0.0000	0.0000	0.0000	-0.1330	-0.0004	5.6608	1.3391	8.0004	5.8433	0.2241	0.2241	0.0000	0.2241	0.2241	0.0000	0.0000	0.0000	0.0000	0.0004	0.0004	0.0000	0.0004	0.0004	0.0000	0.0000	0.0000	0.0000	0.4809	0.3603	0.1206	0.1317	0.1311	0.0006	0.3492	0.2292	0.1201	0.4448	0.2186	0.2263	0.0698	0.0682	0.0016	0.3750	0.1504	0.2247	480.8311	315.3470	0.0000	275.4720	270.3755	0.0000	0.0000	0.0000	0.0000	0.0010	0.0020	0.0000	0.0062	0.0063	0.0000	0.0000	0.0000	0.0000					
39	47	0.1370	2	1	2	1	0	0	0	0	0	N	Y	N	N	N	N	N	N	N	N	N	N	1.6820	0.0000	2027.4704	0.0000	0.0000	534.2598	2044.2026	0.0010	0.0000	0.0068	0.0000	0.0000	0.0000	0.0011	0.0000	0.0069	0.0006	0.0014	0.0000	0.0137	0.0139	0.0000	0.0000	0.0000	0.0000	inf	0.0032	0.0002	-0.0001	5.6608	3.0001	8.0004	1.0598	0.0005	0.0000	0.0005	0.0000	0.0000	0.0000	0.0005	0.0000	0.0005	0.0001	0.0001	0.0000	0.0001	0.0001	0.0000	0.0000	0.0000	0.0000	0.5152	0.4377	0.0775	0.0264	0.0257	0.0007	0.4888	0.4120	0.0768	0.2138	0.0908	0.1229	0.0095	0.0093	0.0001	0.2043	0.0815	0.1228	1.6820	0.0000	2027.4704	0.0000	0.0000	0.0000	534.2598	0.0000	2044.2026	0.0006	0.0014	0.0000	0.0137	0.0139	0.0000	0.0000	0.0000	0.0000		
39	51	0.1277	2	0	2	1	0	0	0	0	0	N	Y	N	N	N	N	N	N	N	N	N	N	507.4600	0.0000	473482.6386	9.5019	0.0000	inf	217566.7758	480702.2366	0.4260	0.0000	2.0762	0.0543	0.0000	1.2633	0.6128	0.0000	2.1374	0.0008	0.0019	0.0000	0.0057	0.0060	0.0000	0.0000	0.0000	0.0000	inf	0.0029	0.1134	-0.0002	5.6608	2.4249	8.0004	2.1457	0.2791	0.0000	0.2791	0.0119	0.0000	0.0119	0.2672	0.0000	0.2672	0.0002	0.0002	0.0000	0.0002	0.0002	0.0000	0.0000	0.0000	0.0000	0.6550	0.5206	0.1344	0.2191	0.2097	0.0094	0.4360	0.3110	0.1250	0.2270	0.1025	0.1244	0.0333	0.0316	0.0017	0.1937	0.0710	0.1227	507.4600	0.0000	473482.6386	9.5019	0.0000	inf	217566.7758	0.0000	480702.2366	0.0008	0.0019	0.0000	0.0057	0.0060	0.0000	0.0000	0.0000	0.0000	
39	54	0.1433	2	1	2	0	0	0	0	0	0	N	Y	N	N	N	N	N	N	N	N	N	N	2.2575	0.2005	inf	0.3306	0.2138	inf	inf	inf	0.0033	0.0006	0.0237	0.0022	0.0014	0.0135	0.0040	0.0000	0.0265	0.0015	0.0029	0.0000	0.0068	0.0068	0.0000	0.0000	0.0000	0.0000	5.3508	0.0000	0.0003	-0.0002	5.6608	2.0079	8.0004	2.2027	0.0012	0.0002	0.0010	0.0003	0.0002	0.0001	0.0009	0.0000	0.0009	0.0003	0.0003	0.0000	0.0003	0.0003	0.0000	0.0000	0.0000	0.0000	0.3546	0.3128	0.0417	0.1365	0.1276	0.0089	0.2180	0.1852	0.0328	0.1786	0.0889	0.0897	0.0388	0.0387	0.0001	0.1398	0.0502	0.0896	2.2575	0.2005	inf	0.3306	0.2138	inf	inf	0.0000	inf	0.0015	0.0029	0.0000	0.0068	0.0068	0.0000	0.0000	0.0000	0.0000	
39	63	0.1711	2	0	1	1	0	0	0	0	0	N	N	N	N	N	N	N	N	N	N	N	N	0.8515	0.0000	inf	0.1266	0.0000	inf	inf	inf	0.0006	0.0000	0.0037	0.0002	0.0000	0.0043	0.0007	0.0000	0.0037	0.0007	0.0013	0.0000	0.0019	0.0025	0.0000	0.0000	0.0000	0.0000	inf	0.0000	0.0000	-0.0000	5.6608	0.9961	8.0004	0.0337	0.0001	0.0000	0.0001	0.0000	0.0000	0.0000	0.0001	0.0000	0.0001	0.0000	0.0000	0.0000	0.0000	0.0000	0.0000	0.0000	0.0000	0.0000	0.1754	0.1487	0.0267	0.0413	0.0389	0.0023	0.1341	0.1098	0.0244	0.0481	0.0255	0.0226	0.0168	0.0129	0.0039	0.0313	0.0126	0.0187	0.8515	0.0000	inf	0.1266	0.0000	inf	inf	0.0000	inf	0.0007	0.0013	0.0000	0.0019	0.0025	0.0000	0.0000	0.0000	0.0000	
39	69	0.1231	2	0	2	0	0	0	0	0	0	N	Y	N	N	N	N	N	N	N	N	N	N	11.8604	6.8525	9.0835	9.2011	0.1527	0.1854	0.0000	0.5453	0.5536	0.0000	0.0000	0.0000	0.0000	0.0129	0.0271	0.0000	0.0600	0.0602	0.0000	0.0000	0.0000	0.0000	0.0000	0.0000	-0.0820	-0.0050	5.6608	3.0720	8.0004	3.7333	0.1382	0.1382	0.0000	0.1382	0.1382	0.0000	0.0000	0.0000	0.0000	0.0060	0.0060	0.0000	0.0060	0.0060	0.0000	0.0000	0.0000	0.0000	0.9048	0.7451	0.1598	0.2534	0.2496	0.0038	0.6514	0.4955	0.1559	0.4693	0.2233	0.2460	0.1007	0.1004	0.0002	0.3686	0.1228	0.2458	11.8604	6.8525	0.0000	9.0835	9.2011	0.0000	0.0000	0.0000	0.0000	0.0129	0.0271	0.0000	0.0600	0.0602	0.0000	0.0000	0.0000	0.0000					
39	75	0.1675	2	0	2	0	0	0	0	0	0	N	Y	N	N	N	N	N	N	N	N	N	N	0.2091	1.4791	0.0000	0.3131	0.4232	0.0000	0.2384	inf	0.0000	0.0071	0.0074	0.0000	0.0028	0.0029	0.0000	0.0119	0.0125	0.0000	0.0341	0.0050	0.0658	0.0091	0.0068	0.1844	0.0497	0.0000	0.0646	0.0000	12.1153	-0.0001	0.0004	5.6608	0.0009	8.0004	1.7419	0.0001	0.0001	0.0000	0.0000	0.0000	0.0000	0.0001	0.0001	0.0000	0.0046	0.0003	0.0042	0.0005	0.0003	0.0001	0.0041	0.0000	0.0041	0.0177	0.0172	0.0006	0.0093	0.0091	0.0002	0.0084	0.0080	0.0004	0.1341	0.0700	0.0641	0.0516	0.0510	0.0007	0.0824	0.0190	0.0634	0.2091	1.4791	0.0000	0.3131	0.4232	0.0000	0.2384	inf	0.0000	0.0341	0.0050	0.0658	0.0091	0.0068	0.1844	0.0497	0.0000	0.0646
40	41	0.1095	2	2	0	2	0	0	0	0	0	Y	N	Y	N	N	N	N	N	N	N	N	N	0.7073	0.0000	2.5525	6.4824	0.0000	inf	0.6947	2.6034	2.2218	0.0000	15.0901	0.0052	0.0000	0.2019	2.5243	0.0000	15.4089	3.1413	0.0002	5.9119	0.0008	0.0008	0.0000	3.6337	0.0000	5.9188	inf	28936.6588	0.3912	0.2006	6.3392	1.9694	5.9996	5.1440	0.9623	0.0000	0.9623	0.0003	0.0000	0.0003	0.9620	0.0000	0.9620	1.1575	0.0000	1.1575	0.0000	0.0000	0.0000	1.1575	0.0000	1.1575	0.4331	0.3693	0.0638	0.0520	0.0507	0.0013	0.3811	0.3187	0.0624	0.3685	0.1727	0.1958	0.0499	0.0497	0.0002	0.3185	0.1230	0.1956	0.7073	0.0000	2.5525	6.4824	0.0000	inf	0.6947	0.0000	2.6034	3.1413	0.0002	5.9119	0.0008	0.0008	0.0000	3.6337	0.0000	5.9188	
40	45	0.1117	2	2	1	2	0	0	0	0	0	Y	N	Y	N	N	N	N	N	N	N	N	N	0.0397	0.0000	0.0882	0.0000	0.0000	0.0583	0.0808	0.2268	0.0000	0.9395	0.0000	0.0000	0.0000	0.3086	0.0000	0.9443	5.7159	2.5487	10.6553	8.0037	8.1876	0.0000	5.2932	0.0000	11.6806	inf	3.5789	0.0468	-0.1066	6.3392	1.3391	5.9996	5.8433	0.1150	0.0000	0.1150	0.0000	0.0000	0.0000	0.1150	0.0000	0.1150	2.3672	0.5170	1.8502	0.5170	0.5170	0.0000	1.8502	0.0000	1.8502	0.5072	0.3848	0.1224	0.1344	0.1338	0.0006	0.3728	0.2510	0.1218	0.4141	0.2028	0.2113	0.0646	0.0631	0.0015	0.3495	0.1397	0.2098	0.0397	0.0000	0.1073	0.0000	0.0000	0.0000	0.0583	0.0000	0.1071	5.7159	2.5487	8.7564	8.0037	8.1876	0.0000	5.2932	0.0000	8.8170		
40	47	0.1167	2	2	1	2	0	0	0	0	0	Y	N	Y	N	N	N	N	N	N	N	N	N	8.7130	0.2034	34.3063	0.3718	0.3776	8.9529	34.5964	1.7827	0.0023	11.9071	0.0405	0.0417	0.0000	1.8713	0.0000	12.0206	0.2046	0.0113	0.3471	0.1090	0.1105	0.0000	0.2090	0.0000	0.3475	907.7826	41.5075	0.4058	0.0061	6.3392	3.0001	5.9996	1.0598	1.0009	0.0011	0.9998	0.0011	0.0011	0.0000	0.9998	0.0000	0.9998	0.0408	0.0010	0.0398	0.0010	0.0010	0.0000	0.0398	0.0000	0.0398	0.5615	0.4775	0.0840	0.0272	0.0264	0.0008	0.5343	0.4511	0.0832	0.1994	0.0846	0.1148	0.0088	0.0087	0.0001	0.1906	0.0759	0.1146	8.7130	0.2034	34.3063	0.3718	0.3776	0.0000	8.9529	0.0000	34.5964	0.2046	0.0113	0.3471	0.1090	0.1105	0.0000	0.2090	0.0000	0.3475		
40	51	0.1075	2	1	1	2	0	0	0	0	0	N	N	Y	N	N	N	N	N	N	N	N	N	0.0392	19.6945	0.0007	9.0324	15.5417	0.0000	0.0005	0.0008	0.2077	0.2565	0.0096	0.6297	0.6583	0.0000	0.0028	0.0000	0.0103	5.3024	0.0130	12.9082	0.0697	0.0424	0.6809	6.1978	0.0000	13.3477	0.0092	901.7355	-0.0845	0.1927	6.3392	2.4249	5.9996	2.1457	0.1446	0.1433	0.0013	0.1433	0.1433	0.0000	0.0013	0.0000	0.0013	1.1189	0.0012	1.1177	0.0021	0.0012	0.0009	1.1167	0.0000	1.1167	0.6960	0.5585	0.1375	0.2275	0.2176	0.0099	0.4685	0.3409	0.1276	0.2110	0.0952	0.1159	0.0308	0.0293	0.0016	0.1802	0.0659	0.1143	0.0392	19.6945	0.0010	9.0324	15.5417	0.0000	0.0005	0.0000	0.0011	5.3024	0.0130	9.6472	0.0697	0.0424	0.5798	6.1978	0.0000	9.7717	
40	54	0.1230	2	2	1	1	0	0	0	0	0	Y	N	N	N	N	N	N	N	N	N	N	N	0.3856	15.3839	0.8274	0.0058	0.1322	0.0000	0.4861	inf	0.9175	2.5932	0.0075	21.9714	0.0001	0.0001	0.0000	4.1877	0.0124	27.9222	6.7253	0.0005	26.5546	0.0236	0.0011	6.8506	8.6142	0.0000	30.4323	392.6949	27827.1946	0.4040	0.1929	6.3392	2.0079	5.9996	2.2027	1.0000	0.0025	0.9974	0.0000	0.0000	0.0000	1.0000	0.0025	0.9974	1.1131	0.0000	1.1131	0.0009	0.0000	0.0008	1.1123	0.0000	1.1123	0.3856	0.3402	0.0454	0.1468	0.1372	0.0097	0.2388	0.2031	0.0357	0.1655	0.0824	0.0831	0.0364	0.0363	0.0001	0.1291	0.0462	0.0830	0.3856	15.3839	1.6401	0.0058	0.1322	0.0000	0.4861	inf	2.0829	6.7253	0.0005	13.3963	0.0236	0.0011	6.8506	8.6142	0.0000	13.4057
40	63	0.1508	2	1	0	2	0	0	0	0	0	N	N	Y	N	N	N	N	N	N	N	N	N	0.0037	inf	0.0000	0.0298	inf	0.0000	0.0028	inf	0.0000	0.0008	0.0009	0.0000	0.0005	0.0005	0.0000	0.0009	0.0011	0.0000	0.2148	0.0000	0.4575	0.0154	0.0000	0.0665	0.3221	0.0000	0.5389	0.0000	inf	-0.0001	0.0017	6.3392	0.9961	5.9996	0.0337	0.0002	0.0002	0.0000	0.0000	0.0000	0.0000	0.0001	0.0001	0.0000	0.0096	0.0000	0.0096	0.0002	0.0000	0.0002	0.0093	0.0000	0.0093	0.1911	0.1622	0.0289	0.0445	0.0420	0.0026	0.1466	0.1202	0.0264	0.0446	0.0237	0.0210	0.0156	0.0120	0.0036	0.0290	0.0117	0.0173	0.0037	inf	0.0000	0.0298	inf	0.0000	0.0028	inf	0.0000	0.2148	0.0000	0.4575	0.0154	0.0000	0.0665	0.3221	0.0000	0.5389
40	69	0.1029	2	1	1	1	0	0	0	0	0	N	N	N	N	N	N	N	N	N	N	N	N	0.4826	0.0039	1.4794	5.2750	0.0054	inf	0.5118	1.4810	1.3451	0.0000	7.8427	0.1117	0.0001	7.2264	1.8139	0.0000	7.8584	2.7869	0.0096	5.3014	0.0212	0.0212	0.0000	3.5443	0.0000	5.3062	43680.8758	611.3056	0.5327	0.2093	6.3392	3.0720	5.9996	3.7333	1.3105	0.0000	1.3104	0.0300	0.0000	0.0299	1.2805	0.0000	1.2805	1.2185	0.0020	1.2165	0.0020	0.0020	0.0000	1.2165	0.0000	1.2165	0.9742	0.8071	0.1671	0.2683	0.2642	0.0041	0.7059	0.5430	0.1629	0.4372	0.2077	0.2295	0.0940	0.0938	0.0002	0.3432	0.1140	0.2293	0.4826	0.0039	1.4794	5.2750	0.0054	inf	0.5118	0.0000	1.4810	2.7869	0.0096	5.3014	0.0212	0.0212	0.0000	3.5443	0.0000	5.3062	
40	75	0.1473	2	1	1	1	0	0	0	0	0	N	N	N	N	N	N	N	N	N	N	N	N	0.0010	0.0000	0.0082	0.0000	0.0000	0.0012	0.0105	0.0057	0.0000	0.1793	0.0000	0.0000	0.0000	0.0121	0.0000	0.2534	6.0098	0.0003	21.9729	0.0004	0.0004	0.0000	9.8021	0.0000	24.2417	inf	37627.0840	0.0000	0.1304	6.3392	0.0009	5.9996	1.7419	0.0001	0.0000	0.0001	0.0000	0.0000	0.0000	0.0001	0.0000	0.0001	0.7526	0.0000	0.7525	0.0000	0.0000	0.0000	0.7525	0.0000	0.7525	0.0198	0.0191	0.0006	0.0104	0.0102	0.0002	0.0094	0.0090	0.0004	0.1252	0.0653	0.0600	0.0484	0.0479	0.0006	0.0768	0.0174	0.0594	0.0010	0.0000	0.0143	0.0000	0.0000	0.0000	0.0012	0.0000	0.0200	6.0098	0.0003	12.5487	0.0004	0.0004	0.0000	9.8021	0.0000	12.6752		
41	43	0.0737	2	1	0	2	0	0	0	0	0	N	N	Y	N	N	N	N	N	N	N	N	N	0.0004	1.2235	0.0000	2.3196	2.3627	0.0000	0.0000	0.0014	0.0016	0.0000	0.0105	0.0108	0.0000	0.0000	0.0000	0.0000	3.0872	0.0013	5.8087	0.0045	0.0046	0.0000	3.5693	0.0000	5.8155	0.0000	5032.4624	-0.0003	0.2005	1.9694	4.6608	5.1440	7.9996	0.0005	0.0005	0.0000	0.0005	0.0005	0.0000	0.0000	0.0000	0.0000	1.1577	0.0002	1.1575	0.0002	0.0002	0.0000	1.1575	0.0000	1.1575	0.3445	0.2930	0.0516	0.0446	0.0436	0.0010	0.2999	0.2494	0.0505	0.3750	0.1757	0.1993	0.0507	0.0505	0.0002	0.3243	0.1253	0.1990	0.0004	1.2235	0.0000	2.3196	2.3627	0.0000	0.0000	0.0000	0.0000	3.0872	0.0013	5.8087	0.0045	0.0046	0.0000	3.5693	0.0000	5.8155		
41	44	0.0737	2	1	1	1	0	0	0	0	0	N	N	N	N	N	N	N	N	N	N	N	N	0.0031	9.3803	0.0000	17.7834	18.1142	0.0000	0.0000	0.0014	0.0016	0.0000	0.0105	0.0108	0.0000	0.0000	0.0000	0.0000	0.4462	0.0002	0.8396	0.0006	0.0006	0.0000	0.5159	0.0000	0.8406	0.0000	5576.8784	-0.0003	0.0290	1.9694	4.6608	5.1440	7.9996	0.0005	0.0005	0.0000	0.0005	0.0005	0.0000	0.0000	0.0000	0.0000	0.1673	0.0000	0.1673	0.0000	0.0000	0.0000	0.1673	0.0000	0.1673	0.3445	0.2930	0.0516	0.0446	0.0436	0.0010	0.2999	0.2494	0.0505	0.3750	0.1757	0.1993	0.0507	0.0505	0.0002	0.3243	0.1253	0.1990	0.0031	9.3803	0.0000	17.7834	18.1142	0.0000	0.0000	0.0000	0.0000	0.4462	0.0002	0.8396	0.0006	0.0006	0.0000	0.5159	0.0000	0.8406		
41	45	0.1085	3	2	1	2	0	0	0	0	0	Y	N	Y	N	N	N	N	N	N	N	N	N	0.0005	0.0000	0.0015	0.0000	0.0000	0.0000	0.0005	0.0015	0.0017	0.0000	0.0117	0.0000	0.0000	0.0000	0.0022	0.0000	0.0120	3.3789	0.0001	7.6634	0.0003	0.0002	0.0098	4.6357	0.0000	7.7490	inf	58382.1684	0.0001	0.2023	1.9694	1.3391	5.1440	5.8433	0.0002	0.0000	0.0002	0.0000	0.0000	0.0000	0.0002	0.0000	0.0002	1.1672	0.0000	1.1672	0.0000	0.0000	0.0000	1.1672	0.0000	1.1672	0.1378	0.1173	0.0205	0.0288	0.0284	0.0004	0.1090	0.0889	0.0201	0.3455	0.1827	0.1628	0.0937	0.0926	0.0011	0.2518	0.0901	0.1617	0.0005	0.0000	0.0016	0.0000	0.0000	0.0000	0.0005	0.0000	0.0017	3.3789	0.0001	7.1717	0.0003	0.0002	0.0098	4.6357	0.0000	7.2185	
41	46	0.0737	2	2	0	1	0	0	0	0	0	Y	N	N	N	N	N	N	N	N	N	N	N	0.0003	0.9117	0.0005	1.4725	1.4902	0.0002	0.0005	0.0015	0.0009	0.0050	0.0047	0.0048	0.0000	0.0009	0.0000	0.0051	4.6042	0.0010	10.4240	0.0032	0.0032	0.0000	5.3622	0.0000	10.8724	1.0004	10096.4120	-0.0000	0.1606	1.9694	2.4483	5.1440	3.1953	0.0003	0.0002	0.0002	0.0002	0.0002	0.0000	0.0002	0.0000	0.0002	0.9271	0.0001	0.9270	0.0001	0.0001	0.0000	0.9270	0.0000	0.9270	0.2116	0.1795	0.0320	0.0335	0.0330	0.0006	0.1780	0.1466	0.0315	0.2014	0.0945	0.1069	0.0285	0.0283	0.0001	0.1729	0.0661	0.1068	0.0003	0.9117	0.0006	1.4725	1.4902	0.0000	0.0002	0.0000	0.0006	4.6042	0.0010	8.6716	0.0032	0.0032	0.0000	5.3622	0.0000	8.6826		
41	47	0.1135	3	2	1	2	0	0	0	0	0	Y	N	Y	N	N	N	N	N	N	N	N	N	16.3719	0.0025	52.5424	0.0067	0.0069	0.0000	15.0670	inf	53.8138	4.5482	0.0000	29.3370	0.0000	0.0000	0.0000	5.1366	0.0000	30.1155	0.2778	0.0025	0.5583	0.0067	0.0067	0.0009	0.3409	0.0000	0.5596	881159.8932	219.7735	0.3908	0.0073	1.9694	3.0001	5.1440	1.0598	0.9613	0.0000	0.9613	0.0000	0.0000	0.0000	0.9613	0.0000	0.9613	0.0433	0.0002	0.0431	0.0002	0.0002	0.0000	0.0431	0.0000	0.0431	0.2113	0.1786	0.0328	0.0242	0.0234	0.0008	0.1871	0.1552	0.0319	0.1560	0.0787	0.0773	0.0295	0.0293	0.0002	0.1265	0.0495	0.0771	16.3719	0.0025	52.5424	0.0067	0.0069	0.0000	15.0670	inf	53.8138	0.2778	0.0025	0.5583	0.0067	0.0067	0.0009	0.3409	0.0000	0.5596
41	48	0.0737	2	2	0	2	0	0	0	0	0	Y	N	Y	N	N	N	N	N	N	N	N	N	0.0009	5.8331	0.0004	5.6787	5.6879	inf	0.0003	inf	0.0004	0.0074	0.0062	0.0144	0.0202	0.0203	0.0011	0.0028	0.0000	0.0146	8.1677	0.0011	33.0773	0.0036	0.0036	0.0000	9.5028	0.0000	34.6805	0.3909	16354.1264	-0.0002	0.3265	1.9694	0.6630	5.1440	5.9830	0.0007	0.0005	0.0002	0.0005	0.0005	0.0000	0.0002	0.0000	0.0002	1.8839	0.0001	1.8838	0.0001	0.0001	0.0000	1.8838	0.0000	1.8838	0.0882	0.0755	0.0127	0.0232	0.0231	0.0002	0.0649	0.0524	0.0125	0.2307	0.1082	0.1225	0.0324	0.0323	0.0002	0.1982	0.0759	0.1223	0.0009	5.8331	0.0009	5.6787	5.6879	inf	0.0003	inf	0.0009	8.1677	0.0011	15.3820	0.0036	0.0036	0.0000	9.5028	0.0000	15.4013
41	49	0.0737	2	2	1	1	0	0	0	0	0	Y	N	N	N	N	N	N	N	N	N	N	N	5.0556	0.0000	18.5074	0.0000	0.0000	4.9784	18.8963	1.9971	0.0000	13.7067	0.0000	0.0000	0.0000	2.2602	0.0000	14.0104	0.3950	0.0029	0.7406	0.0101	0.0101	0.0000	0.4540	0.0000	0.7414	inf	293.5199	0.3909	0.0285	1.9694	7.3392	5.1440	7.9996	0.9617	0.0000	0.9617	0.0000	0.0000	0.0000	0.9617	0.0000	0.9617	0.1679	0.0006	0.1673	0.0006	0.0006	0.0000	0.1673	0.0000	0.1673	0.4815	0.4114	0.0702	0.0561	0.0545	0.0015	0.4255	0.3568	0.0686	0.4250	0.1991	0.2259	0.0565	0.0562	0.0003	0.3685	0.1429	0.2257	5.0556	0.0000	18.5074	0.0000	0.0000	0.0000	4.9784	0.0000	18.8963	0.3950	0.0029	0.7406	0.0101	0.0101	0.0000	0.4540	0.0000	0.7414		
41	50	0.0737	2	1	0	1	1	0	0	0	0	N	N	N	N	N	N	N	N	N	N	N	N	1.8806	1.0357	1.9131	1.9489	0.0014	0.0016	0.0000	0.0105	0.0108	0.0000	0.0000	0.0000	0.0000	0.0007	0.0015	0.0000	0.0055	0.0055	0.0000	0.0000	0.0000	0.0000	0.0000	0.0000	-0.0003	-0.0003	1.9694	4.6608	5.1440	12.0004	0.0005	0.0005	0.0000	0.0005	0.0005	0.0000	0.0000	0.0000	0.0000	0.0003	0.0003	0.0000	0.0003	0.0003	0.0000	0.0000	0.0000	0.0000	0.3445	0.2930	0.0516	0.0446	0.0436	0.0010	0.2999	0.2494	0.0505	0.4470	0.2093	0.2377	0.0589	0.0586	0.0003	0.3881	0.1507	0.2374	1.8806	1.0357	0.0000	1.9131	1.9489	0.0000	0.0000	0.0000	0.0000	0.0007	0.0015	0.0000	0.0055	0.0055	0.0000	0.0000	0.0000	0.0000					
41	51	0.1042	3	1	1	2	0	0	0	0	0	N	N	Y	N	N	N	N	N	N	N	N	N	0.0145	0.3733	0.0481	0.5082	0.5209	0.0000	0.0129	0.0000	0.0544	0.0078	0.0017	0.0531	0.0047	0.0050	0.0000	0.0092	0.0000	0.0609	0.5371	0.0045	1.1043	0.0093	0.0095	0.0000	0.7137	0.0001	1.1184	4.2325	229.7714	0.0003	0.0141	1.9694	2.4249	5.1440	2.1457	0.0016	0.0003	0.0013	0.0003	0.0003	0.0000	0.0013	0.0000	0.0013	0.0835	0.0004	0.0831	0.0004	0.0004	0.0000	0.0831	0.0000	0.0831	0.2019	0.1780	0.0239	0.0635	0.0605	0.0030	0.1383	0.1175	0.0208	0.1554	0.0801	0.0753	0.0390	0.0380	0.0010	0.1165	0.0421	0.0743	0.0145	0.3733	0.0481	0.5082	0.5209	0.0000	0.0129	0.0000	0.0544	0.5371	0.0045	1.1043	0.0093	0.0095	0.0000	0.7137	0.0000	1.1184
41	52	0.0737	2	1	1	1	0	0	0	0	0	N	N	N	N	N	N	N	N	N	N	N	N	0.7446	0.9588	2.1723	1.7265	1.7535	0.7432	inf	2.1272	3.4354	0.0012	22.7593	0.0071	0.0073	0.0000	3.9942	0.0000	23.1913	4.6139	0.0012	10.4769	0.0041	0.0042	0.0000	5.3743	0.0000	10.9024	3383.6716	7887.8338	0.3902	0.1572	1.9694	3.5386	5.1440	1.9499	0.9606	0.0003	0.9603	0.0003	0.0003	0.0000	0.9603	0.0000	0.9603	0.9074	0.0001	0.9073	0.0001	0.0001	0.0000	0.9073	0.0000	0.9073	0.2796	0.2374	0.0422	0.0392	0.0384	0.0008	0.2404	0.1990	0.0414	0.1967	0.0923	0.1044	0.0278	0.0277	0.0001	0.1688	0.0645	0.1043	0.7446	0.9588	2.6191	1.7265	1.7535	0.0000	0.7432	inf	2.6654	4.6139	0.0012	8.6899	0.0041	0.0042	0.0000	5.3743	0.0000	8.7009	
41	53	0.0737	2	2	0	2	0	0	0	0	0	Y	N	Y	N	N	N	N	N	N	N	N	N	0.6894	1.8423	inf	inf	0.6908	1.7854	3.5969	0.0000	23.8107	0.0071	0.0000	0.3626	4.1945	0.0000	24.2508	5.2171	0.0000	12.9246	0.0000	0.0000	0.0000	6.0722	0.0000	13.5829	inf	inf	0.3912	0.2007	1.9694	3.3392	5.1440	2.9996	0.9623	0.0000	0.9623	0.0003	0.0000	0.0003	0.9620	0.0000	0.9620	1.1575	0.0000	1.1575	0.0000	0.0000	0.0000	1.1575	0.0000	1.1575	0.2675	0.2271	0.0404	0.0382	0.0374	0.0007	0.2294	0.1897	0.0397	0.2219	0.1041	0.1178	0.0312	0.0311	0.0001	0.1906	0.0730	0.1176	0.6894	0.0000	2.4232	inf	0.0000	inf	0.6908	0.0000	2.4649	5.2171	0.0000	9.8263	0.0000	0.0000	0.0000	6.0722	0.0000	9.8386			
41	54	0.1198	3	2	1	1	0	0	0	0	0	Y	N	N	N	N	N	N	N	N	N	N	N	0.0123	0.0756	0.0555	0.0942	0.1007	0.0004	0.0149	0.0723	0.0053	0.0002	0.0438	0.0004	0.0005	0.0000	0.0087	0.0000	0.0571	0.4287	0.0027	0.7899	0.0047	0.0047	0.0030	0.5824	0.0000	0.7907	27.9321	340.1195	0.0003	0.0106	1.9694	2.0079	5.1440	2.2027	0.0007	0.0000	0.0007	0.0000	0.0000	0.0000	0.0007	0.0000	0.0007	0.0622	0.0002	0.0620	0.0002	0.0002	0.0000	0.0620	0.0000	0.0620	0.1392	0.1230	0.0162	0.0572	0.0534	0.0038	0.0820	0.0696	0.0125	0.1451	0.0666	0.0785	0.0386	0.0385	0.0001	0.1065	0.0280	0.0784	0.0123	0.0756	0.0555	0.0942	0.1007	0.0004	0.0149	0.0000	0.0723	0.4287	0.0027	0.7899	0.0047	0.0047	0.0030	0.5824	0.0000	0.7907	
41	55	0.0737	2	2	1	1	0	0	0	0	0	Y	N	N	N	N	N	N	N	N	N	N	N	0.7368	0.0001	2.4842	0.0002	0.0001	inf	0.7318	inf	2.5127	2.9433	0.0000	19.6151	0.0000	0.0000	0.0003	3.3908	0.0000	20.0028	3.9948	0.0126	7.8959	0.0424	0.0426	0.0000	4.6334	0.0000	7.9606	2151015.9715	676.2081	0.3907	0.1889	1.9694	4.3406	5.1440	3.9440	0.9610	0.0000	0.9610	0.0000	0.0000	0.0000	0.9610	0.0000	0.9610	1.0987	0.0016	1.0971	0.0016	0.0016	0.0000	1.0971	0.0000	1.0971	0.3265	0.2775	0.0490	0.0431	0.0421	0.0009	0.2834	0.2354	0.0480	0.2750	0.1290	0.1461	0.0383	0.0381	0.0002	0.2368	0.0909	0.1459	0.7368	0.0001	2.6114	0.0002	0.0001	inf	0.7318	inf	2.6598	3.9948	0.0126	7.5112	0.0424	0.0426	0.0000	4.6334	0.0000	7.5205
41	56	0.0737	2	1	1	1	0	0	0	0	0	N	N	N	N	N	N	N	N	N	N	N	N	1.1218	0.0903	3.9633	0.1616	0.1642	1.1272	4.0342	3.3526	0.0019	22.2226	0.0118	0.0120	0.0000	3.8906	0.0000	22.6473	2.9886	0.0213	5.6071	0.0730	0.0733	0.0000	3.4515	0.0000	5.6138	2049.3066	297.9137	0.3906	0.1689	1.9694	3.6608	5.1440	7.0004	0.9619	0.0005	0.9614	0.0005	0.0005	0.0000	0.9614	0.0000	0.9614	0.9935	0.0033	0.9902	0.0033	0.0033	0.0000	0.9902	0.0000	0.9902	0.2869	0.2436	0.0433	0.0398	0.0390	0.0008	0.2471	0.2047	0.0425	0.3324	0.1558	0.1766	0.0455	0.0453	0.0002	0.2869	0.1105	0.1764	1.1218	0.0903	3.9633	0.1616	0.1642	0.0000	1.1272	0.0000	4.0342	2.9886	0.0213	5.6071	0.0730	0.0733	0.0000	3.4515	0.0000	5.6138		
41	57	0.0737	2	1	0	2	0	0	0	0	0	N	N	Y	N	N	N	N	N	N	N	N	N	3.4109	1.8829	2.5996	2.6218	0.0029	0.0035	0.0000	0.0161	0.0163	0.0000	0.0000	0.0000	0.0000	0.0009	0.0018	0.0000	0.0062	0.0062	0.0000	0.0000	0.0000	0.0000	0.0000	0.0000	-0.0003	-0.0002	1.9694	1.6608	5.1440	6.0004	0.0005	0.0005	0.0000	0.0005	0.0005	0.0000	0.0000	0.0000	0.0000	0.0002	0.0002	0.0000	0.0002	0.0002	0.0000	0.0000	0.0000	0.0000	0.1591	0.1351	0.0239	0.0291	0.0288	0.0004	0.1299	0.1064	0.0235	0.2587	0.1213	0.1373	0.0361	0.0360	0.0002	0.2225	0.0854	0.1372	3.4109	1.8829	0.0000	2.5996	2.6218	0.0000	0.0000	0.0000	0.0000	0.0009	0.0018	0.0000	0.0062	0.0062	0.0000	0.0000	0.0000	0.0000					
41	58	0.0737	2	2	1	1	0	0	0	0	0	Y	N	N	N	N	N	N	N	N	N	N	N	0.0008	0.0000	0.0030	0.6749	0.0000	inf	0.0006	0.0021	0.0027	0.0000	0.0178	0.0063	0.0000	0.2844	0.0021	0.0000	0.0125	3.1790	0.0027	5.9814	0.0093	0.0093	0.0000	3.6797	0.0000	5.9885	inf	2508.9917	0.0004	0.1910	1.9694	4.3392	5.1440	6.9996	0.0009	0.0000	0.0009	0.0003	0.0000	0.0003	0.0006	0.0000	0.0006	1.1044	0.0004	1.1040	0.0004	0.0004	0.0000	1.1040	0.0000	1.1040	0.3264	0.2774	0.0490	0.0431	0.0421	0.0009	0.2833	0.2353	0.0480	0.3474	0.1628	0.1846	0.0474	0.0472	0.0002	0.3000	0.1157	0.1843	0.0008	0.0000	0.0030	0.6749	0.0000	inf	0.0006	0.0000	0.0021	3.1790	0.0027	5.9814	0.0093	0.0093	0.0000	3.6797	0.0000	5.9885	
41	59	0.0737	2	2	1	2	0	0	0	0	0	Y	N	Y	N	N	N	N	N	N	N	N	N	4.0784	0.9578	inf	3.0100	1.9498	inf	inf	inf	0.0028	0.0014	0.0107	0.0151	0.0098	0.2234	0.0010	0.0000	0.0062	0.0007	0.0014	0.0000	0.0050	0.0050	0.0000	0.0000	0.0000	0.0000	1.3428	0.0000	-0.0000	-0.0002	1.9694	5.6608	5.1440	7.0004	0.0011	0.0005	0.0006	0.0007	0.0005	0.0003	0.0004	0.0000	0.0004	0.0003	0.0003	0.0000	0.0003	0.0003	0.0000	0.0000	0.0000	0.0000	0.3985	0.3394	0.0591	0.0491	0.0479	0.0012	0.3494	0.2915	0.0579	0.3750	0.1757	0.1993	0.0507	0.0505	0.0002	0.3243	0.1253	0.1990	4.0784	0.9578	inf	3.0100	1.9498	inf	inf	0.0000	inf	0.0007	0.0014	0.0000	0.0050	0.0050	0.0000	0.0000	0.0000	0.0000	
41	60	0.0737	2	1	1	1	0	0	0	0	0	N	N	N	N	N	N	N	N	N	N	N	N	0.0000	0.0000	0.0000	0.0000	0.0000	0.0000	0.0000	0.0000	0.0000	0.0000	0.0000	0.0000	0.0000	0.0002	0.0005	0.0000	0.0017	0.0017	0.0000	0.0000	0.0000	0.0000	0.0000	0.0000	-0.0000	1.9694	2.0000	5.1440	4.0000	0.0000	0.0000	0.0000	0.0000	0.0000	0.0000	0.0000	0.0000	0.0000	0.0001	0.0001	0.0000	0.0001	0.0001	0.0000	0.0000	0.0000	0.0000	0.1820	0.1545	0.0275	0.0311	0.0306	0.0005	0.1510	0.1239	0.0270	0.2120	0.0994	0.1125	0.0299	0.0298	0.0001	0.1821	0.0697	0.1124	0.0000	0.0000	0.0000	0.0000	0.0000	0.0000	0.0000	0.0000	0.0000	0.0002	0.0005	0.0000	0.0017	0.0017	0.0000	0.0000	0.0000	0.0000						
41	61	0.0737	2	2	0	2	0	0	0	0	0	Y	N	Y	N	N	N	N	N	N	N	N	N	0.8634	0.0000	3.0848	0.0000	0.0000	0.8522	3.1447	2.5207	0.0000	16.9497	0.0000	0.0000	0.0000	2.8807	0.0000	17.2994	2.9193	0.0005	5.4947	0.0016	0.0016	0.0000	3.3802	0.0000	5.5011	inf	13770.6525	0.3909	0.1758	1.9694	5.3392	5.1440	6.0004	0.9617	0.0000	0.9617	0.0000	0.0000	0.0000	0.9617	0.0000	0.9617	1.0142	0.0001	1.0142	0.0001	0.0001	0.0000	1.0142	0.0000	1.0142	0.3815	0.3248	0.0567	0.0477	0.0465	0.0011	0.3338	0.2782	0.0556	0.3474	0.1628	0.1846	0.0474	0.0472	0.0002	0.3000	0.1157	0.1844	0.8634	0.0000	3.0848	0.0000	0.0000	0.0000	0.8522	0.0000	3.1447	2.9193	0.0005	5.4947	0.0016	0.0016	0.0000	3.3802	0.0000	5.5011		
41	62	0.0737	2	1	1	1	0	0	0	0	0	N	N	N	N	N	N	N	N	N	N	N	N	0.9116	0.6925	3.3757	1.6112	1.4645	inf	0.8966	3.4499	1.7890	0.0010	12.4466	0.0087	0.0079	0.0342	2.0155	0.0000	12.7333	1.9626	0.0015	3.6871	0.0054	0.0054	0.0000	2.2478	0.0000	3.6909	2062.3301	2867.7450	0.3930	0.1755	1.9694	8.6608	5.1440	13.0004	0.9680	0.0005	0.9675	0.0005	0.0005	0.0001	0.9675	0.0000	0.9675	1.0145	0.0004	1.0142	0.0004	0.0004	0.0000	1.0142	0.0000	1.0142	0.5411	0.4634	0.0777	0.0611	0.0593	0.0018	0.4800	0.4040	0.0760	0.5169	0.2419	0.2751	0.0658	0.0655	0.0003	0.4512	0.1764	0.2748	0.9116	0.6925	3.3757	1.6112	1.4645	inf	0.8966	0.0000	3.4499	1.9626	0.0015	3.6871	0.0054	0.0054	0.0000	2.2478	0.0000	3.6909	
41	63	0.1475	3	1	0	2	0	0	0	0	0	N	N	Y	N	N	N	N	N	N	N	N	N	0.0000	0.0004	0.0000	0.0009	0.0008	0.0000	0.0000	0.0000	0.0000	0.0000	0.0000	0.0000	0.0000	0.0000	0.0000	0.0000	0.0000	0.1097	0.0016	0.2209	0.0023	0.0028	0.0000	0.1717	0.0000	0.2569	0.0258	132.1731	-0.0000	0.0006	1.9694	0.9961	5.1440	0.0337	0.0000	0.0000	0.0000	0.0000	0.0000	0.0000	0.0000	0.0000	0.0000	0.0038	0.0000	0.0038	0.0000	0.0000	0.0000	0.0038	0.0000	0.0038	0.0725	0.0611	0.0115	0.0215	0.0204	0.0011	0.0510	0.0407	0.0103	0.0350	0.0177	0.0173	0.0128	0.0104	0.0024	0.0222	0.0074	0.0148	0.0000	0.0004	0.0000	0.0009	0.0008	0.0000	0.0000	0.0000	0.0000	0.1097	0.0016	0.2209	0.0023	0.0028	0.0000	0.1717	0.0000	0.2569	
41	64	0.0737	2	1	0	2	0	0	0	0	0	N	N	Y	N	N	N	N	N	N	N	N	N	0.0005	0.9675	0.0000	1.7210	1.7488	0.0000	0.0000	0.0016	0.0019	0.0000	0.0118	0.0120	0.0000	0.0000	0.0000	0.0000	3.2556	0.0020	6.1260	0.0068	0.0069	0.0000	3.7675	0.0000	6.1332	0.0000	3492.3145	-0.0003	0.1997	1.9694	3.6648	5.1440	8.0029	0.0005	0.0005	0.0000	0.0005	0.0005	0.0000	0.0000	0.0000	0.0000	1.1540	0.0003	1.1537	0.0003	0.0003	0.0000	1.1537	0.0000	1.1537	0.2872	0.2439	0.0433	0.0398	0.0390	0.0008	0.2473	0.2049	0.0425	0.3545	0.1661	0.1883	0.0482	0.0480	0.0002	0.3062	0.1181	0.1881	0.0005	0.9675	0.0000	1.7210	1.7488	0.0000	0.0000	0.0000	0.0000	3.2556	0.0020	6.1260	0.0068	0.0069	0.0000	3.7675	0.0000	6.1332		
41	65	0.0737	2	1	1	1	0	0	0	0	0	N	N	N	N	N	N	N	N	N	N	N	N	0.0034	1.7514	0.0000	3.3511	3.4268	0.0000	0.0000	0.0010	0.0012	0.0000	0.0088	0.0090	0.0000	0.0000	0.0000	0.0000	0.3043	0.0007	0.5709	0.0026	0.0026	0.0000	0.3472	0.0000	0.5715	0.0000	929.4797	-0.0003	0.0289	1.9694	6.6608	5.1440	17.9996	0.0005	0.0005	0.0000	0.0005	0.0005	0.0000	0.0000	0.0000	0.0000	0.1675	0.0002	0.1673	0.0002	0.0002	0.0000	0.1673	0.0000	0.1673	0.4490	0.3831	0.0659	0.0533	0.0519	0.0014	0.3957	0.3312	0.0645	0.5505	0.2574	0.2930	0.0686	0.0683	0.0003	0.4819	0.1892	0.2927	0.0034	1.7514	0.0000	3.3511	3.4268	0.0000	0.0000	0.0000	0.0000	0.3043	0.0007	0.5709	0.0026	0.0026	0.0000	0.3472	0.0000	0.5715		
41	66	0.0737	2	1	1	1	1	0	0	0	0	N	N	N	N	N	N	N	N	N	N	N	N	0.8285	0.0000	2.9610	0.0000	0.0000	0.8195	3.0186	2.5207	0.0000	16.9497	0.0000	0.0000	0.0000	2.8807	0.0000	17.2994	3.0425	0.0009	5.7243	0.0033	0.0033	0.0000	3.5153	0.0000	5.7309	inf	6949.8609	0.3909	0.2047	1.9694	5.3392	5.1440	7.9996	0.9617	0.0000	0.9617	0.0000	0.0000	0.0000	0.9617	0.0000	0.9617	1.1816	0.0002	1.1815	0.0002	0.0002	0.0000	1.1815	0.0000	1.1815	0.3815	0.3248	0.0567	0.0477	0.0465	0.0011	0.3338	0.2782	0.0556	0.3884	0.1820	0.2064	0.0523	0.0521	0.0002	0.3361	0.1299	0.2062	0.8285	0.0000	2.9610	0.0000	0.0000	0.0000	0.8195	0.0000	3.0186	3.0425	0.0009	5.7243	0.0033	0.0033	0.0000	3.5153	0.0000	5.7309		
41	67	0.0737	2	1	1	1	0	0	0	0	0	N	N	N	N	N	N	N	N	N	N	N	N	0.8204	0.0000	2.9619	2.1716	0.0000	inf	0.8084	3.0218	2.2345	0.0000	15.1760	0.0012	0.0000	0.0449	2.5392	0.0000	15.5001	2.7237	0.0002	5.1237	0.0005	0.0005	0.0000	3.1409	0.0000	5.1294	inf	38582.2118	0.3934	0.2006	1.9694	6.3392	5.1440	8.9996	0.9678	0.0000	0.9678	0.0001	0.0000	0.0001	0.9677	0.0000	0.9677	1.1575	0.0000	1.1575	0.0000	0.0000	0.0000	1.1575	0.0000	1.1575	0.4331	0.3693	0.0638	0.0520	0.0507	0.0013	0.3811	0.3187	0.0624	0.4250	0.1991	0.2259	0.0565	0.0562	0.0003	0.3685	0.1429	0.2257	0.8204	0.0000	2.9619	2.1716	0.0000	inf	0.8084	0.0000	3.0218	2.7237	0.0002	5.1237	0.0005	0.0005	0.0000	3.1409	0.0000	5.1294	
41	68	0.0737	2	1	1	1	0	0	0	0	0	N	N	N	N	N	N	N	N	N	N	N	N	2.4648	1.3588	2.6089	2.6573	0.0014	0.0016	0.0000	0.0105	0.0108	0.0000	0.0000	0.0000	0.0000	0.0006	0.0012	0.0000	0.0040	0.0041	0.0000	0.0000	0.0000	0.0000	0.0000	0.0000	-0.0003	-0.0002	1.9694	4.6608	5.1440	6.0004	0.0005	0.0005	0.0000	0.0005	0.0005	0.0000	0.0000	0.0000	0.0000	0.0002	0.0002	0.0000	0.0002	0.0002	0.0000	0.0000	0.0000	0.0000	0.3445	0.2930	0.0516	0.0446	0.0436	0.0010	0.2999	0.2494	0.0505	0.3324	0.1558	0.1766	0.0455	0.0453	0.0002	0.2869	0.1105	0.1764	2.4648	1.3588	0.0000	2.6089	2.6573	0.0000	0.0000	0.0000	0.0000	0.0006	0.0012	0.0000	0.0040	0.0041	0.0000	0.0000	0.0000	0.0000					
41	69	0.0996	3	1	1	1	0	0	0	0	0	N	N	N	N	N	N	N	N	N	N	N	N	0.5033	0.0009	1.6333	0.3774	0.0016	20.8153	0.4940	0.0000	1.6878	1.6340	0.0000	10.3598	0.0028	0.0000	0.1517	2.3009	0.0000	10.7157	3.2465	0.0046	6.3429	0.0074	0.0074	0.0073	4.6578	0.0000	6.3491	483776.0386	1449.2433	0.2403	0.2224	1.9694	3.0720	5.1440	3.7333	0.5912	0.0000	0.5912	0.0003	0.0000	0.0003	0.5909	0.0000	0.5909	1.2877	0.0009	1.2868	0.0009	0.0009	0.0000	1.2868	0.0000	1.2868	0.3618	0.3047	0.0571	0.1050	0.1031	0.0019	0.2568	0.2017	0.0551	0.3967	0.1938	0.2029	0.1204	0.1202	0.0002	0.2763	0.0736	0.2027	0.5033	0.0009	1.6333	0.3774	0.0016	20.8153	0.4940	0.0000	1.6878	3.2465	0.0046	6.3429	0.0074	0.0074	0.0073	4.6578	0.0000	6.3491
41	70	0.0737	2	1	1	1	0	0	0	0	0	N	N	N	N	N	N	N	N	N	N	N	N	0.5202	0.7752	1.5150	1.7660	0.9122	8402.1672	0.5483	0.0579	1.4396	2.4061	0.0018	16.0018	0.0072	0.0037	0.2753	2.9552	0.0012	16.2549	4.6250	0.0023	10.5621	0.0041	0.0041	0.0000	5.3902	0.0213	11.2911	1592.0014	4298.4707	0.1508	0.1446	1.9694	1.5925	5.1440	3.3727	0.3715	0.0002	0.3712	0.0002	0.0001	0.0001	0.3713	0.0001	0.3711	0.8350	0.0002	0.8348	0.0001	0.0001	0.0000	0.8349	0.0001	0.8348	0.1544	0.1312	0.0232	0.0288	0.0284	0.0004	0.1256	0.1028	0.0228	0.1805	0.0847	0.0958	0.0256	0.0255	0.0001	0.1549	0.0592	0.0957	0.5202	0.7752	1.8371	1.7660	0.9122	8402.1672	0.5483	0.8166	1.8638	4.6250	0.0023	8.7103	0.0041	0.0041	0.0000	5.3902	0.0015	8.7214
41	71	0.0737	2	1	1	1	0	0	0	0	0	N	N	N	N	N	N	N	N	N	N	N	N	0.4791	0.2634	0.5085	0.5190	0.0058	0.0069	0.0000	0.0474	0.0486	0.0000	0.0000	0.0000	0.0000	0.0122	0.0261	0.0000	0.0933	0.0937	0.0000	0.0000	0.0000	0.0000	0.0000	0.0000	-0.0014	-0.0047	1.9694	5.6608	5.1440	12.0004	0.0023	0.0023	0.0000	0.0023	0.0023	0.0000	0.0000	0.0000	0.0000	0.0056	0.0056	0.0000	0.0056	0.0056	0.0000	0.0000	0.0000	0.0000	0.3985	0.3394	0.0591	0.0491	0.0479	0.0012	0.3494	0.2915	0.0579	0.4626	0.2166	0.2460	0.0605	0.0602	0.0003	0.4021	0.1564	0.2457	0.4791	0.2634	0.0000	0.5085	0.5190	0.0000	0.0000	0.0000	0.0000	0.0122	0.0261	0.0000	0.0933	0.0937	0.0000	0.0000	0.0000	0.0000					
41	73	0.0737	2	2	1	1	1	0	0	0	0	Y	N	N	N	N	N	N	N	N	N	N	N	1.4774	0.0000	5.2012	0.0000	0.0000	1.4937	5.2928	3.5946	0.0000	23.7951	0.0000	0.0000	0.0000	4.1929	0.0000	24.2417	2.4330	0.0031	4.5749	0.0109	0.0109	0.0000	2.8070	0.0000	4.5801	inf	1667.9267	0.3909	0.1712	1.9694	3.3392	5.1440	11.0004	0.9617	0.0000	0.9617	0.0000	0.0000	0.0000	0.9617	0.0000	0.9617	0.9908	0.0006	0.9902	0.0006	0.0006	0.0000	0.9902	0.0000	0.9902	0.2675	0.2271	0.0404	0.0382	0.0374	0.0007	0.2294	0.1897	0.0397	0.4072	0.1908	0.2164	0.0545	0.0542	0.0002	0.3527	0.1366	0.2162	1.4774	0.0000	5.2012	0.0000	0.0000	0.0000	1.4937	0.0000	5.2928	2.4330	0.0031	4.5749	0.0109	0.0109	0.0000	2.8070	0.0000	4.5801		
41	74	0.0737	2	1	1	1	1	0	0	0	0	N	N	N	N	N	N	N	N	N	N	N	N	0.7792	0.5627	2.8111	0.4985	0.5093	0.7649	inf	2.8679	2.2218	0.0017	15.0802	0.0052	0.0053	0.0000	2.5243	0.0011	15.4032	2.8514	0.0030	5.3646	0.0104	0.0105	0.0000	3.3002	0.0000	5.3709	1526.4775	2005.8050	0.3906	0.1712	1.9694	6.3392	5.1440	5.0004	0.9623	0.0006	0.9617	0.0003	0.0003	0.0000	0.9620	0.0004	0.9617	0.9907	0.0005	0.9902	0.0005	0.0005	0.0000	0.9902	0.0000	0.9902	0.4331	0.3693	0.0638	0.0520	0.0507	0.0013	0.3811	0.3187	0.0624	0.3474	0.1628	0.1846	0.0474	0.0472	0.0002	0.3000	0.1157	0.1844	0.7792	0.5627	2.8111	0.4985	0.5093	0.0000	0.7649	inf	2.8679	2.8514	0.0030	5.3646	0.0104	0.0105	0.0000	3.3002	0.0000	5.3709	
41	75	0.1440	3	1	1	1	0	0	0	0	0	N	N	N	N	N	N	N	N	N	N	N	N	0.0134	0.0000	0.0853	0.0000	0.0000	0.0173	0.0000	0.3451	0.0120	0.0000	0.1590	0.0000	0.0000	0.0000	0.0282	0.0000	0.6467	0.8971	0.0013	1.8638	0.0015	0.0015	0.0000	1.6310	0.0023	1.8738	inf	1356.7609	0.0000	0.0227	1.9694	0.0009	5.1440	1.7419	0.0001	0.0000	0.0001	0.0000	0.0000	0.0000	0.0001	0.0000	0.0001	0.1316	0.0001	0.1315	0.0001	0.0001	0.0000	0.1315	0.0000	0.1315	0.0080	0.0074	0.0006	0.0046	0.0041	0.0005	0.0034	0.0033	0.0001	0.1467	0.0761	0.0706	0.0661	0.0657	0.0004	0.0806	0.0104	0.0702	0.0134	0.0000	0.0853	0.0000	0.0000	0.0000	0.0173	0.0000	0.3451	0.8971	0.0013	1.8638	0.0015	0.0015	0.0000	1.6310	0.0000	1.8738	
41	76	0.0737	2	1	1	1	0	0	0	0	0	N	N	N	N	N	N	N	N	N	N	N	N	1.4263	577.5156	2.7937	0.3099	0.3154	inf	1.4019	inf	2.8497	4.1877	2.2424	15.4291	0.0041	0.0042	0.0006	4.7628	2.6012	15.7573	2.9360	0.0039	5.5229	0.0134	0.0134	0.0000	3.3973	0.0000	5.5294	1.1907	1612.1982	-0.0887	0.1773	1.9694	6.1537	5.1440	5.2905	1.7747	0.8101	0.9646	0.0002	0.0002	0.0000	1.7745	0.8099	0.9646	1.0267	0.0006	1.0260	0.0006	0.0006	0.0000	1.0260	0.0000	1.0260	0.4238	0.3613	0.0625	0.0512	0.0499	0.0013	0.3726	0.3114	0.0612	0.3497	0.1639	0.1858	0.0477	0.0474	0.0002	0.3020	0.1165	0.1856	1.4263	577.5156	2.7937	0.3099	0.3154	inf	1.4019	inf	2.8497	2.9360	0.0039	5.5229	0.0134	0.0134	0.0000	3.3973	0.0000	5.5294
41	77	0.0737	2	1	0	2	1	0	0	0	0	N	N	Y	N	N	N	N	N	N	N	N	N	0.9376	0.0000	3.3517	0.0000	0.0000	0.9268	3.4168	2.5207	0.0000	16.9497	0.0000	0.0000	0.0000	2.8807	0.0000	17.2994	2.6883	0.0027	5.0571	0.0095	0.0095	0.0000	3.1083	0.0000	5.0630	inf	2090.5011	0.3909	0.1713	1.9694	5.3392	5.1440	7.0004	0.9617	0.0000	0.9617	0.0000	0.0000	0.0000	0.9617	0.0000	0.9617	0.9906	0.0005	0.9902	0.0005	0.0005	0.0000	0.9902	0.0000	0.9902	0.3815	0.3248	0.0567	0.0477	0.0465	0.0011	0.3338	0.2782	0.0556	0.3685	0.1727	0.1958	0.0499	0.0497	0.0002	0.3186	0.1230	0.1956	0.9376	0.0000	3.3517	0.0000	0.0000	0.0000	0.9268	0.0000	3.4168	2.6883	0.0027	5.0571	0.0095	0.0095	0.0000	3.1083	0.0000	5.0630		
41	78	0.0737	2	1	0	2	1	0	0	0	0	N	N	Y	N	N	N	N	N	N	N	N	N	0.7541	0.0000	2.8197	0.0000	0.0000	0.7690	2.8768	2.2204	0.0000	15.0802	0.0000	0.0000	0.0000	2.5233	0.0000	15.4032	2.9443	0.2858	5.3482	1.0429	1.0395	0.0000	3.2814	0.0000	5.3542	inf	27.9311	0.3909	0.1664	1.9694	6.3392	5.1440	7.9996	0.9617	0.0000	0.9617	0.0000	0.0000	0.0000	0.9617	0.0000	0.9617	1.1989	0.0414	1.1575	0.0414	0.0414	0.0000	1.1575	0.0000	1.1575	0.4331	0.3693	0.0638	0.0520	0.0507	0.0013	0.3811	0.3187	0.0624	0.4072	0.1908	0.2164	0.0545	0.0542	0.0002	0.3527	0.1366	0.2162	0.7541	0.0000	2.8197	0.0000	0.0000	0.0000	0.7690	0.0000	2.8768	2.9443	0.2172	5.3482	0.7609	0.7644	0.0000	3.2814	0.0000	5.3542		
41	79	0.0737	2	1	1	1	0	0	0	0	0	N	N	N	N	N	N	N	N	N	N	N	N	3293.5655	0.0000	inf	0.0000	0.0000	inf	inf	7.0306	0.0000	47.0601	0.0000	0.0000	0.0000	8.7831	0.0000	47.7864	0.0021	0.0046	0.0000	0.0152	0.0152	0.0000	0.0000	0.0000	0.0000	inf	0.0000	0.3909	-0.0004	1.9694	1.3392	5.1440	5.0004	0.9617	0.0000	0.9617	0.0000	0.0000	0.0000	0.9617	0.0000	0.9617	0.0005	0.0005	0.0000	0.0005	0.0005	0.0000	0.0000	0.0000	0.0000	0.1368	0.1163	0.0204	0.0273	0.0270	0.0003	0.1095	0.0894	0.0201	0.2219	0.1041	0.1178	0.0312	0.0311	0.0001	0.1906	0.0730	0.1177	3293.5655	0.0000	inf	0.0000	0.0000	0.0000	inf	0.0000	inf	0.0021	0.0046	0.0000	0.0152	0.0152	0.0000	0.0000	0.0000	0.0000		
41	80	0.0737	2	2	1	1	0	0	0	0	0	Y	N	N	N	N	N	N	N	N	N	N	N	0.4035	0.0000	1.2288	0.1082	0.0000	0.1905	0.3960	1.2404	1.8363	0.0000	12.7379	0.0010	0.0000	0.0353	2.0715	0.0000	13.0284	4.5509	0.0023	10.3659	0.0093	0.0085	0.1854	5.2306	0.0000	10.5031	inf	4135.6468	0.3934	0.3724	1.9694	8.3392	5.1440	9.9996	0.9678	0.0000	0.9678	0.0001	0.0000	0.0001	0.9677	0.0000	0.9677	2.1511	0.0005	2.1505	0.0006	0.0005	0.0000	2.1505	0.0000	2.1505	0.5270	0.4511	0.0760	0.0599	0.0582	0.0017	0.4672	0.3929	0.0743	0.4727	0.2213	0.2514	0.0615	0.0613	0.0003	0.4111	0.1600	0.2511	0.4035	0.0000	1.4889	0.1082	0.0000	0.1905	0.3960	0.0000	1.5213	4.5509	0.0023	8.5551	0.0093	0.0085	0.1854	5.2306	0.0000	8.5641	
42	45	0.0672	2	2	1	1	0	0	0	0	0	Y	N	N	N	N	N	N	N	N	N	N	N	0.0792	0.6616	0.1295	0.4594	0.4509	0.0985	0.1284	0.2999	0.0006	1.0163	0.0013	0.0013	0.0000	0.4391	0.0000	1.0194	3.7883	0.0009	7.8475	0.0028	0.0029	0.0000	4.4596	0.0000	7.9370	722.5331	8860.2760	0.0466	0.1409	3.3753	1.3391	2.0398	5.8433	0.1151	0.0002	0.1150	0.0002	0.0002	0.0000	0.1150	0.0000	0.1150	0.8135	0.0001	0.8134	0.0001	0.0001	0.0000	0.8134	0.0000	0.8134	0.3838	0.2707	0.1131	0.1220	0.1217	0.0003	0.2618	0.1490	0.1128	0.2147	0.1033	0.1114	0.0323	0.0317	0.0007	0.1824	0.0717	0.1107	0.0792	0.6616	0.1392	0.4594	0.4509	0.0000	0.0985	0.0000	0.1387	3.7883	0.0009	7.3021	0.0028	0.0029	0.0000	4.4596	0.0000	7.3474		
42	47	0.0722	2	2	1	1	0	0	0	0	0	Y	N	N	N	N	N	N	N	N	N	N	N	8.4375	0.2119	68.9838	0.2708	0.2728	18.7260	0.0000	69.5178	0.1153	0.0038	0.7329	0.0467	0.0476	0.0000	0.1204	0.0000	0.7393	0.0137	0.0178	0.0106	0.1723	0.1744	0.0000	0.0064	0.0015	0.0106	35.0024	0.8175	0.0150	-0.0005	3.3753	3.0001	2.0398	1.0598	0.0396	0.0011	0.0385	0.0011	0.0011	0.0000	0.0385	0.0000	0.0385	0.0014	0.0008	0.0006	0.0008	0.0008	0.0000	0.0006	0.0000	0.0006	0.3437	0.2911	0.0526	0.0236	0.0231	0.0005	0.3201	0.2680	0.0521	0.1044	0.0440	0.0604	0.0046	0.0045	0.0001	0.0999	0.0395	0.0604	8.4375	0.2119	68.9838	0.2708	0.2728	0.0000	18.7260	0.0000	69.5178	0.0137	0.0178	0.0106	0.1723	0.1744	0.0000	0.0064	0.0000	0.0106	
42	51	0.0630	2	1	1	1	0	0	0	0	0	N	N	N	N	N	N	N	N	N	N	N	N	16.2832	17.1454	0.1459	11.3636	11.2873	43.2009	0.0833	0.0000	0.1483	0.2843	0.3753	0.0020	0.7679	0.8001	0.0011	0.0008	0.0000	0.0021	0.0175	0.0219	0.0139	0.0676	0.0709	0.0000	0.0091	0.0125	0.0141	0.0017	0.7869	-0.0849	-0.0007	3.3753	2.4249	2.0398	2.1457	0.1434	0.1432	0.0002	0.1432	0.1432	0.0000	0.0002	0.0000	0.0002	0.0019	0.0011	0.0008	0.0011	0.0011	0.0000	0.0008	0.0000	0.0008	0.5043	0.3815	0.1229	0.1864	0.1789	0.0075	0.3179	0.2026	0.1153	0.1087	0.0485	0.0602	0.0156	0.0148	0.0007	0.0931	0.0337	0.0594	16.2832	17.1454	0.1459	11.3636	11.2873	43.2009	0.0833	0.0000	0.1483	0.0175	0.0219	0.0139	0.0676	0.0709	0.0000	0.0091	0.0003	0.0141
42	54	0.0786	2	2	1	0	0	0	0	0	0	Y	N	N	N	N	N	N	N	N	N	N	N	0.0236	0.5121	0.0030	0.5279	0.5605	0.0000	0.0009	0.0038	0.0178	0.0196	0.0044	0.0429	0.0457	0.0000	0.0009	0.0000	0.0055	0.7541	0.0382	1.4683	0.0813	0.0815	0.0000	0.9604	0.0000	1.4703	0.0298	38.5599	-0.0024	0.0093	3.3753	2.0079	2.0398	2.2027	0.0043	0.0041	0.0001	0.0041	0.0041	0.0000	0.0001	0.0000	0.0001	0.0630	0.0016	0.0614	0.0016	0.0016	0.0000	0.0614	0.0000	0.0614	0.2402	0.2120	0.0282	0.0966	0.0907	0.0059	0.1436	0.1213	0.0223	0.0836	0.0417	0.0418	0.0196	0.0195	0.0001	0.0640	0.0222	0.0418	0.0236	0.5121	0.0030	0.5279	0.5605	0.0000	0.0009	0.0000	0.0038	0.7541	0.0382	1.4683	0.0813	0.0815	0.0000	0.9604	0.0000	1.4703	
42	63	0.1063	2	1	0	1	0	0	0	0	0	N	N	N	N	N	N	N	N	N	N	N	N	0.0010	1.0363	0.0000	2.3982	1.9434	0.0000	0.0000	0.0000	0.0000	0.0002	0.0002	0.0000	0.0007	0.0007	0.0000	0.0000	0.0000	0.0000	0.1741	0.0002	0.3709	0.0003	0.0004	0.0000	0.2701	0.0027	0.4504	0.0014	1654.1169	-0.0000	0.0007	3.3753	0.9961	2.0398	0.0337	0.0000	0.0000	0.0000	0.0000	0.0000	0.0000	0.0000	0.0000	0.0000	0.0040	0.0000	0.0040	0.0000	0.0000	0.0000	0.0040	0.0000	0.0040	0.1172	0.0990	0.0181	0.0290	0.0275	0.0015	0.0881	0.0715	0.0166	0.0228	0.0121	0.0107	0.0081	0.0062	0.0019	0.0147	0.0059	0.0088	0.0010	1.0363	0.0000	2.3982	1.9434	0.0000	0.0000	0.0000	0.0000	0.1741	0.0002	0.3709	0.0003	0.0004	0.0000	0.2701	0.0000	0.4504
42	69	0.0584	2	1	1	0	0	0	0	0	0	N	N	N	N	N	N	N	N	N	N	N	N	0.4692	0.2170	1.2281	16.9405	0.1736	inf	0.5062	inf	1.1993	1.1129	0.0009	5.5132	0.1529	0.0016	11.8586	1.5331	0.0005	5.3886	2.3721	0.0042	4.4894	0.0090	0.0090	0.0000	3.0287	0.0000	4.4930	1543.9934	1207.6422	0.2921	0.0932	3.3753	3.0720	2.0398	3.7333	0.7198	0.0005	0.7193	0.0301	0.0003	0.0298	0.6897	0.0002	0.6895	0.5401	0.0004	0.5397	0.0004	0.0004	0.0000	0.5397	0.0000	0.5397	0.6467	0.5163	0.1305	0.1969	0.1944	0.0025	0.4499	0.3219	0.1280	0.2277	0.1075	0.1202	0.0495	0.0494	0.0001	0.1782	0.0581	0.1201	0.4692	0.2170	1.2281	16.9405	0.1736	inf	0.5062	inf	1.1993	2.3721	0.0042	4.4894	0.0090	0.0090	0.0000	3.0287	0.0000	4.4930
42	75	0.1028	2	1	1	0	0	0	0	0	0	N	N	N	N	N	N	N	N	N	N	N	N	0.0002	0.0006	0.0014	0.0017	0.0017	0.0000	0.0002	0.0000	0.0016	0.0016	0.0000	0.0494	0.0000	0.0000	0.0000	0.0034	0.0000	0.0692	9.4047	0.0031	35.1630	0.0022	0.0023	0.0001	15.5658	0.5473	42.6599	830.5371	5812.8015	0.0000	0.1076	3.3753	0.0009	2.0398	1.7419	0.0000	0.0000	0.0000	0.0000	0.0000	0.0000	0.0000	0.0000	0.0000	0.6211	0.0001	0.6210	0.0001	0.0001	0.0000	0.6210	0.0000	0.6210	0.0108	0.0104	0.0004	0.0056	0.0055	0.0001	0.0051	0.0049	0.0003	0.0660	0.0341	0.0319	0.0261	0.0259	0.0003	0.0399	0.0083	0.0316	0.0002	0.0006	0.0025	0.0017	0.0017	0.0000	0.0002	0.0000	0.0035	9.4047	0.0031	19.4512	0.0022	0.0023	0.0001	15.5658	0.0059	19.6291
43	45	0.1156	2	1	1	2	0	0	0	0	0	N	N	Y	N	N	N	N	N	N	N	N	N	0.1161	inf	0.0000	inf	inf	0.0000	0.0000	0.5092	0.6948	0.0002	1.7566	1.7631	0.0000	0.0001	0.0000	0.0002	4.3865	0.0000	10.3661	0.0000	0.0000	0.0000	5.1985	0.0000	10.7180	0.0001	inf	-0.1330	0.3208	4.6608	1.3391	7.9996	5.8433	0.2241	0.2241	0.0000	0.2241	0.2241	0.0000	0.0000	0.0000	0.0000	1.8502	0.0000	1.8502	0.0000	0.0000	0.0000	1.8502	0.0000	1.8502	0.4401	0.3225	0.1176	0.1276	0.1271	0.0005	0.3125	0.1954	0.1171	0.4218	0.2068	0.2150	0.0659	0.0644	0.0015	0.3559	0.1424	0.2136	0.1161	inf	0.0000	inf	inf	0.0000	0.0000	0.0000	0.0000	4.3865	0.0000	8.6039	0.0000	0.0000	0.0000	5.1985	0.0000	8.6637		
43	47	0.1206	2	1	1	2	0	0	0	0	0	N	N	Y	N	N	N	N	N	N	N	N	N	0.0059	0.0000	0.0231	0.0000	0.0000	0.0062	0.0232	0.0012	0.0000	0.0079	0.0000	0.0000	0.0000	0.0013	0.0000	0.0079	0.2014	0.0121	0.3410	0.1159	0.1176	0.0000	0.2053	0.0000	0.3414	inf	38.3133	0.0002	0.0060	4.6608	3.0001	7.9996	1.0598	0.0005	0.0000	0.0005	0.0000	0.0000	0.0000	0.0005	0.0000	0.0005	0.0409	0.0010	0.0398	0.0010	0.0010	0.0000	0.0398	0.0000	0.0398	0.4432	0.3760	0.0672	0.0252	0.0246	0.0006	0.4180	0.3514	0.0666	0.2030	0.0862	0.1168	0.0090	0.0088	0.0001	0.1940	0.0773	0.1167	0.0059	0.0000	0.0231	0.0000	0.0000	0.0000	0.0062	0.0000	0.0232	0.2014	0.0121	0.3410	0.1159	0.1176	0.0000	0.2053	0.0000	0.3414		
43	51	0.1113	2	0	1	2	0	0	0	0	0	N	N	Y	N	N	N	N	N	N	N	N	N	1.1077	0.0000	3.0267	0.1014	0.0000	inf	1.5135	3.0625	0.4717	0.0000	2.1533	0.0578	0.0000	1.3757	0.6922	0.0000	2.2088	0.4258	0.1712	0.7114	0.5699	0.5910	0.0000	0.4573	0.0000	0.7212	inf	11.0310	0.1134	0.0083	4.6608	2.4249	7.9996	2.1457	0.2791	0.0000	0.2791	0.0119	0.0000	0.0119	0.2672	0.0000	0.2672	0.0915	0.0076	0.0839	0.0076	0.0076	0.0000	0.0839	0.0000	0.0839	0.5916	0.4620	0.1296	0.2056	0.1970	0.0086	0.3860	0.2650	0.1210	0.2150	0.0970	0.1180	0.0314	0.0298	0.0016	0.1836	0.0672	0.1164	1.1077	0.0000	3.0267	0.2388	0.0000	inf	1.5135	0.0000	3.0625	0.4258	0.0784	0.7114	0.2420	0.2551	0.0000	0.4573	0.0000	0.7212	
43	54	0.1269	2	1	1	1	0	0	0	0	0	N	N	N	N	N	N	N	N	N	N	N	N	0.0174	0.3194	0.0706	0.5733	0.3371	inf	0.0204	0.0858	0.0125	0.0007	0.1015	0.0028	0.0016	0.0196	0.0188	0.0000	0.1236	0.7231	0.0021	1.4380	0.0049	0.0049	0.0000	0.9247	0.0000	1.4401	19.7818	676.9321	0.0014	0.0210	4.6608	2.0079	7.9996	2.2027	0.0038	0.0002	0.0037	0.0003	0.0002	0.0001	0.0035	0.0000	0.0035	0.1220	0.0002	0.1218	0.0002	0.0002	0.0000	0.1218	0.0000	0.1218	0.3065	0.2704	0.0361	0.1201	0.1125	0.0077	0.1864	0.1580	0.0284	0.1688	0.0840	0.0847	0.0370	0.0369	0.0001	0.1318	0.0472	0.0846	0.0174	0.3194	0.0706	0.5733	0.3371	inf	0.0204	0.0000	0.0858	0.7231	0.0021	1.4380	0.0049	0.0049	0.0000	0.9247	0.0000	1.4401	
43	63	0.1547	2	0	0	2	0	0	0	0	0	N	N	Y	N	N	N	N	N	N	N	N	N	0.0038	0.0000	0.0118	0.1466	0.0000	inf	0.0030	0.0096	0.0007	0.0000	0.0043	0.0003	0.0000	0.0050	0.0008	0.0000	0.0042	0.1716	0.0012	0.3642	0.0019	0.0025	0.0000	0.2628	0.0000	0.4398	inf	259.2640	0.0000	0.0013	4.6608	0.9961	7.9996	0.0337	0.0001	0.0000	0.0001	0.0000	0.0000	0.0000	0.0001	0.0000	0.0001	0.0078	0.0000	0.0078	0.0000	0.0000	0.0000	0.0078	0.0000	0.0078	0.1510	0.1278	0.0232	0.0362	0.0342	0.0020	0.1148	0.0936	0.0212	0.0455	0.0241	0.0214	0.0159	0.0122	0.0037	0.0296	0.0119	0.0177	0.0038	0.0000	0.0118	0.1466	0.0000	inf	0.0030	0.0000	0.0096	0.1716	0.0012	0.3642	0.0019	0.0025	0.0000	0.2628	0.0000	0.4398	
43	69	0.1068	2	0	1	1	0	0	0	0	0	N	N	N	N	N	N	N	N	N	N	N	N	0.0631	8.8965	0.0000	11.3488	11.4870	0.0000	0.0000	0.1732	0.2127	0.0000	0.6003	0.6090	0.0000	0.0000	0.0000	0.0000	2.7438	0.0239	5.2076	0.0529	0.0530	0.0000	3.4801	0.0000	5.2123	0.0000	240.4147	-0.0819	0.2067	4.6608	3.0720	7.9996	3.7333	0.1380	0.1380	0.0000	0.1380	0.1380	0.0000	0.0000	0.0000	0.0000	1.2216	0.0051	1.2165	0.0051	0.0051	0.0000	1.2165	0.0000	1.2165	0.7967	0.6489	0.1479	0.2299	0.2267	0.0033	0.5668	0.4222	0.1446	0.4452	0.2116	0.2336	0.0957	0.0954	0.0002	0.3496	0.1162	0.2334	0.0631	8.8965	0.0000	11.3488	11.4870	0.0000	0.0000	0.0000	0.0000	2.7438	0.0239	5.2076	0.0529	0.0530	0.0000	3.4801	0.0000	5.2123		
43	75	0.1512	2	0	1	1	0	0	0	0	0	N	N	N	N	N	N	N	N	N	N	N	N	0.0014	19.6695	0.0000	1.1245	5.6537	0.0000	0.0015	inf	0.0000	0.0086	0.0089	0.0000	0.0034	0.0035	0.0000	0.0143	0.0150	0.0000	5.9384	0.0005	19.1967	0.0030	0.0006	0.1963	9.6775	0.0000	20.1735	0.0000	25225.3894	-0.0001	0.1312	4.6608	0.0009	7.9996	1.7419	0.0001	0.0001	0.0000	0.0000	0.0000	0.0000	0.0001	0.0001	0.0000	0.7568	0.0000	0.7568	0.0001	0.0000	0.0001	0.7566	0.0000	0.7566	0.0147	0.0142	0.0005	0.0077	0.0076	0.0001	0.0070	0.0067	0.0003	0.1274	0.0664	0.0610	0.0493	0.0486	0.0006	0.0782	0.0178	0.0604	0.0014	19.6695	0.0000	1.1245	5.6537	0.0000	0.0015	inf	0.0000	5.9384	0.0005	12.4049	0.0030	0.0006	0.1963	9.6775	0.0000	12.5285
44	45	0.1163	2	1	2	1	0	0	0	0	0	N	Y	N	N	N	N	N	N	N	N	N	N	0.2245	inf	0.0000	inf	inf	0.0000	0.0000	0.5092	0.6948	0.0000	1.7566	1.7631	0.0000	0.0000	0.0000	0.0000	2.2680	0.0000	4.4485	0.0000	0.0000	0.0000	2.6878	0.0000	4.4794	0.0000	inf	-0.1330	0.1658	4.6608	1.3391	7.9996	5.8433	0.2241	0.2241	0.0000	0.2241	0.2241	0.0000	0.0000	0.0000	0.0000	0.9566	0.0000	0.9566	0.0000	0.0000	0.0000	0.9566	0.0000	0.9566	0.4401	0.3225	0.1176	0.1276	0.1271	0.0005	0.3125	0.1954	0.1171	0.4218	0.2068	0.2150	0.0659	0.0644	0.0015	0.3559	0.1424	0.2136	0.2245	inf	0.0000	inf	inf	0.0000	0.0000	0.0000	0.0000	2.2680	0.0000	4.4485	0.0000	0.0000	0.0000	2.6878	0.0000	4.4794		
44	47	0.1213	2	1	2	1	0	0	0	0	0	N	Y	N	N	N	N	N	N	N	N	N	N	0.0002	0.0000	0.0008	0.0000	0.0000	0.0000	0.0003	0.0008	0.0012	0.0000	0.0079	0.0000	0.0000	0.0000	0.0013	0.0000	0.0079	4.8254	0.0110	10.0990	0.1159	0.1074	0.8754	5.0431	0.0000	10.2518	inf	1030.3644	0.0002	0.1688	4.6608	3.0001	7.9996	1.0598	0.0005	0.0000	0.0005	0.0000	0.0000	0.0000	0.0005	0.0000	0.0005	0.9794	0.0009	0.9784	0.0010	0.0009	0.0001	0.9783	0.0000	0.9783	0.4432	0.3760	0.0672	0.0252	0.0246	0.0006	0.4180	0.3514	0.0666	0.2030	0.0862	0.1168	0.0090	0.0088	0.0001	0.1940	0.0773	0.1167	0.0002	0.0000	0.0009	0.0000	0.0000	0.0000	0.0003	0.0000	0.0009	4.8254	0.0110	8.3768	0.1159	0.1074	0.7137	5.0431	0.0000	8.3851	
44	51	0.1121	2	0	2	1	0	0	0	0	0	N	Y	N	N	N	N	N	N	N	N	N	N	7.1923	0.0000	inf	0.0849	0.0000	inf	inf	inf	0.4717	0.0000	2.1533	0.0578	0.0000	1.3757	0.6922	0.0000	2.2088	0.0656	0.2525	0.0000	0.6805	0.7095	0.0000	0.0000	0.0000	0.0000	inf	0.0000	0.1134	-0.0117	4.6608	2.4249	7.9996	2.1457	0.2791	0.0000	0.2791	0.0119	0.0000	0.0119	0.2672	0.0000	0.2672	0.0141	0.0141	0.0000	0.0141	0.0141	0.0000	0.0000	0.0000	0.0000	0.5916	0.4620	0.1296	0.2056	0.1970	0.0086	0.3860	0.2650	0.1210	0.2150	0.0970	0.1180	0.0314	0.0298	0.0016	0.1836	0.0672	0.1164	7.1923	0.0000	inf	0.1289	0.0000	inf	inf	0.0000	inf	0.0656	0.1454	0.0000	0.4485	0.4726	0.0000	0.0000	0.0000	0.0000	
44	54	0.1276	2	1	2	0	0	0	0	0	0	N	Y	N	N	N	N	N	N	N	N	N	N	0.0088	1.4374	0.0318	2.3488	1.5168	inf	0.0084	0.0354	0.0038	0.0007	0.0275	0.0025	0.0016	0.0156	0.0047	0.0000	0.0306	0.4339	0.0005	0.8637	0.0011	0.0011	0.0000	0.5554	0.0000	0.8650	5.3508	1829.6946	0.0003	0.0127	4.6608	2.0079	7.9996	2.2027	0.0012	0.0002	0.0010	0.0003	0.0002	0.0001	0.0009	0.0000	0.0009	0.0732	0.0000	0.0732	0.0000	0.0000	0.0000	0.0732	0.0000	0.0732	0.3065	0.2704	0.0361	0.1201	0.1125	0.0077	0.1864	0.1580	0.0284	0.1688	0.0840	0.0847	0.0370	0.0369	0.0001	0.1318	0.0472	0.0846	0.0088	1.4374	0.0318	2.3488	1.5168	inf	0.0084	0.0000	0.0354	0.4339	0.0005	0.8637	0.0011	0.0011	0.0000	0.5554	0.0000	0.8650	
44	63	0.1554	2	0	1	1	0	0	0	0	0	N	N	N	N	N	N	N	N	N	N	N	N	0.0064	0.0194	inf	inf	0.0049	0.0158	0.0007	0.0000	0.0043	0.0003	0.0000	0.0050	0.0008	0.0000	0.0042	0.1039	0.0000	0.2214	0.0000	0.0000	0.0000	0.1598	0.0000	0.2674	inf	inf	0.0000	0.0008	4.6608	0.9961	7.9996	0.0337	0.0001	0.0000	0.0001	0.0000	0.0000	0.0000	0.0001	0.0000	0.0001	0.0047	0.0000	0.0047	0.0000	0.0000	0.0000	0.0047	0.0000	0.0047	0.1510	0.1278	0.0232	0.0362	0.0342	0.0020	0.1148	0.0936	0.0212	0.0455	0.0241	0.0214	0.0159	0.0122	0.0037	0.0296	0.0119	0.0177	0.0064	0.0000	0.0194	inf	0.0000	inf	0.0049	0.0000	0.0158	0.1039	0.0000	0.2214	0.0000	0.0000	0.0000	0.1598	0.0000	0.2674			
44	69	0.1075	2	0	2	0	0	0	0	0	0	N	Y	N	N	N	N	N	N	N	N	N	N	0.1247	32.8775	0.0000	41.9404	42.4509	0.0000	0.0000	0.1733	0.2129	0.0000	0.6007	0.6093	0.0000	0.0000	0.0000	0.0000	1.3902	0.0065	2.6438	0.0143	0.0144	0.0000	1.7668	0.0000	2.6462	0.0000	450.7943	-0.0820	0.1059	4.6608	3.0720	7.9996	3.7333	0.1381	0.1381	0.0000	0.1381	0.1381	0.0000	0.0000	0.0000	0.0000	0.6190	0.0014	0.6176	0.0014	0.0014	0.0000	0.6176	0.0000	0.6176	0.7967	0.6489	0.1479	0.2299	0.2267	0.0033	0.5668	0.4222	0.1446	0.4452	0.2116	0.2336	0.0957	0.0954	0.0002	0.3496	0.1162	0.2334	0.1247	32.8775	0.0000	41.9404	42.4509	0.0000	0.0000	0.0000	0.0000	1.3902	0.0065	2.6438	0.0143	0.0144	0.0000	1.7668	0.0000	2.6462		
44	75	0.1519	2	0	2	0	0	0	0	0	0	N	Y	N	N	N	N	N	N	N	N	N	N	0.0015	inf	0.0000	inf	inf	0.0015	inf	0.0000	0.0086	0.0089	0.0000	0.0034	0.0035	0.0000	0.0143	0.0150	0.0000	5.8526	0.0000	19.1764	0.0000	0.0000	0.0000	9.5395	0.0000	19.6916	0.0000	inf	-0.0001	0.1293	4.6608	0.0009	7.9996	1.7419	0.0001	0.0001	0.0000	0.0000	0.0000	0.0000	0.0001	0.0001	0.0000	0.7459	0.0000	0.7459	0.0000	0.0000	0.0000	0.7459	0.0000	0.7459	0.0147	0.0142	0.0005	0.0077	0.0076	0.0001	0.0070	0.0067	0.0003	0.1274	0.0664	0.0610	0.0493	0.0486	0.0006	0.0782	0.0178	0.0604	0.0015	inf	0.0000	inf	inf	0.0000	0.0015	inf	0.0000	5.8526	0.0000	12.2261	0.0000	0.0000	0.0000	9.5395	0.0000	12.3499	
45	47	0.1179	3	2	2	2	0	0	0	0	0	Y	Y	Y	N	N	N	N	N	N	N	N	N	0.0057	0.0344	0.0000	0.0828	0.0830	0.0000	0.0000	0.0000	0.0016	0.0019	0.0000	0.0117	0.0119	0.0000	0.0000	0.0000	0.0000	0.2791	0.0549	0.5005	0.1419	0.1436	0.0421	0.3119	0.0000	0.5036	0.0000	9.2269	-0.0002	0.0038	1.3391	3.0001	5.8433	1.0598	0.0003	0.0003	0.0000	0.0003	0.0003	0.0000	0.0000	0.0000	0.0000	0.0504	0.0049	0.0455	0.0050	0.0049	0.0000	0.0455	0.0000	0.0455	0.1693	0.1437	0.0256	0.0231	0.0228	0.0003	0.1462	0.1209	0.0252	0.1807	0.0898	0.0909	0.0349	0.0343	0.0006	0.1457	0.0555	0.0903	0.0057	0.0344	0.0000	0.0828	0.0830	0.0000	0.0000	0.0000	0.0000	0.2791	0.0549	0.5005	0.1419	0.1436	0.0421	0.3119	0.0000	0.5036	
45	48	0.0782	2	2	1	2	0	0	0	0	0	Y	N	Y	N	N	N	N	N	N	N	N	N	0.0771	326.9975	0.0000	184.1067	180.2725	0.0000	0.0000	0.0000	0.9003	1.5134	0.0009	2.0485	2.0498	0.0000	0.0007	0.0000	0.0009	11.6735	0.0046	41.9383	0.0111	0.0114	0.0000	13.7576	0.0221	42.9496	0.0004	5222.9486	-0.1328	0.5167	1.3391	0.6630	5.8433	5.9830	0.2240	0.2239	0.0001	0.2239	0.2239	0.0000	0.0001	0.0000	0.0001	2.9835	0.0006	2.9830	0.0004	0.0004	0.0000	2.9831	0.0001	2.9830	0.2488	0.1479	0.1009	0.1093	0.1092	0.0001	0.1395	0.0387	0.1008	0.2556	0.1234	0.1322	0.0387	0.0379	0.0008	0.2168	0.0855	0.1314	0.0771	326.9975	0.0000	184.1067	180.2725	0.0000	0.0000	0.0000	0.0000	11.6735	0.0046	22.5669	0.0111	0.0114	0.0000	13.7576	0.0016	22.7098	
45	49	0.0782	2	2	2	1	0	0	0	0	0	Y	Y	N	N	N	N	N	N	N	N	N	N	0.1063	0.0000	0.2347	0.0000	0.0000	0.1200	0.2344	0.2114	0.0000	0.9214	0.0000	0.0000	0.0000	0.2835	0.0000	0.9266	1.9889	0.0001	3.9252	0.0003	0.0003	0.0000	2.3622	0.0000	3.9535	inf	47830.4453	0.0468	0.1658	1.3391	7.3392	5.8433	7.9996	0.1151	0.0000	0.1151	0.0000	0.0000	0.0000	0.1151	0.0000	0.1151	0.9566	0.0000	0.9566	0.0000	0.0000	0.0000	0.9566	0.0000	0.9566	0.5442	0.4193	0.1249	0.1383	0.1376	0.0007	0.4059	0.2817	0.1242	0.4810	0.2373	0.2437	0.0760	0.0743	0.0017	0.4050	0.1630	0.2420	0.1063	0.0000	0.2347	0.0000	0.0000	0.0000	0.1200	0.0000	0.2344	1.9889	0.0001	3.9252	0.0003	0.0003	0.0000	2.3622	0.0000	3.9535		
45	50	0.0782	2	1	1	1	1	0	0	0	0	N	N	N	N	N	N	N	N	N	N	N	N	0.1703	0.1150	inf	0.2738	0.2684	0.0000	0.0000	inf	0.5092	0.6948	0.0002	1.7566	1.7631	0.0000	0.0001	0.0000	0.0002	2.9897	6.0420	0.0000	6.4163	6.5685	0.0000	2.3423	5.8013	0.0000	0.0001	0.0000	-0.1330	-1.2540	1.3391	4.6608	5.8433	12.0004	0.2241	0.2241	0.0000	0.2241	0.2241	0.0000	0.0000	0.0000	0.0000	1.5170	1.5170	0.0000	0.5174	0.5174	0.0000	0.9996	0.9996	0.0000	0.4401	0.3225	0.1176	0.1276	0.1271	0.0005	0.3125	0.1954	0.1171	0.5074	0.2511	0.2563	0.0806	0.0788	0.0019	0.4268	0.1723	0.2545	0.1703	0.1150	inf	0.2738	0.2684	0.0000	0.0000	0.0000	inf	2.9897	6.0420	0.0000	6.4163	6.5685	0.0000	2.3423	5.8013	0.0000	
45	51	0.1087	3	1	2	2	0	0	0	0	0	N	Y	Y	N	N	N	N	N	N	N	N	N	0.9114	2.1962	0.0000	1.4065	1.4306	0.0000	0.0000	0.0000	0.4065	0.5929	0.0000	0.9377	0.9728	0.0000	0.0000	0.0000	0.0000	0.4460	0.2700	0.7347	0.6667	0.6800	0.0000	0.4689	0.0013	0.7409	0.0000	3.3441	-0.0850	-0.0055	1.3391	2.4249	5.8433	2.1457	0.1432	0.1432	0.0000	0.1432	0.1432	0.0000	0.0000	0.0000	0.0000	0.0974	0.0224	0.0750	0.0224	0.0224	0.0000	0.0750	0.0000	0.0750	0.3523	0.2416	0.1108	0.1527	0.1472	0.0055	0.1996	0.0943	0.1053	0.2185	0.1164	0.1021	0.0585	0.0577	0.0009	0.1600	0.0587	0.1012	0.9114	3.0763	0.0000	2.4463	2.5006	0.0000	0.0000	0.0000	0.0000	0.4460	0.1927	0.7347	0.3833	0.3890	0.0000	0.4689	0.0000	0.7409	
45	52	0.0782	2	1	2	1	0	0	0	0	0	N	Y	N	N	N	N	N	N	N	N	N	N	0.0768	0.1029	0.0532	0.0717	0.0704	0.0407	inf	0.0522	0.4654	0.4885	0.4090	1.0876	1.0908	0.0000	0.1809	0.0133	0.4103	6.0591	4.7490	7.6945	15.1718	15.5012	0.0000	4.4425	0.0000	7.8655	0.3431	1.6506	-0.0615	-0.2684	1.3391	3.5386	5.8433	1.9499	0.1821	0.1356	0.0465	0.1335	0.1335	0.0000	0.0486	0.0021	0.0465	1.3164	0.4966	0.8197	0.4966	0.4966	0.0000	0.8197	0.0000	0.8197	0.3912	0.2775	0.1137	0.1227	0.1224	0.0004	0.2685	0.1551	0.1134	0.2173	0.1046	0.1127	0.0327	0.0320	0.0007	0.1845	0.0725	0.1120	0.0768	0.1029	0.0562	0.0717	0.0704	0.0000	0.0407	inf	0.0561	6.0591	4.7490	7.2749	15.1718	15.5012	0.0000	4.4425	0.0000	7.3201	
45	53	0.0782	2	2	1	2	0	0	0	0	0	Y	N	Y	N	N	N	N	N	N	N	N	N	0.0400	0.0348	0.0498	0.0308	0.3010	0.0000	1.0183	0.0000	0.0000	0.0000	0.4419	0.0000	1.0214	7.5324	0.0000	29.2529	0.0000	0.0000	0.0000	8.8758	0.0000	33.2104	inf	inf	0.0468	0.3208	1.3391	3.3392	5.8433	2.9996	0.1150	0.0000	0.1150	0.0000	0.0000	0.0000	0.1150	0.0000	0.1150	1.8502	0.0000	1.8502	0.0000	0.0000	0.0000	1.8502	0.0000	1.8502	0.3822	0.2692	0.1130	0.1218	0.1215	0.0003	0.2603	0.1477	0.1126	0.2456	0.1185	0.1271	0.0372	0.0364	0.0008	0.2085	0.0821	0.1263	0.0400	0.0000	0.0700	0.0000	0.0000	0.0000	0.0498	0.0000	0.0697	7.5324	0.0000	14.5533	0.0000	0.0000	0.0000	8.8758	0.0000	14.6450					
45	54	0.1243	3	2	2	1	0	0	0	0	0	Y	Y	N	N	N	N	N	N	N	N	N	N	0.0010	0.0000	0.0039	0.0000	0.0000	0.0000	0.0011	0.0046	0.0007	0.0000	0.0064	0.0000	0.0000	0.0000	0.0013	0.0000	0.0077	0.7256	0.0004	1.6452	0.0008	0.0007	0.0167	1.0978	0.0000	1.6600	inf	3307.1341	0.0000	0.0197	1.3391	2.0079	5.8433	2.2027	0.0001	0.0000	0.0001	0.0000	0.0000	0.0000	0.0001	0.0000	0.0001	0.1136	0.0000	0.1136	0.0000	0.0000	0.0000	0.1136	0.0000	0.1136	0.1275	0.1126	0.0149	0.0516	0.0491	0.0025	0.0760	0.0636	0.0124	0.1566	0.0875	0.0690	0.0531	0.0525	0.0006	0.1035	0.0350	0.0684	0.0010	0.0000	0.0039	0.0000	0.0000	0.0000	0.0011	0.0000	0.0046	0.7256	0.0004	1.6452	0.0008	0.0007	0.0167	1.0978	0.0000	1.6600	
45	55	0.0782	2	2	2	1	0	0	0	0	0	Y	Y	N	N	N	N	N	N	N	N	N	N	0.0476	0.5767	0.0616	0.4467	0.4385	0.0572	0.0609	0.2698	0.0002	0.9869	0.0005	0.0005	0.0000	0.3831	0.0000	0.9907	5.6742	0.0004	16.0121	0.0011	0.0011	0.0000	6.6983	0.0000	16.2684	1833.2263	33340.1999	0.0467	0.3010	1.3391	4.3406	5.8433	3.9440	0.1151	0.0001	0.1150	0.0001	0.0001	0.0000	0.1150	0.0000	0.1150	1.7366	0.0001	1.7366	0.0001	0.0001	0.0000	1.7366	0.0000	1.7366	0.4265	0.3100	0.1165	0.1262	0.1258	0.0004	0.3003	0.1842	0.1161	0.3061	0.1484	0.1577	0.0468	0.0458	0.0010	0.2593	0.1026	0.1566	0.0476	0.5767	0.0896	0.4467	0.4385	0.0000	0.0572	0.0000	0.0894	5.6742	0.0004	11.0146	0.0011	0.0011	0.0000	6.6983	0.0000	11.0862		
45	56	0.0782	2	1	2	1	0	0	0	0	0	N	Y	N	N	N	N	N	N	N	N	N	N	0.1490	0.2782	0.0000	0.2023	0.1984	0.0000	0.0000	0.5649	0.7931	0.0000	1.8179	1.8234	0.0000	0.0000	0.0000	0.0000	3.7919	2.8506	4.6883	8.9860	9.1898	0.0000	2.8411	0.0000	4.7199	0.0000	1.7271	-0.1330	-0.2728	1.3391	3.6608	5.8433	7.0004	0.2241	0.2241	0.0000	0.2241	0.2241	0.0000	0.0000	0.0000	0.0000	1.4110	0.5174	0.8936	0.5174	0.5174	0.0000	0.8936	0.0000	0.8936	0.3967	0.2825	0.1142	0.1233	0.1229	0.0004	0.2734	0.1596	0.1138	0.3721	0.1815	0.1906	0.0576	0.0563	0.0013	0.3145	0.1252	0.1893	0.1490	0.2782	0.0000	0.2023	0.1984	0.0000	0.0000	0.0000	0.0000	3.7919	2.8506	4.6883	8.9860	9.1898	0.0000	2.8411	0.0000	4.7199		
45	57	0.0782	2	1	1	2	0	0	0	0	0	N	N	Y	N	N	N	N	N	N	N	N	N	507.5672	378.8226	204.2063	200.0932	0.7438	1.1468	0.0000	1.9633	1.9663	0.0000	0.0000	0.0000	0.0000	0.0015	0.0030	0.0000	0.0096	0.0098	0.0000	0.0000	0.0000	0.0000	0.0000	0.0000	-0.1330	-0.0003	1.3391	1.6608	5.8433	6.0004	0.2241	0.2241	0.0000	0.2241	0.2241	0.0000	0.0000	0.0000	0.0000	0.0004	0.0004	0.0000	0.0004	0.0004	0.0000	0.0000	0.0000	0.0000	0.3013	0.1954	0.1059	0.1141	0.1140	0.0002	0.1871	0.0814	0.1057	0.2874	0.1391	0.1483	0.0438	0.0429	0.0009	0.2436	0.0963	0.1473	507.5672	378.8226	0.0000	204.2063	200.0932	0.0000	0.0000	0.0000	0.0000	0.0015	0.0030	0.0000	0.0096	0.0098	0.0000	0.0000	0.0000	0.0000					
45	58	0.0782	2	2	2	1	0	0	0	0	0	Y	Y	N	N	N	N	N	N	N	N	N	N	0.0965	0.0000	0.1809	0.0000	0.0000	0.1160	0.1803	0.2698	0.0000	0.9871	0.0000	0.0000	0.0000	0.3832	0.0000	0.9908	2.7962	0.0110	5.4572	0.0347	0.0355	0.0000	3.3037	0.0000	5.4944	inf	517.6519	0.0468	0.1867	1.3391	4.3392	5.8433	6.9996	0.1150	0.0000	0.1150	0.0000	0.0000	0.0000	0.1150	0.0000	0.1150	1.0892	0.0021	1.0871	0.0021	0.0021	0.0000	1.0871	0.0000	1.0871	0.4264	0.3099	0.1165	0.1262	0.1258	0.0004	0.3002	0.1841	0.1161	0.3895	0.1903	0.1992	0.0605	0.0591	0.0013	0.3290	0.1312	0.1979	0.0965	0.0000	0.1809	0.0000	0.0000	0.0000	0.1160	0.0000	0.1803	2.7962	0.0110	5.4572	0.0347	0.0355	0.0000	3.3037	0.0000	5.4944		
45	59	0.0782	2	2	2	2	0	0	0	0	0	Y	Y	Y	N	N	N	N	N	N	N	N	N	78.2728	51.2108	44.6413	43.8230	0.4660	0.6219	0.0000	1.7014	1.7087	0.0000	0.0000	0.0000	0.0000	0.0060	0.0121	0.0000	0.0381	0.0390	0.0000	0.0000	0.0000	0.0000	0.0000	0.0000	-0.1330	-0.0021	1.3391	5.6608	5.8433	7.0004	0.2241	0.2241	0.0000	0.2241	0.2241	0.0000	0.0000	0.0000	0.0000	0.0025	0.0025	0.0000	0.0025	0.0025	0.0000	0.0000	0.0000	0.0000	0.4809	0.3603	0.1206	0.1317	0.1311	0.0006	0.3492	0.2292	0.1201	0.4218	0.2068	0.2151	0.0659	0.0644	0.0015	0.3559	0.1424	0.2136	78.2728	51.2108	0.0000	44.6413	43.8230	0.0000	0.0000	0.0000	0.0000	0.0060	0.0121	0.0000	0.0381	0.0390	0.0000	0.0000	0.0000	0.0000					
45	60	0.0782	2	1	2	1	0	0	0	0	0	N	Y	N	N	N	N	N	N	N	N	N	N	0.0000	0.0000	0.0000	0.0000	0.0000	0.0000	0.0000	0.0000	0.0000	0.0000	0.0000	0.0000	0.0000	2.2048	4.5742	0.0000	14.5929	14.9112	0.0000	0.0000	0.0000	0.0000	0.0000	0.0000	-0.4273	1.3391	2.0000	5.8433	4.0000	0.0000	0.0000	0.0000	0.0000	0.0000	0.0000	0.0000	0.0000	0.0000	0.5170	0.5170	0.0000	0.5170	0.5170	0.0000	0.0000	0.0000	0.0000	0.3183	0.2109	0.1074	0.1157	0.1155	0.0002	0.2026	0.0954	0.1072	0.2345	0.1130	0.1215	0.0354	0.0347	0.0008	0.1991	0.0783	0.1207	0.0000	0.0000	0.0000	0.0000	0.0000	0.0000	0.0000	0.0000	0.0000	2.2048	4.5742	0.0000	14.5929	14.9112	0.0000	0.0000	0.0000	0.0000						
45	61	0.0782	2	2	1	2	0	0	0	0	0	Y	N	Y	N	N	N	N	N	N	N	N	N	0.1071	0.0000	0.2143	0.0000	0.0000	0.1255	0.2138	0.2458	0.0000	0.9612	0.0000	0.0000	0.0000	0.3407	0.0000	0.9655	2.2951	0.0022	4.4857	0.0070	0.0071	0.0000	2.7156	0.0000	4.5163	inf	2122.0955	0.0468	0.1546	1.3391	5.3392	5.8433	6.0004	0.1150	0.0000	0.1150	0.0000	0.0000	0.0000	0.1150	0.0000	0.1150	0.8940	0.0004	0.8936	0.0004	0.0004	0.0000	0.8936	0.0000	0.8936	0.4681	0.3484	0.1197	0.1304	0.1299	0.0005	0.3377	0.2185	0.1192	0.3895	0.1903	0.1992	0.0605	0.0591	0.0013	0.3291	0.1312	0.1979	0.1071	0.0000	0.2143	0.0000	0.0000	0.0000	0.1255	0.0000	0.2138	2.2951	0.0022	4.4857	0.0070	0.0071	0.0000	2.7156	0.0000	4.5163		
45	62	0.0782	2	1	2	1	0	0	0	0	0	N	Y	N	N	N	N	N	N	N	N	N	N	0.1597	0.2780	0.0000	0.2905	0.2851	0.0000	0.0000	0.3799	0.4848	0.0000	1.5647	1.5737	0.0000	0.0000	0.0000	0.0000	2.3790	1.7435	3.0154	5.3871	5.5194	0.0000	1.7978	0.0000	3.0390	0.0000	1.7271	-0.1330	-0.2728	1.3391	8.6608	5.8433	13.0004	0.2241	0.2241	0.0000	0.2241	0.2241	0.0000	0.0000	0.0000	0.0000	1.4110	0.5174	0.8936	0.5174	0.5174	0.0000	0.8936	0.0000	0.8936	0.5899	0.4623	0.1276	0.1432	0.1424	0.0008	0.4467	0.3199	0.1268	0.5931	0.2968	0.2963	0.0960	0.0937	0.0023	0.4971	0.2030	0.2940	0.1597	0.2780	0.0000	0.2905	0.2851	0.0000	0.0000	0.0000	0.0000	2.3790	1.7435	3.0154	5.3871	5.5194	0.0000	1.7978	0.0000	3.0390		
45	63	0.1520	3	1	1	2	0	0	0	0	0	N	N	Y	N	N	N	N	N	N	N	N	N	0.0017	0.0134	0.0000	0.0242	0.0213	0.0000	0.0000	0.0000	0.0004	0.0004	0.0000	0.0012	0.0013	0.0000	0.0000	0.0000	0.0000	0.2018	0.0311	0.4591	0.0498	0.0591	0.0000	0.2932	0.0010	0.5393	0.0000	9.8094	-0.0000	0.0006	1.3391	0.9961	5.8433	0.0337	0.0000	0.0000	0.0000	0.0000	0.0000	0.0000	0.0000	0.0000	0.0000	0.0080	0.0007	0.0073	0.0007	0.0007	0.0000	0.0073	0.0000	0.0073	0.0577	0.0489	0.0088	0.0169	0.0162	0.0007	0.0409	0.0328	0.0081	0.0396	0.0238	0.0158	0.0149	0.0125	0.0023	0.0247	0.0113	0.0134	0.0017	0.0134	0.0000	0.0242	0.0213	0.0000	0.0000	0.0000	0.0000	0.2018	0.0311	0.4591	0.0498	0.0591	0.0000	0.2932	0.0000	0.5393	
45	64	0.0782	2	1	1	2	0	0	0	0	0	N	N	Y	N	N	N	N	N	N	N	N	N	0.0951	0.2974	0.0000	0.2168	0.2126	0.0000	0.0000	0.5646	0.7926	0.0001	1.8175	1.8231	0.0000	0.0000	0.0000	0.0001	5.9367	2.6652	11.8517	8.3823	8.5739	0.0000	5.4865	0.0000	12.1940	0.0000	3.5552	-0.1330	-0.1090	1.3391	3.6648	5.8433	8.0029	0.2241	0.2241	0.0000	0.2241	0.2241	0.0000	0.0000	0.0000	0.0000	2.3613	0.5184	1.8430	0.5184	0.5184	0.0000	1.8430	0.0000	1.8430	0.3969	0.2827	0.1142	0.1233	0.1229	0.0004	0.2736	0.1598	0.1138	0.3978	0.1945	0.2033	0.0618	0.0605	0.0014	0.3359	0.1340	0.2019	0.0951	0.2974	0.0000	0.2168	0.2126	0.0000	0.0000	0.0000	0.0000	5.9367	2.6652	9.0672	8.3823	8.5739	0.0000	5.4865	0.0000	9.1292		
45	65	0.0782	2	1	2	1	0	0	0	0	0	N	Y	N	N	N	N	N	N	N	N	N	N	0.2866	18097.6701	0.0001	17159.1770	16821.0698	0.0000	0.0001	0.4315	0.5657	0.0002	1.6515	1.6594	0.0000	0.0001	0.0000	0.0002	1.5057	0.0000	3.0327	0.0001	0.0001	0.0000	1.8001	0.0000	3.0573	0.0001	95660.8907	-0.1330	0.1658	1.3391	6.6608	5.8433	17.9996	0.2241	0.2241	0.0000	0.2241	0.2241	0.0000	0.0000	0.0000	0.0000	0.9566	0.0000	0.9566	0.0000	0.0000	0.0000	0.9566	0.0000	0.9566	0.5194	0.3961	0.1233	0.1357	0.1350	0.0007	0.3837	0.2611	0.1226	0.6353	0.3199	0.3154	0.1039	0.1014	0.0025	0.5314	0.2185	0.3129	0.2866	18097.6701	0.0001	17159.1770	16821.0698	0.0000	0.0000	0.0000	0.0001	1.5057	0.0000	3.0327	0.0001	0.0001	0.0000	1.8001	0.0000	3.0573		
45	66	0.0782	2	1	2	1	1	0	0	0	0	N	Y	N	N	N	N	N	N	N	N	N	N	0.0581	0.0000	0.0976	0.0000	0.0000	0.0679	0.0952	0.2458	0.0000	0.9612	0.0000	0.0000	0.0000	0.3407	0.0000	0.9655	4.2286	0.0000	9.8475	0.0001	0.0001	0.0000	5.0142	0.0000	10.1447	inf	185020.8907	0.0468	0.3207	1.3391	5.3392	5.8433	7.9996	0.1150	0.0000	0.1150	0.0000	0.0000	0.0000	0.1150	0.0000	0.1150	1.8502	0.0000	1.8502	0.0000	0.0000	0.0000	1.8502	0.0000	1.8502	0.4681	0.3484	0.1197	0.1304	0.1299	0.0005	0.3377	0.2185	0.1192	0.4375	0.2148	0.2227	0.0686	0.0670	0.0016	0.3690	0.1478	0.2212	0.0581	0.0000	0.1157	0.0000	0.0000	0.0000	0.0679	0.0000	0.1154	4.2286	0.0000	8.3072	0.0001	0.0001	0.0000	5.0142	0.0000	8.3655		
45	67	0.0782	2	1	2	1	0	0	0	0	0	N	Y	N	N	N	N	N	N	N	N	N	N	0.0590	0.1147	0.0675	0.1115	0.2268	0.0000	0.9397	0.0000	0.0000	0.0000	0.3086	0.0000	0.9445	3.8467	0.0000	8.1953	0.0000	0.0000	0.0000	4.5688	0.0000	8.4699	inf	inf	0.0468	0.3208	1.3391	6.3392	5.8433	8.9996	0.1151	0.0000	0.1151	0.0000	0.0000	0.0000	0.1151	0.0000	0.1151	1.8502	0.0000	1.8502	0.0000	0.0000	0.0000	1.8502	0.0000	1.8502	0.5072	0.3848	0.1224	0.1344	0.1338	0.0006	0.3728	0.2510	0.1218	0.4810	0.2373	0.2437	0.0760	0.0743	0.0017	0.4050	0.1630	0.2420	0.0590	0.0000	0.1238	0.0000	0.0000	0.0000	0.0675	0.0000	0.1235	3.8467	0.0000	7.5918	0.0000	0.0000	0.0000	4.5688	0.0000	7.6466					
45	68	0.0782	2	1	2	1	0	0	0	0	0	N	Y	N	N	N	N	N	N	N	N	N	N	449.9809	299.4972	inf	240.1836	235.7248	inf	inf	0.5092	0.6948	0.0002	1.7566	1.7631	0.0000	0.0001	0.0000	0.0002	0.0011	0.0023	0.0000	0.0073	0.0075	0.0000	0.0000	0.0000	0.0000	0.0001	0.0000	-0.1330	-0.0003	1.3391	4.6608	5.8433	6.0004	0.2241	0.2241	0.0000	0.2241	0.2241	0.0000	0.0000	0.0000	0.0000	0.0004	0.0004	0.0000	0.0004	0.0004	0.0000	0.0000	0.0000	0.0000	0.4401	0.3225	0.1176	0.1276	0.1271	0.0005	0.3125	0.1954	0.1171	0.3721	0.1815	0.1906	0.0576	0.0563	0.0013	0.3145	0.1252	0.1893	449.9809	299.4972	inf	240.1836	235.7248	0.0000	inf	0.0000	inf	0.0011	0.0023	0.0000	0.0073	0.0075	0.0000	0.0000	0.0000	0.0000		
45	69	0.1041	3	1	2	1	0	0	0	0	0	N	Y	N	N	N	N	N	N	N	N	N	N	0.0669	0.0000	0.1253	0.0778	0.0000	0.2088	0.0713	0.1261	0.1856	0.0000	0.7289	0.0008	0.0000	0.0898	0.2916	0.0000	0.7375	2.7753	0.0042	5.8166	0.0107	0.0068	0.4301	4.0898	0.0000	5.8496	inf	1268.3267	0.0288	0.1947	1.3391	3.0720	5.8433	3.7333	0.0708	0.0000	0.0708	0.0001	0.0000	0.0001	0.0707	0.0000	0.0707	1.1283	0.0009	1.1274	0.0014	0.0009	0.0005	1.1269	0.0000	1.1269	0.3816	0.2844	0.0972	0.1391	0.1378	0.0013	0.2425	0.1466	0.0959	0.4066	0.2127	0.1938	0.1310	0.1298	0.0012	0.2755	0.0829	0.1926	0.0669	0.0000	0.1253	0.0778	0.0000	0.2088	0.0713	0.0000	0.1261	2.7753	0.0042	5.8166	0.0107	0.0068	0.4301	4.0898	0.0000	5.8496	
45	70	0.0782	2	1	2	1	0	0	0	0	0	N	Y	N	N	N	N	N	N	N	N	N	N	0.1279	16.6157	0.1162	10.3937	10.1890	0.1164	0.0038	0.1120	0.4629	0.2437	0.8622	0.4113	0.4119	0.0000	0.4948	0.0005	0.8636	3.6179	0.0147	7.4181	0.0396	0.0404	0.0000	4.2506	0.1308	7.7086	1.9426	512.2291	0.0092	0.1235	1.3391	1.5925	5.8433	3.3727	0.1379	0.0468	0.0910	0.0468	0.0468	0.0000	0.0910	0.0000	0.0910	0.7205	0.0014	0.7191	0.0012	0.0012	0.0000	0.7193	0.0002	0.7191	0.2978	0.1923	0.1055	0.1138	0.1136	0.0002	0.1840	0.0786	0.1054	0.1992	0.0957	0.1034	0.0299	0.0293	0.0006	0.1692	0.0664	0.1028	0.1279	16.6157	0.1240	10.3937	10.1890	0.0000	0.1164	0.1503	0.1234	3.6179	0.0147	6.9531	0.0396	0.0404	0.0000	4.2506	0.0033	6.9960	
45	71	0.0782	2	1	2	1	0	0	0	0	0	N	Y	N	N	N	N	N	N	N	N	N	N	97.6571	64.6468	56.8943	55.8044	0.4660	0.6219	0.0000	1.7014	1.7087	0.0000	0.0000	0.0000	0.0000	0.0048	0.0096	0.0000	0.0299	0.0306	0.0000	0.0000	0.0000	0.0000	0.0000	0.0000	-0.1330	-0.0021	1.3391	5.6608	5.8433	12.0004	0.2241	0.2241	0.0000	0.2241	0.2241	0.0000	0.0000	0.0000	0.0000	0.0025	0.0025	0.0000	0.0025	0.0025	0.0000	0.0000	0.0000	0.0000	0.4809	0.3603	0.1206	0.1317	0.1311	0.0006	0.3492	0.2292	0.1201	0.5263	0.2610	0.2653	0.0840	0.0820	0.0020	0.4423	0.1790	0.2633	97.6571	64.6468	0.0000	56.8943	55.8044	0.0000	0.0000	0.0000	0.0000	0.0048	0.0096	0.0000	0.0299	0.0306	0.0000	0.0000	0.0000	0.0000					
45	73	0.0782	2	2	2	1	1	0	0	0	0	Y	Y	N	N	N	N	N	N	N	N	N	N	0.1548	0.0000	0.2661	0.0000	0.0000	0.1916	0.2650	0.3010	0.0000	1.0183	0.0000	0.0000	0.0000	0.4419	0.0000	1.0214	1.9443	0.0019	3.8266	0.0061	0.0062	0.0000	2.3063	0.0000	3.8538	inf	2025.8757	0.0468	0.1546	1.3391	3.3392	5.8433	11.0004	0.1150	0.0000	0.1150	0.0000	0.0000	0.0000	0.1150	0.0000	0.1150	0.8940	0.0004	0.8936	0.0004	0.0004	0.0000	0.8936	0.0000	0.8936	0.3822	0.2692	0.1130	0.1218	0.1215	0.0003	0.2603	0.1477	0.1126	0.4598	0.2263	0.2335	0.0724	0.0707	0.0017	0.3875	0.1556	0.2319	0.1548	0.0000	0.2661	0.0000	0.0000	0.0000	0.1916	0.0000	0.2650	1.9443	0.0019	3.8266	0.0061	0.0062	0.0000	2.3063	0.0000	3.8538		
45	74	0.0782	2	1	2	1	1	0	0	0	0	N	Y	N	N	N	N	N	N	N	N	N	N	0.0988	0.0000	0.2094	0.0000	0.0000	0.1136	0.2091	0.2268	0.0000	0.9395	0.0000	0.0000	0.0000	0.3086	0.0000	0.9443	2.2951	0.0023	4.4857	0.0071	0.0073	0.0000	2.7156	0.0000	4.5163	inf	2072.8696	0.0468	0.1546	1.3391	6.3392	5.8433	5.0004	0.1150	0.0000	0.1150	0.0000	0.0000	0.0000	0.1150	0.0000	0.1150	0.8940	0.0004	0.8936	0.0004	0.0004	0.0000	0.8936	0.0000	0.8936	0.5072	0.3848	0.1224	0.1344	0.1338	0.0006	0.3728	0.2510	0.1218	0.3895	0.1903	0.1992	0.0605	0.0591	0.0013	0.3291	0.1312	0.1979	0.0988	0.0000	0.2094	0.0000	0.0000	0.0000	0.1136	0.0000	0.2091	2.2951	0.0023	4.4857	0.0071	0.0073	0.0000	2.7156	0.0000	4.5163		
45	75	0.1485	3	1	2	1	0	0	0	0	0	N	Y	N	N	N	N	N	N	N	N	N	N	0.0005	0.0000	0.0033	0.0000	0.0000	0.0000	0.0006	0.0039	0.0031	0.0000	0.0883	0.0000	0.0000	0.0000	0.0066	0.0000	0.1200	6.1739	0.0002	26.6745	0.0004	0.0003	0.0085	11.1287	0.0000	30.4881	inf	51585.6865	0.0000	0.1248	1.3391	0.0009	5.8433	1.7419	0.0000	0.0000	0.0000	0.0000	0.0000	0.0000	0.0000	0.0000	0.0000	0.7201	0.0000	0.7201	0.0000	0.0000	0.0000	0.7201	0.0000	0.7201	0.0044	0.0042	0.0002	0.0023	0.0022	0.0000	0.0021	0.0020	0.0001	0.1166	0.0644	0.0522	0.0519	0.0513	0.0006	0.0647	0.0131	0.0516	0.0005	0.0000	0.0064	0.0000	0.0000	0.0000	0.0006	0.0000	0.0086	6.1739	0.0002	13.7886	0.0004	0.0003	0.0085	11.1287	0.0000	13.9506	
45	76	0.0782	2	1	2	1	0	0	0	0	0	N	Y	N	N	N	N	N	N	N	N	N	N	0.0798	0.0132	0.1673	0.0119	0.0116	0.0920	0.1670	0.2300	0.0000	0.9432	0.0001	0.0001	0.0000	0.3139	0.0000	0.9479	2.8833	0.0018	5.6377	0.0057	0.0058	0.0000	3.4124	0.0000	5.6762	12833.5615	3280.5863	0.0468	0.1957	1.3391	6.1537	5.8433	5.2905	0.1150	0.0000	0.1150	0.0000	0.0000	0.0000	0.1150	0.0000	0.1150	1.1307	0.0003	1.1304	0.0003	0.0003	0.0000	1.1304	0.0000	1.1304	0.5002	0.3782	0.1220	0.1337	0.1331	0.0006	0.3665	0.2451	0.1214	0.3922	0.1917	0.2005	0.0609	0.0596	0.0014	0.3313	0.1321	0.1991	0.0798	0.0132	0.1673	0.0119	0.0116	0.0000	0.0920	0.0000	0.1670	2.8833	0.0018	5.6377	0.0057	0.0058	0.0000	3.4124	0.0000	5.6762		
45	77	0.0782	2	1	1	2	1	0	0	0	0	N	N	Y	N	N	N	N	N	N	N	N	N	0.1139	0.0000	0.2273	0.0000	0.0000	0.1333	0.2268	0.2458	0.0000	0.9613	0.0000	0.0000	0.0000	0.3408	0.0000	0.9656	2.1587	0.0021	4.2289	0.0067	0.0068	0.0000	2.5563	0.0000	4.2582	inf	2072.8696	0.0468	0.1546	1.3391	5.3392	5.8433	7.0004	0.1151	0.0000	0.1151	0.0000	0.0000	0.0000	0.1151	0.0000	0.1151	0.8940	0.0004	0.8936	0.0004	0.0004	0.0000	0.8936	0.0000	0.8936	0.4681	0.3484	0.1197	0.1304	0.1299	0.0005	0.3377	0.2185	0.1192	0.4142	0.2029	0.2113	0.0646	0.0631	0.0015	0.3496	0.1397	0.2099	0.1139	0.0000	0.2273	0.0000	0.0000	0.0000	0.1333	0.0000	0.2268	2.1587	0.0021	4.2289	0.0067	0.0068	0.0000	2.5563	0.0000	4.2582		
45	78	0.0782	2	1	1	2	1	0	0	0	0	N	N	Y	N	N	N	N	N	N	N	N	N	0.0564	0.0000	0.1076	0.0000	0.0000	0.0646	0.0977	0.2268	0.0000	0.9397	0.0000	0.0000	0.0000	0.3086	0.0000	0.9445	4.0239	0.0001	8.7302	0.0003	0.0003	0.0000	4.7754	0.0000	9.6679	inf	92510.4453	0.0468	0.3207	1.3391	6.3392	5.8433	7.9996	0.1151	0.0000	0.1151	0.0000	0.0000	0.0000	0.1151	0.0000	0.1151	1.8502	0.0000	1.8502	0.0000	0.0000	0.0000	1.8502	0.0000	1.8502	0.5072	0.3848	0.1224	0.1344	0.1338	0.0006	0.3728	0.2510	0.1218	0.4598	0.2263	0.2335	0.0724	0.0707	0.0017	0.3874	0.1556	0.2319	0.0564	0.0000	0.1186	0.0000	0.0000	0.0000	0.0646	0.0000	0.1184	4.0239	0.0001	7.9233	0.0003	0.0003	0.0000	4.7754	0.0000	7.9797		
45	79	0.0782	2	1	2	1	0	0	0	0	0	N	Y	N	N	N	N	N	N	N	N	N	N	230.2242	0.0000	inf	0.0000	0.0000	inf	inf	0.4040	0.0000	1.1027	0.0000	0.0000	0.0000	0.6683	0.0000	1.1042	0.0018	0.0036	0.0000	0.0116	0.0118	0.0000	0.0000	0.0000	0.0000	inf	0.0000	0.0468	-0.0004	1.3391	1.3392	5.8433	5.0004	0.1150	0.0000	0.1150	0.0000	0.0000	0.0000	0.1150	0.0000	0.1150	0.0004	0.0004	0.0000	0.0004	0.0004	0.0000	0.0000	0.0000	0.0000	0.2848	0.1804	0.1043	0.1126	0.1125	0.0001	0.1721	0.0680	0.1042	0.2457	0.1185	0.1271	0.0372	0.0364	0.0008	0.2085	0.0821	0.1264	230.2242	0.0000	inf	0.0000	0.0000	0.0000	inf	0.0000	inf	0.0018	0.0036	0.0000	0.0116	0.0118	0.0000	0.0000	0.0000	0.0000		
45	80	0.0782	2	2	2	1	0	0	0	0	0	Y	Y	N	N	N	N	N	N	N	N	N	N	0.0578	0.0000	0.1240	0.0000	0.0000	0.0644	0.1190	0.1987	0.0000	0.9059	0.0000	0.0000	0.0000	0.2633	0.0000	0.9116	3.4356	0.0000	7.3033	0.0001	0.0001	0.0000	4.0899	0.0000	7.6586	inf	185020.8907	0.0468	0.3207	1.3391	8.3392	5.8433	9.9996	0.1151	0.0000	0.1151	0.0000	0.0000	0.0000	0.1151	0.0000	0.1151	1.8502	0.0000	1.8502	0.0000	0.0000	0.0000	1.8502	0.0000	1.8502	0.5791	0.4521	0.1270	0.1420	0.1412	0.0008	0.4370	0.3108	0.1262	0.5385	0.2675	0.2710	0.0862	0.0841	0.0020	0.4524	0.1834	0.2690	0.0578	0.0000	0.1327	0.0000	0.0000	0.0000	0.0644	0.0000	0.1325	3.4356	0.0000	6.8263	0.0001	0.0001	0.0000	4.0899	0.0000	6.8776		
46	47	0.0745	2	2	1	1	0	0	0	0	0	Y	N	N	N	N	N	N	N	N	N	N	N	0.0188	0.7126	0.0358	0.7448	0.7470	0.0000	0.0099	0.0360	0.0013	0.0008	0.0044	0.0080	0.0081	0.0000	0.0007	0.0000	0.0044	0.0714	0.0011	0.1227	0.0108	0.0109	0.0001	0.0742	0.0000	0.1228	0.9996	150.9250	-0.0000	0.0013	2.4483	3.0001	3.1953	1.0598	0.0004	0.0002	0.0002	0.0002	0.0002	0.0000	0.0002	0.0000	0.0002	0.0077	0.0001	0.0077	0.0001	0.0001	0.0000	0.0077	0.0000	0.0077	0.2666	0.2257	0.0409	0.0224	0.0220	0.0003	0.2442	0.2037	0.0405	0.1082	0.0456	0.0626	0.0047	0.0047	0.0001	0.1035	0.0409	0.0625	0.0188	0.7126	0.0358	0.7448	0.7470	0.0000	0.0099	0.0000	0.0360	0.0714	0.0011	0.1227	0.0108	0.0109	0.0001	0.0742	0.0000	0.1228	
46	51	0.0652	2	1	1	1	0	0	0	0	0	N	N	N	N	N	N	N	N	N	N	N	N	1.6116	107.2506	1.6646	15.4660	67.1680	0.7387	1.1080	0.0000	1.6945	0.4332	0.2964	0.8050	0.5769	0.5756	0.6103	0.3408	0.0000	0.8165	0.2688	0.0028	0.4836	0.0373	0.0086	0.8262	0.3075	0.0101	0.4819	0.9996	216.7822	-0.0177	0.0051	2.4483	2.4249	3.1953	2.1457	0.1893	0.0947	0.0946	0.0987	0.0947	0.0040	0.0906	0.0000	0.0906	0.0303	0.0001	0.0301	0.0006	0.0001	0.0005	0.0297	0.0000	0.0297	0.4370	0.3194	0.1176	0.1711	0.1645	0.0066	0.2659	0.1549	0.1110	0.1127	0.0503	0.0623	0.0161	0.0154	0.0008	0.0965	0.0349	0.0616	1.6116	107.2506	1.6646	15.4660	67.1680	0.9820	1.1080	0.0000	1.6945	0.2688	0.0028	0.4836	0.0373	0.0086	0.6215	0.3075	0.0002	0.4819
46	54	0.0808	2	2	1	0	0	0	0	0	0	Y	N	N	N	N	N	N	N	N	N	N	N	0.1513	0.1101	0.6420	0.1637	0.1171	inf	0.1937	0.7936	0.0148	0.0004	0.1231	0.0012	0.0009	0.0067	0.0243	0.0000	0.1524	0.0977	0.0034	0.1918	0.0073	0.0073	0.0000	0.1254	0.0000	0.1921	43.5525	56.3295	0.0011	0.0013	2.4483	2.0079	3.1953	2.2027	0.0028	0.0001	0.0027	0.0001	0.0001	0.0000	0.0027	0.0000	0.0027	0.0085	0.0001	0.0083	0.0001	0.0001	0.0000	0.0083	0.0000	0.0083	0.1891	0.1669	0.0222	0.0778	0.0734	0.0045	0.1113	0.0935	0.0177	0.0867	0.0433	0.0434	0.0203	0.0202	0.0001	0.0664	0.0230	0.0433	0.1513	0.1101	0.6420	0.1637	0.1171	inf	0.1937	0.0000	0.7936	0.0977	0.0034	0.1918	0.0073	0.0073	0.0000	0.1254	0.0000	0.1921	
46	63	0.1085	2	1	0	1	0	0	0	0	0	N	N	N	N	N	N	N	N	N	N	N	N	0.0054	0.1119	0.0084	0.0795	0.2010	0.0000	0.0025	0.0000	0.0078	0.0003	0.0002	0.0010	0.0006	0.0006	0.0000	0.0002	0.0000	0.0010	0.0543	0.0016	0.1140	0.0072	0.0030	0.0211	0.0803	0.0044	0.1339	0.9996	64.3688	-0.0000	0.0002	2.4483	0.9961	3.1953	0.0337	0.0000	0.0000	0.0000	0.0000	0.0000	0.0000	0.0000	0.0000	0.0000	0.0013	0.0000	0.0013	0.0001	0.0000	0.0000	0.0012	0.0000	0.0012	0.0909	0.0768	0.0141	0.0234	0.0222	0.0012	0.0675	0.0546	0.0129	0.0236	0.0125	0.0111	0.0084	0.0064	0.0020	0.0152	0.0061	0.0091	0.0054	0.1119	0.0084	0.0795	0.2010	0.0000	0.0025	0.0000	0.0078	0.0543	0.0016	0.1140	0.0072	0.0030	0.0211	0.0803	0.0000	0.1339
46	69	0.0606	2	1	1	0	0	0	0	0	0	N	N	N	N	N	N	N	N	N	N	N	N	0.4525	6.8302	0.5558	7.6312	7.6900	inf	0.2662	0.5637	0.1767	0.1131	0.4028	0.2746	0.2773	0.0399	0.1301	0.0000	0.4089	0.3904	0.0166	0.7248	0.0360	0.0361	0.0000	0.4889	0.0000	0.7254	1.0002	48.9211	-0.0087	0.0141	2.4483	3.0720	3.1953	3.7333	0.0936	0.0468	0.0468	0.0469	0.0468	0.0001	0.0468	0.0000	0.0468	0.0921	0.0018	0.0903	0.0018	0.0018	0.0000	0.0903	0.0000	0.0903	0.5301	0.4138	0.1162	0.1708	0.1689	0.0019	0.3593	0.2449	0.1143	0.2359	0.1114	0.1245	0.0513	0.0512	0.0001	0.1846	0.0602	0.1244	0.4525	6.8302	0.5558	7.6312	7.6900	inf	0.2662	0.0000	0.5637	0.3904	0.0166	0.7248	0.0360	0.0361	0.0000	0.4889	0.0000	0.7254	
46	75	0.1050	2	1	1	0	0	0	0	0	0	N	N	N	N	N	N	N	N	N	N	N	N	0.0047	0.1189	0.0345	0.1677	0.1688	0.0030	0.0000	0.0474	0.0023	0.0012	0.0342	0.0022	0.0022	0.0000	0.0024	0.0000	0.0475	0.4842	0.0099	0.9912	0.0130	0.0131	0.0000	0.7925	0.0020	1.0003	1.0004	93.4098	-0.0000	0.0054	2.4483	0.0009	3.1953	1.7419	0.0000	0.0000	0.0000	0.0000	0.0000	0.0000	0.0000	0.0000	0.0000	0.0331	0.0004	0.0328	0.0004	0.0004	0.0000	0.0328	0.0000	0.0328	0.0079	0.0076	0.0003	0.0041	0.0041	0.0001	0.0037	0.0035	0.0002	0.0684	0.0353	0.0331	0.0271	0.0268	0.0003	0.0413	0.0086	0.0328	0.0047	0.1189	0.0345	0.1677	0.1688	0.0000	0.0030	0.0000	0.0474	0.4842	0.0099	0.9912	0.0130	0.0131	0.0000	0.7925	0.0000	1.0003	
47	49	0.0628	2	2	2	1	0	0	0	0	0	Y	Y	N	N	N	N	N	N	N	N	N	N	304.4673	0.0413	inf	0.0812	0.0826	inf	inf	1.5968	0.0005	10.7694	0.0096	0.0099	0.0000	1.6719	0.0000	10.8746	0.0052	0.0123	0.0000	0.1182	0.1199	0.0000	0.0000	0.0000	0.0000	3684.2241	0.0000	0.4063	-0.0010	3.0001	7.3392	1.0598	7.9996	1.0001	0.0003	0.9998	0.0003	0.0003	0.0000	0.9998	0.0000	0.9998	0.0012	0.0012	0.0000	0.0012	0.0012	0.0000	0.0000	0.0000	0.0000	0.6263	0.5335	0.0928	0.0283	0.0274	0.0009	0.5980	0.5061	0.0919	0.2306	0.0982	0.1325	0.0102	0.0101	0.0002	0.2204	0.0881	0.1323	304.4673	0.0413	inf	0.0812	0.0826	0.0000	inf	0.0000	inf	0.0052	0.0123	0.0000	0.1182	0.1199	0.0000	0.0000	0.0000	0.0000		
47	50	0.0628	2	1	1	1	1	0	0	0	0	N	N	N	N	N	N	N	N	N	N	N	N	0.0325	0.0000	2650.4712	0.0000	0.0000	0.0334	0.0000	2671.4138	0.0012	0.0000	0.0079	0.0000	0.0000	0.0000	0.0013	0.0000	0.0079	0.0367	0.1801	0.0000	0.0120	0.0122	0.0000	0.0379	1.3736	0.0000	inf	0.0000	0.0002	-0.0074	3.0001	4.6608	1.0598	12.0004	0.0005	0.0000	0.0005	0.0000	0.0000	0.0000	0.0005	0.0000	0.0005	0.0089	0.0089	0.0000	0.0001	0.0001	0.0000	0.0088	0.0088	0.0000	0.4432	0.3760	0.0672	0.0252	0.0246	0.0006	0.4180	0.3514	0.0666	0.2429	0.1035	0.1394	0.0108	0.0106	0.0002	0.2321	0.0929	0.1392	0.0325	0.0000	2650.4712	0.0000	0.0000	0.0000	0.0334	0.0000	2671.4138	0.0367	0.0862	0.0000	0.0120	0.0122	0.0000	0.0379	0.0946	0.0000	
47	51	0.0933	3	1	2	2	0	0	0	0	0	N	Y	Y	N	N	N	N	N	N	N	N	N	0.0303	0.0000	0.7973	0.0002	0.0000	25.1050	0.0962	0.0000	0.8822	0.0065	0.0000	0.0538	0.0002	0.0000	0.0039	0.0086	0.0000	0.0607	0.2142	0.4471	0.0675	1.0608	1.0792	0.0002	0.0898	1.4477	0.0688	inf	0.2101	0.0007	-0.0126	3.0001	2.4249	1.0598	2.1457	0.0017	0.0000	0.0017	0.0000	0.0000	0.0000	0.0016	0.0000	0.0016	0.0193	0.0159	0.0033	0.0126	0.0126	0.0000	0.0067	0.0034	0.0033	0.2554	0.2246	0.0308	0.0651	0.0614	0.0037	0.1903	0.1632	0.0271	0.0899	0.0404	0.0496	0.0153	0.0144	0.0010	0.0746	0.0260	0.0486	0.0303	0.0000	0.7973	0.0003	0.0000	25.1050	0.0962	0.0000	0.8822	0.2142	0.3941	0.0675	0.8199	0.8743	0.0002	0.0898	0.1289	0.0688
47	52	0.0628	2	1	2	1	0	0	0	0	0	N	Y	N	N	N	N	N	N	N	N	N	N	6.0210	0.1110	22.8668	0.9972	1.0597	0.0000	6.1719	0.0002	23.0457	2.7994	0.0004	18.3159	0.0048	0.0049	0.0000	2.9991	0.0000	18.4756	0.4649	0.0037	0.8010	0.0048	0.0046	0.0206	0.4859	0.2221	0.8017	8047.0576	297.2594	0.4060	0.0084	3.0001	3.5386	1.0598	1.9499	0.9989	0.0001	0.9988	0.0001	0.0001	0.0000	0.9988	0.0000	0.9988	0.0491	0.0002	0.0490	0.0000	0.0000	0.0000	0.0491	0.0001	0.0490	0.3568	0.3023	0.0545	0.0238	0.0233	0.0005	0.3330	0.2790	0.0541	0.1057	0.0445	0.0611	0.0046	0.0046	0.0001	0.1010	0.0400	0.0611	6.0210	0.1110	22.8668	0.9972	1.0597	0.0000	6.1719	0.0095	23.0457	0.4649	0.0037	0.8010	0.0048	0.0046	0.0206	0.4859	0.0036	0.8017
47	53	0.0628	2	2	1	2	0	0	0	0	0	Y	N	Y	N	N	N	N	N	N	N	N	N	8.5936	0.2044	33.2065	0.2596	0.2613	9.0262	33.4623	2.9369	0.0038	19.1764	0.0468	0.0477	0.0000	3.1513	0.0000	19.3422	0.3418	0.0187	0.5775	0.1803	0.1825	0.0000	0.3491	0.0000	0.5780	907.7826	42.3910	0.4058	0.0061	3.0001	3.3392	1.0598	2.9996	1.0009	0.0011	0.9998	0.0011	0.0011	0.0000	0.9998	0.0000	0.9998	0.0408	0.0009	0.0398	0.0009	0.0009	0.0000	0.0398	0.0000	0.0398	0.3408	0.2887	0.0521	0.0235	0.0231	0.0004	0.3173	0.2656	0.0517	0.1193	0.0503	0.0690	0.0052	0.0051	0.0001	0.1141	0.0452	0.0689	8.5936	0.2044	33.2065	0.2596	0.2613	0.0000	9.0262	0.0000	33.4623	0.3418	0.0187	0.5775	0.1803	0.1825	0.0000	0.3491	0.0000	0.5780		
47	54	0.1089	3	2	2	1	0	0	0	0	0	Y	Y	N	N	N	N	N	N	N	N	N	N	0.1263	0.0004	0.5549	0.0004	0.0004	0.0008	0.1688	0.0000	0.7373	0.0040	0.0000	0.0346	0.0000	0.0000	0.0000	0.0069	0.0000	0.0466	0.0318	0.0038	0.0624	0.0074	0.0076	0.0004	0.0408	0.0033	0.0632	3302.9558	14.8131	0.0003	0.0002	3.0001	2.0079	1.0598	2.2027	0.0007	0.0000	0.0007	0.0000	0.0000	0.0000	0.0007	0.0000	0.0007	0.0021	0.0001	0.0019	0.0001	0.0001	0.0000	0.0019	0.0000	0.0019	0.1844	0.1630	0.0214	0.0769	0.0714	0.0055	0.1074	0.0916	0.0159	0.0652	0.0341	0.0311	0.0176	0.0172	0.0004	0.0476	0.0169	0.0307	0.1263	0.0004	0.5549	0.0004	0.0004	0.0008	0.1688	0.0000	0.7373	0.0318	0.0038	0.0624	0.0074	0.0076	0.0004	0.0408	0.0000	0.0632
47	55	0.0628	2	2	2	1	0	0	0	0	0	Y	Y	N	N	N	N	N	N	N	N	N	N	9.0949	0.0502	35.3968	0.0796	0.0804	0.0000	9.4580	0.0000	35.6802	2.3838	0.0008	15.6764	0.0109	0.0112	0.0000	2.5331	0.0000	15.8173	0.2621	0.0152	0.4429	0.1373	0.1391	0.0000	0.2678	0.0190	0.4433	3682.4928	39.7759	0.4060	0.0058	3.0001	4.3406	1.0598	3.9440	0.9993	0.0003	0.9991	0.0003	0.0003	0.0000	0.9991	0.0000	0.9991	0.0388	0.0010	0.0379	0.0009	0.0009	0.0000	0.0380	0.0001	0.0379	0.4192	0.3555	0.0637	0.0248	0.0242	0.0006	0.3944	0.3312	0.0632	0.1482	0.0626	0.0856	0.0065	0.0064	0.0001	0.1417	0.0562	0.0855	9.0949	0.0502	35.3968	0.0796	0.0804	0.0000	9.4580	0.0000	35.6802	0.2621	0.0152	0.4429	0.1373	0.1391	0.0000	0.2678	0.0011	0.4433
47	56	0.0628	2	1	2	1	0	0	0	0	0	N	Y	N	N	N	N	N	N	N	N	N	N	0.4812	0.0000	1.3498	0.0000	0.0000	0.0000	0.4922	1.3272	2.7291	0.0000	17.8705	0.0000	0.0000	0.0000	2.9199	0.0000	18.0272	5.6713	0.0003	13.2391	0.0139	0.0026	1.0309	5.9319	0.0000	13.5829	inf	50912.5207	0.4067	0.1765	3.0001	3.6608	1.0598	7.0004	1.0003	0.0000	1.0003	0.0000	0.0000	0.0000	1.0003	0.0000	1.0003	1.0183	0.0000	1.0183	0.0001	0.0000	0.0001	1.0182	0.0000	1.0182	0.3665	0.3106	0.0560	0.0240	0.0235	0.0005	0.3426	0.2871	0.0555	0.1795	0.0761	0.1035	0.0079	0.0078	0.0001	0.1716	0.0683	0.1034	0.4812	0.0000	1.8160	0.0000	0.0000	0.0000	0.4922	0.0000	1.8302	5.6713	0.0003	9.8404	0.0139	0.0026	0.8426	5.9319	0.0000	9.8497	
47	57	0.0628	2	1	1	2	0	0	0	0	0	N	N	Y	N	N	N	N	N	N	N	N	N	6.1824	0.0000	3413.6627	0.0000	0.0000	967.9099	3436.7314	0.0027	0.0000	0.0176	0.0000	0.0000	0.0000	0.0030	0.0000	0.0177	0.0004	0.0010	0.0000	0.0098	0.0100	0.0000	0.0000	0.0000	0.0000	inf	0.0069	0.0002	-0.0000	3.0001	1.6608	1.0598	6.0004	0.0005	0.0000	0.0005	0.0000	0.0000	0.0000	0.0005	0.0000	0.0005	0.0001	0.0001	0.0000	0.0001	0.0001	0.0000	0.0000	0.0000	0.0000	0.1971	0.1670	0.0301	0.0213	0.0210	0.0002	0.1759	0.1460	0.0299	0.1393	0.0588	0.0804	0.0061	0.0060	0.0001	0.1332	0.0528	0.0804	6.1824	0.0000	3413.6627	0.0000	0.0000	0.0000	967.9099	0.0000	3436.7314	0.0004	0.0010	0.0000	0.0098	0.0100	0.0000	0.0000	0.0000	0.0000		
47	58	0.0628	2	2	2	1	0	0	0	0	0	Y	Y	N	N	N	N	N	N	N	N	N	N	0.0969	0.2165	0.0000	0.3224	0.3254	0.0000	0.0000	0.0026	0.0031	0.0000	0.0444	0.0454	0.0000	0.0000	0.0000	0.0000	0.0271	0.0143	0.0365	0.1377	0.1396	0.0000	0.0220	0.0000	0.0366	0.0000	3.4662	-0.0007	-0.0003	3.0001	4.3392	1.0598	6.9996	0.0011	0.0011	0.0000	0.0011	0.0011	0.0000	0.0000	0.0000	0.0000	0.0051	0.0011	0.0040	0.0011	0.0011	0.0000	0.0040	0.0000	0.0040	0.4191	0.3554	0.0637	0.0248	0.0242	0.0006	0.3943	0.3312	0.0631	0.1878	0.0796	0.1082	0.0083	0.0082	0.0001	0.1795	0.0714	0.1080	0.0969	0.2165	0.0000	0.3224	0.3254	0.0000	0.0000	0.0000	0.0000	0.0271	0.0143	0.0365	0.1377	0.1396	0.0000	0.0220	0.0000	0.0366		
47	59	0.0628	2	2	2	2	0	0	0	0	0	Y	Y	Y	N	N	N	N	N	N	N	N	N	6.6567	2.0425	1926.4271	3.5241	3.5718	507.3115	1942.3721	0.0026	0.0019	0.0068	0.0314	0.0323	0.0000	0.0011	0.0000	0.0069	0.0004	0.0009	0.0000	0.0089	0.0090	0.0000	0.0000	0.0000	0.0000	0.6369	0.0052	-0.0003	-0.0001	3.0001	5.6608	1.0598	7.0004	0.0014	0.0008	0.0005	0.0008	0.0008	0.0000	0.0005	0.0000	0.0005	0.0001	0.0001	0.0000	0.0001	0.0001	0.0000	0.0000	0.0000	0.0000	0.5152	0.4377	0.0775	0.0264	0.0257	0.0007	0.4888	0.4120	0.0768	0.2030	0.0862	0.1168	0.0090	0.0088	0.0001	0.1940	0.0773	0.1167	6.6567	2.0425	1926.4271	3.5241	3.5718	0.0000	507.3115	0.0000	1942.3721	0.0004	0.0009	0.0000	0.0089	0.0090	0.0000	0.0000	0.0000	0.0000		
47	60	0.0628	2	1	2	1	0	0	0	0	0	N	Y	N	N	N	N	N	N	N	N	N	N	0.0000	0.0000	0.0000	0.0000	0.0000	0.0000	0.0000	0.0000	0.0000	0.0000	0.0000	0.0000	0.0000	0.0003	0.0006	0.0000	0.0060	0.0061	0.0000	0.0000	0.0000	0.0000	0.0000	0.0000	-0.0000	3.0001	2.0000	1.0598	4.0000	0.0000	0.0000	0.0000	0.0000	0.0000	0.0000	0.0000	0.0000	0.0000	0.0000	0.0000	0.0000	0.0000	0.0000	0.0000	0.0000	0.0000	0.0000	0.2275	0.1926	0.0349	0.0217	0.0215	0.0003	0.2057	0.1712	0.0346	0.1139	0.0480	0.0659	0.0050	0.0049	0.0001	0.1090	0.0431	0.0658	0.0000	0.0000	0.0000	0.0000	0.0000	0.0000	0.0000	0.0000	0.0000	0.0003	0.0006	0.0000	0.0060	0.0061	0.0000	0.0000	0.0000	0.0000						
47	61	0.0628	2	2	1	2	0	0	0	0	0	Y	N	Y	N	N	N	N	N	N	N	N	N	9.5727	inf	36.5475	inf	inf	9.6586	36.8480	2.0305	0.0006	13.4580	0.0104	0.0107	0.0000	2.1432	0.0000	13.5829	0.2121	0.0000	0.3682	0.0000	0.0000	0.0000	0.2219	0.0000	0.3686	3684.2241	inf	0.4063	0.0069	3.0001	5.3392	1.0598	6.0004	1.0001	0.0003	0.9998	0.0003	0.0003	0.0000	0.9998	0.0000	0.9998	0.0398	0.0000	0.0398	0.0000	0.0000	0.0000	0.0398	0.0000	0.0398	0.4925	0.4182	0.0743	0.0260	0.0253	0.0007	0.4665	0.3929	0.0736	0.1878	0.0796	0.1082	0.0083	0.0082	0.0001	0.1795	0.0714	0.1081	9.5727	inf	36.5475	inf	inf	0.0000	9.6586	0.0000	36.8480	0.2121	0.0000	0.3682	0.0000	0.0000	0.0000	0.2219	0.0000	0.3686		
47	62	0.0628	2	1	2	1	0	0	0	0	0	N	Y	N	N	N	N	N	N	N	N	N	N	10.0032	0.0000	39.1967	0.0000	0.0000	10.0114	39.5394	1.4164	0.0000	9.6686	0.0000	0.0000	0.0000	1.4784	0.0000	9.7658	0.1416	0.0012	0.2467	0.0119	0.0121	0.0000	0.1477	0.0000	0.2470	inf	265.5361	0.4067	0.0068	3.0001	8.6608	1.0598	13.0004	1.0003	0.0000	1.0003	0.0000	0.0000	0.0000	1.0003	0.0000	1.0003	0.0400	0.0002	0.0398	0.0002	0.0002	0.0000	0.0398	0.0000	0.0398	0.7063	0.6028	0.1035	0.0297	0.0286	0.0010	0.6766	0.5742	0.1024	0.2824	0.1209	0.1615	0.0127	0.0124	0.0002	0.2697	0.1085	0.1613	10.0032	0.0000	39.1967	0.0000	0.0000	0.0000	10.0114	0.0000	39.5394	0.1416	0.0012	0.2467	0.0119	0.0121	0.0000	0.1477	0.0000	0.2470		
47	63	0.1366	3	1	1	2	0	0	0	0	0	N	N	Y	N	N	N	N	N	N	N	N	N	0.0001	0.0000	0.0002	0.0000	0.0000	0.0000	0.0001	0.0002	0.0000	0.0000	0.0000	0.0000	0.0000	0.0000	0.0000	0.0000	0.0000	0.0066	0.0005	0.0128	0.0007	0.0009	0.0000	0.0097	0.0000	0.0152	inf	25.5737	0.0000	0.0000	3.0001	0.9961	1.0598	0.0337	0.0000	0.0000	0.0000	0.0000	0.0000	0.0000	0.0000	0.0000	0.0000	0.0001	0.0000	0.0001	0.0000	0.0000	0.0000	0.0001	0.0000	0.0001	0.0949	0.0795	0.0154	0.0191	0.0178	0.0012	0.0759	0.0617	0.0141	0.0191	0.0097	0.0095	0.0066	0.0051	0.0015	0.0125	0.0045	0.0080	0.0001	0.0000	0.0002	0.0000	0.0000	0.0000	0.0001	0.0000	0.0002	0.0066	0.0005	0.0128	0.0007	0.0009	0.0000	0.0097	0.0000	0.0152	
47	64	0.0628	2	1	1	2	0	0	0	0	0	N	N	Y	N	N	N	N	N	N	N	N	N	0.0068	0.0000	0.0262	0.0000	0.0000	0.0071	0.0264	0.0014	0.0000	0.0094	0.0000	0.0000	0.0000	0.0015	0.0000	0.0095	0.2130	0.0136	0.3598	0.1308	0.1327	0.0000	0.2168	0.0000	0.3602	32265.5484	35.9000	0.0002	0.0060	3.0001	3.6648	1.0598	8.0029	0.0005	0.0000	0.0005	0.0000	0.0000	0.0000	0.0005	0.0000	0.0005	0.0408	0.0011	0.0397	0.0011	0.0011	0.0000	0.0397	0.0000	0.0397	0.3669	0.3108	0.0560	0.0240	0.0235	0.0005	0.3429	0.2874	0.0555	0.1917	0.0813	0.1104	0.0085	0.0083	0.0001	0.1832	0.0729	0.1103	0.0068	0.0000	0.0262	0.0000	0.0000	0.0000	0.0071	0.0000	0.0264	0.2130	0.0136	0.3598	0.1308	0.1327	0.0000	0.2168	0.0000	0.3602		
47	65	0.0628	2	1	2	1	0	0	0	0	0	N	Y	N	N	N	N	N	N	N	N	N	N	0.2683	0.0000	inf	0.0000	0.0000	inf	inf	0.0009	0.0000	0.0061	0.0000	0.0000	0.0000	0.0010	0.0000	0.0061	0.0034	0.0079	0.0000	0.0751	0.0765	0.0000	0.0000	0.0000	0.0000	inf	0.0000	0.0002	-0.0008	3.0001	6.6608	1.0598	17.9996	0.0005	0.0000	0.0005	0.0000	0.0000	0.0000	0.0005	0.0000	0.0005	0.0010	0.0010	0.0000	0.0010	0.0010	0.0000	0.0000	0.0000	0.0000	0.5827	0.4958	0.0869	0.0275	0.0267	0.0008	0.5552	0.4691	0.0861	0.3016	0.1295	0.1721	0.0136	0.0133	0.0002	0.2880	0.1162	0.1719	0.2683	0.0000	inf	0.0000	0.0000	0.0000	inf	0.0000	inf	0.0034	0.0079	0.0000	0.0751	0.0765	0.0000	0.0000	0.0000	0.0000		
47	66	0.0628	2	1	2	1	1	0	0	0	0	N	Y	N	N	N	N	N	N	N	N	N	N	10.4533	0.0563	40.8824	0.0942	0.0954	10.8180	41.2166	2.0305	0.0006	13.4580	0.0104	0.0107	0.0000	2.1432	0.0000	13.5829	0.1942	0.0115	0.3292	0.1107	0.1122	0.0000	0.1981	0.0000	0.3295	3684.2241	38.6854	0.4063	0.0061	3.0001	5.3392	1.0598	7.9996	1.0001	0.0003	0.9998	0.0003	0.0003	0.0000	0.9998	0.0000	0.9998	0.0409	0.0010	0.0398	0.0010	0.0010	0.0000	0.0398	0.0000	0.0398	0.4925	0.4182	0.0743	0.0260	0.0253	0.0007	0.4665	0.3929	0.0736	0.2103	0.0894	0.1210	0.0093	0.0092	0.0001	0.2010	0.0802	0.1209	10.4533	0.0563	40.8824	0.0942	0.0954	0.0000	10.8180	0.0000	41.2166	0.1942	0.0115	0.3292	0.1107	0.1122	0.0000	0.1981	0.0000	0.3295		
47	67	0.0628	2	1	2	1	0	0	0	0	0	N	Y	N	N	N	N	N	N	N	N	N	N	10.0739	0.0587	39.6033	0.1076	0.1092	10.3549	39.9353	1.7812	0.0006	11.9071	0.0100	0.0103	0.0000	1.8713	0.0000	12.0206	0.1768	0.0097	0.3007	0.0928	0.0942	0.0000	0.1807	0.0000	0.3010	3684.2241	41.9446	0.4063	0.0061	3.0001	6.3392	1.0598	8.9996	1.0001	0.0003	0.9998	0.0003	0.0003	0.0000	0.9998	0.0000	0.9998	0.0408	0.0009	0.0398	0.0009	0.0009	0.0000	0.0398	0.0000	0.0398	0.5615	0.4775	0.0840	0.0272	0.0264	0.0008	0.5343	0.4511	0.0832	0.2306	0.0982	0.1325	0.0102	0.0101	0.0002	0.2204	0.0881	0.1323	10.0739	0.0587	39.6033	0.1076	0.1092	0.0000	10.3549	0.0000	39.9353	0.1768	0.0097	0.3007	0.0928	0.0942	0.0000	0.1807	0.0000	0.3010		
47	68	0.0628	2	1	2	1	0	0	0	0	0	N	Y	N	N	N	N	N	N	N	N	N	N	10020.6241	5053.6475	1967.4485	0.0000	0.0000	992469.2199	inf	1983.2811	2.2555	2.6573	0.0079	0.0000	0.0000	0.0000	2.3915	2.8434	0.0079	0.0002	0.0005	0.0000	0.0051	0.0051	0.0000	0.0000	0.0000	0.0000	0.0005	0.0103	-0.5928	-0.0000	3.0001	4.6608	1.0598	6.0004	0.9997	0.9992	0.0005	0.0000	0.0000	0.0000	0.9997	0.9992	0.0005	0.0000	0.0000	0.0000	0.0000	0.0000	0.0000	0.0000	0.0000	0.0000	0.4432	0.3760	0.0672	0.0252	0.0246	0.0006	0.4180	0.3514	0.0666	0.1795	0.0761	0.1035	0.0079	0.0078	0.0001	0.1716	0.0683	0.1034	10020.6241	5053.6475	1967.4485	0.0000	0.0000	0.0000	992469.2199	inf	1983.2811	0.0002	0.0005	0.0000	0.0051	0.0051	0.0000	0.0000	0.0000	0.0000	
47	69	0.0887	3	1	2	1	0	0	0	0	0	N	Y	N	N	N	N	N	N	N	N	N	N	10.5426	0.2035	38.5473	0.4082	0.3572	1.9854	10.9498	0.0212	40.0349	1.4229	0.0019	9.8431	0.0077	0.0067	0.0496	1.8909	0.0000	10.2382	0.1350	0.0094	0.2554	0.0188	0.0188	0.0250	0.1727	0.0002	0.2557	869.9148	28.3947	0.2493	0.0034	3.0001	3.0720	1.0598	3.7333	0.6149	0.0007	0.6142	0.0008	0.0007	0.0001	0.6141	0.0000	0.6141	0.0247	0.0008	0.0239	0.0008	0.0008	0.0000	0.0239	0.0000	0.0239	0.4322	0.3698	0.0624	0.1074	0.1050	0.0024	0.3248	0.2648	0.0600	0.1830	0.0896	0.0934	0.0449	0.0447	0.0002	0.1381	0.0449	0.0933	10.5426	0.2035	38.5473	0.4082	0.3572	1.9854	10.9498	30.8419	40.0349	0.1350	0.0094	0.2554	0.0188	0.0188	0.0250	0.1727	0.0000	0.2557
47	70	0.0628	2	1	2	1	0	0	0	0	0	N	Y	N	N	N	N	N	N	N	N	N	N	11.9232	0.3574	46.4974	0.2903	0.2899	0.0000	13.1085	0.0081	46.8118	2.0239	0.0043	13.2336	0.0260	0.0263	0.0000	2.2730	0.0010	13.3351	0.1697	0.0119	0.2846	0.0896	0.0907	0.0005	0.1734	0.1232	0.2849	558.4320	32.7289	0.1564	0.0024	3.0001	1.5925	1.0598	3.3727	0.3864	0.0007	0.3857	0.0006	0.0006	0.0000	0.3858	0.0001	0.3857	0.0165	0.0005	0.0160	0.0004	0.0004	0.0000	0.0161	0.0001	0.0160	0.1909	0.1618	0.0291	0.0212	0.0209	0.0002	0.1697	0.1408	0.0289	0.0969	0.0408	0.0561	0.0042	0.0042	0.0001	0.0927	0.0367	0.0561	11.9232	0.3574	46.4974	0.2903	0.2899	0.0000	13.1085	0.3342	46.8118	0.1697	0.0119	0.2846	0.0896	0.0907	0.0005	0.1734	0.0030	0.2849
47	71	0.0628	2	1	2	1	0	0	0	0	0	N	Y	N	N	N	N	N	N	N	N	N	N	0.7586	0.0000	2380.0200	0.0000	0.0000	628.7461	2399.4269	0.0010	0.0000	0.0068	0.0000	0.0000	0.0000	0.0011	0.0000	0.0069	0.0014	0.0032	0.0000	0.0303	0.0308	0.0000	0.0000	0.0000	0.0000	inf	0.0012	0.0002	-0.0003	3.0001	5.6608	1.0598	12.0004	0.0005	0.0000	0.0005	0.0000	0.0000	0.0000	0.0005	0.0000	0.0005	0.0003	0.0003	0.0000	0.0003	0.0003	0.0000	0.0000	0.0000	0.0000	0.5152	0.4377	0.0775	0.0264	0.0257	0.0007	0.4888	0.4120	0.0768	0.2516	0.1073	0.1443	0.0112	0.0110	0.0002	0.2404	0.0963	0.1441	0.7586	0.0000	2380.0200	0.0000	0.0000	0.0000	628.7461	0.0000	2399.4269	0.0014	0.0032	0.0000	0.0303	0.0308	0.0000	0.0000	0.0000	0.0000		
47	73	0.0628	2	2	2	1	1	0	0	0	0	Y	Y	N	N	N	N	N	N	N	N	N	N	16.1675	0.3677	61.0959	0.4699	0.4720	16.6930	61.5551	2.9344	0.0009	19.1764	0.0115	0.0118	0.0000	3.1513	0.0000	19.3422	0.1815	0.0026	0.3139	0.0245	0.0249	0.0000	0.1888	0.0000	0.3142	3684.2241	165.9601	0.4063	0.0067	3.0001	3.3392	1.0598	11.0004	1.0001	0.0003	0.9998	0.0003	0.0003	0.0000	0.9998	0.0000	0.9998	0.0401	0.0002	0.0398	0.0002	0.0002	0.0000	0.0398	0.0000	0.0398	0.3408	0.2887	0.0521	0.0235	0.0231	0.0004	0.3173	0.2656	0.0517	0.2208	0.0939	0.1269	0.0098	0.0096	0.0001	0.2110	0.0842	0.1268	16.1675	0.3677	61.0959	0.4699	0.4720	0.0000	16.6930	0.0000	61.5551	0.1815	0.0026	0.3139	0.0245	0.0249	0.0000	0.1888	0.0000	0.3142		
47	74	0.0628	2	1	2	1	1	0	0	0	0	N	Y	N	N	N	N	N	N	N	N	N	N	8.3623	0.9181	32.3357	1.6771	1.7039	8.4332	32.6099	1.7827	0.0023	11.9071	0.0405	0.0417	0.0000	1.8713	0.0000	12.0206	0.2132	0.0025	0.3682	0.0242	0.0245	0.0000	0.2219	0.0000	0.3686	907.7826	199.1521	0.4058	0.0067	3.0001	6.3392	1.0598	5.0004	1.0009	0.0011	0.9998	0.0011	0.0011	0.0000	0.9998	0.0000	0.9998	0.0400	0.0002	0.0398	0.0002	0.0002	0.0000	0.0398	0.0000	0.0398	0.5615	0.4775	0.0840	0.0272	0.0264	0.0008	0.5343	0.4511	0.0832	0.1878	0.0796	0.1082	0.0083	0.0082	0.0001	0.1795	0.0714	0.1081	8.3623	0.9181	32.3357	1.6771	1.7039	0.0000	8.4332	0.0000	32.6099	0.2132	0.0025	0.3682	0.0242	0.0245	0.0000	0.2219	0.0000	0.3686		
47	75	0.1331	3	1	2	1	0	0	0	0	0	N	Y	N	N	N	N	N	N	N	N	N	N	0.5460	0.0001	30.5267	0.0002	0.0002	2.5098	0.0000	43.2646	0.0105	0.0000	0.3352	0.0000	0.0000	0.0000	0.0221	0.0000	0.4798	0.0192	0.0265	0.0110	0.0341	0.0345	0.0000	0.0088	0.0019	0.0111	3124.4219	0.3693	0.0000	-0.0006	3.0001	0.0009	1.0598	1.7419	0.0001	0.0000	0.0001	0.0000	0.0000	0.0000	0.0001	0.0000	0.0001	0.0010	0.0007	0.0003	0.0007	0.0007	0.0000	0.0003	0.0000	0.0003	0.0095	0.0092	0.0003	0.0050	0.0049	0.0001	0.0045	0.0043	0.0002	0.0514	0.0272	0.0243	0.0211	0.0209	0.0002	0.0303	0.0063	0.0240	0.5460	0.0001	30.5267	0.0002	0.0002	0.0000	2.5098	0.0000	43.2646	0.0192	0.0265	0.0110	0.0341	0.0345	0.0000	0.0088	0.0000	0.0111	
47	76	0.0628	2	1	2	1	0	0	0	0	0	N	Y	N	N	N	N	N	N	N	N	N	N	8.5898	0.0899	33.4535	0.1617	0.1642	8.7461	33.7355	1.8215	0.0006	12.1566	0.0101	0.0104	0.0000	1.9151	0.0000	12.2720	0.2121	0.0065	0.3634	0.0622	0.0631	0.0000	0.2190	0.0000	0.3638	3683.9963	76.2911	0.4062	0.0064	3.0001	6.1537	1.0598	5.2905	1.0000	0.0003	0.9997	0.0003	0.0003	0.0000	0.9997	0.0000	0.9997	0.0401	0.0005	0.0396	0.0005	0.0005	0.0000	0.0396	0.0000	0.0396	0.5490	0.4668	0.0822	0.0270	0.0262	0.0008	0.5220	0.4406	0.0815	0.1890	0.0801	0.1089	0.0083	0.0082	0.0001	0.1807	0.0719	0.1088	8.5898	0.0899	33.4535	0.1617	0.1642	0.0000	8.7461	0.0000	33.7355	0.2121	0.0065	0.3634	0.0622	0.0631	0.0000	0.2190	0.0000	0.3638		
47	77	0.0628	2	1	1	2	1	0	0	0	0	N	N	Y	N	N	N	N	N	N	N	N	N	10.1155	0.2889	38.7762	0.4832	0.4893	10.2542	39.0941	2.0305	0.0006	13.4580	0.0104	0.0107	0.0000	2.1432	0.0000	13.5829	0.2007	0.0022	0.3471	0.0216	0.0219	0.0000	0.2090	0.0000	0.3474	3684.2241	209.6338	0.4063	0.0067	3.0001	5.3392	1.0598	7.0004	1.0001	0.0003	0.9998	0.0003	0.0003	0.0000	0.9998	0.0000	0.9998	0.0400	0.0002	0.0398	0.0002	0.0002	0.0000	0.0398	0.0000	0.0398	0.4925	0.4182	0.0743	0.0260	0.0253	0.0007	0.4665	0.3929	0.0736	0.1994	0.0846	0.1148	0.0088	0.0087	0.0001	0.1906	0.0759	0.1146	10.1155	0.2889	38.7762	0.4832	0.4893	0.0000	10.2542	0.0000	39.0941	0.2007	0.0022	0.3471	0.0216	0.0219	0.0000	0.2090	0.0000	0.3474		
47	78	0.0628	2	1	1	2	1	0	0	0	0	N	N	Y	N	N	N	N	N	N	N	N	N	9.5862	0.0448	37.9348	0.0821	0.0833	9.9124	38.2537	1.7812	0.0006	11.9071	0.0100	0.0103	0.0000	1.8713	0.0000	12.0206	0.1858	0.0127	0.3139	0.1216	0.1234	0.0000	0.1888	0.0000	0.3142	3684.2241	33.4822	0.4063	0.0059	3.0001	6.3392	1.0598	7.9996	1.0001	0.0003	0.9998	0.0003	0.0003	0.0000	0.9998	0.0000	0.9998	0.0410	0.0012	0.0398	0.0012	0.0012	0.0000	0.0398	0.0000	0.0398	0.5615	0.4775	0.0840	0.0272	0.0264	0.0008	0.5343	0.4511	0.0832	0.2208	0.0939	0.1269	0.0098	0.0096	0.0001	0.2110	0.0842	0.1268	9.5862	0.0448	37.9348	0.0821	0.0833	0.0000	9.9124	0.0000	38.2537	0.1858	0.0127	0.3139	0.1216	0.1234	0.0000	0.1888	0.0000	0.3142		
47	79	0.0628	2	1	2	1	0	0	0	0	0	N	Y	N	N	N	N	N	N	N	N	N	N	3944.6918	0.5337	6542747.2217	0.3778	0.3765	1878087.2379	6585126.8163	5.9649	0.0019	39.2305	0.0130	0.0132	0.0000	6.8080	0.0000	39.5215	0.0015	0.0036	0.0000	0.0345	0.0350	0.0000	0.0000	0.0000	0.0000	3684.2241	0.0023	0.4063	-0.0001	3.0001	1.3392	1.0598	5.0004	1.0001	0.0003	0.9998	0.0003	0.0003	0.0000	0.9998	0.0000	0.9998	0.0002	0.0002	0.0000	0.0002	0.0002	0.0000	0.0000	0.0000	0.0000	0.1677	0.1422	0.0255	0.0208	0.0206	0.0002	0.1469	0.1216	0.0253	0.1193	0.0503	0.0690	0.0052	0.0051	0.0001	0.1141	0.0452	0.0689	3944.6918	0.5337	6542747.2217	0.3778	0.3765	0.0000	1878087.2379	0.0000	6585126.8163	0.0015	0.0036	0.0000	0.0345	0.0350	0.0000	0.0000	0.0000	0.0000		
47	80	0.0628	2	2	2	1	0	0	0	0	0	Y	Y	N	N	N	N	N	N	N	N	N	N	9.1287	0.0431	36.6609	0.0900	0.0917	9.3777	36.9821	1.4549	0.0005	9.9006	0.0093	0.0096	0.0000	1.5193	0.0000	9.9995	0.1594	0.0107	0.2701	0.1028	0.1044	0.0000	0.1620	0.0000	0.2704	3684.2241	33.7661	0.4063	0.0059	3.0001	8.3392	1.0598	9.9996	1.0001	0.0003	0.9998	0.0003	0.0003	0.0000	0.9998	0.0000	0.9998	0.0410	0.0012	0.0398	0.0012	0.0012	0.0000	0.0398	0.0000	0.0398	0.6874	0.5864	0.1010	0.0293	0.0283	0.0010	0.6581	0.5581	0.1000	0.2573	0.1098	0.1475	0.0115	0.0113	0.0002	0.2458	0.0985	0.1473	9.1287	0.0431	36.6609	0.0900	0.0917	0.0000	9.3777	0.0000	36.9821	0.1594	0.0107	0.2701	0.1028	0.1044	0.0000	0.1620	0.0000	0.2704		
48	51	0.0702	2	1	1	2	0	0	0	0	0	N	N	Y	N	N	N	N	N	N	N	N	N	0.1155	0.0000	2.3309	3.6176	0.0341	234505.2390	0.1769	0.0000	2.3031	0.9437	0.0006	2.6247	0.0873	0.0009	2.5990	1.6879	0.0000	2.6259	8.1729	16.8796	1.1261	0.0241	0.0253	0.0000	9.5410	24.3146	1.1402	2432.9382	0.0824	0.1133	-0.7944	0.6630	2.4249	5.9830	2.1457	0.2790	0.0001	0.2788	0.0120	0.0001	0.0119	0.2670	0.0000	0.2670	1.0585	0.9779	0.0806	0.0004	0.0004	0.0000	1.0581	0.9775	0.0806	0.2956	0.1894	0.1062	0.1374	0.1329	0.0046	0.1582	0.0565	0.1017	0.1295	0.0579	0.0716	0.0186	0.0177	0.0009	0.1109	0.0402	0.0707	0.1155	0.0000	2.3309	3.6176	0.0341	234505.2390	0.1769	0.0000	2.3031	8.1729	16.8796	1.1261	0.0241	0.0253	0.0000	9.5410	24.3146	1.1402
48	54	0.0858	2	2	1	1	0	0	0	0	0	Y	N	N	N	N	N	N	N	N	N	N	N	0.0035	0.0060	0.0000	0.0048	0.0050	0.0000	0.0000	0.0023	0.0026	0.0000	0.0051	0.0053	0.0000	0.0000	0.0000	0.0000	0.6470	0.4268	0.9346	1.0578	1.0515	0.0000	0.6095	0.0000	0.9359	0.0012	2.6179	-0.0001	-0.0067	0.6630	2.0079	5.9830	2.2027	0.0002	0.0002	0.0000	0.0002	0.0002	0.0000	0.0000	0.0000	0.0000	0.0647	0.0179	0.0468	0.0179	0.0179	0.0000	0.0468	0.0000	0.0468	0.0816	0.0720	0.0095	0.0365	0.0351	0.0013	0.0451	0.0369	0.0082	0.0999	0.0499	0.0501	0.0232	0.0231	0.0001	0.0768	0.0268	0.0500	0.0035	0.0072	0.0000	0.0066	0.0068	0.0000	0.0000	0.0000	0.0000	0.6470	0.3583	0.9346	0.7712	0.7736	0.0000	0.6095	0.0000	0.9359		
48	63	0.1136	2	1	0	2	0	0	0	0	0	N	N	Y	N	N	N	N	N	N	N	N	N	0.0103	0.0004	0.0329	0.0006	0.0005	0.0099	0.0000	0.0290	0.0011	0.0000	0.0076	0.0000	0.0000	0.0000	0.0017	0.0000	0.0081	0.1086	0.0015	0.2298	0.0023	0.0030	0.0000	0.1671	0.0020	0.2788	2418.1253	133.1418	0.0000	0.0005	0.6630	0.9961	5.9830	0.0337	0.0000	0.0000	0.0000	0.0000	0.0000	0.0000	0.0000	0.0000	0.0000	0.0030	0.0000	0.0029	0.0000	0.0000	0.0000	0.0029	0.0000	0.0029	0.0353	0.0301	0.0052	0.0113	0.0110	0.0003	0.0240	0.0191	0.0049	0.0272	0.0144	0.0128	0.0097	0.0074	0.0022	0.0176	0.0070	0.0105	0.0103	0.0004	0.0329	0.0006	0.0005	0.0000	0.0099	0.0000	0.0290	0.1086	0.0015	0.2298	0.0023	0.0030	0.0000	0.1671	0.0000	0.2788	
48	69	0.0657	2	1	1	1	0	0	0	0	0	N	N	N	N	N	N	N	N	N	N	N	N	0.2300	42.5838	0.0017	33.8889	33.9973	inf	0.0015	inf	0.0017	0.4908	0.6962	0.0070	1.2067	1.2129	0.0325	0.0040	0.0012	0.0068	2.1337	0.0163	4.0309	0.0356	0.0357	0.0000	2.7151	0.0000	4.0342	0.0042	275.1481	-0.0817	0.0981	0.6630	3.0720	5.9830	3.7333	0.1386	0.1380	0.0006	0.1379	0.1379	0.0000	0.0007	0.0001	0.0006	0.5777	0.0021	0.5756	0.0021	0.0021	0.0000	0.5756	0.0000	0.5756	0.2824	0.1982	0.0841	0.1143	0.1137	0.0006	0.1681	0.0845	0.0835	0.2708	0.1280	0.1428	0.0588	0.0586	0.0001	0.2120	0.0693	0.1427	0.2300	42.5838	0.0017	33.8889	33.9973	inf	0.0015	inf	0.0017	2.1337	0.0163	4.0309	0.0356	0.0357	0.0000	2.7151	0.0000	4.0342
48	75	0.1100	2	1	1	1	0	0	0	0	0	N	N	N	N	N	N	N	N	N	N	N	N	0.1258	1.3129	0.0018	1.9299	1.9423	0.0000	0.0002	0.0000	0.0024	0.0121	0.0125	0.0003	0.0230	0.0234	0.0000	0.0000	0.0000	0.0005	0.0959	0.0096	0.1884	0.0119	0.0120	0.0000	0.1505	0.0344	0.1902	0.0011	18.3995	-0.0000	0.0009	0.6630	0.0009	5.9830	1.7419	0.0000	0.0000	0.0000	0.0000	0.0000	0.0000	0.0000	0.0000	0.0000	0.0075	0.0004	0.0071	0.0004	0.0004	0.0000	0.0071	0.0000	0.0071	0.0022	0.0021	0.0001	0.0011	0.0011	0.0000	0.0010	0.0010	0.0001	0.0784	0.0405	0.0378	0.0309	0.0305	0.0003	0.0475	0.0100	0.0375	0.1258	1.3129	0.0018	1.9299	1.9423	0.0000	0.0002	0.0000	0.0024	0.0959	0.0096	0.1884	0.0119	0.0120	0.0000	0.1505	0.0019	0.1902
49	51	0.1383	2	1	2	1	0	0	0	0	0	N	Y	N	N	N	N	N	N	N	N	N	N	29.6744	16.3982	inf	13.6347	13.5111	inf	inf	0.1919	0.2342	0.0093	0.5992	0.6268	0.0000	0.0026	0.0000	0.0101	0.0065	0.0143	0.0000	0.0439	0.0464	0.0000	0.0000	0.0000	0.0000	0.0092	0.0000	-0.0845	-0.0013	7.3392	2.4249	7.9996	2.1457	0.1446	0.1433	0.0013	0.1433	0.1433	0.0000	0.0013	0.0000	0.0013	0.0016	0.0016	0.0000	0.0016	0.0016	0.0000	0.0000	0.0000	0.0000	0.7535	0.6118	0.1417	0.2391	0.2286	0.0105	0.5144	0.3832	0.1312	0.2458	0.1113	0.1345	0.0362	0.0343	0.0019	0.2096	0.0770	0.1326	29.6744	16.3982	inf	13.6347	13.5111	0.0000	inf	0.0000	inf	0.0065	0.0143	0.0000	0.0439	0.0464	0.0000	0.0000	0.0000	0.0000		
49	54	0.1538	2	2	2	0	0	0	0	0	0	Y	Y	N	N	N	N	N	N	N	N	N	N	0.0432	1.5073	0.1186	0.1021	0.0128	inf	0.0534	inf	0.1453	0.0164	0.0067	0.0890	0.0011	0.0001	0.0140	0.0256	0.0110	0.1091	0.3790	0.0044	0.7498	0.0103	0.0104	0.0000	0.4793	0.0000	0.7509	1.7697	170.2041	0.0003	0.0123	7.3392	2.0079	7.9996	2.2027	0.0070	0.0025	0.0045	0.0002	0.0000	0.0001	0.0069	0.0025	0.0043	0.0736	0.0004	0.0732	0.0004	0.0004	0.0000	0.0732	0.0000	0.0732	0.4292	0.3787	0.0505	0.1609	0.1502	0.0107	0.2683	0.2285	0.0398	0.1942	0.0966	0.0976	0.0416	0.0414	0.0001	0.1527	0.0552	0.0975	0.0432	1.5073	0.1186	0.1021	0.0128	inf	0.0534	inf	0.1453	0.3790	0.0044	0.7498	0.0103	0.0104	0.0000	0.4793	0.0000	0.7509
49	63	0.1816	2	1	1	1	0	0	0	0	0	N	N	N	N	N	N	N	N	N	N	N	N	0.0032	0.0622	0.0076	0.2243	0.1229	inf	0.0017	0.0058	0.0004	0.0001	0.0019	0.0006	0.0004	0.0035	0.0003	0.0000	0.0017	0.1163	0.0018	0.2457	0.0028	0.0036	0.0000	0.1767	0.0000	0.2960	2.9479	120.3584	0.0000	0.0010	7.3392	0.9961	7.9996	0.0337	0.0001	0.0000	0.0001	0.0000	0.0000	0.0000	0.0001	0.0000	0.0001	0.0061	0.0000	0.0060	0.0000	0.0000	0.0000	0.0060	0.0000	0.0060	0.2131	0.1811	0.0319	0.0490	0.0462	0.0028	0.1641	0.1350	0.0291	0.0522	0.0277	0.0245	0.0181	0.0139	0.0042	0.0341	0.0137	0.0203	0.0032	0.0622	0.0076	0.2243	0.1229	inf	0.0017	0.0000	0.0058	0.1163	0.0018	0.2457	0.0028	0.0036	0.0000	0.1767	0.0000	0.2960	
49	69	0.1337	2	1	2	0	0	0	0	0	0	N	Y	N	N	N	N	N	N	N	N	N	N	0.5172	0.0085	1.6640	0.0210	0.0119	inf	0.5650	1.7062	0.6399	0.0003	3.8724	0.0019	0.0011	0.0511	0.8755	0.0000	3.9745	1.2372	0.0397	2.3272	0.0884	0.0886	0.0000	1.5496	0.0000	2.3294	2283.9209	64.4664	0.2784	0.0991	7.3392	3.0720	7.9996	3.7333	0.6855	0.0003	0.6852	0.0005	0.0003	0.0002	0.6849	0.0000	0.6849	0.6272	0.0096	0.6176	0.0096	0.0096	0.0000	0.6176	0.0000	0.6176	1.0712	0.8943	0.1769	0.2889	0.2843	0.0046	0.7823	0.6100	0.1723	0.5069	0.2416	0.2654	0.1084	0.1082	0.0003	0.3985	0.1334	0.2651	0.5172	0.0085	1.6640	0.0210	0.0119	inf	0.5650	0.0000	1.7062	1.2372	0.0397	2.3272	0.0884	0.0886	0.0000	1.5496	0.0000	2.3294	
49	75	0.1781	2	1	2	0	0	0	0	0	0	N	Y	N	N	N	N	N	N	N	N	N	N	0.0050	0.0812	0.0440	0.0000	0.0000	0.0000	0.0065	0.0060	0.0608	0.0261	0.0045	0.6796	0.0000	0.0000	0.0000	0.0549	0.0097	0.9615	5.2293	0.0559	15.4390	0.0040	0.0022	0.1401	8.4725	1.6160	15.8180	4.9357	177.9104	0.0001	0.1267	7.3392	0.0009	7.9996	1.7419	0.0006	0.0001	0.0005	0.0000	0.0000	0.0000	0.0006	0.0001	0.0005	0.7550	0.0042	0.7508	0.0002	0.0001	0.0001	0.7548	0.0041	0.7507	0.0227	0.0220	0.0007	0.0119	0.0117	0.0002	0.0108	0.0103	0.0005	0.1444	0.0755	0.0689	0.0553	0.0546	0.0007	0.0891	0.0209	0.0682	0.0050	0.0812	0.0623	0.0000	0.0000	0.0000	0.0065	0.0496	0.0873	5.2293	0.0559	10.9012	0.0040	0.0022	0.1401	8.4725	0.1959	11.0139
50	51	0.1481	2	0	1	1	1	0	0	0	0	N	N	N	N	N	N	N	N	N	N	N	N	2.9750	0.0000	7.4425	2.1502	0.0000	3.0939	3.8170	7.6949	0.4717	0.0000	2.1533	0.0578	0.0000	1.3757	0.6922	0.0000	2.2088	0.1585	0.0010	0.2893	0.0269	0.0033	0.4446	0.1813	0.0000	0.2870	inf	342.0879	0.1134	0.0070	4.6608	2.4249	12.0004	2.1457	0.2791	0.0000	0.2791	0.0119	0.0000	0.0119	0.2672	0.0000	0.2672	0.0412	0.0001	0.0411	0.0010	0.0001	0.0009	0.0401	0.0000	0.0401	0.5916	0.4620	0.1296	0.2056	0.1970	0.0086	0.3860	0.2650	0.1210	0.2597	0.1178	0.1419	0.0383	0.0363	0.0020	0.2214	0.0815	0.1398	2.9750	0.0000	7.4425	2.1502	0.0000	3.0939	3.8170	0.0000	7.6949	0.1585	0.0010	0.2893	0.0269	0.0033	0.4446	0.1813	0.0000	0.2870	
50	54	0.1636	2	1	1	0	1	0	0	0	0	N	N	N	N	N	N	N	N	N	N	N	N	0.0026	0.0001	inf	0.1142	0.0671	inf	0.0031	0.0000	inf	0.0125	0.0007	0.1015	0.0028	0.0016	0.0196	0.0188	0.0000	0.1236	4.8173	9.6873	0.0000	0.0244	0.0245	0.0000	6.1017	16.7864	0.0000	19.7818	0.0000	0.0014	-0.8196	4.6608	2.0079	12.0004	2.2027	0.0038	0.0002	0.0037	0.0003	0.0002	0.0001	0.0035	0.0000	0.0035	0.9915	0.9915	0.0000	0.0011	0.0011	0.0000	0.9904	0.9904	0.0000	0.3065	0.2704	0.0361	0.1201	0.1125	0.0077	0.1864	0.1580	0.0284	0.2058	0.1023	0.1035	0.0435	0.0433	0.0002	0.1623	0.0590	0.1033	0.0026	0.0001	inf	0.1142	0.0671	inf	0.0031	0.0000	inf	4.8173	9.6873	0.0000	0.0244	0.0245	0.0000	6.1017	16.7864	0.0000
50	63	0.1914	2	0	0	1	1	0	0	0	0	N	N	N	N	N	N	N	N	N	N	N	N	0.0078	0.0000	0.0261	0.0194	0.0000	0.2428	0.0064	0.0000	0.0218	0.0007	0.0000	0.0043	0.0003	0.0000	0.0050	0.0008	0.0000	0.0042	0.0849	0.0141	0.1648	0.0143	0.0124	0.0205	0.1222	0.9381	0.1941	inf	10.3620	0.0000	0.0004	4.6608	0.9961	12.0004	0.0337	0.0001	0.0000	0.0001	0.0000	0.0000	0.0000	0.0001	0.0000	0.0001	0.0047	0.0004	0.0043	0.0003	0.0002	0.0001	0.0044	0.0002	0.0042	0.1510	0.1278	0.0232	0.0362	0.0342	0.0020	0.1148	0.0936	0.0212	0.0552	0.0293	0.0259	0.0191	0.0147	0.0044	0.0361	0.0146	0.0215	0.0078	0.0000	0.0261	0.0194	0.0000	0.2428	0.0064	0.0000	0.0218	0.0849	0.0141	0.1648	0.0143	0.0124	0.0205	0.1222	0.0158	0.1941
50	69	0.1435	2	0	1	0	1	0	0	0	0	N	N	N	N	N	N	N	N	N	N	N	N	4.6127	1.2289	3.4098	3.4507	0.1736	0.2131	0.0000	0.6015	0.6102	0.0000	0.0000	0.0000	0.0000	0.0376	0.1734	0.0000	0.1764	0.1768	0.0000	0.0000	0.0000	0.0000	0.0000	0.0000	-0.0821	-0.0166	4.6608	3.0720	12.0004	3.7333	0.1383	0.1383	0.0000	0.1383	0.1383	0.0000	0.0000	0.0000	0.0000	0.0201	0.0201	0.0000	0.0201	0.0201	0.0000	0.0000	0.0000	0.0000	0.7967	0.6489	0.1479	0.2299	0.2267	0.0033	0.5668	0.4222	0.1446	0.5344	0.2550	0.2794	0.1140	0.1137	0.0003	0.4204	0.1412	0.2792	4.6127	2.7023	0.0000	3.4098	3.4507	0.0000	0.0000	0.0000	0.0000	0.0376	0.0789	0.0000	0.1764	0.1768	0.0000	0.0000	0.0000	0.0000					
50	75	0.1879	2	0	1	0	1	0	0	0	0	N	N	N	N	N	N	N	N	N	N	N	N	0.4814	7.4786	0.0000	0.3682	0.5264	0.0000	0.6249	inf	0.0000	0.0344	0.0356	0.0000	0.0034	0.0035	0.0000	0.0687	0.0721	0.0000	0.0715	0.0048	0.1450	0.0093	0.0066	0.2101	0.1099	0.0000	0.1443	0.0000	27.7015	-0.0003	0.0015	4.6608	0.0009	12.0004	1.7419	0.0005	0.0005	0.0000	0.0000	0.0000	0.0000	0.0005	0.0005	0.0000	0.0109	0.0004	0.0105	0.0005	0.0004	0.0002	0.0103	0.0000	0.0103	0.0147	0.0142	0.0005	0.0077	0.0076	0.0001	0.0070	0.0067	0.0003	0.1518	0.0795	0.0723	0.0579	0.0571	0.0008	0.0939	0.0224	0.0715	0.4814	7.4786	0.0000	0.3682	0.5264	0.0000	0.6249	inf	0.0000	0.0715	0.0048	0.1450	0.0093	0.0066	0.2101	0.1099	0.0000	0.1443
51	53	0.0593	2	1	1	2	0	0	0	0	0	N	N	Y	N	N	N	N	N	N	N	N	N	0.4209	16.9616	0.0088	11.1128	11.0313	0.0053	0.0093	0.2881	0.3779	0.0108	0.7708	0.8031	0.0000	0.0042	0.0000	0.0115	0.6845	0.0223	1.2201	0.0694	0.0728	0.0000	0.7877	0.0000	1.2353	0.0092	67.7233	-0.0845	0.0135	2.4249	3.3392	2.1457	2.9996	0.1446	0.1433	0.0013	0.1433	0.1433	0.0000	0.0013	0.0000	0.0013	0.0852	0.0012	0.0839	0.0012	0.0012	0.0000	0.0839	0.0000	0.0839	0.5018	0.3791	0.1227	0.1859	0.1784	0.0075	0.3159	0.2008	0.1152	0.1244	0.0556	0.0688	0.0179	0.0170	0.0008	0.1066	0.0386	0.0680	0.4209	16.9616	0.0088	11.1128	11.0313	0.0000	0.0053	0.0000	0.0093	0.6845	0.0223	1.2201	0.0694	0.0728	0.0000	0.7877	0.0000	1.2353		
51	54	0.1054	3	1	2	1	0	0	0	0	0	N	Y	N	N	N	N	N	N	N	N	N	N	0.0029	0.0017	0.0005	0.0028	0.0029	0.0258	0.0001	0.0000	0.0005	0.0006	0.0007	0.0000	0.0022	0.0023	0.0000	0.0000	0.0000	0.0000	0.2206	0.4289	0.0831	0.7791	0.8106	0.0000	0.0590	0.0011	0.0842	0.0083	0.2332	-0.0001	-0.0138	2.4249	2.0079	2.1457	2.2027	0.0001	0.0001	0.0000	0.0001	0.0001	0.0000	0.0000	0.0000	0.0000	0.0216	0.0175	0.0041	0.0175	0.0175	0.0000	0.0041	0.0000	0.0041	0.1846	0.1590	0.0255	0.0533	0.0509	0.0024	0.1312	0.1081	0.0231	0.0980	0.0488	0.0492	0.0287	0.0281	0.0006	0.0693	0.0207	0.0485	0.0029	0.0021	0.0005	0.0036	0.0037	0.0258	0.0001	0.0000	0.0005	0.2206	0.3591	0.0831	0.6113	0.6246	0.0000	0.0590	0.0000	0.0842
51	55	0.0593	2	1	2	1	0	0	0	0	0	N	Y	N	N	N	N	N	N	N	N	N	N	0.3999	17.8955	0.0096	13.5305	13.4480	0.3442	0.0052	0.0000	0.0101	0.2535	0.3236	0.0109	0.7123	0.7433	0.0004	0.0038	0.0000	0.0117	0.6339	0.0181	1.1345	0.0526	0.0553	0.0012	0.7320	0.0246	1.1490	0.0098	77.1684	-0.0844	0.0158	2.4249	4.3406	2.1457	3.9440	0.1446	0.1432	0.0014	0.1432	0.1432	0.0000	0.0014	0.0000	0.0014	0.0985	0.0013	0.0972	0.0012	0.0012	0.0000	0.0973	0.0001	0.0972	0.5705	0.4425	0.1280	0.2011	0.1927	0.0084	0.3695	0.2498	0.1196	0.1553	0.0697	0.0857	0.0224	0.0214	0.0011	0.1329	0.0483	0.0846	0.3999	17.8955	0.0096	13.5305	13.4480	0.3442	0.0052	0.0000	0.0101	0.6339	0.0181	1.1345	0.0526	0.0553	0.0012	0.7320	0.0016	1.1490
51	56	0.0593	2	0	2	1	0	0	0	0	0	N	Y	N	N	N	N	N	N	N	N	N	N	3.3528	0.0000	8.5702	0.0874	0.0000	1.8274	4.9578	9.0031	2.4411	0.0000	10.2878	0.0623	0.0000	1.5276	3.8032	0.0000	10.8723	0.7281	0.2565	1.2004	0.7126	0.7160	0.8359	0.7671	0.0000	1.2076	inf	9.7421	0.5203	0.0111	2.4249	3.6608	2.1457	7.0004	1.2799	0.0000	1.2799	0.0119	0.0000	0.0119	1.2681	0.0000	1.2681	0.1378	0.0128	0.1250	0.0137	0.0128	0.0009	0.1241	0.0000	0.1241	0.5243	0.3999	0.1244	0.1909	0.1831	0.0078	0.3334	0.2168	0.1166	0.1893	0.0852	0.1041	0.0275	0.0262	0.0014	0.1618	0.0590	0.1027	3.3528	0.0000	8.5702	0.1248	0.0000	2.3074	4.9578	0.0000	9.0031	0.7281	0.1506	1.2004	0.4990	0.4904	0.6621	0.7671	0.0000	1.2076	
51	57	0.0593	2	0	1	2	0	0	0	0	0	N	N	Y	N	N	N	N	N	N	N	N	N	1074.1605	0.0000	364936.9354	15.9193	0.0000	inf	278089.9005	363553.3704	0.7410	0.0000	2.4747	0.0757	0.0000	2.0656	1.2164	0.0000	2.4967	0.0007	0.0015	0.0000	0.0048	0.0050	0.0000	0.0000	0.0000	0.0000	inf	0.0055	0.1134	-0.0001	2.4249	1.6608	2.1457	6.0004	0.2791	0.0000	0.2791	0.0119	0.0000	0.0119	0.2672	0.0000	0.2672	0.0001	0.0001	0.0000	0.0001	0.0001	0.0000	0.0000	0.0000	0.0000	0.3766	0.2638	0.1128	0.1570	0.1512	0.0058	0.2196	0.1126	0.1070	0.1458	0.0653	0.0805	0.0210	0.0200	0.0010	0.1247	0.0453	0.0794	1074.1605	0.0000	364936.9354	15.9193	0.0000	inf	278089.9005	0.0000	363553.3704	0.0007	0.0015	0.0000	0.0048	0.0050	0.0000	0.0000	0.0000	0.0000	
51	58	0.0593	2	1	2	1	0	0	0	0	0	N	Y	N	N	N	N	N	N	N	N	N	N	31.1333	18.0766	12.8745	12.7582	0.2511	0.3238	0.0000	0.7126	0.7436	0.0000	0.0000	0.0000	0.0000	0.0081	0.0179	0.0000	0.0553	0.0583	0.0000	0.0000	0.0000	0.0000	0.0000	0.0000	-0.0850	-0.0013	2.4249	4.3392	2.1457	6.9996	0.1433	0.1433	0.0000	0.1433	0.1433	0.0000	0.0000	0.0000	0.0000	0.0016	0.0016	0.0000	0.0016	0.0016	0.0000	0.0000	0.0000	0.0000	0.5704	0.4424	0.1280	0.2010	0.1927	0.0084	0.3694	0.2498	0.1196	0.1983	0.0893	0.1090	0.0289	0.0274	0.0015	0.1694	0.0619	0.1075	31.1333	18.0766	0.0000	12.8745	12.7582	0.0000	0.0000	0.0000	0.0000	0.0081	0.0179	0.0000	0.0553	0.0583	0.0000	0.0000	0.0000	0.0000					
51	59	0.0593	2	1	2	2	0	0	0	0	0	N	Y	Y	N	N	N	N	N	N	N	N	N	14.4690	0.0000	449022.3544	0.2015	0.0000	inf	206181.0623	455963.6423	0.4260	0.0000	2.0762	0.0543	0.0000	1.2633	0.6128	0.0000	2.1374	0.0294	0.1454	0.0000	0.2693	0.5061	0.0000	0.0000	0.0000	0.0000	inf	0.0001	0.1134	-0.0052	2.4249	5.6608	2.1457	7.0004	0.2791	0.0000	0.2791	0.0119	0.0000	0.0119	0.2672	0.0000	0.2672	0.0063	0.0063	0.0000	0.0063	0.0063	0.0000	0.0000	0.0000	0.0000	0.6550	0.5206	0.1344	0.2191	0.2097	0.0094	0.4360	0.3110	0.1250	0.2150	0.0970	0.1180	0.0314	0.0298	0.0016	0.1836	0.0672	0.1164	14.4690	0.0000	449022.3544	0.2695	0.0000	inf	206181.0623	0.0000	455963.6423	0.0294	0.0653	0.0000	0.2013	0.2122	0.0000	0.0000	0.0000	0.0000	
51	60	0.0593	2	0	2	1	0	0	0	0	0	N	Y	N	N	N	N	N	N	N	N	N	N	0.0000	0.0000	0.0000	0.0000	0.0000	0.0000	0.0000	0.0000	0.0000	0.0000	0.0000	0.0000	0.0000	0.0000	0.0000	0.0000	0.0000	0.3458	0.0002	0.6250	0.0540	0.0006	1.2101	0.3946	0.0000	0.6187	4105.0000	0.0000	0.0071	2.4249	2.0000	2.1457	4.0000	0.0000	0.0000	0.0000	0.0000	0.0000	0.0000	0.0000	0.0000	0.0000	0.0411	0.0000	0.0411	0.0009	0.0000	0.0009	0.0401	0.0000	0.0401	0.4030	0.2881	0.1149	0.1632	0.1571	0.0061	0.2398	0.1311	0.1087	0.1187	0.0531	0.0657	0.0170	0.0162	0.0008	0.1017	0.0368	0.0649	0.0000	0.0000	0.0000	0.0000	0.0000	0.0000	0.0000	0.0000	0.0000	0.3458	0.0002	0.6250	0.0540	0.0006	1.1343	0.3946	0.0000	0.6187		
51	61	0.0593	2	1	1	2	0	0	0	0	0	N	N	Y	N	N	N	N	N	N	N	N	N	0.5377	2547.6962	0.0129	1926.7227	1911.3642	0.0063	0.0137	0.2277	0.2853	0.0099	0.6667	0.6964	0.0000	0.0031	0.0000	0.0107	0.4234	0.0001	0.7702	0.0003	0.0004	0.0000	0.4955	0.0000	0.7806	0.0092	8394.0546	-0.0845	0.0145	2.4249	5.3392	2.1457	6.0004	0.1446	0.1433	0.0013	0.1433	0.1433	0.0000	0.0013	0.0000	0.0013	0.0840	0.0000	0.0839	0.0000	0.0000	0.0000	0.0839	0.0000	0.0839	0.6350	0.5021	0.1329	0.2149	0.2057	0.0092	0.4202	0.2964	0.1237	0.1983	0.0893	0.1090	0.0289	0.0274	0.0015	0.1694	0.0619	0.1075	0.5377	2547.6962	0.0129	1926.7227	1911.3642	0.0000	0.0063	0.0000	0.0137	0.4234	0.0001	0.7702	0.0003	0.0004	0.0000	0.4955	0.0000	0.7806		
51	62	0.0593	2	0	2	1	0	0	0	0	0	N	Y	N	N	N	N	N	N	N	N	N	N	0.8289	0.0000	3.7724	1.9753	0.0000	inf	0.9830	0.0000	3.8520	0.3401	0.0000	1.9096	0.0470	0.0000	1.0565	0.4697	0.0000	1.9803	0.4103	0.3779	0.5062	0.0238	0.0252	0.0000	0.4778	2.0861	0.5141	inf	2.0364	0.1140	-0.0195	2.4249	8.6608	2.1457	13.0004	0.2805	0.0000	0.2805	0.0119	0.0000	0.0119	0.2686	0.0000	0.2686	0.1252	0.0412	0.0839	0.0011	0.0011	0.0000	0.1241	0.0401	0.0839	0.8248	0.6779	0.1469	0.2529	0.2417	0.0113	0.5718	0.4362	0.1356	0.3051	0.1392	0.1658	0.0454	0.0428	0.0026	0.2597	0.0964	0.1633	0.8289	0.0000	3.7724	1.9753	0.0000	inf	0.9830	0.0000	3.8520	0.4103	0.2960	0.5062	0.0238	0.0252	0.0000	0.4778	0.4164	0.5141
51	63	0.1332	3	0	1	2	0	0	0	0	0	N	N	Y	N	N	N	N	N	N	N	N	N	0.0166	0.0000	0.0645	0.0176	0.0000	0.1509	0.0188	0.0667	0.0003	0.0000	0.0025	0.0000	0.0000	0.0005	0.0005	0.0000	0.0031	0.0176	0.0006	0.0387	0.0016	0.0012	0.0030	0.0272	0.0000	0.0467	inf	51.4196	0.0000	0.0000	2.4249	0.9961	2.1457	0.0337	0.0000	0.0000	0.0000	0.0000	0.0000	0.0000	0.0000	0.0000	0.0000	0.0003	0.0000	0.0003	0.0000	0.0000	0.0000	0.0003	0.0000	0.0003	0.0867	0.0765	0.0102	0.0391	0.0367	0.0024	0.0476	0.0398	0.0078	0.0182	0.0100	0.0081	0.0068	0.0053	0.0015	0.0114	0.0048	0.0066	0.0166	0.0000	0.0645	0.0176	0.0000	0.1509	0.0188	0.0000	0.0667	0.0176	0.0006	0.0387	0.0016	0.0012	0.0030	0.0272	0.0000	0.0467	
51	64	0.0593	2	0	1	2	0	0	0	0	0	N	N	Y	N	N	N	N	N	N	N	N	N	0.8544	0.0014	2.0016	0.7891	0.0009	1.9921	1.1192	0.0000	2.0316	0.5319	0.0000	2.2425	0.0623	0.0000	1.5268	0.8007	0.0000	2.2902	0.6226	0.0156	1.1204	0.0789	0.0507	0.7664	0.7155	0.0047	1.1273	32463.3309	87.3917	0.1134	0.0204	2.4249	3.6648	2.1457	8.0029	0.2791	0.0000	0.2790	0.0119	0.0000	0.0119	0.2672	0.0000	0.2672	0.1261	0.0014	0.1247	0.0023	0.0014	0.0009	0.1238	0.0000	0.1238	0.5246	0.4002	0.1244	0.1910	0.1832	0.0078	0.3336	0.2170	0.1166	0.2025	0.0913	0.1113	0.0295	0.0281	0.0015	0.1730	0.0632	0.1098	0.8544	0.0014	2.0016	0.7891	0.0009	2.5073	1.1192	0.0000	2.0316	0.6226	0.0156	1.1204	0.0789	0.0507	0.6090	0.7155	0.0001	1.1273
51	65	0.0593	2	0	2	1	0	0	0	0	0	N	Y	N	N	N	N	N	N	N	N	N	N	0.1277	0.0000	0.3596	0.2705	0.0000	inf	0.1552	0.3654	0.3904	0.0000	2.0095	0.0514	0.0000	1.1774	0.5526	0.0000	2.0747	3.0568	0.1382	5.5879	0.1900	0.2721	0.0000	3.5601	0.0000	5.6785	inf	106.7450	0.1134	0.1644	2.4249	6.6608	2.1457	17.9996	0.2791	0.0000	0.2791	0.0119	0.0000	0.0119	0.2672	0.0000	0.2672	1.0020	0.0093	0.9927	0.0093	0.0093	0.0000	0.9927	0.0000	0.9927	0.7148	0.5760	0.1389	0.2314	0.2213	0.0101	0.4835	0.3547	0.1288	0.3278	0.1501	0.1776	0.0490	0.0461	0.0028	0.2788	0.1040	0.1748	0.1277	0.0000	0.3596	0.2705	0.0000	inf	0.1552	0.0000	0.3654	3.0568	0.0619	5.5879	0.1900	0.2016	0.0000	3.5601	0.0000	5.6785	
51	66	0.0593	2	0	2	1	1	0	0	0	0	N	Y	N	N	N	N	N	N	N	N	N	N	0.5448	1.5208	0.0145	1.0588	1.0580	0.0071	0.0153	0.2277	0.2853	0.0099	0.6667	0.6964	0.0000	0.0031	0.0000	0.0107	0.4179	0.1876	0.6859	0.6297	0.6583	0.0000	0.4407	0.0000	0.6954	0.0092	9.0070	-0.0845	0.0068	2.4249	5.3392	2.1457	7.9996	0.1446	0.1433	0.0013	0.1433	0.1433	0.0000	0.0013	0.0000	0.0013	0.0933	0.0093	0.0839	0.0093	0.0093	0.0000	0.0839	0.0000	0.0839	0.6350	0.5021	0.1329	0.2149	0.2057	0.0092	0.4202	0.2964	0.1237	0.2232	0.1008	0.1224	0.0327	0.0310	0.0017	0.1905	0.0698	0.1207	0.5448	3.0853	0.0145	2.3385	2.3170	0.0000	0.0071	0.0000	0.0153	0.4179	0.0925	0.6859	0.2851	0.3006	0.0000	0.4407	0.0000	0.6954		
51	67	0.0593	2	0	2	1	0	0	0	0	0	N	Y	N	N	N	N	N	N	N	N	N	N	0.5993	22.4907	0.0154	17.9397	17.7669	0.0070	0.0163	0.2077	0.2565	0.0096	0.6297	0.6583	0.0000	0.0028	0.0000	0.0103	0.3466	0.0114	0.6240	0.0351	0.0370	0.0000	0.4004	0.0000	0.6330	0.0092	66.1229	-0.0845	0.0135	2.4249	6.3392	2.1457	8.9996	0.1446	0.1433	0.0013	0.1433	0.1433	0.0000	0.0013	0.0000	0.0013	0.0852	0.0013	0.0839	0.0013	0.0013	0.0000	0.0839	0.0000	0.0839	0.6960	0.5585	0.1375	0.2275	0.2176	0.0099	0.4685	0.3409	0.1276	0.2458	0.1113	0.1345	0.0362	0.0343	0.0019	0.2096	0.0770	0.1326	0.5993	22.4907	0.0154	17.9397	17.7669	0.0000	0.0070	0.0000	0.0163	0.3466	0.0114	0.6240	0.0351	0.0370	0.0000	0.4004	0.0000	0.6330		
51	68	0.0593	2	0	2	1	0	0	0	0	0	N	Y	N	N	N	N	N	N	N	N	N	N	1108.8587	0.2074	410928.8774	19.8996	0.0000	inf	205271.8062	inf	415965.0092	0.4718	0.0002	2.1533	0.0578	0.0000	1.3757	0.6924	0.0003	2.2088	0.0004	0.0009	0.0000	0.0029	0.0031	0.0000	0.0000	0.0000	0.0000	3100.6734	0.0068	0.1134	-0.0001	2.4249	4.6608	2.1457	6.0004	0.2792	0.0001	0.2791	0.0119	0.0000	0.0119	0.2673	0.0001	0.2672	0.0001	0.0001	0.0000	0.0001	0.0001	0.0000	0.0000	0.0000	0.0000	0.5916	0.4620	0.1296	0.2056	0.1970	0.0086	0.3860	0.2650	0.1210	0.1893	0.0852	0.1041	0.0275	0.0262	0.0014	0.1618	0.0590	0.1027	1108.8587	0.2074	410928.8774	19.8996	0.0000	inf	205271.8062	inf	415965.0092	0.0004	0.0009	0.0000	0.0029	0.0031	0.0000	0.0000	0.0000	0.0000
51	69	0.0852	3	0	2	1	0	0	0	0	0	N	Y	N	N	N	N	N	N	N	N	N	N	0.7610	20.1295	0.0180	27.4807	28.0235	0.0244	0.0081	0.0003	0.0189	0.1703	0.2134	0.0079	0.4671	0.4820	0.0001	0.0026	0.0000	0.0083	0.2238	0.0106	0.4379	0.0170	0.0172	0.0030	0.3181	0.0025	0.4418	0.0098	41.1265	-0.0520	0.0077	2.4249	3.0720	2.1457	3.7333	0.0891	0.0882	0.0009	0.0882	0.0882	0.0000	0.0009	0.0000	0.0009	0.0515	0.0012	0.0503	0.0012	0.0012	0.0000	0.0503	0.0000	0.0503	0.5231	0.4134	0.1097	0.1889	0.1830	0.0059	0.3342	0.2304	0.1039	0.2302	0.1153	0.1149	0.0721	0.0711	0.0010	0.1581	0.0443	0.1138	0.7610	20.1295	0.0180	27.4807	28.0235	0.0244	0.0081	0.1571	0.0189	0.2238	0.0106	0.4379	0.0170	0.0172	0.0030	0.3181	0.0000	0.4418
51	70	0.0593	2	0	2	1	0	0	0	0	0	N	Y	N	N	N	N	N	N	N	N	N	N	1.3620	27.5379	0.8683	21.0101	20.3771	394.1606	0.6678	0.0014	0.8655	0.4639	0.4383	0.5229	0.7442	0.7558	0.4366	0.2614	0.0008	0.5275	0.3406	0.0159	0.6022	0.0354	0.0371	0.0011	0.3915	0.5942	0.6095	0.5176	46.9591	-0.0435	0.0052	2.4249	1.5925	2.1457	3.3727	0.1722	0.1135	0.0587	0.1159	0.1134	0.0025	0.0564	0.0001	0.0563	0.0343	0.0007	0.0336	0.0005	0.0005	0.0000	0.0338	0.0002	0.0336	0.3712	0.2589	0.1123	0.1557	0.1500	0.0057	0.2155	0.1089	0.1067	0.1008	0.0450	0.0558	0.0144	0.0137	0.0007	0.0864	0.0312	0.0551	1.3620	27.5379	0.8683	21.0101	20.3771	394.1606	0.6678	0.1268	0.8655	0.3406	0.0159	0.6022	0.0354	0.0371	0.0011	0.3915	0.0066	0.6095
51	71	0.0593	2	0	2	1	0	0	0	0	0	N	Y	N	N	N	N	N	N	N	N	N	N	14.1443	0.0269	559975.5997	0.1546	0.0194	inf	258058.9316	568051.3811	0.4292	0.0040	2.0762	0.0637	0.0099	1.2633	0.6128	0.0000	2.1374	0.0303	0.1481	0.0000	0.4122	0.5100	0.0000	0.0000	0.0000	0.0000	134.8119	0.0001	0.1122	-0.0068	2.4249	5.6608	2.1457	12.0004	0.2811	0.0021	0.2791	0.0140	0.0021	0.0119	0.2672	0.0000	0.2672	0.0082	0.0082	0.0000	0.0082	0.0082	0.0000	0.0000	0.0000	0.0000	0.6550	0.5206	0.1344	0.2191	0.2097	0.0094	0.4360	0.3110	0.1250	0.2696	0.1224	0.1472	0.0399	0.0377	0.0022	0.2297	0.0847	0.1450	14.1443	0.0595	559975.5997	0.3104	0.0455	inf	258058.9316	0.0000	568051.3811	0.0303	0.0668	0.0000	0.2053	0.2170	0.0000	0.0000	0.0000	0.0000	
51	73	0.0593	2	1	2	1	1	0	0	0	0	N	Y	N	N	N	N	N	N	N	N	N	N	0.7335	2.2353	0.0165	1.3524	1.3876	0.0100	0.0173	0.2881	0.3779	0.0108	0.7708	0.8031	0.0000	0.0042	0.0000	0.0115	0.3928	0.1690	0.6527	0.5699	0.5788	0.0000	0.4191	0.0000	0.6619	0.0092	10.1377	-0.0845	0.0077	2.4249	3.3392	2.1457	11.0004	0.1446	0.1433	0.0013	0.1433	0.1433	0.0000	0.0013	0.0000	0.0013	0.0922	0.0083	0.0839	0.0083	0.0083	0.0000	0.0839	0.0000	0.0839	0.5018	0.3791	0.1227	0.1859	0.1784	0.0075	0.3159	0.2008	0.1152	0.2348	0.1062	0.1286	0.0345	0.0327	0.0018	0.2003	0.0735	0.1268	0.7335	4.8448	0.0165	3.2085	3.1690	0.0000	0.0100	0.0000	0.0173	0.3928	0.0780	0.6527	0.2402	0.2534	0.0000	0.4191	0.0000	0.6619		
51	74	0.0593	2	0	2	1	1	0	0	0	0	N	Y	N	N	N	N	N	N	N	N	N	N	0.4892	88.1000	0.0125	69.9872	69.4843	0.0057	0.0133	0.2077	0.2565	0.0096	0.6297	0.6583	0.0000	0.0028	0.0000	0.0103	0.4246	0.0029	0.7702	0.0090	0.0095	0.0000	0.4955	0.0000	0.7806	0.0092	322.8483	-0.0845	0.0143	2.4249	6.3392	2.1457	5.0004	0.1446	0.1433	0.0013	0.1433	0.1433	0.0000	0.0013	0.0000	0.0013	0.0842	0.0003	0.0839	0.0003	0.0003	0.0000	0.0839	0.0000	0.0839	0.6960	0.5585	0.1375	0.2275	0.2176	0.0099	0.4685	0.3409	0.1276	0.1983	0.0893	0.1090	0.0289	0.0274	0.0015	0.1694	0.0619	0.1075	0.4892	88.1000	0.0125	69.9872	69.4843	0.0000	0.0057	0.0000	0.0133	0.4246	0.0029	0.7702	0.0090	0.0095	0.0000	0.4955	0.0000	0.7806		
51	75	0.1296	3	0	2	1	0	0	0	0	0	N	Y	N	N	N	N	N	N	N	N	N	N	0.0967	0.0804	0.0299	0.1164	0.1163	0.0026	0.0000	0.0408	0.0022	0.0022	0.0005	0.0041	0.0042	0.0000	0.0000	0.0000	0.0007	0.0226	0.0279	0.0171	0.0357	0.0363	0.0000	0.0140	0.0023	0.0174	0.0079	0.5877	-0.0000	-0.0007	2.4249	0.0009	2.1457	1.7419	0.0000	0.0000	0.0000	0.0000	0.0000	0.0000	0.0000	0.0000	0.0000	0.0015	0.0010	0.0006	0.0010	0.0010	0.0000	0.0006	0.0000	0.0006	0.0078	0.0075	0.0003	0.0041	0.0040	0.0001	0.0037	0.0035	0.0002	0.0670	0.0342	0.0328	0.0268	0.0263	0.0005	0.0402	0.0079	0.0323	0.0967	0.0804	0.0299	0.1164	0.1163	0.0000	0.0026	0.0000	0.0408	0.0226	0.0279	0.0171	0.0357	0.0363	0.0000	0.0140	0.0000	0.0174	
51	76	0.0593	2	0	2	1	0	0	0	0	0	N	Y	N	N	N	N	N	N	N	N	N	N	0.5014	34.7823	0.0128	27.4176	27.2155	7.8516	0.0059	0.0000	0.0136	0.2111	0.2613	0.0097	0.6360	0.6648	0.0000	0.0029	0.0000	0.0105	0.4210	0.0075	0.7599	0.0232	0.0244	0.0000	0.4889	0.0030	0.7702	0.0093	123.4312	-0.0845	0.0139	2.4249	6.1537	2.1457	5.2905	0.1446	0.1433	0.0013	0.1433	0.1433	0.0000	0.0013	0.0000	0.0013	0.0841	0.0007	0.0834	0.0007	0.0007	0.0000	0.0834	0.0000	0.0834	0.6849	0.5483	0.1366	0.2253	0.2155	0.0098	0.4597	0.3328	0.1269	0.1996	0.0899	0.1097	0.0291	0.0276	0.0015	0.1705	0.0623	0.1083	0.5014	34.7823	0.0128	27.4176	27.2155	7.8516	0.0059	0.0000	0.0136	0.4210	0.0075	0.7599	0.0232	0.0244	0.0000	0.4889	0.0000	0.7702
51	77	0.0593	2	0	1	2	1	0	0	0	0	N	N	Y	N	N	N	N	N	N	N	N	N	0.5707	108.6070	0.0137	82.2322	81.5259	0.0067	0.0145	0.2277	0.2853	0.0099	0.6667	0.6964	0.0000	0.0031	0.0000	0.0107	0.3989	0.0026	0.7245	0.0081	0.0085	0.0000	0.4658	0.0000	0.7345	0.0092	335.7622	-0.0845	0.0143	2.4249	5.3392	2.1457	7.0004	0.1446	0.1433	0.0013	0.1433	0.1433	0.0000	0.0013	0.0000	0.0013	0.0842	0.0003	0.0839	0.0003	0.0003	0.0000	0.0839	0.0000	0.0839	0.6350	0.5021	0.1329	0.2149	0.2057	0.0092	0.4202	0.2964	0.1237	0.2110	0.0952	0.1159	0.0308	0.0293	0.0016	0.1802	0.0659	0.1143	0.5707	108.6070	0.0137	82.2322	81.5259	0.0000	0.0067	0.0000	0.0145	0.3989	0.0026	0.7245	0.0081	0.0085	0.0000	0.4658	0.0000	0.7345		
51	78	0.0593	2	0	1	2	1	0	0	0	0	N	N	Y	N	N	N	N	N	N	N	N	N	0.5703	17.3503	0.0147	13.8276	13.7027	0.0067	0.0156	0.2077	0.2565	0.0096	0.6297	0.6583	0.0000	0.0028	0.0000	0.0103	0.3642	0.0148	0.6527	0.0455	0.0480	0.0000	0.4191	0.0000	0.6620	0.0092	53.4836	-0.0845	0.0133	2.4249	6.3392	2.1457	7.9996	0.1446	0.1433	0.0013	0.1433	0.1433	0.0000	0.0013	0.0000	0.0013	0.0855	0.0016	0.0839	0.0016	0.0016	0.0000	0.0839	0.0000	0.0839	0.6960	0.5585	0.1375	0.2275	0.2176	0.0099	0.4685	0.3409	0.1276	0.2348	0.1062	0.1286	0.0345	0.0327	0.0018	0.2003	0.0735	0.1268	0.5703	17.3503	0.0147	13.8276	13.7027	0.0000	0.0067	0.0000	0.0156	0.3642	0.0148	0.6527	0.0455	0.0480	0.0000	0.4191	0.0000	0.6620		
51	79	0.0593	2	0	2	1	0	0	0	0	0	N	Y	N	N	N	N	N	N	N	N	N	N	213.0683	138.1934	1503.5575	70.7105	69.8597	1288.0222	1561.0295	0.4118	0.5960	0.0119	0.9495	0.9847	0.0000	0.0066	0.0000	0.0125	0.0019	0.0043	0.0000	0.0134	0.0141	0.0000	0.0000	0.0000	0.0000	0.0092	0.0023	-0.0845	-0.0002	2.4249	1.3392	2.1457	5.0004	0.1446	0.1433	0.0013	0.1433	0.1433	0.0000	0.0013	0.0000	0.0013	0.0002	0.0002	0.0000	0.0002	0.0002	0.0000	0.0000	0.0000	0.0000	0.3511	0.2404	0.1107	0.1509	0.1455	0.0054	0.2002	0.0949	0.1053	0.1245	0.0556	0.0688	0.0179	0.0170	0.0008	0.1066	0.0386	0.0680	213.0683	138.1934	1503.5575	70.7105	69.8597	0.0000	1288.0222	0.0000	1561.0295	0.0019	0.0043	0.0000	0.0134	0.0141	0.0000	0.0000	0.0000	0.0000		
51	80	0.0593	2	1	2	1	0	0	0	0	0	N	Y	N	N	N	N	N	N	N	N	N	N	0.5778	17.4081	0.0163	15.0319	14.8747	0.0066	0.0173	0.1790	0.2163	0.0091	0.5737	0.6004	0.0000	0.0024	0.0000	0.0098	0.3097	0.0124	0.5575	0.0382	0.0404	0.0000	0.3569	0.0000	0.5658	0.0092	53.8265	-0.0845	0.0133	2.4249	8.3392	2.1457	9.9996	0.1446	0.1433	0.0013	0.1433	0.1433	0.0000	0.0013	0.0000	0.0013	0.0855	0.0016	0.0839	0.0016	0.0016	0.0000	0.0839	0.0000	0.0839	0.8079	0.6622	0.1457	0.2497	0.2386	0.0111	0.5582	0.4236	0.1346	0.2761	0.1255	0.1506	0.0409	0.0386	0.0022	0.2352	0.0869	0.1484	0.5778	17.4081	0.0163	15.0319	14.8747	0.0000	0.0066	0.0000	0.0173	0.3097	0.0124	0.5575	0.0382	0.0404	0.0000	0.3569	0.0000	0.5658		
52	54	0.0766	2	1	2	0	0	0	0	0	0	N	Y	N	N	N	N	N	N	N	N	N	N	0.0067	0.0520	0.0252	0.0529	0.0562	0.0076	inf	0.0318	0.0036	0.0005	0.0266	0.0011	0.0012	0.0000	0.0052	0.0000	0.0336	0.5331	0.0098	1.0550	0.0209	0.0209	0.0000	0.6900	0.0000	1.0565	6.9461	107.9336	0.0002	0.0074	3.5386	2.0079	1.9499	2.2027	0.0009	0.0001	0.0008	0.0001	0.0001	0.0000	0.0008	0.0000	0.0008	0.0451	0.0004	0.0447	0.0004	0.0004	0.0000	0.0447	0.0000	0.0447	0.2489	0.2197	0.0293	0.0998	0.0936	0.0061	0.1492	0.1260	0.0231	0.0846	0.0422	0.0423	0.0198	0.0198	0.0001	0.0647	0.0225	0.0423	0.0067	0.0520	0.0252	0.0529	0.0562	0.0000	0.0076	inf	0.0318	0.5331	0.0098	1.0550	0.0209	0.0209	0.0000	0.6900	0.0000	1.0565	
52	63	0.1043	2	0	1	1	0	0	0	0	0	N	N	N	N	N	N	N	N	N	N	N	N	0.0015	0.3271	0.0032	0.0298	0.8799	0.0000	0.0009	0.0010	0.0029	0.0003	0.0001	0.0012	0.0003	0.0003	0.0000	0.0003	0.0000	0.0013	0.1806	0.0003	0.3846	0.0096	0.0003	0.0402	0.2750	0.0098	0.4584	2.4603	1228.0449	0.0000	0.0007	3.5386	0.9961	1.9499	0.0337	0.0000	0.0000	0.0000	0.0000	0.0000	0.0000	0.0000	0.0000	0.0000	0.0042	0.0000	0.0042	0.0001	0.0000	0.0001	0.0041	0.0000	0.0041	0.1216	0.1028	0.0188	0.0300	0.0284	0.0016	0.0917	0.0744	0.0172	0.0231	0.0122	0.0108	0.0082	0.0063	0.0019	0.0149	0.0059	0.0089	0.0015	0.3271	0.0032	0.0298	0.8799	0.0000	0.0009	0.0466	0.0029	0.1806	0.0003	0.3846	0.0096	0.0003	0.0402	0.2750	0.0002	0.4584
52	69	0.0564	2	0	2	0	0	0	0	0	0	N	Y	N	N	N	N	N	N	N	N	N	N	0.8415	8.4825	2.0983	10.3654	10.3150	inf	0.8880	inf	2.1365	2.0143	0.1564	9.4795	0.4151	0.4139	0.5074	2.7061	0.0038	9.6596	2.3937	0.0184	4.5177	0.0400	0.0401	0.0000	3.0475	0.0000	4.5213	15.0810	273.9494	0.4623	0.0936	3.5386	3.0720	1.9499	3.7333	1.3426	0.0835	1.2591	0.0835	0.0822	0.0013	1.2591	0.0013	1.2578	0.5514	0.0020	0.5494	0.0020	0.0020	0.0000	0.5494	0.0000	0.5494	0.6665	0.5337	0.1328	0.2013	0.1987	0.0026	0.4653	0.3351	0.1302	0.2304	0.1087	0.1216	0.0501	0.0500	0.0001	0.1803	0.0588	0.1215	0.8415	8.4825	2.0983	10.3654	10.3150	inf	0.8880	inf	2.1365	2.3937	0.0184	4.5177	0.0400	0.0401	0.0000	3.0475	0.0000	4.5213
52	75	0.1008	2	0	2	0	0	0	0	0	0	N	Y	N	N	N	N	N	N	N	N	N	N	0.0969	0.1346	1.3101	0.2029	0.2043	0.0000	0.1124	0.0002	1.8199	0.0108	0.0015	0.2862	0.0027	0.0027	0.0000	0.0197	0.0000	0.4012	0.1112	0.0109	0.2184	0.0131	0.0133	0.0000	0.1755	0.2015	0.2204	6.5891	18.7388	0.0000	0.0009	3.5386	0.0009	1.9499	1.7419	0.0001	0.0000	0.0001	0.0000	0.0000	0.0000	0.0001	0.0000	0.0001	0.0074	0.0004	0.0071	0.0003	0.0003	0.0000	0.0071	0.0000	0.0071	0.0113	0.0109	0.0004	0.0059	0.0058	0.0001	0.0054	0.0051	0.0003	0.0668	0.0345	0.0323	0.0264	0.0261	0.0003	0.0404	0.0084	0.0320	0.0969	0.1346	1.3101	0.2029	0.2043	0.0000	0.1124	0.0138	1.8199	0.1112	0.0109	0.2184	0.0131	0.0133	0.0000	0.1755	0.0035	0.2204
53	54	0.0777	2	2	1	1	0	0	0	0	0	Y	N	N	N	N	N	N	N	N	N	N	N	0.3608	0.8469	0.0000	0.0000	0.4638	1.0235	4.1857	0.0000	35.6147	0.0000	0.0000	0.0000	7.0062	0.0000	44.9918	11.6029	0.0000	42.0529	0.0368	0.0000	12.3031	15.1075	0.0000	43.9601	inf	inf	0.4055	0.1930	3.3392	2.0079	2.9996	2.2027	0.9974	0.0000	0.9974	0.0000	0.0000	0.0000	0.9974	0.0000	0.9974	1.1131	0.0000	1.1131	0.0008	0.0000	0.0008	1.1123	0.0000	1.1123	0.2383	0.2103	0.0280	0.0959	0.0901	0.0058	0.1424	0.1202	0.0222	0.0959	0.0479	0.0480	0.0223	0.0222	0.0001	0.0736	0.0256	0.0480	0.3608	0.0000	1.5373	0.0000	0.0000	0.0000	0.4638	0.0000	1.9408	11.6029	0.0000	23.1666	0.0368	0.0000	12.3031	15.1075	0.0000	23.1817			
53	63	0.1055	2	1	0	2	0	0	0	0	0	N	N	Y	N	N	N	N	N	N	N	N	N	0.0041	inf	0.0000	0.0410	inf	0.0000	0.0031	inf	0.0000	0.0013	0.0015	0.0000	0.0007	0.0007	0.0000	0.0015	0.0018	0.0000	0.3126	0.0000	0.6662	0.0172	0.0000	0.0741	0.4752	0.0000	0.7927	0.0000	inf	-0.0001	0.0014	3.3392	0.9961	2.9996	0.0337	0.0002	0.0002	0.0000	0.0000	0.0000	0.0000	0.0001	0.0001	0.0000	0.0082	0.0000	0.0082	0.0002	0.0000	0.0002	0.0080	0.0000	0.0080	0.1162	0.0982	0.0180	0.0288	0.0273	0.0015	0.0874	0.0709	0.0165	0.0261	0.0139	0.0123	0.0093	0.0071	0.0022	0.0169	0.0068	0.0101	0.0041	inf	0.0000	0.0410	inf	0.0000	0.0031	inf	0.0000	0.3126	0.0000	0.6662	0.0172	0.0000	0.0741	0.4752	0.0000	0.7927
53	69	0.0576	2	1	1	1	0	0	0	0	0	N	N	N	N	N	N	N	N	N	N	N	N	0.4364	0.0360	0.9349	43.2185	0.0437	inf	0.4804	0.8404	2.0401	0.0001	10.0843	0.1530	0.0002	12.0198	2.8681	0.0000	10.0465	4.6745	0.0016	10.7863	0.0035	0.0035	0.0000	5.9698	0.0000	11.9549	43680.8758	6082.4907	0.5327	0.2107	3.3392	3.0720	2.9996	3.7333	1.3105	0.0000	1.3104	0.0300	0.0000	0.0299	1.2805	0.0000	1.2805	1.2167	0.0002	1.2165	0.0002	0.0002	0.0000	1.2165	0.0000	1.2165	0.6424	0.5124	0.1299	0.1959	0.1934	0.0025	0.4465	0.3190	0.1275	0.2603	0.1230	0.1373	0.0565	0.0564	0.0001	0.2038	0.0666	0.1372	0.4364	0.0360	1.1383	43.2185	0.0437	inf	0.4804	0.0000	1.1331	4.6745	0.0016	8.8594	0.0035	0.0035	0.0000	5.9698	0.0000	8.8666	
53	75	0.1020	2	1	1	1	0	0	0	0	0	N	N	N	N	N	N	N	N	N	N	N	N	0.0011	0.0091	0.0014	0.0106	0.0107	0.0000	0.3255	0.0000	0.0000	0.0000	0.0225	0.0000	0.4557	9.9862	0.0000	35.6442	0.0000	0.0000	0.0000	16.4969	0.0000	42.9432	inf	inf	0.0000	0.1305	3.3392	0.0009	2.9996	1.7419	0.0001	0.0000	0.0001	0.0000	0.0000	0.0000	0.0001	0.0000	0.0001	0.7525	0.0000	0.7525	0.0000	0.0000	0.0000	0.7525	0.0000	0.7525	0.0106	0.0103	0.0003	0.0056	0.0055	0.0001	0.0051	0.0048	0.0002	0.0754	0.0390	0.0364	0.0297	0.0294	0.0003	0.0456	0.0096	0.0360	0.0011	0.0000	0.0157	0.0000	0.0000	0.0000	0.0014	0.0000	0.0218	9.9862	0.0000	20.6837	0.0000	0.0000	0.0000	16.4969	0.0000	20.8756					
54	56	0.0709	2	1	2	0	0	0	0	0	0	N	Y	N	N	N	N	N	N	N	N	N	N	0.5551	0.7354	1.1591	0.0663	0.7729	0.0000	0.7187	1.3207	3.9058	0.0008	33.2151	0.0018	0.0019	0.0000	6.5058	0.0000	42.0433	7.0363	0.0011	28.6565	0.0273	0.0025	9.6509	9.0516	0.0000	31.8329	5390.5449	12648.2665	0.4053	0.1802	2.0079	3.6608	2.2027	7.0004	0.9975	0.0002	0.9973	0.0002	0.0002	0.0000	0.9973	0.0000	0.9973	1.0400	0.0001	1.0399	0.0009	0.0001	0.0008	1.0391	0.0000	1.0391	0.2554	0.2254	0.0300	0.1021	0.0958	0.0063	0.1533	0.1296	0.0237	0.1478	0.0736	0.0742	0.0330	0.0329	0.0001	0.1148	0.0407	0.0740	0.5551	0.7354	2.3685	0.0663	0.7729	0.0000	0.7187	0.0000	2.9961	7.0363	0.0011	14.0237	0.0273	0.0025	7.7564	9.0516	0.0000	14.0327	
54	57	0.0709	2	1	1	1	0	0	0	0	0	N	N	N	N	N	N	N	N	N	N	N	N	0.9578	0.5412	0.5210	0.5478	0.0013	0.0015	0.0000	0.0031	0.0032	0.0000	0.0000	0.0000	0.0000	0.0013	0.0027	0.0000	0.0059	0.0059	0.0000	0.0000	0.0000	0.0000	0.0000	0.0000	-0.0001	-0.0001	2.0079	1.6608	2.2027	6.0004	0.0002	0.0002	0.0000	0.0002	0.0002	0.0000	0.0000	0.0000	0.0000	0.0002	0.0002	0.0000	0.0002	0.0002	0.0000	0.0000	0.0000	0.0000	0.1432	0.1264	0.0168	0.0605	0.0573	0.0031	0.0827	0.0691	0.0136	0.1128	0.0563	0.0565	0.0259	0.0258	0.0001	0.0869	0.0305	0.0565	0.9578	0.5412	0.0000	0.5210	0.5478	0.0000	0.0000	0.0000	0.0000	0.0013	0.0027	0.0000	0.0059	0.0059	0.0000	0.0000	0.0000	0.0000					
54	58	0.0709	2	2	2	0	0	0	0	0	0	Y	Y	N	N	N	N	N	N	N	N	N	N	0.0191	0.0000	0.0820	0.0134	0.0000	inf	0.0245	0.1032	0.0091	0.0000	0.0771	0.0002	0.0000	0.0028	0.0149	0.0000	0.0972	0.4748	0.0058	0.9403	0.0131	0.0131	0.0000	0.6064	0.0000	0.9416	inf	162.6395	0.0011	0.0123	2.0079	4.3392	2.2027	6.9996	0.0026	0.0000	0.0026	0.0000	0.0000	0.0000	0.0026	0.0000	0.0026	0.0736	0.0005	0.0732	0.0005	0.0005	0.0000	0.0732	0.0000	0.0732	0.2904	0.2562	0.0342	0.1145	0.1073	0.0072	0.1759	0.1490	0.0269	0.1551	0.0773	0.0778	0.0344	0.0343	0.0001	0.1207	0.0430	0.0777	0.0191	0.0000	0.0820	0.0134	0.0000	inf	0.0245	0.0000	0.1032	0.4748	0.0058	0.9403	0.0131	0.0131	0.0000	0.6064	0.0000	0.9416	
54	59	0.0709	2	2	2	1	0	0	0	0	0	Y	Y	N	N	N	N	N	N	N	N	N	N	0.4798	0.2886	1.2827	0.0560	0.3104	0.0003	0.6097	1.5733	2.8185	0.0006	23.9395	0.0015	0.0014	0.0022	4.5824	0.0000	30.4313	5.8741	0.0020	18.6634	0.0268	0.0047	6.7040	7.5160	0.0000	19.3422	5400.2737	5755.7683	0.4061	0.1717	2.0079	5.6608	2.2027	7.0004	0.9993	0.0002	0.9991	0.0002	0.0002	0.0000	0.9991	0.0000	0.9991	0.9914	0.0002	0.9912	0.0010	0.0002	0.0008	0.9904	0.0000	0.9904	0.3546	0.3128	0.0417	0.1365	0.1276	0.0089	0.2180	0.1852	0.0328	0.1688	0.0840	0.0847	0.0370	0.0369	0.0001	0.1318	0.0472	0.0846	0.4798	0.2886	2.0465	0.0560	0.3104	0.0003	0.6097	0.0000	2.5998	5.8741	0.0020	11.6978	0.0268	0.0047	6.7040	7.5160	0.0000	11.7050	
54	60	0.0709	2	1	2	0	0	0	0	0	0	N	Y	N	N	N	N	N	N	N	N	N	N	0.0000	0.0000	0.0000	0.0000	0.0000	0.0000	0.0000	0.0000	0.0000	0.0000	0.0000	0.0000	0.0000	0.1473	0.3779	0.0000	0.8460	0.8764	0.0000	0.0000	0.0000	0.0000	0.0000	0.0000	-0.0111	2.0079	2.0000	2.2027	4.0000	0.0000	0.0000	0.0000	0.0000	0.0000	0.0000	0.0000	0.0000	0.0000	0.0135	0.0135	0.0000	0.0135	0.0135	0.0000	0.0000	0.0000	0.0000	0.1632	0.1441	0.0191	0.0681	0.0644	0.0037	0.0951	0.0797	0.0154	0.0914	0.0457	0.0458	0.0213	0.0213	0.0001	0.0701	0.0244	0.0457	0.0000	0.0000	0.0000	0.0000	0.0000	0.0000	0.0000	0.0000	0.0000	0.1473	0.2950	0.0000	0.6314	0.6332	0.0000	0.0000	0.0000	0.0000						
54	61	0.0709	2	2	1	1	0	0	0	0	0	Y	N	N	N	N	N	N	N	N	N	N	N	0.4394	0.0000	1.0205	0.0061	0.0000	0.0003	0.5584	1.0772	2.9462	0.0000	25.0318	0.0002	0.0000	0.0023	4.8076	0.0000	31.8173	6.7043	0.0005	24.5283	0.0250	0.0012	7.5177	8.6094	0.0000	29.5361	inf	24632.3738	0.4065	0.1802	2.0079	5.3392	2.2027	6.0004	1.0000	0.0000	1.0000	0.0000	0.0000	0.0000	1.0000	0.0000	1.0000	1.0399	0.0000	1.0399	0.0009	0.0000	0.0008	1.0391	0.0000	1.0391	0.3394	0.2995	0.0399	0.1314	0.1229	0.0085	0.2080	0.1766	0.0314	0.1551	0.0773	0.0778	0.0344	0.0343	0.0001	0.1207	0.0430	0.0777	0.4394	0.0000	1.8738	0.0061	0.0000	0.0003	0.5584	0.0000	2.3801	6.7043	0.0005	13.3592	0.0250	0.0012	7.3577	8.6094	0.0000	13.3678	
54	62	0.0709	2	1	2	0	0	0	0	0	0	N	Y	N	N	N	N	N	N	N	N	N	N	0.4874	1046.3077	0.0030	1.1385	4.7479	0.0023	0.6129	inf	0.0034	2.0750	2.3478	0.0304	0.0252	0.0263	0.0100	3.2668	3.8236	0.0358	4.2577	0.0022	10.2902	0.0221	0.0055	4.3760	5.3302	0.0000	10.4842	0.0017	3820.1169	-0.5934	0.1801	2.0079	8.6608	2.2027	13.0004	1.0027	1.0010	0.0017	0.0045	0.0044	0.0001	0.9982	0.9966	0.0016	1.0402	0.0003	1.0399	0.0011	0.0003	0.0008	1.0391	0.0000	1.0391	0.4832	0.4263	0.0569	0.1777	0.1657	0.0120	0.3056	0.2606	0.0449	0.2443	0.1213	0.1230	0.0494	0.0492	0.0002	0.1949	0.0721	0.1228	0.4874	1046.3077	0.0036	1.1385	4.7479	0.0023	0.6129	inf	0.0042	4.2577	0.0022	8.4552	0.0221	0.0055	4.3760	5.3302	0.0000	8.4615
54	63	0.1447	3	1	1	1	0	0	0	0	0	N	N	N	N	N	N	N	N	N	N	N	N	0.0477	1.4733	0.0001	0.0001	0.0003	0.0001	0.0539	inf	0.0001	0.0021	0.0024	0.0000	0.0000	0.0000	0.0000	0.0030	0.0037	0.0000	0.0435	0.0016	0.0883	0.0227	0.0028	0.1026	0.0560	0.0000	0.0857	0.0005	50.1054	-0.0001	0.0001	2.0079	0.9961	2.2027	0.0337	0.0001	0.0001	0.0000	0.0000	0.0000	0.0000	0.0001	0.0001	0.0000	0.0009	0.0000	0.0009	0.0002	0.0000	0.0002	0.0007	0.0000	0.0007	0.0625	0.0534	0.0091	0.0196	0.0182	0.0014	0.0430	0.0353	0.0077	0.0207	0.0107	0.0100	0.0078	0.0062	0.0015	0.0129	0.0045	0.0084	0.0477	1.4733	0.0001	0.0001	0.0003	0.0001	0.0539	inf	0.0001	0.0435	0.0016	0.0883	0.0227	0.0028	0.1026	0.0560	0.0000	0.0857
54	64	0.0709	2	1	1	1	0	0	0	0	0	N	N	N	N	N	N	N	N	N	N	N	N	0.5563	813.8680	0.0012	0.0961	0.2497	0.0026	0.7221	29.6044	0.0012	3.9030	4.4187	0.0329	0.0030	0.0019	0.0190	6.5001	7.6832	0.0366	7.0165	0.0054	27.6741	0.0311	0.0077	7.1810	9.0010	0.2595	30.7335	0.0010	2593.5202	-0.5911	0.1925	2.0079	3.6648	2.2027	8.0029	0.9977	0.9967	0.0010	0.0003	0.0002	0.0001	0.9974	0.9965	0.0009	1.1127	0.0004	1.1122	0.0011	0.0003	0.0008	1.1116	0.0002	1.1114	0.2556	0.2256	0.0301	0.1022	0.0959	0.0063	0.1534	0.1297	0.0237	0.1586	0.0790	0.0796	0.0351	0.0350	0.0001	0.1235	0.0440	0.0795	0.5563	813.8680	0.0024	0.0961	0.2497	0.0026	0.7221	2133.6713	0.0026	7.0165	0.0054	13.9747	0.0311	0.0077	7.1810	9.0010	0.0036	13.9844
54	65	0.0709	2	1	2	0	0	0	0	0	0	N	Y	N	N	N	N	N	N	N	N	N	N	0.0024	0.0001	0.1412	0.1196	0.0705	inf	0.0028	0.0000	0.1718	0.0096	0.0005	0.0777	0.0022	0.0013	0.0150	0.0141	0.0000	0.0947	4.0339	7.5703	0.5505	0.0185	0.0186	0.0000	5.0175	12.4998	0.5513	19.7818	0.0738	0.0014	-0.8068	2.0079	6.6608	2.2027	17.9996	0.0038	0.0002	0.0037	0.0003	0.0002	0.0001	0.0035	0.0000	0.0035	1.0646	0.9914	0.0732	0.0010	0.0010	0.0000	1.0636	0.9904	0.0732	0.3999	0.3528	0.0471	0.1515	0.1415	0.0100	0.2484	0.2114	0.0371	0.2639	0.1310	0.1329	0.0519	0.0517	0.0002	0.2120	0.0792	0.1327	0.0024	0.0001	0.1412	0.1196	0.0705	inf	0.0028	0.0000	0.1718	4.0339	7.5703	0.5505	0.0185	0.0186	0.0000	5.0175	12.4998	0.5513
54	66	0.0709	2	1	2	0	1	0	0	0	0	N	Y	N	N	N	N	N	N	N	N	N	N	0.0077	0.0000	0.0330	0.2494	0.0000	inf	0.0092	0.0392	0.0054	0.0000	0.0457	0.0009	0.0000	0.0141	0.0082	0.0000	0.0542	0.6951	0.0016	1.3826	0.0037	0.0037	0.0000	0.8877	0.0000	1.3846	inf	870.3413	0.0007	0.0210	2.0079	5.3392	2.2027	7.9996	0.0018	0.0000	0.0018	0.0001	0.0000	0.0001	0.0017	0.0000	0.0017	0.1220	0.0001	0.1218	0.0001	0.0001	0.0000	0.1218	0.0000	0.1218	0.3394	0.2995	0.0399	0.1314	0.1229	0.0085	0.2080	0.1766	0.0314	0.1755	0.0874	0.0881	0.0382	0.0381	0.0001	0.1373	0.0493	0.0880	0.0077	0.0000	0.0330	0.2494	0.0000	inf	0.0092	0.0000	0.0392	0.6951	0.0016	1.3826	0.0037	0.0037	0.0000	0.8877	0.0000	1.3846	
54	67	0.0709	2	1	2	0	0	0	0	0	0	N	Y	N	N	N	N	N	N	N	N	N	N	0.4545	39.4807	1.2974	1.3983	41.9649	0.0005	0.5750	1.6161	2.6044	0.0123	22.0302	0.0286	0.0304	0.0031	4.1882	0.0000	27.9961	5.7305	0.0003	16.9804	0.0205	0.0007	5.7254	7.2843	0.0000	17.3236	239.8357	37102.9261	0.4041	0.1929	2.0079	6.3392	2.2027	8.9996	1.0043	0.0042	1.0001	0.0042	0.0042	0.0000	1.0001	0.0000	1.0001	1.1131	0.0000	1.1131	0.0009	0.0000	0.0008	1.1123	0.0000	1.1123	0.3856	0.3402	0.0454	0.1468	0.1372	0.0097	0.2388	0.2031	0.0357	0.1942	0.0966	0.0976	0.0416	0.0414	0.0001	0.1527	0.0552	0.0975	0.4545	39.4807	1.9319	1.3983	41.9649	0.0005	0.5750	0.0000	2.4533	5.7305	0.0003	11.4032	0.0205	0.0007	5.7254	7.2843	0.0000	11.4115	
54	68	0.0709	2	1	2	0	0	0	0	0	0	N	Y	N	N	N	N	N	N	N	N	N	N	14.0247	0.3811	inf	0.6963	0.4094	inf	inf	inf	0.0125	0.0007	0.1015	0.0028	0.0016	0.0196	0.0188	0.0000	0.1236	0.0009	0.0018	0.0000	0.0040	0.0040	0.0000	0.0000	0.0000	0.0000	19.7818	0.0000	0.0014	-0.0001	2.0079	4.6608	2.2027	6.0004	0.0038	0.0002	0.0037	0.0003	0.0002	0.0001	0.0035	0.0000	0.0035	0.0001	0.0001	0.0000	0.0001	0.0001	0.0000	0.0000	0.0000	0.0000	0.3065	0.2704	0.0361	0.1201	0.1125	0.0077	0.1864	0.1580	0.0284	0.1478	0.0736	0.0742	0.0330	0.0329	0.0001	0.1148	0.0407	0.0740	14.0247	0.3811	inf	0.6963	0.4094	inf	inf	0.0000	inf	0.0009	0.0018	0.0000	0.0040	0.0040	0.0000	0.0000	0.0000	0.0000	
54	69	0.0968	3	1	2	0	0	0	0	0	0	N	Y	N	N	N	N	N	N	N	N	N	N	0.0053	0.0370	0.0208	0.0608	0.0622	0.0077	0.0053	0.0000	0.0241	0.0019	0.0001	0.0148	0.0003	0.0003	0.0002	0.0029	0.0000	0.0172	0.3596	0.0032	0.7129	0.0046	0.0045	0.0260	0.5531	0.0025	0.7139	17.1880	223.7694	0.0002	0.0126	2.0079	3.0720	2.2027	3.7333	0.0005	0.0000	0.0005	0.0000	0.0000	0.0000	0.0005	0.0000	0.0005	0.0748	0.0003	0.0744	0.0003	0.0003	0.0000	0.0744	0.0000	0.0744	0.2864	0.2518	0.0347	0.1108	0.1059	0.0048	0.1757	0.1458	0.0298	0.2079	0.1035	0.1044	0.0733	0.0732	0.0002	0.1346	0.0303	0.1043	0.0053	0.0370	0.0208	0.0608	0.0622	0.0077	0.0053	0.0000	0.0241	0.3596	0.0032	0.7129	0.0046	0.0045	0.0260	0.5531	0.0000	0.7139
54	70	0.0709	2	1	2	0	0	0	0	0	0	N	Y	N	N	N	N	N	N	N	N	N	N	0.0050	0.0564	0.0191	0.1129	0.1187	0.0000	0.0061	0.0002	0.0235	0.0031	0.0004	0.0234	0.0007	0.0007	0.0000	0.0049	0.0002	0.0287	0.6145	0.0072	1.2205	0.0060	0.0060	0.0013	0.8021	0.6756	1.2222	7.6096	169.3213	0.0001	0.0080	2.0079	1.5925	2.2027	3.3727	0.0004	0.0001	0.0004	0.0000	0.0000	0.0000	0.0004	0.0000	0.0004	0.0475	0.0003	0.0472	0.0001	0.0001	0.0000	0.0474	0.0002	0.0472	0.1391	0.1228	0.0163	0.0589	0.0559	0.0030	0.0802	0.0669	0.0133	0.0773	0.0386	0.0387	0.0182	0.0182	0.0001	0.0591	0.0205	0.0387	0.0050	0.0564	0.0191	0.1129	0.1187	0.0000	0.0061	0.0182	0.0235	0.6145	0.0072	1.2205	0.0060	0.0060	0.0013	0.8021	0.0083	1.2222
54	71	0.0709	2	1	2	0	0	0	0	0	0	N	Y	N	N	N	N	N	N	N	N	N	N	0.0007	0.0001	inf	0.0901	0.0583	inf	0.0007	0.0000	inf	0.0033	0.0006	0.0237	0.0022	0.0014	0.0135	0.0040	0.0000	0.0265	4.7628	9.5808	0.0000	0.0248	0.0249	0.0000	6.0181	16.4950	0.0000	5.3508	0.0000	0.0003	-0.8432	2.0079	5.6608	2.2027	12.0004	0.0012	0.0002	0.0010	0.0003	0.0002	0.0001	0.0009	0.0000	0.0009	1.0200	1.0200	0.0000	0.0011	0.0011	0.0000	1.0189	1.0189	0.0000	0.3546	0.3128	0.0417	0.1365	0.1276	0.0089	0.2180	0.1852	0.0328	0.2142	0.1065	0.1077	0.0449	0.0447	0.0002	0.1693	0.0618	0.1075	0.0007	0.0001	inf	0.0901	0.0583	inf	0.0007	0.0000	inf	4.7628	9.5808	0.0000	0.0248	0.0249	0.0000	6.0181	16.4950	0.0000
54	73	0.0709	2	2	2	0	1	0	0	0	0	Y	Y	N	N	N	N	N	N	N	N	N	N	0.7446	1009.8737	0.0018	0.0000	0.0000	0.0000	0.9785	inf	0.0023	4.1857	4.7392	0.0298	0.0000	0.0000	0.0000	7.0062	8.2915	0.0377	5.6212	0.0047	16.2995	0.0313	0.0109	6.0478	7.1601	0.0000	16.6152	0.0008	2405.9685	-0.5911	0.1799	2.0079	3.3392	2.2027	11.0004	0.9974	0.9966	0.0008	0.0000	0.0000	0.0000	0.9974	0.9966	0.0008	1.0403	0.0004	1.0399	0.0013	0.0004	0.0008	1.0391	0.0000	1.0391	0.2383	0.2103	0.0280	0.0959	0.0901	0.0058	0.1424	0.1202	0.0222	0.1851	0.0921	0.0930	0.0400	0.0398	0.0001	0.1451	0.0523	0.0928	0.7446	1009.8737	0.0027	0.0000	0.0000	0.0000	0.9785	inf	0.0034	5.6212	0.0047	11.1851	0.0313	0.0109	6.0478	7.1601	0.0000	11.1926
54	74	0.0709	2	1	2	0	1	0	0	0	0	N	Y	N	N	N	N	N	N	N	N	N	N	0.3857	642.6677	0.0007	0.0000	0.0000	0.0000	0.4852	inf	0.0008	2.5866	2.9293	0.0184	0.0000	0.0000	0.0000	4.1772	4.9079	0.0234	6.7063	0.0046	24.5283	0.0341	0.0103	7.5177	8.6094	0.0000	29.5361	0.0008	2952.4429	-0.5911	0.1800	2.0079	6.3392	2.2027	5.0004	0.9974	0.9966	0.0008	0.0000	0.0000	0.0000	0.9974	0.9966	0.0008	1.0403	0.0004	1.0399	0.0012	0.0004	0.0008	1.0391	0.0000	1.0391	0.3856	0.3402	0.0454	0.1468	0.1372	0.0097	0.2388	0.2031	0.0357	0.1551	0.0773	0.0778	0.0344	0.0343	0.0001	0.1207	0.0430	0.0777	0.3857	642.6677	0.0014	0.0000	0.0000	0.0000	0.4852	inf	0.0017	6.7063	0.0046	13.3592	0.0341	0.0103	7.3577	8.6094	0.0000	13.3678
54	75	0.1412	3	1	2	0	0	0	0	0	0	N	Y	N	N	N	N	N	N	N	N	N	N	0.0000	0.0000	0.0004	0.0033	0.0030	inf	0.0000	0.0000	0.0005	0.0000	0.0000	0.0004	0.0000	0.0000	0.0000	0.0001	0.0000	0.0006	0.8417	0.5543	1.1340	0.0012	0.0012	0.0000	1.5237	3.7110	1.1788	0.8848	2.0112	-0.0000	-0.0131	2.0079	0.0009	2.2027	1.7419	0.0000	0.0000	0.0000	0.0000	0.0000	0.0000	0.0000	0.0000	0.0000	0.0823	0.0273	0.0550	0.0001	0.0001	0.0000	0.0822	0.0273	0.0550	0.0064	0.0062	0.0002	0.0034	0.0033	0.0001	0.0030	0.0029	0.0001	0.0978	0.0493	0.0485	0.0438	0.0419	0.0018	0.0540	0.0074	0.0466	0.0000	0.0000	0.0004	0.0033	0.0030	inf	0.0000	0.0000	0.0005	0.8417	0.5543	1.1340	0.0012	0.0012	0.0000	1.5237	3.7110	1.1788
54	76	0.0709	2	1	2	0	0	0	0	0	0	N	Y	N	N	N	N	N	N	N	N	N	N	0.0113	0.1470	0.0220	0.0620	0.0662	0.0000	0.0134	0.0040	0.0280	0.0049	0.0031	0.0188	0.0008	0.0009	0.0000	0.0075	0.0046	0.0239	0.4389	0.0211	0.8537	0.0134	0.0135	0.0002	0.5601	1.1379	0.8549	0.8107	40.8537	-0.0003	0.0102	2.0079	6.1537	2.2027	5.2905	0.0019	0.0010	0.0008	0.0001	0.0001	0.0000	0.0017	0.0009	0.0008	0.0686	0.0016	0.0669	0.0005	0.0005	0.0000	0.0681	0.0012	0.0669	0.3772	0.3328	0.0444	0.1441	0.1346	0.0095	0.2332	0.1982	0.0349	0.1562	0.0778	0.0784	0.0346	0.0345	0.0001	0.1216	0.0433	0.0783	0.0113	0.1470	0.0220	0.0620	0.0662	0.0000	0.0134	0.1694	0.0280	0.4389	0.0211	0.8537	0.0134	0.0135	0.0002	0.5601	0.0271	0.8549
54	77	0.0709	2	1	1	1	1	0	0	0	0	N	N	N	N	N	N	N	N	N	N	N	N	0.4693	801.5872	0.0057	0.0357	0.0000	0.0026	0.5980	inf	0.0069	2.9495	3.3280	0.1125	0.0011	0.0000	0.0176	4.8124	5.6444	0.1383	6.2846	0.0042	19.8155	0.0319	0.0094	6.8502	8.0470	0.0000	20.0251	0.0045	3038.7170	-0.5896	0.1800	2.0079	5.3392	2.2027	7.0004	1.0011	0.9966	0.0045	0.0002	0.0000	0.0001	1.0010	0.9966	0.0043	1.0402	0.0003	1.0399	0.0012	0.0003	0.0008	1.0391	0.0000	1.0391	0.3394	0.2995	0.0399	0.1314	0.1229	0.0085	0.2080	0.1766	0.0314	0.1655	0.0824	0.0831	0.0364	0.0363	0.0001	0.1291	0.0462	0.0830	0.4693	801.5872	0.0090	0.0357	0.0000	0.0026	0.5980	inf	0.0110	6.2846	0.0042	12.5148	0.0319	0.0094	6.8502	8.0470	0.0000	12.5230
54	78	0.0709	2	1	1	1	1	0	0	0	0	N	N	N	N	N	N	N	N	N	N	N	N	0.0114	0.0000	0.0755	0.0009	0.0000	inf	0.0176	0.0000	0.0927	0.0117	0.0000	0.0990	0.0010	0.0000	0.0155	0.0182	0.0000	0.1216	1.0208	0.7282	1.3106	1.0892	1.0930	0.0000	1.0359	2.4227	1.3126	inf	1.8170	0.0018	-0.0343	2.0079	6.3392	2.2027	7.9996	0.0045	0.0000	0.0045	0.0001	0.0000	0.0001	0.0043	0.0000	0.0043	0.1889	0.0671	0.1218	0.0386	0.0386	0.0000	0.1503	0.0285	0.1218	0.3856	0.3402	0.0454	0.1468	0.1372	0.0097	0.2388	0.2031	0.0357	0.1851	0.0921	0.0930	0.0400	0.0398	0.0001	0.1451	0.0523	0.0928	0.0114	0.0000	0.0755	0.0011	0.0000	inf	0.0176	0.0000	0.0927	1.0208	0.7282	1.3106	0.9659	0.9692	0.0000	1.0359	0.5446	1.3126
54	79	0.0709	2	1	2	0	0	0	0	0	0	N	Y	N	N	N	N	N	N	N	N	N	N	1.8915	0.0000	inf	0.0000	0.0000	inf	inf	0.0067	0.0000	0.0576	0.0000	0.0000	0.0000	0.0118	0.0000	0.0701	0.0036	0.0071	0.0000	0.0153	0.0154	0.0000	0.0000	0.0000	0.0000	inf	0.0000	0.0003	-0.0003	2.0079	1.3392	2.2027	5.0004	0.0008	0.0000	0.0008	0.0000	0.0000	0.0000	0.0008	0.0000	0.0008	0.0003	0.0003	0.0000	0.0003	0.0003	0.0000	0.0000	0.0000	0.0000	0.1238	0.1093	0.0145	0.0530	0.0504	0.0026	0.0708	0.0589	0.0119	0.0959	0.0479	0.0481	0.0223	0.0222	0.0001	0.0736	0.0256	0.0480	1.8915	0.0000	inf	0.0000	0.0000	0.0000	inf	0.0000	inf	0.0036	0.0071	0.0000	0.0153	0.0154	0.0000	0.0000	0.0000	0.0000		
54	80	0.0709	2	2	2	0	0	0	0	0	0	Y	Y	N	N	N	N	N	N	N	N	N	N	0.4110	7.3267	0.0060	0.9394	3.0049	0.0026	0.5143	1.7909	0.0073	2.1369	2.4111	0.0812	0.0249	0.0257	0.0129	3.3738	3.9395	0.0994	5.1997	0.3291	13.4580	0.0265	0.0086	4.9689	6.5597	2.1997	13.6463	0.0045	38.5685	-0.5921	0.1691	2.0079	8.3392	2.2027	9.9996	1.0053	1.0008	0.0045	0.0043	0.0042	0.0001	1.0010	0.9966	0.0043	1.1419	0.0289	1.1131	0.0012	0.0004	0.0008	1.1407	0.0285	1.1123	0.4704	0.4151	0.0554	0.1738	0.1621	0.0117	0.2967	0.2530	0.0437	0.2196	0.1092	0.1105	0.0457	0.0456	0.0002	0.1739	0.0636	0.1103	0.4110	9.1195	0.0081	0.9394	3.0049	0.0026	0.5143	8.8010	0.0099	5.1997	0.2644	10.0766	0.0265	0.0086	4.9689	6.5597	0.4476	10.0842
55	63	0.1199	2	1	1	1	0	0	0	0	0	N	N	N	N	N	N	N	N	N	N	N	N	0.0009	0.0002	0.0057	0.0008	0.0004	10.1171	0.0014	0.0013	0.0043	0.0006	0.0002	0.0027	0.0009	0.0006	0.0053	0.0005	0.0000	0.0025	0.6125	0.7342	0.4748	1.1026	1.4360	0.0005	0.3445	0.0040	0.5754	2.8832	0.5718	0.0000	-0.0093	4.3406	0.9961	3.9440	0.0337	0.0001	0.0000	0.0001	0.0000	0.0000	0.0000	0.0001	0.0000	0.0000	0.0200	0.0127	0.0073	0.0127	0.0127	0.0000	0.0073	0.0000	0.0073	0.1428	0.1209	0.0220	0.0345	0.0326	0.0019	0.1084	0.0883	0.0201	0.0327	0.0174	0.0153	0.0116	0.0089	0.0027	0.0211	0.0085	0.0127	0.0009	0.0002	0.0057	0.0008	0.0004	10.1171	0.0014	0.1952	0.0043	0.6125	0.7342	0.4748	1.1026	1.4360	0.0005	0.3445	0.0000	0.5754
55	69	0.0720	2	1	2	0	0	0	0	0	0	N	Y	N	N	N	N	N	N	N	N	N	N	0.2549	0.0073	0.7113	0.0532	0.0094	inf	0.2824	0.7014	0.9003	0.0001	4.7625	0.0013	0.0002	0.0761	1.2709	0.0000	4.8654	3.5313	0.0110	6.6951	0.0241	0.0242	0.0000	4.5000	0.0000	6.9364	13696.9834	675.0115	0.2783	0.1966	4.3406	3.0720	3.9440	3.7333	0.6848	0.0000	0.6847	0.0003	0.0000	0.0002	0.6845	0.0000	0.6845	1.1438	0.0017	1.1421	0.0017	0.0017	0.0000	1.1421	0.0000	1.1421	0.7606	0.6168	0.1438	0.2220	0.2189	0.0031	0.5386	0.3979	0.1407	0.3239	0.1533	0.1706	0.0701	0.0700	0.0001	0.2538	0.0834	0.1704	0.2549	0.0073	0.7113	0.0532	0.0094	inf	0.2824	0.0000	0.7261	3.5313	0.0110	6.6951	0.0241	0.0242	0.0000	4.5000	0.0000	6.7007	
55	75	0.1164	2	1	2	0	0	0	0	0	0	N	Y	N	N	N	N	N	N	N	N	N	N	0.0009	0.0004	0.0077	0.0001	0.0001	0.0000	0.0011	0.0002	0.0101	0.0155	0.0075	0.2551	0.0000	0.0000	0.0000	0.0327	0.0161	0.3589	17.4335	19.2272	33.2193	0.0203	0.0205	0.0000	28.6676	76.1087	35.4849	1.1358	0.7488	-0.0000	-0.6491	4.3406	0.0009	3.9440	1.7419	0.0002	0.0001	0.0001	0.0000	0.0000	0.0000	0.0002	0.0001	0.0001	1.6291	0.9316	0.6975	0.0007	0.0007	0.0000	1.6284	0.9308	0.6975	0.0137	0.0133	0.0004	0.0072	0.0071	0.0001	0.0065	0.0062	0.0003	0.0934	0.0485	0.0450	0.0366	0.0362	0.0004	0.0568	0.0122	0.0446	0.0009	0.0004	0.0165	0.0001	0.0001	0.0000	0.0011	0.0002	0.0229	17.4335	19.2272	15.5021	0.0203	0.0205	0.0000	28.6676	76.1087	15.6500
56	63	0.1422	2	0	1	1	0	0	0	0	0	N	N	N	N	N	N	N	N	N	N	N	N	0.0112	12.5444	0.0079	0.0000	0.0000	0.0000	0.0101	inf	0.0075	0.0014	0.0012	0.0021	0.0000	0.0000	0.0000	0.0018	0.0017	0.0022	0.1216	0.0001	0.2591	0.0172	0.0002	0.0738	0.1782	0.0000	0.2979	0.3050	2335.1912	-0.0001	0.0008	3.6608	0.9961	7.0004	0.0337	0.0002	0.0001	0.0000	0.0000	0.0000	0.0000	0.0002	0.0001	0.0000	0.0049	0.0000	0.0049	0.0002	0.0000	0.0002	0.0046	0.0000	0.0046	0.1249	0.1056	0.0193	0.0307	0.0290	0.0016	0.0943	0.0766	0.0177	0.0400	0.0212	0.0188	0.0140	0.0108	0.0033	0.0259	0.0104	0.0155	0.0112	12.5444	0.0079	0.0000	0.0000	0.0000	0.0101	inf	0.0075	0.1216	0.0001	0.2591	0.0172	0.0002	0.0738	0.1782	0.0000	0.2979
56	69	0.0943	2	0	2	0	0	0	0	0	0	N	Y	N	N	N	N	N	N	N	N	N	N	0.7221	18.6813	1.5755	22.7103	22.9435	inf	0.6636	1.6059	1.1045	0.2525	4.5654	0.6756	0.6840	0.0446	1.2885	0.0000	4.6576	1.5295	0.0135	2.8978	0.0297	0.0298	0.0000	1.9417	0.0000	2.9004	4.4499	237.4876	0.1678	0.1017	3.6608	3.0720	7.0004	3.7333	0.7524	0.1381	0.6143	0.1382	0.1381	0.0001	0.6142	0.0000	0.6142	0.6014	0.0025	0.5989	0.0025	0.0025	0.0000	0.5989	0.0000	0.5989	0.6812	0.5466	0.1346	0.2045	0.2018	0.0027	0.4767	0.3448	0.1319	0.3932	0.1865	0.2067	0.0848	0.0846	0.0002	0.3085	0.1020	0.2065	0.7221	18.6813	1.5755	22.7103	22.9435	inf	0.6636	0.0000	1.6059	1.5295	0.0135	2.8978	0.0297	0.0298	0.0000	1.9417	0.0000	2.9004	
56	75	0.1387	2	0	2	0	0	0	0	0	0	N	Y	N	N	N	N	N	N	N	N	N	N	0.1744	0.3960	2.1335	0.5462	0.5495	0.1865	2.9638	0.0109	0.0023	0.2632	0.0043	0.0044	0.0000	0.0181	0.0000	0.3693	0.0623	0.0059	0.1234	0.0079	0.0080	0.0000	0.0969	0.0000	0.1246	3.7834	19.2065	0.0000	0.0009	3.6608	0.0009	7.0004	1.7419	0.0001	0.0000	0.0001	0.0000	0.0000	0.0000	0.0001	0.0000	0.0001	0.0070	0.0003	0.0067	0.0003	0.0003	0.0000	0.0067	0.0000	0.0067	0.0116	0.0113	0.0004	0.0061	0.0060	0.0001	0.0055	0.0053	0.0003	0.1130	0.0587	0.0542	0.0440	0.0434	0.0005	0.0690	0.0153	0.0537	0.1744	0.3960	2.1335	0.5462	0.5495	0.0000	0.1865	0.0000	2.9638	0.0623	0.0059	0.1234	0.0079	0.0080	0.0000	0.0969	0.0000	0.1246		
57	63	0.1253	2	0	0	2	0	0	0	0	0	N	N	Y	N	N	N	N	N	N	N	N	N	0.8188	0.0000	inf	0.0000	0.0000	inf	inf	0.0006	0.0000	0.0038	0.0000	0.0000	0.0000	0.0008	0.0000	0.0041	0.0007	0.0014	0.0000	0.0020	0.0027	0.0000	0.0000	0.0000	0.0000	inf	0.0000	0.0000	-0.0000	1.6608	0.9961	6.0004	0.0337	0.0000	0.0000	0.0000	0.0000	0.0000	0.0000	0.0000	0.0000	0.0000	0.0000	0.0000	0.0000	0.0000	0.0000	0.0000	0.0000	0.0000	0.0000	0.0672	0.0569	0.0104	0.0183	0.0175	0.0008	0.0490	0.0394	0.0096	0.0307	0.0163	0.0144	0.0109	0.0083	0.0025	0.0198	0.0079	0.0119	0.8188	0.0000	inf	0.0000	0.0000	0.0000	inf	0.0000	inf	0.0007	0.0014	0.0000	0.0020	0.0027	0.0000	0.0000	0.0000	0.0000		
57	69	0.0774	2	0	1	1	0	0	0	0	0	N	N	N	N	N	N	N	N	N	N	N	N	27.2210	16.9940	17.0462	17.1707	0.3250	0.4289	0.0000	0.9393	0.9481	0.0000	0.0000	0.0000	0.0000	0.0119	0.0252	0.0000	0.0551	0.0552	0.0000	0.0000	0.0000	0.0000	0.0000	0.0000	-0.0819	-0.0030	1.6608	3.0720	6.0004	3.7333	0.1380	0.1380	0.0000	0.1380	0.1380	0.0000	0.0000	0.0000	0.0000	0.0036	0.0036	0.0000	0.0036	0.0036	0.0000	0.0000	0.0000	0.0000	0.4247	0.3218	0.1029	0.1469	0.1456	0.0014	0.2778	0.1763	0.1015	0.3042	0.1439	0.1603	0.0659	0.0658	0.0001	0.2383	0.0781	0.1602	27.2210	16.9940	0.0000	17.0462	17.1707	0.0000	0.0000	0.0000	0.0000	0.0119	0.0252	0.0000	0.0551	0.0552	0.0000	0.0000	0.0000	0.0000					
57	75	0.1218	2	0	1	1	0	0	0	0	0	N	N	N	N	N	N	N	N	N	N	N	N	1.2055	0.6468	0.9031	0.9089	0.0049	0.0051	0.0000	0.0094	0.0095	0.0000	0.0000	0.0000	0.0000	0.0041	0.0079	0.0000	0.0104	0.0105	0.0000	0.0000	0.0000	0.0000	0.0000	0.0000	-0.0000	-0.0003	1.6608	0.0009	6.0004	1.7419	0.0000	0.0000	0.0000	0.0000	0.0000	0.0000	0.0000	0.0000	0.0000	0.0004	0.0004	0.0000	0.0004	0.0004	0.0000	0.0000	0.0000	0.0000	0.0054	0.0052	0.0002	0.0028	0.0028	0.0001	0.0026	0.0024	0.0001	0.0879	0.0455	0.0423	0.0345	0.0341	0.0004	0.0533	0.0114	0.0420	1.2055	0.6468	0.0000	0.9031	0.9089	0.0000	0.0000	0.0000	0.0000	0.0041	0.0079	0.0000	0.0104	0.0105	0.0000	0.0000	0.0000	0.0000					
58	63	0.1432	2	1	1	1	0	0	0	0	0	N	N	N	N	N	N	N	N	N	N	N	N	0.0010	0.0624	0.0000	0.1447	0.1177	0.0000	0.0000	0.0001	0.0002	0.0000	0.0006	0.0006	0.0000	0.0000	0.0000	0.0000	0.1439	0.0027	0.3034	0.0041	0.0053	0.0000	0.2194	0.0000	0.3669	0.0000	99.4653	-0.0000	0.0010	4.3392	0.9961	6.9996	0.0337	0.0000	0.0000	0.0000	0.0000	0.0000	0.0000	0.0000	0.0000	0.0000	0.0060	0.0001	0.0060	0.0001	0.0001	0.0000	0.0060	0.0000	0.0060	0.1428	0.1208	0.0220	0.0345	0.0326	0.0019	0.1083	0.0883	0.0201	0.0419	0.0222	0.0197	0.0147	0.0113	0.0034	0.0272	0.0109	0.0163	0.0010	0.0624	0.0000	0.1447	0.1177	0.0000	0.0000	0.0000	0.0000	0.1439	0.0027	0.3034	0.0041	0.0053	0.0000	0.2194	0.0000	0.3669		
58	69	0.0953	2	1	2	0	0	0	0	0	0	N	Y	N	N	N	N	N	N	N	N	N	N	0.6021	0.0000	1.6947	1.4913	0.0000	inf	0.6469	1.6562	0.9154	0.0000	4.8424	0.1343	0.0000	9.6509	1.2374	0.0000	4.7368	1.5204	0.0409	2.8574	0.0901	0.0903	0.0000	1.9129	0.0000	2.8600	inf	77.3920	0.2830	0.1005	4.3392	3.0720	6.9996	3.7333	0.6961	0.0000	0.6961	0.0298	0.0000	0.0298	0.6663	0.0000	0.6663	0.6256	0.0080	0.6176	0.0080	0.0080	0.0000	0.6176	0.0000	0.6176	0.7604	0.6167	0.1438	0.2220	0.2189	0.0031	0.5385	0.3978	0.1407	0.4115	0.1953	0.2161	0.0886	0.0884	0.0002	0.3229	0.1069	0.2159	0.6021	0.0000	1.6947	1.4913	0.0000	inf	0.6469	0.0000	1.6562	1.5204	0.0409	2.8574	0.0901	0.0903	0.0000	1.9129	0.0000	2.8600	
58	75	0.1397	2	1	2	0	0	0	0	0	0	N	Y	N	N	N	N	N	N	N	N	N	N	0.0002	0.0000	0.0013	0.0000	0.0000	0.0002	0.0000	0.0015	0.0010	0.0000	0.0305	0.0000	0.0000	0.0000	0.0021	0.0000	0.0429	6.3355	0.0347	23.9404	0.0035	0.0035	0.0000	10.3535	1.4465	28.0147	inf	350.1651	0.0000	0.1275	4.3392	0.0009	6.9996	1.7419	0.0000	0.0000	0.0000	0.0000	0.0000	0.0000	0.0000	0.0000	0.0000	0.7480	0.0021	0.7459	0.0002	0.0002	0.0000	0.7478	0.0020	0.7459	0.0137	0.0133	0.0004	0.0072	0.0071	0.0001	0.0065	0.0062	0.0003	0.1181	0.0614	0.0566	0.0458	0.0453	0.0006	0.0722	0.0162	0.0561	0.0002	0.0000	0.0023	0.0000	0.0000	0.0000	0.0002	0.0000	0.0032	6.3355	0.0347	13.1741	0.0035	0.0035	0.0000	10.3535	0.1218	13.3052	
59	63	0.1607	2	1	1	2	0	0	0	0	0	N	N	Y	N	N	N	N	N	N	N	N	N	0.0268	1.7470	0.0195	0.0000	0.0000	0.0000	0.0255	inf	0.0196	0.0010	0.0009	0.0015	0.0000	0.0000	0.0000	0.0013	0.0012	0.0016	0.0361	0.0005	0.0763	0.0108	0.0010	0.0435	0.0497	0.0000	0.0831	0.3050	134.9204	-0.0001	0.0003	5.6608	0.9961	7.0004	0.0337	0.0002	0.0001	0.0000	0.0000	0.0000	0.0000	0.0002	0.0001	0.0000	0.0016	0.0000	0.0016	0.0002	0.0000	0.0002	0.0015	0.0000	0.0015	0.1754	0.1487	0.0267	0.0413	0.0389	0.0023	0.1341	0.1098	0.0244	0.0455	0.0241	0.0214	0.0159	0.0122	0.0037	0.0296	0.0119	0.0177	0.0268	1.7470	0.0195	0.0000	0.0000	0.0000	0.0255	inf	0.0196	0.0361	0.0005	0.0763	0.0108	0.0010	0.0435	0.0497	0.0000	0.0831
59	69	0.1128	2	1	2	1	0	0	0	0	0	N	Y	N	N	N	N	N	N	N	N	N	N	98.8836	10.3654	inf	16.7263	13.9560	inf	inf	inf	0.8444	0.1862	3.9139	0.6648	0.5559	7.8046	0.9142	0.0000	3.8189	0.0085	0.0180	0.0000	0.0397	0.0398	0.0000	0.0000	0.0000	0.0000	4.5065	0.0000	0.1718	-0.0031	5.6608	3.0720	7.0004	3.7333	0.7640	0.1387	0.6253	0.1684	0.1387	0.0297	0.5955	0.0000	0.5955	0.0038	0.0038	0.0000	0.0038	0.0038	0.0000	0.0000	0.0000	0.0000	0.9048	0.7451	0.1598	0.2534	0.2496	0.0038	0.6514	0.4955	0.1559	0.4452	0.2116	0.2336	0.0957	0.0954	0.0002	0.3496	0.1162	0.2334	98.8836	10.3654	inf	16.7263	13.9560	inf	inf	0.0000	inf	0.0085	0.0180	0.0000	0.0397	0.0398	0.0000	0.0000	0.0000	0.0000	
59	75	0.1572	2	1	2	1	0	0	0	0	0	N	Y	N	N	N	N	N	N	N	N	N	N	0.5155	0.2776	0.3797	0.3818	0.0015	0.0015	0.0000	0.0028	0.0029	0.0000	0.0000	0.0000	0.0000	0.0029	0.0055	0.0000	0.0075	0.0076	0.0000	0.0000	0.0000	0.0000	0.0000	0.0000	-0.0000	-0.0003	5.6608	0.0009	7.0004	1.7419	0.0000	0.0000	0.0000	0.0000	0.0000	0.0000	0.0000	0.0000	0.0000	0.0004	0.0004	0.0000	0.0004	0.0004	0.0000	0.0000	0.0000	0.0000	0.0177	0.0172	0.0006	0.0093	0.0091	0.0002	0.0084	0.0080	0.0004	0.1274	0.0664	0.0610	0.0493	0.0486	0.0006	0.0782	0.0178	0.0604	0.5155	0.2776	0.0000	0.3797	0.3818	0.0000	0.0000	0.0000	0.0000	0.0029	0.0055	0.0000	0.0075	0.0076	0.0000	0.0000	0.0000	0.0000					
60	63	0.1651	2	0	1	1	0	0	0	0	0	N	N	N	N	N	N	N	N	N	N	N	N	0.0000	0.0000	0.0000	0.0000	0.0000	0.0000	0.0000	0.0000	0.0000	0.0000	0.0000	0.0000	0.0000	0.0000	0.0000	0.1713	0.0000	0.3651	0.0102	0.0000	0.0437	0.2601	0.0000	0.4339	inf	0.0000	0.0007	2.0000	0.9961	4.0000	0.0337	0.0000	0.0000	0.0000	0.0000	0.0000	0.0000	0.0000	0.0000	0.0000	0.0043	0.0000	0.0043	0.0001	0.0000	0.0001	0.0042	0.0000	0.0042	0.0776	0.0656	0.0120	0.0205	0.0196	0.0010	0.0571	0.0460	0.0111	0.0249	0.0132	0.0117	0.0089	0.0068	0.0021	0.0161	0.0064	0.0096	0.0000	0.0000	0.0000	0.0000	0.0000	0.0000	0.0000	0.0000	0.0000	0.1713	0.0000	0.3651	0.0102	0.0000	0.0437	0.2601	0.0000	0.4339				
60	69	0.1172	2	0	2	0	0	0	0	0	0	N	Y	N	N	N	N	N	N	N	N	N	N	0.0000	0.0000	0.0000	0.0000	0.0000	0.0000	0.0000	0.0000	0.0000	0.0000	0.0000	0.0000	0.0000	0.0119	0.0252	0.0000	0.0548	0.0549	0.0000	0.0000	0.0000	0.0000	0.0000	0.0000	-0.0024	2.0000	3.0720	4.0000	3.7333	0.0000	0.0000	0.0000	0.0000	0.0000	0.0000	0.0000	0.0000	0.0000	0.0030	0.0030	0.0000	0.0030	0.0030	0.0000	0.0000	0.0000	0.0000	0.4708	0.3620	0.1088	0.1574	0.1558	0.0016	0.3134	0.2062	0.1072	0.2485	0.1174	0.1311	0.0540	0.0539	0.0001	0.1945	0.0635	0.1310	0.0000	0.0000	0.0000	0.0000	0.0000	0.0000	0.0000	0.0000	0.0000	0.0119	0.0252	0.0000	0.0548	0.0549	0.0000	0.0000	0.0000	0.0000						
60	75	0.1616	2	0	2	0	0	0	0	0	0	N	Y	N	N	N	N	N	N	N	N	N	N	0.0000	0.0000	0.0000	0.0000	0.0000	0.0000	0.0000	0.0000	0.0000	0.0000	0.0000	0.0000	0.0000	0.0000	0.0000	0.0000	0.0000	0.0872	0.0005	0.1800	0.0021	0.0007	0.1258	0.1428	0.0000	0.1805	313.0000	0.0000	0.0011	2.0000	0.0009	4.0000	1.7419	0.0000	0.0000	0.0000	0.0000	0.0000	0.0000	0.0000	0.0000	0.0000	0.0063	0.0000	0.0063	0.0001	0.0000	0.0000	0.0062	0.0000	0.0062	0.0065	0.0062	0.0002	0.0034	0.0033	0.0001	0.0031	0.0029	0.0002	0.0720	0.0372	0.0348	0.0284	0.0281	0.0003	0.0436	0.0091	0.0345	0.0000	0.0000	0.0000	0.0000	0.0000	0.0000	0.0000	0.0000	0.0000	0.0872	0.0005	0.1800	0.0021	0.0007	0.1258	0.1428	0.0000	0.1805		
61	63	0.1480	2	1	0	2	0	0	0	0	0	N	N	Y	N	N	N	N	N	N	N	N	N	0.0109	11.3033	0.0000	0.0465	2.9508	0.0000	0.0084	inf	0.0000	0.0009	0.0011	0.0000	0.0005	0.0005	0.0000	0.0010	0.0012	0.0000	0.0821	0.0001	0.1749	0.0110	0.0002	0.0470	0.1206	0.0000	0.2016	0.0000	1652.8926	-0.0001	0.0006	5.3392	0.9961	6.0004	0.0337	0.0002	0.0002	0.0000	0.0000	0.0000	0.0000	0.0001	0.0001	0.0000	0.0034	0.0000	0.0034	0.0002	0.0000	0.0002	0.0033	0.0000	0.0033	0.1677	0.1421	0.0256	0.0397	0.0374	0.0022	0.1280	0.1047	0.0234	0.0419	0.0222	0.0197	0.0147	0.0113	0.0034	0.0272	0.0109	0.0163	0.0109	11.3033	0.0000	0.0465	2.9508	0.0000	0.0084	inf	0.0000	0.0821	0.0001	0.1749	0.0110	0.0002	0.0470	0.1206	0.0000	0.2016
61	69	0.1001	2	1	1	1	0	0	0	0	0	N	N	N	N	N	N	N	N	N	N	N	N	0.5396	0.0076	1.5844	0.0883	0.0101	inf	0.5910	1.6202	0.7868	0.0000	4.3900	0.0011	0.0001	0.0647	1.0963	0.0000	4.4933	1.4581	0.0055	2.7709	0.0122	0.0122	0.0000	1.8549	0.0000	2.7733	22839.2091	553.5937	0.2785	0.1029	5.3392	3.0720	6.0004	3.7333	0.6852	0.0000	0.6852	0.0003	0.0000	0.0002	0.6849	0.0000	0.6849	0.6000	0.0011	0.5989	0.0011	0.0011	0.0000	0.5989	0.0000	0.5989	0.8708	0.7148	0.1561	0.2460	0.2424	0.0036	0.6248	0.4724	0.1524	0.4115	0.1953	0.2161	0.0886	0.0884	0.0002	0.3229	0.1069	0.2160	0.5396	0.0076	1.5844	0.0883	0.0101	inf	0.5910	0.0000	1.6202	1.4581	0.0055	2.7709	0.0122	0.0122	0.0000	1.8549	0.0000	2.7733	
61	75	0.1445	2	1	1	1	0	0	0	0	0	N	N	N	N	N	N	N	N	N	N	N	N	0.1139	0.0000	1.7813	0.0000	0.0000	0.1538	2.4884	0.0068	0.0000	0.2105	0.0000	0.0000	0.0000	0.0142	0.0000	0.2970	0.0594	0.0053	0.1182	0.0072	0.0073	0.0000	0.0926	0.0000	0.1193	inf	20.3765	0.0000	0.0009	5.3392	0.0009	6.0004	1.7419	0.0001	0.0000	0.0001	0.0000	0.0000	0.0000	0.0001	0.0000	0.0001	0.0070	0.0003	0.0067	0.0003	0.0003	0.0000	0.0067	0.0000	0.0067	0.0168	0.0162	0.0005	0.0088	0.0086	0.0002	0.0080	0.0076	0.0004	0.1181	0.0614	0.0566	0.0458	0.0453	0.0006	0.0722	0.0162	0.0561	0.1139	0.0000	1.7813	0.0000	0.0000	0.0000	0.1538	0.0000	2.4884	0.0594	0.0053	0.1182	0.0072	0.0073	0.0000	0.0926	0.0000	0.1193		
62	63	0.2413	2	0	1	1	0	0	0	0	0	N	N	N	N	N	N	N	N	N	N	N	N	0.0067	0.0000	0.0249	0.0144	0.0000	0.0832	0.0056	0.0000	0.0224	0.0010	0.0000	0.0065	0.0002	0.0000	0.0031	0.0012	0.0000	0.0068	0.1438	0.0415	0.2590	0.0127	0.0054	0.0377	0.2114	1.1844	0.3027	inf	5.5304	0.0001	0.0002	8.6608	0.9961	13.0004	0.0337	0.0002	0.0000	0.0002	0.0000	0.0000	0.0000	0.0002	0.0000	0.0002	0.0094	0.0014	0.0079	0.0003	0.0001	0.0002	0.0091	0.0013	0.0077	0.2401	0.2046	0.0356	0.0544	0.0512	0.0032	0.1857	0.1533	0.0324	0.0651	0.0345	0.0306	0.0222	0.0171	0.0050	0.0429	0.0174	0.0255	0.0067	0.0000	0.0249	0.0144	0.0000	0.0832	0.0056	0.0000	0.0224	0.1438	0.0415	0.2590	0.0127	0.0054	0.0377	0.2114	0.0772	0.3027
62	69	0.1934	2	0	2	0	0	0	0	0	0	N	Y	N	N	N	N	N	N	N	N	N	N	0.5871	5.5528	1.7471	7.8865	7.9239	inf	0.5682	1.7925	1.1504	0.1380	6.5358	0.4444	0.4477	0.2482	1.4032	0.0000	6.7128	1.9594	0.0248	3.7409	0.0564	0.0565	0.0000	2.4694	0.0000	3.7448	8.9065	163.5197	0.4185	0.2043	8.6608	3.0720	13.0004	3.7333	1.3696	0.1383	1.2314	0.1395	0.1383	0.0013	1.2301	0.0000	1.2301	1.2210	0.0074	1.2136	0.0074	0.0074	0.0000	1.2136	0.0000	1.2136	1.1906	1.0022	0.1884	0.3140	0.3088	0.0052	0.8766	0.6934	0.1832	0.6232	0.2987	0.3244	0.1317	0.1314	0.0003	0.4915	0.1674	0.3241	0.5871	5.5528	1.7471	7.8865	7.9239	inf	0.5682	0.0000	1.7925	1.9594	0.0248	3.7409	0.0564	0.0565	0.0000	2.4694	0.0000	3.7448	
62	75	0.2378	2	0	2	0	0	0	0	0	0	N	Y	N	N	N	N	N	N	N	N	N	N	0.0922	1.2640	0.6189	0.3118	0.3479	0.0000	0.1099	inf	0.8685	0.0085	0.0049	0.1180	0.0019	0.0019	0.0000	0.0158	0.0083	0.1670	0.0923	0.0039	0.1906	0.0061	0.0055	0.0433	0.1439	0.0000	0.1923	0.7909	44.1227	-0.0000	0.0024	8.6608	0.0009	13.0004	1.7419	0.0002	0.0001	0.0001	0.0000	0.0000	0.0000	0.0002	0.0001	0.0001	0.0162	0.0004	0.0158	0.0004	0.0004	0.0000	0.0158	0.0000	0.0158	0.0266	0.0258	0.0008	0.0140	0.0137	0.0002	0.0127	0.0121	0.0006	0.1753	0.0923	0.0829	0.0656	0.0647	0.0009	0.1096	0.0276	0.0820	0.0922	1.2640	0.6189	0.3118	0.3479	0.0000	0.1099	inf	0.8685	0.0923	0.0039	0.1906	0.0061	0.0055	0.0433	0.1439	0.0000	0.1923
63	65	0.0802	2	0	1	1	0	0	0	0	0	N	N	N	N	N	N	N	N	N	N	N	N	0.0103	0.0000	0.0348	0.0285	0.0000	inf	0.0086	0.0000	0.0299	0.0008	0.0000	0.0050	0.0002	0.0000	0.0038	0.0009	0.0000	0.0051	0.0734	0.0111	0.1435	0.0076	0.0099	0.0000	0.1068	0.9217	0.1714	inf	11.5315	0.0001	0.0005	0.9961	6.6608	0.0337	17.9996	0.0001	0.0000	0.0001	0.0000	0.0000	0.0000	0.0001	0.0000	0.0001	0.0051	0.0004	0.0047	0.0002	0.0002	0.0000	0.0050	0.0002	0.0047	0.1983	0.1684	0.0299	0.0460	0.0434	0.0026	0.1523	0.1250	0.0273	0.0700	0.0371	0.0329	0.0236	0.0183	0.0053	0.0464	0.0188	0.0276	0.0103	0.0000	0.0348	0.0285	0.0000	inf	0.0086	0.0000	0.0299	0.0734	0.0111	0.1435	0.0076	0.0099	0.0000	0.1068	0.0122	0.1714
63	66	0.0802	2	0	1	1	1	0	0	0	0	N	N	N	N	N	N	N	N	N	N	N	N	0.0013	0.0005	0.0044	0.0012	0.0008	1.7032	0.0010	0.0033	0.0005	0.0001	0.0023	0.0008	0.0005	0.0045	0.0004	0.0000	0.0021	0.3672	0.2858	0.5371	0.6449	0.6964	0.0026	0.3870	0.0000	0.6478	2.9479	2.1908	0.0000	-0.0024	0.9961	5.3392	0.0337	7.9996	0.0001	0.0000	0.0001	0.0000	0.0000	0.0000	0.0001	0.0000	0.0001	0.0174	0.0054	0.0119	0.0054	0.0054	0.0000	0.0119	0.0000	0.0119	0.1677	0.1421	0.0256	0.0397	0.0374	0.0022	0.1280	0.1047	0.0234	0.0473	0.0251	0.0222	0.0165	0.0127	0.0038	0.0308	0.0124	0.0184	0.0013	0.0007	0.0044	0.0023	0.0013	1.7032	0.0010	0.0000	0.0033	0.3672	0.2169	0.5371	0.3304	0.4288	0.0026	0.3870	0.0000	0.6478	
63	67	0.0802	2	0	1	1	0	0	0	0	0	N	N	N	N	N	N	N	N	N	N	N	N	0.0037	0.0045	0.0000	0.0487	0.6759	0.0000	0.0028	0.0006	0.0000	0.0008	0.0009	0.0000	0.0005	0.0005	0.0000	0.0009	0.0011	0.0000	0.2112	0.2044	0.3335	0.0094	0.0007	0.0384	0.3185	1.6683	0.3939	0.0000	2.8659	-0.0001	-0.0009	0.9961	6.3392	0.0337	8.9996	0.0002	0.0002	0.0000	0.0000	0.0000	0.0000	0.0001	0.0001	0.0000	0.0110	0.0029	0.0082	0.0002	0.0000	0.0002	0.0108	0.0028	0.0080	0.1911	0.1622	0.0289	0.0445	0.0420	0.0026	0.1466	0.1202	0.0264	0.0522	0.0277	0.0245	0.0181	0.0139	0.0042	0.0341	0.0137	0.0203	0.0037	0.0090	0.0000	0.0487	0.6759	0.0000	0.0028	0.0052	0.0000	0.2112	0.1030	0.3335	0.0094	0.0007	0.0384	0.3185	0.2068	0.3939
63	68	0.0802	2	0	1	1	0	0	0	0	0	N	N	N	N	N	N	N	N	N	N	N	N	2.1835	0.0000	inf	0.3214	0.0000	inf	inf	inf	0.0007	0.0000	0.0043	0.0003	0.0000	0.0050	0.0008	0.0000	0.0042	0.0003	0.0006	0.0000	0.0009	0.0011	0.0000	0.0000	0.0000	0.0000	inf	0.0000	0.0000	-0.0000	0.9961	4.6608	0.0337	6.0004	0.0001	0.0000	0.0001	0.0000	0.0000	0.0000	0.0001	0.0000	0.0001	0.0000	0.0000	0.0000	0.0000	0.0000	0.0000	0.0000	0.0000	0.0000	0.1510	0.1278	0.0232	0.0362	0.0342	0.0020	0.1148	0.0936	0.0212	0.0400	0.0212	0.0188	0.0140	0.0108	0.0033	0.0259	0.0104	0.0155	2.1835	0.0000	inf	0.3214	0.0000	inf	inf	0.0000	inf	0.0003	0.0006	0.0000	0.0009	0.0011	0.0000	0.0000	0.0000	0.0000	
63	69	0.1061	3	0	1	1	0	0	0	0	0	N	N	N	N	N	N	N	N	N	N	N	N	0.0007	0.1267	0.0000	0.2067	0.2059	0.0085	0.0000	0.0000	0.0000	0.0001	0.0001	0.0000	0.0002	0.0002	0.0000	0.0000	0.0000	0.0000	0.1187	0.0008	0.2512	0.0011	0.0011	0.0008	0.2080	0.0031	0.2863	0.0022	287.6811	-0.0000	0.0008	0.9961	3.0720	0.0337	3.7333	0.0000	0.0000	0.0000	0.0000	0.0000	0.0000	0.0000	0.0000	0.0000	0.0048	0.0000	0.0048	0.0000	0.0000	0.0000	0.0048	0.0000	0.0048	0.1494	0.1274	0.0220	0.0577	0.0556	0.0021	0.0918	0.0719	0.0199	0.0402	0.0213	0.0189	0.0174	0.0150	0.0023	0.0228	0.0062	0.0166	0.0007	0.1267	0.0000	0.2067	0.2059	0.0085	0.0000	0.0000	0.0000	0.1187	0.0008	0.2512	0.0011	0.0011	0.0008	0.2080	0.0000	0.2863
63	70	0.0802	2	0	1	1	0	0	0	0	0	N	N	N	N	N	N	N	N	N	N	N	N	0.0026	0.3386	0.0027	0.8434	0.6832	0.0000	0.0008	0.0000	0.0024	0.0004	0.0003	0.0008	0.0009	0.0009	0.0000	0.0002	0.0000	0.0009	0.1433	0.0009	0.3044	0.0011	0.0014	0.0000	0.2219	0.0125	0.3698	0.5120	310.6479	-0.0000	0.0005	0.9961	1.5925	0.0337	3.3727	0.0000	0.0000	0.0000	0.0000	0.0000	0.0000	0.0000	0.0000	0.0000	0.0030	0.0000	0.0030	0.0000	0.0000	0.0000	0.0030	0.0000	0.0030	0.0651	0.0551	0.0100	0.0178	0.0170	0.0008	0.0473	0.0380	0.0093	0.0211	0.0112	0.0099	0.0075	0.0058	0.0018	0.0136	0.0054	0.0082	0.0026	0.3386	0.0027	0.8434	0.6832	0.0000	0.0008	0.0014	0.0024	0.1433	0.0009	0.3044	0.0011	0.0014	0.0000	0.2219	0.0003	0.3698
63	71	0.0802	2	0	1	1	0	0	0	0	0	N	N	N	N	N	N	N	N	N	N	N	N	0.0072	0.0000	0.0246	0.0237	0.0000	1.9366	0.0058	0.0000	0.0202	0.0006	0.0000	0.0037	0.0002	0.0000	0.0043	0.0007	0.0000	0.0037	0.0787	0.0139	0.1519	0.0102	0.0126	0.0022	0.1147	0.9323	0.1822	inf	9.6901	0.0000	0.0004	0.9961	5.6608	0.0337	12.0004	0.0001	0.0000	0.0001	0.0000	0.0000	0.0000	0.0001	0.0000	0.0001	0.0045	0.0004	0.0041	0.0002	0.0002	0.0000	0.0043	0.0002	0.0041	0.1754	0.1487	0.0267	0.0413	0.0389	0.0023	0.1341	0.1098	0.0244	0.0573	0.0304	0.0269	0.0198	0.0152	0.0045	0.0376	0.0152	0.0224	0.0072	0.0000	0.0246	0.0237	0.0000	1.9366	0.0058	0.0000	0.0202	0.0787	0.0139	0.1519	0.0102	0.0126	0.0022	0.1147	0.0152	0.1822
63	73	0.0802	2	1	1	1	1	0	0	0	0	N	N	N	N	N	N	N	N	N	N	N	N	0.0085	0.1300	0.0223	0.0577	0.2362	0.0000	0.0065	0.0206	0.0013	0.0002	0.0072	0.0007	0.0007	0.0000	0.0015	0.0000	0.0079	0.1531	0.0016	0.3244	0.0122	0.0032	0.0426	0.2284	0.0000	0.3824	6.3872	180.1279	0.0000	0.0013	0.9961	3.3392	0.0337	11.0004	0.0002	0.0000	0.0001	0.0000	0.0000	0.0000	0.0001	0.0000	0.0001	0.0076	0.0000	0.0076	0.0002	0.0000	0.0002	0.0074	0.0000	0.0074	0.1162	0.0982	0.0180	0.0288	0.0273	0.0015	0.0874	0.0709	0.0165	0.0498	0.0264	0.0234	0.0173	0.0133	0.0040	0.0324	0.0131	0.0194	0.0085	0.1300	0.0223	0.0577	0.2362	0.0000	0.0065	0.0000	0.0206	0.1531	0.0016	0.3244	0.0122	0.0032	0.0426	0.2284	0.0000	0.3824	
63	74	0.0802	2	0	1	1	1	0	0	0	0	N	N	N	N	N	N	N	N	N	N	N	N	0.0052	0.0536	0.0141	0.0303	0.1052	0.0000	0.0039	0.0131	0.0008	0.0001	0.0045	0.0005	0.0005	0.0000	0.0009	0.0000	0.0049	0.1513	0.0023	0.3198	0.0151	0.0046	0.0500	0.2250	0.0000	0.3762	6.3872	120.7729	0.0000	0.0010	0.9961	6.3392	0.0337	5.0004	0.0002	0.0000	0.0001	0.0000	0.0000	0.0000	0.0001	0.0000	0.0001	0.0063	0.0001	0.0063	0.0002	0.0001	0.0002	0.0061	0.0000	0.0061	0.1911	0.1622	0.0289	0.0445	0.0420	0.0026	0.1466	0.1202	0.0264	0.0419	0.0222	0.0197	0.0147	0.0113	0.0034	0.0272	0.0109	0.0163	0.0052	0.0536	0.0141	0.0303	0.1052	0.0000	0.0039	0.0000	0.0131	0.1513	0.0023	0.3198	0.0151	0.0046	0.0500	0.2250	0.0000	0.3762	
63	75	0.1505	3	0	1	1	0	0	0	0	0	N	N	N	N	N	N	N	N	N	N	N	N	0.0000	0.0023	0.0000	0.0016	0.0015	0.0000	0.0000	0.0012	0.0000	0.0000	0.0000	0.0000	0.0000	0.0000	0.0000	0.0000	0.0000	0.0000	0.2287	0.0012	0.4984	0.0012	0.0013	0.0002	0.4706	0.0029	0.5536	0.0357	365.2079	-0.0000	0.0006	0.9961	0.0009	0.0337	1.7419	0.0000	0.0000	0.0000	0.0000	0.0000	0.0000	0.0000	0.0000	0.0000	0.0036	0.0000	0.0036	0.0000	0.0000	0.0000	0.0036	0.0000	0.0036	0.0032	0.0031	0.0001	0.0017	0.0017	0.0000	0.0015	0.0014	0.0001	0.0157	0.0085	0.0072	0.0081	0.0074	0.0007	0.0076	0.0011	0.0065	0.0000	0.0023	0.0000	0.0016	0.0015	0.0000	0.0000	0.5553	0.0000	0.2287	0.0012	0.4984	0.0012	0.0013	0.0002	0.4706	0.0000	0.5536
63	76	0.0802	2	0	1	1	0	0	0	0	0	N	N	N	N	N	N	N	N	N	N	N	N	0.0022	0.2183	0.0000	0.1665	0.1618	0.0000	0.0011	0.1257	0.0000	0.0004	0.0005	0.0000	0.0007	0.0007	0.0000	0.0003	0.0004	0.0000	0.1991	0.0023	0.4215	0.0042	0.0046	0.0029	0.3043	0.0034	0.5090	0.0000	160.5872	-0.0000	0.0014	0.9961	6.1537	0.0337	5.2905	0.0001	0.0001	0.0000	0.0000	0.0000	0.0000	0.0000	0.0000	0.0000	0.0084	0.0001	0.0083	0.0001	0.0001	0.0000	0.0083	0.0000	0.0083	0.1869	0.1586	0.0283	0.0437	0.0412	0.0025	0.1432	0.1174	0.0258	0.0422	0.0224	0.0198	0.0148	0.0114	0.0034	0.0274	0.0110	0.0164	0.0022	0.2183	0.0000	0.1665	0.1618	0.0000	0.0011	36.9425	0.0000	0.1991	0.0023	0.4215	0.0042	0.0046	0.0029	0.3043	0.0000	0.5090
63	77	0.0802	2	0	0	2	1	0	0	0	0	N	N	Y	N	N	N	N	N	N	N	N	N	0.0088	0.0651	0.0247	0.0538	0.1254	0.0950	0.0067	0.0218	0.0013	0.0001	0.0074	0.0008	0.0005	0.0045	0.0014	0.0000	0.0077	0.1420	0.0022	0.3001	0.0142	0.0043	0.0471	0.2109	0.0000	0.3528	9.3351	120.7729	0.0001	0.0010	0.9961	5.3392	0.0337	7.0004	0.0002	0.0000	0.0002	0.0000	0.0000	0.0000	0.0002	0.0000	0.0002	0.0063	0.0001	0.0063	0.0002	0.0001	0.0002	0.0061	0.0000	0.0061	0.1677	0.1421	0.0256	0.0397	0.0374	0.0022	0.1280	0.1047	0.0234	0.0446	0.0237	0.0210	0.0156	0.0120	0.0036	0.0290	0.0117	0.0173	0.0088	0.0651	0.0247	0.0538	0.1254	0.0950	0.0067	0.0000	0.0218	0.1420	0.0022	0.3001	0.0142	0.0043	0.0471	0.2109	0.0000	0.3528	
63	78	0.0802	2	0	0	2	1	0	0	0	0	N	N	Y	N	N	N	N	N	N	N	N	N	0.0020	0.0473	0.0046	0.1476	0.0923	1.5645	0.0010	0.0035	0.0004	0.0001	0.0021	0.0007	0.0005	0.0039	0.0003	0.0000	0.0019	0.2150	0.0027	0.4548	0.0046	0.0053	0.0025	0.3272	0.0000	0.5480	2.9479	151.8274	0.0000	0.0018	0.9961	6.3392	0.0337	7.9996	0.0001	0.0000	0.0001	0.0000	0.0000	0.0000	0.0001	0.0000	0.0001	0.0107	0.0001	0.0106	0.0001	0.0001	0.0000	0.0106	0.0000	0.0106	0.1911	0.1622	0.0289	0.0445	0.0420	0.0026	0.1466	0.1202	0.0264	0.0498	0.0264	0.0234	0.0173	0.0133	0.0040	0.0324	0.0131	0.0194	0.0020	0.0473	0.0046	0.1476	0.0923	1.5645	0.0010	0.0000	0.0035	0.2150	0.0027	0.4548	0.0046	0.0053	0.0025	0.3272	0.0000	0.5480	
63	79	0.0802	2	0	1	1	0	0	0	0	0	N	N	N	N	N	N	N	N	N	N	N	N	0.1786	0.1120	0.2251	0.1801	0.0004	0.0004	0.0000	0.0013	0.0013	0.0000	0.0000	0.0000	0.0000	0.0020	0.0038	0.0000	0.0056	0.0073	0.0000	0.0000	0.0000	0.0000	0.0000	0.0000	-0.0000	-0.0000	0.9961	1.3392	0.0337	5.0004	0.0000	0.0000	0.0000	0.0000	0.0000	0.0000	0.0000	0.0000	0.0000	0.0001	0.0001	0.0000	0.0001	0.0001	0.0000	0.0000	0.0000	0.0000	0.0572	0.0484	0.0088	0.0161	0.0154	0.0007	0.0411	0.0330	0.0081	0.0261	0.0139	0.0123	0.0093	0.0071	0.0022	0.0169	0.0068	0.0101	0.1786	0.1120	0.0000	0.2251	0.1801	0.0000	0.0000	0.0000	0.0000	0.0020	0.0038	0.0000	0.0056	0.0073	0.0000	0.0000	0.0000	0.0000					
63	80	0.0802	2	1	1	1	0	0	0	0	0	N	N	N	N	N	N	N	N	N	N	N	N	0.0064	0.0455	0.0185	0.0502	0.0905	0.0930	0.0048	0.0163	0.0009	0.0001	0.0055	0.0006	0.0004	0.0032	0.0010	0.0000	0.0057	0.1403	0.0022	0.2960	0.0114	0.0045	0.0346	0.2079	0.0000	0.3487	9.3351	116.6846	0.0001	0.0014	0.9961	8.3392	0.0337	9.9996	0.0002	0.0000	0.0002	0.0000	0.0000	0.0000	0.0002	0.0000	0.0002	0.0082	0.0001	0.0082	0.0002	0.0001	0.0002	0.0080	0.0000	0.0080	0.2337	0.1990	0.0347	0.0532	0.0501	0.0031	0.1806	0.1489	0.0316	0.0587	0.0311	0.0276	0.0202	0.0156	0.0046	0.0385	0.0156	0.0230	0.0064	0.0455	0.0185	0.0502	0.0905	0.0930	0.0048	0.0000	0.0163	0.1403	0.0022	0.2960	0.0114	0.0045	0.0346	0.2079	0.0000	0.3487	
64	69	0.0997	2	0	1	1	0	0	0	0	0	N	N	N	N	N	N	N	N	N	N	N	N	0.0698	7.0372	0.0000	8.5271	8.6218	inf	0.0000	0.0000	0.2025	0.2524	0.0000	0.6747	0.6837	0.0000	0.0000	0.0000	0.0000	2.9016	0.0359	5.4930	0.0791	0.0793	0.0000	3.6757	0.0000	5.4979	0.0000	169.3873	-0.0819	0.2042	3.6648	3.0720	8.0029	3.7333	0.1381	0.1381	0.0000	0.1381	0.1381	0.0000	0.0000	0.0000	0.0000	1.2189	0.0072	1.2118	0.0072	0.0072	0.0000	1.2118	0.0000	1.2118	0.6817	0.5471	0.1346	0.2046	0.2019	0.0027	0.4771	0.3451	0.1319	0.4201	0.1995	0.2206	0.0904	0.0902	0.0002	0.3297	0.1093	0.2204	0.0698	7.0372	0.0000	8.5271	8.6218	inf	0.0000	0.0000	0.0000	2.9016	0.0359	5.4930	0.0791	0.0793	0.0000	3.6757	0.0000	5.4979	
64	75	0.1441	2	0	1	1	0	0	0	0	0	N	N	N	N	N	N	N	N	N	N	N	N	0.0017	11.4957	0.0000	2.2101	3.9443	0.0000	0.0018	1.2633	0.0000	0.0109	0.0112	0.0000	0.0043	0.0044	0.0000	0.0181	0.0190	0.0000	6.2936	0.0010	23.7955	0.0020	0.0011	0.0698	10.2787	0.0150	27.9237	0.0000	12386.2008	-0.0001	0.1314	3.6648	0.0009	8.0029	1.7419	0.0001	0.0001	0.0000	0.0000	0.0000	0.0000	0.0001	0.0001	0.0000	0.7581	0.0001	0.7581	0.0001	0.0001	0.0000	0.7581	0.0000	0.7580	0.0117	0.0113	0.0004	0.0061	0.0060	0.0001	0.0055	0.0053	0.0003	0.1205	0.0627	0.0577	0.0467	0.0461	0.0006	0.0738	0.0166	0.0572	0.0017	11.4957	0.0000	2.2101	3.9443	0.0000	0.0018	32.4441	0.0000	6.2936	0.0010	13.1289	0.0020	0.0011	0.0698	10.2787	0.0006	13.2594
65	69	0.2040	2	0	2	0	0	0	0	0	0	N	Y	N	N	N	N	N	N	N	N	N	N	0.1472	13.1057	0.0000	17.3997	17.6272	0.0000	0.0000	0.1372	0.1652	0.0000	0.5018	0.5098	0.0000	0.0000	0.0000	0.0000	0.9324	0.0126	1.7841	0.0288	0.0289	0.0000	1.1728	0.0000	1.7861	0.0000	152.8684	-0.0819	0.1037	6.6608	3.0720	17.9996	3.7333	0.1381	0.1381	0.0000	0.1381	0.1381	0.0000	0.0000	0.0000	0.0000	0.6216	0.0040	0.6176	0.0040	0.0040	0.0000	0.6176	0.0000	0.6176	1.0061	0.8357	0.1704	0.2751	0.2708	0.0043	0.7310	0.5649	0.1661	0.6667	0.3205	0.3462	0.1401	0.1397	0.0004	0.5266	0.1808	0.3458	0.1472	13.1057	0.0000	17.3997	17.6272	0.0000	0.0000	0.0000	0.0000	0.9324	0.0126	1.7841	0.0288	0.0289	0.0000	1.1728	0.0000	1.7861		
65	75	0.2484	2	0	2	0	0	0	0	0	0	N	Y	N	N	N	N	N	N	N	N	N	N	0.0015	0.0324	0.0000	0.0180	0.0181	0.0016	inf	0.0000	0.0061	0.0063	0.0000	0.0024	0.0025	0.0000	0.0101	0.0107	0.0000	4.0534	0.1946	10.3239	0.1349	0.1369	0.0000	6.3595	0.0000	10.5758	0.0000	80.1130	-0.0001	0.1216	6.6608	0.0009	17.9996	1.7419	0.0001	0.0001	0.0000	0.0000	0.0000	0.0000	0.0001	0.0001	0.0000	0.7552	0.0093	0.7459	0.0093	0.0093	0.0000	0.7459	0.0000	0.7459	0.0207	0.0201	0.0007	0.0109	0.0107	0.0002	0.0099	0.0094	0.0005	0.1863	0.0985	0.0878	0.0690	0.0680	0.0010	0.1173	0.0305	0.0868	0.0015	0.0666	0.0000	0.0180	0.0181	0.0000	0.0016	inf	0.0000	4.0534	0.0945	8.4912	0.1349	0.1369	0.0000	6.3595	0.0000	8.5901	
66	69	0.1139	2	0	2	0	1	0	0	0	0	N	Y	N	N	N	N	N	N	N	N	N	N	0.2980	0.0606	0.8737	0.1047	0.0805	inf	0.3268	0.8934	0.7877	0.0010	4.3900	0.0040	0.0031	0.0647	1.0963	0.0000	4.4933	2.6431	0.0171	5.0249	0.0379	0.0379	0.0000	3.3550	0.0000	5.0296	925.9139	324.3995	0.2781	0.2078	5.3392	3.0720	7.9996	3.7333	0.6859	0.0007	0.6852	0.0010	0.0007	0.0002	0.6849	0.0000	0.6849	1.2202	0.0038	1.2165	0.0038	0.0038	0.0000	1.2165	0.0000	1.2165	0.8708	0.7148	0.1561	0.2460	0.2424	0.0036	0.6248	0.4724	0.1524	0.4617	0.2196	0.2421	0.0991	0.0989	0.0002	0.3626	0.1207	0.2419	0.2980	0.0606	0.8737	0.1047	0.0805	inf	0.3268	0.0000	0.8934	2.6431	0.0171	5.0249	0.0379	0.0379	0.0000	3.3550	0.0000	5.0296	
66	75	0.1583	2	0	2	0	1	0	0	0	0	N	Y	N	N	N	N	N	N	N	N	N	N	0.0022	inf	0.0110	0.0000	0.0000	0.0029	inf	0.0154	0.0127	0.0062	0.2105	0.0000	0.0000	0.0000	0.0268	0.0132	0.2970	5.7709	0.0000	19.1764	0.0008	0.0000	0.0627	9.3923	0.0000	19.3422	1.1357	inf	-0.0000	0.1320	5.3392	0.0009	7.9996	1.7419	0.0002	0.0001	0.0001	0.0000	0.0000	0.0000	0.0002	0.0001	0.0001	0.7617	0.0000	0.7617	0.0000	0.0000	0.0000	0.7616	0.0000	0.7616	0.0168	0.0162	0.0005	0.0088	0.0086	0.0002	0.0080	0.0076	0.0004	0.1320	0.0689	0.0631	0.0509	0.0503	0.0006	0.0811	0.0186	0.0625	0.0022	inf	0.0174	0.0000	0.0000	0.0000	0.0029	inf	0.0244	5.7709	0.0000	12.0663	0.0008	0.0000	0.0627	9.3923	0.0000	12.1889	
67	69	0.1348	2	0	2	0	0	0	0	0	0	N	Y	N	N	N	N	N	N	N	N	N	N	0.2926	0.0353	0.8946	0.0863	0.0483	inf	0.3179	0.9161	0.7036	0.0004	4.1007	0.0020	0.0011	0.0568	0.9703	0.0000	4.2035	2.4045	0.0102	4.5841	0.0227	0.0227	0.0000	3.0524	0.0000	4.5884	2362.6768	494.5114	0.2784	0.2089	6.3392	3.0720	8.9996	3.7333	0.6855	0.0003	0.6852	0.0005	0.0003	0.0002	0.6849	0.0000	0.6849	1.2190	0.0025	1.2165	0.0025	0.0025	0.0000	1.2165	0.0000	1.2165	0.9742	0.8071	0.1671	0.2683	0.2642	0.0041	0.7059	0.5430	0.1629	0.5069	0.2416	0.2654	0.1084	0.1082	0.0003	0.3985	0.1334	0.2651	0.2926	0.0353	0.8946	0.0863	0.0483	inf	0.3179	0.0000	0.9161	2.4045	0.0102	4.5841	0.0227	0.0227	0.0000	3.0524	0.0000	4.5884	
67	75	0.1792	2	0	2	0	0	0	0	0	0	N	Y	N	N	N	N	N	N	N	N	N	N	0.0011	0.0000	0.0114	0.0000	0.0000	0.0014	0.0000	0.0160	0.0057	0.0000	0.1793	0.0000	0.0000	0.0000	0.0121	0.0000	0.2534	5.2556	0.1742	15.6770	0.0007	0.0007	0.0000	8.5172	1.8059	15.8328	inf	120.2143	0.0000	0.1253	6.3392	0.0009	8.9996	1.7419	0.0001	0.0000	0.0001	0.0000	0.0000	0.0000	0.0001	0.0000	0.0001	0.7588	0.0063	0.7525	0.0000	0.0000	0.0000	0.7588	0.0062	0.7525	0.0198	0.0191	0.0006	0.0104	0.0102	0.0002	0.0094	0.0090	0.0004	0.1444	0.0755	0.0689	0.0553	0.0546	0.0007	0.0891	0.0209	0.0682	0.0011	0.0000	0.0164	0.0000	0.0000	0.0000	0.0014	0.0000	0.0230	5.2556	0.0829	10.9268	0.0007	0.0007	0.0000	8.5172	0.2972	11.0412	
68	69	0.0948	2	0	2	0	0	0	0	0	0	N	Y	N	N	N	N	N	N	N	N	N	N	0.5881	6.7084	0.0000	1.2355	3.4513	0.0000	0.5441	inf	0.0000	0.9477	1.1637	0.0000	0.6054	0.6141	0.0000	1.0866	1.4587	0.0000	1.6114	0.1735	2.9931	0.4900	0.1779	32.7048	1.9970	0.0000	2.9831	0.0000	41.0979	-0.4481	0.0948	4.6608	3.0720	6.0004	3.7333	0.7551	0.7551	0.0000	0.1392	0.1392	0.0000	0.6159	0.6159	0.0000	0.6337	0.0151	0.6186	0.0177	0.0151	0.0026	0.6160	0.0000	0.6160	0.7967	0.6489	0.1479	0.2299	0.2267	0.0033	0.5668	0.4222	0.1446	0.3932	0.1865	0.2067	0.0848	0.0846	0.0002	0.3085	0.1020	0.2065	0.5881	14.4218	0.0000	2.9056	3.4513	0.0000	0.5441	inf	0.0000	1.6114	0.0807	2.9931	0.2083	0.1779	14.3362	1.9970	0.0000	2.9831
68	75	0.1392	2	0	2	0	0	0	0	0	0	N	Y	N	N	N	N	N	N	N	N	N	N	2.7876	1.4980	0.4321	0.4347	inf	inf	0.0086	0.0089	0.0000	0.0034	0.0035	0.0000	0.0143	0.0150	0.0000	0.0031	0.0059	0.0000	0.0079	0.0080	0.0000	0.0000	0.0000	0.0000	0.0000	0.0000	-0.0001	-0.0003	4.6608	0.0009	6.0004	1.7419	0.0001	0.0001	0.0000	0.0000	0.0000	0.0000	0.0001	0.0001	0.0000	0.0003	0.0003	0.0000	0.0003	0.0003	0.0000	0.0000	0.0000	0.0000	0.0147	0.0142	0.0005	0.0077	0.0076	0.0001	0.0070	0.0067	0.0003	0.1130	0.0587	0.0542	0.0440	0.0434	0.0005	0.0690	0.0153	0.0537	2.7876	1.4980	0.0000	0.4321	0.4347	0.0000	inf	inf	0.0000	0.0031	0.0059	0.0000	0.0079	0.0080	0.0000	0.0000	0.0000	0.0000			
69	71	0.0672	2	0	2	0	0	0	0	0	0	N	Y	N	N	N	N	N	N	N	N	N	N	11.8383	6.8658	9.0014	9.1164	0.1526	0.1853	0.0000	0.5449	0.5533	0.0000	0.0000	0.0000	0.0000	0.0129	0.0270	0.0000	0.0605	0.0607	0.0000	0.0000	0.0000	0.0000	0.0000	0.0000	-0.0820	-0.0059	3.0720	5.6608	3.7333	12.0004	0.1381	0.1381	0.0000	0.1381	0.1381	0.0000	0.0000	0.0000	0.0000	0.0071	0.0071	0.0000	0.0071	0.0071	0.0000	0.0000	0.0000	0.0000	0.9048	0.7451	0.1598	0.2534	0.2496	0.0038	0.6514	0.4955	0.1559	0.5540	0.2646	0.2894	0.1180	0.1177	0.0003	0.4360	0.1469	0.2891	11.8383	6.8658	0.0000	9.0014	9.1164	0.0000	0.0000	0.0000	0.0000	0.0129	0.0270	0.0000	0.0605	0.0607	0.0000	0.0000	0.0000	0.0000					
69	73	0.0672	2	1	2	0	1	0	0	0	0	N	Y	N	N	N	N	N	N	N	N	N	N	0.8501	0.0138	2.2367	0.0290	0.0164	inf	0.9761	2.2775	1.0671	0.0006	5.2727	0.0027	0.0016	0.0945	1.5342	0.0000	5.3739	1.2553	0.0424	2.3574	0.0943	0.0945	0.0000	1.5718	0.0000	2.3596	2283.9209	61.1641	0.2784	0.0957	3.0720	3.3392	3.7333	11.0004	0.6855	0.0003	0.6852	0.0005	0.0003	0.0002	0.6849	0.0000	0.6849	0.6087	0.0098	0.5989	0.0098	0.0098	0.0000	0.5989	0.0000	0.5989	0.6424	0.5124	0.1299	0.1959	0.1934	0.0025	0.4465	0.3190	0.1275	0.4849	0.2308	0.2541	0.1039	0.1036	0.0002	0.3810	0.1272	0.2538	0.8501	0.0138	2.2367	0.0290	0.0164	inf	0.9761	0.0000	2.2775	1.2553	0.0424	2.3574	0.0943	0.0945	0.0000	1.5718	0.0000	2.3596	
69	74	0.0672	2	0	2	0	1	0	0	0	0	N	Y	N	N	N	N	N	N	N	N	N	N	0.9116	17.4763	1.4799	1.1777	1.1845	inf	0.9779	inf	1.5157	1.3461	0.7759	4.1007	0.1153	0.1162	0.0568	1.8139	1.0968	4.2035	1.4766	0.0444	2.7709	0.0979	0.0981	0.0000	1.8549	0.0000	2.7733	1.0941	69.0636	-0.0931	0.0967	3.0720	6.3392	3.7333	5.0004	1.3114	0.6262	0.6852	0.0309	0.0307	0.0002	1.2805	0.5955	0.6849	0.6076	0.0087	0.5989	0.0087	0.0087	0.0000	0.5989	0.0000	0.5989	0.9742	0.8071	0.1671	0.2683	0.2642	0.0041	0.7059	0.5430	0.1629	0.4115	0.1953	0.2161	0.0886	0.0884	0.0002	0.3229	0.1069	0.2160	0.9116	17.4763	1.4799	1.1777	1.1845	inf	0.9779	inf	1.5157	1.4766	0.0444	2.7709	0.0979	0.0981	0.0000	1.8549	0.0000	2.7733
69	75	0.1375	3	0	2	0	0	0	0	0	0	N	Y	N	N	N	N	N	N	N	N	N	N	0.0032	0.0008	0.0437	0.0023	0.0013	19.7224	0.0036	0.0000	0.0587	0.0071	0.0000	0.1975	0.0000	0.0000	0.0008	0.0148	0.0000	0.2663	2.2006	0.0134	4.5157	0.0149	0.0150	0.0000	4.0807	0.0055	4.5370	681.0458	318.0322	0.0000	0.0794	3.0720	0.0009	3.7333	1.7419	0.0001	0.0000	0.0001	0.0000	0.0000	0.0000	0.0001	0.0000	0.0001	0.4665	0.0015	0.4650	0.0015	0.0015	0.0000	0.4650	0.0000	0.4650	0.0099	0.0095	0.0004	0.0052	0.0051	0.0001	0.0047	0.0044	0.0003	0.2120	0.1090	0.1030	0.0980	0.0975	0.0005	0.1140	0.0115	0.1025	0.0032	0.0008	0.0437	0.0023	0.0013	19.7224	0.0036	0.0000	0.0587	2.2006	0.0134	4.5157	0.0149	0.0150	0.0000	4.0807	0.0001	4.5370
69	76	0.0672	2	0	2	0	0	0	0	0	0	N	Y	N	N	N	N	N	N	N	N	N	N	0.3899	0.0066	1.2009	0.0167	0.0091	inf	0.4285	1.2296	0.7173	0.0003	4.1488	0.0019	0.0011	0.0581	0.9908	0.0000	4.2517	1.8395	0.0526	3.4547	0.1159	0.1162	0.0000	2.3124	0.0000	3.4577	2486.7367	72.7116	0.2783	0.1218	3.0720	6.1537	3.7333	5.2905	0.6854	0.0003	0.6851	0.0005	0.0003	0.0002	0.6849	0.0000	0.6849	0.7620	0.0103	0.7516	0.0103	0.0103	0.0000	0.7516	0.0000	0.7516	0.9555	0.7904	0.1651	0.2643	0.2602	0.0041	0.6912	0.5302	0.1611	0.4142	0.1967	0.2176	0.0892	0.0890	0.0002	0.3250	0.1077	0.2174	0.3899	0.0066	1.2009	0.0167	0.0091	inf	0.4285	0.0000	1.2296	1.8395	0.0526	3.4547	0.1159	0.1162	0.0000	2.3124	0.0000	3.4577	
69	77	0.0672	2	0	1	1	1	0	0	0	0	N	N	N	N	N	N	N	N	N	N	N	N	0.5670	0.0112	1.6821	0.0258	0.0149	inf	0.6283	1.7201	0.7872	0.0004	4.3900	0.0022	0.0013	0.0647	1.0963	0.0000	4.4933	1.3882	0.0389	2.6099	0.0859	0.0861	0.0000	1.7449	0.0000	2.6122	2210.2460	74.1973	0.2784	0.0972	3.0720	5.3392	3.7333	7.0004	0.6855	0.0003	0.6852	0.0005	0.0003	0.0002	0.6849	0.0000	0.6849	0.6070	0.0081	0.5989	0.0081	0.0081	0.0000	0.5989	0.0000	0.5989	0.8708	0.7148	0.1561	0.2460	0.2424	0.0036	0.6248	0.4724	0.1524	0.4372	0.2078	0.2295	0.0940	0.0938	0.0002	0.3432	0.1140	0.2293	0.5670	0.0112	1.6821	0.0258	0.0149	inf	0.6283	0.0000	1.7201	1.3882	0.0389	2.6099	0.0859	0.0861	0.0000	1.7449	0.0000	2.6122	
69	78	0.0672	2	0	1	1	1	0	0	0	0	N	N	N	N	N	N	N	N	N	N	N	N	0.2784	0.0277	0.8564	0.0462	0.0380	inf	0.3039	0.8770	0.7043	0.0013	4.1007	0.0046	0.0038	0.0568	0.9703	0.0000	4.2035	2.5303	0.0452	4.7884	0.1004	0.1006	0.0000	3.1928	0.0000	4.7929	678.3924	116.6345	0.2779	0.2023	3.0720	6.3392	3.7333	7.9996	0.6862	0.0010	0.6852	0.0012	0.0010	0.0002	0.6849	0.0000	0.6849	1.2269	0.0104	1.2165	0.0104	0.0104	0.0000	1.2165	0.0000	1.2165	0.9742	0.8071	0.1671	0.2683	0.2642	0.0041	0.7059	0.5430	0.1629	0.4849	0.2308	0.2541	0.1039	0.1036	0.0002	0.3810	0.1272	0.2538	0.2784	0.0277	0.8564	0.0462	0.0380	inf	0.3039	0.0000	0.8770	2.5303	0.0452	4.7884	0.1004	0.1006	0.0000	3.1928	0.0000	4.7929	
69	79	0.0672	2	0	2	0	0	0	0	0	0	N	Y	N	N	N	N	N	N	N	N	N	N	66.5623	0.0000	inf	0.0138	0.0000	inf	inf	inf	1.8032	0.0000	7.0572	0.0017	0.0000	0.2091	2.8157	0.0000	7.1375	0.0271	0.0652	0.0000	0.1248	0.1250	0.0000	0.0000	0.0000	0.0000	inf	0.0000	0.2785	-0.0058	3.0720	1.3392	3.7333	5.0004	0.6852	0.0000	0.6852	0.0002	0.0000	0.0002	0.6849	0.0000	0.6849	0.0071	0.0071	0.0000	0.0071	0.0071	0.0000	0.0000	0.0000	0.0000	0.3800	0.2829	0.0971	0.1367	0.1356	0.0011	0.2433	0.1473	0.0960	0.2603	0.1230	0.1373	0.0565	0.0564	0.0001	0.2038	0.0666	0.1372	66.5623	0.0000	inf	0.0138	0.0000	inf	inf	0.0000	inf	0.0271	0.0573	0.0000	0.1248	0.1250	0.0000	0.0000	0.0000	0.0000	
69	80	0.0672	2	1	2	0	0	0	0	0	0	N	Y	N	N	N	N	N	N	N	N	N	N	0.2725	0.0137	0.8972	0.0283	0.0197	inf	0.2941	0.9209	0.5899	0.0005	3.6885	0.0024	0.0017	0.0468	0.8017	0.0000	3.7898	2.1647	0.0380	4.1112	0.0854	0.0856	0.0000	2.7264	0.0000	4.1153	1343.4829	118.2214	0.2782	0.2024	3.0720	8.3392	3.7333	9.9996	0.6857	0.0005	0.6852	0.0007	0.0005	0.0002	0.6849	0.0000	0.6849	1.2268	0.0103	1.2165	0.0103	0.0103	0.0000	1.2165	0.0000	1.2165	1.1624	0.9767	0.1858	0.3081	0.3031	0.0050	0.8544	0.6736	0.1807	0.5667	0.2708	0.2959	0.1205	0.1202	0.0003	0.4462	0.1506	0.2956	0.2725	0.0137	0.8972	0.0283	0.0197	inf	0.2941	0.0000	0.9209	2.1647	0.0380	4.1112	0.0854	0.0856	0.0000	2.7264	0.0000	4.1153	
70	75	0.0962	2	0	2	0	0	0	0	0	0	N	Y	N	N	N	N	N	N	N	N	N	N	0.0023	0.0222	0.0217	0.2359	0.2379	0.0000	0.0026	0.0000	0.0286	0.0107	0.0011	0.2761	0.0021	0.0021	0.0000	0.0201	0.0000	0.3781	4.6868	0.0515	12.7467	0.0088	0.0089	0.0014	7.7597	1.6137	13.2246	8.6579	175.2279	0.0000	0.0482	1.5925	0.0009	3.3727	1.7419	0.0001	0.0000	0.0000	0.0000	0.0000	0.0000	0.0000	0.0000	0.0000	0.2874	0.0016	0.2858	0.0002	0.0002	0.0000	0.2872	0.0014	0.2858	0.0052	0.0050	0.0002	0.0027	0.0027	0.0000	0.0025	0.0023	0.0001	0.0613	0.0317	0.0297	0.0243	0.0240	0.0003	0.0370	0.0076	0.0294	0.0023	0.0222	0.0287	0.2359	0.2379	0.0000	0.0026	0.0002	0.0389	4.6868	0.0515	9.6340	0.0088	0.0089	0.0014	7.7597	0.1862	9.7215
71	75	0.2004	2	0	2	0	0	0	0	0	0	N	Y	N	N	N	N	N	N	N	N	N	N	0.0012	1.5617	0.0000	0.1450	0.4383	0.0000	0.0012	inf	0.0000	0.0071	0.0074	0.0000	0.0028	0.0029	0.0000	0.0119	0.0125	0.0000	6.1468	0.0047	22.7832	0.0196	0.0066	1.1895	9.9006	0.0000	24.2528	0.0000	2485.3265	-0.0001	0.1670	5.6608	0.0009	12.0004	1.7419	0.0001	0.0001	0.0000	0.0000	0.0000	0.0000	0.0001	0.0001	0.0000	0.9655	0.0004	0.9651	0.0012	0.0004	0.0008	0.9643	0.0000	0.9643	0.0177	0.0172	0.0006	0.0093	0.0091	0.0002	0.0084	0.0080	0.0004	0.1571	0.0824	0.0747	0.0597	0.0589	0.0008	0.0974	0.0235	0.0739	0.0012	1.5617	0.0000	0.1450	0.4383	0.0000	0.0012	inf	0.0000	6.1468	0.0047	12.9194	0.0196	0.0066	0.9797	9.9006	0.0000	13.0480
73	75	0.1660	2	1	2	0	1	0	0	0	0	N	Y	N	N	N	N	N	N	N	N	N	N	0.3524	0.0000	5.2283	0.0000	0.0000	0.0000	0.4686	7.3032	0.0464	0.0000	1.4145	0.0000	0.0000	0.0000	0.0976	0.0000	1.9806	0.1316	0.0045	0.2705	0.0088	0.0063	0.2069	0.2082	0.0000	0.2712	inf	54.4592	0.0002	0.0028	3.3392	0.0009	11.0004	1.7419	0.0005	0.0000	0.0005	0.0000	0.0000	0.0000	0.0005	0.0000	0.0005	0.0182	0.0003	0.0179	0.0005	0.0003	0.0001	0.0177	0.0000	0.0177	0.0106	0.0103	0.0003	0.0056	0.0055	0.0001	0.0051	0.0048	0.0002	0.1384	0.0723	0.0661	0.0532	0.0525	0.0007	0.0852	0.0198	0.0654	0.3524	0.0000	5.2283	0.0000	0.0000	0.0000	0.4686	0.0000	7.3032	0.1316	0.0045	0.2705	0.0088	0.0063	0.2069	0.2082	0.0000	0.2712	
74	75	0.1431	2	0	2	0	1	0	0	0	0	N	Y	N	N	N	N	N	N	N	N	N	N	0.1658	0.0000	2.5255	0.0000	0.0000	0.0000	0.2201	3.5825	0.0275	0.0000	0.8582	0.0000	0.0000	0.0000	0.0578	0.0000	1.2129	0.1657	0.0053	0.3398	0.0128	0.0073	0.4662	0.2628	0.0000	0.3386	inf	58.6015	0.0002	0.0031	6.3392	0.0009	5.0004	1.7419	0.0005	0.0000	0.0005	0.0000	0.0000	0.0000	0.0005	0.0000	0.0005	0.0196	0.0003	0.0192	0.0006	0.0003	0.0003	0.0190	0.0000	0.0190	0.0198	0.0191	0.0006	0.0104	0.0102	0.0002	0.0094	0.0090	0.0004	0.1181	0.0614	0.0566	0.0458	0.0453	0.0006	0.0722	0.0162	0.0561	0.1658	0.0000	2.5255	0.0000	0.0000	0.0000	0.2201	0.0000	3.5825	0.1657	0.0053	0.3398	0.0128	0.0073	0.4662	0.2628	0.0000	0.3386	
75	77	0.0806	2	0	1	1	1	0	0	0	0	N	N	N	N	N	N	N	N	N	N	N	N	0.2886	1.1883	3.6524	0.0000	0.0000	0.0000	0.3842	inf	5.1496	0.0354	0.0062	0.9147	0.0000	0.0000	0.0000	0.0745	0.0132	1.2906	0.1226	0.0052	0.2504	0.0099	0.0071	0.2339	0.1938	0.0000	0.2506	4.9357	44.3959	0.0001	0.0023	0.0009	5.3392	1.7419	7.0004	0.0006	0.0001	0.0005	0.0000	0.0000	0.0000	0.0006	0.0001	0.0005	0.0154	0.0003	0.0150	0.0005	0.0003	0.0001	0.0149	0.0000	0.0149	0.0168	0.0162	0.0005	0.0088	0.0086	0.0002	0.0080	0.0076	0.0004	0.1252	0.0653	0.0600	0.0485	0.0479	0.0006	0.0768	0.0174	0.0594	0.2886	1.1883	3.6524	0.0000	0.0000	0.0000	0.3842	inf	5.1496	0.1226	0.0052	0.2504	0.0099	0.0071	0.2339	0.1938	0.0000	0.2506
75	78	0.0806	2	0	1	1	1	0	0	0	0	N	N	N	N	N	N	N	N	N	N	N	N	0.0024	12.5831	0.0150	0.0000	0.0000	0.0000	0.0031	inf	0.0206	0.0300	0.0052	0.7793	0.0000	0.0000	0.0000	0.0631	0.0112	1.1013	12.4294	0.0004	51.8755	0.0171	0.0006	1.3007	20.1764	0.0000	53.5190	4.9357	57323.7227	0.0001	0.2981	0.0009	6.3392	1.7419	7.9996	0.0006	0.0001	0.0005	0.0000	0.0000	0.0000	0.0006	0.0001	0.0005	1.7197	0.0000	1.7197	0.0009	0.0000	0.0009	1.7188	0.0000	1.7188	0.0198	0.0191	0.0006	0.0104	0.0102	0.0002	0.0094	0.0090	0.0004	0.1384	0.0723	0.0661	0.0532	0.0525	0.0007	0.0852	0.0198	0.0654	0.0024	12.5831	0.0299	0.0000	0.0000	0.0000	0.0031	inf	0.0419	12.4294	0.0004	26.0221	0.0171	0.0006	1.3007	20.1764	0.0000	26.2778
75	79	0.0806	2	0	2	0	0	0	0	0	0	N	Y	N	N	N	N	N	N	N	N	N	N	0.8161	0.0000	12.9910	0.0000	0.0000	0.0000	1.2700	18.3828	0.0261	0.0000	0.7390	0.0000	0.0000	0.0000	0.0548	0.0000	1.0045	0.0320	0.0087	0.0569	0.0147	0.0115	0.2990	0.0432	0.0000	0.0546	inf	6.1185	0.0000	0.0001	0.0009	1.3392	1.7419	5.0004	0.0001	0.0000	0.0001	0.0000	0.0000	0.0000	0.0001	0.0000	0.0001	0.0024	0.0003	0.0021	0.0004	0.0003	0.0001	0.0020	0.0000	0.0020	0.0044	0.0042	0.0002	0.0023	0.0022	0.0000	0.0021	0.0020	0.0001	0.0754	0.0390	0.0364	0.0297	0.0294	0.0003	0.0456	0.0096	0.0361	0.8161	0.0000	12.9910	0.0000	0.0000	0.0000	1.2700	0.0000	18.3828	0.0320	0.0087	0.0569	0.0147	0.0115	0.2990	0.0432	0.0000	0.0546	
75	80	0.0806	2	1	2	0	0	0	0	0	0	N	Y	N	N	N	N	N	N	N	N	N	N	0.0023	33.8669	0.0166	0.0000	0.0000	0.0000	0.0031	inf	0.0215	0.0251	0.0040	0.6644	0.0000	0.0000	0.0000	0.0527	0.0086	0.9403	10.7046	0.0001	40.0474	0.0160	0.0002	1.2633	17.2280	0.0000	43.8005	5.4357	171767.1681	0.0002	0.2978	0.0009	8.3392	1.7419	9.9996	0.0006	0.0001	0.0005	0.0000	0.0000	0.0000	0.0006	0.0001	0.0005	1.7177	0.0000	1.7177	0.0010	0.0000	0.0010	1.7167	0.0000	1.7167	0.0257	0.0249	0.0008	0.0135	0.0132	0.0002	0.0122	0.0116	0.0006	0.1605	0.0842	0.0762	0.0608	0.0600	0.0008	0.0996	0.0242	0.0754	0.0023	33.8669	0.0295	0.0000	0.0000	0.0000	0.0031	inf	0.0413	10.7046	0.0001	22.5275	0.0160	0.0002	1.1720	17.2280	0.0000	22.7595
