branch_id_1	branch_id_2	branch_id_3	branch_id_4	dist_bl	dist_node_num	branch_num_fg_tube	branch_num_fg_pink	branch_num_fg_yellow	branch_num_fg_beakless	branch_num_mg_tube	branch_num_mg_pink	branch_num_mg_yellow	branch_num_mg_beakless	is_fg_tube	is_fg_pink	is_fg_yellow	is_fg_beakless	is_mf_tube	is_mf_pink	is_mf_yellow	is_mf_beakless	is_mg_tube	is_mg_pink	is_mg_yellow	is_mg_beakless	omegaCany2any	omegaCany2dif	omegaCany2spe	omegaCdif2any	omegaCdif2dif	omegaCdif2spe	omegaCspe2any	omegaCspe2dif	omegaCspe2spe	dNCany2any	dNCany2dif	dNCany2spe	dNCdif2any	dNCdif2dif	dNCdif2spe	dNCspe2any	dNCspe2dif	dNCspe2spe	dSCany2any	dSCany2dif	dSCany2spe	dSCdif2any	dSCdif2dif	dSCdif2spe	dSCspe2any	dSCspe2dif	dSCspe2spe	OCNCoD	OCSCoD	OCN_linreg_residual	OCS_linreg_residual	N_sub_1	N_sub_2	S_sub_1	S_sub_2	OCNany2any	OCNany2dif	OCNany2spe	OCNdif2any	OCNdif2dif	OCNdif2spe	OCNspe2any	OCNspe2dif	OCNspe2spe	OCSany2any	OCSany2dif	OCSany2spe	OCSdif2any	OCSdif2dif	OCSdif2spe	OCSspe2any	OCSspe2dif	OCSspe2spe	ECNany2any	ECNany2dif	ECNany2spe	ECNdif2any	ECNdif2dif	ECNdif2spe	ECNspe2any	ECNspe2dif	ECNspe2spe	ECSany2any	ECSany2dif	ECSany2spe	ECSdif2any	ECSdif2dif	ECSdif2spe	ECSspe2any	ECSspe2dif	ECSspe2spe
13	17	20	26	0.3640	8	1	4	0	1	0	0	0	0	N	Y	N	N	N	N	N	N	N	N	N	N	736686394.1137	0.0000	inf	6328788.9090	0.0000	inf	inf	0.0000	inf	325.1915	0.0000	17285.4090	3.7959	0.0000	2858.1107	367.7005	0.0000	17405.3715	0.0000	0.0000	0.0000	0.0000	0.0000	0.0000	0.0000	0.0000	0.0000	inf	0.0000	0.2439	-0.0000	14.0465	3.9750	19.4848	4.4559	3.9255	0.0000	3.9255	0.0054	0.0000	0.0054	3.9201	0.0000	3.9201	0.0000	0.0000	0.0000	0.0000	0.0000	0.0000	0.0000	0.0000	0.0000	0.0121	0.0118	0.0002	0.0014	0.0014	0.0000	0.0107	0.0104	0.0002	0.0043	0.0037	0.0007	0.0032	0.0027	0.0005	0.0011	0.0009	0.0002
13	17	20	28	0.3640	10	1	4	1	2	0	0	0	0	N	Y	N	N	N	N	N	N	N	N	N	N	inf	0.0000	inf	inf	0.0000	inf	inf	0.0000	inf	399.2077	0.0000	20263.0695	6.3280	0.0000	4418.0397	454.8242	0.0000	20407.2185	0.0000	0.0000	0.0000	0.0000	0.0000	0.0000	0.0000	0.0000	0.0000	inf	0.1817	0.0000	14.0465	3.9750	6.0200	4.4559	3.5720	0.0000	2.9245	0.0057	0.0000	0.0057	2.9187	0.0000	2.9187	0.0000	0.0000	0.0000	0.0000	0.0000	0.0000	0.0000	0.0000	0.0000	0.0073	0.0072	0.0001	0.0009	0.0009	0.0000	0.0064	0.0063	0.0001	0.0023	0.0020	0.0003	0.0017	0.0015	0.0002	0.0006	0.0005	0.0001	
13	17	20	43	0.3657	9	1	4	0	1	0	0	0	0	N	Y	N	N	N	N	N	N	N	N	N	N	inf	0.0000	inf	inf	0.0000	inf	inf	0.0000	inf	359.4451	0.0000	53149.5141	2.4813	0.0000	4154.8735	748.0413	0.0000	55513.3711	0.0000	0.0000	0.0000	0.0000	0.0000	0.0000	0.0000	0.0000	0.0000	inf	0.1753	0.0000	14.0465	3.9750	6.0200	4.4559	3.5720	0.0000	2.8214	0.0102	0.0000	0.0102	2.8113	0.0000	2.8113	0.0000	0.0000	0.0000	0.0000	0.0000	0.0000	0.0000	0.0000	0.0000	0.0078	0.0078	0.0001	0.0041	0.0041	0.0000	0.0038	0.0037	0.0001	0.0065	0.0058	0.0007	0.0057	0.0051	0.0006	0.0009	0.0007	0.0001	
13	17	20	47	0.3832	8	1	4	1	1	0	0	0	0	N	Y	N	N	N	N	N	N	N	N	N	N	inf	0.0000	inf	inf	0.0000	inf	inf	0.0000	inf	465.8006	0.0000	23478.1797	6.8336	0.0000	4906.2261	521.8268	0.0000	23621.1165	0.0000	0.0000	0.0000	0.0000	0.0000	0.0000	0.0000	0.0000	0.0000	inf	0.2435	0.0000	14.0465	3.9750	6.0200	4.4559	3.5720	0.0000	3.9192	0.0063	0.0000	0.0063	3.9129	0.0000	3.9129	0.0000	0.0000	0.0000	0.0000	0.0000	0.0000	0.0000	0.0000	0.0000	0.0084	0.0082	0.0002	0.0009	0.0009	0.0000	0.0075	0.0073	0.0002	0.0027	0.0023	0.0004	0.0021	0.0018	0.0003	0.0006	0.0005	0.0001	
13	17	20	53	0.3640	8	1	4	0	1	0	0	0	0	N	Y	N	N	N	N	N	N	N	N	N	N	inf	0.0000	inf	inf	0.0000	inf	inf	0.0000	inf	403.9898	0.0000	20796.8451	4.7493	0.0000	3566.9392	456.3709	0.0000	20934.9199	0.0000	0.0000	0.0000	0.0000	0.0000	0.0000	0.0000	0.0000	0.0000	inf	0.2439	-0.0000	14.0465	3.9750	6.0200	4.4559	3.5720	0.0000	3.9255	0.0054	0.0000	0.0054	3.9201	0.0000	3.9201	0.0000	0.0000	0.0000	0.0000	0.0000	0.0000	0.0000	0.0000	0.0000	0.0097	0.0095	0.0002	0.0011	0.0011	0.0000	0.0086	0.0084	0.0002	0.0037	0.0031	0.0006	0.0027	0.0023	0.0004	0.0009	0.0008	0.0002	
13	17	20	59	0.3640	8	1	4	0	1	0	0	0	0	N	Y	N	N	N	N	N	N	N	N	N	N	inf	0.0000	inf	inf	0.0000	inf	inf	0.0000	inf	208.1405	0.0000	12327.5497	2.3843	0.0000	1803.6360	235.9407	0.0000	12426.5494	0.0000	0.0000	0.0000	0.0000	0.0000	0.0000	0.0000	0.0000	0.0000	inf	0.2439	0.0000	14.0465	3.9750	6.0200	4.4559	3.5720	0.0000	3.9255	0.0054	0.0000	0.0054	3.9201	0.0000	3.9201	0.0000	0.0000	0.0000	0.0000	0.0000	0.0000	0.0000	0.0000	0.0000	0.0189	0.0185	0.0003	0.0022	0.0022	0.0000	0.0166	0.0163	0.0003	0.0081	0.0069	0.0013	0.0055	0.0047	0.0008	0.0027	0.0022	0.0005	
13	17	26	28	0.3644	8	1	4	1	2	0	0	0	0	N	Y	N	N	N	N	N	N	N	N	N	N	76068172.9783	0.0000	inf	749489.4075	0.0000	inf	inf	0.0000	inf	281.4409	0.0000	14997.9268	3.8461	0.0000	2765.8327	321.5812	0.0000	15113.5226	0.0000	0.0000	0.0000	0.0000	0.0000	0.0000	0.0000	0.0000	0.0000	inf	0.0000	0.1819	-0.0000	14.0465	3.9750	19.4848	4.4559	2.9281	0.0000	2.9281	0.0051	0.0000	0.0051	2.9231	0.0000	2.9231	0.0000	0.0000	0.0000	0.0000	0.0000	0.0000	0.0000	0.0000	0.0000	0.0104	0.0102	0.0002	0.0013	0.0013	0.0000	0.0091	0.0089	0.0002	0.0034	0.0028	0.0005	0.0024	0.0021	0.0003	0.0009	0.0008	0.0002
13	17	26	43	0.3661	7	1	4	0	1	0	0	0	0	N	Y	N	N	N	N	N	N	N	N	N	N	inf	0.0000	inf	inf	0.0000	inf	inf	0.0000	inf	252.4395	0.0000	39120.0284	1.6087	0.0000	2796.7459	531.6131	0.0000	40909.5676	0.0000	0.0000	0.0000	0.0000	0.0000	0.0000	0.0000	0.0000	0.0000	inf	0.1755	-0.0000	14.0465	3.9750	9.0013	4.4559	6.1061	0.0000	2.8249	0.0095	0.0000	0.0095	2.8154	0.0000	2.8154	0.0000	0.0000	0.0000	0.0000	0.0000	0.0000	0.0000	0.0000	0.0000	0.0112	0.0111	0.0001	0.0059	0.0059	0.0000	0.0053	0.0052	0.0001	0.0089	0.0079	0.0010	0.0077	0.0069	0.0008	0.0012	0.0010	0.0002	
13	17	26	47	0.3832	6	1	4	1	1	0	0	0	0	N	Y	N	N	N	N	N	N	N	N	N	N	502557196.7932	0.0000	inf	5026202.4118	0.0000	inf	inf	0.0000	inf	327.9061	0.0000	17357.8105	4.2320	0.0000	3129.0055	367.8366	0.0000	17470.5710	0.0000	0.0000	0.0000	0.0000	0.0000	0.0000	0.0000	0.0000	0.0000	inf	0.0000	0.2437	-0.0000	14.0465	3.9750	19.4848	4.4559	3.9229	0.0000	3.9229	0.0056	0.0000	0.0056	3.9173	0.0000	3.9173	0.0000	0.0000	0.0000	0.0000	0.0000	0.0000	0.0000	0.0000	0.0000	0.0120	0.0117	0.0002	0.0013	0.0013	0.0000	0.0106	0.0104	0.0002	0.0039	0.0033	0.0006	0.0030	0.0026	0.0004	0.0009	0.0007	0.0002
13	17	26	59	0.3640	6	1	4	0	1	0	0	0	0	N	Y	N	N	N	N	N	N	N	N	N	N	3029151.7055	0.0000	inf	19673.2823	0.0000	inf	inf	0.0000	inf	147.0879	0.0000	9082.6570	1.4864	0.0000	1152.3544	166.4158	0.0000	9157.3770	0.0000	0.0001	0.0000	0.0001	0.0001	0.0000	0.0000	0.0000	0.0000	inf	0.0000	0.2441	-0.0000	14.0465	3.9750	19.4848	4.4559	3.9292	0.0000	3.9292	0.0047	0.0000	0.0047	3.9245	0.0000	3.9245	0.0000	0.0000	0.0000	0.0000	0.0000	0.0000	0.0000	0.0000	0.0000	0.0267	0.0263	0.0004	0.0031	0.0031	0.0000	0.0236	0.0232	0.0004	0.0118	0.0099	0.0020	0.0076	0.0065	0.0011	0.0042	0.0034	0.0008
13	17	28	43	0.3657	8	1	4	1	2	0	0	0	0	N	Y	N	N	N	N	N	N	N	N	N	N	inf	0.0000	inf	inf	0.0000	inf	inf	0.0000	inf	273.0559	0.0000	40719.0098	2.3404	0.0000	3962.2822	571.8940	0.0000	42500.0380	0.0000	0.0000	0.0000	0.0000	0.0000	0.0000	0.0000	0.0000	0.0000	inf	0.1169	0.0000	14.0465	3.9750	5.0068	4.4559	1.9864	0.0000	1.8822	0.0085	0.0000	0.0085	1.8737	0.0000	1.8737	0.0000	0.0000	0.0000	0.0000	0.0000	0.0000	0.0000	0.0000	0.0000	0.0069	0.0068	0.0000	0.0036	0.0036	0.0000	0.0033	0.0032	0.0000	0.0049	0.0044	0.0005	0.0043	0.0039	0.0004	0.0006	0.0005	0.0001	
13	17	28	47	0.3832	8	1	4	2	2	0	0	0	0	N	Y	N	N	N	N	N	N	N	N	N	N	inf	0.0000	inf	inf	0.0000	inf	inf	0.0000	inf	400.7048	0.0000	20299.8454	6.5887	0.0000	3700.4530	456.4562	0.0000	20487.5001	0.0000	0.0000	0.0000	0.0000	0.0000	0.0000	0.0000	0.0000	0.0000	inf	0.1815	0.0000	14.0465	3.9750	5.0068	4.4559	1.9864	0.0000	2.9219	0.0060	0.0000	0.0060	2.9160	0.0000	2.9160	0.0000	0.0000	0.0000	0.0000	0.0000	0.0000	0.0000	0.0000	0.0000	0.0073	0.0071	0.0001	0.0009	0.0009	0.0000	0.0064	0.0062	0.0001	0.0021	0.0018	0.0003	0.0016	0.0014	0.0002	0.0004	0.0004	0.0001	
13	17	28	53	0.3640	8	1	4	1	2	0	0	0	0	N	Y	N	N	N	N	N	N	N	N	N	N	inf	0.0000	inf	inf	0.0000	inf	inf	0.0000	inf	349.7399	0.0000	18041.0537	4.8204	0.0000	3453.4905	399.1316	0.0000	18173.8152	0.0000	0.0000	0.0000	0.0000	0.0000	0.0000	0.0000	0.0000	0.0000	inf	0.1819	-0.0000	14.0465	3.9750	5.0068	4.4559	1.9864	0.0000	2.9281	0.0051	0.0000	0.0051	2.9231	0.0000	2.9231	0.0000	0.0000	0.0000	0.0000	0.0000	0.0000	0.0000	0.0000	0.0000	0.0084	0.0082	0.0002	0.0010	0.0010	0.0000	0.0073	0.0072	0.0002	0.0028	0.0024	0.0004	0.0021	0.0018	0.0003	0.0008	0.0006	0.0001	
13	17	28	59	0.3640	8	1	4	1	2	0	0	0	0	N	Y	N	N	N	N	N	N	N	N	N	N	728193010.6911	0.0000	inf	6566324.7024	0.0000	inf	inf	0.0000	inf	180.6814	0.0000	10693.0542	2.4973	0.0000	1795.0767	206.1148	0.0000	10785.5135	0.0000	0.0000	0.0000	0.0000	0.0000	0.0000	0.0000	0.0000	0.0000	inf	0.0054	0.1819	0.0000	14.0465	3.9750	19.4848	4.4559	2.9281	0.0000	2.9281	0.0051	0.0000	0.0051	2.9231	0.0000	2.9231	0.0000	0.0000	0.0000	0.0000	0.0000	0.0000	0.0000	0.0000	0.0000	0.0162	0.0159	0.0003	0.0020	0.0020	0.0000	0.0142	0.0139	0.0003	0.0061	0.0052	0.0010	0.0040	0.0034	0.0006	0.0022	0.0018	0.0004
13	17	43	47	0.3832	7	1	4	1	1	0	0	0	0	N	Y	N	N	N	N	N	N	N	N	N	N	73885478.1473	0.0000	inf	453266.4598	0.0000	inf	inf	0.0000	inf	357.2631	0.0000	53178.0607	2.4913	0.0000	3836.1422	751.5958	0.0000	55823.4812	0.0000	0.0000	0.0000	0.0000	0.0000	0.0000	0.0000	0.0000	0.0000	inf	0.0000	0.1751	0.0000	14.0465	3.9750	19.4848	4.4559	2.8189	0.0000	2.8189	0.0103	0.0000	0.0103	2.8086	0.0000	2.8086	0.0000	0.0000	0.0000	0.0000	0.0000	0.0000	0.0000	0.0000	0.0000	0.0079	0.0078	0.0001	0.0042	0.0042	0.0000	0.0037	0.0037	0.0001	0.0055	0.0049	0.0006	0.0048	0.0043	0.0005	0.0007	0.0006	0.0001
13	17	43	53	0.3657	7	1	4	0	1	0	0	0	0	N	Y	N	N	N	N	N	N	N	N	N	N	inf	0.0000	inf	inf	0.0000	inf	inf	0.0000	inf	313.1051	0.0000	47321.3460	1.9958	0.0000	3469.2904	659.1922	0.0000	49425.5359	0.0000	0.0000	0.0000	0.0000	0.0000	0.0000	0.0000	0.0000	0.0000	inf	0.1755	-0.0000	14.0465	3.9750	2.9074	4.4559	1.4877	0.0000	2.8249	0.0095	0.0000	0.0095	2.8154	0.0000	2.8154	0.0000	0.0000	0.0000	0.0000	0.0000	0.0000	0.0000	0.0000	0.0000	0.0090	0.0090	0.0001	0.0048	0.0047	0.0000	0.0043	0.0042	0.0001	0.0075	0.0067	0.0008	0.0065	0.0058	0.0007	0.0010	0.0008	0.0002	
13	17	43	59	0.3657	7	1	4	0	1	0	0	0	0	N	Y	N	N	N	N	N	N	N	N	N	N	inf	0.0000	inf	inf	0.0000	inf	inf	0.0000	inf	164.1068	0.0000	27070.6142	1.0622	0.0000	1813.6190	339.7679	0.0000	28402.8497	0.0000	0.0000	0.0000	0.0000	0.0000	0.0000	0.0000	0.0000	0.0000	inf	0.1755	-0.0000	14.0465	3.9750	2.9074	4.4559	1.4877	0.0000	2.8249	0.0095	0.0000	0.0095	2.8154	0.0000	2.8154	0.0000	0.0000	0.0000	0.0000	0.0000	0.0000	0.0000	0.0000	0.0000	0.0172	0.0171	0.0001	0.0089	0.0089	0.0000	0.0083	0.0082	0.0001	0.0156	0.0138	0.0018	0.0130	0.0117	0.0014	0.0025	0.0021	0.0004	
13	17	47	53	0.3832	6	1	4	1	1	0	0	0	0	N	Y	N	N	N	N	N	N	N	N	N	N	inf	0.0000	inf	inf	0.0000	inf	inf	0.0000	inf	407.3638	0.0000	20882.3383	5.2954	0.0000	3905.1446	456.5672	0.0000	21011.9918	0.0000	0.0000	0.0000	0.0000	0.0000	0.0000	0.0000	0.0000	0.0000	inf	0.2437	-0.0000	14.0465	3.9750	5.9927	4.4559	2.0491	0.0000	3.9229	0.0056	0.0000	0.0056	3.9173	0.0000	3.9173	0.0000	0.0000	0.0000	0.0000	0.0000	0.0000	0.0000	0.0000	0.0000	0.0096	0.0094	0.0002	0.0010	0.0010	0.0000	0.0086	0.0084	0.0002	0.0033	0.0028	0.0005	0.0025	0.0022	0.0004	0.0007	0.0006	0.0001	
13	17	47	59	0.3832	6	1	4	1	1	0	0	0	0	N	Y	N	N	N	N	N	N	N	N	N	N	1084596423.6075	0.0000	inf	10440955.9810	0.0000	inf	inf	0.0000	inf	210.9130	0.0000	12380.2493	2.7186	0.0000	2009.9512	236.6341	0.0000	12471.5795	0.0000	0.0000	0.0000	0.0000	0.0000	0.0000	0.0000	0.0000	0.0000	inf	0.0006	0.2437	0.0000	14.0465	3.9750	19.4848	4.4559	3.9229	0.0000	3.9229	0.0056	0.0000	0.0056	3.9173	0.0000	3.9173	0.0000	0.0000	0.0000	0.0000	0.0000	0.0000	0.0000	0.0000	0.0000	0.0186	0.0183	0.0003	0.0020	0.0020	0.0000	0.0166	0.0162	0.0003	0.0073	0.0061	0.0011	0.0054	0.0047	0.0008	0.0018	0.0015	0.0004
13	17	53	59	0.3640	6	1	4	0	1	0	0	0	0	N	Y	N	N	N	N	N	N	N	N	N	N	inf	0.0000	inf	inf	0.0000	inf	inf	0.0000	inf	182.8207	0.0000	10946.8270	1.8601	0.0000	1438.5777	206.6579	0.0000	11033.2908	0.0000	0.0000	0.0000	0.0000	0.0000	0.0000	0.0000	0.0000	0.0000	inf	0.2441	-0.0000	14.0465	3.9750	6.9987	4.4559	4.9999	0.0000	3.9292	0.0047	0.0000	0.0047	3.9245	0.0000	3.9245	0.0000	0.0000	0.0000	0.0000	0.0000	0.0000	0.0000	0.0000	0.0000	0.0215	0.0211	0.0004	0.0025	0.0025	0.0000	0.0190	0.0186	0.0004	0.0099	0.0083	0.0017	0.0064	0.0055	0.0009	0.0035	0.0028	0.0007	
13	20	26	28	0.3644	10	0	4	1	2	0	0	0	0	N	Y	N	N	N	N	N	N	N	N	N	N	111894879.5787	0.0000	inf	75385.4764	0.0000	inf	inf	0.0000	inf	208.1043	0.0000	10980.1987	0.7817	0.0000	525.9649	232.2562	0.0000	11066.4380	0.0000	0.0000	0.0000	0.0000	0.0000	0.0000	0.0000	0.0000	0.0000	inf	0.0000	0.1835	-0.0000	14.0465	6.0200	19.4848	3.5720	2.9533	0.0000	2.9533	0.0012	0.0000	0.0012	2.9521	0.0000	2.9521	0.0000	0.0000	0.0000	0.0000	0.0000	0.0000	0.0000	0.0000	0.0000	0.0142	0.0139	0.0003	0.0015	0.0015	0.0000	0.0127	0.0124	0.0003	0.0018	0.0015	0.0003	0.0003	0.0003	0.0000	0.0015	0.0012	0.0003
13	20	26	43	0.3661	9	0	4	0	1	0	0	0	0	N	Y	N	N	N	N	N	N	N	N	N	N	inf	0.0000	inf	inf	0.0000	inf	inf	0.0000	inf	192.9810	0.0000	30160.0660	0.7497	0.0000	1282.3872	398.9236	0.0000	31592.3103	0.0000	0.0000	0.0000	0.0000	0.0000	0.0000	0.0000	0.0000	0.0000	inf	0.1777	-0.0000	14.0465	6.0200	9.0013	3.5720	6.1061	0.0000	2.8604	0.0057	0.0000	0.0057	2.8546	0.0000	2.8546	0.0000	0.0000	0.0000	0.0000	0.0000	0.0000	0.0000	0.0000	0.0000	0.0148	0.0147	0.0001	0.0077	0.0077	0.0000	0.0072	0.0071	0.0001	0.0050	0.0044	0.0006	0.0026	0.0025	0.0000	0.0024	0.0019	0.0005	
13	20	26	47	0.3832	8	0	4	1	1	0	0	0	0	N	Y	N	N	N	N	N	N	N	N	N	N	inf	0.0000	inf	inf	0.0000	inf	inf	0.0000	inf	241.8169	0.0000	12716.4641	1.1299	0.0000	855.9069	265.4171	0.0000	12790.4460	0.0000	0.0000	0.0000	0.0000	0.0000	0.0000	0.0000	0.0000	0.0000	inf	0.2461	-0.0000	14.0465	6.0200	9.0013	3.5720	6.1061	0.0000	3.9608	0.0017	0.0000	0.0017	3.9591	0.0000	3.9591	0.0000	0.0000	0.0000	0.0000	0.0000	0.0000	0.0000	0.0000	0.0000	0.0164	0.0161	0.0003	0.0015	0.0015	0.0000	0.0149	0.0146	0.0003	0.0023	0.0019	0.0004	0.0006	0.0006	0.0000	0.0016	0.0013	0.0004	
13	20	26	59	0.3389	8	0	4	0	1	0	0	0	0	N	Y	N	N	N	N	N	N	N	N	N	N	4219866.3275	0.0000	inf	1613.1781	0.0000	inf	inf	0.0000	inf	107.3756	0.0000	6641.0923	0.1804	0.0000	139.8475	120.3549	0.0000	6697.5993	0.0000	0.0000	0.0000	0.0001	0.0001	0.0000	0.0000	0.0000	0.0000	inf	0.0000	0.2464	-0.0000	14.0465	6.0200	19.4848	3.5720	3.9672	0.0000	3.9672	0.0007	0.0000	0.0007	3.9664	0.0000	3.9664	0.0000	0.0000	0.0000	0.0000	0.0000	0.0000	0.0000	0.0000	0.0000	0.0369	0.0363	0.0006	0.0040	0.0040	0.0000	0.0330	0.0324	0.0006	0.0074	0.0061	0.0013	0.0017	0.0016	0.0001	0.0057	0.0045	0.0012
13	20	28	43	0.3364	10	0	4	1	2	0	0	0	0	N	Y	N	N	N	N	N	N	N	N	N	N	inf	0.0000	inf	inf	0.0000	inf	inf	0.0000	inf	210.7299	0.0000	32002.0572	1.0086	0.0000	1677.9289	438.1126	0.0000	33513.8505	0.0000	0.0000	0.0000	0.0000	0.0000	0.0000	0.0000	0.0000	0.0000	inf	0.1184	0.0000	14.0465	6.0200	5.0068	3.5720	1.9864	0.0000	1.9056	0.0047	0.0000	0.0047	1.9009	0.0000	1.9009	0.0000	0.0000	0.0000	0.0000	0.0000	0.0000	0.0000	0.0000	0.0000	0.0090	0.0090	0.0001	0.0047	0.0047	0.0000	0.0043	0.0043	0.0001	0.0026	0.0024	0.0003	0.0014	0.0014	0.0000	0.0013	0.0010	0.0003	
13	20	28	47	0.3832	10	0	4	2	2	0	0	0	0	N	Y	N	N	N	N	N	N	N	N	N	N	inf	0.0000	inf	inf	0.0000	inf	inf	0.0000	inf	298.1551	0.0000	14913.8725	2.2028	0.0000	1394.1536	329.4458	0.0000	15016.8211	0.0000	0.0000	0.0000	0.0000	0.0000	0.0000	0.0000	0.0000	0.0000	inf	0.1831	0.0000	14.0465	6.0200	5.0068	3.5720	1.9864	0.0000	2.9470	0.0021	0.0000	0.0021	2.9449	0.0000	2.9449	0.0000	0.0000	0.0000	0.0000	0.0000	0.0000	0.0000	0.0000	0.0000	0.0099	0.0097	0.0002	0.0009	0.0009	0.0000	0.0089	0.0087	0.0002	0.0012	0.0010	0.0002	0.0003	0.0003	0.0000	0.0009	0.0007	0.0002	
13	20	28	53	0.3389	10	0	4	1	2	0	0	0	0	N	Y	N	N	N	N	N	N	N	N	N	N	inf	0.0000	inf	inf	0.0000	inf	inf	0.0000	inf	258.6684	0.0000	13213.7125	0.9843	0.0000	657.3686	288.2563	0.0000	13313.4148	0.0000	0.0000	0.0000	0.0000	0.0000	0.0000	0.0000	0.0000	0.0000	inf	0.1835	-0.0000	14.0465	6.0200	5.0068	3.5720	1.9864	0.0000	2.9533	0.0012	0.0000	0.0012	2.9521	0.0000	2.9521	0.0000	0.0000	0.0000	0.0000	0.0000	0.0000	0.0000	0.0000	0.0000	0.0114	0.0112	0.0002	0.0012	0.0012	0.0000	0.0102	0.0100	0.0002	0.0015	0.0013	0.0003	0.0003	0.0003	0.0000	0.0013	0.0010	0.0002	
13	20	28	59	0.3347	10	0	4	1	2	0	0	0	0	N	Y	N	N	N	N	N	N	N	N	N	N	inf	0.0000	inf	inf	0.0000	inf	inf	0.0000	inf	133.5360	0.0000	7828.5891	0.5008	0.0000	342.8411	149.0617	0.0000	7896.1852	0.0000	0.0000	0.0000	0.0000	0.0000	0.0000	0.0000	0.0000	0.0000	inf	0.1835	0.0000	14.0465	6.0200	5.0068	3.5720	1.9864	0.0000	2.9533	0.0012	0.0000	0.0012	2.9521	0.0000	2.9521	0.0000	0.0000	0.0000	0.0000	0.0000	0.0000	0.0000	0.0000	0.0000	0.0221	0.0217	0.0004	0.0023	0.0023	0.0000	0.0198	0.0194	0.0004	0.0038	0.0032	0.0006	0.0008	0.0007	0.0000	0.0030	0.0025	0.0006	
13	20	43	47	0.3832	9	0	4	1	1	0	0	0	0	N	Y	N	N	N	N	N	N	N	N	N	N	inf	0.0000	inf	inf	0.0000	inf	inf	0.0000	inf	274.6996	0.0000	41519.6943	1.2422	0.0000	2130.9627	564.1538	0.0000	43388.8478	0.0000	0.0000	0.0000	0.0000	0.0000	0.0000	0.0000	0.0000	0.0000	inf	0.1773	0.0000	14.0465	6.0200	2.9074	3.5720	1.4877	0.0000	2.8544	0.0066	0.0000	0.0066	2.8477	0.0000	2.8477	0.0000	0.0000	0.0000	0.0000	0.0000	0.0000	0.0000	0.0000	0.0000	0.0104	0.0103	0.0001	0.0053	0.0053	0.0000	0.0050	0.0050	0.0001	0.0030	0.0027	0.0004	0.0016	0.0016	0.0000	0.0014	0.0011	0.0003	
13	20	43	53	0.3389	9	0	4	0	1	0	0	0	0	N	Y	N	N	N	N	N	N	N	N	N	N	inf	0.0000	inf	inf	0.0000	inf	inf	0.0000	inf	239.3697	0.0000	36550.7410	0.9303	0.0000	1591.4399	494.5883	0.0000	38241.9822	0.0000	0.0000	0.0000	0.0000	0.0000	0.0000	0.0000	0.0000	0.0000	inf	0.1777	-0.0000	14.0465	6.0200	2.9074	3.5720	1.4877	0.0000	2.8604	0.0057	0.0000	0.0057	2.8546	0.0000	2.8546	0.0000	0.0000	0.0000	0.0000	0.0000	0.0000	0.0000	0.0000	0.0000	0.0119	0.0119	0.0001	0.0062	0.0062	0.0000	0.0058	0.0057	0.0001	0.0042	0.0037	0.0005	0.0022	0.0021	0.0000	0.0020	0.0016	0.0004	
13	20	43	59	0.3364	9	0	4	0	1	0	0	0	0	N	Y	N	N	N	N	N	N	N	N	N	N	inf	0.0000	inf	inf	0.0000	inf	inf	0.0000	inf	125.5778	0.0000	20800.2432	0.4954	0.0000	832.1775	255.3887	0.0000	21856.0487	0.0000	0.0000	0.0000	0.0000	0.0000	0.0000	0.0000	0.0000	0.0000	inf	0.1777	-0.0000	14.0465	6.0200	2.9074	3.5720	1.4877	0.0000	2.8604	0.0057	0.0000	0.0057	2.8546	0.0000	2.8546	0.0000	0.0000	0.0000	0.0000	0.0000	0.0000	0.0000	0.0000	0.0000	0.0228	0.0226	0.0001	0.0116	0.0116	0.0000	0.0112	0.0110	0.0001	0.0099	0.0087	0.0011	0.0053	0.0052	0.0001	0.0045	0.0035	0.0010	
13	20	47	53	0.3832	8	0	4	1	1	0	0	0	0	N	Y	N	N	N	N	N	N	N	N	N	N	inf	inf	inf	inf	inf	inf	inf	0.0000	inf	300.4906	0.0000	15305.1531	1.4206	0.0001	1069.7421	329.4412	0.0000	15390.6418	0.0000	0.0000	0.0000	0.0000	0.0000	0.0000	0.0000	0.0000	0.0000	51106620.9549	0.2461	-0.0000	14.0465	6.0200	5.9927	3.5720	2.0491	0.0000	3.9608	0.0017	0.0000	0.0017	3.9591	0.0000	3.9591	0.0000	0.0000	0.0000	0.0000	0.0000	0.0000	0.0000	0.0000	0.0000	0.0132	0.0129	0.0003	0.0012	0.0012	0.0000	0.0120	0.0118	0.0003	0.0019	0.0016	0.0003	0.0005	0.0005	0.0000	0.0014	0.0011	0.0003	
13	20	47	59	0.3832	8	0	4	1	1	0	0	0	0	N	Y	N	N	N	N	N	N	N	N	N	N	inf	0.0000	inf	inf	0.0000	inf	inf	0.0000	inf	155.4730	0.0000	9069.8959	0.7119	0.0000	553.2715	170.9898	0.0000	9128.5490	0.0000	0.0000	0.0000	0.0000	0.0000	0.0000	0.0000	0.0000	0.0000	inf	0.2461	0.0000	14.0465	6.0200	5.9927	3.5720	2.0491	0.0000	3.9608	0.0017	0.0000	0.0017	3.9591	0.0000	3.9591	0.0000	0.0000	0.0000	0.0000	0.0000	0.0000	0.0000	0.0000	0.0000	0.0255	0.0250	0.0004	0.0023	0.0023	0.0000	0.0232	0.0227	0.0004	0.0048	0.0040	0.0008	0.0017	0.0016	0.0001	0.0031	0.0024	0.0007	
13	20	53	59	0.3389	8	0	4	0	1	0	0	0	0	N	Y	N	N	N	N	N	N	N	N	N	N	inf	0.0000	inf	inf	0.0000	inf	inf	0.0000	inf	133.5028	0.0000	8007.5369	0.2267	0.0000	174.5979	149.4503	0.0000	8073.2688	0.0000	0.0000	0.0000	0.0000	0.0000	0.0000	0.0000	0.0000	0.0000	inf	0.2464	-0.0000	14.0465	6.0200	6.9987	3.5720	4.9999	0.0000	3.9672	0.0007	0.0000	0.0007	3.9664	0.0000	3.9664	0.0000	0.0000	0.0000	0.0000	0.0000	0.0000	0.0000	0.0000	0.0000	0.0297	0.0292	0.0005	0.0032	0.0032	0.0000	0.0265	0.0260	0.0005	0.0061	0.0051	0.0011	0.0014	0.0013	0.0001	0.0048	0.0038	0.0010	
13	26	28	43	0.3661	7	0	4	1	2	0	0	0	0	N	Y	N	N	N	N	N	N	N	N	N	N	36047002.0474	0.0000	inf	72278.5933	0.0000	inf	inf	0.0000	inf	139.4854	0.0000	23424.2182	0.5605	0.0000	988.2784	295.8299	0.0000	24615.7176	0.0000	0.0000	0.0000	0.0000	0.0000	0.0000	0.0000	0.0000	0.0000	inf	0.0000	0.1186	-0.0000	14.0465	9.0013	19.4848	6.1061	1.9091	0.0000	1.9091	0.0041	0.0000	0.0041	1.9050	0.0000	1.9050	0.0000	0.0000	0.0000	0.0000	0.0000	0.0000	0.0000	0.0000	0.0000	0.0137	0.0136	0.0001	0.0072	0.0072	0.0000	0.0064	0.0064	0.0001	0.0035	0.0031	0.0004	0.0017	0.0017	0.0000	0.0018	0.0014	0.0004
13	26	28	47	0.3832	8	0	4	2	2	0	0	0	0	N	Y	N	N	N	N	N	N	N	N	N	N	12746992.8300	0.0000	inf	17422.8111	0.0000	inf	inf	0.0000	inf	203.9335	0.0000	10979.5678	0.9901	0.0000	596.8660	225.4373	0.0000	11069.1753	0.0000	0.0000	0.0000	0.0001	0.0001	0.0000	0.0000	0.0000	0.0000	inf	0.0000	0.1833	-0.0000	14.0465	9.0013	19.4848	6.1061	2.9507	0.0000	2.9507	0.0014	0.0000	0.0014	2.9493	0.0000	2.9493	0.0000	0.0000	0.0000	0.0000	0.0000	0.0000	0.0000	0.0000	0.0000	0.0145	0.0142	0.0003	0.0014	0.0014	0.0000	0.0131	0.0128	0.0003	0.0017	0.0014	0.0003	0.0005	0.0004	0.0000	0.0012	0.0010	0.0002
13	26	28	59	0.3644	7	0	4	1	2	0	0	0	0	N	Y	N	N	N	N	N	N	N	N	N	N	49913.3355	0.0000	inf	12.0535	0.0000	inf	inf	0.0000	inf	93.0719	0.0000	5764.3547	0.1252	0.0000	91.6050	104.7483	0.0000	5818.4401	0.0019	0.0022	0.0000	0.0104	0.0108	0.0000	0.0000	0.0000	0.0000	inf	0.0000	0.1837	-0.0000	14.0465	9.0013	19.4848	6.1061	2.9570	0.0000	2.9570	0.0004	0.0000	0.0004	2.9566	0.0000	2.9566	0.0000	0.0000	0.0000	0.0000	0.0000	0.0000	0.0000	0.0000	0.0000	0.0318	0.0313	0.0005	0.0035	0.0035	0.0000	0.0282	0.0277	0.0005	0.0056	0.0047	0.0010	0.0010	0.0010	0.0000	0.0046	0.0037	0.0009
13	26	43	47	0.3832	7	0	4	1	1	0	0	0	0	N	Y	N	N	N	N	N	N	N	N	N	N	13420618.6684	0.0000	inf	27641.8088	0.0000	inf	inf	0.0000	inf	181.1774	0.0000	30290.5041	0.7229	0.0000	1320.6343	378.2272	0.0000	31743.8775	0.0000	0.0000	0.0000	0.0000	0.0000	0.0000	0.0000	0.0000	0.0000	inf	0.0000	0.1775	-0.0000	14.0465	9.0013	19.4848	6.1061	2.8579	0.0000	2.8579	0.0060	0.0000	0.0060	2.8519	0.0000	2.8519	0.0000	0.0000	0.0000	0.0000	0.0000	0.0000	0.0000	0.0000	0.0000	0.0158	0.0157	0.0001	0.0082	0.0082	0.0000	0.0075	0.0075	0.0001	0.0040	0.0035	0.0005	0.0021	0.0020	0.0000	0.0020	0.0015	0.0004
13	26	43	59	0.3661	6	0	4	0	1	0	0	0	0	N	Y	N	N	N	N	N	N	N	N	N	N	48105.4439	0.0000	inf	83.0917	0.0000	inf	inf	0.0000	inf	86.1342	0.0000	15126.2965	0.2912	0.0000	521.0053	180.0153	0.0000	15915.7187	0.0018	0.0020	0.0000	0.0035	0.0036	0.0000	0.0000	0.0000	0.0000	inf	0.0000	0.1779	-0.0000	14.0465	9.0013	19.4848	6.1061	2.8639	0.0000	2.8639	0.0051	0.0000	0.0051	2.8588	0.0000	2.8588	0.0000	0.0000	0.0000	0.0000	0.0000	0.0000	0.0000	0.0000	0.0000	0.0332	0.0331	0.0002	0.0174	0.0174	0.0000	0.0159	0.0157	0.0002	0.0128	0.0113	0.0016	0.0066	0.0064	0.0001	0.0063	0.0049	0.0014
13	26	47	59	0.3832	6	0	4	1	1	0	0	0	0	N	Y	N	N	N	N	N	N	N	N	N	N	17764.0142	0.0000	inf	15.1514	0.0000	inf	inf	0.0000	inf	108.1524	0.0000	6670.1544	0.2639	0.0000	220.1510	119.7249	0.0000	6716.6765	0.0061	0.0073	0.0000	0.0174	0.0188	0.0000	0.0000	0.0000	0.0000	inf	0.0000	0.2463	-0.0000	14.0465	9.0013	19.4848	6.1061	3.9645	0.0000	3.9645	0.0009	0.0000	0.0009	3.9636	0.0000	3.9636	0.0000	0.0000	0.0000	0.0000	0.0000	0.0000	0.0000	0.0000	0.0000	0.0367	0.0361	0.0006	0.0036	0.0035	0.0000	0.0331	0.0325	0.0006	0.0069	0.0057	0.0012	0.0024	0.0022	0.0002	0.0045	0.0035	0.0010
13	28	43	47	0.3832	8	0	4	2	2	0	0	0	0	N	Y	N	N	N	N	N	N	N	N	N	N	5365626.6487	0.0000	104178716.1900	inf	0.0000	inf	5475073.2381	0.0000	99922299.6407	197.7700	0.0000	31947.3252	0.9743	0.0000	1552.9815	417.7053	0.0000	33664.8330	0.0000	0.0000	0.0003	0.0000	0.0000	0.0000	0.0001	0.0000	0.0003	inf	inf	0.1182	0.0000	14.0465	5.0068	19.4848	1.9864	1.9032	0.0000	1.9032	0.0049	0.0000	0.0049	1.8982	0.0000	1.8982	0.0000	0.0000	0.0000	0.0000	0.0000	0.0000	0.0000	0.0000	0.0000	0.0096	0.0096	0.0001	0.0051	0.0051	0.0000	0.0045	0.0045	0.0001	0.0022	0.0019	0.0003	0.0011	0.0011	0.0000	0.0010	0.0008	0.0002
13	28	43	53	0.3389	7	0	4	1	2	0	0	0	0	N	Y	N	N	N	N	N	N	N	N	N	N	inf	0.0000	inf	inf	0.0000	inf	inf	0.0000	inf	173.2534	0.0000	28379.0517	0.6968	0.0000	1226.3846	367.0938	0.0000	29785.1034	0.0000	0.0000	0.0000	0.0000	0.0000	0.0000	0.0000	0.0000	0.0000	inf	0.1186	-0.0000	14.0465	5.0068	2.9074	1.9864	1.4877	0.0000	1.9091	0.0041	0.0000	0.0041	1.9050	0.0000	1.9050	0.0000	0.0000	0.0000	0.0000	0.0000	0.0000	0.0000	0.0000	0.0000	0.0110	0.0110	0.0001	0.0058	0.0058	0.0000	0.0052	0.0051	0.0001	0.0029	0.0026	0.0003	0.0015	0.0014	0.0000	0.0015	0.0012	0.0003	
13	28	43	59	0.2440	6	0	4	1	2	0	0	0	0	N	Y	N	N	N	N	N	N	N	N	N	N	46569230.3041	0.0000	inf	97352.6636	0.0000	inf	inf	0.0000	inf	94.2308	0.0000	16199.8824	0.3816	0.0000	665.4152	198.1351	0.0000	17048.4879	0.0000	0.0000	0.0000	0.0000	0.0000	0.0000	0.0000	0.0000	0.0000	inf	0.0000	0.1186	-0.0000	14.0465	5.0068	19.4848	1.9864	1.9091	0.0000	1.9091	0.0041	0.0000	0.0041	1.9050	0.0000	1.9050	0.0000	0.0000	0.0000	0.0000	0.0000	0.0000	0.0000	0.0000	0.0000	0.0203	0.0201	0.0001	0.0106	0.0106	0.0000	0.0096	0.0095	0.0001	0.0067	0.0059	0.0008	0.0035	0.0034	0.0001	0.0032	0.0026	0.0007
13	28	47	53	0.3832	8	0	4	2	2	0	0	0	0	N	Y	N	N	N	N	N	N	N	N	N	N	inf	inf	inf	inf	inf	inf	inf	0.0000	inf	253.5896	0.0000	13213.3306	1.2473	0.0000	745.1548	279.9457	0.0000	13317.0260	0.0000	0.0000	0.0000	0.0000	0.0000	0.0000	0.0000	0.0000	0.0000	2458892377.4049	0.1833	-0.0000	14.0465	5.0068	5.9927	1.9864	2.0491	0.0000	2.9507	0.0014	0.0000	0.0014	2.9493	0.0000	2.9493	0.0000	0.0000	0.0000	0.0000	0.0000	0.0000	0.0000	0.0000	0.0000	0.0116	0.0114	0.0002	0.0011	0.0011	0.0000	0.0105	0.0103	0.0002	0.0014	0.0012	0.0002	0.0004	0.0004	0.0000	0.0010	0.0008	0.0002	
13	28	47	59	0.3832	8	0	4	2	2	0	0	0	0	N	Y	N	N	N	N	N	N	N	N	N	N	18630671.9248	0.0000	inf	29586.6014	0.0000	inf	inf	0.0000	inf	133.5090	0.0000	7857.3205	0.5986	0.0000	414.0977	148.8943	0.0000	7923.5996	0.0000	0.0000	0.0000	0.0000	0.0000	0.0000	0.0000	0.0000	0.0000	inf	0.0001	0.1833	0.0000	14.0465	5.0068	19.4848	1.9864	2.9507	0.0000	2.9507	0.0014	0.0000	0.0014	2.9493	0.0000	2.9493	0.0000	0.0000	0.0000	0.0000	0.0000	0.0000	0.0000	0.0000	0.0000	0.0221	0.0217	0.0004	0.0023	0.0023	0.0000	0.0198	0.0194	0.0004	0.0035	0.0029	0.0005	0.0012	0.0011	0.0001	0.0022	0.0018	0.0004
13	28	53	59	0.3389	7	0	4	1	2	0	0	0	0	N	Y	N	N	N	N	N	N	N	N	N	N	inf	0.0000	inf	inf	0.0000	inf	inf	0.0000	inf	115.7616	0.0000	6949.0060	0.1576	0.0000	114.5068	130.0818	0.0000	7011.8271	0.0000	0.0000	0.0000	0.0000	0.0000	0.0000	0.0000	0.0000	0.0000	inf	0.1837	0.0000	14.0465	5.0068	6.9987	1.9864	4.9999	0.0000	2.9570	0.0004	0.0000	0.0004	2.9566	0.0000	2.9566	0.0000	0.0000	0.0000	0.0000	0.0000	0.0000	0.0000	0.0000	0.0000	0.0255	0.0251	0.0004	0.0028	0.0028	0.0000	0.0227	0.0223	0.0004	0.0047	0.0039	0.0008	0.0008	0.0008	0.0000	0.0039	0.0031	0.0008	
13	43	47	53	0.3832	7	0	4	1	1	0	0	0	0	N	Y	N	N	N	N	N	N	N	N	N	N	inf	0.0000	inf	inf	0.0000	inf	inf	0.0000	inf	224.9862	0.0000	36704.1926	0.8983	0.0000	1638.5275	469.3879	0.0000	38420.2913	0.0000	0.0000	0.0000	0.0000	0.0000	0.0000	0.0000	0.0000	0.0000	inf	0.1775	-0.0000	14.0465	2.9074	5.9927	1.4877	2.0491	0.0000	2.8579	0.0060	0.0000	0.0060	2.8519	0.0000	2.8519	0.0000	0.0000	0.0000	0.0000	0.0000	0.0000	0.0000	0.0000	0.0000	0.0127	0.0126	0.0001	0.0066	0.0066	0.0000	0.0061	0.0060	0.0001	0.0034	0.0030	0.0004	0.0017	0.0017	0.0000	0.0016	0.0013	0.0004	
13	43	47	59	0.3832	7	0	4	1	1	0	0	0	0	N	Y	N	N	N	N	N	N	N	N	N	N	17551799.8161	0.0000	inf	38157.1279	0.0000	inf	inf	0.0000	inf	122.7787	0.0000	20972.9706	0.4924	0.0000	885.1642	254.9026	0.0000	22015.7565	0.0000	0.0000	0.0000	0.0000	0.0000	0.0000	0.0000	0.0000	0.0000	inf	0.0000	0.1775	-0.0000	14.0465	2.9074	19.4848	1.4877	2.8579	0.0000	2.8579	0.0060	0.0000	0.0060	2.8519	0.0000	2.8519	0.0000	0.0000	0.0000	0.0000	0.0000	0.0000	0.0000	0.0000	0.0000	0.0233	0.0231	0.0001	0.0121	0.0121	0.0000	0.0112	0.0111	0.0001	0.0078	0.0068	0.0009	0.0042	0.0041	0.0001	0.0036	0.0027	0.0008
13	43	53	59	0.3389	6	0	4	0	1	0	0	0	0	N	Y	N	N	N	N	N	N	N	N	N	N	inf	0.0000	inf	inf	0.0000	inf	inf	0.0000	inf	106.9235	0.0000	18399.3686	0.3617	0.0000	648.1251	223.3613	0.0000	19336.4144	0.0000	0.0000	0.0000	0.0000	0.0000	0.0000	0.0000	0.0000	0.0000	inf	0.1779	-0.0000	14.0465	2.9074	6.9987	1.4877	4.9999	0.0000	2.8639	0.0051	0.0000	0.0051	2.8588	0.0000	2.8588	0.0000	0.0000	0.0000	0.0000	0.0000	0.0000	0.0000	0.0000	0.0000	0.0268	0.0266	0.0002	0.0140	0.0140	0.0000	0.0128	0.0127	0.0001	0.0107	0.0094	0.0013	0.0054	0.0053	0.0001	0.0052	0.0041	0.0012	
13	47	53	59	0.3832	6	0	4	1	1	0	0	0	0	N	Y	N	N	N	N	N	N	N	N	N	N	inf	0.0000	inf	inf	0.0000	inf	inf	0.0000	inf	134.4824	0.0000	8042.0951	0.3319	0.0000	275.2132	148.6924	0.0000	8096.1108	0.0000	0.0000	0.0000	0.0000	0.0000	0.0000	0.0000	0.0000	0.0000	inf	0.2463	-0.0000	14.0465	5.9927	6.9987	2.0491	4.9999	0.0000	3.9645	0.0009	0.0000	0.0009	3.9636	0.0000	3.9636	0.0000	0.0000	0.0000	0.0000	0.0000	0.0000	0.0000	0.0000	0.0000	0.0295	0.0290	0.0005	0.0028	0.0028	0.0000	0.0267	0.0262	0.0005	0.0057	0.0047	0.0010	0.0020	0.0018	0.0001	0.0037	0.0029	0.0008	
17	20	25	26	0.3442	8	2	4	0	0	0	0	0	0	N	Y	N	N	N	N	N	N	N	N	N	N	605903676.5161	131584286.4355	inf	5257816.8658	2287339.8465	inf	inf	inf	inf	267.7711	68.7134	11343.6471	3.1563	1.6018	1138.4173	302.3847	77.6570	11435.9082	0.0000	0.0000	0.0000	0.0000	0.0000	0.0000	0.0000	0.0000	0.0000	2.9670	0.0000	-0.7457	-0.0000	3.9750	6.0200	4.4559	3.5720	3.9255	0.9895	2.9359	0.0054	0.0027	0.0026	3.9201	0.9868	2.9333	0.0000	0.0000	0.0000	0.0000	0.0000	0.0000	0.0000	0.0000	0.0000	0.0147	0.0144	0.0003	0.0017	0.0017	0.0000	0.0130	0.0127	0.0003	0.0043	0.0037	0.0007	0.0032	0.0027	0.0005	0.0011	0.0009	0.0002
17	20	25	28	0.3640	10	2	4	1	1	0	0	0	0	N	Y	N	N	N	N	N	N	N	N	N	N	inf	inf	inf	inf	inf	inf	inf	inf	inf	329.4719	113.4278	11790.8845	5.3411	2.7318	1750.2303	374.1976	129.0043	11890.1121	0.0000	0.0000	0.0000	0.0000	0.0000	0.0000	0.0000	0.0000	0.0000	1.9594	-0.8065	0.0000	3.9750	6.0200	18.4448	3.5720	14.9713	0.9882	1.9363	0.0057	0.0029	0.0028	2.9187	0.9853	1.9335	0.0000	0.0000	0.0000	0.0000	0.0000	0.0000	0.0000	0.0000	0.0000	0.0089	0.0087	0.0002	0.0011	0.0011	0.0000	0.0078	0.0076	0.0002	0.0023	0.0020	0.0003	0.0017	0.0015	0.0002	0.0006	0.0005	0.0001	
17	20	25	39	0.3442	8	3	3	1	0	0	0	0	0	N	N	N	N	N	N	N	N	N	N	N	N	inf	inf	inf	inf	inf	inf	inf	inf	inf	267.5693	68.6266	11337.8558	3.1530	1.5998	1137.5041	302.1575	77.5591	11430.0806	0.0000	0.0000	0.0000	0.0000	0.0000	0.0000	0.0000	0.0000	0.0000	2.9690	-0.7449	-0.0000	3.9750	6.0200	18.4448	3.5720	14.9713	0.9887	2.9355	0.0053	0.0027	0.0026	3.9189	0.9860	2.9329	0.0000	0.0000	0.0000	0.0000	0.0000	0.0000	0.0000	0.0000	0.0000	0.0147	0.0144	0.0003	0.0017	0.0017	0.0000	0.0130	0.0127	0.0003	0.0040	0.0034	0.0006	0.0029	0.0025	0.0004	0.0010	0.0008	0.0002	
17	20	25	43	0.3657	9	2	4	0	0	0	0	0	0	N	Y	N	N	N	N	N	N	N	N	N	N	inf	inf	inf	inf	inf	inf	inf	inf	inf	297.1436	103.5727	30128.4509	2.0595	0.9263	1888.3402	615.7010	215.7491	31563.0226	0.0000	0.0000	0.0000	0.0000	0.0000	0.0000	0.0000	0.0000	0.0000	1.8876	-0.8018	0.0000	3.9750	6.0200	18.4448	3.5720	14.9713	0.9771	1.8443	0.0102	0.0046	0.0056	2.8113	0.9725	1.8387	0.0000	0.0000	0.0000	0.0000	0.0000	0.0000	0.0000	0.0000	0.0000	0.0095	0.0094	0.0001	0.0049	0.0049	0.0000	0.0046	0.0045	0.0001	0.0065	0.0058	0.0007	0.0057	0.0051	0.0006	0.0009	0.0007	0.0001	
17	20	25	47	0.3886	8	2	4	1	0	0	0	0	0	N	Y	N	N	N	N	N	N	N	N	N	N	inf	inf	inf	inf	inf	inf	inf	inf	inf	383.8126	98.5168	15431.8997	5.7134	2.9178	1946.7528	429.2196	110.2230	15544.5900	0.0000	0.0000	0.0000	0.0000	0.0000	0.0000	0.0000	0.0000	0.0000	2.9698	-0.7438	0.0000	3.9750	6.0200	18.4448	3.5720	14.9713	0.9873	2.9319	0.0063	0.0032	0.0031	3.9129	0.9841	2.9289	0.0000	0.0000	0.0000	0.0000	0.0000	0.0000	0.0000	0.0000	0.0000	0.0102	0.0100	0.0002	0.0011	0.0011	0.0000	0.0091	0.0089	0.0002	0.0027	0.0023	0.0004	0.0021	0.0018	0.0003	0.0006	0.0005	0.0001	
17	20	25	53	0.3442	8	2	4	0	0	0	0	0	0	N	Y	N	N	N	N	N	N	N	N	N	N	inf	inf	inf	inf	inf	inf	inf	inf	inf	332.6815	85.4192	13657.1750	3.9490	2.0041	1420.9543	375.3437	96.4550	13763.8430	0.0000	0.0000	0.0000	0.0000	0.0000	0.0000	0.0000	0.0000	0.0000	2.9670	-0.7457	-0.0000	3.9750	6.0200	18.4448	3.5720	14.9713	0.9895	2.9359	0.0054	0.0027	0.0026	3.9201	0.9868	2.9333	0.0000	0.0000	0.0000	0.0000	0.0000	0.0000	0.0000	0.0000	0.0000	0.0118	0.0116	0.0002	0.0014	0.0014	0.0000	0.0104	0.0102	0.0002	0.0036	0.0031	0.0006	0.0027	0.0023	0.0004	0.0009	0.0008	0.0002	
17	20	25	59	0.2655	8	2	4	0	0	0	0	0	0	N	Y	N	N	N	N	N	N	N	N	N	N	inf	inf	inf	inf	inf	inf	inf	inf	inf	171.2741	43.8713	8070.5305	1.9786	1.0041	717.8647	193.9303	49.7042	8145.6152	0.0000	0.0000	0.0000	0.0000	0.0000	0.0000	0.0000	0.0000	0.0000	2.9670	-0.7457	0.0000	3.9750	6.0200	18.4448	3.5720	14.9713	0.9895	2.9359	0.0054	0.0027	0.0026	3.9201	0.9868	2.9333	0.0000	0.0000	0.0000	0.0000	0.0000	0.0000	0.0000	0.0000	0.0000	0.0229	0.0226	0.0004	0.0027	0.0027	0.0000	0.0202	0.0199	0.0004	0.0081	0.0069	0.0013	0.0055	0.0047	0.0008	0.0026	0.0022	0.0005	
17	20	25	61	0.3739	8	3	3	1	0	0	0	0	0	N	N	N	N	N	N	N	N	N	N	N	N	inf	inf	inf	inf	inf	inf	inf	inf	inf	551.7500	140.7832	21651.4799	6.5845	3.3313	2362.5990	621.7524	158.7936	21811.2125	0.0000	0.0000	0.0000	0.0000	0.0000	0.0000	0.0000	0.0000	0.0000	2.9955	-0.7352	-0.0000	3.9750	6.0200	18.4448	3.5720	14.9713	0.9779	2.9293	0.0053	0.0027	0.0026	3.9019	0.9752	2.9266	0.0000	0.0000	0.0000	0.0000	0.0000	0.0000	0.0000	0.0000	0.0000	0.0071	0.0069	0.0001	0.0008	0.0008	0.0000	0.0063	0.0061	0.0001	0.0014	0.0012	0.0002	0.0011	0.0009	0.0002	0.0003	0.0003	0.0001	
17	20	26	28	0.3644	10	1	4	1	1	0	0	0	0	N	Y	N	N	N	N	N	N	N	N	N	N	inf	0.0000	inf	inf	0.0000	inf	inf	0.0000	inf	589.9574	0.0000	26931.8325	10.9904	0.0000	9745.6085	658.6196	0.0000	27026.1509	0.0000	0.0000	0.0000	0.0000	0.0000	0.0000	0.0000	0.0000	0.0000	inf	0.1834	-0.0000	3.9750	6.0200	9.0013	3.5720	6.1061	0.0000	2.9519	0.0058	0.0000	0.0058	2.9460	0.0000	2.9460	0.0000	0.0000	0.0000	0.0000	0.0000	0.0000	0.0000	0.0000	0.0000	0.0050	0.0049	0.0001	0.0005	0.0005	0.0000	0.0045	0.0044	0.0001	0.0014	0.0012	0.0002	0.0011	0.0009	0.0002	0.0003	0.0003	0.0001	
17	20	26	42	0.2659	8	1	3	0	0	0	0	0	0	N	N	N	N	N	N	N	N	N	N	N	N	726912627.1279	0.0000	inf	6330207.9548	0.0000	inf	inf	0.0000	inf	350.1900	0.0000	18275.5850	4.0610	0.0000	3100.1179	396.3106	0.0000	18398.5563	0.0000	0.0000	0.0000	0.0000	0.0000	0.0000	0.0000	0.0000	0.0000	inf	0.0000	0.2439	-0.0000	3.9750	6.0200	4.4559	3.5720	3.9255	0.0000	3.9255	0.0054	0.0000	0.0054	3.9201	0.0000	3.9201	0.0000	0.0000	0.0000	0.0000	0.0000	0.0000	0.0000	0.0000	0.0000	0.0112	0.0110	0.0002	0.0013	0.0013	0.0000	0.0099	0.0097	0.0002	0.0039	0.0033	0.0006	0.0029	0.0025	0.0004	0.0010	0.0008	0.0002
17	20	26	43	0.3661	9	1	4	0	0	0	0	0	0	N	Y	N	N	N	N	N	N	N	N	N	N	inf	0.0000	inf	inf	0.0000	inf	inf	0.0000	inf	526.6630	0.0000	71753.3094	3.6669	0.0000	6839.5465	1088.9829	0.0000	74306.6152	0.0000	0.0000	0.0000	0.0000	0.0000	0.0000	0.0000	0.0000	0.0000	inf	0.1769	0.0000	3.9750	6.0200	9.0013	3.5720	6.1061	0.0000	2.8482	0.0103	0.0000	0.0103	2.8379	0.0000	2.8379	0.0000	0.0000	0.0000	0.0000	0.0000	0.0000	0.0000	0.0000	0.0000	0.0054	0.0054	0.0000	0.0028	0.0028	0.0000	0.0026	0.0026	0.0000	0.0040	0.0035	0.0004	0.0035	0.0031	0.0004	0.0005	0.0004	0.0001	
17	20	26	47	0.2800	7	1	4	1	0	0	0	0	0	N	Y	N	N	N	N	N	N	N	N	N	N	inf	0.0000	inf	inf	0.0000	inf	inf	0.0000	inf	679.4455	0.0000	31098.3335	11.3013	0.0000	12320.7553	750.9062	0.0000	31174.8131	0.0000	0.0000	0.0000	0.0000	0.0000	0.0000	0.0000	0.0000	0.0000	inf	0.2452	0.0000	3.9750	6.0200	9.0013	3.5720	6.1061	0.0000	3.9475	0.0063	0.0000	0.0063	3.9412	0.0000	3.9412	0.0000	0.0000	0.0000	0.0000	0.0000	0.0000	0.0000	0.0000	0.0000	0.0058	0.0057	0.0001	0.0006	0.0006	0.0000	0.0052	0.0051	0.0001	0.0017	0.0014	0.0002	0.0013	0.0011	0.0002	0.0004	0.0003	0.0001	
17	20	26	59	0.2357	7	1	4	0	0	0	0	0	0	N	Y	N	N	N	N	N	N	N	N	N	N	inf	0.0000	inf	inf	0.0000	inf	inf	0.0000	inf	301.9163	0.0000	16349.2212	3.6967	0.0000	4120.2192	339.5831	0.0000	16416.2152	0.0000	0.0000	0.0000	0.0000	0.0000	0.0000	0.0000	0.0000	0.0000	inf	0.2456	-0.0000	3.9750	6.0200	9.0013	3.5720	6.1061	0.0000	3.9539	0.0054	0.0000	0.0054	3.9485	0.0000	3.9485	0.0000	0.0000	0.0000	0.0000	0.0000	0.0000	0.0000	0.0000	0.0000	0.0131	0.0129	0.0002	0.0015	0.0015	0.0000	0.0116	0.0114	0.0002	0.0049	0.0041	0.0008	0.0034	0.0029	0.0005	0.0014	0.0012	0.0003	
17	20	26	61	0.2654	7	2	3	1	0	0	0	0	0	N	N	N	N	N	N	N	N	N	N	N	N	inf	inf	inf	inf	inf	inf	inf	inf	inf	968.7479	0.3089	43392.7535	12.4405	0.0078	13407.2135	1082.7276	0.3456	43526.0240	0.0000	0.0000	0.0000	0.0000	0.0000	0.0000	0.0000	0.0000	0.0000	3207.1712	0.2433	0.0000	3.9750	6.0200	9.0013	3.5720	6.1061	0.0012	3.9342	0.0054	0.0000	0.0054	3.9301	0.0012	3.9289	0.0000	0.0000	0.0000	0.0000	0.0000	0.0000	0.0000	0.0000	0.0000	0.0041	0.0040	0.0001	0.0004	0.0004	0.0000	0.0036	0.0035	0.0001	0.0009	0.0008	0.0001	0.0007	0.0006	0.0001	0.0002	0.0002	0.0000	
17	20	26	73	0.2659	8	1	4	0	0	0	0	0	0	N	Y	N	N	N	N	N	N	N	N	N	N	1257661856.4054	0.0000	inf	10597631.5211	0.0000	inf	inf	0.0000	inf	446.1142	0.0000	22290.0609	5.0141	0.0000	4043.2158	507.0142	0.0000	22428.2623	0.0000	0.0000	0.0000	0.0000	0.0000	0.0000	0.0000	0.0000	0.0000	inf	0.0000	0.2439	-0.0000	3.9750	6.0200	4.4559	3.5720	3.9255	0.0000	3.9255	0.0054	0.0000	0.0054	3.9201	0.0000	3.9201	0.0000	0.0000	0.0000	0.0000	0.0000	0.0000	0.0000	0.0000	0.0000	0.0088	0.0086	0.0002	0.0011	0.0011	0.0000	0.0077	0.0076	0.0002	0.0039	0.0033	0.0006	0.0029	0.0025	0.0004	0.0010	0.0008	0.0002
17	20	28	43	0.3657	10	1	4	1	1	0	0	0	0	N	Y	N	N	N	N	N	N	N	N	N	N	inf	0.0000	inf	inf	0.0000	inf	inf	0.0000	inf	576.9916	0.0000	75477.9929	5.3850	0.0000	9585.1673	1197.7789	0.0000	78099.4218	0.0000	0.0000	0.0000	0.0000	0.0000	0.0000	0.0000	0.0000	0.0000	inf	0.1183	0.0000	3.9750	6.0200	5.0068	3.5720	1.9864	0.0000	1.9045	0.0093	0.0000	0.0093	1.8953	0.0000	1.8953	0.0000	0.0000	0.0000	0.0000	0.0000	0.0000	0.0000	0.0000	0.0000	0.0033	0.0033	0.0000	0.0017	0.0017	0.0000	0.0016	0.0016	0.0000	0.0022	0.0019	0.0002	0.0019	0.0017	0.0002	0.0003	0.0002	0.0000	
17	20	28	47	0.3784	10	1	4	2	1	0	0	0	0	N	Y	N	N	N	N	N	N	N	N	N	N	inf	0.0000	inf	inf	0.0000	inf	inf	0.0000	inf	843.0841	0.0000	36468.5828	19.4910	0.0000	16532.1948	933.5092	0.0000	36569.6777	0.0000	0.0000	0.0000	0.0000	0.0000	0.0000	0.0000	0.0000	0.0000	inf	0.1830	0.0000	3.9750	6.0200	5.0068	3.5720	1.9864	0.0000	2.9455	0.0067	0.0000	0.0067	2.9388	0.0000	2.9388	0.0000	0.0000	0.0000	0.0000	0.0000	0.0000	0.0000	0.0000	0.0000	0.0035	0.0034	0.0001	0.0003	0.0003	0.0000	0.0031	0.0031	0.0001	0.0009	0.0008	0.0001	0.0007	0.0006	0.0001	0.0002	0.0002	0.0000	
17	20	28	53	0.3640	10	1	4	1	1	0	0	0	0	N	Y	N	N	N	N	N	N	N	N	N	N	inf	0.0000	inf	inf	0.0000	inf	inf	0.0000	inf	732.5489	0.0000	32360.9664	13.7391	0.0000	12175.2907	817.1547	0.0000	32467.4919	0.0000	0.0000	0.0000	0.0000	0.0000	0.0000	0.0000	0.0000	0.0000	inf	0.1834	-0.0000	3.9750	6.0200	5.0068	3.5720	1.9864	0.0000	2.9519	0.0058	0.0000	0.0058	2.9460	0.0000	2.9460	0.0000	0.0000	0.0000	0.0000	0.0000	0.0000	0.0000	0.0000	0.0000	0.0040	0.0039	0.0001	0.0004	0.0004	0.0000	0.0036	0.0035	0.0001	0.0012	0.0010	0.0002	0.0009	0.0008	0.0001	0.0003	0.0002	0.0000	
17	20	28	59	0.3640	10	1	4	1	1	0	0	0	0	N	Y	N	N	N	N	N	N	N	N	N	N	inf	0.0000	inf	inf	0.0000	inf	inf	0.0000	inf	378.1404	0.0000	19297.9888	6.8727	0.0000	6127.4537	423.4050	0.0000	19380.4269	0.0000	0.0000	0.0000	0.0000	0.0000	0.0000	0.0000	0.0000	0.0000	inf	0.1834	0.0000	3.9750	6.0200	5.0068	3.5720	1.9864	0.0000	2.9519	0.0058	0.0000	0.0058	2.9460	0.0000	2.9460	0.0000	0.0000	0.0000	0.0000	0.0000	0.0000	0.0000	0.0000	0.0000	0.0078	0.0077	0.0002	0.0008	0.0008	0.0000	0.0070	0.0068	0.0002	0.0026	0.0022	0.0004	0.0019	0.0016	0.0003	0.0007	0.0006	0.0001	
17	20	28	73	0.3640	10	1	4	1	1	0	0	0	0	N	Y	N	N	N	N	N	N	N	N	N	N	inf	0.0000	inf	inf	0.0000	inf	inf	0.0000	inf	545.2417	0.0000	26083.9407	8.1365	0.0000	6226.2735	626.7237	0.0000	26248.8230	0.0000	0.0000	0.0000	0.0000	0.0000	0.0000	0.0000	0.0000	0.0000	inf	0.1817	-0.0000	3.9750	6.0200	5.0068	3.5720	1.9864	0.0000	2.9245	0.0057	0.0000	0.0057	2.9187	0.0000	2.9187	0.0000	0.0000	0.0000	0.0000	0.0000	0.0000	0.0000	0.0000	0.0000	0.0054	0.0053	0.0001	0.0007	0.0007	0.0000	0.0047	0.0045	0.0001	0.0021	0.0018	0.0003	0.0016	0.0014	0.0002	0.0005	0.0004	0.0001	
17	20	39	42	0.2655	8	2	2	1	0	0	0	0	0	N	N	N	N	N	N	N	N	N	N	N	N	524708683.1663	93900.3541	inf	4581254.4411	1639.3992	inf	inf	inf	inf	349.9260	0.0737	18259.3859	4.0568	0.0017	3095.6066	396.0129	0.0835	18382.2729	0.0000	0.0000	0.0000	0.0000	0.0000	0.0000	0.0000	0.0000	0.0000	4837.5366	0.0000	0.2430	-0.0000	3.9750	6.0200	4.4559	3.5720	3.9242	0.0008	3.9234	0.0053	0.0000	0.0053	3.9189	0.0008	3.9181	0.0000	0.0000	0.0000	0.0000	0.0000	0.0000	0.0000	0.0000	0.0000	0.0112	0.0110	0.0002	0.0013	0.0013	0.0000	0.0099	0.0097	0.0002	0.0036	0.0030	0.0005	0.0027	0.0023	0.0004	0.0009	0.0007	0.0002
17	20	39	43	0.3657	9	2	3	1	0	0	0	0	0	N	N	N	N	N	N	N	N	N	N	N	N	32623968.8034	8246.9537	inf	198514.5389	64.9794	inf	inf	inf	inf	526.2247	0.1491	71677.7902	3.6634	0.0013	6830.6026	1088.0771	0.3102	74228.6268	0.0000	0.0000	0.0000	0.0000	0.0000	0.0000	0.0000	0.0000	0.0000	3554.5880	0.0000	0.1761	-0.0000	3.9750	6.0200	4.4559	3.5720	2.8470	0.0008	2.8462	0.0103	0.0000	0.0103	2.8368	0.0008	2.8360	0.0000	0.0000	0.0000	0.0000	0.0000	0.0000	0.0000	0.0000	0.0000	0.0054	0.0054	0.0000	0.0028	0.0028	0.0000	0.0026	0.0026	0.0000	0.0036	0.0032	0.0004	0.0032	0.0029	0.0003	0.0005	0.0004	0.0001
17	20	39	47	0.2800	7	2	3	2	0	0	0	0	0	N	N	N	N	N	N	N	N	N	N	N	N	929896294.5109	166109.8173	inf	12078476.3751	4301.3695	inf	inf	inf	inf	678.9345	0.1424	31070.8915	11.2895	0.0047	12302.9100	750.3427	0.1574	31147.3384	0.0000	0.0000	0.0000	0.0000	0.0000	0.0000	0.0000	0.0000	0.0000	4874.3710	0.0000	0.2443	-0.0000	3.9750	6.0200	4.4559	3.5720	3.9463	0.0008	3.9454	0.0063	0.0000	0.0063	3.9399	0.0008	3.9391	0.0000	0.0000	0.0000	0.0000	0.0000	0.0000	0.0000	0.0000	0.0000	0.0058	0.0057	0.0001	0.0006	0.0006	0.0000	0.0053	0.0051	0.0001	0.0015	0.0013	0.0002	0.0012	0.0010	0.0002	0.0003	0.0003	0.0001
17	20	39	59	0.2357	7	2	3	1	0	0	0	0	0	N	N	N	N	N	N	N	N	N	N	N	N	2429564.0947	428.9674	inf	21013.5613	7.3876	inf	inf	inf	inf	301.6887	0.0631	16334.7241	3.6929	0.0015	4114.2713	339.3278	0.0710	16401.6766	0.0001	0.0001	0.0000	0.0002	0.0002	0.0000	0.0000	0.0000	0.0000	4870.9124	0.0000	0.2447	-0.0000	3.9750	6.0200	4.4559	3.5720	3.9527	0.0008	3.9519	0.0054	0.0000	0.0054	3.9472	0.0008	3.9464	0.0000	0.0000	0.0000	0.0000	0.0000	0.0000	0.0000	0.0000	0.0000	0.0131	0.0129	0.0002	0.0015	0.0015	0.0000	0.0116	0.0114	0.0002	0.0045	0.0038	0.0007	0.0031	0.0027	0.0005	0.0013	0.0011	0.0002
17	20	39	61	0.2654	7	3	2	2	0	0	0	0	0	N	N	N	N	N	N	N	N	N	N	N	N	inf	inf	inf	inf	inf	inf	inf	inf	inf	968.0205	0.5100	43354.5942	12.4276	0.0129	13387.9300	1081.9165	0.5707	43487.7917	0.0000	0.0000	0.0000	0.0000	0.0000	0.0000	0.0000	0.0000	0.0000	1940.3584	0.2424	-0.0000	3.9750	6.0200	9.0059	3.5720	4.3814	0.0020	3.9322	0.0054	0.0000	0.0054	3.9288	0.0020	3.9268	0.0000	0.0000	0.0000	0.0000	0.0000	0.0000	0.0000	0.0000	0.0000	0.0041	0.0040	0.0001	0.0004	0.0004	0.0000	0.0036	0.0035	0.0001	0.0008	0.0007	0.0001	0.0006	0.0005	0.0001	0.0002	0.0002	0.0000	
17	20	39	73	0.2655	8	2	3	1	0	0	0	0	0	N	N	N	N	N	N	N	N	N	N	N	N	inf	inf	inf	inf	inf	inf	inf	inf	inf	445.7779	0.0940	22270.3286	5.0089	0.0021	4037.3332	506.6334	0.1070	22408.4369	0.0000	0.0000	0.0000	0.0000	0.0000	0.0000	0.0000	0.0000	0.0000	4837.5366	0.2430	-0.0000	3.9750	6.0200	9.0059	3.5720	4.3814	0.0008	3.9234	0.0053	0.0000	0.0053	3.9189	0.0008	3.9181	0.0000	0.0000	0.0000	0.0000	0.0000	0.0000	0.0000	0.0000	0.0000	0.0088	0.0086	0.0002	0.0011	0.0011	0.0000	0.0077	0.0076	0.0002	0.0036	0.0031	0.0005	0.0027	0.0023	0.0004	0.0009	0.0007	0.0002	
17	20	42	43	0.3657	9	1	3	0	0	0	0	0	0	N	N	N	N	N	N	N	N	N	N	N	N	inf	0.0000	inf	inf	0.0000	inf	inf	0.0000	inf	386.6060	0.0000	56353.0419	2.6645	0.0000	4475.5980	806.0031	0.0000	58814.8093	0.0000	0.0000	0.0000	0.0000	0.0000	0.0000	0.0000	0.0000	0.0000	inf	0.1753	0.0000	3.9750	6.0200	12.7198	3.5720	12.5308	0.0000	2.8214	0.0102	0.0000	0.0102	2.8113	0.0000	2.8113	0.0000	0.0000	0.0000	0.0000	0.0000	0.0000	0.0000	0.0000	0.0000	0.0073	0.0072	0.0001	0.0038	0.0038	0.0000	0.0035	0.0034	0.0000	0.0059	0.0053	0.0006	0.0052	0.0047	0.0005	0.0007	0.0006	0.0001	
17	20	42	47	0.3483	8	1	3	1	0	0	0	0	0	N	N	N	N	N	N	N	N	N	N	N	N	inf	0.0000	inf	inf	0.0000	inf	inf	0.0000	inf	501.5008	0.0000	24813.4040	7.2960	0.0000	5317.1597	562.3987	0.0000	24959.7040	0.0000	0.0000	0.0000	0.0000	0.0000	0.0000	0.0000	0.0000	0.0000	inf	0.2435	0.0000	3.9750	6.0200	12.7198	3.5720	12.5308	0.0000	3.9192	0.0063	0.0000	0.0063	3.9129	0.0000	3.9129	0.0000	0.0000	0.0000	0.0000	0.0000	0.0000	0.0000	0.0000	0.0000	0.0078	0.0077	0.0002	0.0009	0.0009	0.0000	0.0070	0.0068	0.0002	0.0025	0.0021	0.0004	0.0019	0.0017	0.0003	0.0005	0.0004	0.0001	
17	20	42	53	0.3040	8	1	3	0	0	0	0	0	0	N	N	N	N	N	N	N	N	N	N	N	N	inf	0.0000	inf	inf	0.0000	inf	inf	0.0000	inf	435.0409	0.0000	21983.8745	5.0813	0.0000	3868.7935	491.8678	0.0000	22125.3270	0.0000	0.0000	0.0000	0.0000	0.0000	0.0000	0.0000	0.0000	0.0000	inf	0.2439	-0.0000	3.9750	6.0200	12.7198	3.5720	12.5308	0.0000	3.9255	0.0054	0.0000	0.0054	3.9201	0.0000	3.9201	0.0000	0.0000	0.0000	0.0000	0.0000	0.0000	0.0000	0.0000	0.0000	0.0090	0.0088	0.0002	0.0011	0.0011	0.0000	0.0080	0.0078	0.0002	0.0033	0.0028	0.0005	0.0025	0.0021	0.0003	0.0008	0.0007	0.0001	
17	20	42	59	0.2655	8	1	3	0	0	0	0	0	0	N	N	N	N	N	N	N	N	N	N	N	N	640171718.8894	0.0000	inf	5049479.9546	0.0000	inf	inf	0.0000	inf	224.1823	0.0000	13042.8883	2.5527	0.0000	1956.8156	254.3315	0.0000	13144.5668	0.0000	0.0000	0.0000	0.0000	0.0000	0.0000	0.0000	0.0000	0.0000	inf	0.0005	0.2439	0.0000	3.9750	6.0200	4.4559	3.5720	3.9255	0.0000	3.9255	0.0054	0.0000	0.0054	3.9201	0.0000	3.9201	0.0000	0.0000	0.0000	0.0000	0.0000	0.0000	0.0000	0.0000	0.0000	0.0175	0.0172	0.0003	0.0021	0.0021	0.0000	0.0154	0.0151	0.0003	0.0072	0.0061	0.0011	0.0050	0.0043	0.0007	0.0022	0.0018	0.0004
17	20	42	61	0.3337	8	2	2	1	0	0	0	0	0	N	N	N	N	N	N	N	N	N	N	N	N	inf	inf	inf	inf	inf	inf	inf	inf	inf	721.4105	0.2311	34712.9925	8.4751	0.0054	6407.5598	814.5935	0.2613	34922.7102	0.0000	0.0000	0.0000	0.0000	0.0000	0.0000	0.0000	0.0000	0.0000	3186.2821	0.2415	0.0000	3.9750	6.0200	12.7198	3.5720	12.5308	0.0012	3.9059	0.0053	0.0000	0.0053	3.9019	0.0012	3.9006	0.0000	0.0000	0.0000	0.0000	0.0000	0.0000	0.0000	0.0000	0.0000	0.0054	0.0053	0.0001	0.0006	0.0006	0.0000	0.0048	0.0047	0.0001	0.0013	0.0011	0.0002	0.0010	0.0009	0.0001	0.0003	0.0002	0.0001	
17	20	43	47	0.3770	9	1	4	1	0	0	0	0	0	N	Y	N	N	N	N	N	N	N	N	N	N	inf	0.0000	inf	inf	0.0000	inf	inf	0.0000	inf	747.8072	0.0000	97874.8269	5.6853	0.0000	10574.9396	1538.6474	0.0000	101163.2289	0.0000	0.0000	0.0000	0.0000	0.0000	0.0000	0.0000	0.0000	0.0000	inf	0.1766	0.0000	3.9750	6.0200	2.9074	3.5720	1.4877	0.0000	2.8422	0.0111	0.0000	0.0111	2.8310	0.0000	2.8310	0.0000	0.0000	0.0000	0.0000	0.0000	0.0000	0.0000	0.0000	0.0000	0.0038	0.0038	0.0000	0.0020	0.0020	0.0000	0.0018	0.0018	0.0000	0.0025	0.0022	0.0003	0.0022	0.0019	0.0002	0.0003	0.0002	0.0000	
17	20	43	53	0.3657	9	1	4	0	0	0	0	0	0	N	Y	N	N	N	N	N	N	N	N	N	N	inf	0.0000	inf	inf	0.0000	inf	inf	0.0000	inf	652.7450	0.0000	86576.7996	4.5449	0.0000	8462.3914	1349.6556	0.0000	89570.2189	0.0000	0.0000	0.0000	0.0000	0.0000	0.0000	0.0000	0.0000	0.0000	inf	0.1769	-0.0000	3.9750	6.0200	2.9074	3.5720	1.4877	0.0000	2.8482	0.0103	0.0000	0.0103	2.8379	0.0000	2.8379	0.0000	0.0000	0.0000	0.0000	0.0000	0.0000	0.0000	0.0000	0.0000	0.0044	0.0043	0.0000	0.0023	0.0023	0.0000	0.0021	0.0021	0.0000	0.0034	0.0030	0.0004	0.0029	0.0026	0.0003	0.0004	0.0004	0.0001	
17	20	43	59	0.3657	9	1	4	0	0	0	0	0	0	N	Y	N	N	N	N	N	N	N	N	N	N	inf	0.0000	inf	inf	0.0000	inf	inf	0.0000	inf	339.9568	0.0000	50412.5482	2.3747	0.0000	4445.1123	700.4727	0.0000	52373.3933	0.0000	0.0000	0.0000	0.0000	0.0000	0.0000	0.0000	0.0000	0.0000	inf	0.1769	0.0000	3.9750	6.0200	2.9074	3.5720	1.4877	0.0000	2.8482	0.0103	0.0000	0.0103	2.8379	0.0000	2.8379	0.0000	0.0000	0.0000	0.0000	0.0000	0.0000	0.0000	0.0000	0.0000	0.0084	0.0083	0.0001	0.0043	0.0043	0.0000	0.0041	0.0040	0.0001	0.0069	0.0061	0.0008	0.0059	0.0053	0.0006	0.0010	0.0009	0.0002	
17	20	43	61	0.3657	9	2	3	1	0	0	0	0	0	N	N	N	N	N	N	N	N	N	N	N	N	inf	inf	inf	inf	inf	inf	inf	inf	inf	1076.6012	0.4637	137229.4760	7.4768	0.0041	13902.2731	2228.1141	0.9664	141774.4659	0.0000	0.0000	0.0000	0.0000	0.0000	0.0000	0.0000	0.0000	0.0000	2338.8849	0.1747	0.0000	3.9750	6.0200	2.9074	3.5720	1.4877	0.0012	2.8303	0.0102	0.0000	0.0102	2.8213	0.0012	2.8201	0.0000	0.0000	0.0000	0.0000	0.0000	0.0000	0.0000	0.0000	0.0000	0.0026	0.0026	0.0000	0.0014	0.0014	0.0000	0.0013	0.0012	0.0000	0.0013	0.0012	0.0001	0.0012	0.0010	0.0001	0.0002	0.0001	0.0000	
17	20	43	73	0.3657	9	1	4	0	0	0	0	0	0	N	Y	N	N	N	N	N	N	N	N	N	N	inf	0.0000	inf	inf	0.0000	inf	inf	0.0000	inf	490.9469	0.0000	69090.6757	3.3632	0.0000	5728.9476	1030.3527	0.0000	71964.7971	0.0000	0.0000	0.0000	0.0000	0.0000	0.0000	0.0000	0.0000	0.0000	inf	0.1753	0.0000	3.9750	6.0200	2.9074	3.5720	1.4877	0.0000	2.8214	0.0102	0.0000	0.0102	2.8113	0.0000	2.8113	0.0000	0.0000	0.0000	0.0000	0.0000	0.0000	0.0000	0.0000	0.0000	0.0057	0.0057	0.0000	0.0030	0.0030	0.0000	0.0027	0.0027	0.0000	0.0060	0.0053	0.0006	0.0052	0.0047	0.0005	0.0007	0.0006	0.0001	
17	20	47	53	0.2800	7	1	4	1	0	0	0	0	0	N	Y	N	N	N	N	N	N	N	N	N	N	inf	0.0000	inf	inf	0.0000	inf	inf	0.0000	inf	843.5321	0.0000	37372.9462	14.1034	0.0000	15364.1016	931.7360	0.0000	37459.3214	0.0000	0.0000	0.0000	0.0000	0.0000	0.0000	0.0000	0.0000	0.0000	inf	0.2452	-0.0000	3.9750	6.0200	5.9927	3.5720	2.0491	0.0000	3.9475	0.0063	0.0000	0.0063	3.9412	0.0000	3.9412	0.0000	0.0000	0.0000	0.0000	0.0000	0.0000	0.0000	0.0000	0.0000	0.0047	0.0046	0.0001	0.0004	0.0004	0.0000	0.0042	0.0041	0.0001	0.0014	0.0012	0.0002	0.0011	0.0010	0.0002	0.0003	0.0003	0.0001	
17	20	47	59	0.2800	7	1	4	1	0	0	0	0	0	N	Y	N	N	N	N	N	N	N	N	N	N	1143490380.0430	0.0000	inf	13624888.1866	0.0000	inf	inf	0.0000	inf	436.0743	0.0000	22287.6660	6.9422	0.0000	7739.7493	484.2593	0.0000	22355.3043	0.0000	0.0000	0.0000	0.0000	0.0000	0.0000	0.0000	0.0000	0.0000	inf	0.0001	0.2452	0.0000	3.9750	6.0200	4.4559	3.5720	3.9475	0.0000	3.9475	0.0063	0.0000	0.0063	3.9412	0.0000	3.9412	0.0000	0.0000	0.0000	0.0000	0.0000	0.0000	0.0000	0.0000	0.0000	0.0091	0.0089	0.0002	0.0009	0.0009	0.0000	0.0081	0.0080	0.0002	0.0031	0.0026	0.0005	0.0023	0.0020	0.0003	0.0008	0.0006	0.0002
17	20	47	61	0.2800	7	2	3	2	0	0	0	0	0	N	N	N	N	N	N	N	N	N	N	N	N	inf	inf	inf	inf	inf	inf	inf	inf	inf	1397.4104	0.4458	58927.9260	23.4322	0.0147	25509.9591	1542.4039	0.4925	59051.9052	0.0000	0.0000	0.0000	0.0000	0.0000	0.0000	0.0000	0.0000	0.0000	3209.5367	0.2429	0.0000	3.9750	6.0200	5.9927	3.5720	2.0491	0.0012	3.9279	0.0063	0.0000	0.0063	3.9228	0.0012	3.9216	0.0000	0.0000	0.0000	0.0000	0.0000	0.0000	0.0000	0.0000	0.0000	0.0028	0.0027	0.0001	0.0003	0.0003	0.0000	0.0025	0.0025	0.0001	0.0006	0.0005	0.0001	0.0004	0.0004	0.0001	0.0001	0.0001	0.0000	
17	20	47	73	0.2825	8	1	4	1	0	0	0	0	0	N	Y	N	N	N	N	N	N	N	N	N	N	inf	0.0000	inf	inf	0.0000	inf	inf	0.0000	inf	638.5012	0.0000	30234.1640	8.9476	0.0000	6918.4109	719.4188	0.0000	30397.9289	0.0000	0.0000	0.0000	0.0000	0.0000	0.0000	0.0000	0.0000	0.0000	inf	0.2435	0.0000	3.9750	6.0200	5.9927	3.5720	2.0491	0.0000	3.9192	0.0063	0.0000	0.0063	3.9129	0.0000	3.9129	0.0000	0.0000	0.0000	0.0000	0.0000	0.0000	0.0000	0.0000	0.0000	0.0061	0.0060	0.0001	0.0007	0.0007	0.0000	0.0054	0.0053	0.0001	0.0025	0.0021	0.0004	0.0020	0.0017	0.0003	0.0005	0.0004	0.0001	
17	20	53	59	0.2357	7	1	4	0	0	0	0	0	0	N	Y	N	N	N	N	N	N	N	N	N	N	182565638.1922	1.1291	inf	1592448.4771	7.1453	inf	inf	0.0000	inf	375.0429	0.0000	19680.4185	4.6170	0.0000	5136.3360	421.5459	0.0000	19757.3410	0.0000	0.0000	0.0000	0.0000	0.0000	0.0000	0.0000	0.0000	0.0000	139192366.5907	0.0000	0.2456	-0.0000	3.9750	6.0200	4.4559	3.5720	3.9539	0.0000	3.9539	0.0054	0.0000	0.0054	3.9485	0.0000	3.9485	0.0000	0.0000	0.0000	0.0000	0.0000	0.0000	0.0000	0.0000	0.0000	0.0105	0.0103	0.0002	0.0012	0.0012	0.0000	0.0094	0.0092	0.0002	0.0041	0.0035	0.0006	0.0029	0.0025	0.0004	0.0012	0.0010	0.0002
17	20	53	61	0.2654	7	2	3	1	0	0	0	0	0	N	N	N	N	N	N	N	N	N	N	N	N	inf	inf	inf	inf	inf	inf	inf	inf	inf	1202.6971	0.3837	52143.1097	15.5219	0.0097	16692.7451	1343.4078	0.4292	52295.1526	0.0000	0.0000	0.0000	0.0000	0.0000	0.0000	0.0000	0.0000	0.0000	3207.1712	0.2433	0.0000	3.9750	6.0200	6.9987	3.5720	4.9999	0.0012	3.9342	0.0054	0.0000	0.0054	3.9301	0.0012	3.9289	0.0000	0.0000	0.0000	0.0000	0.0000	0.0000	0.0000	0.0000	0.0000	0.0033	0.0032	0.0001	0.0003	0.0003	0.0000	0.0029	0.0029	0.0001	0.0007	0.0006	0.0001	0.0006	0.0005	0.0001	0.0002	0.0001	0.0000	
17	20	53	73	0.2655	8	1	4	0	0	0	0	0	0	N	Y	N	N	N	N	N	N	N	N	N	N	inf	0.0000	inf	inf	0.0000	inf	inf	0.0000	inf	554.2221	0.0000	26799.8722	6.2753	0.0000	5045.1381	629.2419	0.0000	26958.5931	0.0000	0.0000	0.0000	0.0000	0.0000	0.0000	0.0000	0.0000	0.0000	inf	0.2439	-0.0000	3.9750	6.0200	6.9987	3.5720	4.9999	0.0000	3.9255	0.0054	0.0000	0.0054	3.9201	0.0000	3.9201	0.0000	0.0000	0.0000	0.0000	0.0000	0.0000	0.0000	0.0000	0.0000	0.0071	0.0069	0.0001	0.0009	0.0009	0.0000	0.0062	0.0061	0.0001	0.0033	0.0028	0.0005	0.0025	0.0021	0.0004	0.0008	0.0007	0.0001	
17	20	59	61	0.3109	7	2	3	1	0	0	0	0	0	N	N	N	N	N	N	N	N	N	N	N	N	inf	inf	inf	inf	inf	inf	inf	inf	inf	621.8527	0.1978	31107.9469	7.6787	0.0048	8472.6846	698.3454	0.2223	31222.1395	0.0000	0.0000	0.0000	0.0000	0.0000	0.0000	0.0000	0.0000	0.0000	3207.1792	0.2433	-0.0000	3.9750	6.0200	15.6457	3.5720	33.2903	0.0012	3.9342	0.0054	0.0000	0.0054	3.9301	0.0012	3.9289	0.0000	0.0000	0.0000	0.0000	0.0000	0.0000	0.0000	0.0000	0.0000	0.0063	0.0062	0.0001	0.0007	0.0007	0.0000	0.0056	0.0055	0.0001	0.0016	0.0013	0.0002	0.0012	0.0010	0.0002	0.0004	0.0004	0.0001	
17	20	59	73	0.3110	8	1	4	0	0	0	0	0	0	N	Y	N	N	N	N	N	N	N	N	N	N	16407564.0537	0.0000	inf	125347.0745	0.0000	inf	inf	0.0000	inf	285.7047	0.0000	15935.7289	3.1593	0.0000	2553.6818	325.4453	0.0000	16050.5710	0.0000	0.0000	0.0000	0.0000	0.0000	0.0000	0.0000	0.0000	0.0000	inf	0.0000	0.2439	-0.0000	3.9750	6.0200	4.4559	3.5720	3.9255	0.0000	3.9255	0.0054	0.0000	0.0054	3.9201	0.0000	3.9201	0.0000	0.0000	0.0000	0.0000	0.0000	0.0000	0.0000	0.0000	0.0000	0.0137	0.0135	0.0002	0.0017	0.0017	0.0000	0.0120	0.0118	0.0002	0.0073	0.0061	0.0011	0.0050	0.0043	0.0007	0.0022	0.0018	0.0004
17	20	61	73	0.2655	8	2	3	1	0	0	0	0	0	N	N	N	N	N	N	N	N	N	N	N	N	inf	inf	inf	inf	inf	inf	inf	inf	inf	919.0777	0.2948	42286.8196	10.4713	0.0066	8355.2994	1042.0324	0.3347	42521.5669	0.0000	0.0000	0.0000	0.0000	0.0000	0.0000	0.0000	0.0000	0.0000	3186.2821	0.2415	-0.0000	3.9750	6.0200	3.9822	3.5720	0.0090	0.0012	3.9059	0.0053	0.0000	0.0053	3.9019	0.0012	3.9006	0.0000	0.0000	0.0000	0.0000	0.0000	0.0000	0.0000	0.0000	0.0000	0.0043	0.0042	0.0001	0.0005	0.0005	0.0000	0.0037	0.0037	0.0001	0.0013	0.0011	0.0002	0.0010	0.0009	0.0001	0.0003	0.0002	0.0001	
17	25	26	28	0.3644	8	2	4	1	1	0	0	0	0	N	Y	N	N	N	N	N	N	N	N	N	N	62766478.3037	18287493.7450	inf	637299.8393	278057.6956	inf	inf	inf	inf	232.4925	79.9774	8717.4988	3.2732	1.6691	1098.6332	264.5302	91.1285	8795.6642	0.0000	0.0000	0.0000	0.0000	0.0000	0.0000	0.0000	0.0000	0.0000	1.9592	0.0000	-0.8076	-0.0000	3.9750	18.4448	4.4559	14.9713	2.9281	0.9895	1.9386	0.0051	0.0026	0.0025	2.9231	0.9869	1.9362	0.0000	0.0000	0.0000	0.0000	0.0000	0.0000	0.0000	0.0000	0.0000	0.0126	0.0124	0.0002	0.0015	0.0015	0.0000	0.0111	0.0108	0.0002	0.0034	0.0028	0.0005	0.0024	0.0021	0.0003	0.0009	0.0008	0.0002
17	25	26	43	0.3661	7	2	4	0	0	0	0	0	0	N	Y	N	N	N	N	N	N	N	N	N	N	inf	inf	inf	inf	inf	inf	inf	inf	inf	209.0723	72.8620	22117.6454	1.3405	0.5953	1281.6618	437.3438	153.2187	23197.9073	0.0000	0.0000	0.0000	0.0000	0.0000	0.0000	0.0000	0.0000	0.0000	1.8873	-0.8029	-0.0000	3.9750	18.4448	9.0013	14.9713	6.1061	0.9784	1.8465	0.0095	0.0042	0.0053	2.8154	0.9742	1.8412	0.0000	0.0000	0.0000	0.0000	0.0000	0.0000	0.0000	0.0000	0.0000	0.0135	0.0134	0.0001	0.0071	0.0071	0.0000	0.0064	0.0064	0.0001	0.0088	0.0079	0.0010	0.0077	0.0069	0.0008	0.0012	0.0010	0.0002	
17	25	26	47	0.3886	6	2	4	1	0	0	0	0	0	N	Y	N	N	N	N	N	N	N	N	N	N	413957047.8026	89966427.3398	inf	4241940.3662	1857092.1342	inf	inf	inf	inf	270.4189	69.3768	11394.8501	3.5753	1.8217	1244.2569	302.4593	77.6398	11482.1152	0.0000	0.0000	0.0000	0.0000	0.0000	0.0000	0.0000	0.0000	0.0000	2.9683	0.0000	-0.7449	-0.0000	3.9750	18.4448	4.4559	14.9713	3.9229	0.9886	2.9343	0.0056	0.0028	0.0027	3.9173	0.9857	2.9316	0.0000	0.0000	0.0000	0.0000	0.0000	0.0000	0.0000	0.0000	0.0000	0.0145	0.0142	0.0003	0.0016	0.0016	0.0000	0.0130	0.0127	0.0003	0.0039	0.0033	0.0006	0.0030	0.0026	0.0004	0.0009	0.0007	0.0002
17	25	26	59	0.3442	6	2	4	0	0	0	0	0	0	N	Y	N	N	N	N	N	N	N	N	N	N	2490026.3407	532447.4545	inf	16410.8792	7089.8586	inf	inf	inf	inf	121.0852	31.0078	5937.0539	1.2412	0.6277	460.2683	136.7390	35.0395	5992.9949	0.0000	0.0001	0.0000	0.0001	0.0001	0.0000	0.0000	0.0000	0.0000	2.9655	0.0000	-0.7468	-0.0000	3.9750	18.4448	4.4559	14.9713	3.9292	0.9909	2.9383	0.0047	0.0023	0.0023	3.9245	0.9885	2.9360	0.0000	0.0000	0.0000	0.0000	0.0000	0.0000	0.0000	0.0000	0.0000	0.0324	0.0320	0.0005	0.0037	0.0037	0.0000	0.0287	0.0282	0.0005	0.0118	0.0099	0.0019	0.0076	0.0065	0.0011	0.0042	0.0034	0.0008
17	25	26	61	0.3739	6	3	3	1	0	0	0	0	0	N	N	N	N	N	N	N	N	N	N	N	N	inf	inf	inf	inf	inf	inf	inf	inf	inf	388.7132	99.1317	15989.7993	4.0530	2.0433	1486.1129	437.7761	111.7557	16112.7529	0.0000	0.0000	0.0000	0.0000	0.0000	0.0000	0.0000	0.0000	0.0000	2.9940	-0.7362	-0.0000	3.9750	18.4448	9.0013	14.9713	6.1061	0.9792	2.9316	0.0046	0.0023	0.0023	3.9062	0.9769	2.9294	0.0000	0.0000	0.0000	0.0000	0.0000	0.0000	0.0000	0.0000	0.0000	0.0101	0.0099	0.0002	0.0011	0.0011	0.0000	0.0089	0.0087	0.0002	0.0021	0.0017	0.0003	0.0015	0.0013	0.0002	0.0005	0.0004	0.0001	
17	25	28	47	0.3886	8	2	4	2	1	0	0	0	0	N	Y	N	N	N	N	N	N	N	N	N	N	inf	inf	inf	inf	inf	inf	inf	inf	inf	331.1454	113.9979	11814.1673	5.6194	2.8856	1466.9270	375.5694	129.4550	11940.7074	0.0000	0.0000	0.0000	0.0000	0.0000	0.0000	0.0000	0.0000	0.0000	1.9598	-0.8057	0.0000	3.9750	18.4448	5.0068	14.9713	1.9864	0.9872	1.9347	0.0060	0.0031	0.0029	2.9160	0.9842	1.9318	0.0000	0.0000	0.0000	0.0000	0.0000	0.0000	0.0000	0.0000	0.0000	0.0088	0.0087	0.0002	0.0011	0.0011	0.0000	0.0078	0.0076	0.0002	0.0021	0.0018	0.0003	0.0016	0.0014	0.0002	0.0004	0.0004	0.0001	
17	25	28	53	0.3640	8	2	4	1	1	0	0	0	0	N	Y	N	N	N	N	N	N	N	N	N	N	inf	inf	inf	inf	inf	inf	inf	inf	inf	288.9221	99.4471	10493.1401	4.1016	2.0916	1371.9907	328.3554	113.1885	10583.3031	0.0000	0.0000	0.0000	0.0000	0.0000	0.0000	0.0000	0.0000	0.0000	1.9592	-0.8076	-0.0000	3.9750	18.4448	5.0068	14.9713	1.9864	0.9895	1.9386	0.0051	0.0026	0.0025	2.9231	0.9869	1.9362	0.0000	0.0000	0.0000	0.0000	0.0000	0.0000	0.0000	0.0000	0.0000	0.0101	0.0099	0.0002	0.0012	0.0012	0.0000	0.0089	0.0087	0.0002	0.0028	0.0024	0.0004	0.0021	0.0018	0.0003	0.0008	0.0006	0.0001	
17	25	28	59	0.3640	8	2	4	1	1	0	0	0	0	N	Y	N	N	N	N	N	N	N	N	N	N	inf	inf	inf	inf	inf	inf	inf	inf	inf	149.1042	51.2014	6199.8527	2.1179	1.0800	712.5443	169.4419	58.2527	6261.6465	0.0000	0.0000	0.0000	0.0000	0.0000	0.0000	0.0000	0.0000	0.0000	1.9592	-0.8076	0.0000	3.9750	18.4448	5.0068	14.9713	1.9864	0.9895	1.9386	0.0051	0.0026	0.0025	2.9231	0.9869	1.9362	0.0000	0.0000	0.0000	0.0000	0.0000	0.0000	0.0000	0.0000	0.0000	0.0196	0.0193	0.0003	0.0024	0.0024	0.0000	0.0173	0.0169	0.0003	0.0061	0.0052	0.0010	0.0040	0.0034	0.0006	0.0021	0.0018	0.0004	
17	25	39	43	0.3657	7	3	3	1	0	0	0	0	0	N	N	N	N	N	N	N	N	N	N	N	N	inf	inf	inf	inf	inf	inf	inf	inf	inf	208.8978	72.7703	22105.3388	1.3392	0.5945	1280.7671	436.9790	153.0258	23185.0715	0.0000	0.0000	0.0000	0.0000	0.0000	0.0000	0.0000	0.0000	0.0000	1.8885	-0.8022	-0.0000	3.9750	18.4448	9.0059	14.9713	4.3814	0.9776	1.8461	0.0095	0.0042	0.0053	2.8142	0.9734	1.8409	0.0000	0.0000	0.0000	0.0000	0.0000	0.0000	0.0000	0.0000	0.0000	0.0135	0.0134	0.0001	0.0071	0.0071	0.0000	0.0064	0.0064	0.0001	0.0081	0.0072	0.0009	0.0070	0.0063	0.0007	0.0011	0.0009	0.0002	
17	25	39	47	0.3886	6	3	3	2	0	0	0	0	0	N	N	N	N	N	N	N	N	N	N	N	N	inf	inf	inf	inf	inf	inf	inf	inf	inf	270.2150	69.2892	11389.0364	3.5716	1.8193	1243.2587	302.2321	77.5418	11476.2673	0.0000	0.0000	0.0000	0.0000	0.0000	0.0000	0.0000	0.0000	0.0000	2.9703	-0.7441	-0.0000	3.9750	18.4448	9.0059	14.9713	4.3814	0.9877	2.9339	0.0056	0.0028	0.0027	3.9161	0.9849	2.9311	0.0000	0.0000	0.0000	0.0000	0.0000	0.0000	0.0000	0.0000	0.0000	0.0145	0.0143	0.0003	0.0016	0.0016	0.0000	0.0130	0.0127	0.0003	0.0035	0.0030	0.0005	0.0028	0.0024	0.0004	0.0008	0.0006	0.0002	
17	25	39	59	0.3442	6	3	3	1	0	0	0	0	0	N	N	N	N	N	N	N	N	N	N	N	N	224882554.4134	48026126.5895	inf	1488233.8795	643034.0650	inf	inf	inf	inf	120.9937	30.9685	5933.9962	1.2399	0.6269	459.8988	136.6360	34.9952	5989.9143	0.0000	0.0000	0.0000	0.0000	0.0000	0.0000	0.0000	0.0000	0.0000	2.9675	0.0000	-0.7460	-0.0000	3.9750	18.4448	4.4559	14.9713	3.9279	0.9900	2.9379	0.0047	0.0023	0.0023	3.9233	0.9877	2.9356	0.0000	0.0000	0.0000	0.0000	0.0000	0.0000	0.0000	0.0000	0.0000	0.0325	0.0320	0.0005	0.0038	0.0037	0.0000	0.0287	0.0282	0.0005	0.0108	0.0090	0.0018	0.0070	0.0060	0.0010	0.0038	0.0030	0.0008
17	25	39	61	0.3739	6	4	2	2	0	0	0	0	0	Y	N	N	N	N	N	N	N	N	N	N	N	inf	inf	inf	inf	inf	inf	inf	inf	inf	388.4207	99.0065	15981.6498	4.0488	2.0407	1484.9231	437.4477	111.6147	16104.5544	0.0000	0.0000	0.0000	0.0000	0.0000	0.0000	0.0000	0.0000	0.0000	2.9960	-0.7355	0.0000	3.9750	18.4448	9.0059	14.9713	4.3814	0.9784	2.9312	0.0046	0.0023	0.0023	3.9050	0.9761	2.9289	0.0000	0.0000	0.0000	0.0000	0.0000	0.0000	0.0000	0.0000	0.0000	0.0101	0.0099	0.0002	0.0011	0.0011	0.0000	0.0089	0.0087	0.0002	0.0019	0.0016	0.0003	0.0014	0.0012	0.0002	0.0005	0.0004	0.0001	
17	25	43	47	0.3886	7	2	4	1	0	0	0	0	0	N	Y	N	N	N	N	N	N	N	N	N	N	290191152.5768	90089682.2920	inf	1791473.2552	727627.6726	inf	inf	inf	inf	295.9803	103.1520	30155.3691	2.0765	0.9390	1737.5552	618.5085	216.6929	31758.9283	0.0000	0.0000	0.0000	0.0000	0.0000	0.0000	0.0000	0.0000	0.0000	1.8879	0.0002	-0.8010	0.0000	3.9750	18.4448	4.4559	14.9713	2.8189	0.9761	1.8428	0.0103	0.0047	0.0057	2.8086	0.9714	1.8371	0.0000	0.0000	0.0000	0.0000	0.0000	0.0000	0.0000	0.0000	0.0000	0.0095	0.0095	0.0001	0.0050	0.0050	0.0000	0.0045	0.0045	0.0001	0.0055	0.0049	0.0006	0.0048	0.0043	0.0005	0.0007	0.0005	0.0001
17	25	43	53	0.3657	7	2	4	0	0	0	0	0	0	N	Y	N	N	N	N	N	N	N	N	N	N	inf	inf	inf	inf	inf	inf	inf	inf	inf	259.3191	90.3865	26791.2152	1.6628	0.7384	1591.1900	542.3922	190.0810	28064.3475	0.0000	0.0000	0.0000	0.0000	0.0000	0.0000	0.0000	0.0000	0.0000	1.8873	-0.8029	-0.0000	3.9750	18.4448	2.9074	14.9713	1.4877	0.9784	1.8465	0.0095	0.0042	0.0053	2.8154	0.9742	1.8412	0.0000	0.0000	0.0000	0.0000	0.0000	0.0000	0.0000	0.0000	0.0000	0.0109	0.0108	0.0001	0.0057	0.0057	0.0000	0.0052	0.0051	0.0001	0.0075	0.0067	0.0008	0.0065	0.0058	0.0007	0.0010	0.0008	0.0002	
17	25	43	59	0.3657	7	2	4	0	0	0	0	0	0	N	Y	N	N	N	N	N	N	N	N	N	N	inf	inf	inf	inf	inf	inf	inf	inf	inf	135.6940	47.2723	15242.3641	0.8829	0.3921	829.1832	279.3735	97.7822	16041.0591	0.0000	0.0000	0.0000	0.0000	0.0000	0.0000	0.0000	0.0000	0.0000	1.8873	-0.8029	-0.0000	3.9750	18.4448	2.9074	14.9713	1.4877	0.9784	1.8465	0.0095	0.0042	0.0053	2.8154	0.9742	1.8412	0.0000	0.0000	0.0000	0.0000	0.0000	0.0000	0.0000	0.0000	0.0000	0.0208	0.0207	0.0001	0.0107	0.0107	0.0000	0.0101	0.0100	0.0001	0.0155	0.0137	0.0018	0.0130	0.0117	0.0014	0.0025	0.0021	0.0004	
17	25	43	61	0.3739	7	3	3	1	0	0	0	0	0	N	N	N	N	N	N	N	N	N	N	N	N	inf	inf	inf	inf	inf	inf	inf	inf	inf	428.1579	148.3829	42902.1643	2.7384	1.2108	2638.9094	896.4406	312.4402	44860.0586	0.0000	0.0000	0.0000	0.0000	0.0000	0.0000	0.0000	0.0000	0.0000	1.9045	-0.7924	-0.0000	3.9750	18.4448	2.9074	14.9713	1.4877	0.9669	1.8414	0.0094	0.0042	0.0053	2.7989	0.9627	1.8361	0.0000	0.0000	0.0000	0.0000	0.0000	0.0000	0.0000	0.0000	0.0000	0.0066	0.0065	0.0000	0.0034	0.0034	0.0000	0.0031	0.0031	0.0000	0.0029	0.0026	0.0003	0.0026	0.0023	0.0003	0.0004	0.0003	0.0001	
17	25	47	53	0.3886	6	2	4	1	0	0	0	0	0	N	Y	N	N	N	N	N	N	N	N	N	N	inf	inf	inf	inf	inf	inf	inf	inf	inf	335.9660	86.2431	13717.6312	4.4730	2.2790	1553.1516	375.4599	96.4397	13818.4581	0.0000	0.0000	0.0000	0.0000	0.0000	0.0000	0.0000	0.0000	0.0000	2.9683	-0.7449	-0.0000	3.9750	18.4448	5.9927	14.9713	2.0491	0.9886	2.9343	0.0056	0.0028	0.0027	3.9173	0.9857	2.9316	0.0000	0.0000	0.0000	0.0000	0.0000	0.0000	0.0000	0.0000	0.0000	0.0117	0.0115	0.0002	0.0012	0.0012	0.0000	0.0104	0.0102	0.0002	0.0033	0.0028	0.0005	0.0025	0.0022	0.0004	0.0007	0.0006	0.0001	
17	25	47	59	0.3886	6	2	4	1	0	0	0	0	0	N	Y	N	N	N	N	N	N	N	N	N	N	892217064.7657	193173210.1629	inf	8758104.6792	3844625.2483	inf	inf	inf	inf	173.7490	44.4979	8107.5388	2.2832	1.1640	798.3994	194.4927	49.8279	8177.2802	0.0000	0.0000	0.0000	0.0000	0.0000	0.0000	0.0000	0.0000	0.0000	2.9683	0.0006	-0.7449	0.0000	3.9750	18.4448	4.4559	14.9713	3.9229	0.9886	2.9343	0.0056	0.0028	0.0027	3.9173	0.9857	2.9316	0.0000	0.0000	0.0000	0.0000	0.0000	0.0000	0.0000	0.0000	0.0000	0.0226	0.0222	0.0004	0.0024	0.0024	0.0000	0.0201	0.0198	0.0004	0.0073	0.0061	0.0011	0.0054	0.0047	0.0008	0.0018	0.0015	0.0004
17	25	47	61	0.3886	6	3	3	2	0	0	0	0	0	N	N	N	N	N	N	N	N	N	N	N	N	inf	inf	inf	inf	inf	inf	inf	inf	inf	557.1822	142.1379	21743.8679	7.4590	3.7888	2593.0188	621.9793	158.7769	21894.0139	0.0000	0.0000	0.0000	0.0000	0.0000	0.0000	0.0000	0.0000	0.0000	2.9968	-0.7344	-0.0000	3.9750	18.4448	5.9927	14.9713	2.0491	0.9769	2.9277	0.0055	0.0028	0.0027	3.8991	0.9741	2.9249	0.0000	0.0000	0.0000	0.0000	0.0000	0.0000	0.0000	0.0000	0.0000	0.0070	0.0069	0.0001	0.0007	0.0007	0.0000	0.0063	0.0061	0.0001	0.0013	0.0011	0.0002	0.0010	0.0009	0.0001	0.0003	0.0002	0.0001	
17	25	53	59	0.3442	6	2	4	0	0	0	0	0	0	N	Y	N	N	N	N	N	N	N	N	N	N	inf	inf	inf	inf	inf	inf	inf	inf	inf	150.5136	38.5621	7161.2615	1.5531	0.7854	574.6715	169.8254	43.5406	7226.2333	0.0000	0.0000	0.0000	0.0000	0.0000	0.0000	0.0000	0.0000	0.0000	2.9655	-0.7468	-0.0000	3.9750	18.4448	6.9987	14.9713	4.9999	0.9909	2.9383	0.0047	0.0023	0.0023	3.9245	0.9885	2.9360	0.0000	0.0000	0.0000	0.0000	0.0000	0.0000	0.0000	0.0000	0.0000	0.0261	0.0257	0.0004	0.0030	0.0030	0.0000	0.0231	0.0227	0.0004	0.0099	0.0083	0.0016	0.0064	0.0055	0.0009	0.0035	0.0028	0.0007	
17	25	53	61	0.3739	6	3	3	1	0	0	0	0	0	N	N	N	N	N	N	N	N	N	N	N	N	inf	inf	inf	inf	inf	inf	inf	inf	inf	482.9008	123.2255	19245.3566	5.0684	2.5552	1853.6764	543.3970	138.8098	19387.5816	0.0000	0.0000	0.0000	0.0000	0.0000	0.0000	0.0000	0.0000	0.0000	2.9940	-0.7362	0.0000	3.9750	18.4448	6.9987	14.9713	4.9999	0.9792	2.9316	0.0046	0.0023	0.0023	3.9062	0.9769	2.9294	0.0000	0.0000	0.0000	0.0000	0.0000	0.0000	0.0000	0.0000	0.0000	0.0081	0.0079	0.0002	0.0009	0.0009	0.0000	0.0072	0.0070	0.0002	0.0017	0.0015	0.0003	0.0013	0.0011	0.0002	0.0004	0.0003	0.0001	
17	25	59	61	0.3739	6	3	3	1	0	0	0	0	0	N	N	N	N	N	N	N	N	N	N	N	N	inf	inf	inf	inf	inf	inf	inf	inf	inf	249.8210	63.5956	11384.9917	2.5891	1.3053	955.3514	281.5705	71.7338	11483.0096	0.0000	0.0000	0.0000	0.0000	0.0000	0.0000	0.0000	0.0000	0.0000	2.9940	-0.7362	0.0000	3.9750	18.4448	15.6457	14.9713	33.2903	0.9792	2.9317	0.0046	0.0023	0.0023	3.9062	0.9769	2.9294	0.0000	0.0000	0.0000	0.0000	0.0000	0.0000	0.0000	0.0000	0.0000	0.0157	0.0154	0.0003	0.0018	0.0018	0.0000	0.0139	0.0136	0.0003	0.0038	0.0032	0.0006	0.0027	0.0023	0.0004	0.0011	0.0009	0.0002	
17	26	28	43	0.3661	8	1	4	1	1	0	0	0	0	N	Y	N	N	N	N	N	N	N	N	N	N	inf	0.0000	inf	inf	0.0000	inf	inf	0.0000	inf	409.1940	0.0000	55815.9907	3.5304	0.0000	6445.4538	850.9689	0.0000	57816.8095	0.0000	0.0000	0.0000	0.0000	0.0000	0.0000	0.0000	0.0000	0.0000	inf	0.1185	-0.0000	3.9750	9.0013	5.0068	6.1061	1.9864	0.0000	1.9080	0.0086	0.0000	0.0086	1.8994	0.0000	1.8994	0.0000	0.0000	0.0000	0.0000	0.0000	0.0000	0.0000	0.0000	0.0000	0.0047	0.0046	0.0000	0.0024	0.0024	0.0000	0.0022	0.0022	0.0000	0.0030	0.0026	0.0003	0.0026	0.0023	0.0003	0.0004	0.0003	0.0000	
17	26	28	47	0.3784	8	1	4	2	1	0	0	0	0	N	Y	N	N	N	N	N	N	N	N	N	N	inf	0.0000	inf	inf	0.0000	inf	inf	0.0000	inf	596.6060	0.0000	27026.7517	12.6794	0.0000	10573.6617	658.8560	0.0000	27113.3072	0.0000	0.0000	0.0000	0.0000	0.0000	0.0000	0.0000	0.0000	0.0000	inf	0.1832	-0.0000	3.9750	9.0013	5.0068	6.1061	1.9864	0.0000	2.9492	0.0060	0.0000	0.0060	2.9432	0.0000	2.9432	0.0000	0.0000	0.0000	0.0000	0.0000	0.0000	0.0000	0.0000	0.0000	0.0049	0.0048	0.0001	0.0005	0.0005	0.0000	0.0045	0.0044	0.0001	0.0013	0.0011	0.0002	0.0010	0.0009	0.0001	0.0003	0.0002	0.0000	
17	26	28	59	0.3644	8	1	4	1	1	0	0	0	0	N	Y	N	N	N	N	N	N	N	N	N	N	51109397.8667	0.0000	inf	585484.4859	0.0000	inf	inf	0.0000	inf	268.0092	0.0000	14260.8067	4.4303	0.0000	4002.0035	298.9128	0.0000	14324.6175	0.0000	0.0000	0.0000	0.0000	0.0000	0.0000	0.0000	0.0000	0.0000	inf	0.0000	0.1836	-0.0000	3.9750	9.0013	4.4559	6.1061	2.9556	0.0000	2.9556	0.0051	0.0000	0.0051	2.9505	0.0000	2.9505	0.0000	0.0000	0.0000	0.0000	0.0000	0.0000	0.0000	0.0000	0.0000	0.0110	0.0108	0.0002	0.0012	0.0012	0.0000	0.0099	0.0097	0.0002	0.0037	0.0031	0.0006	0.0026	0.0022	0.0004	0.0011	0.0009	0.0002
17	26	28	73	0.3644	8	1	4	1	1	0	0	0	0	N	Y	N	N	N	N	N	N	N	N	N	N	128078474.4296	0.0000	inf	1198069.4058	0.0000	inf	inf	0.0000	inf	383.6065	0.0000	19328.1705	4.8732	0.0000	3901.8866	443.1725	0.0000	19461.2339	0.0000	0.0000	0.0000	0.0000	0.0000	0.0000	0.0000	0.0000	0.0000	inf	0.0000	0.1819	-0.0000	3.9750	9.0013	4.4559	6.1061	2.9281	0.0000	2.9281	0.0051	0.0000	0.0051	2.9231	0.0000	2.9231	0.0000	0.0000	0.0000	0.0000	0.0000	0.0000	0.0000	0.0000	0.0000	0.0076	0.0075	0.0002	0.0010	0.0010	0.0000	0.0066	0.0064	0.0002	0.0030	0.0026	0.0005	0.0022	0.0019	0.0003	0.0008	0.0007	0.0001
17	26	42	43	0.3661	7	1	3	0	0	0	0	0	0	N	N	N	N	N	N	N	N	N	N	N	N	inf	0.0000	inf	inf	0.0000	inf	inf	0.0000	inf	271.2917	0.0000	41512.8681	1.7246	0.0000	3015.0372	572.9132	0.0000	43378.3940	0.0000	0.0000	0.0000	0.0000	0.0000	0.0000	0.0000	0.0000	0.0000	inf	0.1755	-0.0000	3.9750	9.0013	12.7198	6.1061	12.5308	0.0000	2.8249	0.0095	0.0000	0.0095	2.8154	0.0000	2.8154	0.0000	0.0000	0.0000	0.0000	0.0000	0.0000	0.0000	0.0000	0.0000	0.0104	0.0103	0.0001	0.0055	0.0055	0.0000	0.0049	0.0048	0.0001	0.0081	0.0072	0.0009	0.0070	0.0063	0.0007	0.0010	0.0009	0.0002	
17	26	42	47	0.3483	6	1	3	1	0	0	0	0	0	N	N	N	N	N	N	N	N	N	N	N	N	489175513.8270	0.0000	inf	4899222.1704	0.0000	inf	inf	0.0000	inf	352.8991	0.0000	18350.9975	4.4995	0.0000	3391.4122	396.4719	0.0000	18466.6126	0.0000	0.0000	0.0000	0.0000	0.0000	0.0000	0.0000	0.0000	0.0000	inf	0.0000	0.2437	-0.0000	3.9750	9.0013	4.4559	6.1061	3.9229	0.0000	3.9229	0.0056	0.0000	0.0056	3.9173	0.0000	3.9173	0.0000	0.0000	0.0000	0.0000	0.0000	0.0000	0.0000	0.0000	0.0000	0.0111	0.0109	0.0002	0.0012	0.0012	0.0000	0.0099	0.0097	0.0002	0.0035	0.0029	0.0005	0.0027	0.0023	0.0004	0.0007	0.0006	0.0001
17	26	42	59	0.2659	6	1	3	0	0	0	0	0	0	N	N	N	N	N	N	N	N	N	N	N	N	2867160.3272	0.0000	inf	19043.9043	0.0000	inf	inf	0.0000	inf	158.3931	0.0000	9613.6799	1.5874	0.0000	1250.2424	179.4052	0.0000	9690.5399	0.0001	0.0001	0.0000	0.0001	0.0001	0.0000	0.0000	0.0000	0.0000	inf	0.0000	0.2441	-0.0000	3.9750	9.0013	4.4559	6.1061	3.9292	0.0000	3.9292	0.0047	0.0000	0.0047	3.9245	0.0000	3.9245	0.0000	0.0000	0.0000	0.0000	0.0000	0.0000	0.0000	0.0000	0.0000	0.0248	0.0244	0.0004	0.0029	0.0029	0.0000	0.0219	0.0215	0.0004	0.0104	0.0087	0.0017	0.0069	0.0059	0.0010	0.0035	0.0028	0.0007
17	26	42	61	0.3337	6	2	2	1	0	0	0	0	0	N	N	N	N	N	N	N	N	N	N	N	N	inf	inf	inf	inf	inf	inf	inf	inf	inf	507.6280	0.1625	25675.9765	5.1432	0.0033	4015.2465	573.8300	0.1840	25840.5375	0.0000	0.0000	0.0000	0.0000	0.0000	0.0000	0.0000	0.0000	0.0000	3184.9917	0.2417	-0.0000	3.9750	9.0013	12.7198	6.1061	12.5308	0.0012	3.9096	0.0046	0.0000	0.0046	3.9062	0.0012	3.9050	0.0000	0.0000	0.0000	0.0000	0.0000	0.0000	0.0000	0.0000	0.0000	0.0077	0.0076	0.0002	0.0009	0.0009	0.0000	0.0068	0.0067	0.0002	0.0018	0.0016	0.0003	0.0014	0.0012	0.0002	0.0004	0.0004	0.0001	
17	26	43	47	0.3770	7	1	4	1	0	0	0	0	0	N	Y	N	N	N	N	N	N	N	N	N	N	inf	0.0000	inf	inf	0.0000	inf	inf	0.0000	inf	529.4567	0.0000	72120.4158	3.7850	0.0000	7209.2461	1087.2528	0.0000	74601.6779	0.0000	0.0000	0.0000	0.0000	0.0000	0.0000	0.0000	0.0000	0.0000	inf	0.1768	0.0000	3.9750	9.0013	2.9074	6.1061	1.4877	0.0000	2.8457	0.0105	0.0000	0.0105	2.8352	0.0000	2.8352	0.0000	0.0000	0.0000	0.0000	0.0000	0.0000	0.0000	0.0000	0.0000	0.0054	0.0053	0.0000	0.0028	0.0028	0.0000	0.0026	0.0026	0.0000	0.0033	0.0030	0.0004	0.0030	0.0026	0.0003	0.0004	0.0003	0.0001	
17	26	43	59	0.3661	7	1	4	0	0	0	0	0	0	N	Y	N	N	N	N	N	N	N	N	N	N	57198089.5875	0.0000	inf	316894.3073	0.0000	inf	inf	0.0000	inf	241.4794	0.0000	36900.2860	1.5779	0.0000	3005.2159	496.1981	0.0000	38361.1801	0.0000	0.0000	0.0000	0.0000	0.0000	0.0000	0.0000	0.0000	0.0000	inf	0.0000	0.1772	-0.0000	3.9750	9.0013	4.4559	6.1061	2.8517	0.0000	2.8517	0.0096	0.0000	0.0096	2.8421	0.0000	2.8421	0.0000	0.0000	0.0000	0.0000	0.0000	0.0000	0.0000	0.0000	0.0000	0.0118	0.0117	0.0001	0.0061	0.0061	0.0000	0.0057	0.0057	0.0001	0.0093	0.0082	0.0011	0.0079	0.0070	0.0009	0.0014	0.0012	0.0002
17	26	43	61	0.3661	7	2	3	1	0	0	0	0	0	N	N	N	N	N	N	N	N	N	N	N	N	inf	inf	inf	inf	inf	inf	inf	inf	inf	762.1285	0.3282	101158.1086	4.9462	0.0027	9403.5098	1574.7912	0.6827	104598.1782	0.0000	0.0000	0.0000	0.0000	0.0000	0.0000	0.0000	0.0000	0.0000	2338.6157	0.1749	0.0000	3.9750	9.0013	2.9074	6.1061	1.4877	0.0012	2.8337	0.0095	0.0000	0.0095	2.8254	0.0012	2.8242	0.0000	0.0000	0.0000	0.0000	0.0000	0.0000	0.0000	0.0000	0.0000	0.0037	0.0037	0.0000	0.0019	0.0019	0.0000	0.0018	0.0018	0.0000	0.0018	0.0016	0.0002	0.0016	0.0014	0.0002	0.0002	0.0002	0.0000	
17	26	43	73	0.3661	7	1	4	0	0	0	0	0	0	N	Y	N	N	N	N	N	N	N	N	N	N	inf	0.0000	inf	inf	0.0000	inf	inf	0.0000	inf	343.4131	0.0000	51019.7869	2.1629	0.0000	3870.1146	732.8527	0.0000	53202.8904	0.0000	0.0000	0.0000	0.0000	0.0000	0.0000	0.0000	0.0000	0.0000	inf	0.1755	-0.0000	3.9750	9.0013	2.9074	6.1061	1.4877	0.0000	2.8249	0.0095	0.0000	0.0095	2.8154	0.0000	2.8154	0.0000	0.0000	0.0000	0.0000	0.0000	0.0000	0.0000	0.0000	0.0000	0.0082	0.0082	0.0001	0.0044	0.0044	0.0000	0.0038	0.0038	0.0001	0.0081	0.0072	0.0009	0.0071	0.0064	0.0007	0.0010	0.0009	0.0002	
17	26	47	59	0.2800	5	1	4	1	0	0	0	0	0	N	Y	N	N	N	N	N	N	N	N	N	N	18935539.7444	0.0000	inf	212467.1391	0.0000	inf	inf	0.0000	inf	308.4383	0.0000	16447.5659	4.6535	0.0000	5276.3727	340.1774	0.0000	16497.4871	0.0000	0.0000	0.0000	0.0000	0.0000	0.0000	0.0000	0.0000	0.0000	inf	0.0000	0.2455	-0.0000	3.9750	9.0013	4.4559	6.1061	3.9513	0.0000	3.9513	0.0056	0.0000	0.0056	3.9457	0.0000	3.9457	0.0000	0.0000	0.0000	0.0000	0.0000	0.0000	0.0000	0.0000	0.0000	0.0128	0.0126	0.0002	0.0012	0.0012	0.0000	0.0116	0.0114	0.0002	0.0044	0.0037	0.0007	0.0032	0.0028	0.0005	0.0011	0.0009	0.0002
17	26	47	61	0.2800	5	2	3	2	0	0	0	0	0	N	N	N	N	N	N	N	N	N	N	N	N	inf	inf	inf	inf	inf	inf	inf	inf	inf	987.1278	0.3147	43646.4152	15.1457	0.0095	16118.7532	1086.3709	0.3466	43752.7457	0.0000	0.0000	0.0000	0.0000	0.0000	0.0000	0.0000	0.0000	0.0000	3208.2613	0.2431	0.0000	3.9750	9.0013	5.9927	6.1061	2.0491	0.0012	3.9316	0.0056	0.0000	0.0056	3.9272	0.0012	3.9260	0.0000	0.0000	0.0000	0.0000	0.0000	0.0000	0.0000	0.0000	0.0000	0.0040	0.0039	0.0001	0.0004	0.0004	0.0000	0.0036	0.0035	0.0001	0.0008	0.0007	0.0001	0.0006	0.0005	0.0001	0.0002	0.0001	0.0000	
17	26	47	73	0.2825	6	1	4	1	0	0	0	0	0	N	Y	N	N	N	N	N	N	N	N	N	N	720630271.1249	0.0000	inf	6854559.9894	0.0000	inf	inf	0.0000	inf	448.5973	0.0000	22378.5319	5.4383	0.0000	4414.4134	507.2687	0.0000	22508.5394	0.0000	0.0000	0.0000	0.0000	0.0000	0.0000	0.0000	0.0000	0.0000	inf	0.0000	0.2437	-0.0000	3.9750	9.0013	4.4559	6.1061	3.9229	0.0000	3.9229	0.0056	0.0000	0.0056	3.9173	0.0000	3.9173	0.0000	0.0000	0.0000	0.0000	0.0000	0.0000	0.0000	0.0000	0.0000	0.0087	0.0086	0.0002	0.0010	0.0010	0.0000	0.0077	0.0075	0.0002	0.0035	0.0030	0.0005	0.0028	0.0024	0.0004	0.0008	0.0006	0.0001
17	26	59	61	0.3109	5	2	3	1	0	0	0	0	0	N	N	N	N	N	N	N	N	N	N	N	N	inf	inf	inf	inf	inf	inf	inf	inf	inf	439.7381	0.1398	22958.5416	5.0231	0.0031	5650.0660	490.1898	0.1560	23042.4638	0.0000	0.0000	0.0000	0.0000	0.0000	0.0000	0.0000	0.0000	0.0000	3205.9097	0.2435	0.0000	3.9750	9.0013	15.6457	6.1061	33.2903	0.0012	3.9380	0.0047	0.0000	0.0047	3.9345	0.0012	3.9333	0.0000	0.0000	0.0000	0.0000	0.0000	0.0000	0.0000	0.0000	0.0000	0.0090	0.0088	0.0002	0.0009	0.0009	0.0000	0.0080	0.0079	0.0002	0.0023	0.0019	0.0004	0.0016	0.0014	0.0002	0.0007	0.0005	0.0001	
17	26	59	73	0.3110	6	1	4	0	0	0	0	0	0	N	Y	N	N	N	N	N	N	N	N	N	N	3767459.0246	0.0000	inf	24046.5808	0.0000	inf	inf	0.0000	inf	201.6990	0.0000	11758.1876	1.9474	0.0000	1631.6599	229.6261	0.0000	11845.3523	0.0001	0.0001	0.0000	0.0001	0.0001	0.0000	0.0000	0.0000	0.0000	inf	0.0000	0.2441	-0.0000	3.9750	9.0013	4.4559	6.1061	3.9292	0.0000	3.9292	0.0047	0.0000	0.0047	3.9245	0.0000	3.9245	0.0000	0.0000	0.0000	0.0000	0.0000	0.0000	0.0000	0.0000	0.0000	0.0195	0.0191	0.0003	0.0024	0.0024	0.0000	0.0171	0.0168	0.0003	0.0105	0.0088	0.0017	0.0069	0.0059	0.0010	0.0036	0.0028	0.0007
17	26	61	73	0.2659	6	2	3	1	0	0	0	0	0	N	N	N	N	N	N	N	N	N	N	N	N	inf	inf	inf	inf	inf	inf	inf	inf	inf	645.7241	0.2069	31303.6303	6.2647	0.0040	5235.1148	734.2247	0.2357	31488.7317	0.0000	0.0000	0.0000	0.0000	0.0000	0.0000	0.0000	0.0000	0.0000	3184.9917	0.2417	-0.0000	3.9750	9.0013	3.9822	6.1061	0.0090	0.0012	3.9096	0.0046	0.0000	0.0046	3.9062	0.0012	3.9050	0.0000	0.0000	0.0000	0.0000	0.0000	0.0000	0.0000	0.0000	0.0000	0.0061	0.0059	0.0001	0.0007	0.0007	0.0000	0.0053	0.0052	0.0001	0.0019	0.0016	0.0003	0.0014	0.0012	0.0002	0.0004	0.0004	0.0001	
17	28	43	47	0.3784	8	1	4	2	1	0	0	0	0	N	Y	N	N	N	N	N	N	N	N	N	N	inf	0.0000	inf	inf	0.0000	inf	inf	0.0000	inf	577.7247	0.0000	75390.9691	5.5071	0.0000	8778.2501	1200.7115	0.0000	78360.1973	0.0000	0.0000	0.0000	0.0000	0.0000	0.0000	0.0000	0.0000	0.0000	inf	0.1182	0.0000	3.9750	5.0068	2.9074	1.9864	1.4877	0.0000	1.9021	0.0095	0.0000	0.0095	1.8926	0.0000	1.8926	0.0000	0.0000	0.0000	0.0000	0.0000	0.0000	0.0000	0.0000	0.0000	0.0033	0.0033	0.0000	0.0017	0.0017	0.0000	0.0016	0.0016	0.0000	0.0018	0.0016	0.0002	0.0016	0.0015	0.0002	0.0002	0.0002	0.0000	
17	28	43	53	0.3657	8	1	4	1	1	0	0	0	0	N	Y	N	N	N	N	N	N	N	N	N	N	inf	0.0000	inf	inf	0.0000	inf	inf	0.0000	inf	507.2815	0.0000	67328.5613	4.3775	0.0000	7975.7540	1054.7150	0.0000	69670.9588	0.0000	0.0000	0.0000	0.0000	0.0000	0.0000	0.0000	0.0000	0.0000	inf	0.1185	-0.0000	3.9750	5.0068	2.9074	1.9864	1.4877	0.0000	1.9080	0.0086	0.0000	0.0086	1.8994	0.0000	1.8994	0.0000	0.0000	0.0000	0.0000	0.0000	0.0000	0.0000	0.0000	0.0000	0.0038	0.0037	0.0000	0.0020	0.0020	0.0000	0.0018	0.0018	0.0000	0.0025	0.0022	0.0003	0.0022	0.0020	0.0002	0.0003	0.0003	0.0000	
17	28	43	59	0.3657	8	1	4	1	1	0	0	0	0	N	Y	N	N	N	N	N	N	N	N	N	N	inf	0.0000	inf	inf	0.0000	inf	inf	0.0000	inf	264.8019	0.0000	39172.7178	2.3002	0.0000	4218.2737	546.6505	0.0000	40696.2853	0.0000	0.0000	0.0000	0.0000	0.0000	0.0000	0.0000	0.0000	0.0000	inf	0.1185	0.0000	3.9750	5.0068	2.9074	1.9864	1.4877	0.0000	1.9080	0.0086	0.0000	0.0086	1.8994	0.0000	1.8994	0.0000	0.0000	0.0000	0.0000	0.0000	0.0000	0.0000	0.0000	0.0000	0.0072	0.0072	0.0000	0.0037	0.0037	0.0000	0.0035	0.0034	0.0000	0.0051	0.0045	0.0006	0.0044	0.0039	0.0005	0.0007	0.0006	0.0001	
17	28	43	73	0.3657	8	1	4	1	1	0	0	0	0	N	Y	N	N	N	N	N	N	N	N	N	N	248366526.1849	0.0000	inf	1853026.7314	0.0000	inf	inf	0.0000	inf	370.6416	0.0000	52714.4410	3.1318	0.0000	5423.8696	788.7919	0.0000	54875.8483	0.0000	0.0000	0.0000	0.0000	0.0000	0.0000	0.0000	0.0000	0.0000	inf	0.0001	0.1169	0.0000	3.9750	5.0068	4.4559	1.9864	1.8822	0.0000	1.8822	0.0085	0.0000	0.0085	1.8737	0.0000	1.8737	0.0000	0.0000	0.0000	0.0000	0.0000	0.0000	0.0000	0.0000	0.0000	0.0051	0.0050	0.0000	0.0027	0.0027	0.0000	0.0024	0.0023	0.0000	0.0045	0.0041	0.0005	0.0040	0.0036	0.0004	0.0005	0.0005	0.0001
17	28	47	53	0.3784	8	1	4	2	1	0	0	0	0	N	Y	N	N	N	N	N	N	N	N	N	N	inf	0.0000	inf	inf	0.0000	inf	inf	0.0000	inf	740.7640	0.0000	32473.1282	15.8454	0.0000	13209.4799	817.4934	0.0000	32570.5752	0.0000	0.0000	0.0000	0.0000	0.0000	0.0000	0.0000	0.0000	0.0000	inf	0.1832	-0.0000	3.9750	5.0068	5.9927	1.9864	2.0491	0.0000	2.9492	0.0060	0.0000	0.0060	2.9432	0.0000	2.9432	0.0000	0.0000	0.0000	0.0000	0.0000	0.0000	0.0000	0.0000	0.0000	0.0040	0.0039	0.0001	0.0004	0.0004	0.0000	0.0036	0.0035	0.0001	0.0011	0.0009	0.0002	0.0009	0.0007	0.0001	0.0002	0.0002	0.0000	
17	28	47	59	0.3784	8	1	4	2	1	0	0	0	0	N	Y	N	N	N	N	N	N	N	N	N	N	inf	0.0000	inf	inf	0.0000	inf	inf	0.0000	inf	383.3743	0.0000	19368.1920	7.9650	0.0000	6874.9681	424.4136	0.0000	19440.6699	0.0000	0.0000	0.0000	0.0000	0.0000	0.0000	0.0000	0.0000	0.0000	inf	0.1832	0.0000	3.9750	5.0068	5.9927	1.9864	2.0491	0.0000	2.9492	0.0060	0.0000	0.0060	2.9432	0.0000	2.9432	0.0000	0.0000	0.0000	0.0000	0.0000	0.0000	0.0000	0.0000	0.0000	0.0077	0.0075	0.0002	0.0008	0.0008	0.0000	0.0069	0.0068	0.0002	0.0023	0.0020	0.0003	0.0018	0.0015	0.0003	0.0005	0.0004	0.0001	
17	28	47	73	0.3784	8	1	4	2	1	0	0	0	0	N	Y	N	N	N	N	N	N	N	N	N	N	inf	0.0000	inf	inf	0.0000	inf	inf	0.0000	inf	545.9463	0.0000	26128.0882	8.3216	0.0000	5189.6527	628.9119	0.0000	26345.1280	0.0000	0.0000	0.0000	0.0000	0.0000	0.0000	0.0000	0.0000	0.0000	inf	0.1815	0.0000	3.9750	5.0068	5.9927	1.9864	2.0491	0.0000	2.9219	0.0060	0.0000	0.0060	2.9160	0.0000	2.9160	0.0000	0.0000	0.0000	0.0000	0.0000	0.0000	0.0000	0.0000	0.0000	0.0054	0.0052	0.0001	0.0007	0.0007	0.0000	0.0046	0.0045	0.0001	0.0019	0.0016	0.0003	0.0015	0.0013	0.0002	0.0004	0.0003	0.0001	
17	28	53	59	0.3640	8	1	4	1	1	0	0	0	0	N	Y	N	N	N	N	N	N	N	N	N	N	746100441.9096	0.0000	inf	8649467.4609	0.0000	inf	inf	0.0000	inf	332.9328	0.0000	17161.2331	5.5388	0.0000	5002.2963	371.0456	0.0000	17234.0287	0.0000	0.0000	0.0000	0.0000	0.0000	0.0000	0.0000	0.0000	0.0000	inf	0.0000	0.1836	-0.0000	3.9750	5.0068	4.4559	1.9864	2.9556	0.0000	2.9556	0.0051	0.0000	0.0051	2.9505	0.0000	2.9505	0.0000	0.0000	0.0000	0.0000	0.0000	0.0000	0.0000	0.0000	0.0000	0.0089	0.0087	0.0002	0.0009	0.0009	0.0000	0.0080	0.0078	0.0002	0.0031	0.0026	0.0005	0.0022	0.0019	0.0003	0.0010	0.0008	0.0002
17	28	53	73	0.3640	8	1	4	1	1	0	0	0	0	N	Y	N	N	N	N	N	N	N	N	N	N	inf	0.0000	inf	inf	0.0000	inf	inf	0.0000	inf	476.7502	0.0000	23234.5259	6.1103	0.0000	4871.1787	550.0160	0.0000	23386.9992	0.0000	0.0000	0.0000	0.0000	0.0000	0.0000	0.0000	0.0000	0.0000	inf	0.1819	-0.0000	3.9750	5.0068	6.9987	1.9864	4.9999	0.0000	2.9281	0.0051	0.0000	0.0051	2.9231	0.0000	2.9231	0.0000	0.0000	0.0000	0.0000	0.0000	0.0000	0.0000	0.0000	0.0000	0.0061	0.0060	0.0001	0.0008	0.0008	0.0000	0.0053	0.0052	0.0001	0.0026	0.0022	0.0004	0.0019	0.0016	0.0003	0.0007	0.0005	0.0001	
17	28	59	73	0.3640	8	1	4	1	1	0	0	0	0	N	Y	N	N	N	N	N	N	N	N	N	N	27500124.6201	0.0000	inf	237215.3204	0.0000	inf	inf	0.0000	inf	246.6068	0.0000	13815.1638	3.1829	0.0000	2534.2926	284.1952	0.0000	13922.3403	0.0000	0.0000	0.0000	0.0000	0.0000	0.0000	0.0000	0.0000	0.0000	inf	0.0000	0.1819	-0.0000	3.9750	5.0068	4.4559	1.9864	2.9281	0.0000	2.9281	0.0051	0.0000	0.0051	2.9231	0.0000	2.9231	0.0000	0.0000	0.0000	0.0000	0.0000	0.0000	0.0000	0.0000	0.0000	0.0119	0.0117	0.0002	0.0016	0.0016	0.0000	0.0103	0.0101	0.0002	0.0055	0.0046	0.0009	0.0037	0.0031	0.0005	0.0018	0.0015	0.0003
17	39	42	43	0.3657	7	2	2	1	0	0	0	0	0	N	N	N	N	N	N	N	N	N	N	N	N	inf	inf	inf	inf	inf	inf	inf	inf	inf	271.0652	0.0774	41468.8363	1.7229	0.0006	3011.0919	572.4356	0.1645	43332.5306	0.0000	0.0000	0.0000	0.0000	0.0000	0.0000	0.0000	0.0000	0.0000	3521.9583	0.1746	-0.0000	3.9750	9.0059	12.7198	4.3814	12.5308	0.0008	2.8229	0.0095	0.0000	0.0095	2.8142	0.0008	2.8134	0.0000	0.0000	0.0000	0.0000	0.0000	0.0000	0.0000	0.0000	0.0000	0.0104	0.0103	0.0001	0.0055	0.0055	0.0000	0.0049	0.0049	0.0001	0.0074	0.0066	0.0008	0.0065	0.0058	0.0007	0.0009	0.0008	0.0001	
17	39	42	47	0.3483	6	2	2	2	0	0	0	0	0	N	N	N	N	N	N	N	N	N	N	N	N	653931702.1081	117095.7938	inf	6559714.5032	2361.2122	inf	inf	inf	inf	352.6331	0.0743	18334.7386	4.4948	0.0019	3386.4682	396.1741	0.0835	18450.2760	0.0000	0.0000	0.0000	0.0000	0.0000	0.0000	0.0000	0.0000	0.0000	4839.1649	0.0000	0.2428	-0.0000	3.9750	9.0059	4.4559	4.3814	3.9216	0.0008	3.9208	0.0056	0.0000	0.0056	3.9161	0.0008	3.9152	0.0000	0.0000	0.0000	0.0000	0.0000	0.0000	0.0000	0.0000	0.0000	0.0111	0.0109	0.0002	0.0012	0.0012	0.0000	0.0099	0.0097	0.0002	0.0032	0.0027	0.0005	0.0025	0.0022	0.0003	0.0007	0.0005	0.0001
17	39	42	59	0.2655	6	2	2	1	0	0	0	0	0	N	N	N	N	N	N	N	N	N	N	N	N	1947596.6993	342.3232	inf	12986.2129	4.6083	inf	inf	inf	inf	158.2735	0.0333	9605.1179	1.5858	0.0007	1248.4250	179.2702	0.0377	9681.9222	0.0001	0.0001	0.0000	0.0001	0.0001	0.0000	0.0000	0.0000	0.0000	4835.6616	0.0000	0.2432	-0.0000	3.9750	9.0059	4.4559	4.3814	3.9279	0.0008	3.9271	0.0047	0.0000	0.0046	3.9233	0.0008	3.9225	0.0000	0.0000	0.0000	0.0000	0.0000	0.0000	0.0000	0.0000	0.0000	0.0248	0.0244	0.0004	0.0029	0.0029	0.0000	0.0219	0.0215	0.0004	0.0095	0.0079	0.0016	0.0063	0.0054	0.0009	0.0032	0.0025	0.0006
17	39	42	61	0.3337	6	3	1	2	0	0	0	0	0	N	N	N	N	N	N	N	N	N	N	N	N	inf	inf	inf	inf	inf	inf	inf	inf	inf	507.2461	0.2684	25653.3120	5.1379	0.0054	4009.4287	573.3997	0.3038	25817.7587	0.0000	0.0000	0.0000	0.0000	0.0000	0.0000	0.0000	0.0000	0.0000	1926.6936	0.2408	0.0000	3.9750	9.0059	12.7198	4.3814	12.5308	0.0020	3.9076	0.0046	0.0000	0.0046	3.9050	0.0020	3.9029	0.0000	0.0000	0.0000	0.0000	0.0000	0.0000	0.0000	0.0000	0.0000	0.0077	0.0076	0.0002	0.0009	0.0009	0.0000	0.0068	0.0067	0.0002	0.0017	0.0014	0.0002	0.0013	0.0011	0.0002	0.0004	0.0003	0.0001	
17	39	43	47	0.3770	7	2	3	2	0	0	0	0	0	N	N	N	N	N	N	N	N	N	N	N	N	inf	inf	inf	inf	inf	inf	inf	inf	inf	529.0161	0.1499	72044.5429	3.7814	0.0014	7199.7947	1086.3483	0.3097	74523.4103	0.0000	0.0000	0.0000	0.0000	0.0000	0.0000	0.0000	0.0000	0.0000	3555.0063	0.1759	0.0000	3.9750	9.0059	2.9074	4.3814	1.4877	0.0008	2.8437	0.0105	0.0000	0.0105	2.8340	0.0008	2.8333	0.0000	0.0000	0.0000	0.0000	0.0000	0.0000	0.0000	0.0000	0.0000	0.0054	0.0053	0.0000	0.0028	0.0028	0.0000	0.0026	0.0026	0.0000	0.0031	0.0027	0.0003	0.0027	0.0024	0.0003	0.0004	0.0003	0.0001	
17	39	43	59	0.3657	7	2	3	1	0	0	0	0	0	N	N	N	N	N	N	N	N	N	N	N	N	inf	inf	inf	inf	inf	inf	inf	inf	inf	241.2782	0.0683	36861.1614	1.5765	0.0006	3001.3029	495.7845	0.1411	38320.6196	0.0000	0.0000	0.0000	0.0000	0.0000	0.0000	0.0000	0.0000	0.0000	3554.2416	0.1763	-0.0000	3.9750	9.0059	2.9074	4.3814	1.4877	0.0008	2.8497	0.0096	0.0000	0.0096	2.8410	0.0008	2.8402	0.0000	0.0000	0.0000	0.0000	0.0000	0.0000	0.0000	0.0000	0.0000	0.0118	0.0117	0.0001	0.0061	0.0061	0.0000	0.0057	0.0057	0.0001	0.0085	0.0075	0.0010	0.0072	0.0065	0.0008	0.0013	0.0011	0.0002	
17	39	43	61	0.3657	7	3	2	2	0	0	0	0	0	N	N	N	N	N	N	N	N	N	N	N	N	inf	inf	inf	inf	inf	inf	inf	inf	inf	761.4955	0.5421	101052.1663	4.9415	0.0045	9391.3640	1573.4837	1.1276	104488.9180	0.0000	0.0000	0.0000	0.0000	0.0000	0.0000	0.0000	0.0000	0.0000	1414.3910	0.1740	-0.0000	3.9750	9.0059	2.9074	4.3814	1.4877	0.0020	2.8318	0.0095	0.0000	0.0095	2.8243	0.0020	2.8223	0.0000	0.0000	0.0000	0.0000	0.0000	0.0000	0.0000	0.0000	0.0000	0.0037	0.0037	0.0000	0.0019	0.0019	0.0000	0.0018	0.0018	0.0000	0.0017	0.0015	0.0002	0.0015	0.0013	0.0001	0.0002	0.0002	0.0000	
17	39	43	73	0.3657	7	2	3	1	0	0	0	0	0	N	N	N	N	N	N	N	N	N	N	N	N	inf	inf	inf	inf	inf	inf	inf	inf	inf	343.1264	0.0981	50965.7966	2.1608	0.0008	3865.0568	732.2420	0.2106	53146.7657	0.0000	0.0000	0.0000	0.0000	0.0000	0.0000	0.0000	0.0000	0.0000	3521.9583	0.1746	-0.0000	3.9750	9.0059	2.9074	4.3814	1.4877	0.0008	2.8229	0.0095	0.0000	0.0095	2.8142	0.0008	2.8134	0.0000	0.0000	0.0000	0.0000	0.0000	0.0000	0.0000	0.0000	0.0000	0.0082	0.0082	0.0001	0.0044	0.0044	0.0000	0.0038	0.0038	0.0001	0.0075	0.0067	0.0008	0.0065	0.0059	0.0007	0.0009	0.0008	0.0001	
17	39	47	59	0.2800	5	2	3	2	0	0	0	0	0	N	N	N	N	N	N	N	N	N	N	N	N	3059985.4853	540.5484	inf	34407.0847	12.1577	inf	inf	inf	inf	308.2060	0.0644	16432.9899	4.6487	0.0019	5268.7349	339.9217	0.0711	16482.8841	0.0001	0.0001	0.0000	0.0001	0.0002	0.0000	0.0000	0.0000	0.0000	4872.5201	0.0000	0.2446	-0.0000	3.9750	9.0059	4.4559	4.3814	3.9500	0.0008	3.9492	0.0056	0.0000	0.0056	3.9444	0.0008	3.9436	0.0000	0.0000	0.0000	0.0000	0.0000	0.0000	0.0000	0.0000	0.0000	0.0128	0.0126	0.0002	0.0012	0.0012	0.0000	0.0116	0.0114	0.0002	0.0040	0.0034	0.0006	0.0030	0.0025	0.0004	0.0010	0.0008	0.0002
17	39	47	61	0.2800	5	3	2	3	0	0	0	0	0	N	N	N	N	N	N	N	N	N	N	N	N	inf	inf	inf	inf	inf	inf	inf	inf	inf	986.3870	0.5197	43608.0554	15.1300	0.0157	16095.4899	1085.5570	0.5724	43714.3365	0.0000	0.0000	0.0000	0.0000	0.0000	0.0000	0.0000	0.0000	0.0000	1941.0123	0.2422	-0.0000	3.9750	9.0059	5.9927	4.3814	2.0491	0.0020	3.9295	0.0056	0.0000	0.0056	3.9260	0.0020	3.9240	0.0000	0.0000	0.0000	0.0000	0.0000	0.0000	0.0000	0.0000	0.0000	0.0040	0.0039	0.0001	0.0004	0.0004	0.0000	0.0036	0.0035	0.0001	0.0007	0.0006	0.0001	0.0006	0.0005	0.0001	0.0002	0.0001	0.0000	
17	39	47	73	0.2825	6	2	3	2	0	0	0	0	0	N	N	N	N	N	N	N	N	N	N	N	N	inf	inf	inf	inf	inf	inf	inf	inf	inf	448.2592	0.0945	22358.7295	5.4326	0.0023	4407.9793	506.8877	0.1070	22488.6513	0.0000	0.0000	0.0000	0.0000	0.0000	0.0000	0.0000	0.0000	0.0000	4839.1649	0.2428	-0.0000	3.9750	9.0059	5.9927	4.3814	2.0491	0.0008	3.9208	0.0056	0.0000	0.0056	3.9161	0.0008	3.9152	0.0000	0.0000	0.0000	0.0000	0.0000	0.0000	0.0000	0.0000	0.0000	0.0087	0.0086	0.0002	0.0010	0.0010	0.0000	0.0077	0.0076	0.0002	0.0032	0.0027	0.0005	0.0025	0.0022	0.0004	0.0007	0.0006	0.0001	
17	39	59	61	0.3109	5	3	2	2	0	0	0	0	0	N	N	N	N	N	N	N	N	N	N	N	N	inf	inf	inf	inf	inf	inf	inf	inf	inf	439.4074	0.2308	22938.2653	5.0179	0.0052	5641.9521	489.8219	0.2576	23022.1350	0.0000	0.0000	0.0000	0.0000	0.0000	0.0000	0.0000	0.0000	0.0000	1939.6042	0.2426	-0.0000	3.9750	9.0059	15.6457	4.3814	33.2903	0.0020	3.9359	0.0047	0.0000	0.0047	3.9333	0.0020	3.9312	0.0000	0.0000	0.0000	0.0000	0.0000	0.0000	0.0000	0.0000	0.0000	0.0090	0.0088	0.0002	0.0009	0.0009	0.0000	0.0080	0.0079	0.0002	0.0021	0.0018	0.0003	0.0015	0.0013	0.0002	0.0006	0.0005	0.0001	
17	39	59	73	0.3110	6	2	3	1	0	0	0	0	0	N	N	N	N	N	N	N	N	N	N	N	N	19664112.4044	3457.9315	inf	125999.2037	44.7025	inf	inf	inf	inf	201.5467	0.0424	11747.7314	1.9453	0.0008	1629.2885	229.4533	0.0483	11834.8338	0.0000	0.0000	0.0000	0.0000	0.0000	0.0000	0.0000	0.0000	0.0000	4835.6617	0.0000	0.2432	-0.0000	3.9750	9.0059	4.4559	4.3814	3.9279	0.0008	3.9271	0.0047	0.0000	0.0046	3.9233	0.0008	3.9225	0.0000	0.0000	0.0000	0.0000	0.0000	0.0000	0.0000	0.0000	0.0000	0.0195	0.0192	0.0003	0.0024	0.0024	0.0000	0.0171	0.0168	0.0003	0.0096	0.0080	0.0016	0.0064	0.0055	0.0009	0.0032	0.0026	0.0007
17	39	61	73	0.2655	6	3	2	2	0	0	0	0	0	N	N	N	N	N	N	N	N	N	N	N	N	inf	inf	inf	inf	inf	inf	inf	inf	inf	645.2383	0.3418	31276.0326	6.2581	0.0065	5227.5310	733.6742	0.3892	31461.0075	0.0000	0.0000	0.0000	0.0000	0.0000	0.0000	0.0000	0.0000	0.0000	1926.6936	0.2408	0.0000	3.9750	9.0059	3.9822	4.3814	0.0090	0.0020	3.9076	0.0046	0.0000	0.0046	3.9050	0.0020	3.9029	0.0000	0.0000	0.0000	0.0000	0.0000	0.0000	0.0000	0.0000	0.0000	0.0061	0.0059	0.0001	0.0007	0.0007	0.0000	0.0053	0.0052	0.0001	0.0017	0.0015	0.0003	0.0013	0.0011	0.0002	0.0004	0.0003	0.0001	
17	42	43	47	0.3770	7	1	3	1	0	0	0	0	0	N	N	N	N	N	N	N	N	N	N	N	N	72349308.4877	0.0000	inf	445829.1628	0.0000	inf	inf	0.0000	inf	383.9065	0.0000	56377.8405	2.6704	0.0000	4130.9638	809.9085	0.0000	59133.3233	0.0000	0.0000	0.0000	0.0000	0.0000	0.0000	0.0000	0.0000	0.0000	inf	0.0000	0.1751	0.0000	3.9750	12.7198	4.4559	12.5308	2.8189	0.0000	2.8189	0.0103	0.0000	0.0103	2.8086	0.0000	2.8086	0.0000	0.0000	0.0000	0.0000	0.0000	0.0000	0.0000	0.0000	0.0000	0.0073	0.0073	0.0001	0.0039	0.0039	0.0000	0.0035	0.0034	0.0000	0.0050	0.0045	0.0005	0.0044	0.0040	0.0004	0.0006	0.0005	0.0001
17	42	43	53	0.3657	7	1	3	0	0	0	0	0	0	N	N	N	N	N	N	N	N	N	N	N	N	inf	0.0000	inf	inf	0.0000	inf	inf	0.0000	inf	336.4923	0.0000	50194.8809	2.1397	0.0000	3739.0658	710.3693	0.0000	52387.1085	0.0000	0.0000	0.0000	0.0000	0.0000	0.0000	0.0000	0.0000	0.0000	inf	0.1755	-0.0000	3.9750	12.7198	2.9074	12.5308	1.4877	0.0000	2.8249	0.0095	0.0000	0.0095	2.8154	0.0000	2.8154	0.0000	0.0000	0.0000	0.0000	0.0000	0.0000	0.0000	0.0000	0.0000	0.0084	0.0083	0.0001	0.0044	0.0044	0.0000	0.0040	0.0039	0.0001	0.0068	0.0061	0.0007	0.0060	0.0054	0.0006	0.0008	0.0007	0.0001	
17	42	43	59	0.3657	7	1	3	0	0	0	0	0	0	N	N	N	N	N	N	N	N	N	N	N	N	inf	0.0000	inf	inf	0.0000	inf	inf	0.0000	inf	176.4733	0.0000	28759.3910	1.1398	0.0000	1956.6117	366.1949	0.0000	30150.4732	0.0000	0.0000	0.0000	0.0000	0.0000	0.0000	0.0000	0.0000	0.0000	inf	0.1755	-0.0000	3.9750	12.7198	2.9074	12.5308	1.4877	0.0000	2.8249	0.0095	0.0000	0.0095	2.8154	0.0000	2.8154	0.0000	0.0000	0.0000	0.0000	0.0000	0.0000	0.0000	0.0000	0.0000	0.0160	0.0159	0.0001	0.0083	0.0083	0.0000	0.0077	0.0076	0.0001	0.0140	0.0124	0.0016	0.0119	0.0106	0.0012	0.0021	0.0018	0.0004	
17	42	43	61	0.3657	7	2	2	1	0	0	0	0	0	N	N	N	N	N	N	N	N	N	N	N	N	inf	inf	inf	inf	inf	inf	inf	inf	inf	555.6082	0.2413	79847.1008	3.5254	0.0020	6165.7055	1173.5997	0.5128	83189.4871	0.0000	0.0000	0.0000	0.0000	0.0000	0.0000	0.0000	0.0000	0.0000	2318.1148	0.1732	0.0000	3.9750	12.7198	2.9074	12.5308	1.4877	0.0012	2.8071	0.0094	0.0000	0.0094	2.7989	0.0012	2.7976	0.0000	0.0000	0.0000	0.0000	0.0000	0.0000	0.0000	0.0000	0.0000	0.0051	0.0050	0.0000	0.0027	0.0027	0.0000	0.0024	0.0024	0.0000	0.0027	0.0024	0.0003	0.0024	0.0021	0.0002	0.0003	0.0003	0.0000	
17	42	47	53	0.3483	6	1	3	1	0	0	0	0	0	N	N	N	N	N	N	N	N	N	N	N	N	1054519616.3923	0.0000	inf	10674549.9781	0.0000	inf	inf	0.0000	inf	438.4118	0.0000	22072.9410	5.6306	0.0000	4232.4197	492.0972	0.0000	22205.7946	0.0000	0.0000	0.0000	0.0000	0.0000	0.0000	0.0000	0.0000	0.0000	inf	0.0000	0.2437	-0.0000	3.9750	12.7198	4.4559	12.5308	3.9229	0.0000	3.9229	0.0056	0.0000	0.0056	3.9173	0.0000	3.9173	0.0000	0.0000	0.0000	0.0000	0.0000	0.0000	0.0000	0.0000	0.0000	0.0089	0.0088	0.0002	0.0010	0.0010	0.0000	0.0080	0.0078	0.0002	0.0029	0.0025	0.0004	0.0023	0.0020	0.0003	0.0006	0.0005	0.0001
17	42	47	59	0.3483	6	1	3	1	0	0	0	0	0	N	N	N	N	N	N	N	N	N	N	N	N	1292877.6487	0.0000	inf	12500.1250	0.0000	inf	inf	0.0000	inf	227.0738	0.0000	13097.8965	2.8977	0.0000	2179.2340	255.0834	0.0000	13191.7074	0.0002	0.0002	0.0000	0.0002	0.0003	0.0000	0.0000	0.0000	0.0000	inf	0.0000	0.2437	0.0000	3.9750	12.7198	4.4559	12.5308	3.9229	0.0000	3.9229	0.0056	0.0000	0.0056	3.9173	0.0000	3.9173	0.0000	0.0000	0.0000	0.0000	0.0000	0.0000	0.0000	0.0000	0.0000	0.0173	0.0170	0.0003	0.0019	0.0019	0.0000	0.0154	0.0151	0.0003	0.0064	0.0054	0.0010	0.0049	0.0042	0.0007	0.0016	0.0012	0.0003
17	42	47	61	0.3483	6	2	2	2	0	0	0	0	0	N	N	N	N	N	N	N	N	N	N	N	N	inf	inf	inf	inf	inf	inf	inf	inf	inf	727.0114	0.2329	34848.8988	9.3943	0.0060	7036.9032	815.0170	0.2613	35044.6239	0.0000	0.0000	0.0000	0.0000	0.0000	0.0000	0.0000	0.0000	0.0000	3187.3853	0.2413	0.0000	3.9750	12.7198	5.9927	12.5308	2.0491	0.0012	3.9034	0.0055	0.0000	0.0055	3.8991	0.0012	3.8978	0.0000	0.0000	0.0000	0.0000	0.0000	0.0000	0.0000	0.0000	0.0000	0.0054	0.0053	0.0001	0.0006	0.0006	0.0000	0.0048	0.0047	0.0001	0.0012	0.0010	0.0002	0.0009	0.0008	0.0001	0.0002	0.0002	0.0000	
17	42	53	59	0.3040	6	1	3	0	0	0	0	0	0	N	N	N	N	N	N	N	N	N	N	N	N	4992049.6343	0.0043	inf	33634.2271	0.0246	inf	inf	0.0000	inf	196.8701	0.0000	11584.1592	1.9867	0.0000	1560.7110	222.7818	0.0000	11673.0468	0.0000	0.0000	0.0000	0.0001	0.0001	0.0000	0.0000	0.0000	0.0000	988996913.6304	0.0000	0.2441	-0.0000	3.9750	12.7198	4.4559	12.5308	3.9292	0.0000	3.9292	0.0047	0.0000	0.0047	3.9245	0.0000	3.9245	0.0000	0.0000	0.0000	0.0000	0.0000	0.0000	0.0000	0.0000	0.0000	0.0200	0.0196	0.0003	0.0023	0.0023	0.0000	0.0176	0.0173	0.0003	0.0087	0.0073	0.0014	0.0058	0.0050	0.0008	0.0029	0.0023	0.0006
17	42	53	61	0.3337	6	2	2	1	0	0	0	0	0	N	N	N	N	N	N	N	N	N	N	N	N	inf	inf	inf	inf	inf	inf	inf	inf	inf	630.5888	0.2021	30877.6245	6.4334	0.0041	5007.4044	712.1808	0.2285	31067.0998	0.0000	0.0000	0.0000	0.0000	0.0000	0.0000	0.0000	0.0000	0.0000	3184.9917	0.2417	0.0000	3.9750	12.7198	6.9987	12.5308	4.9999	0.0012	3.9096	0.0046	0.0000	0.0046	3.9062	0.0012	3.9050	0.0000	0.0000	0.0000	0.0000	0.0000	0.0000	0.0000	0.0000	0.0000	0.0062	0.0061	0.0001	0.0007	0.0007	0.0000	0.0055	0.0054	0.0001	0.0016	0.0013	0.0002	0.0012	0.0010	0.0002	0.0004	0.0003	0.0001	
17	42	59	61	0.3337	6	2	2	1	0	0	0	0	0	N	N	N	N	N	N	N	N	N	N	N	N	inf	inf	inf	inf	inf	inf	inf	inf	inf	326.7137	0.1044	18338.4838	3.3133	0.0021	2584.5903	369.2768	0.1181	18471.3943	0.0000	0.0000	0.0000	0.0000	0.0000	0.0000	0.0000	0.0000	0.0000	3184.9997	0.2417	0.0000	3.9750	12.7198	15.6457	12.5308	33.2903	0.0012	3.9096	0.0046	0.0000	0.0046	3.9062	0.0012	3.9050	0.0000	0.0000	0.0000	0.0000	0.0000	0.0000	0.0000	0.0000	0.0000	0.0120	0.0118	0.0002	0.0014	0.0014	0.0000	0.0106	0.0104	0.0002	0.0033	0.0028	0.0005	0.0024	0.0021	0.0003	0.0009	0.0007	0.0002	
17	43	47	53	0.3770	7	1	4	1	0	0	0	0	0	N	Y	N	N	N	N	N	N	N	N	N	N	inf	0.0000	inf	inf	0.0000	inf	inf	0.0000	inf	656.2191	0.0000	87008.3645	4.6909	0.0000	8917.5659	1347.6444	0.0000	89917.0034	0.0000	0.0000	0.0000	0.0000	0.0000	0.0000	0.0000	0.0000	0.0000	inf	0.1768	-0.0000	3.9750	2.9074	5.9927	1.4877	2.0491	0.0000	2.8457	0.0105	0.0000	0.0105	2.8352	0.0000	2.8352	0.0000	0.0000	0.0000	0.0000	0.0000	0.0000	0.0000	0.0000	0.0000	0.0043	0.0043	0.0000	0.0022	0.0022	0.0000	0.0021	0.0021	0.0000	0.0028	0.0025	0.0003	0.0025	0.0022	0.0003	0.0003	0.0003	0.0001	
17	43	47	59	0.3770	7	1	4	1	0	0	0	0	0	N	Y	N	N	N	N	N	N	N	N	N	N	inf	0.0000	inf	inf	0.0000	inf	inf	0.0000	inf	343.1383	0.0000	50662.6848	2.4626	0.0000	4700.4550	701.7515	0.0000	52561.2272	0.0000	0.0000	0.0000	0.0000	0.0000	0.0000	0.0000	0.0000	0.0000	inf	0.1768	0.0000	3.9750	2.9074	5.9927	1.4877	2.0491	0.0000	2.8457	0.0105	0.0000	0.0105	2.8352	0.0000	2.8352	0.0000	0.0000	0.0000	0.0000	0.0000	0.0000	0.0000	0.0000	0.0000	0.0083	0.0082	0.0001	0.0043	0.0043	0.0000	0.0040	0.0040	0.0001	0.0058	0.0051	0.0007	0.0050	0.0044	0.0005	0.0008	0.0006	0.0001	
17	43	47	61	0.3770	7	2	3	2	0	0	0	0	0	N	N	N	N	N	N	N	N	N	N	N	N	inf	inf	inf	inf	inf	inf	inf	inf	inf	1082.3594	0.4662	137887.8704	7.7160	0.0043	14644.0181	2225.1259	0.9648	142303.5382	0.0000	0.0000	0.0000	0.0000	0.0000	0.0000	0.0000	0.0000	0.0000	2339.1819	0.1745	0.0000	3.9750	2.9074	5.9927	1.4877	2.0491	0.0012	2.8278	0.0104	0.0000	0.0104	2.8186	0.0012	2.8174	0.0000	0.0000	0.0000	0.0000	0.0000	0.0000	0.0000	0.0000	0.0000	0.0026	0.0026	0.0000	0.0013	0.0013	0.0000	0.0013	0.0012	0.0000	0.0011	0.0010	0.0001	0.0010	0.0009	0.0001	0.0001	0.0001	0.0000	
17	43	47	73	0.3770	7	1	4	1	0	0	0	0	0	N	Y	N	N	N	N	N	N	N	N	N	N	434002968.1261	0.0000	inf	2648512.4259	0.0000	inf	inf	0.0000	inf	485.8412	0.0000	69100.4883	3.3482	0.0000	5282.6017	1035.7465	0.0000	72319.3749	0.0000	0.0000	0.0000	0.0000	0.0000	0.0000	0.0000	0.0000	0.0000	inf	0.0002	0.1751	0.0000	3.9750	2.9074	4.4559	1.4877	2.8189	0.0000	2.8189	0.0103	0.0000	0.0103	2.8086	0.0000	2.8086	0.0000	0.0000	0.0000	0.0000	0.0000	0.0000	0.0000	0.0000	0.0000	0.0058	0.0058	0.0000	0.0031	0.0031	0.0000	0.0027	0.0027	0.0000	0.0050	0.0045	0.0005	0.0045	0.0040	0.0004	0.0006	0.0005	0.0001
17	43	53	59	0.3657	7	1	4	0	0	0	0	0	0	N	Y	N	N	N	N	N	N	N	N	N	N	inf	0.0000	inf	inf	0.0000	inf	inf	0.0000	inf	299.3938	0.0000	44671.9767	1.9559	0.0000	3726.5235	615.3502	0.0000	46393.1376	0.0000	0.0000	0.0000	0.0000	0.0000	0.0000	0.0000	0.0000	0.0000	inf	0.1772	-0.0000	3.9750	2.9074	6.9987	1.4877	4.9999	0.0000	2.8517	0.0096	0.0000	0.0096	2.8421	0.0000	2.8421	0.0000	0.0000	0.0000	0.0000	0.0000	0.0000	0.0000	0.0000	0.0000	0.0095	0.0095	0.0001	0.0049	0.0049	0.0000	0.0046	0.0046	0.0001	0.0079	0.0069	0.0009	0.0067	0.0060	0.0007	0.0012	0.0010	0.0002	
17	43	53	61	0.3657	7	2	3	1	0	0	0	0	0	N	N	N	N	N	N	N	N	N	N	N	N	inf	inf	inf	inf	inf	inf	inf	inf	inf	944.5401	0.4069	121968.0142	6.1301	0.0034	11623.0624	1951.6816	0.8465	125999.8917	0.0000	0.0000	0.0000	0.0000	0.0000	0.0000	0.0000	0.0000	0.0000	2338.6157	0.1749	0.0000	3.9750	2.9074	6.9987	1.4877	4.9999	0.0012	2.8337	0.0095	0.0000	0.0095	2.8254	0.0012	2.8242	0.0000	0.0000	0.0000	0.0000	0.0000	0.0000	0.0000	0.0000	0.0000	0.0030	0.0030	0.0000	0.0016	0.0016	0.0000	0.0014	0.0014	0.0000	0.0015	0.0014	0.0002	0.0013	0.0012	0.0001	0.0002	0.0002	0.0000	
17	43	53	73	0.3657	7	1	4	0	0	0	0	0	0	N	Y	N	N	N	N	N	N	N	N	N	N	inf	0.0000	inf	inf	0.0000	inf	inf	0.0000	inf	425.9912	0.0000	61623.8914	2.6843	0.0000	4795.9356	908.5834	0.0000	64185.4822	0.0000	0.0000	0.0000	0.0000	0.0000	0.0000	0.0000	0.0000	0.0000	inf	0.1755	-0.0000	3.9750	2.9074	6.9987	1.4877	4.9999	0.0000	2.8249	0.0095	0.0000	0.0095	2.8154	0.0000	2.8154	0.0000	0.0000	0.0000	0.0000	0.0000	0.0000	0.0000	0.0000	0.0000	0.0066	0.0066	0.0000	0.0035	0.0035	0.0000	0.0031	0.0031	0.0000	0.0069	0.0061	0.0007	0.0060	0.0054	0.0006	0.0009	0.0007	0.0001	
17	43	59	61	0.3657	7	2	3	1	0	0	0	0	0	N	N	N	N	N	N	N	N	N	N	N	N	inf	inf	inf	inf	inf	inf	inf	inf	inf	494.0279	0.2126	71205.1397	3.2177	0.0018	6144.2544	1016.9088	0.4403	73840.5621	0.0000	0.0000	0.0000	0.0000	0.0000	0.0000	0.0000	0.0000	0.0000	2338.6234	0.1749	-0.0000	3.9750	2.9074	15.6457	1.4877	33.2903	0.0012	2.8338	0.0095	0.0000	0.0095	2.8254	0.0012	2.8242	0.0000	0.0000	0.0000	0.0000	0.0000	0.0000	0.0000	0.0000	0.0000	0.0057	0.0057	0.0000	0.0030	0.0030	0.0000	0.0028	0.0027	0.0000	0.0031	0.0027	0.0003	0.0026	0.0024	0.0003	0.0004	0.0004	0.0001	
17	43	59	73	0.3657	7	1	4	0	0	0	0	0	0	N	Y	N	N	N	N	N	N	N	N	N	N	10545634.3156	0.0000	inf	57317.8998	0.0000	inf	inf	0.0000	inf	223.8766	0.0000	35434.3143	1.4352	0.0000	2516.3075	468.3831	0.0000	37067.5432	0.0000	0.0000	0.0000	0.0000	0.0000	0.0000	0.0000	0.0000	0.0000	inf	0.0000	0.1755	-0.0000	3.9750	2.9074	4.4559	1.4877	2.8249	0.0000	2.8249	0.0095	0.0000	0.0095	2.8154	0.0000	2.8154	0.0000	0.0000	0.0000	0.0000	0.0000	0.0000	0.0000	0.0000	0.0000	0.0126	0.0125	0.0001	0.0066	0.0066	0.0000	0.0060	0.0059	0.0001	0.0141	0.0125	0.0016	0.0120	0.0107	0.0012	0.0021	0.0018	0.0004
17	43	61	73	0.3657	7	2	3	1	0	0	0	0	0	N	N	N	N	N	N	N	N	N	N	N	N	inf	inf	inf	inf	inf	inf	inf	inf	inf	703.5235	0.3056	97847.9308	4.4251	0.0025	7899.1793	1500.7642	0.6562	101743.1460	0.0000	0.0000	0.0000	0.0000	0.0000	0.0000	0.0000	0.0000	0.0000	2318.1148	0.1732	-0.0000	3.9750	2.9074	3.9822	1.4877	0.0090	0.0012	2.8071	0.0094	0.0000	0.0094	2.7989	0.0012	2.7976	0.0000	0.0000	0.0000	0.0000	0.0000	0.0000	0.0000	0.0000	0.0000	0.0040	0.0040	0.0000	0.0021	0.0021	0.0000	0.0019	0.0018	0.0000	0.0027	0.0024	0.0003	0.0024	0.0022	0.0002	0.0003	0.0003	0.0001	
17	47	53	59	0.2800	5	1	4	1	0	0	0	0	0	N	Y	N	N	N	N	N	N	N	N	N	N	2847094.0335	0.0060	inf	32229.8922	0.0473	inf	inf	0.0000	inf	383.1006	0.0000	19796.2296	5.8062	0.0000	6581.6705	422.3233	0.0000	19853.2000	0.0001	0.0002	0.0000	0.0002	0.0002	0.0000	0.0000	0.0000	0.0000	410127352.3090	0.0000	0.2455	-0.0000	3.9750	5.9927	4.4559	2.0491	3.9513	0.0000	3.9513	0.0056	0.0000	0.0056	3.9457	0.0000	3.9457	0.0000	0.0000	0.0000	0.0000	0.0000	0.0000	0.0000	0.0000	0.0000	0.0103	0.0101	0.0002	0.0010	0.0010	0.0000	0.0093	0.0091	0.0002	0.0037	0.0031	0.0006	0.0027	0.0023	0.0004	0.0009	0.0007	0.0002
17	47	53	61	0.2800	5	2	3	2	0	0	0	0	0	N	N	N	N	N	N	N	N	N	N	N	N	inf	inf	inf	inf	inf	inf	inf	inf	inf	1225.4164	0.3910	52440.8919	18.8866	0.0119	20089.6603	1347.9982	0.4305	52561.3398	0.0000	0.0000	0.0000	0.0000	0.0000	0.0000	0.0000	0.0000	0.0000	3208.2613	0.2431	0.0000	3.9750	5.9927	6.9987	2.0491	4.9999	0.0012	3.9316	0.0056	0.0000	0.0056	3.9272	0.0012	3.9260	0.0000	0.0000	0.0000	0.0000	0.0000	0.0000	0.0000	0.0000	0.0000	0.0032	0.0031	0.0001	0.0003	0.0003	0.0000	0.0029	0.0028	0.0001	0.0007	0.0006	0.0001	0.0005	0.0005	0.0001	0.0001	0.0001	0.0000	
17	47	53	73	0.2825	6	1	4	1	0	0	0	0	0	N	Y	N	N	N	N	N	N	N	N	N	N	inf	0.0000	inf	inf	0.0000	inf	inf	0.0000	inf	557.3302	0.0000	26904.4210	6.8078	0.0000	5508.3474	629.5937	0.0000	27053.5718	0.0000	0.0000	0.0000	0.0000	0.0000	0.0000	0.0000	0.0000	0.0000	inf	0.2437	-0.0000	3.9750	5.9927	6.9987	2.0491	4.9999	0.0000	3.9229	0.0056	0.0000	0.0056	3.9173	0.0000	3.9173	0.0000	0.0000	0.0000	0.0000	0.0000	0.0000	0.0000	0.0000	0.0000	0.0070	0.0069	0.0001	0.0008	0.0008	0.0000	0.0062	0.0061	0.0001	0.0030	0.0025	0.0004	0.0023	0.0020	0.0003	0.0006	0.0005	0.0001	
17	47	59	61	0.3109	5	2	3	2	0	0	0	0	0	N	N	N	N	N	N	N	N	N	N	N	N	inf	inf	inf	inf	inf	inf	inf	inf	inf	635.0966	0.2020	31284.1094	9.6422	0.0061	10932.0452	699.7044	0.2227	31367.2085	0.0000	0.0000	0.0000	0.0000	0.0000	0.0000	0.0000	0.0000	0.0000	3208.2693	0.2431	-0.0000	3.9750	5.9927	15.6457	2.0491	33.2903	0.0012	3.9316	0.0056	0.0000	0.0056	3.9272	0.0012	3.9260	0.0000	0.0000	0.0000	0.0000	0.0000	0.0000	0.0000	0.0000	0.0000	0.0062	0.0061	0.0001	0.0006	0.0006	0.0000	0.0056	0.0055	0.0001	0.0014	0.0012	0.0002	0.0011	0.0009	0.0002	0.0003	0.0003	0.0001	
17	47	59	73	0.3110	6	1	4	1	0	0	0	0	0	N	Y	N	N	N	N	N	N	N	N	N	N	359848.1156	0.0000	inf	3328.1638	0.0000	inf	inf	0.0000	inf	288.9856	0.0000	16000.6613	3.5321	0.0000	2839.0482	326.4296	0.0000	16106.6424	0.0008	0.0009	0.0000	0.0011	0.0012	0.0000	0.0000	0.0000	0.0000	inf	0.0000	0.2437	-0.0000	3.9750	5.9927	4.4559	2.0491	3.9229	0.0000	3.9229	0.0056	0.0000	0.0056	3.9173	0.0000	3.9173	0.0000	0.0000	0.0000	0.0000	0.0000	0.0000	0.0000	0.0000	0.0000	0.0136	0.0133	0.0002	0.0016	0.0016	0.0000	0.0120	0.0118	0.0002	0.0065	0.0055	0.0010	0.0049	0.0042	0.0007	0.0016	0.0013	0.0003
17	47	61	73	0.2825	6	2	3	2	0	0	0	0	0	N	N	N	N	N	N	N	N	N	N	N	N	inf	inf	inf	inf	inf	inf	inf	inf	inf	924.2881	0.2963	42446.5681	11.3661	0.0072	9156.4430	1042.6692	0.3347	42665.7692	0.0000	0.0000	0.0000	0.0000	0.0000	0.0000	0.0000	0.0000	0.0000	3187.3853	0.2413	-0.0000	3.9750	5.9927	3.9822	2.0491	0.0090	0.0012	3.9034	0.0055	0.0000	0.0055	3.8991	0.0012	3.8978	0.0000	0.0000	0.0000	0.0000	0.0000	0.0000	0.0000	0.0000	0.0000	0.0042	0.0041	0.0001	0.0005	0.0005	0.0000	0.0037	0.0036	0.0001	0.0012	0.0010	0.0002	0.0009	0.0008	0.0001	0.0002	0.0002	0.0000	
17	53	59	61	0.3109	5	2	3	1	0	0	0	0	0	N	N	N	N	N	N	N	N	N	N	N	N	inf	inf	inf	inf	inf	inf	inf	inf	inf	546.1761	0.1737	27630.1328	6.2653	0.0039	7034.8871	608.5424	0.1938	27726.6378	0.0000	0.0000	0.0000	0.0000	0.0000	0.0000	0.0000	0.0000	0.0000	3205.9097	0.2435	0.0000	3.9750	6.9987	15.6457	4.9999	33.2903	0.0012	3.9380	0.0047	0.0000	0.0047	3.9345	0.0012	3.9333	0.0000	0.0000	0.0000	0.0000	0.0000	0.0000	0.0000	0.0000	0.0000	0.0072	0.0071	0.0001	0.0007	0.0007	0.0000	0.0065	0.0063	0.0001	0.0019	0.0016	0.0003	0.0014	0.0012	0.0002	0.0005	0.0004	0.0001	
17	53	59	73	0.3110	6	1	4	0	0	0	0	0	0	N	Y	N	N	N	N	N	N	N	N	N	N	inf	0.0000	inf	inf	0.0000	inf	inf	0.0000	inf	250.7031	0.0000	14160.0401	2.4378	0.0000	2036.6094	285.1320	0.0000	14260.6916	0.0000	0.0000	0.0000	0.0000	0.0000	0.0000	0.0000	0.0000	0.0000	inf	0.2441	-0.0000	3.9750	6.9987	15.6457	4.9999	33.2903	0.0000	3.9292	0.0047	0.0000	0.0047	3.9245	0.0000	3.9245	0.0000	0.0000	0.0000	0.0000	0.0000	0.0000	0.0000	0.0000	0.0000	0.0157	0.0154	0.0003	0.0019	0.0019	0.0000	0.0138	0.0135	0.0003	0.0088	0.0074	0.0015	0.0059	0.0050	0.0008	0.0030	0.0023	0.0006	
17	53	61	73	0.2655	6	2	3	1	0	0	0	0	0	N	N	N	N	N	N	N	N	N	N	N	N	inf	inf	inf	inf	inf	inf	inf	inf	inf	802.1764	0.2573	37627.4873	7.8390	0.0050	6527.9241	911.2120	0.2927	37840.3004	0.0000	0.0000	0.0000	0.0000	0.0000	0.0000	0.0000	0.0000	0.0000	3184.9917	0.2417	0.0000	3.9750	6.9987	3.9822	4.9999	0.0090	0.0012	3.9096	0.0046	0.0000	0.0046	3.9062	0.0012	3.9050	0.0000	0.0000	0.0000	0.0000	0.0000	0.0000	0.0000	0.0000	0.0000	0.0049	0.0048	0.0001	0.0006	0.0006	0.0000	0.0043	0.0042	0.0001	0.0016	0.0013	0.0002	0.0012	0.0010	0.0002	0.0004	0.0003	0.0001	
17	59	61	73	0.3110	6	2	3	1	0	0	0	0	0	N	N	N	N	N	N	N	N	N	N	N	N	89019638.4471	24105.2546	inf	631953.0741	342.7129	inf	inf	inf	inf	416.0686	0.1331	22396.8941	4.0682	0.0026	3372.5401	472.5860	0.1513	22547.0373	0.0000	0.0000	0.0000	0.0000	0.0000	0.0000	0.0000	0.0000	0.0000	3184.9997	0.0000	0.2417	-0.0000	3.9750	15.6457	4.4559	33.2903	3.9108	0.0012	3.9096	0.0046	0.0000	0.0046	3.9062	0.0012	3.9050	0.0000	0.0000	0.0000	0.0000	0.0000	0.0000	0.0000	0.0000	0.0000	0.0094	0.0092	0.0002	0.0011	0.0011	0.0000	0.0083	0.0081	0.0002	0.0034	0.0028	0.0005	0.0024	0.0021	0.0003	0.0009	0.0008	0.0002
20	25	26	28	0.3644	10	1	4	1	1	0	0	0	0	N	Y	N	N	N	N	N	N	N	N	N	N	92219312.5024	26414296.5310	inf	63919.3051	32266.9010	inf	inf	inf	inf	171.7642	59.0568	6378.6723	0.6639	0.3442	204.3387	191.0716	65.8044	6434.1845	0.0000	0.0000	0.0000	0.0000	0.0000	0.0000	0.0000	0.0000	0.0000	1.9613	0.0000	-0.8138	-0.0000	6.0200	18.4448	3.5720	14.9713	2.9533	0.9973	1.9560	0.0012	0.0006	0.0006	2.9521	0.9967	1.9554	0.0000	0.0000	0.0000	0.0000	0.0000	0.0000	0.0000	0.0000	0.0000	0.0172	0.0169	0.0003	0.0017	0.0017	0.0000	0.0155	0.0151	0.0003	0.0018	0.0015	0.0003	0.0003	0.0003	0.0000	0.0015	0.0012	0.0003
20	25	26	43	0.3661	9	1	4	0	0	0	0	0	0	N	Y	N	N	N	N	N	N	N	N	N	N	inf	inf	inf	inf	inf	inf	inf	inf	inf	159.7325	55.4081	17020.1071	0.6240	0.2469	637.8943	328.2021	114.4912	17872.6815	0.0000	0.0000	0.0000	0.0000	0.0000	0.0000	0.0000	0.0000	0.0000	1.9007	-0.8084	-0.0000	6.0200	18.4448	9.0013	14.9713	6.1061	0.9861	1.8743	0.0057	0.0023	0.0035	2.8546	0.9838	1.8708	0.0000	0.0000	0.0000	0.0000	0.0000	0.0000	0.0000	0.0000	0.0000	0.0179	0.0178	0.0001	0.0092	0.0092	0.0000	0.0087	0.0086	0.0001	0.0050	0.0044	0.0006	0.0026	0.0025	0.0000	0.0024	0.0019	0.0005	
20	25	26	47	0.3886	8	1	4	1	0	0	0	0	0	N	Y	N	N	N	N	N	N	N	N	N	N	inf	inf	inf	inf	inf	inf	inf	inf	inf	199.2152	51.0259	8345.6402	0.9490	0.4936	331.3118	218.2483	55.9662	8400.0974	0.0000	0.0000	0.0000	0.0000	0.0000	0.0000	0.0000	0.0000	0.0000	2.9752	-0.7503	-0.0000	6.0200	18.4448	9.0013	14.9713	6.1061	0.9964	2.9644	0.0017	0.0009	0.0008	3.9591	0.9955	2.9636	0.0000	0.0000	0.0000	0.0000	0.0000	0.0000	0.0000	0.0000	0.0000	0.0199	0.0195	0.0004	0.0017	0.0017	0.0000	0.0181	0.0178	0.0004	0.0023	0.0019	0.0004	0.0006	0.0006	0.0000	0.0016	0.0013	0.0004	
20	25	26	59	0.3442	8	1	4	0	0	0	0	0	0	N	Y	N	N	N	N	N	N	N	N	N	N	3462491.7738	733437.3477	inf	1326.0971	656.2697	inf	inf	inf	inf	88.2653	22.5627	4339.7632	0.1486	0.0765	54.4052	98.9088	25.3218	4380.4325	0.0000	0.0000	0.0000	0.0001	0.0001	0.0000	0.0000	0.0000	0.0000	2.9725	0.0000	-0.7522	-0.0000	6.0200	18.4448	3.5720	14.9713	3.9672	0.9987	2.9685	0.0007	0.0004	0.0003	3.9664	0.9983	2.9681	0.0000	0.0000	0.0000	0.0000	0.0000	0.0000	0.0000	0.0000	0.0000	0.0449	0.0443	0.0007	0.0048	0.0048	0.0000	0.0401	0.0394	0.0007	0.0074	0.0061	0.0013	0.0017	0.0016	0.0001	0.0057	0.0045	0.0012
20	25	26	61	0.3739	8	2	3	1	0	0	0	0	0	N	N	N	N	N	N	N	N	N	N	N	N	inf	inf	inf	inf	inf	inf	inf	inf	inf	283.7858	72.2433	11701.5357	0.5006	0.2569	174.3090	316.1153	80.6155	11793.1610	0.0000	0.0000	0.0000	0.0000	0.0000	0.0000	0.0000	0.0000	0.0000	3.0010	-0.7416	0.0000	6.0200	18.4448	9.0013	14.9713	6.1061	0.9869	2.9617	0.0007	0.0004	0.0003	3.9479	0.9865	2.9614	0.0000	0.0000	0.0000	0.0000	0.0000	0.0000	0.0000	0.0000	0.0000	0.0139	0.0137	0.0003	0.0014	0.0014	0.0000	0.0125	0.0122	0.0003	0.0011	0.0009	0.0002	0.0002	0.0002	0.0000	0.0009	0.0007	0.0002	
20	25	28	47	0.3886	10	1	4	2	1	0	0	0	0	N	Y	N	N	N	N	N	N	N	N	N	N	inf	inf	inf	inf	inf	inf	inf	inf	inf	246.2384	84.7315	8676.1782	1.8851	0.9851	538.3271	271.0795	93.4092	8743.6409	0.0000	0.0000	0.0000	0.0000	0.0000	0.0000	0.0000	0.0000	0.0000	1.9618	-0.8119	0.0000	6.0200	18.4448	5.0068	14.9713	1.9864	0.9950	1.9520	0.0021	0.0011	0.0010	2.9449	0.9939	1.9510	0.0000	0.0000	0.0000	0.0000	0.0000	0.0000	0.0000	0.0000	0.0000	0.0120	0.0117	0.0002	0.0011	0.0011	0.0000	0.0109	0.0106	0.0002	0.0012	0.0010	0.0002	0.0003	0.0003	0.0000	0.0008	0.0007	0.0002	
20	25	28	53	0.3442	10	1	4	1	1	0	0	0	0	N	Y	N	N	N	N	N	N	N	N	N	N	inf	inf	inf	inf	inf	inf	inf	inf	inf	213.5062	73.4517	7681.2927	0.8359	0.4333	255.4218	237.1645	81.7296	7745.5910	0.0000	0.0000	0.0000	0.0000	0.0000	0.0000	0.0000	0.0000	0.0000	1.9613	-0.8138	-0.0000	6.0200	18.4448	5.0068	14.9713	1.9864	0.9973	1.9560	0.0012	0.0006	0.0006	2.9521	0.9967	1.9554	0.0000	0.0000	0.0000	0.0000	0.0000	0.0000	0.0000	0.0000	0.0000	0.0138	0.0136	0.0003	0.0014	0.0014	0.0000	0.0124	0.0122	0.0003	0.0015	0.0013	0.0003	0.0003	0.0003	0.0000	0.0013	0.0010	0.0002	
20	25	28	59	0.3347	10	1	4	1	1	0	0	0	0	N	Y	N	N	N	N	N	N	N	N	N	N	inf	inf	inf	inf	inf	inf	inf	inf	inf	110.0943	37.7853	4536.9633	0.4227	0.2191	133.0927	122.5621	42.1264	4580.2369	0.0000	0.0000	0.0000	0.0000	0.0000	0.0000	0.0000	0.0000	0.0000	1.9613	-0.8138	0.0000	6.0200	18.4448	5.0068	14.9713	1.9864	0.9973	1.9560	0.0012	0.0006	0.0006	2.9521	0.9967	1.9554	0.0000	0.0000	0.0000	0.0000	0.0000	0.0000	0.0000	0.0000	0.0000	0.0268	0.0264	0.0004	0.0027	0.0027	0.0000	0.0241	0.0237	0.0004	0.0038	0.0032	0.0006	0.0008	0.0007	0.0000	0.0030	0.0025	0.0006	
20	25	39	43	0.3580	9	2	3	1	0	0	0	0	0	N	N	N	N	N	N	N	N	N	N	N	N	inf	inf	inf	inf	inf	inf	inf	inf	inf	159.5993	55.3383	17010.5571	0.6235	0.2465	637.4798	327.9286	114.3470	17862.7027	0.0000	0.0000	0.0000	0.0000	0.0000	0.0000	0.0000	0.0000	0.0000	1.9019	-0.8077	-0.0000	6.0200	18.4448	9.0059	14.9713	4.3814	0.9853	1.8739	0.0057	0.0023	0.0035	2.8535	0.9830	1.8705	0.0000	0.0000	0.0000	0.0000	0.0000	0.0000	0.0000	0.0000	0.0000	0.0179	0.0178	0.0001	0.0092	0.0092	0.0000	0.0087	0.0086	0.0001	0.0045	0.0040	0.0005	0.0024	0.0023	0.0000	0.0022	0.0017	0.0005	
20	25	39	47	0.3886	8	2	3	2	0	0	0	0	0	N	N	N	N	N	N	N	N	N	N	N	N	inf	inf	inf	inf	inf	inf	inf	inf	inf	199.0649	50.9614	8341.3690	0.9480	0.4929	331.0449	218.0842	55.8956	8395.8036	0.0000	0.0000	0.0000	0.0000	0.0000	0.0000	0.0000	0.0000	0.0000	2.9772	-0.7496	-0.0000	6.0200	18.4448	9.0059	14.9713	4.3814	0.9955	2.9640	0.0017	0.0009	0.0008	3.9578	0.9947	2.9632	0.0000	0.0000	0.0000	0.0000	0.0000	0.0000	0.0000	0.0000	0.0000	0.0199	0.0195	0.0004	0.0017	0.0017	0.0000	0.0181	0.0178	0.0004	0.0021	0.0017	0.0004	0.0006	0.0005	0.0000	0.0015	0.0012	0.0003	
20	25	39	59	0.3442	8	2	3	1	0	0	0	0	0	N	N	N	N	N	N	N	N	N	N	N	N	373857445.5829	79130965.1010	inf	141929.8743	70225.7249	inf	inf	inf	inf	88.1986	22.5342	4337.5214	0.1485	0.0764	54.3615	98.8343	25.2899	4378.1730	0.0000	0.0000	0.0000	0.0000	0.0000	0.0000	0.0000	0.0000	0.0000	2.9745	0.0000	-0.7515	-0.0000	6.0200	18.4448	3.5720	14.9713	3.9659	0.9978	2.9680	0.0007	0.0004	0.0003	3.9652	0.9975	2.9677	0.0000	0.0000	0.0000	0.0000	0.0000	0.0000	0.0000	0.0000	0.0000	0.0450	0.0443	0.0007	0.0048	0.0048	0.0000	0.0401	0.0394	0.0007	0.0067	0.0056	0.0012	0.0015	0.0015	0.0001	0.0052	0.0041	0.0011
20	25	39	61	0.3739	8	3	2	2	0	0	0	0	0	N	N	N	N	N	N	N	N	N	N	N	N	inf	inf	inf	inf	inf	inf	inf	inf	inf	283.5720	72.1520	11695.5524	0.5001	0.2566	174.1694	315.8781	80.5138	11787.1387	0.0000	0.0000	0.0000	0.0000	0.0000	0.0000	0.0000	0.0000	0.0000	3.0030	-0.7409	-0.0000	6.0200	18.4448	9.0059	14.9713	4.3814	0.9861	2.9613	0.0007	0.0004	0.0003	3.9466	0.9857	2.9609	0.0000	0.0000	0.0000	0.0000	0.0000	0.0000	0.0000	0.0000	0.0000	0.0139	0.0137	0.0003	0.0014	0.0014	0.0000	0.0125	0.0122	0.0003	0.0010	0.0009	0.0002	0.0002	0.0002	0.0000	0.0008	0.0007	0.0002	
20	25	43	47	0.3886	9	1	4	1	0	0	0	0	0	N	Y	N	N	N	N	N	N	N	N	N	N	inf	inf	inf	inf	inf	inf	inf	inf	inf	227.4888	78.9100	23501.8585	1.0348	0.4289	1029.8232	464.2880	161.9546	24620.9148	0.0000	0.0000	0.0000	0.0000	0.0000	0.0000	0.0000	0.0000	0.0000	1.9013	-0.8065	0.0000	6.0200	18.4448	2.9074	14.9713	1.4877	0.9838	1.8705	0.0066	0.0027	0.0039	2.8477	0.9811	1.8667	0.0000	0.0000	0.0000	0.0000	0.0000	0.0000	0.0000	0.0000	0.0000	0.0125	0.0125	0.0001	0.0064	0.0064	0.0000	0.0061	0.0061	0.0001	0.0030	0.0027	0.0004	0.0016	0.0016	0.0000	0.0014	0.0011	0.0003	
20	25	43	53	0.3442	9	1	4	0	0	0	0	0	0	N	Y	N	N	N	N	N	N	N	N	N	N	inf	inf	inf	inf	inf	inf	inf	inf	inf	198.1319	68.7375	20655.5108	0.7743	0.3063	792.3407	406.9774	142.0112	21664.2990	0.0000	0.0000	0.0000	0.0000	0.0000	0.0000	0.0000	0.0000	0.0000	1.9007	-0.8084	-0.0000	6.0200	18.4448	2.9074	14.9713	1.4877	0.9861	1.8743	0.0057	0.0023	0.0035	2.8546	0.9838	1.8708	0.0000	0.0000	0.0000	0.0000	0.0000	0.0000	0.0000	0.0000	0.0000	0.0144	0.0143	0.0001	0.0074	0.0074	0.0000	0.0070	0.0069	0.0001	0.0042	0.0037	0.0005	0.0022	0.0021	0.0000	0.0020	0.0016	0.0004	
20	25	43	59	0.3364	9	1	4	0	0	0	0	0	0	N	Y	N	N	N	N	N	N	N	N	N	N	inf	inf	inf	inf	inf	inf	inf	inf	inf	103.7511	35.9770	11693.6534	0.4111	0.1626	412.9346	210.0331	73.2047	12318.7399	0.0000	0.0000	0.0000	0.0000	0.0000	0.0000	0.0000	0.0000	0.0000	1.9007	-0.8084	-0.0000	6.0200	18.4448	2.9074	14.9713	1.4877	0.9861	1.8743	0.0057	0.0023	0.0035	2.8546	0.9838	1.8708	0.0000	0.0000	0.0000	0.0000	0.0000	0.0000	0.0000	0.0000	0.0000	0.0276	0.0274	0.0002	0.0140	0.0140	0.0000	0.0136	0.0134	0.0002	0.0098	0.0087	0.0011	0.0053	0.0052	0.0001	0.0045	0.0035	0.0010	
20	25	43	61	0.3739	9	2	3	1	0	0	0	0	0	N	N	N	N	N	N	N	N	N	N	N	N	inf	inf	inf	inf	inf	inf	inf	inf	inf	327.1396	112.8413	33187.8083	1.2763	0.5023	1316.1476	672.5442	233.3807	34749.9478	0.0000	0.0000	0.0000	0.0000	0.0000	0.0000	0.0000	0.0000	0.0000	1.9180	-0.7978	-0.0000	6.0200	18.4448	2.9074	14.9713	1.4877	0.9745	1.8691	0.0057	0.0022	0.0035	2.8379	0.9723	1.8656	0.0000	0.0000	0.0000	0.0000	0.0000	0.0000	0.0000	0.0000	0.0000	0.0087	0.0086	0.0001	0.0045	0.0045	0.0000	0.0042	0.0042	0.0001	0.0016	0.0014	0.0002	0.0008	0.0008	0.0000	0.0008	0.0006	0.0002	
20	25	47	53	0.3886	8	1	4	1	0	0	0	0	0	N	Y	N	N	N	N	N	N	N	N	N	N	inf	inf	inf	inf	inf	inf	inf	inf	inf	247.5680	63.4474	10051.3225	1.1930	0.6205	414.1499	270.9229	69.5165	10114.3998	0.0000	0.0000	0.0000	0.0000	0.0000	0.0000	0.0000	0.0000	0.0000	2.9752	-0.7503	-0.0000	6.0200	18.4448	5.9927	14.9713	2.0491	0.9964	2.9644	0.0017	0.0009	0.0008	3.9591	0.9955	2.9636	0.0000	0.0000	0.0000	0.0000	0.0000	0.0000	0.0000	0.0000	0.0000	0.0160	0.0157	0.0003	0.0014	0.0014	0.0000	0.0146	0.0143	0.0003	0.0019	0.0016	0.0003	0.0005	0.0005	0.0000	0.0014	0.0011	0.0003	
20	25	47	59	0.3886	8	1	4	1	0	0	0	0	0	N	Y	N	N	N	N	N	N	N	N	N	N	inf	inf	inf	inf	inf	inf	inf	inf	inf	127.9330	32.7099	5938.6336	0.5919	0.3079	213.9182	140.5539	35.9745	5981.5337	0.0000	0.0000	0.0000	0.0000	0.0000	0.0000	0.0000	0.0000	0.0000	2.9752	-0.7503	0.0000	6.0200	18.4448	5.9927	14.9713	2.0491	0.9964	2.9644	0.0017	0.0009	0.0008	3.9591	0.9955	2.9636	0.0000	0.0000	0.0000	0.0000	0.0000	0.0000	0.0000	0.0000	0.0000	0.0310	0.0305	0.0005	0.0028	0.0028	0.0000	0.0282	0.0277	0.0005	0.0048	0.0040	0.0008	0.0017	0.0016	0.0001	0.0031	0.0024	0.0007	
20	25	47	61	0.3886	8	2	3	2	0	0	0	0	0	N	N	N	N	N	N	N	N	N	N	N	N	inf	inf	inf	inf	inf	inf	inf	inf	inf	410.7518	104.6126	15943.4821	2.0038	1.0390	692.8572	448.8088	114.4491	16037.7802	0.0000	0.0000	0.0000	0.0000	0.0000	0.0000	0.0000	0.0000	0.0000	3.0038	-0.7397	-0.0000	6.0200	18.4448	5.9927	14.9713	2.0491	0.9846	2.9576	0.0016	0.0008	0.0008	3.9406	0.9838	2.9569	0.0000	0.0000	0.0000	0.0000	0.0000	0.0000	0.0000	0.0000	0.0000	0.0096	0.0094	0.0002	0.0008	0.0008	0.0000	0.0088	0.0086	0.0002	0.0007	0.0006	0.0001	0.0002	0.0002	0.0000	0.0005	0.0004	0.0001	
20	25	53	59	0.3442	8	1	4	0	0	0	0	0	0	N	Y	N	N	N	N	N	N	N	N	N	N	inf	inf	inf	inf	inf	inf	inf	inf	inf	109.7524	28.0686	5236.8859	0.1867	0.0961	67.9306	122.8340	31.4629	5284.2801	0.0000	0.0000	0.0000	0.0000	0.0000	0.0000	0.0000	0.0000	0.0000	2.9725	-0.7522	-0.0000	6.0200	18.4448	6.9987	14.9713	4.9999	0.9987	2.9685	0.0007	0.0004	0.0003	3.9664	0.9983	2.9681	0.0000	0.0000	0.0000	0.0000	0.0000	0.0000	0.0000	0.0000	0.0000	0.0361	0.0356	0.0006	0.0039	0.0039	0.0000	0.0323	0.0317	0.0006	0.0061	0.0051	0.0011	0.0014	0.0013	0.0001	0.0048	0.0038	0.0010	
20	25	53	61	0.3739	8	2	3	1	0	0	0	0	0	N	N	N	N	N	N	N	N	N	N	N	N	inf	inf	inf	inf	inf	inf	inf	inf	inf	352.6600	89.8298	14090.7249	0.6286	0.3226	217.4278	392.3758	100.1272	14197.1505	0.0000	0.0000	0.0000	0.0000	0.0000	0.0000	0.0000	0.0000	0.0000	3.0010	-0.7416	0.0000	6.0200	18.4448	6.9987	14.9713	4.9999	0.9869	2.9617	0.0007	0.0004	0.0003	3.9479	0.9865	2.9614	0.0000	0.0000	0.0000	0.0000	0.0000	0.0000	0.0000	0.0000	0.0000	0.0112	0.0110	0.0002	0.0011	0.0011	0.0000	0.0101	0.0099	0.0002	0.0010	0.0008	0.0002	0.0002	0.0002	0.0000	0.0008	0.0006	0.0002	
20	25	59	61	0.3739	8	2	3	1	0	0	0	0	0	N	N	N	N	N	N	N	N	N	N	N	N	inf	inf	inf	inf	inf	inf	inf	inf	inf	182.2602	46.3138	8331.1722	0.3133	0.1607	112.8419	203.6376	51.8294	8403.0724	0.0000	0.0000	0.0000	0.0000	0.0000	0.0000	0.0000	0.0000	0.0000	3.0010	-0.7416	0.0000	6.0200	18.4448	15.6457	14.9713	33.2903	0.9869	2.9617	0.0007	0.0004	0.0003	3.9479	0.9865	2.9614	0.0000	0.0000	0.0000	0.0000	0.0000	0.0000	0.0000	0.0000	0.0000	0.0217	0.0213	0.0004	0.0023	0.0023	0.0000	0.0194	0.0190	0.0004	0.0023	0.0020	0.0004	0.0006	0.0006	0.0000	0.0018	0.0014	0.0004	
20	26	28	43	0.3661	10	0	4	1	1	0	0	0	0	N	Y	N	N	N	N	N	N	N	N	N	N	inf	0.0000	inf	inf	0.0000	inf	inf	0.0000	inf	314.1667	0.0000	43421.4365	1.5346	0.0000	2768.1992	639.1930	0.0000	45073.6113	0.0000	0.0000	0.0000	0.0000	0.0000	0.0000	0.0000	0.0000	0.0000	inf	0.1200	-0.0000	6.0200	9.0013	5.0068	6.1061	1.9864	0.0000	1.9319	0.0048	0.0000	0.0048	1.9271	0.0000	1.9271	0.0000	0.0000	0.0000	0.0000	0.0000	0.0000	0.0000	0.0000	0.0000	0.0061	0.0061	0.0000	0.0031	0.0031	0.0000	0.0030	0.0030	0.0000	0.0016	0.0014	0.0002	0.0008	0.0007	0.0000	0.0008	0.0006	0.0002	
20	26	28	47	0.3784	10	0	4	2	1	0	0	0	0	N	Y	N	N	N	N	N	N	N	N	N	N	inf	0.0000	inf	inf	0.0000	inf	inf	0.0000	inf	441.4476	0.0000	19818.7985	4.3571	0.0000	3805.8533	475.3032	0.0000	19878.1848	0.0000	0.0000	0.0000	0.0000	0.0000	0.0000	0.0000	0.0000	0.0000	inf	0.1848	-0.0000	6.0200	9.0013	5.0068	6.1061	1.9864	0.0000	2.9748	0.0021	0.0000	0.0021	2.9727	0.0000	2.9727	0.0000	0.0000	0.0000	0.0000	0.0000	0.0000	0.0000	0.0000	0.0000	0.0067	0.0066	0.0002	0.0005	0.0005	0.0000	0.0063	0.0061	0.0001	0.0007	0.0006	0.0001	0.0002	0.0002	0.0000	0.0005	0.0004	0.0001	
20	26	28	59	0.3644	10	0	4	1	1	0	0	0	0	N	Y	N	N	N	N	N	N	N	N	N	N	66276646.0202	0.0000	inf	60389.0635	0.0000	inf	inf	0.0000	inf	196.3741	0.0000	10438.1020	0.8443	0.0000	767.4281	216.0819	0.0000	10490.1628	0.0000	0.0000	0.0000	0.0000	0.0000	0.0000	0.0000	0.0000	0.0000	inf	0.0000	0.1852	-0.0000	6.0200	9.0013	3.5720	6.1061	2.9812	0.0000	2.9812	0.0012	0.0000	0.0012	2.9800	0.0000	2.9800	0.0000	0.0000	0.0000	0.0000	0.0000	0.0000	0.0000	0.0000	0.0000	0.0152	0.0149	0.0003	0.0014	0.0014	0.0000	0.0138	0.0135	0.0003	0.0022	0.0019	0.0003	0.0005	0.0004	0.0000	0.0017	0.0014	0.0003
20	26	28	73	0.3644	10	0	4	1	1	0	0	0	0	N	Y	N	N	N	N	N	N	N	N	N	N	183943945.5483	0.0000	inf	114054.5726	0.0000	inf	inf	0.0000	inf	283.9429	0.0000	14166.4768	0.9836	0.0000	746.0097	320.0418	0.0000	14267.1052	0.0000	0.0000	0.0000	0.0000	0.0000	0.0000	0.0000	0.0000	0.0000	inf	0.0000	0.1835	-0.0000	6.0200	9.0013	3.5720	6.1061	2.9533	0.0000	2.9533	0.0012	0.0000	0.0012	2.9521	0.0000	2.9521	0.0000	0.0000	0.0000	0.0000	0.0000	0.0000	0.0000	0.0000	0.0000	0.0104	0.0102	0.0002	0.0012	0.0012	0.0000	0.0092	0.0090	0.0002	0.0016	0.0014	0.0003	0.0003	0.0003	0.0000	0.0013	0.0011	0.0003
20	26	42	43	0.3661	9	0	3	0	0	0	0	0	0	N	N	N	N	N	N	N	N	N	N	N	N	inf	0.0000	inf	inf	0.0000	inf	inf	0.0000	inf	207.4371	0.0000	32051.1161	0.8039	0.0000	1383.1813	429.9177	0.0000	33548.6373	0.0000	0.0000	0.0000	0.0000	0.0000	0.0000	0.0000	0.0000	0.0000	inf	0.1777	-0.0000	6.0200	9.0013	12.7198	6.1061	12.5308	0.0000	2.8604	0.0057	0.0000	0.0057	2.8546	0.0000	2.8546	0.0000	0.0000	0.0000	0.0000	0.0000	0.0000	0.0000	0.0000	0.0000	0.0138	0.0137	0.0001	0.0071	0.0071	0.0000	0.0066	0.0066	0.0001	0.0044	0.0039	0.0005	0.0023	0.0022	0.0000	0.0021	0.0016	0.0005	
20	26	42	47	0.3483	8	0	3	1	0	0	0	0	0	N	N	N	N	N	N	N	N	N	N	N	N	inf	0.0000	inf	inf	0.0000	inf	inf	0.0000	inf	260.3379	0.0000	13447.8342	1.2022	0.0000	929.1481	286.0781	0.0000	13523.8907	0.0000	0.0000	0.0000	0.0000	0.0000	0.0000	0.0000	0.0000	0.0000	inf	0.2461	-0.0000	6.0200	9.0013	12.7198	6.1061	12.5308	0.0000	3.9608	0.0017	0.0000	0.0017	3.9591	0.0000	3.9591	0.0000	0.0000	0.0000	0.0000	0.0000	0.0000	0.0000	0.0000	0.0000	0.0152	0.0149	0.0003	0.0014	0.0014	0.0000	0.0138	0.0135	0.0003	0.0020	0.0016	0.0003	0.0005	0.0005	0.0000	0.0014	0.0011	0.0003	
20	26	42	59	0.2659	8	0	3	0	0	0	0	0	0	N	N	N	N	N	N	N	N	N	N	N	N	3880401.9135	0.0012	inf	1452.1875	0.0028	inf	inf	0.0000	inf	115.6845	0.0000	7031.3777	0.1934	0.0000	152.1065	129.7425	0.0000	7089.5687	0.0000	0.0000	0.0000	0.0001	0.0001	0.0000	0.0000	0.0000	0.0000	2745682938.3376	0.0000	0.2464	-0.0000	6.0200	9.0013	3.5720	6.1061	3.9672	0.0000	3.9672	0.0007	0.0000	0.0007	3.9664	0.0000	3.9664	0.0000	0.0000	0.0000	0.0000	0.0000	0.0000	0.0000	0.0000	0.0000	0.0343	0.0337	0.0006	0.0037	0.0037	0.0000	0.0306	0.0300	0.0006	0.0063	0.0052	0.0011	0.0014	0.0014	0.0001	0.0049	0.0039	0.0010
20	26	42	61	0.3337	8	1	2	1	0	0	0	0	0	N	N	N	N	N	N	N	N	N	N	N	N	inf	inf	inf	inf	inf	inf	inf	inf	inf	371.2656	0.1187	18802.8338	0.6446	0.0004	484.8256	414.3232	0.1327	18932.0771	0.0000	0.0000	0.0000	0.0000	0.0000	0.0000	0.0000	0.0000	0.0000	3189.8674	0.2441	0.0000	6.0200	9.0013	12.7198	6.1061	12.5308	0.0012	3.9474	0.0007	0.0000	0.0007	3.9479	0.0012	3.9467	0.0000	0.0000	0.0000	0.0000	0.0000	0.0000	0.0000	0.0000	0.0000	0.0106	0.0104	0.0002	0.0011	0.0011	0.0000	0.0095	0.0093	0.0002	0.0010	0.0008	0.0002	0.0002	0.0002	0.0000	0.0008	0.0006	0.0002	
20	26	43	47	0.3770	9	0	4	1	0	0	0	0	0	N	Y	N	N	N	N	N	N	N	N	N	N	inf	0.0000	inf	inf	0.0000	inf	inf	0.0000	inf	404.6887	0.0000	55959.2807	1.8669	0.0000	3637.6765	815.2998	0.0000	57903.1892	0.0000	0.0000	0.0000	0.0000	0.0000	0.0000	0.0000	0.0000	0.0000	inf	0.1790	0.0000	6.0200	9.0013	2.9074	6.1061	1.4877	0.0000	2.8816	0.0067	0.0000	0.0067	2.8749	0.0000	2.8749	0.0000	0.0000	0.0000	0.0000	0.0000	0.0000	0.0000	0.0000	0.0000	0.0071	0.0071	0.0001	0.0036	0.0036	0.0000	0.0035	0.0035	0.0000	0.0018	0.0016	0.0002	0.0009	0.0009	0.0000	0.0009	0.0007	0.0002	
20	26	43	59	0.3661	9	0	4	0	0	0	0	0	0	N	Y	N	N	N	N	N	N	N	N	N	N	78249015.8439	0.0000	inf	158902.8059	0.0000	inf	inf	0.0000	inf	183.0732	0.0000	28348.4824	0.7219	0.0000	1347.7629	372.9044	0.0000	29541.2567	0.0000	0.0000	0.0000	0.0000	0.0000	0.0000	0.0000	0.0000	0.0000	inf	0.0000	0.1794	-0.0000	6.0200	9.0013	3.5720	6.1061	2.8877	0.0000	2.8877	0.0058	0.0000	0.0058	2.8819	0.0000	2.8819	0.0000	0.0000	0.0000	0.0000	0.0000	0.0000	0.0000	0.0000	0.0000	0.0158	0.0157	0.0001	0.0080	0.0080	0.0000	0.0077	0.0076	0.0001	0.0056	0.0049	0.0007	0.0029	0.0028	0.0001	0.0027	0.0021	0.0006
20	26	43	61	0.3661	9	1	3	1	0	0	0	0	0	N	N	N	N	N	N	N	N	N	N	N	N	inf	inf	inf	inf	inf	inf	inf	inf	inf	577.8520	0.2477	78380.2351	2.2709	0.0011	4219.5930	1180.2967	0.5095	81255.9724	0.0000	0.0000	0.0000	0.0000	0.0000	0.0000	0.0000	0.0000	0.0000	2349.0896	0.1771	0.0000	6.0200	9.0013	2.9074	6.1061	1.4877	0.0012	2.8695	0.0058	0.0000	0.0058	2.8650	0.0012	2.8638	0.0000	0.0000	0.0000	0.0000	0.0000	0.0000	0.0000	0.0000	0.0000	0.0050	0.0049	0.0000	0.0025	0.0025	0.0000	0.0024	0.0024	0.0000	0.0009	0.0008	0.0001	0.0005	0.0004	0.0000	0.0005	0.0004	0.0001	
20	26	43	73	0.3661	9	0	4	0	0	0	0	0	0	N	Y	N	N	N	N	N	N	N	N	N	N	inf	0.0000	inf	inf	0.0000	inf	inf	0.0000	inf	262.7620	0.0000	39557.0793	1.0090	0.0000	1777.9841	550.0018	0.0000	41324.8572	0.0000	0.0000	0.0000	0.0000	0.0000	0.0000	0.0000	0.0000	0.0000	inf	0.1777	-0.0000	6.0200	9.0013	2.9074	6.1061	1.4877	0.0000	2.8604	0.0057	0.0000	0.0057	2.8546	0.0000	2.8546	0.0000	0.0000	0.0000	0.0000	0.0000	0.0000	0.0000	0.0000	0.0000	0.0109	0.0108	0.0001	0.0057	0.0057	0.0000	0.0052	0.0051	0.0001	0.0044	0.0039	0.0005	0.0023	0.0023	0.0000	0.0021	0.0017	0.0005	
20	26	47	59	0.2508	7	0	4	1	0	0	0	0	0	N	Y	N	N	N	N	N	N	N	N	N	N	26463119.7289	0.0198	inf	36147.5238	0.0718	inf	inf	0.0000	inf	225.1022	0.0000	12024.9325	1.1090	0.0000	986.7182	245.9775	0.0000	12081.7199	0.0000	0.0000	0.0000	0.0000	0.0000	0.0000	0.0000	0.0000	0.0000	1138663447.6720	0.0000	0.2478	-0.0000	6.0200	9.0013	3.5720	6.1061	3.9897	0.0000	3.9897	0.0017	0.0000	0.0017	3.9880	0.0000	3.9880	0.0000	0.0000	0.0000	0.0000	0.0000	0.0000	0.0000	0.0000	0.0000	0.0177	0.0174	0.0003	0.0015	0.0015	0.0000	0.0162	0.0159	0.0003	0.0028	0.0023	0.0005	0.0008	0.0007	0.0000	0.0020	0.0016	0.0004
20	26	47	61	0.2508	7	1	3	2	0	0	0	0	0	N	N	N	N	N	N	N	N	N	N	N	N	inf	inf	inf	inf	inf	inf	inf	inf	inf	721.5154	0.2297	31963.0663	3.7489	0.0024	2992.1672	784.3544	0.2500	32093.0487	0.0000	0.0000	0.0000	0.0000	0.0000	0.0000	0.0000	0.0000	0.0000	3213.3103	0.2455	0.0000	6.0200	9.0013	5.9927	6.1061	2.0491	0.0012	3.9698	0.0017	0.0000	0.0017	3.9694	0.0012	3.9681	0.0000	0.0000	0.0000	0.0000	0.0000	0.0000	0.0000	0.0000	0.0000	0.0055	0.0054	0.0001	0.0004	0.0004	0.0000	0.0051	0.0049	0.0001	0.0004	0.0004	0.0001	0.0001	0.0001	0.0000	0.0003	0.0003	0.0001	
20	26	47	73	0.2825	8	0	4	1	0	0	0	0	0	N	Y	N	N	N	N	N	N	N	N	N	N	inf	0.0000	inf	inf	0.0000	inf	inf	0.0000	inf	331.2665	0.0000	16411.9391	1.4498	0.0000	1214.4090	366.0241	0.0000	16498.1186	0.0000	0.0000	0.0000	0.0000	0.0000	0.0000	0.0000	0.0000	0.0000	inf	0.2461	-0.0000	6.0200	9.0013	5.9927	6.1061	2.0491	0.0000	3.9608	0.0017	0.0000	0.0017	3.9591	0.0000	3.9591	0.0000	0.0000	0.0000	0.0000	0.0000	0.0000	0.0000	0.0000	0.0000	0.0120	0.0117	0.0002	0.0011	0.0011	0.0000	0.0108	0.0106	0.0002	0.0020	0.0017	0.0003	0.0005	0.0005	0.0000	0.0015	0.0011	0.0003	
20	26	59	61	0.3109	7	1	3	1	0	0	0	0	0	N	N	N	N	N	N	N	N	N	N	N	N	inf	inf	inf	inf	inf	inf	inf	inf	inf	316.6719	0.1005	16692.9079	3.8207	0.0024	4645.7538	321.4617	0.1020	16700.7861	0.0000	0.0000	0.0000	0.0000	0.0000	0.0000	0.0000	0.0000	0.0000	3210.9745	0.2459	0.0000	6.0200	9.0013	15.6457	6.1061	33.2903	0.0012	3.9763	0.0007	0.0000	0.0007	3.9768	0.0012	3.9755	0.0000	0.0000	0.0000	0.0000	0.0000	0.0000	0.0000	0.0000	0.0000	0.0126	0.0123	0.0002	0.0002	0.0002	0.0000	0.0124	0.0121	0.0002	0.0014	0.0012	0.0002	0.0003	0.0002	0.0000	0.0012	0.0009	0.0002	
20	26	59	73	0.3110	8	0	4	0	0	0	0	0	0	N	Y	N	N	N	N	N	N	N	N	N	N	5101577.7304	0.0000	inf	1856.3806	0.0000	inf	inf	0.0000	inf	147.5224	0.0000	8606.5931	0.2397	0.0000	199.8197	166.0396	0.0000	8672.8136	0.0000	0.0000	0.0000	0.0001	0.0001	0.0000	0.0000	0.0000	0.0000	inf	0.0000	0.2464	-0.0000	6.0200	9.0013	3.5720	6.1061	3.9672	0.0000	3.9672	0.0007	0.0000	0.0007	3.9664	0.0000	3.9664	0.0000	0.0000	0.0000	0.0000	0.0000	0.0000	0.0000	0.0000	0.0000	0.0269	0.0264	0.0005	0.0030	0.0030	0.0000	0.0239	0.0234	0.0005	0.0064	0.0053	0.0011	0.0014	0.0014	0.0001	0.0050	0.0039	0.0011
20	26	61	73	0.2659	8	1	3	1	0	0	0	0	0	N	N	N	N	N	N	N	N	N	N	N	N	inf	inf	inf	inf	inf	inf	inf	inf	inf	472.8677	0.1513	22943.0766	0.7901	0.0005	636.4016	530.1120	0.1700	23089.3049	0.0000	0.0000	0.0000	0.0000	0.0000	0.0000	0.0000	0.0000	0.0000	3189.8674	0.2441	0.0000	6.0200	9.0013	3.9822	6.1061	0.0090	0.0012	3.9474	0.0007	0.0000	0.0007	3.9479	0.0012	3.9467	0.0000	0.0000	0.0000	0.0000	0.0000	0.0000	0.0000	0.0000	0.0000	0.0084	0.0082	0.0002	0.0009	0.0009	0.0000	0.0074	0.0073	0.0002	0.0010	0.0008	0.0002	0.0002	0.0002	0.0000	0.0008	0.0006	0.0002	
20	28	43	47	0.3784	10	0	4	2	1	0	0	0	0	N	Y	N	N	N	N	N	N	N	N	N	N	inf	0.0000	inf	inf	0.0000	inf	inf	0.0000	inf	445.9649	0.0000	59366.6662	2.6047	0.0000	4691.0866	902.1058	0.0000	61495.7931	0.0000	0.0000	0.0000	0.0000	0.0000	0.0000	0.0000	0.0000	0.0000	inf	0.1196	0.0000	6.0200	5.0068	2.9074	1.9864	1.4877	0.0000	1.9259	0.0057	0.0000	0.0057	1.9202	0.0000	1.9202	0.0000	0.0000	0.0000	0.0000	0.0000	0.0000	0.0000	0.0000	0.0000	0.0043	0.0043	0.0000	0.0022	0.0022	0.0000	0.0021	0.0021	0.0000	0.0010	0.0008	0.0001	0.0005	0.0005	0.0000	0.0005	0.0004	0.0001	
20	28	43	53	0.3364	10	0	4	1	1	0	0	0	0	N	Y	N	N	N	N	N	N	N	N	N	N	inf	0.0000	inf	inf	0.0000	inf	inf	0.0000	inf	389.4695	0.0000	52470.4835	1.9031	0.0000	3426.1027	792.1077	0.0000	54414.6829	0.0000	0.0000	0.0000	0.0000	0.0000	0.0000	0.0000	0.0000	0.0000	inf	0.1200	-0.0000	6.0200	5.0068	2.9074	1.9864	1.4877	0.0000	1.9319	0.0048	0.0000	0.0048	1.9271	0.0000	1.9271	0.0000	0.0000	0.0000	0.0000	0.0000	0.0000	0.0000	0.0000	0.0000	0.0050	0.0049	0.0000	0.0025	0.0025	0.0000	0.0024	0.0024	0.0000	0.0013	0.0012	0.0001	0.0006	0.0006	0.0000	0.0007	0.0005	0.0001	
20	28	43	59	0.3364	10	0	4	1	1	0	0	0	0	N	Y	N	N	N	N	N	N	N	N	N	N	inf	0.0000	inf	inf	0.0000	inf	inf	0.0000	inf	203.3765	0.0000	30378.1617	0.9990	0.0000	1814.6208	411.3747	0.0000	31620.4728	0.0000	0.0000	0.0000	0.0000	0.0000	0.0000	0.0000	0.0000	0.0000	inf	0.1200	0.0000	6.0200	5.0068	2.9074	1.9864	1.4877	0.0000	1.9319	0.0048	0.0000	0.0048	1.9271	0.0000	1.9271	0.0000	0.0000	0.0000	0.0000	0.0000	0.0000	0.0000	0.0000	0.0000	0.0095	0.0094	0.0001	0.0048	0.0048	0.0000	0.0047	0.0046	0.0001	0.0029	0.0026	0.0003	0.0015	0.0015	0.0000	0.0014	0.0011	0.0003	
20	28	43	73	0.3364	10	0	4	1	1	0	0	0	0	N	Y	N	N	N	N	N	N	N	N	N	N	inf	0.0000	inf	inf	0.0000	inf	inf	0.0000	inf	286.1936	0.0000	41784.4796	1.3516	0.0000	2319.5671	603.8133	0.0000	43637.6656	0.0000	0.0000	0.0000	0.0000	0.0000	0.0000	0.0000	0.0000	0.0000	inf	0.1184	0.0000	6.0200	5.0068	2.9074	1.9864	1.4877	0.0000	1.9056	0.0047	0.0000	0.0047	1.9009	0.0000	1.9009	0.0000	0.0000	0.0000	0.0000	0.0000	0.0000	0.0000	0.0000	0.0000	0.0067	0.0066	0.0000	0.0035	0.0035	0.0000	0.0031	0.0031	0.0000	0.0024	0.0021	0.0003	0.0012	0.0012	0.0000	0.0011	0.0009	0.0002	
20	28	47	53	0.3784	10	0	4	2	1	0	0	0	0	N	Y	N	N	N	N	N	N	N	N	N	N	inf	0.0000	inf	inf	0.0000	inf	inf	0.0000	inf	548.2306	0.0000	23822.2755	5.4752	0.0000	4767.8474	589.7408	0.0000	23890.0679	0.0000	0.0000	0.0000	0.0000	0.0000	0.0000	0.0000	0.0000	0.0000	inf	0.1848	-0.0000	6.0200	5.0068	5.9927	1.9864	2.0491	0.0000	2.9748	0.0021	0.0000	0.0021	2.9727	0.0000	2.9727	0.0000	0.0000	0.0000	0.0000	0.0000	0.0000	0.0000	0.0000	0.0000	0.0054	0.0053	0.0001	0.0004	0.0004	0.0000	0.0050	0.0049	0.0001	0.0006	0.0005	0.0001	0.0001	0.0001	0.0000	0.0005	0.0004	0.0001	
20	28	47	59	0.3784	10	0	4	2	1	0	0	0	0	N	Y	N	N	N	N	N	N	N	N	N	N	inf	0.0000	inf	inf	0.0000	inf	inf	0.0000	inf	283.5048	0.0000	14200.3496	2.6506	0.0000	2510.8132	306.5701	0.0000	14247.4485	0.0000	0.0000	0.0000	0.0000	0.0000	0.0000	0.0000	0.0000	0.0000	inf	0.1848	0.0000	6.0200	5.0068	5.9927	1.9864	2.0491	0.0000	2.9748	0.0021	0.0000	0.0021	2.9727	0.0000	2.9727	0.0000	0.0000	0.0000	0.0000	0.0000	0.0000	0.0000	0.0000	0.0000	0.0105	0.0103	0.0002	0.0008	0.0008	0.0000	0.0097	0.0095	0.0002	0.0014	0.0012	0.0002	0.0004	0.0004	0.0000	0.0010	0.0008	0.0002	
20	28	47	73	0.3784	10	0	4	2	1	0	0	0	0	N	Y	N	N	N	N	N	N	N	N	N	N	inf	0.0000	inf	inf	0.0000	inf	inf	0.0000	inf	406.5507	0.0000	19215.3246	2.7366	0.0000	1971.9158	453.8995	0.0000	19334.8502	0.0000	0.0000	0.0000	0.0000	0.0000	0.0000	0.0000	0.0000	0.0000	inf	0.1831	0.0000	6.0200	5.0068	5.9927	1.9864	2.0491	0.0000	2.9470	0.0021	0.0000	0.0021	2.9449	0.0000	2.9449	0.0000	0.0000	0.0000	0.0000	0.0000	0.0000	0.0000	0.0000	0.0000	0.0072	0.0071	0.0002	0.0008	0.0008	0.0000	0.0065	0.0063	0.0002	0.0010	0.0009	0.0002	0.0003	0.0003	0.0000	0.0008	0.0006	0.0002	
20	28	53	59	0.3347	10	0	4	1	1	0	0	0	0	N	Y	N	N	N	N	N	N	N	N	N	N	inf	0.0000	inf	inf	0.0000	inf	inf	0.0000	inf	244.0117	0.0000	12566.0897	1.0605	0.0000	959.8732	268.2106	0.0000	12626.2153	0.0000	0.0000	0.0000	0.0000	0.0000	0.0000	0.0000	0.0000	0.0000	inf	0.1852	-0.0000	6.0200	5.0068	6.9987	1.9864	4.9999	0.0000	2.9812	0.0012	0.0000	0.0012	2.9800	0.0000	2.9800	0.0000	0.0000	0.0000	0.0000	0.0000	0.0000	0.0000	0.0000	0.0000	0.0122	0.0120	0.0002	0.0011	0.0011	0.0000	0.0111	0.0109	0.0002	0.0018	0.0015	0.0003	0.0004	0.0004	0.0000	0.0014	0.0012	0.0003	
20	28	53	73	0.3347	10	0	4	1	1	0	0	0	0	N	Y	N	N	N	N	N	N	N	N	N	N	inf	0.0000	inf	inf	0.0000	inf	inf	0.0000	inf	352.9715	0.0000	17036.5581	1.2387	0.0000	932.2645	397.1894	0.0000	17152.7291	0.0000	0.0000	0.0000	0.0000	0.0000	0.0000	0.0000	0.0000	0.0000	inf	0.1835	-0.0000	6.0200	5.0068	6.9987	1.9864	4.9999	0.0000	2.9533	0.0012	0.0000	0.0012	2.9521	0.0000	2.9521	0.0000	0.0000	0.0000	0.0000	0.0000	0.0000	0.0000	0.0000	0.0000	0.0084	0.0082	0.0002	0.0009	0.0009	0.0000	0.0074	0.0073	0.0002	0.0014	0.0011	0.0002	0.0002	0.0002	0.0000	0.0011	0.0009	0.0002	
20	28	59	73	0.3347	10	0	4	1	1	0	0	0	0	N	Y	N	N	N	N	N	N	N	N	N	N	193583522.6537	0.0000	inf	135001.3317	0.0000	inf	inf	0.0000	inf	182.4787	0.0000	10124.8868	0.6367	0.0000	486.6701	205.4893	0.0000	10204.1186	0.0000	0.0000	0.0000	0.0000	0.0000	0.0000	0.0000	0.0000	0.0000	inf	0.0000	0.1835	-0.0000	6.0200	5.0068	3.5720	1.9864	2.9533	0.0000	2.9533	0.0012	0.0000	0.0012	2.9521	0.0000	2.9521	0.0000	0.0000	0.0000	0.0000	0.0000	0.0000	0.0000	0.0000	0.0000	0.0162	0.0159	0.0003	0.0018	0.0018	0.0000	0.0144	0.0141	0.0003	0.0033	0.0028	0.0005	0.0007	0.0006	0.0000	0.0026	0.0021	0.0005
20	39	42	43	0.3580	9	1	2	1	0	0	0	0	0	N	N	N	N	N	N	N	N	N	N	N	N	inf	inf	inf	inf	inf	inf	inf	inf	inf	207.2641	0.0589	32017.0535	0.8032	0.0003	1381.5039	429.5597	0.1229	33513.0771	0.0000	0.0000	0.0000	0.0000	0.0000	0.0000	0.0000	0.0000	0.0000	3537.9358	0.1768	-0.0000	6.0200	9.0059	12.7198	4.3814	12.5308	0.0008	2.8584	0.0057	0.0000	0.0057	2.8535	0.0008	2.8527	0.0000	0.0000	0.0000	0.0000	0.0000	0.0000	0.0000	0.0000	0.0000	0.0138	0.0137	0.0001	0.0072	0.0071	0.0000	0.0066	0.0066	0.0001	0.0040	0.0035	0.0005	0.0021	0.0021	0.0000	0.0019	0.0015	0.0004	
20	39	42	47	0.3483	8	1	2	2	0	0	0	0	0	N	N	N	N	N	N	N	N	N	N	N	N	21744260.8350	3795.2170	inf	38151.1298	15.5996	inf	59176397.5040	9753.6508	inf	260.1415	0.0547	13435.9096	1.2009	0.0005	927.7778	285.8631	0.0602	13511.9087	0.0000	0.0000	0.0000	0.0000	0.0000	0.0000	0.0000	0.0000	0.0000	4847.0952	0.0000	0.2452	-0.0000	6.0200	9.0059	3.5720	4.3814	3.9595	0.0008	3.9587	0.0017	0.0000	0.0017	3.9578	0.0008	3.9570	0.0000	0.0000	0.0000	0.0000	0.0000	0.0000	0.0000	0.0000	0.0000	0.0152	0.0149	0.0003	0.0014	0.0014	0.0000	0.0138	0.0136	0.0003	0.0018	0.0015	0.0003	0.0005	0.0005	0.0000	0.0013	0.0010	0.0003
20	39	42	59	0.2578	8	1	2	1	0	0	0	0	0	N	N	N	N	N	N	N	N	N	N	N	N	62352.3771	10.8310	inf	291.7706	0.1191	inf	59093.7579	9.8026	inf	115.5971	0.0243	7025.1106	0.1932	0.0001	151.8836	129.6449	0.0273	7083.2551	0.0019	0.0022	0.0000	0.0007	0.0007	0.0000	0.0022	0.0028	0.0000	4843.6075	0.0000	0.2456	-0.0000	6.0200	9.0059	3.5720	4.3814	3.9659	0.0008	3.9651	0.0007	0.0000	0.0007	3.9652	0.0008	3.9644	0.0000	0.0000	0.0000	0.0000	0.0000	0.0000	0.0000	0.0000	0.0000	0.0343	0.0337	0.0006	0.0037	0.0037	0.0000	0.0306	0.0300	0.0006	0.0057	0.0047	0.0010	0.0013	0.0012	0.0000	0.0045	0.0035	0.0009
20	39	42	61	0.3337	8	2	1	2	0	0	0	0	0	N	N	N	N	N	N	N	N	N	N	N	N	inf	inf	inf	inf	inf	inf	inf	inf	inf	370.9860	0.1960	18786.2211	0.6439	0.0007	484.1174	414.0124	0.2192	18915.3629	0.0000	0.0000	0.0000	0.0000	0.0000	0.0000	0.0000	0.0000	0.0000	1929.7280	0.2432	-0.0000	6.0200	9.0059	12.7198	4.3814	12.5308	0.0020	3.9453	0.0007	0.0000	0.0007	3.9466	0.0020	3.9446	0.0000	0.0000	0.0000	0.0000	0.0000	0.0000	0.0000	0.0000	0.0000	0.0106	0.0104	0.0002	0.0011	0.0011	0.0000	0.0095	0.0093	0.0002	0.0009	0.0008	0.0002	0.0002	0.0002	0.0000	0.0007	0.0006	0.0002	
20	39	43	47	0.3770	9	1	3	2	0	0	0	0	0	N	N	N	N	N	N	N	N	N	N	N	N	72964096.1300	18151.6276	inf	168522.7466	55.4816	inf	inf	inf	inf	404.3522	0.1140	55900.2954	1.8652	0.0006	3633.1767	814.6222	0.2312	57842.2849	0.0000	0.0000	0.0000	0.0000	0.0000	0.0000	0.0000	0.0000	0.0000	3571.2775	0.0000	0.1781	-0.0000	6.0200	9.0059	3.5720	4.3814	2.8804	0.0008	2.8796	0.0067	0.0000	0.0067	2.8737	0.0008	2.8729	0.0000	0.0000	0.0000	0.0000	0.0000	0.0000	0.0000	0.0000	0.0000	0.0071	0.0071	0.0001	0.0036	0.0036	0.0000	0.0035	0.0035	0.0000	0.0016	0.0014	0.0002	0.0008	0.0008	0.0000	0.0008	0.0006	0.0002
20	39	43	59	0.3580	9	1	3	1	0	0	0	0	0	N	N	N	N	N	N	N	N	N	N	N	N	inf	inf	inf	inf	inf	inf	inf	inf	inf	182.9208	0.0515	28318.3665	0.7213	0.0002	1346.1351	372.5940	0.1056	29509.9448	0.0000	0.0000	0.0000	0.0000	0.0000	0.0000	0.0000	0.0000	0.0000	3570.5186	0.1785	-0.0000	6.0200	9.0059	2.9074	4.3814	1.4877	0.0008	2.8857	0.0058	0.0000	0.0058	2.8807	0.0008	2.8799	0.0000	0.0000	0.0000	0.0000	0.0000	0.0000	0.0000	0.0000	0.0000	0.0158	0.0157	0.0001	0.0080	0.0080	0.0000	0.0077	0.0076	0.0001	0.0051	0.0045	0.0006	0.0026	0.0026	0.0001	0.0025	0.0019	0.0005	
20	39	43	61	0.3624	9	2	2	2	0	0	0	0	0	N	N	N	N	N	N	N	N	N	N	N	N	inf	inf	inf	inf	inf	inf	inf	inf	inf	577.3724	0.4091	78297.9730	2.2689	0.0018	4214.5441	1179.3177	0.8414	81170.8705	0.0000	0.0000	0.0000	0.0000	0.0000	0.0000	0.0000	0.0000	0.0000	1420.7900	0.1762	-0.0000	6.0200	9.0059	2.9074	4.3814	1.4877	0.0020	2.8676	0.0058	0.0000	0.0058	2.8638	0.0020	2.8618	0.0000	0.0000	0.0000	0.0000	0.0000	0.0000	0.0000	0.0000	0.0000	0.0050	0.0049	0.0000	0.0025	0.0025	0.0000	0.0024	0.0024	0.0000	0.0009	0.0008	0.0001	0.0004	0.0004	0.0000	0.0004	0.0004	0.0001	
20	39	43	73	0.3580	9	1	3	1	0	0	0	0	0	N	N	N	N	N	N	N	N	N	N	N	N	inf	inf	inf	inf	inf	inf	inf	inf	inf	262.5428	0.0747	39515.1408	1.0081	0.0003	1775.8311	549.5439	0.1573	41281.1572	0.0000	0.0000	0.0000	0.0000	0.0000	0.0000	0.0000	0.0000	0.0000	3537.9358	0.1768	-0.0000	6.0200	9.0059	2.9074	4.3814	1.4877	0.0008	2.8584	0.0057	0.0000	0.0057	2.8535	0.0008	2.8527	0.0000	0.0000	0.0000	0.0000	0.0000	0.0000	0.0000	0.0000	0.0000	0.0109	0.0108	0.0001	0.0057	0.0057	0.0000	0.0052	0.0051	0.0001	0.0041	0.0036	0.0005	0.0021	0.0021	0.0000	0.0019	0.0015	0.0004	
20	39	47	59	0.2508	7	1	3	2	0	0	0	0	0	N	N	N	N	N	N	N	N	N	N	N	N	102042.7089	17.7910	inf	195.8281	0.0785	inf	273130.0765	45.2309	inf	224.9325	0.0470	12014.2664	1.1078	0.0005	985.2791	245.7925	0.0514	12071.0107	0.0022	0.0026	0.0000	0.0057	0.0060	0.0000	0.0009	0.0011	0.0000	4880.7379	0.0000	0.2470	-0.0000	6.0200	9.0059	3.5720	4.3814	3.9884	0.0008	3.9876	0.0017	0.0000	0.0017	3.9867	0.0008	3.9859	0.0000	0.0000	0.0000	0.0000	0.0000	0.0000	0.0000	0.0000	0.0000	0.0177	0.0174	0.0003	0.0015	0.0015	0.0000	0.0162	0.0159	0.0003	0.0025	0.0021	0.0004	0.0007	0.0007	0.0000	0.0018	0.0015	0.0004
20	39	47	61	0.2508	7	2	2	3	0	0	0	0	0	N	N	N	N	N	N	N	N	N	N	N	N	inf	inf	inf	inf	inf	inf	inf	inf	inf	720.9733	0.3792	31934.9474	3.7450	0.0040	2987.8139	783.7666	0.4128	32064.8337	0.0000	0.0000	0.0000	0.0000	0.0000	0.0000	0.0000	0.0000	0.0000	1944.1547	0.2446	-0.0000	6.0200	9.0059	5.9927	4.3814	2.0491	0.0020	3.9677	0.0017	0.0000	0.0017	3.9681	0.0020	3.9660	0.0000	0.0000	0.0000	0.0000	0.0000	0.0000	0.0000	0.0000	0.0000	0.0055	0.0054	0.0001	0.0004	0.0004	0.0000	0.0051	0.0049	0.0001	0.0004	0.0003	0.0001	0.0001	0.0001	0.0000	0.0003	0.0003	0.0001	
20	39	47	73	0.2825	8	1	3	2	0	0	0	0	0	N	N	N	N	N	N	N	N	N	N	N	N	inf	inf	inf	inf	inf	inf	inf	inf	inf	331.0166	0.0697	16397.4048	1.4482	0.0006	1212.6184	365.7490	0.0771	16483.5196	0.0000	0.0000	0.0000	0.0000	0.0000	0.0000	0.0000	0.0000	0.0000	4847.0952	0.2452	-0.0000	6.0200	9.0059	5.9927	4.3814	2.0491	0.0008	3.9587	0.0017	0.0000	0.0017	3.9578	0.0008	3.9570	0.0000	0.0000	0.0000	0.0000	0.0000	0.0000	0.0000	0.0000	0.0000	0.0120	0.0117	0.0002	0.0011	0.0011	0.0000	0.0108	0.0106	0.0002	0.0018	0.0015	0.0003	0.0005	0.0005	0.0000	0.0013	0.0010	0.0003	
20	39	59	61	0.3109	7	2	2	2	0	0	0	0	0	N	N	N	N	N	N	N	N	N	N	N	N	inf	inf	inf	inf	inf	inf	inf	inf	inf	316.4334	0.1659	16678.1457	3.8165	0.0040	4638.9073	321.2199	0.1685	16686.0195	0.0000	0.0000	0.0000	0.0000	0.0000	0.0000	0.0000	0.0000	0.0000	1942.7564	0.2450	-0.0000	6.0200	9.0059	15.6457	4.3814	33.2903	0.0020	3.9742	0.0007	0.0000	0.0007	3.9755	0.0020	3.9734	0.0000	0.0000	0.0000	0.0000	0.0000	0.0000	0.0000	0.0000	0.0000	0.0126	0.0123	0.0002	0.0002	0.0002	0.0000	0.0124	0.0121	0.0002	0.0013	0.0011	0.0002	0.0002	0.0002	0.0000	0.0011	0.0009	0.0002	
20	39	59	73	0.3110	8	1	3	1	0	0	0	0	0	N	N	N	N	N	N	N	N	N	N	N	N	144153695.2297	25058.6135	inf	52004.8049	21.1295	inf	inf	inf	inf	147.4109	0.0310	8598.9336	0.2394	0.0001	199.5269	165.9146	0.0349	8665.1015	0.0000	0.0000	0.0000	0.0000	0.0000	0.0000	0.0000	0.0000	0.0000	4843.6162	0.0000	0.2456	-0.0000	6.0200	9.0059	3.5720	4.3814	3.9659	0.0008	3.9651	0.0007	0.0000	0.0007	3.9652	0.0008	3.9644	0.0000	0.0000	0.0000	0.0000	0.0000	0.0000	0.0000	0.0000	0.0000	0.0269	0.0264	0.0005	0.0030	0.0030	0.0000	0.0239	0.0234	0.0005	0.0058	0.0048	0.0010	0.0013	0.0012	0.0000	0.0045	0.0036	0.0010
20	39	61	73	0.2578	8	2	2	2	0	0	0	0	0	N	N	N	N	N	N	N	N	N	N	N	N	inf	inf	inf	inf	inf	inf	inf	inf	inf	472.5116	0.2499	22922.8318	0.7893	0.0008	635.4721	529.7143	0.2808	23068.9458	0.0000	0.0000	0.0000	0.0000	0.0000	0.0000	0.0000	0.0000	0.0000	1929.7280	0.2432	-0.0000	6.0200	9.0059	3.9822	4.3814	0.0090	0.0020	3.9453	0.0007	0.0000	0.0007	3.9466	0.0020	3.9446	0.0000	0.0000	0.0000	0.0000	0.0000	0.0000	0.0000	0.0000	0.0000	0.0084	0.0082	0.0002	0.0009	0.0009	0.0000	0.0075	0.0073	0.0002	0.0009	0.0008	0.0002	0.0002	0.0002	0.0000	0.0008	0.0006	0.0002	
20	42	43	47	0.3770	9	0	3	1	0	0	0	0	0	N	N	N	N	N	N	N	N	N	N	N	N	inf	0.0000	inf	inf	0.0000	inf	inf	0.0000	inf	295.2306	0.0000	44083.0280	1.3317	0.0000	2296.4108	607.9258	0.0000	46035.3422	0.0000	0.0000	0.0000	0.0000	0.0000	0.0000	0.0000	0.0000	0.0000	inf	0.1773	0.0000	6.0200	12.7198	2.9074	12.5308	1.4877	0.0000	2.8544	0.0066	0.0000	0.0066	2.8477	0.0000	2.8477	0.0000	0.0000	0.0000	0.0000	0.0000	0.0000	0.0000	0.0000	0.0000	0.0097	0.0096	0.0001	0.0050	0.0050	0.0000	0.0047	0.0046	0.0001	0.0027	0.0024	0.0003	0.0014	0.0014	0.0000	0.0012	0.0010	0.0003	
20	42	43	53	0.3364	9	0	3	0	0	0	0	0	0	N	N	N	N	N	N	N	N	N	N	N	N	inf	0.0000	inf	inf	0.0000	inf	inf	0.0000	inf	257.3041	0.0000	38825.7751	0.9976	0.0000	1716.0207	532.9888	0.0000	40593.0746	0.0000	0.0000	0.0000	0.0000	0.0000	0.0000	0.0000	0.0000	0.0000	inf	0.1777	-0.0000	6.0200	12.7198	2.9074	12.5308	1.4877	0.0000	2.8604	0.0057	0.0000	0.0057	2.8546	0.0000	2.8546	0.0000	0.0000	0.0000	0.0000	0.0000	0.0000	0.0000	0.0000	0.0000	0.0111	0.0110	0.0001	0.0058	0.0058	0.0000	0.0054	0.0053	0.0001	0.0037	0.0033	0.0004	0.0019	0.0019	0.0000	0.0018	0.0014	0.0004	
20	42	43	59	0.3364	9	0	3	0	0	0	0	0	0	N	N	N	N	N	N	N	N	N	N	N	N	inf	0.0000	inf	inf	0.0000	inf	inf	0.0000	inf	135.0821	0.0000	22127.5762	0.5319	0.0000	898.2784	275.2409	0.0000	23232.9824	0.0000	0.0000	0.0000	0.0000	0.0000	0.0000	0.0000	0.0000	0.0000	inf	0.1777	-0.0000	6.0200	12.7198	2.9074	12.5308	1.4877	0.0000	2.8604	0.0057	0.0000	0.0057	2.8546	0.0000	2.8546	0.0000	0.0000	0.0000	0.0000	0.0000	0.0000	0.0000	0.0000	0.0000	0.0212	0.0210	0.0001	0.0108	0.0108	0.0000	0.0104	0.0102	0.0001	0.0085	0.0076	0.0010	0.0046	0.0045	0.0001	0.0039	0.0031	0.0009	
20	42	43	61	0.3624	9	1	2	1	0	0	0	0	0	N	N	N	N	N	N	N	N	N	N	N	N	inf	inf	inf	inf	inf	inf	inf	inf	inf	424.8637	0.1837	61963.5299	1.6453	0.0008	2834.1446	880.4242	0.3831	64677.7682	0.0000	0.0000	0.0000	0.0000	0.0000	0.0000	0.0000	0.0000	0.0000	2328.4043	0.1754	0.0000	6.0200	12.7198	2.9074	12.5308	1.4877	0.0012	2.8424	0.0057	0.0000	0.0057	2.8379	0.0012	2.8367	0.0000	0.0000	0.0000	0.0000	0.0000	0.0000	0.0000	0.0000	0.0000	0.0067	0.0066	0.0000	0.0035	0.0035	0.0000	0.0032	0.0032	0.0000	0.0014	0.0013	0.0002	0.0007	0.0007	0.0000	0.0007	0.0005	0.0002	
20	42	47	53	0.3483	8	0	3	1	0	0	0	0	0	N	N	N	N	N	N	N	N	N	N	N	N	inf	inf	inf	inf	inf	inf	inf	0.0000	inf	323.5040	0.0000	16182.2274	1.5116	0.0001	1161.2265	355.0771	0.0000	16270.0756	0.0000	0.0000	0.0000	0.0000	0.0000	0.0000	0.0000	0.0000	0.0000	50779846.4581	0.2461	-0.0000	6.0200	12.7198	5.9927	12.5308	2.0491	0.0000	3.9608	0.0017	0.0000	0.0017	3.9591	0.0000	3.9591	0.0000	0.0000	0.0000	0.0000	0.0000	0.0000	0.0000	0.0000	0.0000	0.0122	0.0120	0.0002	0.0011	0.0011	0.0000	0.0112	0.0109	0.0002	0.0016	0.0014	0.0003	0.0004	0.0004	0.0000	0.0012	0.0009	0.0003	
20	42	47	59	0.3483	8	0	3	1	0	0	0	0	0	N	N	N	N	N	N	N	N	N	N	N	N	2266293.5779	0.0000	inf	3551.2477	0.0000	inf	77754260.3049	0.0000	inf	167.4497	0.0000	9598.0471	0.7604	0.0000	600.8276	184.3153	0.0000	9658.4176	0.0001	0.0001	0.0000	0.0002	0.0002	0.0000	0.0000	0.0000	0.0000	inf	0.0000	0.2461	0.0000	6.0200	12.7198	3.5720	12.5308	3.9608	0.0000	3.9608	0.0017	0.0000	0.0017	3.9591	0.0000	3.9591	0.0000	0.0000	0.0000	0.0000	0.0000	0.0000	0.0000	0.0000	0.0000	0.0237	0.0232	0.0004	0.0022	0.0022	0.0000	0.0215	0.0211	0.0004	0.0041	0.0034	0.0007	0.0014	0.0013	0.0001	0.0027	0.0021	0.0006
20	42	47	61	0.3483	8	1	2	2	0	0	0	0	0	N	N	N	N	N	N	N	N	N	N	N	N	inf	inf	inf	inf	inf	inf	inf	inf	inf	536.6815	0.1717	25565.9162	2.5400	0.0016	1934.5809	588.0893	0.1884	25696.3495	0.0000	0.0000	0.0000	0.0000	0.0000	0.0000	0.0000	0.0000	0.0000	3192.2455	0.2437	0.0000	6.0200	12.7198	5.9927	12.5308	2.0491	0.0012	3.9410	0.0016	0.0000	0.0016	3.9406	0.0012	3.9394	0.0000	0.0000	0.0000	0.0000	0.0000	0.0000	0.0000	0.0000	0.0000	0.0073	0.0072	0.0002	0.0006	0.0006	0.0000	0.0067	0.0065	0.0002	0.0006	0.0005	0.0001	0.0002	0.0002	0.0000	0.0005	0.0004	0.0001	
20	42	53	59	0.3040	8	0	3	0	0	0	0	0	0	N	N	N	N	N	N	N	N	N	N	N	N	5113956.2438	0.5549	inf	1905.3205	0.0000	inf	inf	inf	inf	143.8315	0.0000	8476.1410	0.2431	0.0000	189.8978	161.1029	0.0000	8543.8007	0.0000	0.0000	0.0000	0.0001	0.0001	0.0000	0.0000	0.0000	0.0000	7758781.2639	0.0000	0.2464	-0.0000	6.0200	12.7198	3.5720	12.5308	3.9672	0.0000	3.9672	0.0007	0.0000	0.0007	3.9664	0.0000	3.9664	0.0000	0.0000	0.0000	0.0000	0.0000	0.0000	0.0000	0.0000	0.0000	0.0276	0.0271	0.0005	0.0030	0.0030	0.0000	0.0246	0.0242	0.0005	0.0052	0.0043	0.0009	0.0012	0.0011	0.0000	0.0041	0.0032	0.0009
20	42	53	61	0.3337	8	1	2	1	0	0	0	0	0	N	N	N	N	N	N	N	N	N	N	N	N	inf	inf	inf	inf	inf	inf	inf	inf	inf	461.3374	0.1476	22622.4176	0.8095	0.0005	604.6845	514.2088	0.1648	22772.2365	0.0000	0.0000	0.0000	0.0000	0.0000	0.0000	0.0000	0.0000	0.0000	3189.8674	0.2441	0.0000	6.0200	12.7198	6.9987	12.5308	4.9999	0.0012	3.9474	0.0007	0.0000	0.0007	3.9479	0.0012	3.9467	0.0000	0.0000	0.0000	0.0000	0.0000	0.0000	0.0000	0.0000	0.0000	0.0086	0.0084	0.0002	0.0009	0.0009	0.0000	0.0077	0.0075	0.0002	0.0008	0.0007	0.0001	0.0002	0.0002	0.0000	0.0007	0.0005	0.0001	
20	42	59	61	0.3337	8	1	2	1	0	0	0	0	0	N	N	N	N	N	N	N	N	N	N	N	N	inf	inf	inf	inf	inf	inf	inf	inf	inf	238.8137	0.0762	13427.0975	0.4080	0.0003	314.2362	267.0147	0.0853	13529.1037	0.0000	0.0000	0.0000	0.0000	0.0000	0.0000	0.0000	0.0000	0.0000	3189.8755	0.2441	0.0000	6.0200	12.7198	15.6457	12.5308	33.2903	0.0012	3.9474	0.0007	0.0000	0.0007	3.9479	0.0012	3.9467	0.0000	0.0000	0.0000	0.0000	0.0000	0.0000	0.0000	0.0000	0.0000	0.0165	0.0162	0.0003	0.0017	0.0017	0.0000	0.0148	0.0145	0.0003	0.0020	0.0017	0.0003	0.0005	0.0005	0.0000	0.0015	0.0012	0.0003	
20	43	47	53	0.3770	9	0	4	1	0	0	0	0	0	N	Y	N	N	N	N	N	N	N	N	N	N	inf	0.0000	inf	inf	0.0000	inf	inf	0.0000	inf	501.5900	0.0000	67634.2152	2.3141	0.0000	4500.3139	1010.4190	0.0000	69923.8244	0.0000	0.0000	0.0000	0.0000	0.0000	0.0000	0.0000	0.0000	0.0000	inf	0.1790	-0.0000	6.0200	2.9074	5.9927	1.4877	2.0491	0.0000	2.8816	0.0067	0.0000	0.0067	2.8749	0.0000	2.8749	0.0000	0.0000	0.0000	0.0000	0.0000	0.0000	0.0000	0.0000	0.0000	0.0057	0.0057	0.0000	0.0029	0.0029	0.0000	0.0028	0.0028	0.0000	0.0015	0.0013	0.0002	0.0007	0.0007	0.0000	0.0007	0.0006	0.0002	
20	43	47	59	0.3770	9	0	4	1	0	0	0	0	0	N	Y	N	N	N	N	N	N	N	N	N	N	inf	0.0000	inf	inf	0.0000	inf	inf	0.0000	inf	262.3640	0.0000	39190.7342	1.2128	0.0000	2374.7376	527.4774	0.0000	40662.1208	0.0000	0.0000	0.0000	0.0000	0.0000	0.0000	0.0000	0.0000	0.0000	inf	0.1790	0.0000	6.0200	2.9074	5.9927	1.4877	2.0491	0.0000	2.8816	0.0067	0.0000	0.0067	2.8749	0.0000	2.8749	0.0000	0.0000	0.0000	0.0000	0.0000	0.0000	0.0000	0.0000	0.0000	0.0110	0.0109	0.0001	0.0055	0.0055	0.0000	0.0055	0.0054	0.0001	0.0034	0.0030	0.0004	0.0018	0.0018	0.0000	0.0016	0.0012	0.0004	
20	43	47	61	0.3770	9	1	3	2	0	0	0	0	0	N	N	N	N	N	N	N	N	N	N	N	N	inf	inf	inf	inf	inf	inf	inf	inf	inf	827.3050	0.3547	107525.8586	3.8092	0.0019	7397.2349	1668.0865	0.7201	111029.5541	0.0000	0.0000	0.0000	0.0000	0.0000	0.0000	0.0000	0.0000	0.0000	2349.6526	0.1767	0.0000	6.0200	2.9074	5.9927	1.4877	2.0491	0.0012	2.8635	0.0067	0.0000	0.0067	2.8580	0.0012	2.8568	0.0000	0.0000	0.0000	0.0000	0.0000	0.0000	0.0000	0.0000	0.0000	0.0035	0.0034	0.0000	0.0017	0.0017	0.0000	0.0017	0.0017	0.0000	0.0006	0.0005	0.0001	0.0003	0.0003	0.0000	0.0003	0.0002	0.0001	
20	43	47	73	0.3770	9	0	4	1	0	0	0	0	0	N	Y	N	N	N	N	N	N	N	N	N	N	inf	0.0000	inf	inf	0.0000	inf	inf	0.0000	inf	373.8153	0.0000	54275.2162	1.6704	0.0000	2944.6064	777.5309	0.0000	56573.6614	0.0000	0.0000	0.0000	0.0000	0.0000	0.0000	0.0000	0.0000	0.0000	inf	0.1773	0.0000	6.0200	2.9074	5.9927	1.4877	2.0491	0.0000	2.8544	0.0066	0.0000	0.0066	2.8477	0.0000	2.8477	0.0000	0.0000	0.0000	0.0000	0.0000	0.0000	0.0000	0.0000	0.0000	0.0076	0.0076	0.0001	0.0040	0.0040	0.0000	0.0037	0.0036	0.0001	0.0027	0.0024	0.0003	0.0015	0.0014	0.0000	0.0013	0.0010	0.0003	
20	43	53	59	0.3364	9	0	4	0	0	0	0	0	0	N	Y	N	N	N	N	N	N	N	N	N	N	inf	0.0000	inf	inf	0.0000	inf	inf	0.0000	inf	227.0012	0.0000	34382.2011	0.8952	0.0000	1671.8014	462.3641	0.0000	35793.6820	0.0000	0.0000	0.0000	0.0000	0.0000	0.0000	0.0000	0.0000	0.0000	inf	0.1794	-0.0000	6.0200	2.9074	6.9987	1.4877	4.9999	0.0000	2.8877	0.0058	0.0000	0.0058	2.8819	0.0000	2.8819	0.0000	0.0000	0.0000	0.0000	0.0000	0.0000	0.0000	0.0000	0.0000	0.0127	0.0126	0.0001	0.0065	0.0065	0.0000	0.0062	0.0062	0.0001	0.0047	0.0041	0.0005	0.0024	0.0023	0.0000	0.0023	0.0018	0.0005	
20	43	53	61	0.3624	9	1	3	1	0	0	0	0	0	N	N	N	N	N	N	N	N	N	N	N	N	inf	inf	inf	inf	inf	inf	inf	inf	inf	716.2263	0.3071	94684.1414	2.8154	0.0014	5216.2526	1462.5777	0.6316	98071.3483	0.0000	0.0000	0.0000	0.0000	0.0000	0.0000	0.0000	0.0000	0.0000	2349.0896	0.1771	0.0000	6.0200	2.9074	6.9987	1.4877	4.9999	0.0012	2.8695	0.0058	0.0000	0.0058	2.8650	0.0012	2.8638	0.0000	0.0000	0.0000	0.0000	0.0000	0.0000	0.0000	0.0000	0.0000	0.0040	0.0040	0.0000	0.0020	0.0020	0.0000	0.0020	0.0019	0.0000	0.0008	0.0007	0.0001	0.0004	0.0004	0.0000	0.0004	0.0003	0.0001	
20	43	53	73	0.3364	9	0	4	0	0	0	0	0	0	N	Y	N	N	N	N	N	N	N	N	N	N	inf	0.0000	inf	inf	0.0000	inf	inf	0.0000	inf	325.9627	0.0000	47864.6812	1.2526	0.0000	2204.0482	681.7867	0.0000	49947.8791	0.0000	0.0000	0.0000	0.0000	0.0000	0.0000	0.0000	0.0000	0.0000	inf	0.1777	-0.0000	6.0200	2.9074	6.9987	1.4877	4.9999	0.0000	2.8604	0.0057	0.0000	0.0057	2.8546	0.0000	2.8546	0.0000	0.0000	0.0000	0.0000	0.0000	0.0000	0.0000	0.0000	0.0000	0.0088	0.0087	0.0001	0.0046	0.0046	0.0000	0.0042	0.0041	0.0001	0.0037	0.0033	0.0004	0.0019	0.0019	0.0000	0.0018	0.0014	0.0004	
20	43	59	61	0.3624	9	1	3	1	0	0	0	0	0	N	N	N	N	N	N	N	N	N	N	N	N	inf	inf	inf	inf	inf	inf	inf	inf	inf	374.6083	0.1605	54983.5415	1.4744	0.0007	2760.4897	763.9352	0.3294	57161.0870	0.0000	0.0000	0.0000	0.0000	0.0000	0.0000	0.0000	0.0000	0.0000	2349.0973	0.1771	-0.0000	6.0200	2.9074	15.6457	1.4877	33.2903	0.0012	2.8695	0.0058	0.0000	0.0058	2.8650	0.0012	2.8638	0.0000	0.0000	0.0000	0.0000	0.0000	0.0000	0.0000	0.0000	0.0000	0.0077	0.0076	0.0001	0.0039	0.0039	0.0000	0.0038	0.0037	0.0001	0.0018	0.0016	0.0002	0.0009	0.0009	0.0000	0.0009	0.0007	0.0002	
20	43	59	73	0.3364	9	0	4	0	0	0	0	0	0	N	Y	N	N	N	N	N	N	N	N	N	N	90890262.7533	0.0000	inf	191637.6740	0.0000	inf	inf	0.0000	inf	171.5424	0.0000	27370.2825	0.6709	0.0000	1156.9918	352.0338	0.0000	28678.3737	0.0000	0.0000	0.0000	0.0000	0.0000	0.0000	0.0000	0.0000	0.0000	inf	0.0000	0.1777	-0.0000	6.0200	2.9074	3.5720	1.4877	2.8604	0.0000	2.8604	0.0057	0.0000	0.0057	2.8546	0.0000	2.8546	0.0000	0.0000	0.0000	0.0000	0.0000	0.0000	0.0000	0.0000	0.0000	0.0167	0.0166	0.0001	0.0086	0.0086	0.0000	0.0081	0.0080	0.0001	0.0086	0.0077	0.0010	0.0047	0.0046	0.0001	0.0040	0.0031	0.0009
20	43	61	73	0.3624	9	1	3	1	0	0	0	0	0	N	N	N	N	N	N	N	N	N	N	N	N	inf	inf	inf	inf	inf	inf	inf	inf	inf	538.3401	0.2327	76241.9254	2.0670	0.0010	3635.4849	1125.9802	0.4902	79432.9112	0.0000	0.0000	0.0000	0.0000	0.0000	0.0000	0.0000	0.0000	0.0000	2328.4043	0.1754	-0.0000	6.0200	2.9074	3.9822	1.4877	0.0090	0.0012	2.8424	0.0057	0.0000	0.0057	2.8379	0.0012	2.8367	0.0000	0.0000	0.0000	0.0000	0.0000	0.0000	0.0000	0.0000	0.0000	0.0053	0.0052	0.0000	0.0028	0.0028	0.0000	0.0025	0.0025	0.0000	0.0014	0.0013	0.0002	0.0007	0.0007	0.0000	0.0007	0.0005	0.0002	
20	47	53	59	0.2508	7	0	4	1	0	0	0	0	0	N	Y	N	N	N	N	N	N	N	N	N	N	3065800.2887	0.0000	inf	4140.7345	0.0000	inf	inf	0.0000	inf	279.6742	0.0000	14479.7654	1.3903	0.0000	1229.3392	305.3552	0.0000	14545.6384	0.0001	0.0001	0.0000	0.0003	0.0004	0.0000	0.0000	0.0000	0.0000	inf	0.0000	0.2478	-0.0000	6.0200	5.9927	3.5720	2.0491	3.9897	0.0000	3.9897	0.0017	0.0000	0.0017	3.9880	0.0000	3.9880	0.0000	0.0000	0.0000	0.0000	0.0000	0.0000	0.0000	0.0000	0.0000	0.0143	0.0140	0.0003	0.0012	0.0012	0.0000	0.0131	0.0128	0.0003	0.0023	0.0019	0.0004	0.0006	0.0006	0.0000	0.0017	0.0013	0.0003
20	47	53	61	0.2508	7	1	3	2	0	0	0	0	0	N	N	N	N	N	N	N	N	N	N	N	N	inf	inf	inf	inf	inf	inf	inf	inf	inf	895.9473	0.2854	38421.9597	4.6970	0.0030	3726.0471	973.2200	0.3105	38572.2053	0.0000	0.0000	0.0000	0.0000	0.0000	0.0000	0.0000	0.0000	0.0000	3213.3103	0.2455	0.0000	6.0200	5.9927	6.9987	2.0491	4.9999	0.0012	3.9698	0.0017	0.0000	0.0017	3.9694	0.0012	3.9681	0.0000	0.0000	0.0000	0.0000	0.0000	0.0000	0.0000	0.0000	0.0000	0.0044	0.0043	0.0001	0.0004	0.0004	0.0000	0.0041	0.0040	0.0001	0.0004	0.0003	0.0001	0.0001	0.0001	0.0000	0.0003	0.0002	0.0001	
20	47	53	73	0.2825	8	0	4	1	0	0	0	0	0	N	Y	N	N	N	N	N	N	N	N	N	N	inf	inf	inf	inf	inf	inf	inf	0.0000	inf	411.6636	0.0000	19739.3634	1.8233	0.0001	1517.5541	454.2895	0.0000	19838.7949	0.0000	0.0000	0.0000	0.0000	0.0000	0.0000	0.0000	0.0000	0.0000	51106620.9549	0.2461	-0.0000	6.0200	5.9927	6.9987	2.0491	4.9999	0.0000	3.9608	0.0017	0.0000	0.0017	3.9591	0.0000	3.9591	0.0000	0.0000	0.0000	0.0000	0.0000	0.0000	0.0000	0.0000	0.0000	0.0096	0.0094	0.0002	0.0009	0.0009	0.0000	0.0087	0.0085	0.0002	0.0017	0.0014	0.0003	0.0004	0.0004	0.0000	0.0012	0.0010	0.0003	
20	47	59	61	0.3109	7	1	3	2	0	0	0	0	0	N	N	N	N	N	N	N	N	N	N	N	N	inf	inf	inf	inf	inf	inf	inf	inf	inf	463.8590	0.1473	22899.2436	2.3257	0.0015	2038.1351	505.8669	0.1608	22997.7093	0.0000	0.0000	0.0000	0.0000	0.0000	0.0000	0.0000	0.0000	0.0000	3213.3183	0.2455	-0.0000	6.0200	5.9927	15.6457	2.0491	33.2903	0.0012	3.9698	0.0017	0.0000	0.0017	3.9694	0.0012	3.9681	0.0000	0.0000	0.0000	0.0000	0.0000	0.0000	0.0000	0.0000	0.0000	0.0086	0.0084	0.0002	0.0007	0.0007	0.0000	0.0078	0.0077	0.0002	0.0009	0.0008	0.0001	0.0003	0.0002	0.0000	0.0006	0.0005	0.0001	
20	47	59	73	0.3110	8	0	4	1	0	0	0	0	0	N	Y	N	N	N	N	N	N	N	N	N	N	139295258.5546	0.0000	inf	205337.3250	0.0000	inf	inf	0.0000	inf	213.3465	0.0000	11733.3967	0.9293	0.0000	786.0105	235.8500	0.0000	11802.0084	0.0000	0.0000	0.0000	0.0000	0.0000	0.0000	0.0000	0.0000	0.0000	inf	0.0000	0.2461	-0.0000	6.0200	5.9927	3.5720	2.0491	3.9608	0.0000	3.9608	0.0017	0.0000	0.0017	3.9591	0.0000	3.9591	0.0000	0.0000	0.0000	0.0000	0.0000	0.0000	0.0000	0.0000	0.0000	0.0186	0.0182	0.0003	0.0018	0.0018	0.0000	0.0168	0.0165	0.0003	0.0041	0.0035	0.0007	0.0014	0.0013	0.0001	0.0027	0.0021	0.0006
20	47	61	73	0.2825	8	1	3	2	0	0	0	0	0	N	N	N	N	N	N	N	N	N	N	N	N	inf	inf	inf	inf	inf	inf	inf	inf	inf	682.9869	0.2187	31163.0702	3.0652	0.0020	2527.7947	752.3591	0.2413	31310.4591	0.0000	0.0000	0.0000	0.0000	0.0000	0.0000	0.0000	0.0000	0.0000	3192.2455	0.2437	-0.0000	6.0200	5.9927	3.9822	2.0491	0.0090	0.0012	3.9410	0.0016	0.0000	0.0016	3.9406	0.0012	3.9394	0.0000	0.0000	0.0000	0.0000	0.0000	0.0000	0.0000	0.0000	0.0000	0.0058	0.0056	0.0001	0.0005	0.0005	0.0000	0.0052	0.0051	0.0001	0.0007	0.0005	0.0001	0.0002	0.0002	0.0000	0.0005	0.0004	0.0001	
20	53	59	61	0.3109	7	1	3	1	0	0	0	0	0	N	N	N	N	N	N	N	N	N	N	N	N	inf	inf	inf	inf	inf	inf	inf	inf	inf	393.4683	0.1249	20102.0442	4.8512	0.0031	5850.7883	399.2888	0.1268	20110.9552	0.0000	0.0000	0.0000	0.0000	0.0000	0.0000	0.0000	0.0000	0.0000	3210.9745	0.2459	0.0000	6.0200	6.9987	15.6457	4.9999	33.2903	0.0012	3.9763	0.0007	0.0000	0.0007	3.9768	0.0012	3.9755	0.0000	0.0000	0.0000	0.0000	0.0000	0.0000	0.0000	0.0000	0.0000	0.0101	0.0099	0.0002	0.0001	0.0001	0.0000	0.0100	0.0098	0.0002	0.0012	0.0010	0.0002	0.0002	0.0002	0.0000	0.0010	0.0008	0.0002	
20	53	59	73	0.3110	8	0	4	0	0	0	0	0	0	N	Y	N	N	N	N	N	N	N	N	N	N	inf	0.0000	inf	inf	0.0000	inf	inf	0.0000	inf	183.4199	0.0000	10368.9551	0.3012	0.0000	249.4476	206.1650	0.0000	10445.8620	0.0000	0.0000	0.0000	0.0000	0.0000	0.0000	0.0000	0.0000	0.0000	inf	0.2464	-0.0000	6.0200	6.9987	15.6457	4.9999	33.2903	0.0000	3.9672	0.0007	0.0000	0.0007	3.9664	0.0000	3.9664	0.0000	0.0000	0.0000	0.0000	0.0000	0.0000	0.0000	0.0000	0.0000	0.0216	0.0212	0.0004	0.0024	0.0024	0.0000	0.0192	0.0189	0.0004	0.0053	0.0044	0.0009	0.0012	0.0011	0.0000	0.0041	0.0033	0.0009	
20	53	61	73	0.2533	8	1	3	1	0	0	0	0	0	N	N	N	N	N	N	N	N	N	N	N	N	inf	inf	inf	inf	inf	inf	inf	inf	inf	587.6157	0.1882	27590.2880	0.9926	0.0006	793.6774	657.8893	0.2111	27759.6308	0.0000	0.0000	0.0000	0.0000	0.0000	0.0000	0.0000	0.0000	0.0000	3189.8674	0.2441	0.0000	6.0200	6.9987	3.9822	4.9999	0.0090	0.0012	3.9474	0.0007	0.0000	0.0007	3.9479	0.0012	3.9467	0.0000	0.0000	0.0000	0.0000	0.0000	0.0000	0.0000	0.0000	0.0000	0.0067	0.0066	0.0001	0.0007	0.0007	0.0000	0.0060	0.0059	0.0001	0.0008	0.0007	0.0001	0.0002	0.0002	0.0000	0.0007	0.0005	0.0001	
20	59	61	73	0.3110	8	1	3	1	0	0	0	0	0	N	N	N	N	N	N	N	N	N	N	N	N	inf	inf	inf	inf	inf	inf	inf	inf	inf	304.5542	0.0972	16411.1594	0.5058	0.0003	412.7832	341.6750	0.1093	16526.8934	0.0000	0.0000	0.0000	0.0000	0.0000	0.0000	0.0000	0.0000	0.0000	3189.8755	0.2441	-0.0000	6.0200	15.6457	3.9822	33.2903	0.0090	0.0012	3.9474	0.0007	0.0000	0.0007	3.9479	0.0012	3.9467	0.0000	0.0000	0.0000	0.0000	0.0000	0.0000	0.0000	0.0000	0.0000	0.0130	0.0127	0.0002	0.0014	0.0014	0.0000	0.0116	0.0113	0.0002	0.0020	0.0017	0.0003	0.0005	0.0005	0.0000	0.0015	0.0012	0.0003	
25	26	28	47	0.3886	8	1	4	2	1	0	0	0	0	N	Y	N	N	N	N	N	N	N	N	N	N	10557710.4307	3031829.9223	inf	15211.5051	7452.4209	inf	inf	inf	inf	169.1659	58.1413	6378.4948	0.8662	0.4544	230.1859	185.9831	64.0076	6436.0256	0.0000	0.0000	0.0000	0.0001	0.0001	0.0000	0.0000	0.0000	0.0000	1.9616	0.0000	-0.8130	-0.0000	18.4448	9.0013	14.9713	6.1061	2.9507	0.9963	1.9544	0.0014	0.0007	0.0007	2.9493	0.9956	1.9537	0.0000	0.0000	0.0000	0.0000	0.0000	0.0000	0.0000	0.0000	0.0000	0.0174	0.0171	0.0003	0.0016	0.0016	0.0000	0.0159	0.0156	0.0003	0.0017	0.0014	0.0003	0.0005	0.0004	0.0000	0.0012	0.0010	0.0002
25	26	28	59	0.3644	7	1	4	1	1	0	0	0	0	N	Y	N	N	N	N	N	N	N	N	N	N	41167.3210	11713.0971	inf	10.3360	5.1499	inf	inf	inf	inf	76.9016	26.3734	3335.7613	0.1075	0.0558	35.5316	86.1347	29.5874	3369.9364	0.0019	0.0023	0.0000	0.0104	0.0108	0.0000	0.0000	0.0000	0.0000	1.9611	0.0000	-0.8149	-0.0000	18.4448	9.0013	14.9713	6.1061	2.9570	0.9986	1.9584	0.0004	0.0002	0.0002	2.9566	0.9984	1.9582	0.0000	0.0000	0.0000	0.0000	0.0000	0.0000	0.0000	0.0000	0.0000	0.0385	0.0379	0.0006	0.0041	0.0041	0.0000	0.0343	0.0337	0.0006	0.0056	0.0047	0.0010	0.0010	0.0010	0.0000	0.0046	0.0037	0.0009
25	26	43	47	0.3886	7	1	4	1	0	0	0	0	0	N	Y	N	N	N	N	N	N	N	N	N	N	11200599.5330	3407621.1856	inf	23301.8801	9150.6588	inf	inf	inf	inf	151.4041	52.4947	17102.0670	0.6102	0.2450	651.6643	312.6569	108.9812	17966.8369	0.0000	0.0000	0.0000	0.0000	0.0000	0.0000	0.0000	0.0000	0.0000	1.9010	0.0000	-0.8076	-0.0000	18.4448	9.0013	14.9713	6.1061	2.8579	0.9851	1.8727	0.0060	0.0024	0.0036	2.8519	0.9827	1.8692	0.0000	0.0000	0.0000	0.0000	0.0000	0.0000	0.0000	0.0000	0.0000	0.0189	0.0188	0.0001	0.0098	0.0097	0.0000	0.0091	0.0090	0.0001	0.0040	0.0035	0.0005	0.0021	0.0020	0.0000	0.0019	0.0015	0.0004
25	26	43	59	0.3661	6	1	4	0	0	0	0	0	0	N	Y	N	N	N	N	N	N	N	N	N	N	39865.9175	12140.9967	inf	69.4648	25.6697	inf	inf	inf	inf	71.4931	24.7863	8475.5283	0.2439	0.0921	265.9563	148.0054	51.5802	8939.2684	0.0018	0.0020	0.0000	0.0035	0.0036	0.0000	0.0000	0.0000	0.0000	1.9004	0.0000	-0.8095	-0.0000	18.4448	9.0013	14.9713	6.1061	2.8639	0.9874	1.8765	0.0051	0.0019	0.0031	2.8588	0.9855	1.8733	0.0000	0.0000	0.0000	0.0000	0.0000	0.0000	0.0000	0.0000	0.0000	0.0401	0.0398	0.0002	0.0207	0.0207	0.0000	0.0193	0.0191	0.0002	0.0128	0.0113	0.0016	0.0065	0.0064	0.0001	0.0063	0.0049	0.0014
25	26	43	61	0.3739	7	2	3	1	0	0	0	0	0	N	N	N	N	N	N	N	N	N	N	N	N	inf	inf	inf	inf	inf	inf	inf	inf	inf	217.9779	75.1535	24170.6735	0.7400	0.2781	824.1626	453.3197	157.1865	25378.4466	0.0000	0.0000	0.0000	0.0000	0.0000	0.0000	0.0000	0.0000	0.0000	1.9177	-0.7989	0.0000	18.4448	9.0013	2.9074	6.1061	1.4877	0.9758	1.8713	0.0050	0.0019	0.0031	2.8421	0.9739	1.8682	0.0000	0.0000	0.0000	0.0000	0.0000	0.0000	0.0000	0.0000	0.0000	0.0131	0.0130	0.0001	0.0068	0.0068	0.0000	0.0063	0.0062	0.0001	0.0021	0.0019	0.0003	0.0010	0.0010	0.0000	0.0011	0.0008	0.0002	
25	26	47	59	0.3886	6	1	4	1	0	0	0	0	0	N	Y	N	N	N	N	N	N	N	N	N	N	14621.4606	3101.7407	inf	12.8589	6.2388	inf	inf	inf	inf	89.1853	22.7925	4360.2205	0.2245	0.1175	84.5239	98.4057	25.1798	4393.7150	0.0061	0.0073	0.0000	0.0175	0.0188	0.0000	0.0000	0.0000	0.0000	2.9737	0.0000	-0.7514	-0.0000	18.4448	9.0013	14.9713	6.1061	3.9645	0.9977	2.9668	0.0009	0.0005	0.0004	3.9636	0.9972	2.9664	0.0000	0.0000	0.0000	0.0000	0.0000	0.0000	0.0000	0.0000	0.0000	0.0445	0.0438	0.0007	0.0042	0.0042	0.0000	0.0403	0.0396	0.0007	0.0069	0.0057	0.0012	0.0024	0.0022	0.0002	0.0045	0.0035	0.0010
25	26	47	61	0.3886	6	2	3	2	0	0	0	0	0	N	N	N	N	N	N	N	N	N	N	N	N	inf	inf	inf	inf	inf	inf	inf	inf	inf	281.8045	71.7046	11716.3505	0.7824	0.4086	244.0327	307.8342	78.4299	11799.6734	0.0000	0.0000	0.0000	0.0000	0.0000	0.0000	0.0000	0.0000	0.0000	3.0023	-0.7408	0.0000	18.4448	9.0013	5.9927	6.1061	2.0491	0.9859	2.9601	0.0009	0.0005	0.0004	3.9451	0.9855	2.9596	0.0000	0.0000	0.0000	0.0000	0.0000	0.0000	0.0000	0.0000	0.0000	0.0140	0.0137	0.0003	0.0012	0.0012	0.0000	0.0128	0.0126	0.0003	0.0011	0.0009	0.0002	0.0003	0.0003	0.0000	0.0007	0.0006	0.0002	
25	26	59	61	0.3739	6	2	3	1	0	0	0	0	0	N	N	N	N	N	N	N	N	N	N	N	N	inf	inf	inf	0.0000	0.0000	0.0000	inf	inf	inf	127.0844	32.2781	6117.9957	0.0000	0.0000	0.0000	142.4405	36.2419	6173.4550	0.0000	0.0000	0.0000	0.0000	0.0000	0.0000	0.0000	0.0000	0.0000	2.9995	-0.7427	0.0000	18.4448	9.0013	15.6457	6.1061	33.2903	0.9882	2.9641	0.0000	0.0000	0.0000	3.9524	0.9882	2.9641	0.0000	0.0000	0.0000	0.0000	0.0000	0.0000	0.0000	0.0000	0.0000	0.0311	0.0306	0.0005	0.0034	0.0033	0.0000	0.0277	0.0273	0.0005	0.0035	0.0029	0.0006	0.0009	0.0009	0.0001	0.0026	0.0020	0.0005	
25	28	47	53	0.3886	8	1	4	2	1	0	0	0	0	N	Y	N	N	N	N	N	N	N	N	N	N	inf	inf	inf	inf	inf	inf	inf	inf	inf	210.3491	72.3378	7681.2569	1.0911	0.5723	287.4248	230.9635	79.5369	7747.9587	0.0000	0.0000	0.0000	0.0000	0.0000	0.0000	0.0000	0.0000	0.0000	1.9616	-0.8130	-0.0000	18.4448	5.0068	5.9927	1.9864	2.0491	0.9963	1.9544	0.0014	0.0007	0.0007	2.9493	0.9956	1.9537	0.0000	0.0000	0.0000	0.0000	0.0000	0.0000	0.0000	0.0000	0.0000	0.0140	0.0138	0.0003	0.0013	0.0013	0.0000	0.0128	0.0125	0.0003	0.0014	0.0012	0.0002	0.0004	0.0004	0.0000	0.0010	0.0008	0.0002	
25	28	47	59	0.3886	8	1	4	2	1	0	0	0	0	N	Y	N	N	N	N	N	N	N	N	N	N	15375769.8407	4467291.6782	inf	25539.7749	12419.9908	inf	inf	inf	inf	110.3795	37.8784	4554.6909	0.5179	0.2716	159.1477	122.4705	42.0850	4597.1831	0.0000	0.0000	0.0000	0.0000	0.0000	0.0000	0.0000	0.0000	0.0000	1.9616	0.0001	-0.8130	0.0000	18.4448	5.0068	14.9713	1.9864	2.9507	0.9963	1.9544	0.0014	0.0007	0.0007	2.9493	0.9956	1.9537	0.0000	0.0000	0.0000	0.0000	0.0000	0.0000	0.0000	0.0000	0.0000	0.0267	0.0263	0.0004	0.0027	0.0026	0.0000	0.0241	0.0237	0.0004	0.0034	0.0029	0.0005	0.0012	0.0011	0.0001	0.0022	0.0018	0.0004
25	28	53	59	0.3442	7	1	4	1	1	0	0	0	0	N	Y	N	N	N	N	N	N	N	N	N	N	inf	inf	inf	inf	inf	inf	inf	inf	inf	95.6514	32.8194	4024.4751	0.1354	0.0703	44.4208	106.9780	36.7660	4064.2345	0.0000	0.0000	0.0000	0.0000	0.0000	0.0000	0.0000	0.0000	0.0000	1.9611	-0.8149	0.0000	18.4448	5.0068	6.9987	1.9864	4.9999	0.9986	1.9584	0.0004	0.0002	0.0002	2.9566	0.9984	1.9582	0.0000	0.0000	0.0000	0.0000	0.0000	0.0000	0.0000	0.0000	0.0000	0.0309	0.0304	0.0005	0.0033	0.0033	0.0000	0.0276	0.0272	0.0005	0.0047	0.0039	0.0008	0.0008	0.0008	0.0000	0.0039	0.0031	0.0008	
25	39	43	47	0.3886	7	2	3	2	0	0	0	0	0	N	N	N	N	N	N	N	N	N	N	N	N	inf	inf	inf	inf	inf	inf	inf	inf	inf	151.2775	52.4285	17092.4791	0.6097	0.2447	651.2389	312.3958	108.8438	17956.8145	0.0000	0.0000	0.0000	0.0000	0.0000	0.0000	0.0000	0.0000	0.0000	1.9022	-0.8068	-0.0000	18.4448	9.0059	2.9074	4.3814	1.4877	0.9843	1.8724	0.0059	0.0024	0.0036	2.8508	0.9819	1.8688	0.0000	0.0000	0.0000	0.0000	0.0000	0.0000	0.0000	0.0000	0.0000	0.0189	0.0188	0.0001	0.0098	0.0098	0.0000	0.0091	0.0090	0.0001	0.0037	0.0032	0.0004	0.0019	0.0019	0.0000	0.0018	0.0014	0.0004	
25	39	43	59	0.3580	6	2	3	1	0	0	0	0	0	N	N	N	N	N	N	N	N	N	N	N	N	inf	inf	inf	inf	inf	inf	inf	inf	inf	71.4333	24.7551	8470.6981	0.2436	0.0920	265.7859	147.8818	51.5152	8934.1988	0.0000	0.0000	0.0000	0.0000	0.0000	0.0000	0.0000	0.0000	0.0000	1.9016	-0.8088	-0.0000	18.4448	9.0059	2.9074	4.3814	1.4877	0.9866	1.8761	0.0051	0.0019	0.0031	2.8577	0.9847	1.8730	0.0000	0.0000	0.0000	0.0000	0.0000	0.0000	0.0000	0.0000	0.0000	0.0401	0.0399	0.0002	0.0208	0.0207	0.0000	0.0193	0.0191	0.0002	0.0117	0.0102	0.0014	0.0059	0.0058	0.0001	0.0057	0.0044	0.0013	
25	39	43	61	0.3739	7	3	2	2	0	0	0	0	0	N	N	N	N	N	N	N	N	N	N	N	N	inf	inf	inf	inf	inf	inf	inf	inf	inf	217.7960	75.0587	24157.1594	0.7394	0.2777	823.6414	452.9419	156.9884	25364.3254	0.0000	0.0000	0.0000	0.0000	0.0000	0.0000	0.0000	0.0000	0.0000	1.9190	-0.7982	-0.0000	18.4448	9.0059	2.9074	4.3814	1.4877	0.9750	1.8710	0.0050	0.0019	0.0031	2.8409	0.9731	1.8678	0.0000	0.0000	0.0000	0.0000	0.0000	0.0000	0.0000	0.0000	0.0000	0.0131	0.0130	0.0001	0.0068	0.0068	0.0000	0.0063	0.0062	0.0001	0.0019	0.0017	0.0002	0.0009	0.0009	0.0000	0.0010	0.0008	0.0002	
25	39	47	59	0.3886	6	2	3	2	0	0	0	0	0	N	N	N	N	N	N	N	N	N	N	N	N	240252548.7363	50928477.7520	inf	209498.8521	101626.3205	inf	inf	inf	inf	89.1179	22.7637	4357.9694	0.2242	0.1174	84.4558	98.3316	25.1480	4391.4495	0.0000	0.0000	0.0000	0.0000	0.0000	0.0000	0.0000	0.0000	0.0000	2.9758	0.0000	-0.7506	-0.0000	18.4448	9.0059	14.9713	4.3814	3.9632	0.9969	2.9664	0.0009	0.0005	0.0004	3.9623	0.9964	2.9659	0.0000	0.0000	0.0000	0.0000	0.0000	0.0000	0.0000	0.0000	0.0000	0.0445	0.0438	0.0007	0.0042	0.0042	0.0000	0.0403	0.0396	0.0007	0.0062	0.0052	0.0011	0.0022	0.0020	0.0002	0.0041	0.0032	0.0009
25	39	47	61	0.3886	6	3	2	3	0	0	0	0	0	N	N	N	N	N	N	N	N	N	N	N	N	inf	inf	inf	inf	inf	inf	inf	inf	inf	281.5920	71.6140	11710.3610	0.7816	0.4080	243.8370	307.6028	78.3309	11793.6486	0.0000	0.0000	0.0000	0.0000	0.0000	0.0000	0.0000	0.0000	0.0000	3.0043	-0.7401	-0.0000	18.4448	9.0059	5.9927	4.3814	2.0491	0.9851	2.9596	0.0009	0.0005	0.0004	3.9438	0.9846	2.9592	0.0000	0.0000	0.0000	0.0000	0.0000	0.0000	0.0000	0.0000	0.0000	0.0140	0.0138	0.0003	0.0012	0.0012	0.0000	0.0128	0.0126	0.0003	0.0010	0.0008	0.0002	0.0003	0.0003	0.0000	0.0007	0.0005	0.0001	
25	39	59	61	0.3739	6	3	2	2	0	0	0	0	0	N	N	N	N	N	N	N	N	N	N	N	N	inf	inf	inf	0.0000	0.0000	0.0000	inf	inf	inf	126.9885	32.2372	6114.8401	0.0000	0.0000	0.0000	142.3333	36.1961	6170.2750	0.0000	0.0000	0.0000	0.0000	0.0000	0.0000	0.0000	0.0000	0.0000	3.0015	-0.7419	0.0000	18.4448	9.0059	15.6457	4.3814	33.2903	0.9874	2.9637	0.0000	0.0000	0.0000	3.9511	0.9874	2.9637	0.0000	0.0000	0.0000	0.0000	0.0000	0.0000	0.0000	0.0000	0.0000	0.0311	0.0306	0.0005	0.0034	0.0034	0.0000	0.0278	0.0273	0.0005	0.0032	0.0026	0.0005	0.0008	0.0008	0.0001	0.0023	0.0019	0.0005	
25	43	47	53	0.3886	7	1	4	1	0	0	0	0	0	N	Y	N	N	N	N	N	N	N	N	N	N	inf	inf	inf	inf	inf	inf	inf	inf	inf	187.9882	65.1879	20752.0287	0.7580	0.3043	809.2540	388.0474	135.2973	21775.1774	0.0000	0.0000	0.0000	0.0000	0.0000	0.0000	0.0000	0.0000	0.0000	1.9010	-0.8076	-0.0000	18.4448	2.9074	5.9927	1.4877	2.0491	0.9851	1.8727	0.0060	0.0024	0.0036	2.8519	0.9827	1.8692	0.0000	0.0000	0.0000	0.0000	0.0000	0.0000	0.0000	0.0000	0.0000	0.0152	0.0151	0.0001	0.0079	0.0078	0.0000	0.0073	0.0073	0.0001	0.0034	0.0030	0.0004	0.0017	0.0017	0.0000	0.0016	0.0013	0.0004	
25	43	47	59	0.3886	7	1	4	1	0	0	0	0	0	N	Y	N	N	N	N	N	N	N	N	N	N	14552924.3956	4433160.8649	inf	31920.6956	12469.2142	inf	inf	inf	inf	101.9563	35.3453	11789.2099	0.4126	0.1656	435.7829	209.6501	73.0521	12405.4430	0.0000	0.0000	0.0000	0.0000	0.0000	0.0000	0.0000	0.0000	0.0000	1.9010	0.0000	-0.8076	-0.0000	18.4448	2.9074	14.9713	1.4877	2.8579	0.9851	1.8728	0.0060	0.0024	0.0036	2.8519	0.9827	1.8692	0.0000	0.0000	0.0000	0.0000	0.0000	0.0000	0.0000	0.0000	0.0000	0.0280	0.0279	0.0002	0.0144	0.0144	0.0000	0.0136	0.0135	0.0002	0.0078	0.0068	0.0009	0.0042	0.0041	0.0001	0.0036	0.0027	0.0008
25	43	47	61	0.3886	7	2	3	2	0	0	0	0	0	N	N	N	N	N	N	N	N	N	N	N	N	inf	inf	inf	inf	inf	inf	inf	inf	inf	310.8760	107.1813	33336.2117	1.2516	0.5000	1343.7051	642.1202	222.6437	34920.4562	0.0000	0.0000	0.0000	0.0000	0.0000	0.0000	0.0000	0.0000	0.0000	1.9184	-0.7970	-0.0000	18.4448	2.9074	5.9927	1.4877	2.0491	0.9735	1.8676	0.0059	0.0024	0.0036	2.8352	0.9712	1.8640	0.0000	0.0000	0.0000	0.0000	0.0000	0.0000	0.0000	0.0000	0.0000	0.0091	0.0091	0.0001	0.0047	0.0047	0.0000	0.0044	0.0044	0.0001	0.0013	0.0011	0.0002	0.0007	0.0007	0.0000	0.0006	0.0005	0.0001	
25	43	53	59	0.3442	6	1	4	0	0	0	0	0	0	N	Y	N	N	N	N	N	N	N	N	N	N	inf	inf	inf	inf	inf	inf	inf	inf	inf	88.7461	30.7711	10324.6889	0.3028	0.1144	331.1553	183.6780	64.0262	10876.2974	0.0000	0.0000	0.0000	0.0000	0.0000	0.0000	0.0000	0.0000	0.0000	1.9004	-0.8095	-0.0000	18.4448	2.9074	6.9987	1.4877	4.9999	0.9874	1.8765	0.0051	0.0019	0.0031	2.8588	0.9855	1.8733	0.0000	0.0000	0.0000	0.0000	0.0000	0.0000	0.0000	0.0000	0.0000	0.0323	0.0321	0.0002	0.0167	0.0167	0.0000	0.0156	0.0154	0.0002	0.0107	0.0094	0.0013	0.0054	0.0053	0.0001	0.0052	0.0041	0.0012	
25	43	53	61	0.3739	7	2	3	1	0	0	0	0	0	N	N	N	N	N	N	N	N	N	N	N	N	inf	inf	inf	inf	inf	inf	inf	inf	inf	270.6294	93.3197	29311.3407	0.9192	0.3454	1022.5960	562.5461	195.1171	30739.9863	0.0000	0.0000	0.0000	0.0000	0.0000	0.0000	0.0000	0.0000	0.0000	1.9177	-0.7989	0.0000	18.4448	2.9074	6.9987	1.4877	4.9999	0.9758	1.8713	0.0050	0.0019	0.0031	2.8421	0.9739	1.8682	0.0000	0.0000	0.0000	0.0000	0.0000	0.0000	0.0000	0.0000	0.0000	0.0105	0.0105	0.0001	0.0055	0.0055	0.0000	0.0051	0.0050	0.0001	0.0018	0.0016	0.0002	0.0009	0.0009	0.0000	0.0009	0.0007	0.0002	
25	43	59	61	0.3739	7	2	3	1	0	0	0	0	0	N	N	N	N	N	N	N	N	N	N	N	N	inf	inf	inf	inf	inf	inf	inf	inf	inf	146.6848	50.5654	16697.1324	0.4997	0.1877	552.3737	303.9439	105.3520	17559.3523	0.0000	0.0000	0.0000	0.0000	0.0000	0.0000	0.0000	0.0000	0.0000	1.9177	-0.7989	0.0000	18.4448	2.9074	15.6457	1.4877	33.2903	0.9758	1.8713	0.0050	0.0019	0.0031	2.8421	0.9739	1.8682	0.0000	0.0000	0.0000	0.0000	0.0000	0.0000	0.0000	0.0000	0.0000	0.0194	0.0193	0.0001	0.0101	0.0101	0.0000	0.0094	0.0092	0.0001	0.0040	0.0036	0.0005	0.0021	0.0020	0.0000	0.0020	0.0015	0.0004	
25	47	53	59	0.3886	6	1	4	1	0	0	0	0	0	N	Y	N	N	N	N	N	N	N	N	N	N	inf	inf	inf	inf	inf	inf	inf	inf	inf	110.9035	28.3564	5261.2207	0.2822	0.1478	105.6827	122.2292	31.2914	5300.1858	0.0000	0.0000	0.0000	0.0000	0.0000	0.0000	0.0000	0.0000	0.0000	2.9737	-0.7514	-0.0000	18.4448	5.9927	6.9987	2.0491	4.9999	0.9977	2.9668	0.0009	0.0005	0.0004	3.9636	0.9972	2.9664	0.0000	0.0000	0.0000	0.0000	0.0000	0.0000	0.0000	0.0000	0.0000	0.0357	0.0352	0.0006	0.0033	0.0033	0.0000	0.0324	0.0319	0.0006	0.0057	0.0047	0.0010	0.0020	0.0018	0.0001	0.0037	0.0029	0.0008	
25	47	53	61	0.3886	6	2	3	2	0	0	0	0	0	N	N	N	N	N	N	N	N	N	N	N	N	inf	inf	inf	inf	inf	inf	inf	inf	inf	350.3120	89.1892	14108.6019	0.9833	0.5134	304.5345	382.2861	97.4602	14205.3210	0.0000	0.0000	0.0000	0.0000	0.0000	0.0000	0.0000	0.0000	0.0000	3.0023	-0.7408	0.0000	18.4448	5.9927	6.9987	2.0491	4.9999	0.9859	2.9601	0.0009	0.0005	0.0004	3.9451	0.9855	2.9596	0.0000	0.0000	0.0000	0.0000	0.0000	0.0000	0.0000	0.0000	0.0000	0.0113	0.0111	0.0002	0.0009	0.0009	0.0000	0.0103	0.0101	0.0002	0.0009	0.0007	0.0002	0.0003	0.0002	0.0000	0.0006	0.0005	0.0001	
25	47	59	61	0.3886	6	2	3	2	0	0	0	0	0	N	N	N	N	N	N	N	N	N	N	N	N	inf	inf	inf	inf	inf	inf	inf	inf	inf	184.1884	46.7933	8368.6519	0.4742	0.2475	176.8516	202.6749	51.5569	8427.2856	0.0000	0.0000	0.0000	0.0000	0.0000	0.0000	0.0000	0.0000	0.0000	3.0023	-0.7408	0.0000	18.4448	5.9927	15.6457	2.0491	33.2903	0.9859	2.9601	0.0009	0.0005	0.0004	3.9451	0.9855	2.9596	0.0000	0.0000	0.0000	0.0000	0.0000	0.0000	0.0000	0.0000	0.0000	0.0214	0.0211	0.0004	0.0020	0.0020	0.0000	0.0195	0.0191	0.0004	0.0022	0.0018	0.0004	0.0008	0.0007	0.0001	0.0014	0.0011	0.0003	
25	53	59	61	0.3739	6	2	3	1	0	0	0	0	0	N	N	N	N	N	N	N	N	N	N	N	N	inf	inf	inf	0.0000	0.0000	0.0000	inf	inf	inf	158.0268	40.1566	7380.8664	0.0000	0.0000	0.0000	176.9118	45.0362	7445.5520	0.0000	0.0000	0.0000	0.0000	0.0000	0.0000	0.0000	0.0000	0.0000	2.9995	-0.7427	0.0000	18.4448	6.9987	15.6457	4.9999	33.2903	0.9882	2.9641	0.0000	0.0000	0.0000	3.9524	0.9882	2.9641	0.0000	0.0000	0.0000	0.0000	0.0000	0.0000	0.0000	0.0000	0.0000	0.0250	0.0246	0.0004	0.0027	0.0027	0.0000	0.0223	0.0219	0.0004	0.0029	0.0024	0.0005	0.0008	0.0007	0.0000	0.0022	0.0017	0.0004	
26	28	43	47	0.3784	8	0	4	2	1	0	0	0	0	N	Y	N	N	N	N	N	N	N	N	N	N	216364074.4836	0.0000	inf	540160.6644	0.0000	inf	inf	0.0000	inf	308.1178	0.0000	43531.7220	1.5958	0.0000	2814.0887	617.0486	0.0000	45237.8208	0.0000	0.0000	0.0000	0.0000	0.0000	0.0000	0.0000	0.0000	0.0000	inf	0.0000	0.1199	-0.0000	9.0013	5.0068	6.1061	1.9864	1.9294	0.0000	1.9294	0.0050	0.0000	0.0050	1.9244	0.0000	1.9244	0.0000	0.0000	0.0000	0.0000	0.0000	0.0000	0.0000	0.0000	0.0000	0.0063	0.0062	0.0000	0.0031	0.0031	0.0000	0.0031	0.0031	0.0000	0.0013	0.0011	0.0002	0.0006	0.0006	0.0000	0.0007	0.0005	0.0001
26	28	43	59	0.3661	7	0	4	1	1	0	0	0	0	N	Y	N	N	N	N	N	N	N	N	N	N	719346.4426	0.0000	inf	1467.8387	0.0000	inf	inf	0.0000	inf	142.8030	0.0000	22174.6207	0.5969	0.0000	1112.1245	290.2421	0.0000	23107.6923	0.0002	0.0002	0.0000	0.0004	0.0004	0.0000	0.0000	0.0000	0.0000	inf	0.0000	0.1202	-0.0000	9.0013	5.0068	6.1061	1.9864	1.9354	0.0000	1.9354	0.0041	0.0000	0.0041	1.9313	0.0000	1.9313	0.0000	0.0000	0.0000	0.0000	0.0000	0.0000	0.0000	0.0000	0.0000	0.0136	0.0135	0.0001	0.0069	0.0069	0.0000	0.0067	0.0066	0.0001	0.0039	0.0034	0.0004	0.0019	0.0019	0.0000	0.0020	0.0016	0.0004
26	28	43	73	0.3661	7	0	4	1	1	0	0	0	0	N	Y	N	N	N	N	N	N	N	N	N	N	43234231.6388	0.0000	inf	85286.0601	0.0000	inf	inf	0.0000	inf	185.9121	0.0000	30673.5582	0.7324	0.0000	1369.0172	403.3436	0.0000	32140.4367	0.0000	0.0000	0.0000	0.0000	0.0000	0.0000	0.0000	0.0000	0.0000	inf	0.0000	0.1186	-0.0000	9.0013	5.0068	6.1061	1.9864	1.9091	0.0000	1.9091	0.0041	0.0000	0.0041	1.9050	0.0000	1.9050	0.0000	0.0000	0.0000	0.0000	0.0000	0.0000	0.0000	0.0000	0.0000	0.0103	0.0102	0.0001	0.0055	0.0055	0.0000	0.0047	0.0047	0.0001	0.0032	0.0028	0.0004	0.0016	0.0016	0.0000	0.0016	0.0012	0.0003
26	28	47	59	0.3784	8	0	4	2	1	0	0	0	0	N	Y	N	N	N	N	N	N	N	N	N	N	287885.6675	0.0000	inf	582.9369	0.0000	inf	inf	0.0000	inf	199.4915	0.0000	10475.8258	1.2635	0.0000	1125.9769	215.2772	0.0000	10516.6412	0.0007	0.0008	0.0000	0.0022	0.0023	0.0000	0.0000	0.0000	0.0000	inf	0.0000	0.1850	-0.0000	9.0013	5.0068	6.1061	1.9864	2.9786	0.0000	2.9786	0.0014	0.0000	0.0014	2.9772	0.0000	2.9772	0.0000	0.0000	0.0000	0.0000	0.0000	0.0000	0.0000	0.0000	0.0000	0.0149	0.0146	0.0003	0.0011	0.0011	0.0000	0.0138	0.0135	0.0003	0.0020	0.0017	0.0003	0.0006	0.0006	0.0000	0.0014	0.0011	0.0003
26	28	47	73	0.3784	8	0	4	2	1	0	0	0	0	N	Y	N	N	N	N	N	N	N	N	N	N	15558830.6915	0.0000	inf	18373.7127	0.0000	inf	inf	0.0000	inf	275.4469	0.0000	14166.1979	1.1865	0.0000	841.6893	308.6475	0.0000	14271.3359	0.0000	0.0000	0.0000	0.0001	0.0001	0.0000	0.0000	0.0000	0.0000	inf	0.0000	0.1833	-0.0000	9.0013	5.0068	6.1061	1.9864	2.9507	0.0000	2.9507	0.0014	0.0000	0.0014	2.9493	0.0000	2.9493	0.0000	0.0000	0.0000	0.0000	0.0000	0.0000	0.0000	0.0000	0.0000	0.0107	0.0105	0.0002	0.0012	0.0012	0.0000	0.0096	0.0093	0.0002	0.0015	0.0012	0.0002	0.0004	0.0004	0.0000	0.0011	0.0009	0.0002
26	28	59	73	0.3644	7	0	4	1	1	0	0	0	0	N	Y	N	N	N	N	N	N	N	N	N	N	58953.0281	0.0000	inf	12.8876	0.0000	inf	inf	0.0000	inf	126.5798	0.0000	7466.1300	0.1544	0.0000	129.9619	144.3138	0.0000	7529.9334	0.0021	0.0026	0.0000	0.0120	0.0125	0.0000	0.0000	0.0000	0.0000	inf	0.0000	0.1837	-0.0000	9.0013	5.0068	6.1061	1.9864	2.9570	0.0000	2.9570	0.0004	0.0000	0.0004	2.9566	0.0000	2.9566	0.0000	0.0000	0.0000	0.0000	0.0000	0.0000	0.0000	0.0000	0.0000	0.0234	0.0230	0.0004	0.0029	0.0029	0.0000	0.0205	0.0201	0.0004	0.0049	0.0040	0.0008	0.0009	0.0008	0.0000	0.0040	0.0032	0.0008
26	42	43	47	0.3770	7	0	3	1	0	0	0	0	0	N	N	N	N	N	N	N	N	N	N	N	N	12750677.8817	0.0000	inf	26178.1899	0.0000	inf	inf	0.0000	inf	193.9423	0.0000	32185.4622	0.7707	0.0000	1423.6568	406.7237	0.0000	33705.5226	0.0000	0.0000	0.0000	0.0000	0.0000	0.0000	0.0000	0.0000	0.0000	inf	0.0000	0.1775	-0.0000	9.0013	12.7198	6.1061	12.5308	2.8579	0.0000	2.8579	0.0060	0.0000	0.0060	2.8519	0.0000	2.8519	0.0000	0.0000	0.0000	0.0000	0.0000	0.0000	0.0000	0.0000	0.0000	0.0147	0.0146	0.0001	0.0077	0.0077	0.0000	0.0070	0.0069	0.0001	0.0036	0.0031	0.0004	0.0018	0.0018	0.0000	0.0017	0.0013	0.0004
26	42	43	59	0.3661	6	0	3	0	0	0	0	0	0	N	N	N	N	N	N	N	N	N	N	N	N	44919.4847	0.0000	inf	77.4571	0.0000	inf	inf	0.0000	inf	92.4639	0.0000	16109.0330	0.3115	0.0000	562.4742	194.0196	0.0000	16937.3411	0.0021	0.0023	0.0000	0.0040	0.0041	0.0000	0.0000	0.0000	0.0000	inf	0.0000	0.1779	-0.0000	9.0013	12.7198	6.1061	12.5308	2.8639	0.0000	2.8639	0.0051	0.0000	0.0051	2.8588	0.0000	2.8588	0.0000	0.0000	0.0000	0.0000	0.0000	0.0000	0.0000	0.0000	0.0000	0.0310	0.0308	0.0002	0.0162	0.0162	0.0000	0.0147	0.0146	0.0002	0.0112	0.0098	0.0014	0.0057	0.0056	0.0001	0.0054	0.0042	0.0012
26	42	43	61	0.3661	7	1	2	1	0	0	0	0	0	N	N	N	N	N	N	N	N	N	N	N	N	inf	inf	inf	inf	inf	inf	inf	inf	inf	279.4877	0.1207	45273.9922	0.9365	0.0004	1725.9663	589.6415	0.2563	47388.3627	0.0000	0.0000	0.0000	0.0000	0.0000	0.0000	0.0000	0.0000	0.0000	2328.1191	0.1756	0.0000	9.0013	12.7198	2.9074	12.5308	1.4877	0.0012	2.8459	0.0050	0.0000	0.0050	2.8421	0.0012	2.8408	0.0000	0.0000	0.0000	0.0000	0.0000	0.0000	0.0000	0.0000	0.0000	0.0102	0.0101	0.0001	0.0054	0.0054	0.0000	0.0048	0.0048	0.0001	0.0019	0.0017	0.0002	0.0009	0.0009	0.0000	0.0010	0.0007	0.0002	
26	42	47	59	0.3483	6	0	3	1	0	0	0	0	0	N	N	N	N	N	N	N	N	N	N	N	N	16255.4429	0.0000	inf	13.2664	0.0000	inf	inf	0.0000	inf	116.3712	0.0000	7061.6842	0.2793	0.0000	239.0444	129.0503	0.0000	7109.6563	0.0072	0.0086	0.0000	0.0211	0.0227	0.0000	0.0000	0.0000	0.0000	inf	0.0000	0.2463	-0.0000	9.0013	12.7198	6.1061	12.5308	3.9645	0.0000	3.9645	0.0009	0.0000	0.0009	3.9636	0.0000	3.9636	0.0000	0.0000	0.0000	0.0000	0.0000	0.0000	0.0000	0.0000	0.0000	0.0341	0.0335	0.0006	0.0034	0.0034	0.0000	0.0307	0.0302	0.0006	0.0059	0.0049	0.0010	0.0020	0.0018	0.0001	0.0039	0.0030	0.0009
26	42	47	61	0.3483	6	1	2	2	0	0	0	0	0	N	N	N	N	N	N	N	N	N	N	N	N	inf	inf	inf	inf	inf	inf	inf	inf	inf	365.8809	0.1169	18823.0447	0.9605	0.0006	683.4644	401.8229	0.1286	18941.3582	0.0000	0.0000	0.0000	0.0000	0.0000	0.0000	0.0000	0.0000	0.0000	3190.9618	0.2439	0.0000	9.0013	12.7198	5.9927	12.5308	2.0491	0.0012	3.9448	0.0009	0.0000	0.0009	3.9451	0.0012	3.9438	0.0000	0.0000	0.0000	0.0000	0.0000	0.0000	0.0000	0.0000	0.0000	0.0108	0.0106	0.0002	0.0010	0.0010	0.0000	0.0098	0.0096	0.0002	0.0009	0.0008	0.0002	0.0003	0.0002	0.0000	0.0007	0.0005	0.0001	
26	42	59	61	0.3337	6	1	2	1	0	0	0	0	0	N	N	N	N	N	N	N	N	N	N	N	N	inf	inf	inf	0.0000	0.0000	0.0000	inf	inf	inf	166.0164	0.0529	9880.7337	0.0000	0.0000	0.0000	186.7956	0.0597	9960.5846	0.0000	0.0000	0.0000	0.0000	0.0000	0.0000	0.0000	0.0000	0.0000	3188.5976	0.2443	0.0000	9.0013	12.7198	15.6457	12.5308	33.2903	0.0012	3.9511	0.0000	0.0000	0.0000	3.9524	0.0012	3.9511	0.0000	0.0000	0.0000	0.0000	0.0000	0.0000	0.0000	0.0000	0.0000	0.0238	0.0234	0.0004	0.0026	0.0026	0.0000	0.0212	0.0208	0.0004	0.0030	0.0025	0.0005	0.0008	0.0007	0.0000	0.0022	0.0018	0.0005	
26	43	47	59	0.3770	7	0	4	1	0	0	0	0	0	N	Y	N	N	N	N	N	N	N	N	N	N	267105.5976	0.0000	inf	562.1144	0.0000	inf	inf	0.0000	inf	183.8410	0.0000	28521.5351	0.7610	0.0000	1533.7531	369.6865	0.0000	29610.2483	0.0007	0.0008	0.0000	0.0014	0.0014	0.0000	0.0000	0.0000	0.0000	inf	0.0000	0.1792	-0.0000	9.0013	2.9074	6.1061	1.4877	2.8851	0.0000	2.8851	0.0060	0.0000	0.0060	2.8791	0.0000	2.8791	0.0000	0.0000	0.0000	0.0000	0.0000	0.0000	0.0000	0.0000	0.0000	0.0157	0.0156	0.0001	0.0079	0.0079	0.0000	0.0078	0.0077	0.0001	0.0045	0.0039	0.0006	0.0023	0.0022	0.0001	0.0022	0.0017	0.0005
26	43	47	61	0.3770	7	1	3	2	0	0	0	0	0	N	N	N	N	N	N	N	N	N	N	N	N	inf	inf	inf	inf	inf	inf	inf	inf	inf	570.6453	0.2446	78782.3607	2.3751	0.0012	4482.4625	1140.1734	0.4918	81606.1868	0.0000	0.0000	0.0000	0.0000	0.0000	0.0000	0.0000	0.0000	0.0000	2349.3842	0.1770	0.0000	9.0013	2.9074	5.9927	1.4877	2.0491	0.0012	2.8670	0.0060	0.0000	0.0060	2.8623	0.0012	2.8610	0.0000	0.0000	0.0000	0.0000	0.0000	0.0000	0.0000	0.0000	0.0000	0.0050	0.0050	0.0000	0.0025	0.0025	0.0000	0.0025	0.0025	0.0000	0.0008	0.0007	0.0001	0.0004	0.0004	0.0000	0.0004	0.0003	0.0001	
26	43	47	73	0.3770	7	0	4	1	0	0	0	0	0	N	Y	N	N	N	N	N	N	N	N	N	N	16077911.7858	0.0000	inf	32502.4598	0.0000	inf	inf	0.0000	inf	241.8167	0.0000	39708.3614	0.9464	0.0000	1827.4003	515.7982	0.0000	41504.0501	0.0000	0.0000	0.0000	0.0000	0.0000	0.0000	0.0000	0.0000	0.0000	inf	0.0000	0.1775	-0.0000	9.0013	2.9074	6.1061	1.4877	2.8579	0.0000	2.8579	0.0060	0.0000	0.0060	2.8519	0.0000	2.8519	0.0000	0.0000	0.0000	0.0000	0.0000	0.0000	0.0000	0.0000	0.0000	0.0118	0.0117	0.0001	0.0063	0.0063	0.0000	0.0055	0.0055	0.0001	0.0036	0.0032	0.0004	0.0019	0.0018	0.0000	0.0018	0.0013	0.0004
26	43	59	61	0.3661	7	1	3	1	0	0	0	0	0	N	N	N	N	N	N	N	N	N	N	N	N	inf	inf	inf	inf	inf	inf	inf	inf	inf	262.5072	0.1124	40055.2835	0.9079	0.0004	1750.4097	535.6092	0.2309	41668.8611	0.0000	0.0000	0.0000	0.0000	0.0000	0.0000	0.0000	0.0000	0.0000	2348.8325	0.1773	0.0000	9.0013	2.9074	15.6457	1.4877	33.2903	0.0012	2.8731	0.0051	0.0000	0.0051	2.8692	0.0012	2.8680	0.0000	0.0000	0.0000	0.0000	0.0000	0.0000	0.0000	0.0000	0.0000	0.0109	0.0109	0.0001	0.0056	0.0056	0.0000	0.0054	0.0053	0.0001	0.0023	0.0021	0.0003	0.0011	0.0011	0.0000	0.0012	0.0010	0.0003	
26	43	59	73	0.3661	6	0	4	0	0	0	0	0	0	N	Y	N	N	N	N	N	N	N	N	N	N	57325.9023	0.0000	inf	97.4888	0.0000	inf	inf	0.0000	inf	116.4939	0.0000	19988.8448	0.3872	0.0000	724.5947	248.1613	0.0000	20975.5449	0.0020	0.0023	0.0000	0.0040	0.0041	0.0000	0.0000	0.0000	0.0000	inf	0.0000	0.1779	-0.0000	9.0013	2.9074	6.1061	1.4877	2.8639	0.0000	2.8639	0.0051	0.0000	0.0051	2.8588	0.0000	2.8588	0.0000	0.0000	0.0000	0.0000	0.0000	0.0000	0.0000	0.0000	0.0000	0.0246	0.0244	0.0001	0.0131	0.0131	0.0000	0.0115	0.0114	0.0001	0.0113	0.0099	0.0014	0.0058	0.0057	0.0001	0.0055	0.0043	0.0013
26	43	61	73	0.3661	7	1	3	1	0	0	0	0	0	N	N	N	N	N	N	N	N	N	N	N	N	inf	inf	inf	inf	inf	inf	inf	inf	inf	348.8161	0.1507	55815.9086	1.1523	0.0005	2215.5389	747.8140	0.3252	58310.5539	0.0000	0.0000	0.0000	0.0000	0.0000	0.0000	0.0000	0.0000	0.0000	2328.1191	0.1756	0.0000	9.0013	2.9074	3.9822	1.4877	0.0090	0.0012	2.8459	0.0050	0.0000	0.0050	2.8421	0.0012	2.8408	0.0000	0.0000	0.0000	0.0000	0.0000	0.0000	0.0000	0.0000	0.0000	0.0082	0.0081	0.0001	0.0044	0.0044	0.0000	0.0038	0.0038	0.0000	0.0019	0.0017	0.0002	0.0009	0.0009	0.0000	0.0010	0.0008	0.0002	
26	47	59	61	0.3109	3	1	3	2	0	0	0	0	0	N	N	N	N	N	N	N	N	N	N	N	N	inf	inf	inf	inf	inf	inf	inf	inf	inf	325.7524	0.1034	16881.9882	0.9526	0.0006	786.3814	354.3853	0.1126	16964.2412	0.0000	0.0000	0.0000	0.0000	0.0000	0.0000	0.0000	0.0000	0.0000	3212.0556	0.2457	0.0000	9.0013	5.9927	15.6457	2.0491	33.2903	0.0012	3.9736	0.0009	0.0000	0.0009	3.9739	0.0012	3.9726	0.0000	0.0000	0.0000	0.0000	0.0000	0.0000	0.0000	0.0000	0.0000	0.0122	0.0120	0.0002	0.0010	0.0010	0.0000	0.0112	0.0110	0.0002	0.0013	0.0011	0.0002	0.0004	0.0003	0.0000	0.0009	0.0007	0.0002	
26	47	59	73	0.3110	6	0	4	1	0	0	0	0	0	N	Y	N	N	N	N	N	N	N	N	N	N	20939.3923	0.0000	inf	15.9916	0.0000	inf	inf	0.0000	inf	147.7043	0.0000	8642.2727	0.3311	0.0000	312.6151	165.0723	0.0000	8697.0569	0.0071	0.0085	0.0000	0.0207	0.0223	0.0000	0.0000	0.0000	0.0000	inf	0.0000	0.2463	-0.0000	9.0013	5.9927	6.1061	2.0491	3.9645	0.0000	3.9645	0.0009	0.0000	0.0009	3.9636	0.0000	3.9636	0.0000	0.0000	0.0000	0.0000	0.0000	0.0000	0.0000	0.0000	0.0000	0.0268	0.0264	0.0005	0.0028	0.0028	0.0000	0.0240	0.0236	0.0005	0.0059	0.0049	0.0010	0.0020	0.0019	0.0001	0.0039	0.0030	0.0009
26	47	61	73	0.2825	6	1	3	2	0	0	0	0	0	N	N	N	N	N	N	N	N	N	N	N	N	inf	inf	inf	inf	inf	inf	inf	inf	inf	462.0959	0.1477	22966.9386	1.1241	0.0007	890.6465	511.4744	0.1638	23101.7035	0.0000	0.0000	0.0000	0.0000	0.0000	0.0000	0.0000	0.0000	0.0000	3190.9618	0.2439	0.0000	9.0013	5.9927	3.9822	2.0491	0.0090	0.0012	3.9448	0.0009	0.0000	0.0009	3.9451	0.0012	3.9438	0.0000	0.0000	0.0000	0.0000	0.0000	0.0000	0.0000	0.0000	0.0000	0.0085	0.0084	0.0002	0.0008	0.0008	0.0000	0.0077	0.0075	0.0002	0.0009	0.0008	0.0002	0.0003	0.0002	0.0000	0.0007	0.0005	0.0001	
26	59	61	73	0.3110	6	1	3	1	0	0	0	0	0	N	N	N	N	N	N	N	N	N	N	N	N	inf	inf	inf	0.0000	0.0000	0.0000	inf	inf	inf	210.9352	0.0673	12089.9602	0.0000	0.0000	0.0000	238.9520	0.0764	12180.9603	0.0000	0.0000	0.0000	0.0000	0.0000	0.0000	0.0000	0.0000	0.0000	3188.5976	0.2443	0.0000	9.0013	15.6457	3.9822	33.2903	0.0090	0.0012	3.9511	0.0000	0.0000	0.0000	3.9524	0.0012	3.9511	0.0000	0.0000	0.0000	0.0000	0.0000	0.0000	0.0000	0.0000	0.0000	0.0187	0.0184	0.0003	0.0022	0.0022	0.0000	0.0165	0.0162	0.0003	0.0030	0.0025	0.0005	0.0008	0.0007	0.0000	0.0023	0.0018	0.0005	
28	39	47	61	0.3784	8	2	2	4	1	0	0	0	0	N	N	Y	N	N	N	N	N	N	N	N	N	inf	inf	inf	inf	inf	inf	inf	inf	inf	633.1916	0.4469	27623.4450	4.8242	0.0052	4282.5239	674.1181	0.4763	27693.7713	0.0000	0.0000	0.0000	0.0000	0.0000	0.0000	0.0000	0.0000	0.0000	1449.1669	0.1818	-0.0000	5.0068	9.0059	5.9927	4.3814	2.0491	0.0020	2.9567	0.0014	0.0000	0.0014	2.9574	0.0020	2.9554	0.0000	0.0000	0.0000	0.0000	0.0000	0.0000	0.0000	0.0000	0.0000	0.0047	0.0046	0.0001	0.0003	0.0003	0.0000	0.0044	0.0043	0.0001	0.0003	0.0003	0.0000	0.0001	0.0001	0.0000	0.0002	0.0002	0.0000	
28	43	47	53	0.3784	8	0	4	2	1	0	0	0	0	N	Y	N	N	N	N	N	N	N	N	N	N	inf	0.0000	inf	inf	0.0000	inf	inf	0.0000	inf	382.1369	0.0000	52599.3835	1.9794	0.0000	3482.1487	765.1891	0.0000	54607.0573	0.0000	0.0000	0.0000	0.0000	0.0000	0.0000	0.0000	0.0000	0.0000	inf	0.1199	-0.0000	5.0068	2.9074	5.9927	1.4877	2.0491	0.0000	1.9294	0.0050	0.0000	0.0050	1.9244	0.0000	1.9244	0.0000	0.0000	0.0000	0.0000	0.0000	0.0000	0.0000	0.0000	0.0000	0.0050	0.0050	0.0000	0.0025	0.0025	0.0000	0.0025	0.0025	0.0000	0.0011	0.0009	0.0001	0.0005	0.0005	0.0000	0.0006	0.0004	0.0001	
28	43	47	59	0.3784	8	0	4	2	1	0	0	0	0	N	Y	N	N	N	N	N	N	N	N	N	N	263124687.2800	0.0000	inf	691977.8312	0.0000	inf	inf	0.0000	inf	202.9123	0.0000	30515.0629	1.0416	0.0000	1943.2731	410.0716	0.0000	31731.0991	0.0000	0.0000	0.0000	0.0000	0.0000	0.0000	0.0000	0.0000	0.0000	inf	0.0000	0.1199	-0.0000	5.0068	2.9074	1.9864	1.4877	1.9294	0.0000	1.9294	0.0050	0.0000	0.0050	1.9244	0.0000	1.9244	0.0000	0.0000	0.0000	0.0000	0.0000	0.0000	0.0000	0.0000	0.0000	0.0095	0.0094	0.0001	0.0048	0.0048	0.0000	0.0047	0.0046	0.0001	0.0024	0.0021	0.0003	0.0012	0.0012	0.0000	0.0011	0.0009	0.0002
28	43	47	73	0.3784	8	0	4	2	1	0	0	0	0	N	Y	N	N	N	N	N	N	N	N	N	N	30516742.6117	0.0000	inf	76227.3438	0.0000	inf	inf	0.0000	inf	263.6533	0.0000	41694.9991	1.2734	0.0000	2144.8283	569.5621	0.0000	43800.3738	0.0000	0.0000	0.0000	0.0000	0.0000	0.0000	0.0000	0.0000	0.0000	inf	0.0000	0.1182	0.0000	5.0068	2.9074	1.9864	1.4877	1.9032	0.0000	1.9032	0.0049	0.0000	0.0049	1.8982	0.0000	1.8982	0.0000	0.0000	0.0000	0.0000	0.0000	0.0000	0.0000	0.0000	0.0000	0.0072	0.0072	0.0000	0.0039	0.0039	0.0000	0.0033	0.0033	0.0000	0.0019	0.0017	0.0002	0.0010	0.0010	0.0000	0.0009	0.0007	0.0002
28	43	53	59	0.3340	7	0	4	1	1	0	0	0	0	N	Y	N	N	N	N	N	N	N	N	N	N	inf	0.0000	inf	inf	0.0000	inf	inf	0.0000	inf	177.1209	0.0000	26886.1634	0.7404	0.0000	1379.6254	359.9244	0.0000	27989.4456	0.0000	0.0000	0.0000	0.0000	0.0000	0.0000	0.0000	0.0000	0.0000	inf	0.1202	-0.0000	5.0068	2.9074	6.9987	1.4877	4.9999	0.0000	1.9354	0.0041	0.0000	0.0041	1.9313	0.0000	1.9313	0.0000	0.0000	0.0000	0.0000	0.0000	0.0000	0.0000	0.0000	0.0000	0.0109	0.0109	0.0001	0.0056	0.0056	0.0000	0.0054	0.0053	0.0001	0.0032	0.0029	0.0004	0.0016	0.0015	0.0000	0.0017	0.0013	0.0003	
28	43	53	73	0.3340	7	0	4	1	1	0	0	0	0	N	Y	N	N	N	N	N	N	N	N	N	N	inf	0.0000	inf	inf	0.0000	inf	inf	0.0000	inf	231.0188	0.0000	37105.5299	0.9112	0.0000	1697.1108	500.5243	0.0000	38833.0130	0.0000	0.0000	0.0000	0.0000	0.0000	0.0000	0.0000	0.0000	0.0000	inf	0.1186	-0.0000	5.0068	2.9074	6.9987	1.4877	4.9999	0.0000	1.9091	0.0041	0.0000	0.0041	1.9050	0.0000	1.9050	0.0000	0.0000	0.0000	0.0000	0.0000	0.0000	0.0000	0.0000	0.0000	0.0083	0.0082	0.0001	0.0045	0.0045	0.0000	0.0038	0.0038	0.0000	0.0027	0.0023	0.0003	0.0013	0.0013	0.0000	0.0013	0.0010	0.0003	
28	43	59	73	0.3110	6	0	4	1	1	0	0	0	0	N	Y	N	N	N	N	N	N	N	N	N	N	38028496.2254	0.0000	inf	78079.5818	0.0000	inf	inf	0.0000	inf	127.1480	0.0000	21312.7039	0.5053	0.0000	923.4032	273.0405	0.0000	22365.6569	0.0000	0.0000	0.0000	0.0000	0.0000	0.0000	0.0000	0.0000	0.0000	inf	0.0000	0.1186	-0.0000	5.0068	2.9074	1.9864	1.4877	1.9091	0.0000	1.9091	0.0041	0.0000	0.0041	1.9050	0.0000	1.9050	0.0000	0.0000	0.0000	0.0000	0.0000	0.0000	0.0000	0.0000	0.0000	0.0150	0.0149	0.0001	0.0080	0.0080	0.0000	0.0070	0.0069	0.0001	0.0059	0.0053	0.0007	0.0031	0.0030	0.0001	0.0029	0.0023	0.0006
28	47	53	59	0.3784	8	0	4	2	1	0	0	0	0	N	Y	N	N	N	N	N	N	N	N	N	N	11806030.3494	0.0000	inf	23656.8611	0.0000	inf	inf	0.0000	inf	247.8747	0.0000	12610.9501	1.5879	0.0000	1410.9250	267.2481	0.0000	12657.9123	0.0000	0.0000	0.0000	0.0001	0.0001	0.0000	0.0000	0.0000	0.0000	inf	0.0000	0.1850	-0.0000	5.0068	5.9927	1.9864	2.0491	2.9786	0.0000	2.9786	0.0014	0.0000	0.0014	2.9772	0.0000	2.9772	0.0000	0.0000	0.0000	0.0000	0.0000	0.0000	0.0000	0.0000	0.0000	0.0120	0.0118	0.0002	0.0009	0.0009	0.0000	0.0111	0.0109	0.0002	0.0017	0.0014	0.0003	0.0005	0.0005	0.0000	0.0012	0.0009	0.0002
28	47	53	73	0.3784	8	0	4	2	1	0	0	0	0	N	Y	N	N	N	N	N	N	N	N	N	N	inf	0.0000	inf	inf	0.0000	inf	inf	0.0000	inf	342.5999	0.0000	17036.7944	1.4951	0.0000	1050.6111	383.2966	0.0000	17158.2934	0.0000	0.0000	0.0000	0.0000	0.0000	0.0000	0.0000	0.0000	0.0000	inf	0.1833	-0.0000	5.0068	5.9927	6.9987	2.0491	4.9999	0.0000	2.9507	0.0014	0.0000	0.0014	2.9493	0.0000	2.9493	0.0000	0.0000	0.0000	0.0000	0.0000	0.0000	0.0000	0.0000	0.0000	0.0086	0.0084	0.0002	0.0009	0.0009	0.0000	0.0077	0.0075	0.0002	0.0012	0.0010	0.0002	0.0003	0.0003	0.0000	0.0009	0.0007	0.0002	
28	47	59	73	0.3784	8	0	4	2	1	0	0	0	0	N	Y	N	N	N	N	N	N	N	N	N	N	20125108.1115	0.0000	inf	27884.0243	0.0000	inf	inf	0.0000	inf	181.4639	0.0000	10160.1534	0.7302	0.0000	586.1476	205.0871	0.0000	10237.9743	0.0000	0.0000	0.0000	0.0000	0.0000	0.0000	0.0000	0.0000	0.0000	inf	0.0000	0.1833	-0.0000	5.0068	5.9927	1.9864	2.0491	2.9507	0.0000	2.9507	0.0014	0.0000	0.0014	2.9493	0.0000	2.9493	0.0000	0.0000	0.0000	0.0000	0.0000	0.0000	0.0000	0.0000	0.0000	0.0163	0.0160	0.0003	0.0019	0.0019	0.0000	0.0144	0.0141	0.0003	0.0030	0.0025	0.0005	0.0010	0.0010	0.0001	0.0020	0.0016	0.0004
28	53	59	73	0.3340	7	0	4	1	1	0	0	0	0	N	Y	N	N	N	N	N	N	N	N	N	N	inf	0.0000	inf	inf	0.0000	inf	inf	0.0000	inf	157.4611	0.0000	8993.2759	0.1945	0.0000	162.4300	179.2074	0.0000	9067.2725	0.0000	0.0000	0.0000	0.0000	0.0000	0.0000	0.0000	0.0000	0.0000	inf	0.1837	0.0000	5.0068	6.9987	15.6457	4.9999	33.2903	0.0000	2.9570	0.0004	0.0000	0.0004	2.9566	0.0000	2.9566	0.0000	0.0000	0.0000	0.0000	0.0000	0.0000	0.0000	0.0000	0.0000	0.0188	0.0185	0.0003	0.0023	0.0023	0.0000	0.0165	0.0162	0.0003	0.0041	0.0034	0.0007	0.0007	0.0007	0.0000	0.0034	0.0027	0.0007	
39	42	43	47	0.3770	7	1	2	2	0	0	0	0	0	N	N	N	N	N	N	N	N	N	N	N	N	inf	inf	inf	inf	inf	inf	inf	inf	inf	193.7800	0.0551	32151.2708	0.7700	0.0003	1421.9160	406.3841	0.1162	33669.8125	0.0000	0.0000	0.0000	0.0000	0.0000	0.0000	0.0000	0.0000	0.0000	3538.3702	0.1767	-0.0000	9.0059	12.7198	2.9074	12.5308	1.4877	0.0008	2.8559	0.0059	0.0000	0.0059	2.8508	0.0008	2.8500	0.0000	0.0000	0.0000	0.0000	0.0000	0.0000	0.0000	0.0000	0.0000	0.0147	0.0147	0.0001	0.0077	0.0077	0.0000	0.0070	0.0069	0.0001	0.0033	0.0029	0.0004	0.0017	0.0017	0.0000	0.0016	0.0012	0.0004	
39	42	43	59	0.3580	6	1	2	1	0	0	0	0	0	N	N	N	N	N	N	N	N	N	N	N	N	inf	inf	inf	inf	inf	inf	inf	inf	inf	92.3866	0.0263	16091.7749	0.3112	0.0001	561.8085	193.8576	0.0554	16919.2428	0.0000	0.0000	0.0000	0.0000	0.0000	0.0000	0.0000	0.0000	0.0000	3537.5643	0.1770	-0.0000	9.0059	12.7198	2.9074	12.5308	1.4877	0.0008	2.8619	0.0051	0.0000	0.0051	2.8577	0.0008	2.8569	0.0000	0.0000	0.0000	0.0000	0.0000	0.0000	0.0000	0.0000	0.0000	0.0310	0.0308	0.0002	0.0162	0.0162	0.0000	0.0147	0.0146	0.0002	0.0102	0.0089	0.0012	0.0052	0.0051	0.0001	0.0050	0.0038	0.0011	
39	42	43	61	0.3624	7	2	1	2	0	0	0	0	0	N	N	N	N	N	N	N	N	N	N	N	N	inf	inf	inf	inf	inf	inf	inf	inf	inf	279.2543	0.1994	45226.1123	0.9357	0.0007	1723.9431	589.1501	0.4233	47338.3732	0.0000	0.0000	0.0000	0.0000	0.0000	0.0000	0.0000	0.0000	0.0000	1407.9294	0.1748	-0.0000	9.0059	12.7198	2.9074	12.5308	1.4877	0.0020	2.8439	0.0050	0.0000	0.0050	2.8409	0.0020	2.8389	0.0000	0.0000	0.0000	0.0000	0.0000	0.0000	0.0000	0.0000	0.0000	0.0102	0.0101	0.0001	0.0054	0.0054	0.0000	0.0048	0.0048	0.0001	0.0017	0.0015	0.0002	0.0009	0.0008	0.0000	0.0009	0.0007	0.0002	
39	42	47	59	0.3483	6	1	2	2	0	0	0	0	0	N	N	N	N	N	N	N	N	N	N	N	N	79809.9500	13.8835	inf	95.1820	0.0380	inf	182401.5713	29.8336	inf	116.2832	0.0244	7055.3924	0.2790	0.0001	238.6907	128.9531	0.0271	7103.3268	0.0015	0.0018	0.0000	0.0029	0.0032	0.0000	0.0007	0.0009	0.0000	4845.2279	0.0000	0.2454	0.0000	9.0059	12.7198	4.3814	12.5308	3.9632	0.0008	3.9624	0.0009	0.0000	0.0009	3.9623	0.0008	3.9615	0.0000	0.0000	0.0000	0.0000	0.0000	0.0000	0.0000	0.0000	0.0000	0.0341	0.0335	0.0006	0.0034	0.0034	0.0000	0.0307	0.0302	0.0006	0.0053	0.0044	0.0009	0.0018	0.0017	0.0001	0.0035	0.0027	0.0008
39	42	47	61	0.3483	6	2	1	3	0	0	0	0	0	N	N	N	N	N	N	N	N	N	N	N	N	inf	inf	inf	inf	inf	inf	inf	inf	inf	365.6051	0.1930	18806.4177	0.9595	0.0010	682.4577	401.5210	0.2123	18924.6392	0.0000	0.0000	0.0000	0.0000	0.0000	0.0000	0.0000	0.0000	0.0000	1930.3846	0.2430	-0.0000	9.0059	12.7198	5.9927	12.5308	2.0491	0.0020	3.9427	0.0009	0.0000	0.0009	3.9438	0.0020	3.9418	0.0000	0.0000	0.0000	0.0000	0.0000	0.0000	0.0000	0.0000	0.0000	0.0108	0.0106	0.0002	0.0010	0.0010	0.0000	0.0098	0.0096	0.0002	0.0008	0.0007	0.0001	0.0002	0.0002	0.0000	0.0006	0.0005	0.0001	
39	42	59	61	0.3337	6	2	1	2	0	0	0	0	0	N	N	N	N	N	N	N	N	N	N	N	N	inf	inf	inf	0.0000	0.0000	0.0000	inf	inf	inf	165.8912	0.0874	9871.9623	0.0000	0.0000	0.0000	186.6552	0.0986	9951.7486	0.0000	0.0000	0.0000	0.0000	0.0000	0.0000	0.0000	0.0000	0.0000	1928.9687	0.2434	0.0000	9.0059	12.7198	15.6457	12.5308	33.2903	0.0020	3.9491	0.0000	0.0000	0.0000	3.9511	0.0020	3.9491	0.0000	0.0000	0.0000	0.0000	0.0000	0.0000	0.0000	0.0000	0.0000	0.0238	0.0234	0.0004	0.0026	0.0026	0.0000	0.0212	0.0208	0.0004	0.0027	0.0023	0.0005	0.0007	0.0007	0.0000	0.0020	0.0016	0.0004	
39	43	47	59	0.3770	7	1	3	2	0	0	0	0	0	N	N	N	N	N	N	N	N	N	N	N	N	inf	inf	inf	inf	inf	inf	inf	inf	inf	183.6879	0.0518	28491.2461	0.7603	0.0002	1531.8850	369.3786	0.1047	29578.8696	0.0000	0.0000	0.0000	0.0000	0.0000	0.0000	0.0000	0.0000	0.0000	3570.9329	0.1784	-0.0000	9.0059	2.9074	5.9927	1.4877	2.0491	0.0008	2.8832	0.0060	0.0000	0.0060	2.8780	0.0008	2.8772	0.0000	0.0000	0.0000	0.0000	0.0000	0.0000	0.0000	0.0000	0.0000	0.0157	0.0156	0.0001	0.0079	0.0079	0.0000	0.0078	0.0077	0.0001	0.0041	0.0036	0.0005	0.0021	0.0020	0.0001	0.0020	0.0016	0.0005	
39	43	47	61	0.3770	7	2	2	3	0	0	0	0	0	N	N	N	N	N	N	N	N	N	N	N	N	inf	inf	inf	inf	inf	inf	inf	inf	inf	570.1712	0.4039	78699.7112	2.3730	0.0019	4477.0525	1139.2261	0.8122	81520.7539	0.0000	0.0000	0.0000	0.0000	0.0000	0.0000	0.0000	0.0000	0.0000	1420.9641	0.1761	-0.0000	9.0059	2.9074	5.9927	1.4877	2.0491	0.0020	2.8651	0.0060	0.0000	0.0060	2.8611	0.0020	2.8591	0.0000	0.0000	0.0000	0.0000	0.0000	0.0000	0.0000	0.0000	0.0000	0.0050	0.0050	0.0000	0.0025	0.0025	0.0000	0.0025	0.0025	0.0000	0.0007	0.0006	0.0001	0.0003	0.0003	0.0000	0.0004	0.0003	0.0001	
39	43	47	73	0.3770	7	1	3	2	0	0	0	0	0	N	N	N	N	N	N	N	N	N	N	N	N	inf	inf	inf	inf	inf	inf	inf	inf	inf	241.6142	0.0687	39666.2784	0.9456	0.0003	1825.1691	515.3674	0.1474	41460.1793	0.0000	0.0000	0.0000	0.0000	0.0000	0.0000	0.0000	0.0000	0.0000	3538.3702	0.1767	-0.0000	9.0059	2.9074	5.9927	1.4877	2.0491	0.0008	2.8559	0.0059	0.0000	0.0059	2.8508	0.0008	2.8500	0.0000	0.0000	0.0000	0.0000	0.0000	0.0000	0.0000	0.0000	0.0000	0.0118	0.0118	0.0001	0.0063	0.0063	0.0000	0.0055	0.0055	0.0001	0.0033	0.0029	0.0004	0.0017	0.0017	0.0000	0.0016	0.0012	0.0004	
39	43	59	61	0.3624	7	2	2	2	0	0	0	0	0	N	N	N	N	N	N	N	N	N	N	N	N	inf	inf	inf	inf	inf	inf	inf	inf	inf	262.2890	0.1857	40012.9318	0.9071	0.0007	1748.3659	535.1639	0.3813	41624.8941	0.0000	0.0000	0.0000	0.0000	0.0000	0.0000	0.0000	0.0000	0.0000	1420.6411	0.1765	-0.0000	9.0059	2.9074	15.6457	1.4877	33.2903	0.0020	2.8711	0.0051	0.0000	0.0051	2.8681	0.0020	2.8661	0.0000	0.0000	0.0000	0.0000	0.0000	0.0000	0.0000	0.0000	0.0000	0.0110	0.0109	0.0001	0.0056	0.0056	0.0000	0.0054	0.0053	0.0001	0.0021	0.0019	0.0003	0.0010	0.0010	0.0000	0.0011	0.0009	0.0002	
39	43	59	73	0.3580	6	1	3	1	0	0	0	0	0	N	N	N	N	N	N	N	N	N	N	N	N	99126519.5165	24756.5127	inf	168316.5274	51.0298	inf	inf	inf	inf	116.3965	0.0331	19967.4835	0.3869	0.0001	723.7384	247.9542	0.0709	20953.1864	0.0000	0.0000	0.0000	0.0000	0.0000	0.0000	0.0000	0.0000	0.0000	3537.5643	0.0000	0.1770	-0.0000	9.0059	2.9074	4.3814	1.4877	2.8627	0.0008	2.8619	0.0051	0.0000	0.0051	2.8577	0.0008	2.8569	0.0000	0.0000	0.0000	0.0000	0.0000	0.0000	0.0000	0.0000	0.0000	0.0246	0.0245	0.0001	0.0131	0.0131	0.0000	0.0115	0.0114	0.0001	0.0103	0.0090	0.0012	0.0053	0.0052	0.0001	0.0050	0.0039	0.0011
39	43	61	73	0.3624	7	2	2	2	0	0	0	0	0	N	N	N	N	N	N	N	N	N	N	N	N	inf	inf	inf	inf	inf	inf	inf	inf	inf	348.5245	0.2489	55757.0202	1.1513	0.0009	2212.9457	747.1908	0.5371	58249.1851	0.0000	0.0000	0.0000	0.0000	0.0000	0.0000	0.0000	0.0000	0.0000	1407.9294	0.1748	-0.0000	9.0059	2.9074	3.9822	1.4877	0.0090	0.0020	2.8439	0.0050	0.0000	0.0050	2.8409	0.0020	2.8389	0.0000	0.0000	0.0000	0.0000	0.0000	0.0000	0.0000	0.0000	0.0000	0.0082	0.0081	0.0001	0.0044	0.0044	0.0000	0.0038	0.0038	0.0000	0.0017	0.0015	0.0002	0.0009	0.0008	0.0000	0.0009	0.0007	0.0002	
39	47	59	61	0.3109	3	2	2	3	0	0	0	0	0	N	N	N	N	N	N	N	N	N	N	N	N	inf	inf	inf	inf	inf	inf	inf	inf	inf	325.5073	0.1707	16867.0726	0.9516	0.0010	785.2340	354.1192	0.1860	16949.2616	0.0000	0.0000	0.0000	0.0000	0.0000	0.0000	0.0000	0.0000	0.0000	1943.4048	0.2448	-0.0000	9.0059	5.9927	15.6457	2.0491	33.2903	0.0020	3.9715	0.0009	0.0000	0.0009	3.9726	0.0020	3.9706	0.0000	0.0000	0.0000	0.0000	0.0000	0.0000	0.0000	0.0000	0.0000	0.0122	0.0120	0.0002	0.0010	0.0010	0.0000	0.0112	0.0110	0.0002	0.0012	0.0010	0.0002	0.0003	0.0003	0.0000	0.0009	0.0007	0.0002	
39	47	59	73	0.3110	6	1	3	2	0	0	0	0	0	N	N	N	N	N	N	N	N	N	N	N	N	127762282.7242	22239.5050	inf	96724.8503	38.5363	inf	inf	inf	inf	147.5926	0.0310	8634.5842	0.3308	0.0001	312.1526	164.9480	0.0347	8689.3256	0.0000	0.0000	0.0000	0.0000	0.0000	0.0000	0.0000	0.0000	0.0000	4845.2308	0.0000	0.2454	-0.0000	9.0059	5.9927	4.3814	2.0491	3.9632	0.0008	3.9624	0.0009	0.0000	0.0009	3.9623	0.0008	3.9615	0.0000	0.0000	0.0000	0.0000	0.0000	0.0000	0.0000	0.0000	0.0000	0.0269	0.0264	0.0005	0.0028	0.0028	0.0000	0.0240	0.0236	0.0005	0.0054	0.0045	0.0009	0.0018	0.0017	0.0001	0.0036	0.0028	0.0008
39	47	61	73	0.2825	6	2	2	3	0	0	0	0	0	N	N	N	N	N	N	N	N	N	N	N	N	inf	inf	inf	inf	inf	inf	inf	inf	inf	461.7474	0.2440	22946.6768	1.1229	0.0012	889.3349	511.0900	0.2705	23081.3373	0.0000	0.0000	0.0000	0.0000	0.0000	0.0000	0.0000	0.0000	0.0000	1930.3846	0.2430	-0.0000	9.0059	5.9927	3.9822	2.0491	0.0090	0.0020	3.9427	0.0009	0.0000	0.0009	3.9438	0.0020	3.9418	0.0000	0.0000	0.0000	0.0000	0.0000	0.0000	0.0000	0.0000	0.0000	0.0085	0.0084	0.0002	0.0008	0.0008	0.0000	0.0077	0.0075	0.0002	0.0009	0.0007	0.0001	0.0002	0.0002	0.0000	0.0006	0.0005	0.0001	
39	59	61	73	0.3110	6	2	2	2	0	0	0	0	0	N	N	N	N	N	N	N	N	N	N	N	N	inf	inf	inf	0.0000	0.0000	0.0000	inf	inf	inf	210.7759	0.1112	12079.2437	0.0000	0.0000	0.0000	238.7724	0.1262	12170.1705	0.0000	0.0000	0.0000	0.0000	0.0000	0.0000	0.0000	0.0000	0.0000	1928.9687	0.2434	-0.0000	9.0059	15.6457	3.9822	33.2903	0.0090	0.0020	3.9491	0.0000	0.0000	0.0000	3.9511	0.0020	3.9491	0.0000	0.0000	0.0000	0.0000	0.0000	0.0000	0.0000	0.0000	0.0000	0.0187	0.0184	0.0003	0.0022	0.0022	0.0000	0.0165	0.0162	0.0003	0.0028	0.0023	0.0005	0.0007	0.0007	0.0000	0.0021	0.0016	0.0004	
42	43	47	53	0.3770	7	0	3	1	0	0	0	0	0	N	N	N	N	N	N	N	N	N	N	N	N	inf	0.0000	inf	inf	0.0000	inf	inf	0.0000	inf	240.8561	0.0000	38983.8054	0.9577	0.0000	1765.8345	504.7472	0.0000	40777.6212	0.0000	0.0000	0.0000	0.0000	0.0000	0.0000	0.0000	0.0000	0.0000	inf	0.1775	-0.0000	12.7198	2.9074	5.9927	1.4877	2.0491	0.0000	2.8579	0.0060	0.0000	0.0060	2.8519	0.0000	2.8519	0.0000	0.0000	0.0000	0.0000	0.0000	0.0000	0.0000	0.0000	0.0000	0.0119	0.0118	0.0001	0.0062	0.0062	0.0000	0.0057	0.0056	0.0001	0.0030	0.0026	0.0004	0.0015	0.0015	0.0000	0.0015	0.0011	0.0003	
42	43	47	59	0.3770	7	0	3	1	0	0	0	0	0	N	N	N	N	N	N	N	N	N	N	N	N	16440347.4123	0.0000	inf	35515.0894	0.0000	inf	inf	0.0000	inf	131.7835	0.0000	22314.2260	0.5266	0.0000	954.8415	274.7037	0.0000	23407.0679	0.0000	0.0000	0.0000	0.0000	0.0000	0.0000	0.0000	0.0000	0.0000	inf	0.0000	0.1775	-0.0000	12.7198	2.9074	12.5308	1.4877	2.8579	0.0000	2.8579	0.0060	0.0000	0.0060	2.8519	0.0000	2.8519	0.0000	0.0000	0.0000	0.0000	0.0000	0.0000	0.0000	0.0000	0.0000	0.0217	0.0216	0.0001	0.0113	0.0113	0.0000	0.0104	0.0103	0.0001	0.0068	0.0060	0.0008	0.0037	0.0036	0.0001	0.0031	0.0024	0.0007
42	43	47	61	0.3770	7	1	2	2	0	0	0	0	0	N	N	N	N	N	N	N	N	N	N	N	N	inf	inf	inf	inf	inf	inf	inf	inf	inf	398.4593	0.1721	62205.1293	1.5829	0.0008	2915.1899	835.0468	0.3630	64959.9385	0.0000	0.0000	0.0000	0.0000	0.0000	0.0000	0.0000	0.0000	0.0000	2328.7116	0.1753	0.0000	12.7198	2.9074	5.9927	1.4877	2.0491	0.0012	2.8399	0.0059	0.0000	0.0059	2.8352	0.0012	2.8340	0.0000	0.0000	0.0000	0.0000	0.0000	0.0000	0.0000	0.0000	0.0000	0.0071	0.0071	0.0000	0.0037	0.0037	0.0000	0.0034	0.0034	0.0000	0.0012	0.0010	0.0001	0.0006	0.0006	0.0000	0.0006	0.0004	0.0001	
42	43	53	59	0.3327	6	0	3	0	0	0	0	0	0	N	N	N	N	N	N	N	N	N	N	N	N	inf	0.0000	inf	inf	0.0000	inf	inf	0.0000	inf	114.7846	0.0000	19585.8844	0.3869	0.0000	699.4991	240.7251	0.0000	20568.4896	0.0000	0.0000	0.0000	0.0000	0.0000	0.0000	0.0000	0.0000	0.0000	inf	0.1779	-0.0000	12.7198	2.9074	6.9987	1.4877	4.9999	0.0000	2.8639	0.0051	0.0000	0.0051	2.8588	0.0000	2.8588	0.0000	0.0000	0.0000	0.0000	0.0000	0.0000	0.0000	0.0000	0.0000	0.0250	0.0248	0.0001	0.0131	0.0131	0.0000	0.0119	0.0117	0.0001	0.0093	0.0082	0.0011	0.0048	0.0047	0.0001	0.0046	0.0035	0.0010	
42	43	53	61	0.3624	7	1	2	1	0	0	0	0	0	N	N	N	N	N	N	N	N	N	N	N	N	inf	inf	inf	inf	inf	inf	inf	inf	inf	347.0674	0.1500	54803.9922	1.1638	0.0005	2139.0772	731.6444	0.3181	57298.6595	0.0000	0.0000	0.0000	0.0000	0.0000	0.0000	0.0000	0.0000	0.0000	2328.1191	0.1756	0.0000	12.7198	2.9074	6.9987	1.4877	4.9999	0.0012	2.8459	0.0050	0.0000	0.0050	2.8421	0.0012	2.8408	0.0000	0.0000	0.0000	0.0000	0.0000	0.0000	0.0000	0.0000	0.0000	0.0082	0.0082	0.0001	0.0043	0.0043	0.0000	0.0039	0.0038	0.0000	0.0016	0.0014	0.0002	0.0008	0.0008	0.0000	0.0008	0.0006	0.0002	
42	43	59	61	0.3624	7	1	2	1	0	0	0	0	0	N	N	N	N	N	N	N	N	N	N	N	N	inf	inf	inf	inf	inf	inf	inf	inf	inf	189.7538	0.0820	31454.6387	0.6389	0.0003	1160.1025	398.1672	0.1730	32977.4938	0.0000	0.0000	0.0000	0.0000	0.0000	0.0000	0.0000	0.0000	0.0000	2328.1268	0.1756	0.0000	12.7198	2.9074	15.6457	1.4877	33.2903	0.0012	2.8459	0.0050	0.0000	0.0050	2.8421	0.0012	2.8408	0.0000	0.0000	0.0000	0.0000	0.0000	0.0000	0.0000	0.0000	0.0000	0.0150	0.0149	0.0001	0.0079	0.0079	0.0000	0.0071	0.0071	0.0001	0.0035	0.0031	0.0004	0.0018	0.0018	0.0000	0.0017	0.0013	0.0004	
42	47	53	61	0.3483	6	1	2	2	0	0	0	0	0	N	N	N	N	N	N	N	N	N	N	N	N	inf	inf	inf	inf	inf	inf	inf	inf	inf	454.8421	0.1454	22646.9832	1.2075	0.0008	852.7000	498.9757	0.1598	22784.0363	0.0000	0.0000	0.0000	0.0000	0.0000	0.0000	0.0000	0.0000	0.0000	3190.9618	0.2439	0.0000	12.7198	5.9927	6.9987	2.0491	4.9999	0.0012	3.9448	0.0009	0.0000	0.0009	3.9451	0.0012	3.9438	0.0000	0.0000	0.0000	0.0000	0.0000	0.0000	0.0000	0.0000	0.0000	0.0087	0.0085	0.0002	0.0008	0.0008	0.0000	0.0079	0.0077	0.0002	0.0008	0.0006	0.0001	0.0002	0.0002	0.0000	0.0006	0.0004	0.0001	
42	47	59	61	0.3483	6	1	2	2	0	0	0	0	0	N	N	N	N	N	N	N	N	N	N	N	N	inf	inf	inf	inf	inf	inf	inf	inf	inf	240.3024	0.0766	13482.4747	0.5906	0.0004	497.9314	265.6888	0.0849	13565.7298	0.0000	0.0000	0.0000	0.0000	0.0000	0.0000	0.0000	0.0000	0.0000	3190.9699	0.2439	0.0000	12.7198	5.9927	15.6457	2.0491	33.2903	0.0012	3.9448	0.0009	0.0000	0.0009	3.9451	0.0012	3.9438	0.0000	0.0000	0.0000	0.0000	0.0000	0.0000	0.0000	0.0000	0.0000	0.0164	0.0161	0.0003	0.0016	0.0016	0.0000	0.0148	0.0146	0.0003	0.0019	0.0016	0.0003	0.0007	0.0006	0.0000	0.0012	0.0009	0.0003	
42	53	59	61	0.3337	6	1	2	1	0	0	0	0	0	N	N	N	N	N	N	N	N	N	N	N	N	inf	inf	inf	0.0000	0.0000	0.0000	inf	inf	inf	206.4270	0.0659	11908.1484	0.0000	0.0000	0.0000	231.9681	0.0742	12001.1086	0.0000	0.0000	0.0000	0.0000	0.0000	0.0000	0.0000	0.0000	0.0000	3188.5976	0.2443	0.0000	12.7198	6.9987	15.6457	4.9999	33.2903	0.0012	3.9511	0.0000	0.0000	0.0000	3.9524	0.0012	3.9511	0.0000	0.0000	0.0000	0.0000	0.0000	0.0000	0.0000	0.0000	0.0000	0.0191	0.0188	0.0003	0.0021	0.0021	0.0000	0.0170	0.0167	0.0003	0.0025	0.0021	0.0004	0.0006	0.0006	0.0000	0.0019	0.0015	0.0004	
43	47	53	59	0.3770	7	0	4	1	0	0	0	0	0	N	Y	N	N	N	N	N	N	N	N	N	N	inf	0.0000	inf	inf	0.0000	inf	inf	0.0000	inf	227.9775	0.0000	34588.6449	0.9436	0.0000	1902.3627	458.4863	0.0000	35876.7306	0.0000	0.0000	0.0000	0.0000	0.0000	0.0000	0.0000	0.0000	0.0000	inf	0.1792	-0.0000	2.9074	5.9927	6.9987	2.0491	4.9999	0.0000	2.8851	0.0060	0.0000	0.0060	2.8791	0.0000	2.8791	0.0000	0.0000	0.0000	0.0000	0.0000	0.0000	0.0000	0.0000	0.0000	0.0127	0.0126	0.0001	0.0064	0.0064	0.0000	0.0063	0.0062	0.0001	0.0037	0.0033	0.0005	0.0019	0.0018	0.0000	0.0019	0.0014	0.0004	
43	47	53	61	0.3770	7	1	3	2	0	0	0	0	0	N	N	N	N	N	N	N	N	N	N	N	N	inf	inf	inf	inf	inf	inf	inf	inf	inf	707.5773	0.3033	95158.0280	2.9449	0.0015	5541.1304	1413.8239	0.6101	98483.0643	0.0000	0.0000	0.0000	0.0000	0.0000	0.0000	0.0000	0.0000	0.0000	2349.3842	0.1770	0.0000	2.9074	5.9927	6.9987	2.0491	4.9999	0.0012	2.8670	0.0060	0.0000	0.0060	2.8623	0.0012	2.8610	0.0000	0.0000	0.0000	0.0000	0.0000	0.0000	0.0000	0.0000	0.0000	0.0041	0.0040	0.0000	0.0020	0.0020	0.0000	0.0020	0.0020	0.0000	0.0007	0.0006	0.0001	0.0003	0.0003	0.0000	0.0003	0.0003	0.0001	
43	47	53	73	0.3770	7	0	4	1	0	0	0	0	0	N	Y	N	N	N	N	N	N	N	N	N	N	inf	0.0000	inf	inf	0.0000	inf	inf	0.0000	inf	300.4133	0.0000	48042.6179	1.1768	0.0000	2264.8130	640.1340	0.0000	50158.6473	0.0000	0.0000	0.0000	0.0000	0.0000	0.0000	0.0000	0.0000	0.0000	inf	0.1775	-0.0000	2.9074	5.9927	6.9987	2.0491	4.9999	0.0000	2.8579	0.0060	0.0000	0.0060	2.8519	0.0000	2.8519	0.0000	0.0000	0.0000	0.0000	0.0000	0.0000	0.0000	0.0000	0.0000	0.0095	0.0095	0.0001	0.0051	0.0051	0.0000	0.0045	0.0044	0.0001	0.0030	0.0027	0.0004	0.0016	0.0015	0.0000	0.0015	0.0011	0.0003	
43	47	59	61	0.3770	7	1	3	2	0	0	0	0	0	N	N	N	N	N	N	N	N	N	N	N	N	inf	inf	inf	inf	inf	inf	inf	inf	inf	376.2795	0.1612	55305.8476	1.5539	0.0008	3140.5259	757.8052	0.3266	57292.4919	0.0000	0.0000	0.0000	0.0000	0.0000	0.0000	0.0000	0.0000	0.0000	2349.3919	0.1770	-0.0000	2.9074	5.9927	15.6457	2.0491	33.2903	0.0012	2.8670	0.0060	0.0000	0.0060	2.8623	0.0012	2.8610	0.0000	0.0000	0.0000	0.0000	0.0000	0.0000	0.0000	0.0000	0.0000	0.0076	0.0076	0.0001	0.0038	0.0038	0.0000	0.0038	0.0037	0.0000	0.0014	0.0013	0.0002	0.0007	0.0007	0.0000	0.0007	0.0006	0.0002	
43	47	59	73	0.3770	7	0	4	1	0	0	0	0	0	N	Y	N	N	N	N	N	N	N	N	N	N	16779300.3514	0.0000	inf	35754.3005	0.0000	inf	inf	0.0000	inf	165.9800	0.0000	27618.6205	0.6542	0.0000	1227.3760	351.2667	0.0000	28916.3324	0.0000	0.0000	0.0000	0.0000	0.0000	0.0000	0.0000	0.0000	0.0000	inf	0.0000	0.1775	-0.0000	2.9074	5.9927	1.4877	2.0491	2.8579	0.0000	2.8579	0.0060	0.0000	0.0060	2.8519	0.0000	2.8519	0.0000	0.0000	0.0000	0.0000	0.0000	0.0000	0.0000	0.0000	0.0000	0.0172	0.0171	0.0001	0.0091	0.0091	0.0000	0.0081	0.0080	0.0001	0.0069	0.0060	0.0008	0.0037	0.0036	0.0001	0.0032	0.0024	0.0007
43	47	61	73	0.3770	7	1	3	2	0	0	0	0	0	N	N	N	N	N	N	N	N	N	N	N	N	inf	inf	inf	inf	inf	inf	inf	inf	inf	497.2700	0.2148	76513.8807	1.9472	0.0010	3734.2033	1059.0462	0.4605	79755.0532	0.0000	0.0000	0.0000	0.0000	0.0000	0.0000	0.0000	0.0000	0.0000	2328.7116	0.1753	-0.0000	2.9074	5.9927	3.9822	2.0491	0.0090	0.0012	2.8399	0.0059	0.0000	0.0059	2.8352	0.0012	2.8340	0.0000	0.0000	0.0000	0.0000	0.0000	0.0000	0.0000	0.0000	0.0000	0.0057	0.0057	0.0000	0.0030	0.0030	0.0000	0.0027	0.0026	0.0000	0.0012	0.0010	0.0001	0.0006	0.0006	0.0000	0.0006	0.0004	0.0001	
43	53	59	61	0.3624	7	1	3	1	0	0	0	0	0	N	N	N	N	N	N	N	N	N	N	N	N	inf	inf	inf	inf	inf	inf	inf	inf	inf	325.5316	0.1395	48548.8572	1.1259	0.0005	2168.8614	664.1705	0.2864	50458.2486	0.0000	0.0000	0.0000	0.0000	0.0000	0.0000	0.0000	0.0000	0.0000	2348.8325	0.1773	0.0000	2.9074	6.9987	15.6457	4.9999	33.2903	0.0012	2.8731	0.0051	0.0000	0.0051	2.8692	0.0012	2.8680	0.0000	0.0000	0.0000	0.0000	0.0000	0.0000	0.0000	0.0000	0.0000	0.0088	0.0088	0.0001	0.0045	0.0045	0.0000	0.0043	0.0043	0.0001	0.0020	0.0017	0.0002	0.0009	0.0009	0.0000	0.0010	0.0008	0.0002	
43	53	59	73	0.3327	6	0	4	0	0	0	0	0	0	N	Y	N	N	N	N	N	N	N	N	N	N	inf	0.0000	inf	inf	0.0000	inf	inf	0.0000	inf	144.6420	0.0000	24274.5422	0.4811	0.0000	900.3631	307.8654	0.0000	25443.2508	0.0000	0.0000	0.0000	0.0000	0.0000	0.0000	0.0000	0.0000	0.0000	inf	0.1779	-0.0000	2.9074	6.9987	15.6457	4.9999	33.2903	0.0000	2.8639	0.0051	0.0000	0.0051	2.8588	0.0000	2.8588	0.0000	0.0000	0.0000	0.0000	0.0000	0.0000	0.0000	0.0000	0.0000	0.0198	0.0197	0.0001	0.0105	0.0105	0.0000	0.0093	0.0092	0.0001	0.0094	0.0083	0.0011	0.0048	0.0047	0.0001	0.0046	0.0036	0.0010	
43	53	61	73	0.3624	7	1	3	1	0	0	0	0	0	N	N	N	N	N	N	N	N	N	N	N	N	inf	inf	inf	inf	inf	inf	inf	inf	inf	433.3027	0.1872	67490.7123	1.4328	0.0007	2743.7264	927.9454	0.4037	70429.7710	0.0000	0.0000	0.0000	0.0000	0.0000	0.0000	0.0000	0.0000	0.0000	2328.1191	0.1756	0.0000	2.9074	6.9987	3.9822	4.9999	0.0090	0.0012	2.8459	0.0050	0.0000	0.0050	2.8421	0.0012	2.8408	0.0000	0.0000	0.0000	0.0000	0.0000	0.0000	0.0000	0.0000	0.0000	0.0066	0.0065	0.0000	0.0035	0.0035	0.0000	0.0031	0.0030	0.0000	0.0016	0.0014	0.0002	0.0008	0.0008	0.0000	0.0008	0.0006	0.0002	
43	59	61	73	0.3624	7	1	3	1	0	0	0	0	0	N	N	N	N	N	N	N	N	N	N	N	N	451424724.2581	171469.9023	inf	763890.5613	352.2087	inf	inf	inf	inf	239.1906	0.1033	38904.1091	0.7952	0.0004	1491.2209	509.1082	0.2213	40710.2692	0.0000	0.0000	0.0000	0.0000	0.0000	0.0000	0.0000	0.0000	0.0000	2328.1268	0.0000	0.1756	-0.0000	2.9074	15.6457	1.4877	33.2903	2.8471	0.0012	2.8459	0.0050	0.0000	0.0050	2.8421	0.0012	2.8408	0.0000	0.0000	0.0000	0.0000	0.0000	0.0000	0.0000	0.0000	0.0000	0.0119	0.0118	0.0001	0.0063	0.0063	0.0000	0.0056	0.0055	0.0001	0.0036	0.0032	0.0004	0.0018	0.0018	0.0000	0.0018	0.0014	0.0004
47	53	59	61	0.3109	3	1	3	2	0	0	0	0	0	N	N	N	N	N	N	N	N	N	N	N	N	inf	inf	inf	inf	inf	inf	inf	inf	inf	404.7160	0.1285	20324.3205	1.1933	0.0008	979.1092	439.9734	0.1399	20419.8944	0.0000	0.0000	0.0000	0.0000	0.0000	0.0000	0.0000	0.0000	0.0000	3212.0556	0.2457	0.0000	5.9927	6.9987	15.6457	4.9999	33.2903	0.0012	3.9736	0.0009	0.0000	0.0009	3.9739	0.0012	3.9726	0.0000	0.0000	0.0000	0.0000	0.0000	0.0000	0.0000	0.0000	0.0000	0.0098	0.0096	0.0002	0.0008	0.0008	0.0000	0.0090	0.0088	0.0002	0.0011	0.0009	0.0002	0.0003	0.0003	0.0000	0.0008	0.0006	0.0002	
47	53	59	73	0.3110	6	0	4	1	0	0	0	0	0	N	Y	N	N	N	N	N	N	N	N	N	N	inf	0.0000	inf	inf	0.0000	inf	inf	0.0000	inf	183.6794	0.0000	10411.3879	0.4166	0.0000	390.7304	204.9993	0.0000	10474.8968	0.0000	0.0000	0.0000	0.0000	0.0000	0.0000	0.0000	0.0000	0.0000	inf	0.2463	-0.0000	5.9927	6.9987	15.6457	4.9999	33.2903	0.0000	3.9645	0.0009	0.0000	0.0009	3.9636	0.0000	3.9636	0.0000	0.0000	0.0000	0.0000	0.0000	0.0000	0.0000	0.0000	0.0000	0.0216	0.0212	0.0004	0.0022	0.0022	0.0000	0.0193	0.0190	0.0004	0.0049	0.0041	0.0008	0.0017	0.0015	0.0001	0.0033	0.0025	0.0007	
47	53	61	73	0.2825	6	1	3	2	0	0	0	0	0	N	N	N	N	N	N	N	N	N	N	N	N	inf	inf	inf	inf	inf	inf	inf	inf	inf	574.5442	0.1838	27619.4075	1.4137	0.0009	1111.0184	635.1689	0.2036	27775.3750	0.0000	0.0000	0.0000	0.0000	0.0000	0.0000	0.0000	0.0000	0.0000	3190.9618	0.2439	0.0000	5.9927	6.9987	3.9822	4.9999	0.0090	0.0012	3.9448	0.0009	0.0000	0.0009	3.9451	0.0012	3.9438	0.0000	0.0000	0.0000	0.0000	0.0000	0.0000	0.0000	0.0000	0.0000	0.0069	0.0067	0.0001	0.0007	0.0007	0.0000	0.0062	0.0061	0.0001	0.0008	0.0006	0.0001	0.0002	0.0002	0.0000	0.0006	0.0004	0.0001	
47	59	61	73	0.3110	6	1	3	2	0	0	0	0	0	N	N	N	N	N	N	N	N	N	N	N	N	inf	inf	inf	inf	inf	inf	inf	inf	inf	305.0678	0.0974	16476.4137	0.7007	0.0005	650.9721	339.8173	0.1087	16571.2247	0.0000	0.0000	0.0000	0.0000	0.0000	0.0000	0.0000	0.0000	0.0000	3190.9699	0.2439	-0.0000	5.9927	15.6457	3.9822	33.2903	0.0090	0.0012	3.9448	0.0009	0.0000	0.0009	3.9451	0.0012	3.9438	0.0000	0.0000	0.0000	0.0000	0.0000	0.0000	0.0000	0.0000	0.0000	0.0129	0.0127	0.0002	0.0013	0.0013	0.0000	0.0116	0.0114	0.0002	0.0019	0.0016	0.0003	0.0007	0.0006	0.0000	0.0012	0.0010	0.0003	
53	59	61	73	0.3110	6	1	3	1	0	0	0	0	0	N	N	N	N	N	N	N	N	N	N	N	N	inf	inf	inf	0.0000	0.0000	0.0000	inf	inf	inf	262.2997	0.0837	14562.2875	0.0000	0.0000	0.0000	296.7270	0.0949	14668.1154	0.0000	0.0000	0.0000	0.0000	0.0000	0.0000	0.0000	0.0000	0.0000	3188.5976	0.2443	0.0000	6.9987	15.6457	3.9822	33.2903	0.0090	0.0012	3.9511	0.0000	0.0000	0.0000	3.9524	0.0012	3.9511	0.0000	0.0000	0.0000	0.0000	0.0000	0.0000	0.0000	0.0000	0.0000	0.0151	0.0148	0.0003	0.0017	0.0017	0.0000	0.0133	0.0131	0.0003	0.0025	0.0021	0.0004	0.0007	0.0006	0.0000	0.0019	0.0015	0.0004	
