branch_id_1	branch_id_2	branch_id_3	dist_bl	dist_node_num	branch_num_fg_tube	branch_num_fg_pink	branch_num_fg_yellow	branch_num_fg_beakless	branch_num_mg_tube	branch_num_mg_pink	branch_num_mg_yellow	branch_num_mg_beakless	is_fg_tube	is_fg_pink	is_fg_yellow	is_fg_beakless	is_mf_tube	is_mf_pink	is_mf_yellow	is_mf_beakless	is_mg_tube	is_mg_pink	is_mg_yellow	is_mg_beakless	omegaCany2any	omegaCany2dif	omegaCany2spe	omegaCdif2any	omegaCdif2dif	omegaCdif2spe	omegaCspe2any	omegaCspe2dif	omegaCspe2spe	dNCany2any	dNCany2dif	dNCany2spe	dNCdif2any	dNCdif2dif	dNCdif2spe	dNCspe2any	dNCspe2dif	dNCspe2spe	dSCany2any	dSCany2dif	dSCany2spe	dSCdif2any	dSCdif2dif	dSCdif2spe	dSCspe2any	dSCspe2dif	dSCspe2spe	OCNCoD	OCSCoD	OCN_linreg_residual	OCS_linreg_residual	N_sub_1	N_sub_2	S_sub_1	S_sub_2	OCNany2any	OCNany2dif	OCNany2spe	OCNdif2any	OCNdif2dif	OCNdif2spe	OCNspe2any	OCNspe2dif	OCNspe2spe	OCSany2any	OCSany2dif	OCSany2spe	OCSdif2any	OCSdif2dif	OCSdif2spe	OCSspe2any	OCSspe2dif	OCSspe2spe	ECNany2any	ECNany2dif	ECNany2spe	ECNdif2any	ECNdif2dif	ECNdif2spe	ECNspe2any	ECNspe2dif	ECNspe2spe	ECSany2any	ECSany2dif	ECSany2spe	ECSdif2any	ECSdif2dif	ECSdif2spe	ECSspe2any	ECSspe2dif	ECSspe2spe
13	17	20	0.3640	8	1	3	0	1	0	0	0	0	N	Y	N	N	N	N	N	N	N	N	N	N	15830211.3789	0.0000	6324324385.2409	94768.9872	0.0000	inf	505437655.1368	0.0000	3076350347.4191	69.7999	0.0000	1642.5225	0.6598	0.0000	118.1101	81.4538	0.0000	1671.9873	0.0000	0.0000	0.0000	0.0000	0.0000	0.0000	0.0000	0.0000	0.0000	inf	0.0139	0.2213	0.0000	14.0465	3.9750	19.4848	4.4559	3.9255	0.0000	3.9255	0.0054	0.0000	0.0054	3.9201	0.0000	3.9201	0.0000	0.0000	0.0000	0.0000	0.0000	0.0000	0.0000	0.0000	0.0000	0.0562	0.0538	0.0024	0.0081	0.0081	0.0000	0.0481	0.0458	0.0023	0.0317	0.0243	0.0074	0.0198	0.0159	0.0039	0.0119	0.0084	0.0035
13	17	26	0.3640	6	1	3	0	1	0	0	0	0	N	Y	N	N	N	N	N	N	N	N	N	N	35591.1313	0.0000	inf	174.3012	0.0000	inf	inf	0.0000	inf	48.8447	0.0000	1195.0959	0.3976	0.0000	73.0725	57.0920	0.0000	1217.2571	0.0014	0.0018	0.0000	0.0023	0.0028	0.0000	0.0000	0.0000	0.0000	inf	0.0000	0.2215	-0.0000	14.0465	3.9750	19.4848	4.4559	3.9292	0.0000	3.9292	0.0047	0.0000	0.0047	3.9245	0.0000	3.9245	0.0001	0.0001	0.0000	0.0001	0.0001	0.0000	0.0000	0.0000	0.0000	0.0804	0.0772	0.0033	0.0117	0.0116	0.0001	0.0687	0.0655	0.0032	0.0468	0.0355	0.0113	0.0281	0.0226	0.0055	0.0186	0.0129	0.0058
13	17	28	0.3640	8	1	3	1	2	0	0	0	0	N	Y	N	N	N	N	N	N	N	N	N	N	7215162.5957	0.0000	670837105.2877	56395.3655	0.0000	inf	55090838.4756	0.0000	327236578.9400	59.7789	0.0000	1418.1711	0.6972	0.0000	136.0164	70.0447	0.0000	1441.6738	0.0000	0.0000	0.0000	0.0000	0.0000	0.0000	0.0000	0.0000	0.0000	inf	0.0603	0.1650	0.0000	14.0465	3.9750	19.4848	4.4559	2.9281	0.0000	2.9281	0.0051	0.0000	0.0051	2.9231	0.0000	2.9231	0.0000	0.0000	0.0000	0.0000	0.0000	0.0000	0.0000	0.0000	0.0000	0.0490	0.0469	0.0021	0.0073	0.0072	0.0000	0.0417	0.0397	0.0020	0.0259	0.0201	0.0058	0.0164	0.0134	0.0030	0.0095	0.0068	0.0027
13	17	43	0.3657	7	1	3	0	1	0	0	0	0	N	Y	N	N	N	N	N	N	N	N	N	N	48457407.7323	0.0000	787495765.3981	495564.0072	0.0000	428549979.6037	38904612.2623	0.0000	269661824.5006	58.3299	0.0000	2474.3944	0.4194	0.0000	124.9664	109.0499	0.0000	2641.6696	0.0000	0.0000	0.0000	0.0000	0.0000	0.0000	0.0000	0.0000	0.0000	inf	0.8349	0.1592	0.0000	14.0465	3.9750	19.4848	4.4559	2.8249	0.0000	2.8249	0.0095	0.0000	0.0095	2.8154	0.0000	2.8154	0.0000	0.0000	0.0000	0.0000	0.0000	0.0000	0.0000	0.0000	0.0000	0.0484	0.0473	0.0011	0.0226	0.0225	0.0001	0.0258	0.0248	0.0011	0.0577	0.0476	0.0101	0.0471	0.0401	0.0070	0.0105	0.0075	0.0030
13	17	47	0.3832	6	1	3	1	1	0	0	0	0	N	Y	N	N	N	N	N	N	N	N	N	N	122733.0552	0.0000	8399760146.4098	863.7063	0.0000	inf	534913485.2607	0.0000	3440364319.0445	70.5653	0.0000	1645.6352	0.7043	0.0000	92.4359	82.1276	0.0000	1685.8413	0.0006	0.0007	0.0000	0.0008	0.0010	0.0000	0.0000	0.0000	0.0000	inf	0.0001	0.2211	-0.0000	14.0465	3.9750	19.4848	4.4559	3.9229	0.0000	3.9229	0.0056	0.0000	0.0056	3.9173	0.0000	3.9173	0.0000	0.0000	0.0000	0.0000	0.0000	0.0000	0.0000	0.0000	0.0000	0.0556	0.0532	0.0024	0.0079	0.0078	0.0001	0.0477	0.0454	0.0023	0.0283	0.0217	0.0066	0.0199	0.0160	0.0039	0.0083	0.0057	0.0026
13	17	53	0.3640	6	1	3	0	1	0	0	0	0	N	Y	N	N	N	N	N	N	N	N	N	N	inf	0.0000	inf	inf	0.0000	inf	inf	0.0000	inf	61.0214	0.0000	1452.9480	0.4996	0.0000	91.7313	71.2558	0.0000	1478.9695	0.0000	0.0000	0.0000	0.0000	0.0000	0.0000	0.0000	0.0000	0.0000	inf	0.2215	-0.0000	14.0465	3.9750	6.9987	4.4559	4.9999	0.0000	3.9292	0.0047	0.0000	0.0047	3.9245	0.0000	3.9245	0.0000	0.0000	0.0000	0.0000	0.0000	0.0000	0.0000	0.0000	0.0000	0.0644	0.0617	0.0027	0.0093	0.0093	0.0001	0.0551	0.0524	0.0027	0.0391	0.0296	0.0095	0.0237	0.0191	0.0046	0.0154	0.0105	0.0049	
13	17	59	0.3640	6	1	3	0	1	0	0	0	0	N	Y	N	N	N	N	N	N	N	N	N	N	148918.1964	0.0000	254347701.9822	658.2538	0.0000	13025558.6265	40401507.8611	0.0000	288613142.1540	30.5925	0.0000	811.1631	0.2627	0.0000	48.1285	35.4439	0.0000	826.7032	0.0002	0.0003	0.0000	0.0004	0.0005	0.0000	0.0000	0.0000	0.0000	inf	0.0038	0.2215	0.0000	14.0465	3.9750	19.4848	4.4559	3.9292	0.0000	3.9292	0.0047	0.0000	0.0047	3.9245	0.0000	3.9245	0.0000	0.0000	0.0000	0.0000	0.0000	0.0000	0.0000	0.0000	0.0000	0.1284	0.1236	0.0048	0.0177	0.0176	0.0001	0.1107	0.1060	0.0047	0.1015	0.0766	0.0248	0.0521	0.0424	0.0097	0.0494	0.0342	0.0151
13	20	26	0.3389	8	0	3	0	1	0	0	0	0	N	Y	N	N	N	N	N	N	N	N	N	N	60836.2170	0.0000	inf	17.5163	0.0000	inf	inf	0.0000	inf	35.2036	0.0000	871.8664	0.0433	0.0000	6.9818	41.2963	0.0000	891.9186	0.0006	0.0008	0.0000	0.0025	0.0026	0.0000	0.0000	0.0000	0.0000	inf	0.0000	0.2236	-0.0000	14.0465	6.0200	19.4848	3.5720	3.9672	0.0000	3.9672	0.0007	0.0000	0.0007	3.9664	0.0000	3.9664	0.0000	0.0000	0.0000	0.0000	0.0000	0.0000	0.0000	0.0000	0.0000	0.1127	0.1081	0.0046	0.0166	0.0165	0.0001	0.0960	0.0916	0.0044	0.0303	0.0221	0.0082	0.0071	0.0067	0.0004	0.0232	0.0155	0.0077
13	20	28	0.3347	10	0	3	1	2	0	0	0	0	N	Y	N	N	N	N	N	N	N	N	N	N	12475502.8566	0.0000	1211775648.9349	6628.4760	0.0000	inf	190778445.4231	0.0000	1196817725.9040	43.5885	0.0000	1049.5459	0.1073	0.0000	18.5806	51.8239	0.0000	1072.8858	0.0000	0.0000	0.0000	0.0000	0.0000	0.0000	0.0000	0.0000	0.0000	inf	0.0661	0.1665	0.0000	14.0465	6.0200	19.4848	3.5720	2.9533	0.0000	2.9533	0.0012	0.0000	0.0012	2.9521	0.0000	2.9521	0.0000	0.0000	0.0000	0.0000	0.0000	0.0000	0.0000	0.0000	0.0000	0.0678	0.0649	0.0028	0.0108	0.0107	0.0001	0.0570	0.0542	0.0028	0.0152	0.0114	0.0038	0.0031	0.0030	0.0001	0.0121	0.0085	0.0037
13	20	43	0.3364	9	0	3	0	1	0	0	0	0	N	Y	N	N	N	N	N	N	N	N	N	N	252051452.2304	0.0000	2740262024.7206	2270056.3146	0.0000	inf	297350283.9128	0.0000	2570892571.6604	44.2516	0.0000	1975.4393	0.1863	0.0000	50.1232	84.4610	0.0000	2141.0063	0.0000	0.0000	0.0000	0.0000	0.0000	0.0000	0.0000	0.0000	0.0000	inf	2.9951	0.1612	0.0000	14.0465	6.0200	19.4848	3.5720	2.8604	0.0000	2.8604	0.0057	0.0000	0.0057	2.8546	0.0000	2.8546	0.0000	0.0000	0.0000	0.0000	0.0000	0.0000	0.0000	0.0000	0.0000	0.0646	0.0632	0.0014	0.0308	0.0307	0.0001	0.0338	0.0325	0.0013	0.0373	0.0305	0.0068	0.0200	0.0191	0.0009	0.0173	0.0114	0.0059
13	20	47	0.3832	8	0	3	1	1	0	0	0	0	N	Y	N	N	N	N	N	N	N	N	N	N	669736750.6884	13.3350	inf	960427.4929	41.5628	inf	inf	0.0000	inf	51.3603	0.0000	1217.1518	0.1604	0.0000	30.0729	59.2556	0.0000	1237.5422	0.0000	0.0000	0.0000	0.0000	0.0000	0.0000	0.0000	0.0000	0.0000	51106620.9549	0.3052	0.2232	0.0000	14.0465	6.0200	19.4848	3.5720	3.9608	0.0000	3.9608	0.0017	0.0000	0.0017	3.9591	0.0000	3.9591	0.0000	0.0000	0.0000	0.0000	0.0000	0.0000	0.0000	0.0000	0.0000	0.0771	0.0739	0.0033	0.0103	0.0102	0.0001	0.0668	0.0636	0.0032	0.0194	0.0145	0.0049	0.0068	0.0063	0.0006	0.0126	0.0082	0.0044
13	20	53	0.3389	8	0	3	0	1	0	0	0	0	N	Y	N	N	N	N	N	N	N	N	N	N	inf	inf	inf	inf	inf	inf	inf	0.0000	inf	44.0013	0.0006	1060.9990	0.0583	0.0038	8.7650	51.5418	0.0000	1084.6301	0.0000	0.0000	0.0000	0.0000	0.0000	0.0000	0.0000	0.0000	0.0000	79343.1422	0.2236	-0.0000	14.0465	6.0200	6.9987	3.5720	4.9999	0.0001	3.9672	0.0008	0.0001	0.0007	3.9664	0.0000	3.9664	0.0000	0.0000	0.0000	0.0000	0.0000	0.0000	0.0000	0.0000	0.0000	0.0902	0.0864	0.0037	0.0132	0.0131	0.0001	0.0770	0.0733	0.0037	0.0250	0.0182	0.0067	0.0058	0.0054	0.0004	0.0192	0.0128	0.0064	
13	20	59	0.3305	8	0	3	0	1	0	0	0	0	N	Y	N	N	N	N	N	N	N	N	N	N	3194075.0390	0.0000	950331055.9240	2739.4647	0.0000	inf	4349870.8554	0.0000	916533580.9246	22.0216	0.0000	594.5477	0.0276	0.0000	4.6056	25.7426	0.0000	608.6980	0.0000	0.0000	0.0000	0.0000	0.0000	0.0000	0.0000	0.0000	0.0000	inf	0.0233	0.2236	0.0000	14.0465	6.0200	19.4848	3.5720	3.9672	0.0000	3.9672	0.0007	0.0000	0.0007	3.9664	0.0000	3.9664	0.0000	0.0000	0.0000	0.0000	0.0000	0.0000	0.0000	0.0000	0.0000	0.1801	0.1735	0.0067	0.0261	0.0259	0.0002	0.1541	0.1476	0.0065	0.0751	0.0563	0.0189	0.0176	0.0165	0.0011	0.0575	0.0397	0.0178
13	26	28	0.3644	7	0	3	1	2	0	0	0	0	N	Y	N	N	N	N	N	N	N	N	N	N	5652.0556	0.0000	inf	1.0900	0.0000	inf	inf	0.0000	inf	29.2778	0.0000	753.9492	0.0282	0.0000	4.5486	34.6700	0.0000	773.0677	0.0052	0.0070	0.0000	0.0259	0.0273	0.0000	0.0000	0.0000	0.0000	inf	0.0000	0.1667	-0.0000	14.0465	9.0013	19.4848	6.1061	2.9570	0.0000	2.9570	0.0004	0.0000	0.0004	2.9566	0.0000	2.9566	0.0001	0.0001	0.0000	0.0001	0.0001	0.0000	0.0000	0.0000	0.0000	0.1010	0.0971	0.0039	0.0157	0.0156	0.0001	0.0853	0.0815	0.0038	0.0232	0.0172	0.0061	0.0046	0.0044	0.0002	0.0186	0.0127	0.0058
13	26	43	0.3661	6	0	3	0	1	0	0	0	0	N	Y	N	N	N	N	N	N	N	N	N	N	59192.2105	0.0000	inf	107.2491	0.0000	inf	inf	0.0000	inf	27.9380	0.0000	1431.3212	0.0987	0.0000	29.5096	55.7736	0.0000	1562.6641	0.0005	0.0006	0.0000	0.0009	0.0010	0.0000	0.0000	0.0000	0.0000	inf	0.0000	0.1614	-0.0000	14.0465	9.0013	19.4848	6.1061	2.8639	0.0000	2.8639	0.0051	0.0000	0.0051	2.8588	0.0000	2.8588	0.0000	0.0000	0.0000	0.0000	0.0000	0.0000	0.0000	0.0000	0.0000	0.1025	0.1005	0.0020	0.0513	0.0511	0.0002	0.0513	0.0494	0.0018	0.0487	0.0393	0.0093	0.0250	0.0238	0.0011	0.0237	0.0155	0.0082
13	26	47	0.3832	6	0	3	1	1	0	0	0	0	N	Y	N	N	N	N	N	N	N	N	N	N	18251.3643	0.0000	inf	11.8471	0.0000	inf	inf	0.0000	inf	34.3049	0.0000	870.5623	0.0641	0.0000	11.0051	39.2593	0.0000	886.9396	0.0019	0.0026	0.0000	0.0054	0.0062	0.0000	0.0000	0.0000	0.0000	inf	0.0000	0.2235	-0.0000	14.0465	9.0013	19.4848	6.1061	3.9645	0.0000	3.9645	0.0009	0.0000	0.0009	3.9636	0.0000	3.9636	0.0001	0.0001	0.0000	0.0001	0.0001	0.0000	0.0000	0.0000	0.0000	0.1156	0.1110	0.0046	0.0146	0.0145	0.0001	0.1010	0.0965	0.0045	0.0284	0.0209	0.0076	0.0099	0.0086	0.0012	0.0186	0.0122	0.0063
13	26	59	0.3389	5	0	3	0	1	0	0	0	0	N	Y	N	N	N	N	N	N	N	N	N	N	95.5093	0.0000	inf	0.0000	0.0000	0.0000	inf	0.0000	inf	15.1623	0.0000	425.3651	0.0000	0.0000	0.0000	17.8338	0.0000	435.9842	0.1588	0.2149	0.0000	0.6783	0.7258	0.0000	0.0000	0.0000	0.0000	inf	0.0000	0.2238	-0.0000	14.0465	9.0013	19.4848	6.1061	3.9709	0.0000	3.9709	0.0000	0.0000	0.0000	3.9709	0.0000	3.9709	0.0181	0.0181	0.0000	0.0181	0.0181	0.0000	0.0000	0.0000	0.0000	0.2619	0.2526	0.0093	0.0392	0.0390	0.0002	0.2227	0.2136	0.0091	0.1139	0.0841	0.0298	0.0267	0.0249	0.0017	0.0872	0.0592	0.0280
13	28	43	0.2196	4	0	3	1	2	0	0	0	0	N	Y	N	N	N	N	N	N	N	N	N	N	8301379.4059	18.5902	90289413.4600	115374.4067	21.4241	inf	9859704.0520	0.0000	88933196.4120	30.5548	0.0000	1467.1974	0.1338	0.0000	32.4442	59.3181	0.0000	1619.9379	0.0000	0.0000	0.0000	0.0000	0.0000	0.0000	0.0000	0.0000	0.0000	2432379.7599	5.6027	0.1076	0.0000	14.0465	5.0068	19.4848	1.9864	1.9091	0.0000	1.9091	0.0041	0.0000	0.0041	1.9050	0.0000	1.9050	0.0000	0.0000	0.0000	0.0000	0.0000	0.0000	0.0000	0.0000	0.0000	0.0625	0.0612	0.0013	0.0304	0.0302	0.0001	0.0321	0.0309	0.0012	0.0267	0.0215	0.0051	0.0128	0.0123	0.0006	0.0138	0.0093	0.0046
13	28	47	0.3832	8	0	3	2	2	0	0	0	0	N	Y	N	N	N	N	N	N	N	N	N	N	12351.5104	0.0025	78801.1362	9080.0421	0.0070	inf	9312.2954	0.0000	67315.3428	42.3385	0.0000	1039.8611	0.1324	0.0000	16.8683	49.7149	0.0000	1070.0610	0.0034	0.0000	0.0132	0.0000	0.0000	0.0000	0.0053	0.0000	0.0159	2458892377.4049	654.1059	0.1663	0.0000	14.0465	5.0068	19.4848	1.9864	2.9507	0.0000	2.9507	0.0014	0.0000	0.0014	2.9493	0.0000	2.9493	0.0000	0.0000	0.0000	0.0000	0.0000	0.0000	0.0000	0.0000	0.0000	0.0697	0.0669	0.0028	0.0104	0.0103	0.0001	0.0593	0.0566	0.0028	0.0143	0.0106	0.0037	0.0051	0.0045	0.0006	0.0091	0.0061	0.0031
13	28	53	0.3389	7	0	3	1	2	0	0	0	0	N	Y	N	N	N	N	N	N	N	N	N	N	inf	inf	inf	inf	inf	inf	inf	0.0000	inf	36.6189	0.0005	917.2759	0.0389	0.0032	5.7178	43.2857	0.0000	939.7649	0.0000	0.0000	0.0000	0.0000	0.0000	0.0000	0.0000	0.0000	0.0000	73925.0327	0.1666	0.0000	14.0465	5.0068	6.9987	1.9864	4.9999	0.0000	2.9570	0.0005	0.0000	0.0004	2.9566	0.0000	2.9566	0.0000	0.0000	0.0000	0.0000	0.0000	0.0000	0.0000	0.0000	0.0000	0.0808	0.0775	0.0032	0.0124	0.0124	0.0001	0.0683	0.0652	0.0031	0.0194	0.0142	0.0051	0.0039	0.0037	0.0002	0.0155	0.0105	0.0049	
13	28	59	0.2440	6	0	3	1	2	0	0	0	0	N	Y	N	N	N	N	N	N	N	N	N	N	14405.2280	0.5484	100469.0573	750.1129	0.7324	inf	14161.0141	0.0000	98128.9638	18.8102	0.0000	516.9372	0.0174	0.0000	3.1902	22.4554	0.0000	529.7428	0.0013	0.0000	0.0051	0.0000	0.0000	0.0000	0.0016	0.0000	0.0054	6400435.7313	313.2946	0.1667	0.0001	14.0465	5.0068	19.4848	1.9864	2.9570	0.0000	2.9570	0.0004	0.0000	0.0004	2.9566	0.0000	2.9566	0.0001	0.0000	0.0001	0.0000	0.0000	0.0000	0.0001	0.0000	0.0001	0.1572	0.1515	0.0057	0.0255	0.0254	0.0001	0.1317	0.1261	0.0056	0.0539	0.0403	0.0136	0.0097	0.0090	0.0006	0.0443	0.0313	0.0130
13	43	47	0.3832	7	0	3	1	1	0	0	0	0	N	Y	N	N	N	N	N	N	N	N	N	N	896.8293	0.0000	8842.4424	48105.5255	0.0000	inf	819.6532	0.0000	8274.1140	40.1287	0.0000	1983.6923	0.1683	0.0000	45.4868	79.5402	0.0000	2177.3311	0.0447	0.0000	0.2243	0.0000	0.0000	0.0000	0.0970	0.0000	0.2631	inf	23730.2478	0.1611	0.0013	14.0465	2.9074	19.4848	1.4877	2.8579	0.0000	2.8579	0.0060	0.0000	0.0060	2.8519	0.0000	2.8519	0.0013	0.0000	0.0013	0.0000	0.0000	0.0000	0.0013	0.0000	0.0013	0.0712	0.0698	0.0014	0.0354	0.0352	0.0001	0.0359	0.0345	0.0013	0.0296	0.0237	0.0059	0.0160	0.0151	0.0009	0.0137	0.0086	0.0050
13	43	53	0.3389	6	0	3	0	1	0	0	0	0	N	Y	N	N	N	N	N	N	N	N	N	N	inf	0.0000	inf	inf	0.0000	inf	inf	0.0000	inf	34.8674	0.0000	1755.0435	0.1231	0.0000	36.9534	69.6524	0.0000	1912.3609	0.0000	0.0000	0.0000	0.0000	0.0000	0.0000	0.0000	0.0000	0.0000	inf	0.1614	-0.0000	14.0465	2.9074	6.9987	1.4877	4.9999	0.0000	2.8639	0.0051	0.0000	0.0051	2.8588	0.0000	2.8588	0.0000	0.0000	0.0000	0.0000	0.0000	0.0000	0.0000	0.0000	0.0000	0.0821	0.0805	0.0016	0.0411	0.0410	0.0001	0.0410	0.0395	0.0015	0.0404	0.0327	0.0077	0.0207	0.0197	0.0009	0.0197	0.0129	0.0068	
13	43	59	0.2440	5	0	3	0	1	0	0	0	0	N	Y	N	N	N	N	N	N	N	N	N	N	87212.5157	0.0170	inf	167.9723	0.0212	inf	17101728.5056	0.0000	inf	19.0017	0.0000	763.1241	0.0708	0.0000	17.0924	36.0604	0.0000	826.9900	0.0002	0.0003	0.0000	0.0004	0.0004	0.0000	0.0000	0.0000	0.0000	4254146.6490	0.0000	0.1614	-0.0000	14.0465	2.9074	19.4848	1.4877	2.8639	0.0000	2.8639	0.0051	0.0000	0.0051	2.8588	0.0000	2.8588	0.0000	0.0000	0.0000	0.0000	0.0000	0.0000	0.0000	0.0000	0.0000	0.1507	0.1470	0.0038	0.0714	0.0711	0.0003	0.0793	0.0758	0.0035	0.1069	0.0867	0.0202	0.0550	0.0520	0.0030	0.0519	0.0347	0.0173
13	47	53	0.3832	6	0	3	1	1	0	0	0	0	N	Y	N	N	N	N	N	N	N	N	N	N	inf	inf	inf	inf	inf	inf	inf	0.0000	inf	42.9107	0.0178	1059.4019	0.2172	0.1372	13.8240	49.0299	0.0000	1078.6899	0.0000	0.0000	0.0000	0.0000	0.0000	0.0000	0.0000	0.0000	0.0000	2509.1858	0.2220	-0.0000	14.0465	5.9927	6.9987	2.0491	4.9999	0.0016	3.9645	0.0025	0.0016	0.0009	3.9636	0.0000	3.9636	0.0000	0.0000	0.0000	0.0000	0.0000	0.0000	0.0000	0.0000	0.0000	0.0924	0.0887	0.0037	0.0116	0.0115	0.0001	0.0808	0.0772	0.0037	0.0234	0.0172	0.0063	0.0080	0.0070	0.0010	0.0154	0.0101	0.0052	
13	47	59	0.3832	6	0	3	1	1	0	0	0	0	N	Y	N	N	N	N	N	N	N	N	N	N	33822.4867	0.0000	1279410308.0232	23.3268	0.0000	inf	132030005.5311	0.0000	1038098700.8394	22.1536	0.0000	599.6214	0.0375	0.0000	7.4855	25.7397	0.0000	611.0487	0.0007	0.0009	0.0000	0.0016	0.0018	0.0000	0.0000	0.0000	0.0000	inf	0.0002	0.2235	-0.0000	14.0465	5.9927	19.4848	2.0491	3.9645	0.0000	3.9645	0.0009	0.0000	0.0009	3.9636	0.0000	3.9636	0.0000	0.0000	0.0000	0.0000	0.0000	0.0000	0.0000	0.0000	0.0000	0.1790	0.1723	0.0066	0.0250	0.0248	0.0001	0.1540	0.1475	0.0065	0.0681	0.0513	0.0168	0.0277	0.0243	0.0034	0.0404	0.0270	0.0134
13	53	59	0.3389	5	0	3	0	1	0	0	0	0	N	Y	N	N	N	N	N	N	N	N	N	N	10115450.6416	0.0000	73368523.4256	0.0000	0.0000	0.0000	9091635.7038	0.0000	70898578.8113	18.9711	0.0000	519.7452	0.0000	0.0000	0.0000	22.2855	0.0000	532.3673	0.0000	0.0000	0.0000	0.0000	0.0000	0.0000	0.0000	0.0000	0.0000	inf	inf	0.2238	0.0000	14.0465	6.9987	19.4848	4.9999	3.9709	0.0000	3.9709	0.0000	0.0000	0.0000	3.9709	0.0000	3.9709	0.0000	0.0000	0.0000	0.0000	0.0000	0.0000	0.0000	0.0000	0.0000	0.2093	0.2017	0.0076	0.0311	0.0309	0.0002	0.1782	0.1707	0.0075	0.0942	0.0693	0.0249	0.0221	0.0207	0.0014	0.0721	0.0486	0.0235
13	53	72	0.3389	5	0	3	0	1	0	0	0	0	N	Y	N	N	N	N	N	N	N	N	N	N	inf	inf	inf	inf	inf	0.0000	inf	0.0000	inf	12.3234	6.4076	160.9565	40.9430	41.1764	0.0000	7.2527	0.0000	164.6249	0.0000	0.0000	0.0000	0.0000	0.0000	0.0000	0.0000	0.0000	0.0000	0.9998	-0.8873	-0.0000	14.0465	6.9987	11.3561	4.9999	24.5436	1.0000	0.9998	1.0000	1.0000	0.0000	0.9998	0.0000	0.9998	0.0000	0.0000	0.0000	0.0000	0.0000	0.0000	0.0000	0.0000	0.0000	0.1623	0.1561	0.0062	0.0244	0.0243	0.0001	0.1379	0.1318	0.0061	0.0795	0.0586	0.0209	0.0189	0.0177	0.0011	0.0607	0.0409	0.0198	
13	59	63	0.3281	8	0	3	0	1	0	0	0	0	N	Y	N	N	N	N	N	N	N	N	N	N	4846.4319	1781.0464	6504253.7151	2119.0348	1595.8623	inf	8697.1293	2052.1585	6776512.6761	3.7160	1.7129	83.1300	2.6875	2.1144	45.3960	4.3844	1.4469	93.2817	0.0008	0.0010	0.0000	0.0013	0.0013	0.0000	0.0005	0.0007	0.0000	1.2241	0.0034	-0.7588	0.0000	14.0465	15.6457	19.4848	33.2903	1.9297	0.8676	1.0621	0.5497	0.4268	0.1230	1.3799	0.4408	0.9391	0.0002	0.0002	0.0000	0.0001	0.0001	0.0000	0.0001	0.0001	0.0000	0.5193	0.5065	0.0128	0.2045	0.2018	0.0027	0.3147	0.3047	0.0101	0.1978	0.1572	0.0407	0.0680	0.0651	0.0029	0.1298	0.0921	0.0377
13	59	78	0.2898	5	0	3	0	1	0	0	0	0	N	Y	N	N	N	N	N	N	N	N	N	N	226.3287	0.5734	143608775.9796	0.7669	0.7501	8.4120	inf	0.0000	inf	0.1822	0.0006	8.0178	0.0016	0.0017	0.0000	0.2831	0.0000	8.6070	0.0008	0.0011	0.0000	0.0022	0.0022	0.0000	0.0000	0.0000	0.0000	306.9487	0.0000	0.0024	-0.0000	14.0465	15.6457	19.4848	33.2903	0.0453	0.0001	0.0451	0.0001	0.0001	0.0000	0.0451	0.0000	0.0451	0.0002	0.0002	0.0000	0.0002	0.0002	0.0000	0.0000	0.0000	0.0000	0.2485	0.2428	0.0056	0.0891	0.0887	0.0004	0.1594	0.1541	0.0052	0.2035	0.1552	0.0483	0.0761	0.0742	0.0020	0.1274	0.0810	0.0463
17	20	25	0.2655	8	2	3	0	0	0	0	0	0	N	Y	N	N	N	N	N	N	N	N	N	N	377788997.4756	127929163.4657	4025831219.8145	3784653.3540	1563227.3632	inf	411218237.1705	inf	1978653671.1516	57.0829	14.9953	1056.9477	0.5481	0.2794	46.3587	66.4409	17.5340	1078.0986	0.0000	0.0000	0.0000	0.0000	0.0000	0.0000	0.0000	0.0000	0.0000	2.9670	0.6810	-0.7683	0.0000	3.9750	6.0200	4.4559	3.5720	3.9255	0.9895	2.9359	0.0054	0.0027	0.0026	3.9201	0.9868	2.9333	0.0000	0.0000	0.0000	0.0000	0.0000	0.0000	0.0000	0.0000	0.0000	0.0688	0.0660	0.0028	0.0098	0.0097	0.0001	0.0590	0.0563	0.0027	0.0316	0.0243	0.0074	0.0198	0.0159	0.0039	0.0119	0.0083	0.0035
17	20	26	0.2357	7	1	3	0	0	0	0	0	0	N	Y	N	N	N	N	N	N	N	N	N	N	444988575.7526	0.0000	inf	3484497.7526	0.0000	inf	inf	0.0000	inf	104.0542	0.0000	2215.6422	1.1456	0.0000	221.2883	118.7171	0.0000	2243.4426	0.0000	0.0000	0.0000	0.0000	0.0000	0.0000	0.0000	0.0000	0.0000	inf	0.0750	0.2229	0.0000	3.9750	6.0200	4.4559	3.5720	3.9539	0.0000	3.9539	0.0054	0.0000	0.0054	3.9485	0.0000	3.9485	0.0000	0.0000	0.0000	0.0000	0.0000	0.0000	0.0000	0.0000	0.0000	0.0380	0.0362	0.0018	0.0047	0.0047	0.0000	0.0333	0.0315	0.0018	0.0184	0.0141	0.0043	0.0122	0.0097	0.0024	0.0062	0.0044	0.0018
17	20	28	0.3640	10	1	3	1	1	0	0	0	0	N	Y	N	N	N	N	N	N	N	N	N	N	inf	0.0000	inf	inf	0.0000	inf	inf	0.0000	inf	130.3432	0.0000	2668.5057	1.9122	0.0000	352.1764	150.3233	0.0000	2703.6973	0.0000	0.0000	0.0000	0.0000	0.0000	0.0000	0.0000	0.0000	0.0000	inf	0.1664	0.0000	3.9750	6.0200	5.0068	3.5720	1.9864	0.0000	2.9519	0.0058	0.0000	0.0058	2.9460	0.0000	2.9460	0.0000	0.0000	0.0000	0.0000	0.0000	0.0000	0.0000	0.0000	0.0000	0.0226	0.0215	0.0011	0.0030	0.0030	0.0000	0.0196	0.0185	0.0011	0.0096	0.0075	0.0021	0.0065	0.0052	0.0013	0.0031	0.0023	0.0008	
17	20	39	0.2357	7	2	2	1	0	0	0	0	0	N	N	N	N	N	N	N	N	N	N	N	N	2687572.5292	444.7624	inf	19647.7403	6.4790	inf	inf	inf	inf	103.9746	0.0224	2213.6387	1.1444	0.0005	220.9661	118.6265	0.0257	2241.4178	0.0000	0.0001	0.0000	0.0001	0.0001	0.0000	0.0000	0.0000	0.0000	4870.9002	0.0000	0.2220	-0.0000	3.9750	6.0200	4.4559	3.5720	3.9527	0.0008	3.9518	0.0054	0.0000	0.0054	3.9472	0.0008	3.9464	0.0000	0.0000	0.0000	0.0000	0.0000	0.0000	0.0000	0.0000	0.0000	0.0380	0.0362	0.0018	0.0047	0.0047	0.0000	0.0333	0.0315	0.0018	0.0167	0.0129	0.0039	0.0111	0.0089	0.0022	0.0056	0.0040	0.0017
17	20	42	0.2655	8	1	2	0	0	0	0	0	0	N	N	N	N	N	N	N	N	N	N	N	N	378549663.2045	0.0000	6194565510.0699	3382635.7040	0.0000	inf	485219645.3805	0.0000	2920045852.9458	75.2850	0.0000	1746.1265	0.7057	0.0000	128.6588	87.9813	0.0000	1776.6228	0.0000	0.0000	0.0000	0.0000	0.0000	0.0000	0.0000	0.0000	0.0000	inf	0.4894	0.2213	0.0000	3.9750	6.0200	4.4559	3.5720	3.9255	0.0000	3.9255	0.0054	0.0000	0.0054	3.9201	0.0000	3.9201	0.0000	0.0000	0.0000	0.0000	0.0000	0.0000	0.0000	0.0000	0.0000	0.0521	0.0499	0.0022	0.0076	0.0075	0.0000	0.0446	0.0423	0.0022	0.0274	0.0211	0.0064	0.0177	0.0142	0.0034	0.0098	0.0069	0.0029
17	20	43	0.3657	9	1	3	0	0	0	0	0	0	N	Y	N	N	N	N	N	N	N	N	N	N	1121807.7263	0.0000	2470092299.4820	7083.2886	0.0000	inf	56665594.9202	0.0000	761044330.6915	126.0657	0.0000	4941.5288	0.9543	0.0000	269.8613	239.9604	0.0000	5271.9503	0.0001	0.0001	0.0000	0.0001	0.0002	0.0000	0.0000	0.0000	0.0000	inf	0.0031	0.1605	0.0000	3.9750	6.0200	4.4559	3.5720	2.8482	0.0000	2.8482	0.0103	0.0000	0.0103	2.8379	0.0000	2.8379	0.0000	0.0000	0.0000	0.0000	0.0000	0.0000	0.0000	0.0000	0.0000	0.0226	0.0220	0.0006	0.0108	0.0107	0.0000	0.0118	0.0113	0.0005	0.0240	0.0199	0.0041	0.0199	0.0169	0.0030	0.0041	0.0030	0.0011
17	20	47	0.2800	7	1	3	1	0	0	0	0	0	N	Y	N	N	N	N	N	N	N	N	N	N	1266364495.1550	0.0000	inf	12775215.8589	0.0000	inf	inf	0.0000	inf	151.3546	0.0000	3082.4061	2.0793	0.0000	476.2103	171.1310	0.0000	3109.8016	0.0000	0.0000	0.0000	0.0000	0.0000	0.0000	0.0000	0.0000	0.0000	inf	0.1699	0.2225	0.0000	3.9750	6.0200	4.4559	3.5720	3.9475	0.0000	3.9475	0.0063	0.0000	0.0063	3.9412	0.0000	3.9412	0.0000	0.0000	0.0000	0.0000	0.0000	0.0000	0.0000	0.0000	0.0000	0.0261	0.0248	0.0013	0.0031	0.0030	0.0000	0.0230	0.0218	0.0013	0.0115	0.0089	0.0027	0.0082	0.0066	0.0016	0.0034	0.0023	0.0011
17	20	53	0.2357	7	1	3	0	0	0	0	0	0	N	Y	N	N	N	N	N	N	N	N	N	N	237195101.0324	1.3839	inf	1747156.6184	7.3927	inf	inf	0.0000	inf	129.8587	0.0000	2687.1321	1.4354	0.0000	277.3159	148.0738	0.0000	2719.6267	0.0000	0.0000	0.0000	0.0000	0.0000	0.0000	0.0000	0.0000	0.0000	138425069.8148	0.0000	0.2229	-0.0000	3.9750	6.0200	4.4559	3.5720	3.9539	0.0000	3.9539	0.0054	0.0000	0.0054	3.9485	0.0000	3.9485	0.0000	0.0000	0.0000	0.0000	0.0000	0.0000	0.0000	0.0000	0.0000	0.0304	0.0290	0.0015	0.0038	0.0038	0.0000	0.0267	0.0252	0.0015	0.0153	0.0118	0.0036	0.0102	0.0082	0.0020	0.0051	0.0036	0.0015
17	20	59	0.2273	7	1	3	0	0	0	0	0	0	N	Y	N	N	N	N	N	N	N	N	N	N	3665049.8916	0.0211	2397342835.3103	23609.7501	0.1011	inf	205933600.3227	0.0000	1340416366.6318	65.0204	0.0000	1528.2046	0.7221	0.0000	161.3530	74.0922	0.0000	1546.2143	0.0000	0.0000	0.0000	0.0000	0.0000	0.0000	0.0000	0.0000	0.0000	139015590.5709	0.0087	0.2229	0.0000	3.9750	6.0200	4.4559	3.5720	3.9539	0.0000	3.9539	0.0054	0.0000	0.0054	3.9485	0.0000	3.9485	0.0000	0.0000	0.0000	0.0000	0.0000	0.0000	0.0000	0.0000	0.0000	0.0608	0.0582	0.0026	0.0075	0.0075	0.0000	0.0533	0.0507	0.0026	0.0395	0.0300	0.0095	0.0227	0.0185	0.0042	0.0168	0.0115	0.0052
17	20	61	0.2654	7	2	2	1	0	0	0	0	0	N	N	N	N	N	N	N	N	N	N	N	N	inf	inf	inf	inf	inf	inf	inf	inf	inf	216.8683	0.0712	4296.0726	2.3834	0.0015	453.9206	247.3516	0.0816	4346.4389	0.0000	0.0000	0.0000	0.0000	0.0000	0.0000	0.0000	0.0000	0.0000	3207.1712	0.2206	0.0000	3.9750	6.0200	3.9822	3.5720	0.0090	0.0012	3.9342	0.0054	0.0000	0.0054	3.9301	0.0012	3.9289	0.0000	0.0000	0.0000	0.0000	0.0000	0.0000	0.0000	0.0000	0.0000	0.0181	0.0172	0.0009	0.0023	0.0022	0.0000	0.0159	0.0150	0.0009	0.0059	0.0046	0.0013	0.0041	0.0033	0.0008	0.0018	0.0013	0.0005	
17	20	73	0.2655	8	1	3	0	0	0	0	0	0	N	Y	N	N	N	N	N	N	N	N	N	N	16830499.8737	0.0000	inf	97571.1404	0.0000	inf	inf	0.0000	inf	96.1015	0.0000	2156.7831	0.8681	0.0000	169.5250	113.0326	0.0000	2191.8656	0.0000	0.0000	0.0000	0.0000	0.0000	0.0000	0.0000	0.0000	0.0000	inf	0.0001	0.2213	-0.0000	3.9750	6.0200	4.4559	3.5720	3.9255	0.0000	3.9255	0.0054	0.0000	0.0054	3.9201	0.0000	3.9201	0.0000	0.0000	0.0000	0.0000	0.0000	0.0000	0.0000	0.0000	0.0000	0.0408	0.0390	0.0018	0.0062	0.0061	0.0000	0.0347	0.0329	0.0018	0.0278	0.0214	0.0064	0.0178	0.0144	0.0035	0.0100	0.0070	0.0030
17	25	26	0.3442	6	2	3	0	0	0	0	0	0	N	Y	N	N	N	N	N	N	N	N	N	N	29097.6875	5790.6688	inf	146.6000	59.8460	inf	inf	inf	inf	40.0008	10.4967	766.9918	0.3349	0.1701	28.7640	46.5365	12.2671	782.7512	0.0014	0.0018	0.0000	0.0023	0.0028	0.0000	0.0000	0.0000	0.0000	2.9655	0.0000	-0.7694	-0.0000	3.9750	18.4448	4.4559	14.9713	3.9292	0.9909	2.9383	0.0047	0.0023	0.0023	3.9245	0.9885	2.9360	0.0001	0.0001	0.0000	0.0001	0.0001	0.0000	0.0000	0.0000	0.0000	0.0982	0.0944	0.0038	0.0139	0.0138	0.0001	0.0843	0.0806	0.0038	0.0467	0.0354	0.0113	0.0281	0.0226	0.0055	0.0186	0.0128	0.0058
17	25	28	0.3640	8	2	3	1	1	0	0	0	0	N	Y	N	N	N	N	N	N	N	N	N	N	22818188.5961	7977978.9332	385149098.4361	2252819.8568	940761.0420	inf	10572358.1858	3483434.6551	186580769.2259	49.1258	17.2963	808.9517	0.6009	0.3076	53.5509	57.1011	20.2067	823.8441	0.0000	0.0000	0.0000	0.0000	0.0000	0.0000	0.0000	0.0000	0.0000	1.9592	0.2779	-0.8244	0.0000	3.9750	18.4448	4.4559	14.9713	2.9281	0.9895	1.9386	0.0051	0.0026	0.0025	2.9231	0.9869	1.9362	0.0000	0.0000	0.0000	0.0000	0.0000	0.0000	0.0000	0.0000	0.0000	0.0596	0.0572	0.0024	0.0084	0.0084	0.0000	0.0512	0.0488	0.0024	0.0259	0.0201	0.0058	0.0164	0.0133	0.0030	0.0095	0.0068	0.0027
17	25	39	0.3442	6	3	2	1	0	0	0	0	0	Y	N	N	N	N	N	N	N	N	N	N	N	183363.2066	39703.7490	10365581.6674	1011.0158	412.7663	inf	1024409.2550	101193418.4288	5403463.6694	39.9701	10.4833	766.5802	0.3345	0.1699	28.7405	46.5009	12.2514	782.3324	0.0002	0.0003	0.0001	0.0003	0.0004	0.0000	0.0000	0.0000	0.0001	2.9675	0.0896	-0.7686	0.0000	3.9750	18.4448	4.4559	14.9713	3.9279	0.9900	2.9379	0.0047	0.0023	0.0023	3.9233	0.9877	2.9356	0.0000	0.0000	0.0000	0.0000	0.0000	0.0000	0.0000	0.0000	0.0000	0.0983	0.0944	0.0038	0.0139	0.0138	0.0001	0.0844	0.0806	0.0038	0.0426	0.0322	0.0103	0.0257	0.0207	0.0050	0.0168	0.0116	0.0053
17	25	43	0.3657	7	2	3	0	0	0	0	0	0	N	Y	N	N	N	N	N	N	N	N	N	N	57797104.2726	49536588.4910	440477239.8603	897899.9716	382781.8892	196763713.8137	31608206.3987	inf	151204938.6011	48.1287	17.0564	1385.9316	0.3514	0.1565	57.4355	88.7821	31.9710	1484.2721	0.0000	0.0000	0.0000	0.0000	0.0000	0.0000	0.0000	0.0000	0.0000	1.8873	1.9289	-0.8192	0.0000	3.9750	18.4448	4.4559	14.9713	2.8249	0.9784	1.8465	0.0095	0.0042	0.0053	2.8154	0.9742	1.8412	0.0000	0.0000	0.0000	0.0000	0.0000	0.0000	0.0000	0.0000	0.0000	0.0587	0.0574	0.0013	0.0270	0.0269	0.0001	0.0317	0.0305	0.0012	0.0576	0.0475	0.0100	0.0471	0.0400	0.0070	0.0105	0.0075	0.0030
17	25	47	0.3886	6	2	3	1	0	0	0	0	0	N	Y	N	N	N	N	N	N	N	N	N	N	476191.8501	96176.5946	5326310648.3430	3455.5463	1423.4032	inf	435191171.8538	inf	2214564380.5181	57.8383	15.1957	1059.6090	0.5950	0.3053	36.5874	66.9922	17.6719	1087.9489	0.0001	0.0002	0.0000	0.0002	0.0002	0.0000	0.0000	0.0000	0.0000	2.9683	0.0004	-0.7675	-0.0000	3.9750	18.4448	4.4559	14.9713	3.9229	0.9886	2.9343	0.0056	0.0028	0.0027	3.9173	0.9857	2.9316	0.0000	0.0000	0.0000	0.0000	0.0000	0.0000	0.0000	0.0000	0.0000	0.0678	0.0651	0.0028	0.0094	0.0093	0.0001	0.0585	0.0558	0.0027	0.0282	0.0217	0.0065	0.0199	0.0160	0.0039	0.0083	0.0057	0.0026
17	25	53	0.3442	6	2	3	0	0	0	0	0	0	N	Y	N	N	N	N	N	N	N	N	N	N	inf	inf	inf	inf	inf	inf	inf	inf	inf	49.9823	13.1300	933.8004	0.4207	0.2137	36.1183	58.0968	15.3330	952.3688	0.0000	0.0000	0.0000	0.0000	0.0000	0.0000	0.0000	0.0000	0.0000	2.9655	-0.7694	-0.0000	3.9750	18.4448	6.9987	14.9713	4.9999	0.9909	2.9383	0.0047	0.0023	0.0023	3.9245	0.9885	2.9360	0.0000	0.0000	0.0000	0.0000	0.0000	0.0000	0.0000	0.0000	0.0000	0.0786	0.0755	0.0031	0.0111	0.0110	0.0001	0.0676	0.0645	0.0031	0.0391	0.0296	0.0095	0.0237	0.0191	0.0046	0.0154	0.0105	0.0049	
17	25	59	0.2655	6	2	3	0	0	0	0	0	0	N	Y	N	N	N	N	N	N	N	N	N	N	2421948.2321	519435.0114	162010593.6637	21629.3285	13571.2020	5115041.5903	32808798.0476	inf	184113216.6520	25.0205	6.5665	517.6809	0.4168	0.3099	18.9241	28.8536	7.5769	528.6099	0.0000	0.0000	0.0000	0.0000	0.0000	0.0000	0.0000	0.0000	0.0000	2.9530	0.0819	-0.7733	0.0000	3.9750	18.4448	4.4559	14.9713	3.9334	0.9950	2.9383	0.0088	0.0065	0.0023	3.9245	0.9885	2.9360	0.0000	0.0000	0.0000	0.0000	0.0000	0.0000	0.0000	0.0000	0.0000	0.1572	0.1515	0.0057	0.0212	0.0211	0.0001	0.1360	0.1305	0.0056	0.1013	0.0765	0.0248	0.0520	0.0423	0.0097	0.0492	0.0342	0.0151
17	25	61	0.3739	6	3	2	1	0	0	0	0	0	Y	N	N	N	N	N	N	N	N	N	N	N	8954462.6602	1805233.5661	inf	50714.3328	20562.2987	inf	inf	inf	inf	83.6314	21.8489	1506.1740	0.7009	0.3549	59.6702	97.2140	25.5232	1535.2740	0.0000	0.0000	0.0000	0.0000	0.0000	0.0000	0.0000	0.0000	0.0000	2.9940	0.0000	-0.7588	-0.0000	3.9750	18.4448	4.4559	14.9713	3.9108	0.9792	2.9316	0.0046	0.0023	0.0023	3.9062	0.9769	2.9294	0.0000	0.0000	0.0000	0.0000	0.0000	0.0000	0.0000	0.0000	0.0000	0.0468	0.0448	0.0019	0.0066	0.0065	0.0000	0.0402	0.0383	0.0019	0.0144	0.0111	0.0033	0.0097	0.0078	0.0019	0.0047	0.0033	0.0013
17	26	28	0.3644	8	1	3	1	1	0	0	0	0	N	Y	N	N	N	N	N	N	N	N	N	N	29932010.9035	0.0000	inf	263819.3985	0.0000	inf	inf	0.0000	inf	91.9028	0.0000	1951.8623	1.2277	0.0000	217.7744	105.4355	0.0000	1979.2501	0.0000	0.0000	0.0000	0.0000	0.0000	0.0000	0.0000	0.0000	0.0000	inf	0.0000	0.1666	-0.0000	3.9750	9.0013	4.4559	6.1061	2.9556	0.0000	2.9556	0.0051	0.0000	0.0051	2.9505	0.0000	2.9505	0.0000	0.0000	0.0000	0.0000	0.0000	0.0000	0.0000	0.0000	0.0000	0.0322	0.0306	0.0015	0.0042	0.0042	0.0000	0.0280	0.0265	0.0015	0.0141	0.0109	0.0032	0.0093	0.0074	0.0018	0.0048	0.0034	0.0013
17	26	42	0.2659	6	1	2	0	0	0	0	0	0	N	N	N	N	N	N	N	N	N	N	N	N	33684.0541	0.0000	inf	167.9547	0.0000	inf	inf	0.0000	inf	52.6501	0.0000	1271.4631	0.4229	0.0000	79.6293	61.6816	0.0000	1294.4344	0.0016	0.0021	0.0000	0.0025	0.0031	0.0000	0.0000	0.0000	0.0000	inf	0.0000	0.2215	-0.0000	3.9750	9.0013	4.4559	6.1061	3.9292	0.0000	3.9292	0.0047	0.0000	0.0047	3.9245	0.0000	3.9245	0.0001	0.0001	0.0000	0.0001	0.0001	0.0000	0.0000	0.0000	0.0000	0.0746	0.0715	0.0031	0.0110	0.0109	0.0001	0.0636	0.0606	0.0030	0.0403	0.0307	0.0097	0.0250	0.0201	0.0049	0.0153	0.0105	0.0048
17	26	43	0.3661	7	1	3	0	0	0	0	0	0	N	Y	N	N	N	N	N	N	N	N	N	N	71702827.7750	0.0000	523030089.9020	15243179.0055	0.0000	inf	24345561.1814	0.0000	146898124.1732	88.8897	0.0000	3618.6688	0.6270	0.0000	183.4720	169.4099	0.0000	3862.8765	0.0000	0.0000	0.0000	0.0000	0.0000	0.0000	0.0000	0.0000	0.0000	inf	35.4542	0.1607	0.0000	3.9750	9.0013	4.4559	6.1061	2.8517	0.0000	2.8517	0.0096	0.0000	0.0096	2.8421	0.0000	2.8421	0.0000	0.0000	0.0000	0.0000	0.0000	0.0000	0.0000	0.0000	0.0000	0.0321	0.0313	0.0008	0.0153	0.0153	0.0001	0.0168	0.0160	0.0007	0.0323	0.0267	0.0056	0.0267	0.0226	0.0042	0.0056	0.0041	0.0015
17	26	47	0.2800	5	1	3	1	0	0	0	0	0	N	Y	N	N	N	N	N	N	N	N	N	N	24016655.3602	0.0000	121949991.0081	7349159.1686	0.0000	inf	8348681.7908	0.0000	47463519.2717	106.1775	0.0000	2242.9070	1.4423	0.0000	317.8154	118.4730	0.0000	2262.4939	0.0000	0.0000	0.0000	0.0000	0.0000	0.0000	0.0000	0.0000	0.0000	inf	31.2673	0.2227	0.0000	3.9750	9.0013	4.4559	6.1061	3.9513	0.0000	3.9513	0.0056	0.0000	0.0056	3.9456	0.0000	3.9456	0.0000	0.0000	0.0000	0.0000	0.0000	0.0000	0.0000	0.0000	0.0000	0.0372	0.0355	0.0018	0.0039	0.0039	0.0000	0.0333	0.0316	0.0017	0.0166	0.0127	0.0039	0.0116	0.0092	0.0024	0.0050	0.0035	0.0015
17	26	59	0.2357	4	1	3	0	0	0	0	0	0	N	Y	N	N	N	N	N	N	N	N	N	N	44434.3861	0.0856	inf	257.9458	0.4262	inf	inf	0.0000	inf	45.7739	0.0001	1102.4162	0.4811	0.0010	94.6075	51.5840	0.0000	1116.6190	0.0010	0.0014	0.0000	0.0019	0.0023	0.0000	0.0000	0.0000	0.0000	413371.0872	0.0000	0.2231	-0.0000	3.9750	9.0013	4.4559	6.1061	3.9577	0.0000	3.9577	0.0047	0.0000	0.0047	3.9530	0.0000	3.9530	0.0001	0.0001	0.0000	0.0001	0.0001	0.0000	0.0000	0.0000	0.0000	0.0865	0.0829	0.0036	0.0098	0.0098	0.0000	0.0766	0.0731	0.0035	0.0583	0.0445	0.0138	0.0322	0.0262	0.0061	0.0261	0.0183	0.0078
17	26	61	0.2654	5	2	2	1	0	0	0	0	0	N	N	N	N	N	N	N	N	N	N	N	N	inf	inf	inf	inf	inf	inf	inf	inf	inf	152.1283	0.0499	3123.8836	1.6346	0.0010	296.4486	170.8334	0.0562	3159.7126	0.0000	0.0000	0.0000	0.0000	0.0000	0.0000	0.0000	0.0000	0.0000	3205.9017	0.2208	-0.0000	3.9750	9.0013	3.9822	6.1061	0.0090	0.0012	3.9380	0.0047	0.0000	0.0047	3.9345	0.0012	3.9333	0.0000	0.0000	0.0000	0.0000	0.0000	0.0000	0.0000	0.0000	0.0000	0.0259	0.0246	0.0013	0.0029	0.0028	0.0000	0.0230	0.0218	0.0012	0.0087	0.0067	0.0020	0.0059	0.0047	0.0012	0.0028	0.0020	0.0008	
17	26	73	0.2659	6	1	3	0	0	0	0	0	0	N	Y	N	N	N	N	N	N	N	N	N	N	58489.4632	0.0000	inf	275.6786	0.0000	inf	inf	0.0000	inf	67.0426	0.0000	1573.7133	0.5104	0.0000	105.1032	79.2994	0.0000	1600.2248	0.0011	0.0015	0.0000	0.0019	0.0023	0.0000	0.0000	0.0000	0.0000	inf	0.0000	0.2215	-0.0000	3.9750	9.0013	4.4559	6.1061	3.9292	0.0000	3.9292	0.0047	0.0000	0.0047	3.9245	0.0000	3.9245	0.0000	0.0000	0.0000	0.0000	0.0000	0.0000	0.0000	0.0000	0.0000	0.0586	0.0561	0.0025	0.0091	0.0091	0.0000	0.0495	0.0470	0.0025	0.0409	0.0311	0.0098	0.0253	0.0203	0.0050	0.0156	0.0107	0.0048
17	28	43	0.3657	8	1	3	1	1	0	0	0	0	N	Y	N	N	N	N	N	N	N	N	N	N	106320446.0889	0.0000	2646094582.5314	1176937.1986	0.0000	inf	115044341.9230	0.0000	676185831.1583	97.1530	0.0000	3691.1107	0.9281	0.0000	267.4490	182.7608	0.0000	3917.6895	0.0000	0.0000	0.0000	0.0000	0.0000	0.0000	0.0000	0.0000	0.0000	inf	0.3356	0.1075	0.0000	3.9750	5.0068	4.4559	1.9864	1.9080	0.0000	1.9080	0.0086	0.0000	0.0086	1.8994	0.0000	1.8994	0.0000	0.0000	0.0000	0.0000	0.0000	0.0000	0.0000	0.0000	0.0000	0.0196	0.0191	0.0005	0.0092	0.0092	0.0000	0.0104	0.0099	0.0005	0.0180	0.0150	0.0030	0.0152	0.0129	0.0023	0.0028	0.0021	0.0007
17	28	47	0.3784	8	1	3	2	1	0	0	0	0	N	Y	N	N	N	N	N	N	N	N	N	N	758601530.6482	0.0000	inf	9218820.4915	0.0000	inf	inf	0.0000	inf	132.3827	0.0000	2669.4386	2.1402	0.0000	260.0367	151.2687	0.0000	2721.1659	0.0000	0.0000	0.0000	0.0000	0.0000	0.0000	0.0000	0.0000	0.0000	inf	0.0057	0.1662	0.0000	3.9750	5.0068	4.4559	1.9864	2.9492	0.0000	2.9492	0.0060	0.0000	0.0060	2.9432	0.0000	2.9432	0.0000	0.0000	0.0000	0.0000	0.0000	0.0000	0.0000	0.0000	0.0000	0.0223	0.0212	0.0011	0.0028	0.0028	0.0000	0.0195	0.0184	0.0011	0.0085	0.0067	0.0018	0.0064	0.0051	0.0013	0.0021	0.0016	0.0006
17	28	53	0.3640	8	1	3	1	1	0	0	0	0	N	Y	N	N	N	N	N	N	N	N	N	N	966699476.3943	0.0000	inf	8623085.7113	0.0000	inf	inf	0.0000	inf	114.7047	0.0000	2365.5831	1.5419	0.0000	274.0659	131.4725	0.0000	2397.3763	0.0000	0.0000	0.0000	0.0000	0.0000	0.0000	0.0000	0.0000	0.0000	inf	0.0000	0.1666	-0.0000	3.9750	5.0068	4.4559	1.9864	2.9556	0.0000	2.9556	0.0051	0.0000	0.0051	2.9505	0.0000	2.9505	0.0000	0.0000	0.0000	0.0000	0.0000	0.0000	0.0000	0.0000	0.0000	0.0258	0.0245	0.0012	0.0033	0.0033	0.0000	0.0224	0.0212	0.0012	0.0118	0.0091	0.0027	0.0078	0.0063	0.0016	0.0040	0.0028	0.0011
17	28	59	0.3640	8	1	3	1	1	0	0	0	0	N	Y	N	N	N	N	N	N	N	N	N	N	613805.3123	0.0000	3385164.9008	172845.5618	0.0000	inf	303374.3962	0.0000	1762939.8403	57.5352	0.0000	1343.4574	0.7790	0.0000	144.3442	65.8759	0.0000	1363.1359	0.0001	0.0000	0.0004	0.0000	0.0000	0.0000	0.0002	0.0000	0.0008	inf	34.8363	0.1666	0.0000	3.9750	5.0068	4.4559	1.9864	2.9556	0.0000	2.9556	0.0051	0.0000	0.0051	2.9505	0.0000	2.9505	0.0000	0.0000	0.0000	0.0000	0.0000	0.0000	0.0000	0.0000	0.0000	0.0514	0.0492	0.0022	0.0066	0.0065	0.0000	0.0448	0.0426	0.0022	0.0287	0.0221	0.0066	0.0167	0.0135	0.0032	0.0121	0.0087	0.0034
17	28	73	0.3640	8	1	3	1	1	0	0	0	0	N	Y	N	N	N	N	N	N	N	N	N	N	361644.2682	0.0000	inf	2475.6092	0.0000	inf	inf	0.0000	inf	81.5076	0.0000	1857.9823	0.8598	0.0000	192.6245	97.2897	0.0000	1886.1844	0.0002	0.0003	0.0000	0.0003	0.0004	0.0000	0.0000	0.0000	0.0000	inf	0.0001	0.1650	-0.0000	3.9750	5.0068	4.4559	1.9864	2.9281	0.0000	2.9281	0.0051	0.0000	0.0051	2.9231	0.0000	2.9231	0.0000	0.0000	0.0000	0.0000	0.0000	0.0000	0.0000	0.0000	0.0000	0.0359	0.0343	0.0016	0.0059	0.0059	0.0000	0.0300	0.0285	0.0015	0.0227	0.0176	0.0050	0.0147	0.0120	0.0027	0.0080	0.0057	0.0023
17	39	42	0.2655	6	2	1	1	0	0	0	0	0	N	N	N	N	N	N	N	N	N	N	N	N	204534.7966	33.5126	6135427466.0140	1024.2840	0.3434	inf	443826159.8561	inf	3068669317.4965	52.6097	0.0113	1270.3055	0.4225	0.0002	79.5126	61.6345	0.0134	1293.2585	0.0003	0.0003	0.0000	0.0004	0.0005	0.0000	0.0000	0.0000	0.0000	4835.6334	0.0002	0.2206	-0.0000	3.9750	9.0059	4.4559	4.3814	3.9279	0.0008	3.9271	0.0047	0.0000	0.0046	3.9233	0.0008	3.9225	0.0000	0.0000	0.0000	0.0000	0.0000	0.0000	0.0000	0.0000	0.0000	0.0747	0.0716	0.0031	0.0110	0.0109	0.0001	0.0637	0.0606	0.0030	0.0368	0.0279	0.0088	0.0229	0.0184	0.0045	0.0139	0.0095	0.0043
17	39	43	0.3657	7	2	2	1	0	0	0	0	0	N	N	N	N	N	N	N	N	N	N	N	N	745937.3544	177.7194	inf	4358.2516	1.3287	inf	inf	inf	inf	88.8149	0.0256	3614.7816	0.6264	0.0002	183.2311	169.2667	0.0497	3858.7433	0.0001	0.0001	0.0000	0.0001	0.0002	0.0000	0.0000	0.0000	0.0000	3554.2300	0.0000	0.1599	-0.0000	3.9750	9.0059	4.4559	4.3814	2.8505	0.0008	2.8497	0.0096	0.0000	0.0096	2.8409	0.0008	2.8401	0.0000	0.0000	0.0000	0.0000	0.0000	0.0000	0.0000	0.0000	0.0000	0.0321	0.0313	0.0008	0.0153	0.0153	0.0001	0.0168	0.0160	0.0007	0.0296	0.0244	0.0051	0.0245	0.0207	0.0038	0.0051	0.0037	0.0013
17	39	47	0.2800	5	2	2	2	0	0	0	0	0	N	N	N	N	N	N	N	N	N	N	N	N	3983688.8981	658.3815	inf	37886.6781	12.4538	inf	inf	inf	inf	106.0964	0.0229	2240.8810	1.4408	0.0006	317.3513	118.3826	0.0256	2260.4536	0.0000	0.0000	0.0000	0.0000	0.0000	0.0000	0.0000	0.0000	0.0000	4872.5079	0.0000	0.2218	-0.0000	3.9750	9.0059	4.4559	4.3814	3.9500	0.0008	3.9492	0.0056	0.0000	0.0056	3.9444	0.0008	3.9436	0.0000	0.0000	0.0000	0.0000	0.0000	0.0000	0.0000	0.0000	0.0000	0.0372	0.0355	0.0018	0.0039	0.0039	0.0000	0.0333	0.0316	0.0017	0.0151	0.0116	0.0035	0.0106	0.0084	0.0022	0.0045	0.0032	0.0013
17	39	59	0.2357	4	2	2	1	0	0	0	0	0	N	N	N	N	N	N	N	N	N	N	N	N	12188.4782	1.9900	638757384.2990	70.9562	0.0239	inf	51177349.4494	91367.0557	363394698.3055	45.7387	0.0098	1101.4095	0.4796	0.0002	94.4701	51.5445	0.0111	1115.6010	0.0038	0.0049	0.0000	0.0068	0.0083	0.0000	0.0000	0.0000	0.0000	4868.9285	0.0001	0.2222	-0.0000	3.9750	9.0059	4.4559	4.3814	3.9564	0.0008	3.9556	0.0047	0.0000	0.0047	3.9517	0.0008	3.9509	0.0002	0.0002	0.0000	0.0002	0.0002	0.0000	0.0000	0.0000	0.0000	0.0865	0.0829	0.0036	0.0098	0.0098	0.0000	0.0767	0.0731	0.0035	0.0530	0.0404	0.0126	0.0294	0.0239	0.0055	0.0236	0.0165	0.0071
17	39	61	0.2654	5	3	1	2	0	0	0	0	0	Y	N	N	N	N	N	N	N	N	N	N	N	inf	inf	inf	inf	inf	inf	inf	inf	inf	152.0123	0.0823	3121.0715	1.6329	0.0017	296.0203	170.7033	0.0929	3156.8727	0.0000	0.0000	0.0000	0.0000	0.0000	0.0000	0.0000	0.0000	0.0000	1939.5994	0.2199	0.0000	3.9750	9.0059	3.9822	4.3814	0.0090	0.0020	3.9359	0.0047	0.0000	0.0047	3.9333	0.0020	3.9312	0.0000	0.0000	0.0000	0.0000	0.0000	0.0000	0.0000	0.0000	0.0000	0.0259	0.0246	0.0013	0.0029	0.0028	0.0000	0.0230	0.0218	0.0012	0.0079	0.0061	0.0018	0.0054	0.0043	0.0011	0.0025	0.0018	0.0007	
17	39	73	0.2655	6	2	2	1	0	0	0	0	0	N	N	N	N	N	N	N	N	N	N	N	N	395355.8880	64.8466	8320228028.9334	1871.6812	0.6262	inf	658725602.5425	inf	4169862958.6421	66.9912	0.0145	1572.2843	0.5098	0.0002	104.9492	79.2388	0.0172	1598.7748	0.0002	0.0002	0.0000	0.0003	0.0003	0.0000	0.0000	0.0000	0.0000	4835.6495	0.0003	0.2206	-0.0000	3.9750	9.0059	4.4559	4.3814	3.9279	0.0008	3.9271	0.0047	0.0000	0.0046	3.9233	0.0008	3.9225	0.0000	0.0000	0.0000	0.0000	0.0000	0.0000	0.0000	0.0000	0.0000	0.0586	0.0561	0.0025	0.0091	0.0091	0.0000	0.0495	0.0471	0.0025	0.0373	0.0283	0.0090	0.0232	0.0186	0.0046	0.0141	0.0097	0.0044
17	42	43	0.3657	7	1	2	0	0	0	0	0	0	N	N	N	N	N	N	N	N	N	N	N	N	54215772.3188	0.0000	737689588.8328	640100.3060	0.0000	414980651.9013	35133567.6666	0.0000	239949470.0919	62.7187	0.0000	2629.3077	0.4483	0.0000	134.4526	117.8586	0.0000	2804.5864	0.0000	0.0000	0.0000	0.0000	0.0000	0.0000	0.0000	0.0000	0.0000	inf	1.1431	0.1592	0.0000	3.9750	12.7198	4.4559	12.5308	2.8249	0.0000	2.8249	0.0095	0.0000	0.0095	2.8154	0.0000	2.8154	0.0000	0.0000	0.0000	0.0000	0.0000	0.0000	0.0000	0.0000	0.0000	0.0450	0.0440	0.0011	0.0212	0.0211	0.0001	0.0239	0.0229	0.0010	0.0512	0.0423	0.0089	0.0424	0.0360	0.0063	0.0088	0.0063	0.0025
17	42	47	0.3483	6	1	2	1	0	0	0	0	0	N	N	N	N	N	N	N	N	N	N	N	N	107043.9923	0.0000	8190788249.8658	755.6941	0.0000	inf	513937719.5394	0.0000	3296971658.5417	76.0424	0.0000	1749.1665	0.7484	0.0000	100.3035	88.7106	0.0000	1790.9534	0.0007	0.0009	0.0000	0.0010	0.0012	0.0000	0.0000	0.0000	0.0000	inf	0.0001	0.2211	-0.0000	3.9750	12.7198	4.4559	12.5308	3.9229	0.0000	3.9229	0.0056	0.0000	0.0056	3.9173	0.0000	3.9173	0.0000	0.0000	0.0000	0.0000	0.0000	0.0000	0.0000	0.0000	0.0000	0.0516	0.0493	0.0022	0.0074	0.0074	0.0001	0.0442	0.0420	0.0022	0.0245	0.0189	0.0056	0.0176	0.0141	0.0035	0.0069	0.0047	0.0022
17	42	53	0.3040	6	1	2	0	0	0	0	0	0	N	N	N	N	N	N	N	N	N	N	N	N	6402662.8459	0.0052	inf	32364.0008	0.0225	inf	inf	0.0000	inf	65.7727	0.0000	1545.1453	0.5314	0.0000	99.9540	76.9786	0.0000	1572.0958	0.0000	0.0000	0.0000	0.0000	0.0000	0.0000	0.0000	0.0000	0.0000	983545030.9100	0.0000	0.2215	-0.0000	3.9750	12.7198	4.4559	12.5308	3.9292	0.0000	3.9292	0.0047	0.0000	0.0047	3.9245	0.0000	3.9245	0.0000	0.0000	0.0000	0.0000	0.0000	0.0000	0.0000	0.0000	0.0000	0.0597	0.0572	0.0025	0.0088	0.0087	0.0000	0.0510	0.0485	0.0025	0.0338	0.0256	0.0081	0.0211	0.0170	0.0041	0.0126	0.0086	0.0040
17	42	59	0.2655	6	1	2	0	0	0	0	0	0	N	N	N	N	N	N	N	N	N	N	N	N	7213.5446	0.0001	51720.0591	322.8704	0.0002	12593263.6191	4359.3907	0.0000	31084.0533	33.0032	0.0000	864.4037	0.2803	0.0000	52.4656	38.3060	0.0000	880.5611	0.0046	0.0006	0.0167	0.0009	0.0011	0.0000	0.0088	0.0000	0.0283	901085371.8043	8.5876	0.2215	0.0004	3.9750	12.7198	4.4559	12.5308	3.9292	0.0000	3.9292	0.0047	0.0000	0.0047	3.9245	0.0000	3.9245	0.0004	0.0000	0.0004	0.0000	0.0000	0.0000	0.0004	0.0000	0.0004	0.1191	0.1145	0.0045	0.0166	0.0165	0.0001	0.1025	0.0980	0.0045	0.0855	0.0646	0.0210	0.0455	0.0369	0.0086	0.0400	0.0277	0.0124
17	42	61	0.3337	6	2	1	1	0	0	0	0	0	N	N	N	N	N	N	N	N	N	N	N	N	51012512.5047	12957.5382	inf	283893.7887	144.4398	inf	inf	inf	inf	110.0121	0.0361	2478.3070	0.8863	0.0006	164.5201	128.7284	0.0425	2520.1473	0.0000	0.0000	0.0000	0.0000	0.0000	0.0000	0.0000	0.0000	0.0000	3184.9917	0.0002	0.2192	-0.0000	3.9750	12.7198	4.4559	12.5308	3.9108	0.0012	3.9096	0.0046	0.0000	0.0046	3.9062	0.0012	3.9050	0.0000	0.0000	0.0000	0.0000	0.0000	0.0000	0.0000	0.0000	0.0000	0.0355	0.0340	0.0016	0.0052	0.0052	0.0000	0.0303	0.0288	0.0015	0.0125	0.0097	0.0028	0.0087	0.0069	0.0017	0.0039	0.0028	0.0011
17	43	47	0.3770	7	1	3	1	0	0	0	0	0	N	Y	N	N	N	N	N	N	N	N	N	N	56215577.5466	0.0000	2740670998.5576	433002.5347	0.0000	inf	108023148.2074	0.0000	789837922.5878	126.9656	0.0000	4918.9047	0.9795	0.0000	241.5766	241.8953	0.0000	5297.8128	0.0000	0.0000	0.0000	0.0000	0.0000	0.0000	0.0000	0.0000	0.0000	inf	0.1622	0.1604	0.0000	3.9750	2.9074	4.4559	1.4877	2.8457	0.0000	2.8457	0.0105	0.0000	0.0105	2.8352	0.0000	2.8352	0.0000	0.0000	0.0000	0.0000	0.0000	0.0000	0.0000	0.0000	0.0000	0.0224	0.0218	0.0006	0.0107	0.0106	0.0000	0.0117	0.0112	0.0005	0.0199	0.0164	0.0035	0.0167	0.0141	0.0026	0.0031	0.0022	0.0009
17	43	53	0.3657	7	1	3	0	0	0	0	0	0	N	Y	N	N	N	N	N	N	N	N	N	N	inf	0.0000	inf	inf	0.0000	inf	inf	0.0000	inf	110.6294	0.0000	4407.0115	0.7789	0.0000	228.5979	211.1964	0.0000	4696.8901	0.0000	0.0000	0.0000	0.0000	0.0000	0.0000	0.0000	0.0000	0.0000	inf	0.1607	-0.0000	3.9750	2.9074	6.9987	1.4877	4.9999	0.0000	2.8517	0.0096	0.0000	0.0096	2.8421	0.0000	2.8421	0.0000	0.0000	0.0000	0.0000	0.0000	0.0000	0.0000	0.0000	0.0000	0.0258	0.0251	0.0006	0.0123	0.0123	0.0000	0.0135	0.0129	0.0006	0.0272	0.0225	0.0047	0.0226	0.0191	0.0035	0.0046	0.0034	0.0012	
17	43	59	0.3657	7	1	3	0	0	0	0	0	0	N	Y	N	N	N	N	N	N	N	N	N	N	7978356.2375	0.0000	inf	45452.5787	0.0000	inf	inf	0.0000	inf	56.4715	0.0000	2418.7946	0.4103	0.0000	117.8447	104.8345	0.0000	2589.5134	0.0000	0.0000	0.0000	0.0000	0.0000	0.0000	0.0000	0.0000	0.0000	inf	0.0006	0.1607	-0.0000	3.9750	2.9074	4.4559	1.4877	2.8517	0.0000	2.8517	0.0096	0.0000	0.0096	2.8421	0.0000	2.8421	0.0000	0.0000	0.0000	0.0000	0.0000	0.0000	0.0000	0.0000	0.0000	0.0505	0.0493	0.0012	0.0234	0.0233	0.0001	0.0271	0.0260	0.0011	0.0610	0.0497	0.0113	0.0478	0.0404	0.0074	0.0132	0.0093	0.0039
17	43	61	0.3657	7	2	2	1	0	0	0	0	0	N	N	N	N	N	N	N	N	N	N	N	N	inf	inf	inf	inf	inf	inf	inf	inf	inf	182.9821	0.0803	7148.1954	1.2716	0.0007	378.9170	353.0482	0.1581	7606.2016	0.0000	0.0000	0.0000	0.0000	0.0000	0.0000	0.0000	0.0000	0.0000	2338.6157	0.1586	0.0000	3.9750	2.9074	3.9822	1.4877	0.0090	0.0012	2.8337	0.0095	0.0000	0.0095	2.8254	0.0012	2.8242	0.0000	0.0000	0.0000	0.0000	0.0000	0.0000	0.0000	0.0000	0.0000	0.0155	0.0151	0.0004	0.0075	0.0075	0.0000	0.0080	0.0076	0.0004	0.0105	0.0088	0.0018	0.0089	0.0075	0.0014	0.0017	0.0012	0.0004	
17	43	73	0.3657	7	1	3	0	0	0	0	0	0	N	Y	N	N	N	N	N	N	N	N	N	N	1033649.3693	0.0000	916565034.3223	6037.2167	0.0000	535314258.7919	46011528.9196	0.0000	298543261.2038	79.2963	0.0000	3223.6189	0.5558	0.0000	170.8498	151.6714	0.0000	3430.0445	0.0001	0.0001	0.0000	0.0001	0.0001	0.0000	0.0000	0.0000	0.0000	inf	0.0080	0.1592	0.0000	3.9750	2.9074	4.4559	1.4877	2.8249	0.0000	2.8249	0.0095	0.0000	0.0095	2.8154	0.0000	2.8154	0.0000	0.0000	0.0000	0.0000	0.0000	0.0000	0.0000	0.0000	0.0000	0.0356	0.0347	0.0009	0.0171	0.0170	0.0001	0.0186	0.0177	0.0008	0.0518	0.0428	0.0090	0.0428	0.0364	0.0064	0.0089	0.0064	0.0026
17	47	53	0.2800	5	1	3	1	0	0	0	0	0	N	Y	N	N	N	N	N	N	N	N	N	N	3631396.9413	0.0072	inf	34740.2541	0.0477	inf	inf	0.0000	inf	132.5025	0.0000	2719.2831	1.8055	0.0000	398.6272	147.7930	0.0000	2742.0986	0.0000	0.0000	0.0000	0.0001	0.0001	0.0000	0.0000	0.0000	0.0000	407866533.2041	0.0000	0.2227	-0.0000	3.9750	5.9927	4.4559	2.0491	3.9513	0.0000	3.9513	0.0056	0.0000	0.0056	3.9456	0.0000	3.9456	0.0000	0.0000	0.0000	0.0000	0.0000	0.0000	0.0000	0.0000	0.0000	0.0298	0.0284	0.0015	0.0031	0.0031	0.0000	0.0267	0.0253	0.0014	0.0138	0.0106	0.0032	0.0097	0.0077	0.0020	0.0041	0.0029	0.0012
17	47	59	0.2800	5	1	3	1	0	0	0	0	0	N	Y	N	N	N	N	N	N	N	N	N	N	311125.8998	0.2130	inf	6365.6489	0.2678	inf	207691.8504	0.1168	inf	66.6872	0.0001	1548.6597	0.8706	0.0000	205.0407	74.7662	0.0001	1563.3011	0.0002	0.0003	0.0000	0.0001	0.0002	0.0000	0.0004	0.0005	0.0000	1163702.8084	0.0000	0.2227	-0.0000	3.9750	5.9927	4.4559	2.0491	3.9513	0.0000	3.9513	0.0056	0.0000	0.0056	3.9457	0.0000	3.9457	0.0000	0.0000	0.0000	0.0000	0.0000	0.0000	0.0000	0.0000	0.0000	0.0593	0.0567	0.0026	0.0065	0.0065	0.0000	0.0528	0.0502	0.0025	0.0350	0.0267	0.0083	0.0228	0.0184	0.0044	0.0122	0.0083	0.0039
17	47	61	0.2800	5	2	2	2	0	0	0	0	0	N	N	N	N	N	N	N	N	N	N	N	N	inf	inf	inf	inf	inf	inf	inf	inf	inf	221.2649	0.0726	4344.4248	2.9948	0.0019	661.6774	246.8776	0.0814	4379.1086	0.0000	0.0000	0.0000	0.0000	0.0000	0.0000	0.0000	0.0000	0.0000	3208.2613	0.2204	0.0000	3.9750	5.9927	3.9822	2.0491	0.0090	0.0012	3.9316	0.0056	0.0000	0.0056	3.9272	0.0012	3.9260	0.0000	0.0000	0.0000	0.0000	0.0000	0.0000	0.0000	0.0000	0.0000	0.0178	0.0169	0.0009	0.0019	0.0019	0.0000	0.0159	0.0150	0.0009	0.0053	0.0041	0.0012	0.0039	0.0031	0.0008	0.0015	0.0010	0.0004	
17	47	73	0.2825	6	1	3	1	0	0	0	0	0	N	Y	N	N	N	N	N	N	N	N	N	N	277251.2322	0.0000	inf	1847.5628	0.0000	inf	inf	0.0000	inf	96.7587	0.0000	2159.6418	0.9002	0.0000	130.8270	113.9867	0.0000	2208.2468	0.0003	0.0005	0.0000	0.0005	0.0006	0.0000	0.0000	0.0000	0.0000	inf	0.0000	0.2211	-0.0000	3.9750	5.9927	4.4559	2.0491	3.9229	0.0000	3.9229	0.0056	0.0000	0.0056	3.9173	0.0000	3.9173	0.0000	0.0000	0.0000	0.0000	0.0000	0.0000	0.0000	0.0000	0.0000	0.0405	0.0387	0.0018	0.0062	0.0061	0.0000	0.0344	0.0326	0.0018	0.0248	0.0191	0.0057	0.0178	0.0143	0.0035	0.0070	0.0048	0.0022
17	53	59	0.2357	4	1	3	0	0	0	0	0	0	N	Y	N	N	N	N	N	N	N	N	N	N	19829.9343	0.0396	inf	116.4246	0.1996	inf	inf	0.0000	inf	57.1776	0.0001	1342.0298	0.6024	0.0013	118.4986	64.4168	0.0000	1358.7818	0.0029	0.0038	0.0000	0.0052	0.0064	0.0000	0.0000	0.0000	0.0000	398469.8244	0.0000	0.2231	-0.0000	3.9750	6.9987	4.4559	4.9999	3.9577	0.0000	3.9577	0.0047	0.0000	0.0047	3.9530	0.0000	3.9530	0.0001	0.0001	0.0000	0.0001	0.0001	0.0000	0.0000	0.0000	0.0000	0.0692	0.0663	0.0029	0.0079	0.0078	0.0000	0.0614	0.0585	0.0029	0.0485	0.0369	0.0116	0.0270	0.0220	0.0051	0.0215	0.0150	0.0065
17	53	61	0.2654	5	2	2	1	0	0	0	0	0	N	N	N	N	N	N	N	N	N	N	N	N	inf	inf	inf	inf	inf	inf	inf	inf	inf	189.8190	0.0623	3786.9758	2.0439	0.0013	370.4965	213.1026	0.0703	3828.9535	0.0000	0.0000	0.0000	0.0000	0.0000	0.0000	0.0000	0.0000	0.0000	3205.9017	0.2208	0.0000	3.9750	6.9987	3.9822	4.9999	0.0090	0.0012	3.9380	0.0047	0.0000	0.0047	3.9345	0.0012	3.9333	0.0000	0.0000	0.0000	0.0000	0.0000	0.0000	0.0000	0.0000	0.0000	0.0208	0.0197	0.0010	0.0023	0.0023	0.0000	0.0185	0.0174	0.0010	0.0073	0.0056	0.0016	0.0050	0.0040	0.0010	0.0023	0.0017	0.0007	
17	53	72	0.2357	4	1	3	0	0	0	0	0	0	N	Y	N	N	N	N	N	N	N	N	N	N	5191664.7645	0.2281	inf	1.4427	1.1737	0.0000	inf	0.0000	inf	18.6400	0.0000	413.9204	0.0000	0.0000	0.0000	21.0598	0.0000	419.2478	0.0000	0.0000	0.0000	0.0000	0.0000	0.0000	0.0000	0.0000	0.0000	18156089.0918	0.0000	0.0563	-0.0000	3.9750	6.9987	4.4559	4.9999	0.9991	0.0000	0.9991	0.0000	0.0000	0.0000	0.9991	0.0000	0.9991	0.0000	0.0000	0.0000	0.0000	0.0000	0.0000	0.0000	0.0000	0.0000	0.0536	0.0512	0.0024	0.0062	0.0061	0.0000	0.0474	0.0451	0.0024	0.0421	0.0321	0.0100	0.0244	0.0198	0.0047	0.0177	0.0123	0.0054
17	53	73	0.2655	6	1	3	0	0	0	0	0	0	N	Y	N	N	N	N	N	N	N	N	N	N	inf	0.0000	inf	inf	0.0000	inf	inf	0.0000	inf	83.7493	0.0000	1910.4645	0.6414	0.0000	131.9005	98.9509	0.0000	1941.5047	0.0000	0.0000	0.0000	0.0000	0.0000	0.0000	0.0000	0.0000	0.0000	inf	0.2215	-0.0000	3.9750	6.9987	9.3088	4.9999	16.5706	0.0000	3.9292	0.0047	0.0000	0.0047	3.9245	0.0000	3.9245	0.0000	0.0000	0.0000	0.0000	0.0000	0.0000	0.0000	0.0000	0.0000	0.0469	0.0449	0.0021	0.0073	0.0072	0.0000	0.0397	0.0376	0.0020	0.0342	0.0260	0.0083	0.0214	0.0172	0.0042	0.0129	0.0088	0.0041	
17	59	61	0.3109	5	2	2	1	0	0	0	0	0	N	N	N	N	N	N	N	N	N	N	N	N	107315563.5809	27134.6009	inf	701937.4116	354.3158	inf	inf	inf	inf	95.6235	0.0312	2158.2275	0.9944	0.0006	192.8897	107.8264	0.0353	2184.6918	0.0000	0.0000	0.0000	0.0000	0.0000	0.0000	0.0000	0.0000	0.0000	3205.9097	0.0000	0.2208	-0.0000	3.9750	15.6457	4.4559	33.2903	3.9392	0.0012	3.9380	0.0047	0.0000	0.0047	3.9345	0.0012	3.9333	0.0000	0.0000	0.0000	0.0000	0.0000	0.0000	0.0000	0.0000	0.0000	0.0412	0.0394	0.0018	0.0047	0.0047	0.0000	0.0365	0.0347	0.0018	0.0176	0.0137	0.0040	0.0111	0.0089	0.0021	0.0065	0.0047	0.0018
17	59	63	0.2704	7	1	3	0	0	0	0	0	0	N	Y	N	N	N	N	N	N	N	N	N	N	71524.7493	27269.3692	208877522.0085	33113.5771	23197.1019	585280053.9965	2770377.9543	722061.0679	156113764.9173	10.9854	5.0937	214.7737	8.1185	6.3800	125.5937	12.7977	4.2620	237.2103	0.0002	0.0002	0.0000	0.0002	0.0003	0.0000	0.0000	0.0000	0.0000	1.2190	0.0012	-0.7585	0.0000	3.9750	15.6457	4.4559	33.2903	1.9238	0.8670	1.0568	0.5506	0.4264	0.1242	1.3731	0.4405	0.9326	0.0000	0.0000	0.0000	0.0000	0.0000	0.0000	0.0000	0.0000	0.0000	0.1751	0.1702	0.0049	0.0678	0.0668	0.0010	0.1073	0.1034	0.0039	0.1031	0.0846	0.0184	0.0638	0.0569	0.0069	0.0392	0.0277	0.0115
17	59	73	0.3110	6	1	3	0	0	0	0	0	0	N	Y	N	N	N	N	N	N	N	N	N	N	700.1512	0.0000	inf	3.0118	0.0000	inf	inf	0.0000	inf	42.1322	0.0000	1074.1143	0.3418	0.0000	69.3153	49.2765	0.0000	1092.8984	0.0602	0.0797	0.0000	0.1135	0.1399	0.0000	0.0000	0.0000	0.0000	inf	0.0000	0.2215	-0.0000	3.9750	15.6457	4.4559	33.2903	3.9292	0.0000	3.9292	0.0047	0.0000	0.0047	3.9245	0.0000	3.9245	0.0052	0.0052	0.0000	0.0052	0.0052	0.0000	0.0000	0.0000	0.0000	0.0933	0.0896	0.0037	0.0136	0.0135	0.0001	0.0796	0.0761	0.0036	0.0869	0.0656	0.0213	0.0461	0.0374	0.0087	0.0408	0.0282	0.0126
17	59	78	0.2898	6	1	3	0	0	0	0	0	0	N	Y	N	N	N	N	N	N	N	N	N	N	1699.8134	4.5066	460432.7693	9.6057	8.2588	0.0000	60413.1322	0.0000	587741.1075	0.5463	0.0018	21.5501	0.0054	0.0054	0.0000	0.8162	0.0000	22.6388	0.0003	0.0004	0.0000	0.0006	0.0007	0.0001	0.0000	0.0000	0.0000	303.2815	0.0364	0.0024	0.0000	3.9750	15.6457	4.4559	33.2903	0.0448	0.0001	0.0447	0.0001	0.0001	0.0000	0.0447	0.0000	0.0447	0.0000	0.0000	0.0000	0.0000	0.0000	0.0000	0.0000	0.0000	0.0000	0.0820	0.0799	0.0021	0.0273	0.0272	0.0001	0.0547	0.0527	0.0020	0.0858	0.0651	0.0207	0.0482	0.0406	0.0076	0.0376	0.0245	0.0131
17	61	73	0.2655	6	2	2	1	0	0	0	0	0	N	N	N	N	N	N	N	N	N	N	N	N	10038702.4164	2552.5376	inf	52925.8274	26.9069	inf	inf	inf	inf	140.0712	0.0461	3059.2395	1.0711	0.0007	217.1100	165.4223	0.0548	3107.2577	0.0000	0.0000	0.0000	0.0000	0.0000	0.0000	0.0000	0.0000	0.0000	3184.9917	0.0000	0.2192	-0.0000	3.9750	3.9822	4.4559	0.0090	3.9108	0.0012	3.9096	0.0046	0.0000	0.0046	3.9062	0.0012	3.9050	0.0000	0.0000	0.0000	0.0000	0.0000	0.0000	0.0000	0.0000	0.0000	0.0279	0.0266	0.0013	0.0043	0.0043	0.0000	0.0236	0.0224	0.0013	0.0127	0.0098	0.0029	0.0088	0.0070	0.0017	0.0039	0.0028	0.0011
20	25	26	0.3442	8	1	3	0	0	0	0	0	0	N	Y	N	N	N	N	N	N	N	N	N	N	49642.6742	9497.1129	inf	14.5358	7.0560	inf	inf	inf	inf	28.7838	7.5365	558.5982	0.0360	0.0186	2.6788	33.6668	8.8635	572.6048	0.0006	0.0008	0.0000	0.0025	0.0026	0.0000	0.0000	0.0000	0.0000	2.9724	0.0000	-0.7751	-0.0000	6.0200	18.4448	3.5720	14.9713	3.9672	0.9987	2.9685	0.0007	0.0004	0.0003	3.9664	0.9983	2.9681	0.0000	0.0000	0.0000	0.0000	0.0000	0.0000	0.0000	0.0000	0.0000	0.1378	0.1325	0.0053	0.0200	0.0199	0.0001	0.1178	0.1126	0.0052	0.0303	0.0221	0.0081	0.0071	0.0067	0.0004	0.0232	0.0155	0.0077
20	25	28	0.3347	10	1	3	1	1	0	0	0	0	N	Y	N	N	N	N	N	N	N	N	N	N	147206801.0453	inf	688460641.1166	inf	inf	inf	155358944.0158	inf	681350125.4283	35.7790	12.5814	597.3986	0.0910	0.0474	7.1042	42.2827	14.9603	611.9163	0.0000	0.0000	0.0000	0.0000	0.0000	0.0000	0.0000	0.0000	0.0000	1.9613	inf	-0.8308	0.0000	6.0200	18.4448	3.5720	14.9713	2.9533	0.9973	1.9560	0.0012	0.0006	0.0006	2.9521	0.9967	1.9554	0.0000	0.0000	0.0000	0.0000	0.0000	0.0000	0.0000	0.0000	0.0000	0.0825	0.0793	0.0033	0.0127	0.0126	0.0001	0.0698	0.0666	0.0032	0.0152	0.0114	0.0038	0.0031	0.0029	0.0001	0.0121	0.0085	0.0037
20	25	39	0.3442	8	2	2	1	0	0	0	0	0	N	N	N	N	N	N	N	N	N	N	N	N	338978.3317	64794.9706	inf	98.5346	47.8187	inf	inf	inf	inf	28.7617	7.5268	558.2968	0.0359	0.0186	2.6766	33.6410	8.8521	572.2969	0.0001	0.0001	0.0000	0.0004	0.0004	0.0000	0.0000	0.0000	0.0000	2.9745	0.0000	-0.7743	-0.0000	6.0200	18.4448	3.5720	14.9713	3.9659	0.9978	2.9680	0.0007	0.0004	0.0003	3.9652	0.9975	2.9677	0.0000	0.0000	0.0000	0.0000	0.0000	0.0000	0.0000	0.0000	0.0000	0.1379	0.1326	0.0053	0.0200	0.0199	0.0001	0.1179	0.1127	0.0052	0.0274	0.0200	0.0074	0.0064	0.0060	0.0004	0.0210	0.0140	0.0070
20	25	43	0.3364	9	1	3	0	0	0	0	0	0	N	Y	N	N	N	N	N	N	N	N	N	N	207421817.6765	238728470.6889	1520233115.5988	1892476.7123	718797.3738	inf	241861263.5037	inf	1431775346.9306	36.4785	12.8558	1097.8276	0.1556	0.0618	24.6721	68.8179	24.6486	1194.3209	0.0000	0.0000	0.0000	0.0000	0.0000	0.0000	0.0000	0.0000	0.0000	1.9007	2.9952	-0.8249	0.0000	6.0200	18.4448	3.5720	14.9713	2.8604	0.9861	1.8743	0.0057	0.0023	0.0035	2.8546	0.9838	1.8708	0.0000	0.0000	0.0000	0.0000	0.0000	0.0000	0.0000	0.0000	0.0000	0.0784	0.0767	0.0017	0.0369	0.0368	0.0001	0.0415	0.0399	0.0016	0.0372	0.0304	0.0068	0.0200	0.0191	0.0009	0.0172	0.0114	0.0059
20	25	47	0.3886	8	1	3	1	0	0	0	0	0	N	Y	N	N	N	N	N	N	N	N	N	N	678266007.5655	inf	inf	inf	inf	inf	inf	inf	inf	42.0407	11.0186	782.7134	0.1343	0.0701	11.4232	48.3364	12.7319	797.1380	0.0000	0.0000	0.0000	0.0000	0.0000	0.0000	0.0000	0.0000	0.0000	2.9752	-0.7731	0.0000	6.0200	18.4448	5.9927	14.9713	2.0491	0.9964	2.9644	0.0017	0.0009	0.0008	3.9591	0.9955	2.9636	0.0000	0.0000	0.0000	0.0000	0.0000	0.0000	0.0000	0.0000	0.0000	0.0942	0.0904	0.0038	0.0123	0.0122	0.0001	0.0819	0.0782	0.0037	0.0194	0.0145	0.0049	0.0068	0.0063	0.0006	0.0126	0.0082	0.0044	
20	25	53	0.3442	8	1	3	0	0	0	0	0	0	N	Y	N	N	N	N	N	N	N	N	N	N	inf	inf	inf	inf	inf	inf	inf	inf	inf	35.9836	9.4313	680.7536	0.0453	0.0235	3.3636	42.0304	11.0782	697.3063	0.0000	0.0000	0.0000	0.0000	0.0000	0.0000	0.0000	0.0000	0.0000	2.9724	-0.7751	-0.0000	6.0200	18.4448	6.9987	14.9713	4.9999	0.9987	2.9685	0.0007	0.0004	0.0003	3.9664	0.9983	2.9681	0.0000	0.0000	0.0000	0.0000	0.0000	0.0000	0.0000	0.0000	0.0000	0.1102	0.1059	0.0044	0.0159	0.0158	0.0001	0.0944	0.0901	0.0043	0.0249	0.0182	0.0067	0.0058	0.0054	0.0004	0.0192	0.0128	0.0064	
20	25	59	0.2494	8	1	3	0	0	0	0	0	0	N	Y	N	N	N	N	N	N	N	N	N	N	2599296.3614	519783.3719	604589727.7569	2249.2530	1091.1630	inf	3534641.7708	663367.9879	584274590.5931	17.9614	4.6877	379.0393	0.0227	0.0118	1.7651	20.9644	5.4983	388.8355	0.0000	0.0000	0.0000	0.0000	0.0000	0.0000	0.0000	0.0000	0.0000	2.9725	0.0233	-0.7751	0.0000	6.0200	18.4448	3.5720	14.9713	3.9672	0.9987	2.9685	0.0007	0.0004	0.0003	3.9664	0.9983	2.9681	0.0000	0.0000	0.0000	0.0000	0.0000	0.0000	0.0000	0.0000	0.0000	0.2209	0.2130	0.0078	0.0317	0.0315	0.0002	0.1892	0.1816	0.0076	0.0750	0.0561	0.0188	0.0176	0.0165	0.0011	0.0574	0.0396	0.0177
20	25	61	0.3739	8	2	2	1	0	0	0	0	0	N	N	N	N	N	N	N	N	N	N	N	N	29402562.7991	5664137.3338	inf	9588.0392	4638.7783	inf	inf	inf	inf	60.2551	15.7056	1099.6928	0.0759	0.0392	5.5651	70.3323	18.4397	1125.6943	0.0000	0.0000	0.0000	0.0000	0.0000	0.0000	0.0000	0.0000	0.0000	3.0010	0.0000	-0.7644	-0.0000	6.0200	18.4448	3.5720	14.9713	3.9486	0.9869	2.9617	0.0007	0.0004	0.0003	3.9479	0.9865	2.9614	0.0000	0.0000	0.0000	0.0000	0.0000	0.0000	0.0000	0.0000	0.0000	0.0655	0.0628	0.0027	0.0094	0.0093	0.0001	0.0561	0.0535	0.0026	0.0094	0.0069	0.0024	0.0024	0.0023	0.0002	0.0069	0.0046	0.0023
20	26	28	0.3644	10	0	3	1	1	0	0	0	0	N	Y	N	N	N	N	N	N	N	N	N	N	45197007.9445	0.0000	inf	32490.7354	0.0000	inf	inf	0.0000	inf	66.5909	0.0000	1430.1801	0.2056	0.0000	31.1059	76.2921	0.0000	1455.9707	0.0000	0.0000	0.0000	0.0000	0.0000	0.0000	0.0000	0.0000	0.0000	inf	0.0000	0.1680	-0.0000	6.0200	9.0013	3.5720	6.1061	2.9812	0.0000	2.9812	0.0012	0.0000	0.0012	2.9800	0.0000	2.9800	0.0000	0.0000	0.0000	0.0000	0.0000	0.0000	0.0000	0.0000	0.0000	0.0448	0.0427	0.0021	0.0057	0.0057	0.0000	0.0391	0.0370	0.0020	0.0086	0.0064	0.0021	0.0020	0.0019	0.0001	0.0066	0.0046	0.0020
20	26	42	0.2659	8	0	2	0	0	0	0	0	0	N	N	N	N	N	N	N	N	N	N	N	N	56414.8832	0.0000	inf	15.9077	0.0000	inf	inf	0.0000	inf	37.9657	0.0000	928.2632	0.0462	0.0000	7.6259	44.6132	0.0000	949.0568	0.0007	0.0009	0.0000	0.0029	0.0031	0.0000	0.0000	0.0000	0.0000	2730546918.0356	0.0000	0.2236	-0.0000	6.0200	9.0013	3.5720	6.1061	3.9672	0.0000	3.9672	0.0007	0.0000	0.0007	3.9664	0.0000	3.9664	0.0000	0.0000	0.0000	0.0000	0.0000	0.0000	0.0000	0.0000	0.0000	0.1045	0.1002	0.0043	0.0156	0.0155	0.0001	0.0889	0.0847	0.0042	0.0255	0.0186	0.0069	0.0059	0.0056	0.0004	0.0196	0.0131	0.0065
20	26	43	0.3661	9	0	3	0	0	0	0	0	0	N	Y	N	N	N	N	N	N	N	N	N	N	103027564.0081	0.0000	813415009.4344	inf	0.0000	inf	96539002.5047	0.0000	765785375.9503	66.9857	0.0000	2800.2588	0.2842	0.0000	73.7086	127.1170	0.0000	3025.8434	0.0000	0.0000	0.0000	0.0000	0.0000	0.0000	0.0000	0.0000	0.0000	inf	inf	0.1628	0.0000	6.0200	9.0013	3.5720	6.1061	2.8877	0.0000	2.8877	0.0058	0.0000	0.0058	2.8819	0.0000	2.8819	0.0000	0.0000	0.0000	0.0000	0.0000	0.0000	0.0000	0.0000	0.0000	0.0431	0.0421	0.0010	0.0204	0.0204	0.0001	0.0227	0.0217	0.0010	0.0205	0.0167	0.0038	0.0106	0.0101	0.0005	0.0099	0.0066	0.0033
20	26	47	0.2508	7	0	3	1	0	0	0	0	0	N	Y	N	N	N	N	N	N	N	N	N	N	34860923.5346	inf	197174823.4810	inf	inf	inf	28784950.1802	0.0000	180656195.7468	76.7135	0.0000	1636.1064	0.3044	0.0000	43.9957	85.7595	0.0000	1661.3672	0.0000	0.0000	0.0000	0.0000	0.0000	0.0000	0.0000	0.0000	0.0000	1132386464.0893	inf	0.2249	0.0000	6.0200	9.0013	3.5720	6.1061	3.9897	0.0000	3.9897	0.0017	0.0000	0.0017	3.9880	0.0000	3.9880	0.0000	0.0000	0.0000	0.0000	0.0000	0.0000	0.0000	0.0000	0.0000	0.0520	0.0496	0.0024	0.0055	0.0055	0.0000	0.0465	0.0441	0.0024	0.0111	0.0082	0.0029	0.0031	0.0028	0.0003	0.0080	0.0054	0.0026
20	26	59	0.2064	6	0	3	0	0	0	0	0	0	N	Y	N	N	N	N	N	N	N	N	N	N	68770.2870	0.0485	inf	64.4404	0.2962	inf	inf	0.0000	inf	32.5641	0.0000	793.1858	0.1372	0.0007	31.8019	34.0415	0.0000	796.6706	0.0005	0.0006	0.0000	0.0021	0.0023	0.0000	0.0000	0.0000	0.0000	1106304.9800	0.0000	0.2252	-0.0000	6.0200	9.0013	3.5720	6.1061	3.9962	0.0000	3.9962	0.0007	0.0000	0.0007	3.9954	0.0000	3.9954	0.0000	0.0000	0.0000	0.0000	0.0000	0.0000	0.0000	0.0000	0.0000	0.1227	0.1177	0.0050	0.0053	0.0053	0.0000	0.1174	0.1124	0.0050	0.0423	0.0317	0.0106	0.0094	0.0087	0.0007	0.0329	0.0229	0.0100
20	26	61	0.2361	7	1	2	1	0	0	0	0	0	N	N	N	N	N	N	N	N	N	N	N	N	inf	inf	inf	inf	inf	inf	inf	inf	inf	108.4678	0.0355	2248.4720	0.5833	0.0004	91.3395	112.2459	0.0368	2258.1734	0.0000	0.0000	0.0000	0.0000	0.0000	0.0000	0.0000	0.0000	0.0000	3210.9664	0.2230	0.0000	6.0200	9.0013	3.9822	6.1061	0.0090	0.0012	3.9762	0.0007	0.0000	0.0007	3.9768	0.0012	3.9755	0.0000	0.0000	0.0000	0.0000	0.0000	0.0000	0.0000	0.0000	0.0000	0.0367	0.0349	0.0018	0.0012	0.0012	0.0000	0.0354	0.0337	0.0018	0.0056	0.0041	0.0015	0.0010	0.0010	0.0001	0.0046	0.0031	0.0014	
20	26	73	0.2659	8	0	3	0	0	0	0	0	0	N	Y	N	N	N	N	N	N	N	N	N	N	97946.3699	0.0000	inf	26.4352	0.0000	inf	inf	0.0000	inf	48.4119	0.0000	1151.2919	0.0563	0.0000	10.1287	57.3425	0.0000	1175.3241	0.0005	0.0007	0.0000	0.0021	0.0023	0.0000	0.0000	0.0000	0.0000	inf	0.0000	0.2236	-0.0000	6.0200	9.0013	3.5720	6.1061	3.9672	0.0000	3.9672	0.0007	0.0000	0.0007	3.9664	0.0000	3.9664	0.0000	0.0000	0.0000	0.0000	0.0000	0.0000	0.0000	0.0000	0.0000	0.0819	0.0785	0.0034	0.0128	0.0127	0.0001	0.0692	0.0658	0.0034	0.0259	0.0189	0.0070	0.0060	0.0057	0.0004	0.0199	0.0133	0.0066
20	28	43	0.3364	10	0	3	1	1	0	0	0	0	N	Y	N	N	N	N	N	N	N	N	N	N	2543079.6353	0.0000	inf	6882.3175	0.0000	inf	490594876.0524	0.0000	inf	74.2473	0.0000	3015.1659	0.3866	0.0000	102.8581	141.9377	0.0000	3244.4510	0.0000	0.0000	0.0000	0.0001	0.0001	0.0000	0.0000	0.0000	0.0000	inf	0.0021	0.1089	0.0000	6.0200	5.0068	3.5720	1.9864	1.9319	0.0000	1.9319	0.0048	0.0000	0.0048	1.9271	0.0000	1.9271	0.0000	0.0000	0.0000	0.0000	0.0000	0.0000	0.0000	0.0000	0.0000	0.0260	0.0254	0.0006	0.0124	0.0124	0.0000	0.0136	0.0130	0.0006	0.0106	0.0088	0.0019	0.0055	0.0053	0.0002	0.0051	0.0035	0.0016
20	28	47	0.3784	10	0	3	2	1	0	0	0	0	N	Y	N	N	N	N	N	N	N	N	N	N	inf	0.0000	inf	inf	0.0000	inf	inf	0.0000	inf	96.8533	0.0000	1981.0694	0.6042	0.0000	106.6627	109.2046	0.0000	2006.1014	0.0000	0.0000	0.0000	0.0000	0.0000	0.0000	0.0000	0.0000	0.0000	inf	0.1677	0.0000	6.0200	5.0068	5.9927	1.9864	2.0491	0.0000	2.9748	0.0021	0.0000	0.0021	2.9727	0.0000	2.9727	0.0000	0.0000	0.0000	0.0000	0.0000	0.0000	0.0000	0.0000	0.0000	0.0307	0.0292	0.0015	0.0035	0.0035	0.0000	0.0272	0.0257	0.0015	0.0054	0.0042	0.0013	0.0018	0.0017	0.0002	0.0036	0.0025	0.0011	
20	28	53	0.3347	10	0	3	1	1	0	0	0	0	N	Y	N	N	N	N	N	N	N	N	N	N	inf	0.0000	inf	inf	0.0000	inf	inf	0.0000	inf	83.1501	0.0000	1734.8719	0.2592	0.0000	39.1498	95.1310	0.0000	1764.9794	0.0000	0.0000	0.0000	0.0000	0.0000	0.0000	0.0000	0.0000	0.0000	inf	0.1680	-0.0000	6.0200	5.0068	6.9987	1.9864	4.9999	0.0000	2.9812	0.0012	0.0000	0.0012	2.9800	0.0000	2.9800	0.0000	0.0000	0.0000	0.0000	0.0000	0.0000	0.0000	0.0000	0.0000	0.0359	0.0341	0.0017	0.0045	0.0045	0.0000	0.0313	0.0296	0.0017	0.0071	0.0053	0.0018	0.0016	0.0015	0.0001	0.0055	0.0038	0.0017	
20	28	59	0.3347	10	0	3	1	1	0	0	0	0	N	Y	N	N	N	N	N	N	N	N	N	N	12530660.1438	0.0000	inf	9834.4267	0.0000	inf	inf	0.0000	inf	41.6254	0.0000	988.0335	0.1255	0.0000	20.6449	47.8567	0.0000	1006.6097	0.0000	0.0000	0.0000	0.0000	0.0000	0.0000	0.0000	0.0000	0.0000	inf	0.0012	0.1680	0.0000	6.0200	5.0068	3.5720	1.9864	2.9812	0.0000	2.9812	0.0012	0.0000	0.0012	2.9800	0.0000	2.9800	0.0000	0.0000	0.0000	0.0000	0.0000	0.0000	0.0000	0.0000	0.0000	0.0716	0.0686	0.0030	0.0093	0.0093	0.0001	0.0623	0.0593	0.0030	0.0199	0.0154	0.0045	0.0052	0.0049	0.0003	0.0147	0.0105	0.0042
20	28	73	0.3347	10	0	3	1	1	0	0	0	0	N	Y	N	N	N	N	N	N	N	N	N	N	31658664.6038	0.0000	inf	14574.3021	0.0000	inf	inf	0.0000	inf	59.5043	0.0000	1380.3048	0.1350	0.0000	26.7887	71.8998	0.0000	1408.2005	0.0000	0.0000	0.0000	0.0000	0.0000	0.0000	0.0000	0.0000	0.0000	inf	0.0000	0.1665	-0.0000	6.0200	5.0068	3.5720	1.9864	2.9533	0.0000	2.9533	0.0012	0.0000	0.0012	2.9521	0.0000	2.9521	0.0000	0.0000	0.0000	0.0000	0.0000	0.0000	0.0000	0.0000	0.0000	0.0496	0.0475	0.0021	0.0086	0.0085	0.0000	0.0411	0.0390	0.0021	0.0131	0.0098	0.0033	0.0027	0.0026	0.0001	0.0104	0.0073	0.0032
20	39	42	0.2578	8	1	1	1	0	0	0	0	0	N	N	N	N	N	N	N	N	N	N	N	N	67888.5349	18.3621	1069543.5431	78.7795	0.0366	5647.2869	80937.8511	23.7994	1127044.6272	37.9365	0.0082	927.4163	0.0461	0.0000	7.6147	44.5791	0.0097	948.1925	0.0006	0.0004	0.0009	0.0006	0.0005	0.0013	0.0006	0.0004	0.0008	4843.5953	0.7221	0.2227	0.0000	6.0200	9.0059	3.5720	4.3814	3.9659	0.0008	3.9651	0.0007	0.0000	0.0007	3.9652	0.0008	3.9643	0.0000	0.0000	0.0000	0.0000	0.0000	0.0000	0.0000	0.0000	0.0000	0.1045	0.1003	0.0043	0.0156	0.0155	0.0001	0.0889	0.0848	0.0042	0.0231	0.0169	0.0062	0.0053	0.0050	0.0003	0.0178	0.0119	0.0059
20	39	43	0.3580	9	1	2	1	0	0	0	0	0	N	N	N	N	N	N	N	N	N	N	N	N	5520.3194	1.2913	inf	12.0858	0.0037	inf	inf	inf	inf	66.9293	0.0192	2797.2410	0.2839	0.0001	73.6187	127.0096	0.0371	3022.5950	0.0121	0.0149	0.0000	0.0235	0.0246	0.0000	0.0000	0.0000	0.0000	3570.5070	0.0000	0.1619	-0.0000	6.0200	9.0059	3.5720	4.3814	2.8865	0.0008	2.8857	0.0058	0.0000	0.0058	2.8807	0.0008	2.8799	0.0002	0.0002	0.0000	0.0002	0.0002	0.0000	0.0000	0.0000	0.0000	0.0431	0.0421	0.0010	0.0204	0.0204	0.0001	0.0227	0.0217	0.0010	0.0186	0.0152	0.0034	0.0096	0.0092	0.0004	0.0090	0.0060	0.0030
20	39	47	0.2508	7	1	2	2	0	0	0	0	0	N	N	N	N	N	N	N	N	N	N	N	N	137136.6283	21.8517	inf	214.7004	0.0830	inf	374493.5679	54.6952	inf	76.6548	0.0165	1634.6255	0.3040	0.0001	43.9310	85.6941	0.0185	1659.8656	0.0006	0.0008	0.0000	0.0014	0.0016	0.0000	0.0002	0.0003	0.0000	4880.7255	0.0000	0.2240	-0.0000	6.0200	9.0059	3.5720	4.3814	3.9884	0.0008	3.9876	0.0017	0.0000	0.0017	3.9867	0.0008	3.9859	0.0000	0.0000	0.0000	0.0000	0.0000	0.0000	0.0000	0.0000	0.0000	0.0520	0.0496	0.0024	0.0055	0.0055	0.0000	0.0465	0.0441	0.0024	0.0100	0.0074	0.0026	0.0028	0.0025	0.0003	0.0072	0.0049	0.0023
20	39	59	0.2064	6	1	2	1	0	0	0	0	0	N	N	N	N	N	N	N	N	N	N	N	N	449.3098	0.0722	inf	5.2791	0.0263	inf	397.4309	0.0593	inf	32.5391	0.0070	792.4599	0.1370	0.0007	31.7541	34.0154	0.0073	795.9420	0.0724	0.0968	0.0000	0.0260	0.0279	0.0000	0.0856	0.1228	0.0000	4855.9035	0.0000	0.2243	-0.0000	6.0200	9.0059	3.5720	4.3814	3.9949	0.0008	3.9941	0.0007	0.0000	0.0007	3.9942	0.0008	3.9933	0.0028	0.0028	0.0000	0.0002	0.0002	0.0000	0.0025	0.0025	0.0000	0.1228	0.1177	0.0050	0.0053	0.0053	0.0000	0.1174	0.1124	0.0050	0.0382	0.0285	0.0096	0.0084	0.0078	0.0006	0.0297	0.0207	0.0090
20	39	61	0.2361	7	2	1	2	0	0	0	0	0	N	N	N	N	N	N	N	N	N	N	N	N	inf	inf	inf	inf	inf	inf	inf	inf	inf	108.3850	0.0586	2246.4420	0.5826	0.0006	91.2037	112.1604	0.0607	2256.1358	0.0000	0.0000	0.0000	0.0000	0.0000	0.0000	0.0000	0.0000	0.0000	1942.7515	0.2221	-0.0000	6.0200	9.0059	3.9822	4.3814	0.0090	0.0020	3.9742	0.0007	0.0000	0.0007	3.9755	0.0020	3.9734	0.0000	0.0000	0.0000	0.0000	0.0000	0.0000	0.0000	0.0000	0.0000	0.0367	0.0349	0.0018	0.0012	0.0012	0.0000	0.0354	0.0337	0.0018	0.0051	0.0037	0.0014	0.0009	0.0009	0.0001	0.0041	0.0028	0.0013	
20	39	73	0.2578	8	1	2	1	0	0	0	0	0	N	N	N	N	N	N	N	N	N	N	N	N	669958.3768	105.3510	inf	179.5009	0.0715	inf	inf	inf	inf	48.3748	0.0104	1150.2443	0.0563	0.0000	10.1137	57.2987	0.0124	1174.2566	0.0001	0.0001	0.0000	0.0003	0.0003	0.0000	0.0000	0.0000	0.0000	4843.6039	0.0000	0.2227	-0.0000	6.0200	9.0059	3.5720	4.3814	3.9659	0.0008	3.9651	0.0007	0.0000	0.0007	3.9652	0.0008	3.9643	0.0000	0.0000	0.0000	0.0000	0.0000	0.0000	0.0000	0.0000	0.0000	0.0820	0.0785	0.0034	0.0128	0.0127	0.0001	0.0692	0.0658	0.0034	0.0235	0.0171	0.0063	0.0054	0.0051	0.0003	0.0181	0.0120	0.0060
20	42	43	0.3364	9	0	2	0	0	0	0	0	0	N	N	N	N	N	N	N	N	N	N	N	N	296627936.1765	0.0000	2507184856.3422	inf	0.0000	inf	275758776.4361	0.0000	2366313755.9334	47.5947	0.0000	2107.2967	0.1994	0.0000	54.2324	91.2599	0.0000	2281.1532	0.0000	0.0000	0.0000	0.0000	0.0000	0.0000	0.0000	0.0000	0.0000	inf	inf	0.1612	0.0000	6.0200	12.7198	3.5720	12.5308	2.8604	0.0000	2.8604	0.0057	0.0000	0.0057	2.8546	0.0000	2.8546	0.0000	0.0000	0.0000	0.0000	0.0000	0.0000	0.0000	0.0000	0.0000	0.0601	0.0587	0.0014	0.0288	0.0287	0.0001	0.0313	0.0300	0.0013	0.0321	0.0263	0.0058	0.0173	0.0165	0.0008	0.0148	0.0097	0.0051
20	42	47	0.3483	8	0	2	1	0	0	0	0	0	N	N	N	N	N	N	N	N	N	N	N	N	2950705.3442	0.0453	inf	3211.8499	0.1402	inf	100103380.4561	0.0000	inf	55.3702	0.0000	1294.5431	0.1708	0.0000	32.8332	64.0041	0.0000	1315.6461	0.0000	0.0000	0.0000	0.0001	0.0001	0.0000	0.0000	0.0000	0.0000	50779433.6019	0.0011	0.2232	0.0000	6.0200	12.7198	3.5720	12.5308	3.9608	0.0000	3.9608	0.0017	0.0000	0.0017	3.9591	0.0000	3.9591	0.0000	0.0000	0.0000	0.0000	0.0000	0.0000	0.0000	0.0000	0.0000	0.0715	0.0685	0.0031	0.0097	0.0096	0.0001	0.0619	0.0588	0.0030	0.0164	0.0122	0.0042	0.0057	0.0052	0.0005	0.0108	0.0070	0.0037
20	42	53	0.3040	8	0	2	0	0	0	0	0	0	N	N	N	N	N	N	N	N	N	N	N	N	6774670.3998	65.7029	inf	2034.0478	124.9754	inf	inf	inf	inf	47.4515	0.0006	1129.1490	0.0623	0.0041	9.5732	55.6777	0.0000	1153.6343	0.0000	0.0000	0.0000	0.0000	0.0000	0.0000	0.0000	0.0000	0.0000	78535.5794	0.0000	0.2236	-0.0000	6.0200	12.7198	3.5720	12.5308	3.9672	0.0001	3.9672	0.0008	0.0001	0.0007	3.9664	0.0000	3.9664	0.0000	0.0000	0.0000	0.0000	0.0000	0.0000	0.0000	0.0000	0.0000	0.0836	0.0801	0.0035	0.0124	0.0123	0.0001	0.0712	0.0678	0.0034	0.0211	0.0154	0.0057	0.0048	0.0045	0.0003	0.0162	0.0108	0.0054
20	42	59	0.2362	8	0	2	0	0	0	0	0	0	N	N	N	N	N	N	N	N	N	N	N	N	74529.5467	0.0075	912523269.0947	44.6817	0.0000	inf	129747.0935	0.0120	882128785.1029	23.7700	0.0000	633.9152	0.0296	0.0000	5.0323	27.8174	0.0000	648.6259	0.0003	0.0004	0.0000	0.0007	0.0007	0.0000	0.0002	0.0003	0.0000	7748927.6118	0.0006	0.2236	-0.0000	6.0200	12.7198	3.5720	12.5308	3.9672	0.0000	3.9672	0.0007	0.0000	0.0007	3.9664	0.0000	3.9664	0.0000	0.0000	0.0000	0.0000	0.0000	0.0000	0.0000	0.0000	0.0000	0.1669	0.1606	0.0063	0.0243	0.0242	0.0001	0.1426	0.1365	0.0061	0.0620	0.0463	0.0157	0.0145	0.0136	0.0009	0.0476	0.0327	0.0149
20	42	61	0.3337	8	1	1	1	0	0	0	0	0	N	N	N	N	N	N	N	N	N	N	N	N	inf	inf	inf	inf	inf	inf	inf	inf	inf	79.4275	0.0260	1813.7685	0.0976	0.0001	15.7791	93.1110	0.0307	1851.8960	0.0000	0.0000	0.0000	0.0000	0.0000	0.0000	0.0000	0.0000	0.0000	3189.8674	0.2213	0.0000	6.0200	12.7198	3.9822	12.5308	0.0090	0.0012	3.9474	0.0007	0.0000	0.0007	3.9479	0.0012	3.9467	0.0000	0.0000	0.0000	0.0000	0.0000	0.0000	0.0000	0.0000	0.0000	0.0497	0.0475	0.0022	0.0073	0.0073	0.0000	0.0424	0.0403	0.0021	0.0079	0.0059	0.0021	0.0020	0.0019	0.0001	0.0059	0.0040	0.0020	
20	43	47	0.3770	9	0	3	1	0	0	0	0	0	N	Y	N	N	N	N	N	N	N	N	N	N	2879977.9933	0.0000	9119944137.8661	7679.2152	0.0000	inf	402519601.5492	0.0000	8299254745.9714	96.6162	0.0000	3937.5691	0.4792	0.0000	136.1279	181.7062	0.0000	4212.1168	0.0000	0.0000	0.0000	0.0001	0.0001	0.0000	0.0000	0.0000	0.0000	inf	0.0025	0.1624	0.0000	6.0200	2.9074	3.5720	1.4877	2.8816	0.0000	2.8816	0.0067	0.0000	0.0067	2.8749	0.0000	2.8749	0.0000	0.0000	0.0000	0.0000	0.0000	0.0000	0.0000	0.0000	0.0000	0.0298	0.0291	0.0007	0.0140	0.0140	0.0000	0.0158	0.0151	0.0007	0.0123	0.0100	0.0024	0.0066	0.0062	0.0004	0.0058	0.0038	0.0020
20	43	53	0.3364	9	0	3	0	0	0	0	0	0	N	Y	N	N	N	N	N	N	N	N	N	N	inf	0.0000	inf	inf	0.0000	inf	inf	0.0000	inf	83.3929	0.0000	3418.7412	0.3533	0.0000	91.9614	158.4667	0.0000	3687.6040	0.0000	0.0000	0.0000	0.0000	0.0000	0.0000	0.0000	0.0000	0.0000	inf	0.1628	-0.0000	6.0200	2.9074	6.9987	1.4877	4.9999	0.0000	2.8877	0.0058	0.0000	0.0058	2.8819	0.0000	2.8819	0.0000	0.0000	0.0000	0.0000	0.0000	0.0000	0.0000	0.0000	0.0000	0.0346	0.0338	0.0008	0.0164	0.0164	0.0001	0.0182	0.0174	0.0008	0.0170	0.0139	0.0031	0.0088	0.0084	0.0004	0.0083	0.0055	0.0027	
20	43	59	0.3364	9	0	3	0	0	0	0	0	0	N	Y	N	N	N	N	N	N	N	N	N	N	63116892.7923	0.0000	inf	147528.0951	0.0000	inf	inf	0.0000	inf	42.5184	0.0000	1875.3349	0.1848	0.0000	47.4014	78.9939	0.0000	2033.3697	0.0000	0.0000	0.0000	0.0000	0.0000	0.0000	0.0000	0.0000	0.0000	inf	0.0102	0.1628	0.0000	6.0200	2.9074	3.5720	1.4877	2.8877	0.0000	2.8877	0.0058	0.0000	0.0058	2.8819	0.0000	2.8819	0.0000	0.0000	0.0000	0.0000	0.0000	0.0000	0.0000	0.0000	0.0000	0.0679	0.0664	0.0015	0.0314	0.0313	0.0001	0.0365	0.0351	0.0014	0.0439	0.0357	0.0082	0.0231	0.0219	0.0013	0.0208	0.0138	0.0070
20	43	61	0.3624	9	1	2	1	0	0	0	0	0	N	N	N	N	N	N	N	N	N	N	N	N	inf	inf	inf	inf	inf	inf	inf	inf	inf	137.9313	0.0602	5576.3750	0.5768	0.0003	152.9034	265.0123	0.1179	6005.3050	0.0000	0.0000	0.0000	0.0000	0.0000	0.0000	0.0000	0.0000	0.0000	2349.0896	0.1606	0.0000	6.0200	2.9074	3.9822	1.4877	0.0090	0.0012	2.8695	0.0058	0.0000	0.0058	2.8650	0.0012	2.8638	0.0000	0.0000	0.0000	0.0000	0.0000	0.0000	0.0000	0.0000	0.0000	0.0208	0.0203	0.0005	0.0100	0.0100	0.0000	0.0108	0.0103	0.0005	0.0064	0.0052	0.0012	0.0033	0.0031	0.0001	0.0031	0.0021	0.0010	
20	43	73	0.3364	9	0	3	0	0	0	0	0	0	N	Y	N	N	N	N	N	N	N	N	N	N	53211025.5325	0.0000	3162951381.8077	135981.6194	0.0000	inf	360256032.0456	0.0000	2972194811.8291	60.2194	0.0000	2617.6940	0.2480	0.0000	70.2338	117.3583	0.0000	2823.9009	0.0000	0.0000	0.0000	0.0000	0.0000	0.0000	0.0000	0.0000	0.0000	inf	0.1536	0.1612	0.0000	6.0200	2.9074	3.5720	1.4877	2.8604	0.0000	2.8604	0.0057	0.0000	0.0057	2.8546	0.0000	2.8546	0.0000	0.0000	0.0000	0.0000	0.0000	0.0000	0.0000	0.0000	0.0000	0.0475	0.0464	0.0011	0.0232	0.0231	0.0001	0.0243	0.0233	0.0010	0.0325	0.0266	0.0059	0.0175	0.0167	0.0008	0.0150	0.0099	0.0052
20	47	53	0.2508	7	0	3	1	0	0	0	0	0	N	Y	N	N	N	N	N	N	N	N	N	N	4141907.4239	0.0627	inf	4568.2372	0.1936	inf	inf	0.0000	inf	95.7739	0.0000	1985.4742	0.3827	0.0000	55.1050	106.9780	0.0000	2015.1343	0.0000	0.0000	0.0000	0.0001	0.0001	0.0000	0.0000	0.0000	0.0000	51479553.8146	0.0000	0.2249	-0.0000	6.0200	5.9927	3.5720	2.0491	3.9897	0.0000	3.9897	0.0017	0.0000	0.0017	3.9880	0.0000	3.9880	0.0000	0.0000	0.0000	0.0000	0.0000	0.0000	0.0000	0.0000	0.0000	0.0417	0.0396	0.0020	0.0044	0.0043	0.0000	0.0373	0.0353	0.0020	0.0091	0.0068	0.0024	0.0025	0.0023	0.0002	0.0066	0.0045	0.0021
20	47	59	0.2508	7	0	3	1	0	0	0	0	0	N	Y	N	N	N	N	N	N	N	N	N	N	202396.0497	0.0000	inf	340.5293	0.0000	inf	563383.4779	0.0000	inf	48.1250	0.0000	1133.0761	0.1759	0.0000	28.6797	54.3513	0.0000	1151.7103	0.0002	0.0003	0.0000	0.0005	0.0006	0.0000	0.0001	0.0001	0.0000	inf	0.0000	0.2249	-0.0000	6.0200	5.9927	3.5720	2.0491	3.9897	0.0000	3.9897	0.0017	0.0000	0.0017	3.9880	0.0000	3.9880	0.0000	0.0000	0.0000	0.0000	0.0000	0.0000	0.0000	0.0000	0.0000	0.0829	0.0794	0.0035	0.0095	0.0095	0.0001	0.0734	0.0699	0.0035	0.0260	0.0194	0.0066	0.0087	0.0079	0.0008	0.0172	0.0115	0.0057
20	47	61	0.2508	7	1	2	2	0	0	0	0	0	N	N	N	N	N	N	N	N	N	N	N	N	inf	inf	inf	inf	inf	inf	inf	inf	inf	160.0413	0.0524	3177.9391	0.6384	0.0004	91.5295	178.7150	0.0588	3223.4070	0.0000	0.0000	0.0000	0.0000	0.0000	0.0000	0.0000	0.0000	0.0000	3213.3103	0.2226	0.0000	6.0200	5.9927	3.9822	2.0491	0.0090	0.0012	3.9698	0.0017	0.0000	0.0017	3.9694	0.0012	3.9681	0.0000	0.0000	0.0000	0.0000	0.0000	0.0000	0.0000	0.0000	0.0000	0.0248	0.0236	0.0012	0.0026	0.0026	0.0000	0.0222	0.0210	0.0012	0.0035	0.0026	0.0009	0.0010	0.0009	0.0001	0.0024	0.0017	0.0008	
20	47	73	0.2825	8	0	3	1	0	0	0	0	0	N	Y	N	N	N	N	N	N	N	N	N	N	160325098.9773	2.4483	inf	162041.7485	7.0268	inf	inf	0.0000	inf	70.5349	0.0000	1601.3521	0.2064	0.0000	43.5470	82.2332	0.0000	1625.6258	0.0000	0.0000	0.0000	0.0000	0.0000	0.0000	0.0000	0.0000	0.0000	51106620.9549	0.0008	0.2232	-0.0000	6.0200	5.9927	3.5720	2.0491	3.9608	0.0000	3.9608	0.0017	0.0000	0.0017	3.9591	0.0000	3.9591	0.0000	0.0000	0.0000	0.0000	0.0000	0.0000	0.0000	0.0000	0.0000	0.0562	0.0537	0.0025	0.0080	0.0080	0.0000	0.0481	0.0457	0.0024	0.0167	0.0124	0.0042	0.0058	0.0053	0.0005	0.0109	0.0071	0.0038
20	53	59	0.2064	6	0	3	0	0	0	0	0	0	N	Y	N	N	N	N	N	N	N	N	N	N	23558.2508	0.0000	inf	22.0528	0.0000	inf	inf	0.0000	inf	40.7231	0.0000	967.2373	0.1736	0.0000	40.5534	42.5368	0.0000	971.2896	0.0017	0.0023	0.0000	0.0079	0.0085	0.0000	0.0000	0.0000	0.0000	inf	0.0000	0.2254	-0.0000	6.0200	6.9987	3.5720	4.9999	3.9990	0.0000	3.9990	0.0007	0.0000	0.0007	3.9983	0.0000	3.9983	0.0001	0.0001	0.0000	0.0001	0.0001	0.0000	0.0000	0.0000	0.0000	0.0982	0.0941	0.0041	0.0042	0.0042	0.0000	0.0940	0.0899	0.0041	0.0347	0.0259	0.0088	0.0076	0.0071	0.0005	0.0271	0.0189	0.0082
20	53	61	0.2361	7	1	2	1	0	0	0	0	0	N	N	N	N	N	N	N	N	N	N	N	N	inf	inf	inf	inf	inf	inf	inf	inf	inf	135.4006	0.0444	2729.2264	0.7409	0.0005	115.6904	140.0318	0.0459	2740.4884	0.0000	0.0000	0.0000	0.0000	0.0000	0.0000	0.0000	0.0000	0.0000	3210.9664	0.2230	0.0000	6.0200	6.9987	3.9822	4.9999	0.0090	0.0012	3.9762	0.0007	0.0000	0.0007	3.9768	0.0012	3.9755	0.0000	0.0000	0.0000	0.0000	0.0000	0.0000	0.0000	0.0000	0.0000	0.0294	0.0279	0.0015	0.0010	0.0010	0.0000	0.0284	0.0269	0.0015	0.0046	0.0034	0.0012	0.0008	0.0008	0.0001	0.0038	0.0026	0.0012	
20	53	72	0.2064	6	0	3	0	0	0	0	0	0	N	Y	N	N	N	N	N	N	N	N	N	N	5984598.0578	307.7502	inf	1880.0397	1759.8218	0.0000	inf	0.0000	inf	13.1605	0.0009	296.7793	0.0191	0.0191	0.0000	13.7851	0.0000	297.9673	0.0000	0.0000	0.0000	0.0000	0.0000	0.0000	0.0000	0.0000	0.0000	15209.9406	0.0000	0.0563	-0.0000	6.0200	6.9987	3.5720	4.9999	0.9999	0.0001	0.9999	0.0001	0.0001	0.0000	0.9999	0.0000	0.9999	0.0000	0.0000	0.0000	0.0000	0.0000	0.0000	0.0000	0.0000	0.0000	0.0760	0.0726	0.0034	0.0034	0.0034	0.0000	0.0725	0.0692	0.0034	0.0295	0.0220	0.0074	0.0064	0.0060	0.0004	0.0231	0.0161	0.0070
20	53	73	0.2533	8	0	3	0	0	0	0	0	0	N	Y	N	N	N	N	N	N	N	N	N	N	inf	inf	inf	inf	inf	inf	inf	0.0000	inf	60.5053	0.0008	1398.9558	0.0760	0.0050	12.7133	71.5538	0.0000	1427.1985	0.0000	0.0000	0.0000	0.0000	0.0000	0.0000	0.0000	0.0000	0.0000	79343.1422	0.2236	-0.0000	6.0200	6.9987	9.3088	4.9999	16.5706	0.0001	3.9672	0.0008	0.0001	0.0007	3.9664	0.0000	3.9664	0.0000	0.0000	0.0000	0.0000	0.0000	0.0000	0.0000	0.0000	0.0000	0.0656	0.0627	0.0028	0.0101	0.0101	0.0001	0.0554	0.0527	0.0028	0.0214	0.0156	0.0058	0.0049	0.0046	0.0003	0.0165	0.0110	0.0055	
20	59	61	0.3109	7	1	2	1	0	0	0	0	0	N	N	N	N	N	N	N	N	N	N	N	N	inf	inf	inf	inf	inf	inf	inf	inf	inf	68.1044	0.0222	1556.8611	0.2894	0.0002	63.7797	71.1377	0.0232	1563.5194	0.0000	0.0000	0.0000	0.0000	0.0000	0.0000	0.0000	0.0000	0.0000	3210.9745	0.2230	-0.0000	6.0200	15.6457	3.9822	33.2903	0.0090	0.0012	3.9763	0.0007	0.0000	0.0007	3.9768	0.0012	3.9755	0.0000	0.0000	0.0000	0.0000	0.0000	0.0000	0.0000	0.0000	0.0000	0.0584	0.0558	0.0026	0.0025	0.0025	0.0000	0.0559	0.0534	0.0025	0.0128	0.0097	0.0032	0.0032	0.0030	0.0002	0.0097	0.0067	0.0029	
20	59	63	0.2704	5	0	3	0	0	0	0	0	0	N	Y	N	N	N	N	N	N	N	N	N	N	26383.9586	9684.0624	12265387.5929	8876.0414	6744.5120	5571415.7468	2235713.5014	inf	13667964.8309	7.9613	3.6772	149.6366	7.5756	5.9854	93.2678	8.1256	2.6776	162.4697	0.0003	0.0004	0.0000	0.0009	0.0009	0.0000	0.0000	0.0000	0.0000	1.2305	0.0087	-0.7586	0.0000	6.0200	15.6457	3.5720	33.2903	1.9353	0.8676	1.0676	0.5502	0.4268	0.1234	1.3851	0.4409	0.9442	0.0000	0.0000	0.0000	0.0000	0.0000	0.0000	0.0000	0.0000	0.0000	0.2431	0.2360	0.0071	0.0726	0.0713	0.0013	0.1705	0.1647	0.0058	0.0786	0.0619	0.0167	0.0276	0.0265	0.0011	0.0510	0.0354	0.0156
20	59	73	0.3110	8	0	3	0	0	0	0	0	0	N	Y	N	N	N	N	N	N	N	N	N	N	17451.4834	0.0000	inf	4.9084	0.0000	inf	inf	0.0000	inf	30.3919	0.0000	788.9342	0.0367	0.0000	6.6902	35.7672	0.0000	806.0382	0.0017	0.0023	0.0000	0.0075	0.0079	0.0000	0.0000	0.0000	0.0000	inf	0.0000	0.2236	-0.0000	6.0200	15.6457	3.5720	33.2903	3.9672	0.0000	3.9672	0.0007	0.0000	0.0007	3.9664	0.0000	3.9664	0.0001	0.0001	0.0000	0.0001	0.0001	0.0000	0.0000	0.0000	0.0000	0.1305	0.1255	0.0050	0.0196	0.0195	0.0001	0.1109	0.1060	0.0049	0.0631	0.0471	0.0160	0.0147	0.0138	0.0009	0.0484	0.0333	0.0151
20	59	78	0.2898	8	0	3	0	0	0	0	0	0	N	Y	N	N	N	N	N	N	N	N	N	N	2158.6200	22.3057	inf	35.0324	33.9238	0.0000	inf	0.0000	inf	0.3881	0.0053	15.2575	0.0193	0.0193	0.0000	0.5224	0.0000	15.7946	0.0002	0.0002	0.0000	0.0005	0.0006	0.0000	0.0000	0.0000	0.0000	74.5375	0.0000	0.0020	-0.0000	6.0200	15.6457	3.5720	33.2903	0.0453	0.0006	0.0447	0.0006	0.0006	0.0000	0.0447	0.0000	0.0447	0.0000	0.0000	0.0000	0.0000	0.0000	0.0000	0.0000	0.0000	0.0000	0.1167	0.1138	0.0029	0.0311	0.0310	0.0001	0.0856	0.0827	0.0028	0.0686	0.0522	0.0164	0.0224	0.0216	0.0008	0.0461	0.0305	0.0156
20	61	73	0.2529	8	1	2	1	0	0	0	0	0	N	N	N	N	N	N	N	N	N	N	N	N	40646906.1607	9850.0605	inf	12176.6246	7.3883	inf	inf	inf	inf	101.2708	0.0332	2243.4158	0.1192	0.0001	20.9556	119.6255	0.0396	2287.2450	0.0000	0.0000	0.0000	0.0000	0.0000	0.0000	0.0000	0.0000	0.0000	3189.8674	0.0000	0.2213	-0.0000	6.0200	3.9822	3.5720	0.0090	3.9486	0.0012	3.9474	0.0007	0.0000	0.0007	3.9479	0.0012	3.9467	0.0000	0.0000	0.0000	0.0000	0.0000	0.0000	0.0000	0.0000	0.0000	0.0390	0.0372	0.0018	0.0060	0.0060	0.0000	0.0330	0.0313	0.0017	0.0081	0.0060	0.0021	0.0021	0.0019	0.0001	0.0060	0.0040	0.0020
25	26	28	0.3644	7	1	3	1	1	0	0	0	0	N	Y	N	N	N	N	N	N	N	N	N	N	4661.1825	1207.3131	inf	0.9413	0.4662	inf	inf	inf	inf	24.1926	8.4880	427.8706	0.0244	0.0127	1.7434	28.4119	10.0234	439.6025	0.0052	0.0070	0.0000	0.0260	0.0273	0.0000	0.0000	0.0000	0.0000	1.9611	0.0000	-0.8319	-0.0000	18.4448	9.0013	14.9713	6.1061	2.9570	0.9986	1.9584	0.0004	0.0002	0.0002	2.9566	0.9984	1.9582	0.0001	0.0001	0.0000	0.0001	0.0001	0.0000	0.0000	0.0000	0.0000	0.1222	0.1177	0.0046	0.0182	0.0180	0.0001	0.1041	0.0996	0.0045	0.0232	0.0171	0.0061	0.0046	0.0044	0.0002	0.0186	0.0127	0.0058
25	26	43	0.3661	6	1	3	0	0	0	0	0	0	N	Y	N	N	N	N	N	N	N	N	N	N	49425.4096	14042.9500	inf	91.4933	33.1074	inf	inf	inf	inf	23.3671	8.2156	790.5380	0.0843	0.0320	14.9366	45.6816	16.3112	866.1219	0.0005	0.0006	0.0000	0.0009	0.0010	0.0000	0.0000	0.0000	0.0000	1.9004	0.0000	-0.8260	-0.0000	18.4448	9.0013	14.9713	6.1061	2.8639	0.9874	1.8765	0.0051	0.0019	0.0031	2.8588	0.9855	1.8733	0.0000	0.0000	0.0000	0.0000	0.0000	0.0000	0.0000	0.0000	0.0000	0.1226	0.1202	0.0024	0.0600	0.0598	0.0002	0.0626	0.0604	0.0022	0.0486	0.0393	0.0093	0.0249	0.0238	0.0011	0.0237	0.0155	0.0082
25	26	47	0.3886	6	1	3	1	0	0	0	0	0	N	Y	N	N	N	N	N	N	N	N	N	N	15010.3553	2878.5912	inf	10.1772	4.6800	inf	inf	inf	inf	28.2697	7.3945	557.9808	0.0552	0.0291	4.1717	32.1530	8.4463	569.3717	0.0019	0.0026	0.0000	0.0054	0.0062	0.0000	0.0000	0.0000	0.0000	2.9737	0.0000	-0.7742	-0.0000	18.4448	9.0013	14.9713	6.1061	3.9645	0.9977	2.9668	0.0009	0.0005	0.0004	3.9636	0.9972	2.9664	0.0001	0.0001	0.0000	0.0001	0.0001	0.0000	0.0000	0.0000	0.0000	0.1402	0.1349	0.0053	0.0170	0.0169	0.0001	0.1233	0.1181	0.0052	0.0284	0.0208	0.0076	0.0099	0.0086	0.0012	0.0185	0.0122	0.0063
25	26	59	0.3442	5	1	3	0	0	0	0	0	0	N	Y	N	N	N	N	N	N	N	N	N	N	77.9741	15.0199	inf	0.0000	0.0000	0.0000	inf	inf	inf	12.4068	3.2355	270.2077	0.0000	0.0000	0.0000	14.5160	3.8044	277.4760	0.1591	0.2154	0.0000	0.6800	0.7275	0.0000	0.0000	0.0000	0.0000	2.9710	0.0000	-0.7762	-0.0000	18.4448	9.0013	14.9713	6.1061	3.9709	1.0000	2.9709	0.0000	0.0000	0.0000	3.9709	1.0000	2.9709	0.0181	0.0181	0.0000	0.0181	0.0181	0.0000	0.0000	0.0000	0.0000	0.3201	0.3091	0.0110	0.0465	0.0462	0.0003	0.2736	0.2628	0.0107	0.1136	0.0839	0.0297	0.0266	0.0249	0.0017	0.0871	0.0591	0.0280
25	26	61	0.3739	6	2	2	1	0	0	0	0	0	N	N	N	N	N	N	N	N	N	N	N	N	inf	inf	inf	0.0000	0.0000	0.0000	inf	inf	inf	40.5587	10.5505	783.7831	0.0000	0.0000	0.0000	46.6698	12.2004	803.6014	0.0000	0.0000	0.0000	0.0000	0.0000	0.0000	0.0000	0.0000	0.0000	2.9995	-0.7654	-0.0000	18.4448	9.0013	3.9822	6.1061	0.0090	0.9882	2.9641	0.0000	0.0000	0.0000	3.9524	0.9882	2.9641	0.0000	0.0000	0.0000	0.0000	0.0000	0.0000	0.0000	0.0000	0.0000	0.0974	0.0937	0.0038	0.0128	0.0127	0.0001	0.0847	0.0810	0.0037	0.0144	0.0106	0.0038	0.0039	0.0035	0.0004	0.0105	0.0071	0.0034	
25	28	47	0.3886	8	1	3	2	1	0	0	0	0	N	Y	N	N	N	N	N	N	N	N	N	N	48339.5286	12584.1867	992128265.5389	57.0359	26.4249	inf	168932122.9373	inf	849663805.1806	35.0100	12.3034	591.8938	0.1151	0.0608	6.4526	40.7604	14.3963	610.4286	0.0007	0.0010	0.0000	0.0020	0.0023	0.0000	0.0000	0.0000	0.0000	1.9616	0.0002	-0.8300	-0.0000	18.4448	5.0068	14.9713	1.9864	2.9507	0.9963	1.9544	0.0014	0.0007	0.0007	2.9493	0.9956	1.9537	0.0000	0.0000	0.0000	0.0000	0.0000	0.0000	0.0000	0.0000	0.0000	0.0843	0.0810	0.0033	0.0119	0.0118	0.0001	0.0724	0.0692	0.0032	0.0142	0.0105	0.0037	0.0051	0.0045	0.0006	0.0091	0.0061	0.0031
25	28	59	0.2494	6	1	3	1	1	0	0	0	0	N	Y	N	N	N	N	N	N	N	N	N	N	75446.6208	413842.2929	378385.2747	920.8252	741.1458	inf	76955.4469	inf	370298.9261	15.4583	5.4140	291.8107	0.0502	0.0433	1.2178	18.2926	6.4375	299.6167	0.0002	0.0000	0.0008	0.0001	0.0001	0.0000	0.0002	0.0000	0.0008	1.9590	19.9663	-0.8329	0.0000	18.4448	5.0068	14.9713	1.9864	2.9581	0.9997	1.9584	0.0015	0.0013	0.0002	2.9566	0.9984	1.9582	0.0000	0.0000	0.0000	0.0000	0.0000	0.0000	0.0000	0.0000	0.0000	0.1914	0.1846	0.0067	0.0297	0.0296	0.0002	0.1616	0.1551	0.0065	0.0538	0.0402	0.0136	0.0096	0.0090	0.0006	0.0442	0.0312	0.0130
25	39	43	0.3580	6	2	2	1	0	0	0	0	0	N	N	N	N	N	N	N	N	N	N	N	N	741453438.5607	210602047.0323	inf	1376024.6792	501090.1009	inf	inf	inf	inf	23.3474	8.2053	790.0721	0.0846	0.0322	14.9268	45.6427	16.2904	865.6153	0.0000	0.0000	0.0000	0.0000	0.0000	0.0000	0.0000	0.0000	0.0000	1.9016	0.0000	-0.8253	-0.0000	18.4448	9.0059	14.9713	4.3814	2.8627	0.9866	1.8761	0.0051	0.0019	0.0031	2.8577	0.9847	1.8730	0.0000	0.0000	0.0000	0.0000	0.0000	0.0000	0.0000	0.0000	0.0000	0.1226	0.1202	0.0024	0.0600	0.0598	0.0002	0.0626	0.0604	0.0022	0.0441	0.0357	0.0085	0.0226	0.0216	0.0010	0.0215	0.0141	0.0074
25	39	47	0.3886	6	2	2	2	0	0	0	0	0	N	N	N	N	N	N	N	N	N	N	N	N	467890.6813	89656.3572	inf	315.1607	144.8878	inf	inf	inf	inf	28.2480	7.3850	557.6799	0.0552	0.0290	4.1683	32.1284	8.4355	569.0655	0.0001	0.0001	0.0000	0.0002	0.0002	0.0000	0.0000	0.0000	0.0000	2.9758	0.0000	-0.7735	-0.0000	18.4448	9.0059	14.9713	4.3814	3.9632	0.9969	2.9664	0.0009	0.0005	0.0004	3.9623	0.9964	2.9659	0.0000	0.0000	0.0000	0.0000	0.0000	0.0000	0.0000	0.0000	0.0000	0.1403	0.1350	0.0053	0.0170	0.0169	0.0001	0.1233	0.1181	0.0052	0.0257	0.0188	0.0069	0.0088	0.0077	0.0011	0.0168	0.0111	0.0057
25	39	59	0.3442	5	2	2	1	0	0	0	0	0	N	N	N	N	N	N	N	N	N	N	N	N	24019.1961	4626.9267	41413232.2726	0.0000	0.0000	0.0000	6471971.3364	inf	40082842.0867	12.4022	3.2314	270.2038	0.0000	0.0000	0.0000	14.5107	3.7996	277.4724	0.0005	0.0007	0.0000	0.0022	0.0023	0.0000	0.0000	0.0000	0.0000	2.9746	0.0033	-0.7753	0.0000	18.4448	9.0059	14.9713	4.3814	3.9712	0.9992	2.9721	0.0000	0.0000	0.0000	3.9712	0.9992	2.9721	0.0001	0.0001	0.0000	0.0001	0.0001	0.0000	0.0000	0.0000	0.0000	0.3202	0.3092	0.0110	0.0465	0.0462	0.0003	0.2737	0.2630	0.0107	0.1029	0.0758	0.0271	0.0241	0.0226	0.0016	0.0788	0.0533	0.0255
25	39	61	0.3739	6	3	1	2	0	0	0	0	0	Y	N	N	N	N	N	N	N	N	N	N	N	54601832.6760	10520647.3199	inf	0.0000	0.0000	0.0000	inf	inf	inf	40.5276	10.5370	783.3611	0.0000	0.0000	0.0000	46.6341	12.1848	803.1699	0.0000	0.0000	0.0000	0.0000	0.0000	0.0000	0.0000	0.0000	0.0000	3.0015	0.0049	-0.7647	0.0000	18.4448	9.0059	14.9713	4.3814	3.9511	0.9874	2.9637	0.0000	0.0000	0.0000	3.9511	0.9874	2.9637	0.0000	0.0000	0.0000	0.0000	0.0000	0.0000	0.0000	0.0000	0.0000	0.0975	0.0937	0.0038	0.0128	0.0127	0.0001	0.0847	0.0810	0.0037	0.0130	0.0096	0.0034	0.0035	0.0032	0.0003	0.0095	0.0064	0.0031
25	43	47	0.3886	7	1	3	1	0	0	0	0	0	N	Y	N	N	N	N	N	N	N	N	N	N	3556.1367	1001.3894	1760824647.7893	8.2160	3.1290	inf	241486178.1885	inf	1657148587.1092	33.5793	11.8111	1100.8580	0.1440	0.0580	22.2856	65.1734	23.2780	1212.7708	0.0094	0.0118	0.0000	0.0175	0.0185	0.0000	0.0000	0.0000	0.0000	1.9010	0.0000	-0.8240	-0.0000	18.4448	2.9074	14.9713	1.4877	2.8579	0.9851	1.8727	0.0060	0.0024	0.0036	2.8519	0.9827	1.8692	0.0003	0.0003	0.0000	0.0003	0.0003	0.0000	0.0000	0.0000	0.0000	0.0851	0.0834	0.0017	0.0413	0.0412	0.0002	0.0438	0.0422	0.0015	0.0296	0.0237	0.0059	0.0159	0.0151	0.0009	0.0136	0.0086	0.0050
25	43	59	0.2494	5	1	3	0	0	0	0	0	0	N	Y	N	N	N	N	N	N	N	N	N	N	72057.7251	20654.4692	inf	183.8704	91.1931	inf	13901078.9114	3335244.7340	inf	15.7298	5.5606	434.4863	0.0777	0.0407	8.8582	29.3696	10.5540	472.6537	0.0002	0.0003	0.0000	0.0004	0.0004	0.0000	0.0000	0.0000	0.0000	1.8975	0.0000	-0.8274	-0.0000	18.4448	2.9074	14.9713	1.4877	2.8654	0.9889	1.8765	0.0066	0.0034	0.0031	2.8588	0.9855	1.8733	0.0000	0.0000	0.0000	0.0000	0.0000	0.0000	0.0000	0.0000	0.0000	0.1822	0.1778	0.0043	0.0848	0.0845	0.0004	0.0973	0.0934	0.0040	0.1067	0.0865	0.0202	0.0549	0.0519	0.0030	0.0518	0.0346	0.0172
25	43	61	0.3739	7	2	2	1	0	0	0	0	0	N	N	N	N	N	N	N	N	N	N	N	N	10871179.2010	3077990.8406	inf	19888.4626	7166.7496	inf	inf	inf	inf	48.4040	16.9239	1610.7137	0.1725	0.0650	31.5268	95.7705	34.0364	1758.7133	0.0000	0.0000	0.0000	0.0000	0.0000	0.0000	0.0000	0.0000	0.0000	1.9177	0.0000	-0.8153	-0.0000	18.4448	2.9074	14.9713	1.4877	2.8471	0.9758	1.8713	0.0050	0.0019	0.0031	2.8421	0.9739	1.8682	0.0000	0.0000	0.0000	0.0000	0.0000	0.0000	0.0000	0.0000	0.0000	0.0588	0.0577	0.0012	0.0291	0.0290	0.0001	0.0297	0.0286	0.0011	0.0151	0.0122	0.0029	0.0077	0.0074	0.0003	0.0073	0.0048	0.0025
25	47	53	0.3886	6	1	3	1	0	0	0	0	0	N	Y	N	N	N	N	N	N	N	N	N	N	inf	inf	inf	inf	inf	inf	inf	inf	inf	35.3518	9.2565	679.9829	0.0696	0.0366	5.2419	40.1632	10.5625	693.4342	0.0000	0.0000	0.0000	0.0000	0.0000	0.0000	0.0000	0.0000	0.0000	2.9737	-0.7742	-0.0000	18.4448	5.9927	6.9987	2.0491	4.9999	0.9977	2.9668	0.0009	0.0005	0.0004	3.9636	0.9972	2.9664	0.0000	0.0000	0.0000	0.0000	0.0000	0.0000	0.0000	0.0000	0.0000	0.1121	0.1078	0.0044	0.0135	0.0134	0.0001	0.0987	0.0944	0.0043	0.0234	0.0171	0.0062	0.0080	0.0070	0.0010	0.0154	0.0101	0.0052	
25	47	59	0.3886	6	1	3	1	0	0	0	0	0	N	Y	N	N	N	N	N	N	N	N	N	N	27650.7507	5439.1203	814365135.4241	36.8123	24.1410	inf	107329164.0186	inf	661921830.8958	18.1512	4.7388	382.4557	0.0594	0.0444	2.8208	20.9678	5.4962	390.3733	0.0007	0.0009	0.0000	0.0016	0.0018	0.0000	0.0000	0.0000	0.0000	2.9713	0.0002	-0.7750	-0.0000	18.4448	5.9927	14.9713	2.0491	3.9653	0.9985	2.9668	0.0017	0.0013	0.0004	3.9636	0.9972	2.9664	0.0000	0.0000	0.0000	0.0000	0.0000	0.0000	0.0000	0.0000	0.0000	0.2185	0.2107	0.0078	0.0294	0.0293	0.0002	0.1890	0.1814	0.0076	0.0679	0.0512	0.0168	0.0277	0.0242	0.0034	0.0403	0.0269	0.0133
25	47	61	0.3886	6	2	2	2	0	0	0	0	0	N	N	N	N	N	N	N	N	N	N	N	N	27368163.0766	5252463.8628	inf	19915.4149	9072.3936	inf	inf	inf	inf	59.2248	15.4217	1098.0780	0.1167	0.0612	8.7800	67.2409	17.5893	1118.9298	0.0000	0.0000	0.0000	0.0000	0.0000	0.0000	0.0000	0.0000	0.0000	3.0023	0.0000	-0.7635	-0.0000	18.4448	5.9927	14.9713	2.0491	3.9460	0.9859	2.9601	0.0009	0.0005	0.0004	3.9451	0.9855	2.9596	0.0000	0.0000	0.0000	0.0000	0.0000	0.0000	0.0000	0.0000	0.0000	0.0666	0.0639	0.0027	0.0080	0.0079	0.0001	0.0587	0.0560	0.0026	0.0089	0.0065	0.0023	0.0033	0.0028	0.0004	0.0056	0.0037	0.0019
25	53	59	0.3442	5	1	3	0	0	0	0	0	0	N	Y	N	N	N	N	N	N	N	N	N	N	8259994.0636	inf	46579531.6598	0.0000	0.0000	0.0000	7385888.1241	inf	45097268.2992	15.5263	4.0523	330.6777	0.0000	0.0000	0.0000	18.1445	4.7597	339.3424	0.0000	0.0000	0.0000	0.0000	0.0000	0.0000	0.0000	0.0000	0.0000	2.9710	inf	-0.7762	0.0000	18.4448	6.9987	14.9713	4.9999	3.9709	1.0000	2.9709	0.0000	0.0000	0.0000	3.9709	1.0000	2.9709	0.0000	0.0000	0.0000	0.0000	0.0000	0.0000	0.0000	0.0000	0.0000	0.2558	0.2468	0.0090	0.0369	0.0367	0.0002	0.2188	0.2101	0.0088	0.0940	0.0691	0.0249	0.0221	0.0207	0.0014	0.0719	0.0484	0.0235
25	53	61	0.3739	6	2	2	1	0	0	0	0	0	N	N	N	N	N	N	N	N	N	N	N	N	inf	inf	inf	0.0000	0.0000	0.0000	inf	inf	inf	50.7107	13.2053	954.8627	0.0000	0.0000	0.0000	58.2907	15.2563	978.3391	0.0000	0.0000	0.0000	0.0000	0.0000	0.0000	0.0000	0.0000	0.0000	2.9995	-0.7654	0.0000	18.4448	6.9987	3.9822	4.9999	0.0090	0.9882	2.9641	0.0000	0.0000	0.0000	3.9524	0.9882	2.9641	0.0000	0.0000	0.0000	0.0000	0.0000	0.0000	0.0000	0.0000	0.0000	0.0779	0.0748	0.0031	0.0101	0.0101	0.0001	0.0678	0.0648	0.0030	0.0119	0.0088	0.0031	0.0032	0.0029	0.0003	0.0087	0.0059	0.0028	
25	59	61	0.3739	6	2	2	1	0	0	0	0	0	N	N	N	N	N	N	N	N	N	N	N	N	inf	inf	inf	0.0000	0.0000	0.0000	inf	inf	inf	26.0413	6.7565	537.7535	0.0000	0.0000	0.0000	30.4279	7.9363	551.5858	0.0000	0.0000	0.0000	0.0000	0.0000	0.0000	0.0000	0.0000	0.0000	2.9995	-0.7654	0.0000	18.4448	15.6457	3.9822	33.2903	0.0090	0.9882	2.9641	0.0000	0.0000	0.0000	3.9524	0.9882	2.9641	0.0000	0.0000	0.0000	0.0000	0.0000	0.0000	0.0000	0.0000	0.0000	0.1518	0.1463	0.0055	0.0219	0.0217	0.0001	0.1299	0.1245	0.0054	0.0329	0.0248	0.0081	0.0103	0.0092	0.0011	0.0226	0.0156	0.0070	
25	59	63	0.3335	8	1	3	0	0	0	0	0	0	N	Y	N	N	N	N	N	N	N	N	N	N	8056.5670	3790.3948	6423395.0119	3201.0540	3050.0322	inf	12088.8618	4287.3395	7509536.8227	4.5918	2.7065	82.2883	2.2189	2.2086	3.0087	6.1096	3.0309	103.6107	0.0006	0.0007	0.0000	0.0007	0.0007	0.0000	0.0005	0.0007	0.0000	0.7377	0.0046	-1.5152	0.0000	18.4448	15.6457	14.9713	33.2903	2.9190	1.6797	1.2392	0.5502	0.5406	0.0096	2.3687	1.1391	1.2296	0.0001	0.0001	0.0000	0.0000	0.0000	0.0000	0.0001	0.0001	0.0000	0.6357	0.6206	0.0151	0.2480	0.2448	0.0032	0.3877	0.3758	0.0119	0.1974	0.1568	0.0406	0.0679	0.0650	0.0029	0.1295	0.0919	0.0377
25	59	78	0.2898	5	1	3	0	0	0	0	0	0	N	Y	N	N	N	N	N	N	N	N	N	N	4419.3188	3295.6816	117523865.3084	4486.0759	4388.9362	0.0000	inf	0.0000	inf	3.3494	3.2756	6.5746	9.0850	9.1260	0.0000	0.2273	0.0000	7.0755	0.0008	0.0010	0.0000	0.0020	0.0021	0.0000	0.0000	0.0000	0.0000	0.0460	0.0000	-0.9150	-0.0000	18.4448	15.6457	14.9713	33.2903	1.0170	0.9723	0.0447	0.9723	0.9723	0.0000	0.0447	0.0000	0.0447	0.0002	0.0002	0.0000	0.0002	0.0002	0.0000	0.0000	0.0000	0.0000	0.3036	0.2968	0.0068	0.1070	0.1065	0.0005	0.1966	0.1903	0.0063	0.2031	0.1548	0.0482	0.0760	0.0740	0.0020	0.1271	0.0808	0.0462
26	28	43	0.3661	7	0	3	1	1	0	0	0	0	N	Y	N	N	N	N	N	N	N	N	N	N	913066.1808	0.0000	inf	2022.9184	0.0000	inf	inf	0.0000	inf	50.3010	0.0000	2181.0693	0.2267	0.0000	58.7318	95.0778	0.0000	2363.1367	0.0001	0.0001	0.0000	0.0001	0.0001	0.0000	0.0000	0.0000	0.0000	inf	0.0000	0.1091	-0.0000	9.0013	5.0068	6.1061	1.9864	1.9354	0.0000	1.9354	0.0041	0.0000	0.0041	1.9313	0.0000	1.9313	0.0000	0.0000	0.0000	0.0000	0.0000	0.0000	0.0000	0.0000	0.0000	0.0385	0.0376	0.0009	0.0182	0.0181	0.0001	0.0203	0.0195	0.0008	0.0139	0.0114	0.0025	0.0069	0.0066	0.0003	0.0071	0.0048	0.0023
26	28	47	0.3784	8	0	3	2	1	0	0	0	0	N	Y	N	N	N	N	N	N	N	N	N	N	381182.3497	0.0000	inf	637.5955	0.0000	inf	inf	0.0000	inf	66.8282	0.0000	1421.6386	0.3347	0.0000	58.0381	73.6683	0.0000	1437.4231	0.0002	0.0002	0.0000	0.0005	0.0006	0.0000	0.0000	0.0000	0.0000	inf	0.0000	0.1679	-0.0000	9.0013	5.0068	6.1061	1.9864	2.9786	0.0000	2.9786	0.0014	0.0000	0.0014	2.9772	0.0000	2.9772	0.0000	0.0000	0.0000	0.0000	0.0000	0.0000	0.0000	0.0000	0.0000	0.0446	0.0425	0.0021	0.0042	0.0041	0.0000	0.0404	0.0383	0.0021	0.0080	0.0060	0.0020	0.0027	0.0023	0.0003	0.0053	0.0037	0.0016
26	28	59	0.3644	7	0	3	1	1	0	0	0	0	N	Y	N	N	N	N	N	N	N	N	N	N	1357.3846	0.0000	85445.7263	0.4635	0.0000	inf	12508.9236	0.0000	81345.3650	29.1122	0.0000	711.3844	0.0354	0.0000	5.3085	33.2248	0.0000	725.9430	0.0214	0.0255	0.0083	0.0764	0.0815	0.0000	0.0027	0.0000	0.0089	inf	0.1017	0.1682	0.0001	9.0013	5.0068	6.1061	1.9864	2.9850	0.0000	2.9850	0.0005	0.0000	0.0004	2.9845	0.0000	2.9845	0.0007	0.0006	0.0001	0.0006	0.0006	0.0000	0.0001	0.0000	0.0001	0.1025	0.0983	0.0042	0.0127	0.0126	0.0001	0.0898	0.0857	0.0041	0.0303	0.0231	0.0072	0.0077	0.0072	0.0005	0.0226	0.0159	0.0067
26	28	73	0.3644	7	0	3	1	1	0	0	0	0	N	Y	N	N	N	N	N	N	N	N	N	N	8678.2837	0.0000	inf	1.5156	0.0000	inf	inf	0.0000	inf	39.4216	0.0000	994.7387	0.0343	0.0000	6.5331	47.6192	0.0000	1017.8492	0.0045	0.0062	0.0000	0.0227	0.0238	0.0000	0.0000	0.0000	0.0000	inf	0.0000	0.1667	-0.0000	9.0013	5.0068	6.1061	1.9864	2.9570	0.0000	2.9570	0.0004	0.0000	0.0004	2.9566	0.0000	2.9566	0.0001	0.0001	0.0000	0.0001	0.0001	0.0000	0.0000	0.0000	0.0000	0.0750	0.0720	0.0030	0.0129	0.0129	0.0001	0.0621	0.0592	0.0029	0.0199	0.0147	0.0052	0.0040	0.0038	0.0002	0.0159	0.0109	0.0050
26	42	43	0.3661	6	0	2	0	0	0	0	0	0	N	N	N	N	N	N	N	N	N	N	N	N	54671.0405	0.0000	inf	98.7771	0.0000	inf	inf	0.0000	inf	29.8611	0.0000	1530.3073	0.1046	0.0000	31.9390	60.1195	0.0000	1668.8312	0.0005	0.0007	0.0000	0.0011	0.0011	0.0000	0.0000	0.0000	0.0000	inf	0.0000	0.1614	-0.0000	9.0013	12.7198	6.1061	12.5308	2.8639	0.0000	2.8639	0.0051	0.0000	0.0051	2.8588	0.0000	2.8588	0.0000	0.0000	0.0000	0.0000	0.0000	0.0000	0.0000	0.0000	0.0000	0.0959	0.0940	0.0019	0.0484	0.0482	0.0002	0.0476	0.0458	0.0017	0.0421	0.0340	0.0080	0.0217	0.0208	0.0009	0.0204	0.0133	0.0071
26	42	47	0.3483	6	0	2	1	0	0	0	0	0	N	N	N	N	N	N	N	N	N	N	N	N	16585.7362	0.0000	inf	10.3689	0.0000	inf	inf	0.0000	inf	36.8741	0.0000	926.8029	0.0676	0.0000	11.9955	42.3252	0.0000	943.8193	0.0022	0.0030	0.0000	0.0065	0.0074	0.0000	0.0000	0.0000	0.0000	inf	0.0000	0.2235	-0.0000	9.0013	12.7198	6.1061	12.5308	3.9645	0.0000	3.9645	0.0009	0.0000	0.0009	3.9636	0.0000	3.9636	0.0001	0.0001	0.0000	0.0001	0.0001	0.0000	0.0000	0.0000	0.0000	0.1075	0.1032	0.0043	0.0139	0.0138	0.0001	0.0936	0.0894	0.0042	0.0239	0.0175	0.0064	0.0082	0.0072	0.0010	0.0158	0.0104	0.0054
26	42	59	0.2659	5	0	2	0	0	0	0	0	0	N	N	N	N	N	N	N	N	N	N	N	N	84.8314	0.0006	inf	0.0013	0.0012	0.0000	inf	0.0000	inf	16.3429	0.0002	454.0129	0.0010	0.0011	0.0000	19.2735	0.0000	465.0826	0.1927	0.2616	0.0000	0.8285	0.8846	0.0000	0.0000	0.0000	0.0000	102471.3792	0.0000	0.2238	-0.0000	9.0013	12.7198	6.1061	12.5308	3.9710	0.0000	3.9709	0.0000	0.0000	0.0000	3.9709	0.0000	3.9709	0.0181	0.0181	0.0000	0.0181	0.0181	0.0000	0.0000	0.0000	0.0000	0.2430	0.2342	0.0087	0.0369	0.0367	0.0002	0.2060	0.1975	0.0085	0.0938	0.0691	0.0247	0.0218	0.0204	0.0014	0.0720	0.0487	0.0233
26	42	61	0.3337	6	1	1	1	0	0	0	0	0	N	N	N	N	N	N	N	N	N	N	N	N	127060806.5854	30565.2251	inf	0.0000	0.0000	0.0000	inf	inf	inf	52.9596	0.0173	1298.3260	0.0000	0.0000	0.0000	61.4399	0.0202	1327.9209	0.0000	0.0000	0.0000	0.0000	0.0000	0.0000	0.0000	0.0000	0.0000	3188.5895	0.0000	0.2215	-0.0000	9.0013	12.7198	6.1061	12.5308	3.9524	0.0012	3.9511	0.0000	0.0000	0.0000	3.9524	0.0012	3.9511	0.0000	0.0000	0.0000	0.0000	0.0000	0.0000	0.0000	0.0000	0.0000	0.0746	0.0716	0.0030	0.0103	0.0102	0.0001	0.0643	0.0614	0.0030	0.0121	0.0089	0.0032	0.0032	0.0029	0.0003	0.0089	0.0060	0.0029
26	43	47	0.3770	7	0	3	1	0	0	0	0	0	N	Y	N	N	N	N	N	N	N	N	N	N	343990.8105	0.0000	2905488.0150	inf	0.0000	inf	311011.4785	0.0000	2677377.7842	65.1067	0.0000	2819.8121	0.2970	0.0000	82.0530	119.6739	0.0000	3031.1452	0.0002	0.0000	0.0010	0.0000	0.0000	0.0000	0.0004	0.0000	0.0011	inf	inf	0.1626	0.0000	9.0013	2.9074	6.1061	1.4877	2.8851	0.0000	2.8851	0.0060	0.0000	0.0060	2.8791	0.0000	2.8791	0.0000	0.0000	0.0000	0.0000	0.0000	0.0000	0.0000	0.0000	0.0000	0.0443	0.0433	0.0010	0.0203	0.0202	0.0001	0.0241	0.0231	0.0009	0.0163	0.0131	0.0032	0.0083	0.0078	0.0005	0.0080	0.0053	0.0027
26	43	59	0.3661	6	0	3	0	0	0	0	0	0	N	Y	N	N	N	N	N	N	N	N	N	N	1274.6941	0.0000	inf	2.4366	0.0000	inf	inf	0.0000	inf	29.4952	0.0000	1333.3491	0.1121	0.0000	29.3620	55.0324	0.0000	1447.1383	0.0231	0.0286	0.0000	0.0460	0.0486	0.0000	0.0000	0.0000	0.0000	inf	0.0000	0.1630	-0.0000	9.0013	2.9074	6.1061	1.4877	2.8913	0.0000	2.8913	0.0051	0.0000	0.0051	2.8861	0.0000	2.8861	0.0013	0.0013	0.0000	0.0013	0.0013	0.0000	0.0000	0.0000	0.0000	0.0980	0.0959	0.0022	0.0456	0.0454	0.0002	0.0524	0.0505	0.0020	0.0566	0.0459	0.0108	0.0285	0.0269	0.0015	0.0281	0.0189	0.0092
26	43	61	0.3661	7	1	2	1	0	0	0	0	0	N	N	N	N	N	N	N	N	N	N	N	N	inf	inf	inf	inf	inf	inf	inf	inf	inf	93.0333	0.0405	3996.7568	0.3509	0.0002	90.7271	174.6997	0.0775	4326.3548	0.0000	0.0000	0.0000	0.0000	0.0000	0.0000	0.0000	0.0000	0.0000	2348.8249	0.1608	0.0000	9.0013	2.9074	3.9822	1.4877	0.0090	0.0012	2.8731	0.0051	0.0000	0.0051	2.8692	0.0012	2.8680	0.0000	0.0000	0.0000	0.0000	0.0000	0.0000	0.0000	0.0000	0.0000	0.0309	0.0302	0.0007	0.0145	0.0144	0.0001	0.0164	0.0158	0.0007	0.0085	0.0068	0.0016	0.0041	0.0039	0.0002	0.0044	0.0029	0.0015	
26	43	73	0.3661	6	0	3	0	0	0	0	0	0	N	Y	N	N	N	N	N	N	N	N	N	N	68468.8840	0.0000	inf	120.1011	0.0000	inf	inf	0.0000	inf	36.9025	0.0000	1915.0753	0.1256	0.0000	41.3929	76.5807	0.0000	2081.8100	0.0005	0.0007	0.0000	0.0010	0.0011	0.0000	0.0000	0.0000	0.0000	inf	0.0000	0.1614	-0.0000	9.0013	2.9074	6.1061	1.4877	2.8639	0.0000	2.8639	0.0051	0.0000	0.0051	2.8588	0.0000	2.8588	0.0000	0.0000	0.0000	0.0000	0.0000	0.0000	0.0000	0.0000	0.0000	0.0776	0.0761	0.0015	0.0403	0.0402	0.0001	0.0373	0.0360	0.0014	0.0426	0.0345	0.0081	0.0220	0.0210	0.0009	0.0207	0.0135	0.0072
26	47	59	0.1578	3	0	3	1	0	0	0	0	0	N	Y	N	N	N	N	N	N	N	N	N	N	536.9413	0.0001	inf	0.3932	0.0004	inf	inf	0.0000	inf	33.4588	0.0000	811.5021	0.0795	0.0001	11.4880	37.1779	0.0000	825.1754	0.0623	0.0845	0.0000	0.2022	0.2364	0.0000	0.0000	0.0000	0.0000	3259693.1922	0.0000	0.2251	-0.0000	9.0013	5.9927	6.1061	2.0491	3.9935	0.0000	3.9935	0.0010	0.0000	0.0010	3.9925	0.0000	3.9925	0.0024	0.0024	0.0000	0.0024	0.0024	0.0000	0.0000	0.0000	0.0000	0.1194	0.1144	0.0049	0.0120	0.0119	0.0001	0.1074	0.1026	0.0048	0.0380	0.0280	0.0100	0.0117	0.0100	0.0017	0.0263	0.0180	0.0083
26	47	61	0.0927	3	1	2	2	0	0	0	0	0	N	N	N	N	N	N	N	N	N	N	N	N	inf	inf	inf	inf	inf	inf	inf	inf	inf	109.8394	0.0359	2272.7539	0.3352	0.0002	46.6498	119.0547	0.0391	2298.7394	0.0000	0.0000	0.0000	0.0000	0.0000	0.0000	0.0000	0.0000	0.0000	3212.0476	0.2228	0.0000	9.0013	5.9927	3.9822	2.0491	0.0090	0.0012	3.9736	0.0009	0.0000	0.0009	3.9739	0.0012	3.9726	0.0000	0.0000	0.0000	0.0000	0.0000	0.0000	0.0000	0.0000	0.0000	0.0362	0.0344	0.0017	0.0028	0.0028	0.0000	0.0334	0.0317	0.0017	0.0052	0.0037	0.0015	0.0011	0.0009	0.0002	0.0041	0.0027	0.0013	
26	47	73	0.2825	6	0	3	1	0	0	0	0	0	N	Y	N	N	N	N	N	N	N	N	N	N	22445.3823	0.0000	inf	12.9910	0.0000	inf	inf	0.0000	inf	46.4461	0.0000	1149.2653	0.0787	0.0000	15.8424	53.9625	0.0000	1169.0380	0.0021	0.0028	0.0000	0.0061	0.0069	0.0000	0.0000	0.0000	0.0000	inf	0.0000	0.2235	-0.0000	9.0013	5.9927	6.1061	2.0491	3.9645	0.0000	3.9645	0.0009	0.0000	0.0009	3.9636	0.0000	3.9636	0.0001	0.0001	0.0000	0.0001	0.0001	0.0000	0.0000	0.0000	0.0000	0.0854	0.0819	0.0034	0.0119	0.0118	0.0001	0.0735	0.0701	0.0034	0.0243	0.0178	0.0065	0.0083	0.0073	0.0010	0.0160	0.0105	0.0055
26	59	61	0.3109	3	1	2	1	0	0	0	0	0	N	N	N	N	N	N	N	N	N	N	N	N	inf	inf	inf	0.0000	0.0000	0.0000	inf	inf	inf	47.3620	0.0154	1113.8340	0.0000	0.0000	0.0000	48.6357	0.0158	1118.4087	0.0000	0.0000	0.0000	0.0000	0.0000	0.0000	0.0000	0.0000	0.0000	3209.7177	0.2232	0.0000	9.0013	15.6457	3.9822	33.2903	0.0090	0.0012	3.9800	0.0000	0.0000	0.0000	3.9813	0.0012	3.9800	0.0000	0.0000	0.0000	0.0000	0.0000	0.0000	0.0000	0.0000	0.0000	0.0841	0.0805	0.0036	0.0022	0.0022	0.0000	0.0819	0.0783	0.0036	0.0198	0.0146	0.0051	0.0045	0.0039	0.0005	0.0153	0.0107	0.0046	
26	59	63	0.2704	6	0	3	0	0	0	0	0	0	N	Y	N	N	N	N	N	N	N	N	N	N	359930.2325	132380.4387	inf	116517.9867	87870.1708	inf	inf	inf	inf	5.5843	2.5725	111.9155	5.1132	4.0372	66.4977	5.7961	1.9038	122.8439	0.0000	0.0000	0.0000	0.0000	0.0000	0.0000	0.0000	0.0000	0.0000	1.2323	0.0000	-0.7586	-0.0000	9.0013	15.6457	6.1061	33.2903	1.9371	0.8678	1.0693	0.5501	0.4268	0.1232	1.3870	0.4409	0.9461	0.0000	0.0000	0.0000	0.0000	0.0000	0.0000	0.0000	0.0000	0.0000	0.3469	0.3373	0.0096	0.1076	0.1057	0.0019	0.2393	0.2316	0.0077	0.1103	0.0881	0.0222	0.0390	0.0373	0.0018	0.0713	0.0508	0.0205
26	59	73	0.3110	5	0	3	0	0	0	0	0	0	N	Y	N	N	N	N	N	N	N	N	N	N	110.3548	0.0000	inf	0.0000	0.0000	0.0000	inf	0.0000	inf	20.7806	0.0000	566.6242	0.0000	0.0000	0.0000	24.7854	0.0000	579.5875	0.1883	0.2557	0.0000	0.8097	0.8647	0.0000	0.0000	0.0000	0.0000	inf	0.0000	0.2238	-0.0000	9.0013	15.6457	6.1061	33.2903	3.9709	0.0000	3.9709	0.0000	0.0000	0.0000	3.9709	0.0000	3.9709	0.0180	0.0180	0.0000	0.0180	0.0180	0.0000	0.0000	0.0000	0.0000	0.1911	0.1841	0.0070	0.0309	0.0307	0.0002	0.1602	0.1534	0.0069	0.0955	0.0703	0.0251	0.0222	0.0208	0.0014	0.0733	0.0495	0.0237
26	59	78	0.2898	5	0	3	0	0	0	0	0	0	N	Y	N	N	N	N	N	N	N	N	N	N	1.1206	0.0030	inf	0.0054	0.0052	0.0000	inf	0.0000	inf	0.2685	0.0009	10.6925	0.0034	0.0035	0.0000	0.3618	0.0000	11.1158	0.2396	0.3087	0.0000	0.6415	0.6618	0.0000	0.0000	0.0000	0.0000	297.7994	0.0000	0.0024	-0.0000	9.0013	15.6457	6.1061	33.2903	0.0449	0.0002	0.0447	0.0002	0.0002	0.0000	0.0447	0.0000	0.0447	0.0263	0.0263	0.0000	0.0263	0.0263	0.0000	0.0000	0.0000	0.0000	0.1671	0.1629	0.0042	0.0435	0.0434	0.0002	0.1235	0.1195	0.0040	0.1100	0.0853	0.0246	0.0411	0.0398	0.0013	0.0689	0.0455	0.0234
26	61	73	0.2659	6	1	2	1	0	0	0	0	0	N	N	N	N	N	N	N	N	N	N	N	N	inf	inf	inf	0.0000	0.0000	0.0000	inf	inf	inf	66.7808	0.0218	1609.8290	0.0000	0.0000	0.0000	78.3484	0.0258	1644.1701	0.0000	0.0000	0.0000	0.0000	0.0000	0.0000	0.0000	0.0000	0.0000	3188.5895	0.2215	-0.0000	9.0013	3.9822	9.3088	0.0090	16.5706	0.0012	3.9511	0.0000	0.0000	0.0000	3.9524	0.0012	3.9511	0.0000	0.0000	0.0000	0.0000	0.0000	0.0000	0.0000	0.0000	0.0000	0.0592	0.0567	0.0025	0.0087	0.0087	0.0001	0.0504	0.0480	0.0024	0.0123	0.0091	0.0033	0.0033	0.0029	0.0003	0.0091	0.0061	0.0029	
28	39	47	0.3784	8	1	2	3	1	0	0	0	0	N	N	Y	N	N	N	N	N	N	N	N	N	11877890.4005	2570.8092	inf	19669.5791	7.3326	inf	inf	inf	inf	66.7701	0.0192	1420.1054	0.3344	0.0001	57.9510	73.6044	0.0213	1435.8746	0.0000	0.0000	0.0000	0.0000	0.0000	0.0000	0.0000	0.0000	0.0000	3643.8539	0.0000	0.1670	-0.0000	5.0068	9.0059	1.9864	4.3814	2.9773	0.0008	2.9765	0.0014	0.0000	0.0014	2.9759	0.0008	2.9751	0.0000	0.0000	0.0000	0.0000	0.0000	0.0000	0.0000	0.0000	0.0000	0.0446	0.0425	0.0021	0.0042	0.0041	0.0000	0.0404	0.0384	0.0021	0.0072	0.0054	0.0018	0.0024	0.0021	0.0003	0.0049	0.0034	0.0015
28	39	61	0.3638	8	2	1	3	1	0	0	0	0	N	N	Y	N	N	N	N	N	N	N	N	N	inf	inf	inf	inf	inf	inf	inf	inf	inf	95.6994	0.0693	1985.7722	0.1397	0.0001	19.9800	106.6699	0.0777	2015.5810	0.0000	0.0000	0.0000	0.0000	0.0000	0.0000	0.0000	0.0000	0.0000	1448.8933	0.1651	0.0000	5.0068	9.0059	3.9822	4.3814	0.0090	0.0020	2.9631	0.0004	0.0000	0.0004	2.9647	0.0020	2.9627	0.0000	0.0000	0.0000	0.0000	0.0000	0.0000	0.0000	0.0000	0.0000	0.0310	0.0295	0.0015	0.0032	0.0032	0.0000	0.0278	0.0263	0.0015	0.0037	0.0028	0.0009	0.0010	0.0009	0.0001	0.0028	0.0019	0.0008	
28	43	47	0.3784	8	0	3	2	1	0	0	0	0	N	Y	N	N	N	N	N	N	N	N	N	N	6173266.1364	0.0000	49961096.7346	694446.4183	0.0000	inf	5806589.7113	0.0000	46799429.5796	71.9294	0.0000	2988.9972	0.3986	0.0000	92.3820	135.1283	0.0000	3255.0175	0.0000	0.0000	0.0001	0.0000	0.0000	0.0000	0.0000	0.0000	0.0001	inf	37.3643	0.1087	0.0000	5.0068	2.9074	1.9864	1.4877	1.9294	0.0000	1.9294	0.0050	0.0000	0.0050	1.9244	0.0000	1.9244	0.0000	0.0000	0.0000	0.0000	0.0000	0.0000	0.0000	0.0000	0.0000	0.0268	0.0262	0.0006	0.0126	0.0125	0.0001	0.0142	0.0136	0.0006	0.0085	0.0069	0.0016	0.0044	0.0041	0.0002	0.0042	0.0028	0.0014
28	43	53	0.3340	7	0	3	1	1	0	0	0	0	N	Y	N	N	N	N	N	N	N	N	N	N	inf	0.0000	inf	inf	0.0000	inf	inf	0.0000	inf	62.6673	0.0000	2661.8922	0.2821	0.0000	73.3045	118.5800	0.0000	2878.6221	0.0000	0.0000	0.0000	0.0000	0.0000	0.0000	0.0000	0.0000	0.0000	inf	0.1091	-0.0000	5.0068	2.9074	6.9987	1.4877	4.9999	0.0000	1.9354	0.0041	0.0000	0.0041	1.9313	0.0000	1.9313	0.0000	0.0000	0.0000	0.0000	0.0000	0.0000	0.0000	0.0000	0.0000	0.0309	0.0302	0.0007	0.0146	0.0145	0.0001	0.0163	0.0156	0.0007	0.0116	0.0095	0.0021	0.0057	0.0055	0.0002	0.0059	0.0041	0.0019	
28	43	59	0.2392	6	0	3	1	1	0	0	0	0	N	Y	N	N	N	N	N	N	N	N	N	N	1171709.0766	0.8198	inf	2706.3420	1.0044	inf	inf	0.0000	inf	32.7809	0.0000	1457.8843	0.1484	0.0001	40.1753	61.7333	0.0000	1576.4948	0.0000	0.0000	0.0000	0.0001	0.0001	0.0000	0.0000	0.0000	0.0000	1204754.5840	0.0000	0.1091	-0.0000	5.0068	2.9074	1.9864	1.4877	1.9354	0.0000	1.9354	0.0041	0.0000	0.0041	1.9313	0.0000	1.9313	0.0000	0.0000	0.0000	0.0000	0.0000	0.0000	0.0000	0.0000	0.0000	0.0590	0.0577	0.0013	0.0278	0.0277	0.0001	0.0313	0.0301	0.0012	0.0289	0.0238	0.0051	0.0147	0.0140	0.0008	0.0141	0.0098	0.0043
28	43	73	0.2148	4	0	3	1	1	0	0	0	0	N	Y	N	N	N	N	N	N	N	N	N	N	369695.7337	2.2695	3431018.0939	3005.6586	2.5287	31599.8942	514503.2845	0.0000	4479879.9739	40.2830	0.0000	1922.9817	0.1689	0.0000	40.7657	81.6265	0.0000	2132.9593	0.0001	0.0000	0.0006	0.0001	0.0000	0.0013	0.0002	0.0000	0.0005	8898185.3307	65.1460	0.1076	0.0000	5.0068	2.9074	1.9864	1.4877	1.9091	0.0000	1.9091	0.0041	0.0000	0.0041	1.9050	0.0000	1.9050	0.0000	0.0000	0.0000	0.0000	0.0000	0.0000	0.0000	0.0000	0.0000	0.0474	0.0464	0.0010	0.0241	0.0240	0.0001	0.0233	0.0224	0.0009	0.0234	0.0189	0.0045	0.0113	0.0109	0.0005	0.0120	0.0080	0.0040
28	47	53	0.3784	8	0	3	2	1	0	0	0	0	N	Y	N	N	N	N	N	N	N	N	N	N	15679173.7675	0.0050	inf	26015.1471	0.0000	inf	inf	inf	inf	83.4549	0.0000	1724.6934	0.4221	0.0000	73.4390	91.9040	0.0000	1743.0106	0.0000	0.0000	0.0000	0.0000	0.0000	0.0000	0.0000	0.0000	0.0000	2482131216.7942	0.0000	0.1679	-0.0000	5.0068	5.9927	1.9864	2.0491	2.9786	0.0000	2.9786	0.0014	0.0000	0.0014	2.9772	0.0000	2.9772	0.0000	0.0000	0.0000	0.0000	0.0000	0.0000	0.0000	0.0000	0.0000	0.0357	0.0340	0.0017	0.0033	0.0033	0.0000	0.0324	0.0307	0.0017	0.0066	0.0050	0.0016	0.0022	0.0019	0.0003	0.0044	0.0031	0.0014
28	47	59	0.3784	8	0	3	2	1	0	0	0	0	N	Y	N	N	N	N	N	N	N	N	N	N	357914.1143	0.0000	6131854.5136	877.0780	0.0000	inf	777386.2198	0.0000	4822330.1706	42.4078	0.0000	994.0875	0.1745	0.0000	30.1369	47.8166	0.0000	1009.1742	0.0001	0.0001	0.0002	0.0002	0.0002	0.0000	0.0001	0.0000	0.0002	inf	0.4366	0.1679	0.0000	5.0068	5.9927	1.9864	2.0491	2.9786	0.0000	2.9786	0.0014	0.0000	0.0014	2.9772	0.0000	2.9772	0.0000	0.0000	0.0000	0.0000	0.0000	0.0000	0.0000	0.0000	0.0000	0.0702	0.0672	0.0030	0.0080	0.0079	0.0000	0.0623	0.0593	0.0030	0.0180	0.0140	0.0040	0.0075	0.0066	0.0009	0.0106	0.0075	0.0031
28	47	61	0.3784	8	1	2	3	1	0	0	0	0	N	N	Y	N	N	N	N	N	N	N	N	N	inf	inf	inf	inf	inf	inf	inf	inf	inf	139.2947	0.0612	2753.7863	0.7073	0.0005	123.6122	153.2980	0.0677	2781.3693	0.0000	0.0000	0.0000	0.0000	0.0000	0.0000	0.0000	0.0000	0.0000	2395.7337	0.1656	0.0000	5.0068	5.9927	3.9822	2.0491	0.0090	0.0012	2.9588	0.0014	0.0000	0.0014	2.9586	0.0012	2.9574	0.0000	0.0000	0.0000	0.0000	0.0000	0.0000	0.0000	0.0000	0.0000	0.0213	0.0202	0.0011	0.0020	0.0019	0.0000	0.0193	0.0182	0.0011	0.0025	0.0019	0.0006	0.0009	0.0008	0.0001	0.0017	0.0011	0.0005	
28	47	73	0.3784	8	0	3	2	1	0	0	0	0	N	Y	N	N	N	N	N	N	N	N	N	N	67565.4941	0.0000	inf	66.7799	0.0000	inf	inf	0.0000	inf	56.9654	0.0000	1367.6448	0.1598	0.0000	23.9727	68.2575	0.0000	1404.2736	0.0008	0.0011	0.0000	0.0024	0.0027	0.0000	0.0000	0.0000	0.0000	inf	0.0000	0.1663	-0.0000	5.0068	5.9927	1.9864	2.0491	2.9507	0.0000	2.9507	0.0014	0.0000	0.0014	2.9493	0.0000	2.9493	0.0000	0.0000	0.0000	0.0000	0.0000	0.0000	0.0000	0.0000	0.0000	0.0518	0.0496	0.0022	0.0086	0.0085	0.0001	0.0432	0.0411	0.0021	0.0122	0.0091	0.0032	0.0043	0.0038	0.0005	0.0079	0.0053	0.0027
28	53	59	0.3340	7	0	3	1	1	0	0	0	0	N	Y	N	N	N	N	N	N	N	N	N	N	91574.0172	0.0000	893495622.9138	28.5423	0.0000	inf	132041680.1840	0.0000	852597827.9474	36.3859	0.0000	866.1272	0.0446	0.0000	6.6811	41.4759	0.0000	883.2586	0.0004	0.0005	0.0000	0.0016	0.0017	0.0000	0.0000	0.0000	0.0000	inf	0.0006	0.1682	-0.0000	5.0068	6.9987	1.9864	4.9999	2.9850	0.0000	2.9850	0.0005	0.0000	0.0004	2.9845	0.0000	2.9845	0.0000	0.0000	0.0000	0.0000	0.0000	0.0000	0.0000	0.0000	0.0000	0.0820	0.0786	0.0034	0.0101	0.0100	0.0001	0.0720	0.0686	0.0034	0.0252	0.0191	0.0061	0.0064	0.0060	0.0004	0.0188	0.0131	0.0057
28	53	72	0.3340	7	0	3	1	1	0	0	0	0	N	Y	N	N	N	N	N	N	N	N	N	N	31364290.0454	0.0000	inf	0.0000	0.0000	0.0000	inf	0.0000	inf	15.7316	0.0000	354.5397	0.0000	0.0000	0.0000	17.9384	0.0000	361.0869	0.0000	0.0000	0.0000	0.0000	0.0000	0.0000	0.0000	0.0000	0.0000	inf	0.0000	0.0564	-0.0000	5.0068	6.9987	1.9864	4.9999	0.9999	0.0000	0.9999	0.0000	0.0000	0.0000	0.9999	0.0000	0.9999	0.0000	0.0000	0.0000	0.0000	0.0000	0.0000	0.0000	0.0000	0.0000	0.0636	0.0607	0.0028	0.0078	0.0078	0.0001	0.0557	0.0530	0.0028	0.0215	0.0163	0.0052	0.0054	0.0051	0.0003	0.0162	0.0113	0.0049
28	53	73	0.3340	7	0	3	1	1	0	0	0	0	N	Y	N	N	N	N	N	N	N	N	N	N	inf	0.0000	inf	inf	0.0000	inf	inf	0.0000	inf	49.3106	0.0000	1208.4548	0.0434	0.0000	8.2101	59.4471	0.0000	1235.5685	0.0000	0.0000	0.0000	0.0000	0.0000	0.0000	0.0000	0.0000	0.0000	inf	0.1667	0.0000	5.0068	6.9987	9.3088	4.9999	16.5706	0.0000	2.9570	0.0004	0.0000	0.0004	2.9566	0.0000	2.9566	0.0000	0.0000	0.0000	0.0000	0.0000	0.0000	0.0000	0.0000	0.0000	0.0600	0.0575	0.0024	0.0102	0.0102	0.0001	0.0497	0.0473	0.0024	0.0166	0.0122	0.0044	0.0033	0.0032	0.0002	0.0133	0.0090	0.0043	
28	59	63	0.3233	10	0	3	1	1	0	0	0	0	N	Y	N	N	N	N	N	N	N	N	N	N	1164850.5497	446548.3438	inf	352495.7626	265975.9663	inf	inf	inf	inf	9.3989	4.3330	186.6812	6.8862	5.4202	99.8588	10.9852	3.6324	210.6356	0.0000	0.0000	0.0000	0.0000	0.0000	0.0000	0.0000	0.0000	0.0000	1.2312	0.0006	-0.7561	-0.0000	5.0068	15.6457	1.9864	33.2903	1.9295	0.8648	1.0647	0.5471	0.4239	0.1232	1.3825	0.4409	0.9416	0.0000	0.0000	0.0000	0.0000	0.0000	0.0000	0.0000	0.0000	0.0000	0.2053	0.1996	0.0057	0.0794	0.0782	0.0012	0.1258	0.1214	0.0045	0.0503	0.0418	0.0085	0.0208	0.0199	0.0009	0.0296	0.0219	0.0076
28	59	73	0.3110	6	0	3	1	1	0	0	0	0	N	Y	N	N	N	N	N	N	N	N	N	N	9687.4183	0.0028	112975.4953	3.5239	0.0035	inf	16548.8895	0.0000	110396.5809	25.5908	0.0000	685.7164	0.0214	0.0000	4.6023	31.1827	0.0000	701.2957	0.0026	0.0015	0.0061	0.0061	0.0065	0.0000	0.0019	0.0000	0.0064	6400435.7313	1.4070	0.1667	0.0001	5.0068	15.6457	1.9864	33.2903	2.9570	0.0000	2.9570	0.0004	0.0000	0.0004	2.9566	0.0000	2.9566	0.0001	0.0000	0.0001	0.0000	0.0000	0.0000	0.0001	0.0000	0.0001	0.1155	0.1112	0.0043	0.0207	0.0206	0.0001	0.0948	0.0906	0.0042	0.0454	0.0339	0.0116	0.0082	0.0077	0.0005	0.0372	0.0262	0.0110
28	59	78	0.2898	7	0	3	1	1	0	0	0	0	N	Y	N	N	N	N	N	N	N	N	N	N	4448.4011	90.7848	inf	114.3223	111.0198	0.0000	inf	0.0000	inf	0.4698	0.0123	18.7088	0.0342	0.0344	0.0000	0.7041	0.0000	19.9531	0.0001	0.0001	0.0000	0.0003	0.0003	0.0000	0.0000	0.0000	0.0000	38.2202	0.0000	0.0014	-0.0000	5.0068	15.6457	1.9864	33.2903	0.0459	0.0012	0.0447	0.0012	0.0012	0.0000	0.0447	0.0000	0.0447	0.0000	0.0000	0.0000	0.0000	0.0000	0.0000	0.0000	0.0000	0.0000	0.0976	0.0952	0.0024	0.0341	0.0340	0.0001	0.0635	0.0612	0.0022	0.0473	0.0369	0.0104	0.0167	0.0161	0.0006	0.0306	0.0208	0.0098
39	42	43	0.3580	6	1	1	1	0	0	0	0	0	N	N	N	N	N	N	N	N	N	N	N	N	inf	inf	inf	inf	inf	inf	inf	inf	inf	29.8358	0.0086	1528.6399	0.1046	0.0001	31.9008	60.0684	0.0176	1667.0202	0.0000	0.0000	0.0000	0.0000	0.0000	0.0000	0.0000	0.0000	0.0000	3525.6491	0.1605	-0.0000	9.0059	12.7198	2.9074	12.5308	1.4877	0.0008	2.8619	0.0051	0.0000	0.0051	2.8577	0.0008	2.8569	0.0000	0.0000	0.0000	0.0000	0.0000	0.0000	0.0000	0.0000	0.0000	0.0959	0.0941	0.0019	0.0484	0.0482	0.0002	0.0476	0.0459	0.0017	0.0382	0.0309	0.0073	0.0197	0.0189	0.0008	0.0185	0.0121	0.0065	
39	42	47	0.3483	6	1	1	2	0	0	0	0	0	N	N	N	N	N	N	N	N	N	N	N	N	86276.0973	13.5802	inf	73.2776	0.0277	inf	243368.4964	34.5937	inf	36.8458	0.0079	925.9575	0.0675	0.0000	11.9776	42.2928	0.0091	942.9598	0.0004	0.0006	0.0000	0.0009	0.0010	0.0000	0.0002	0.0003	0.0000	4845.2156	0.0000	0.2226	-0.0000	9.0059	12.7198	4.3814	12.5308	3.9632	0.0008	3.9624	0.0009	0.0000	0.0009	3.9623	0.0008	3.9615	0.0000	0.0000	0.0000	0.0000	0.0000	0.0000	0.0000	0.0000	0.0000	0.1076	0.1033	0.0043	0.0139	0.0138	0.0001	0.0937	0.0895	0.0042	0.0217	0.0159	0.0058	0.0073	0.0064	0.0009	0.0143	0.0094	0.0049
39	42	59	0.2578	5	1	1	1	0	0	0	0	0	N	N	N	N	N	N	N	N	N	N	N	N	357.9326	0.0564	50325898.3466	0.0076	0.0072	0.0000	328.2712	0.0476	48722341.3286	16.3301	0.0035	453.5944	0.0000	0.0000	0.0000	19.2587	0.0041	464.6546	0.0456	0.0621	0.0000	0.0026	0.0028	0.0000	0.0587	0.0871	0.0000	4836.8669	0.0001	0.2229	-0.0000	9.0059	12.7198	4.3814	12.5308	3.9697	0.0008	3.9688	0.0000	0.0000	0.0000	3.9697	0.0008	3.9688	0.0039	0.0039	0.0000	0.0001	0.0001	0.0000	0.0038	0.0038	0.0000	0.2431	0.2343	0.0087	0.0370	0.0368	0.0002	0.2061	0.1976	0.0085	0.0850	0.0625	0.0226	0.0198	0.0186	0.0012	0.0652	0.0439	0.0213
39	42	61	0.3337	6	2	0	2	0	0	0	0	0	N	N	N	N	N	N	N	N	N	N	N	N	58297523.3590	23313.0434	inf	0.0000	0.0000	0.0000	inf	inf	inf	52.9190	0.0286	1297.1463	0.0000	0.0000	0.0000	61.3930	0.0334	1326.7163	0.0000	0.0000	0.0000	0.0000	0.0000	0.0000	0.0000	0.0000	0.0000	1928.9639	0.0047	0.2207	0.0000	9.0059	12.7198	4.3814	12.5308	3.9511	0.0020	3.9490	0.0000	0.0000	0.0000	3.9511	0.0020	3.9490	0.0000	0.0000	0.0000	0.0000	0.0000	0.0000	0.0000	0.0000	0.0000	0.0747	0.0716	0.0030	0.0103	0.0102	0.0001	0.0644	0.0614	0.0030	0.0110	0.0081	0.0029	0.0029	0.0027	0.0003	0.0081	0.0055	0.0026
39	43	47	0.3770	7	1	2	2	0	0	0	0	0	N	N	N	N	N	N	N	N	N	N	N	N	1777788.7775	410.2566	inf	4110.6984	1.2696	inf	inf	inf	inf	65.0518	0.0186	2816.7748	0.2967	0.0001	81.9520	119.5726	0.0348	3027.8921	0.0000	0.0000	0.0000	0.0001	0.0001	0.0000	0.0000	0.0000	0.0000	3570.9212	0.0001	0.1617	-0.0000	9.0059	2.9074	4.3814	1.4877	2.8840	0.0008	2.8832	0.0060	0.0000	0.0060	2.8779	0.0008	2.8771	0.0000	0.0000	0.0000	0.0000	0.0000	0.0000	0.0000	0.0000	0.0000	0.0443	0.0433	0.0010	0.0203	0.0202	0.0001	0.0241	0.0231	0.0010	0.0148	0.0119	0.0029	0.0075	0.0071	0.0004	0.0073	0.0048	0.0025
39	43	59	0.3580	6	1	2	1	0	0	0	0	0	N	N	N	N	N	N	N	N	N	N	N	N	29618346.9731	6869.1909	inf	56517.1125	16.4572	inf	inf	inf	inf	29.4703	0.0084	1331.8958	0.1120	0.0000	29.3269	54.9857	0.0160	1445.5667	0.0000	0.0000	0.0000	0.0000	0.0000	0.0000	0.0000	0.0000	0.0000	3570.1680	0.0000	0.1621	-0.0000	9.0059	2.9074	4.3814	1.4877	2.8901	0.0008	2.8893	0.0051	0.0000	0.0051	2.8850	0.0008	2.8842	0.0000	0.0000	0.0000	0.0000	0.0000	0.0000	0.0000	0.0000	0.0000	0.0981	0.0959	0.0022	0.0456	0.0454	0.0002	0.0525	0.0505	0.0020	0.0513	0.0416	0.0098	0.0258	0.0244	0.0014	0.0255	0.0172	0.0084
39	43	61	0.3624	7	2	1	2	0	0	0	0	0	N	N	N	N	N	N	N	N	N	N	N	N	inf	inf	inf	inf	inf	inf	inf	inf	inf	92.9550	0.0669	3992.4750	0.3505	0.0003	90.6202	174.5521	0.1279	4321.7373	0.0000	0.0000	0.0000	0.0000	0.0000	0.0000	0.0000	0.0000	0.0000	1420.6364	0.1599	-0.0000	9.0059	2.9074	3.9822	1.4877	0.0090	0.0020	2.8711	0.0051	0.0000	0.0051	2.8681	0.0020	2.8660	0.0000	0.0000	0.0000	0.0000	0.0000	0.0000	0.0000	0.0000	0.0000	0.0309	0.0302	0.0007	0.0145	0.0144	0.0001	0.0164	0.0158	0.0007	0.0077	0.0062	0.0015	0.0037	0.0035	0.0002	0.0040	0.0027	0.0013	
39	43	73	0.3580	6	1	2	1	0	0	0	0	0	N	N	N	N	N	N	N	N	N	N	N	N	54526005.7590	12986.0053	inf	164162.0003	583.7437	inf	131932762.4293	25237.6134	inf	36.8714	0.0109	1912.9952	0.1259	0.0005	41.3435	76.5157	0.0224	2079.5577	0.0000	0.0000	0.0000	0.0000	0.0000	0.0000	0.0000	0.0000	0.0000	3463.8268	0.0000	0.1605	-0.0000	9.0059	2.9074	4.3814	1.4877	2.8627	0.0008	2.8619	0.0051	0.0000	0.0051	2.8577	0.0008	2.8569	0.0000	0.0000	0.0000	0.0000	0.0000	0.0000	0.0000	0.0000	0.0000	0.0776	0.0761	0.0015	0.0403	0.0402	0.0001	0.0373	0.0360	0.0014	0.0387	0.0313	0.0074	0.0199	0.0191	0.0008	0.0188	0.0123	0.0065
39	47	59	0.1578	3	1	2	2	0	0	0	0	0	N	N	N	N	N	N	N	N	N	N	N	N	571.1134	0.0901	26369517.4461	0.6132	0.0009	104772.2057	1367.8569	0.2009	55859989.7280	33.4331	0.0072	810.7602	0.0794	0.0001	11.4711	37.1494	0.0080	824.4220	0.0585	0.0794	0.0000	0.1295	0.1514	0.0001	0.0272	0.0397	0.0000	4871.6206	0.0001	0.2242	-0.0000	9.0059	5.9927	4.3814	2.0491	3.9922	0.0008	3.9914	0.0010	0.0000	0.0009	3.9913	0.0008	3.9904	0.0020	0.0020	0.0000	0.0014	0.0014	0.0000	0.0006	0.0006	0.0000	0.1194	0.1145	0.0049	0.0120	0.0119	0.0001	0.1074	0.1026	0.0048	0.0343	0.0253	0.0090	0.0105	0.0090	0.0015	0.0238	0.0163	0.0075
39	47	61	0.0927	3	2	1	3	0	0	0	0	0	N	N	Y	N	N	N	N	N	N	N	N	N	inf	inf	inf	inf	inf	inf	inf	inf	inf	109.7555	0.0593	2270.7036	0.3349	0.0004	46.5814	118.9639	0.0645	2296.6676	0.0000	0.0000	0.0000	0.0000	0.0000	0.0000	0.0000	0.0000	0.0000	1943.4000	0.2219	-0.0000	9.0059	5.9927	3.9822	2.0491	0.0090	0.0020	3.9715	0.0009	0.0000	0.0009	3.9726	0.0020	3.9706	0.0000	0.0000	0.0000	0.0000	0.0000	0.0000	0.0000	0.0000	0.0000	0.0362	0.0345	0.0017	0.0028	0.0028	0.0000	0.0334	0.0317	0.0017	0.0047	0.0033	0.0014	0.0010	0.0008	0.0002	0.0037	0.0025	0.0012	
39	47	73	0.2825	6	1	2	2	0	0	0	0	0	N	N	N	N	N	N	N	N	N	N	N	N	901761.4455	142.0320	inf	518.3511	0.1958	inf	inf	inf	inf	46.4104	0.0100	1148.2198	0.0786	0.0000	15.8188	53.9212	0.0117	1167.9762	0.0001	0.0001	0.0000	0.0002	0.0002	0.0000	0.0000	0.0000	0.0000	4845.2186	0.0000	0.2226	-0.0000	9.0059	5.9927	4.3814	2.0491	3.9632	0.0008	3.9624	0.0009	0.0000	0.0009	3.9623	0.0008	3.9615	0.0000	0.0000	0.0000	0.0000	0.0000	0.0000	0.0000	0.0000	0.0000	0.0854	0.0819	0.0035	0.0119	0.0119	0.0001	0.0735	0.0701	0.0034	0.0220	0.0161	0.0059	0.0075	0.0065	0.0009	0.0145	0.0096	0.0050
39	59	61	0.3109	3	2	1	2	0	0	0	0	0	N	N	N	N	N	N	N	N	N	N	N	N	inf	inf	inf	0.0000	0.0000	0.0000	inf	inf	inf	47.3258	0.0254	1112.8186	0.0000	0.0000	0.0000	48.5985	0.0261	1117.3895	0.0000	0.0000	0.0000	0.0000	0.0000	0.0000	0.0000	0.0000	0.0000	1942.0052	0.2223	0.0000	9.0059	15.6457	3.9822	33.2903	0.0090	0.0020	3.9780	0.0000	0.0000	0.0000	3.9800	0.0020	3.9780	0.0000	0.0000	0.0000	0.0000	0.0000	0.0000	0.0000	0.0000	0.0000	0.0841	0.0805	0.0036	0.0022	0.0022	0.0000	0.0819	0.0783	0.0036	0.0179	0.0133	0.0047	0.0041	0.0036	0.0005	0.0138	0.0097	0.0042	
39	59	63	0.2704	6	1	2	1	0	0	0	0	0	N	N	N	N	N	N	N	N	N	N	N	N	66.9274	24.6229	inf	21.7160	16.3870	inf	26973469.2483	6313519.8426	inf	5.5839	2.5730	111.8861	5.1096	4.0359	66.3692	5.7971	1.9053	122.8383	0.0834	0.1045	0.0000	0.2353	0.2463	0.0000	0.0000	0.0000	0.0000	1.2316	0.0000	-0.7591	-0.0000	9.0059	15.6457	4.3814	33.2903	1.9378	0.8683	1.0695	0.5499	0.4269	0.1230	1.3879	0.4415	0.9464	0.0083	0.0083	0.0000	0.0083	0.0083	0.0000	0.0000	0.0000	0.0000	0.3470	0.3375	0.0096	0.1076	0.1058	0.0019	0.2394	0.2317	0.0077	0.0994	0.0793	0.0200	0.0352	0.0337	0.0016	0.0641	0.0457	0.0185
39	59	73	0.3110	5	1	2	1	0	0	0	0	0	N	N	N	N	N	N	N	N	N	N	N	N	18177.3070	2.8685	73478551.0309	0.0000	0.0000	0.0000	27311.0621	3.9794	71013529.7732	20.7646	0.0045	566.1033	0.0000	0.0000	0.0000	24.7664	0.0053	579.0556	0.0011	0.0016	0.0000	0.0019	0.0020	0.0000	0.0009	0.0013	0.0000	4841.7485	0.0018	0.2229	0.0000	9.0059	15.6457	4.3814	33.2903	3.9696	0.0008	3.9688	0.0000	0.0000	0.0000	3.9696	0.0008	3.9688	0.0001	0.0001	0.0000	0.0000	0.0000	0.0000	0.0001	0.0001	0.0000	0.1912	0.1842	0.0070	0.0309	0.0307	0.0002	0.1603	0.1534	0.0069	0.0865	0.0636	0.0229	0.0201	0.0189	0.0013	0.0664	0.0447	0.0217
39	59	78	0.2898	5	1	2	1	0	0	0	0	0	N	N	N	N	N	N	N	N	N	N	N	N	52.3905	0.1394	inf	0.2550	0.2483	0.0000	10296.3926	0.0000	inf	0.2683	0.0009	10.6870	0.0034	0.0035	0.0000	0.3616	0.0000	11.1101	0.0051	0.0066	0.0000	0.0135	0.0139	0.0000	0.0000	0.0001	0.0000	297.8043	0.0000	0.0024	-0.0000	9.0059	15.6457	4.3814	33.2903	0.0448	0.0002	0.0447	0.0002	0.0002	0.0000	0.0447	0.0000	0.0447	0.0005	0.0005	0.0000	0.0005	0.0005	0.0000	0.0000	0.0000	0.0000	0.1671	0.1630	0.0042	0.0435	0.0434	0.0002	0.1236	0.1196	0.0040	0.1004	0.0778	0.0225	0.0379	0.0367	0.0011	0.0625	0.0411	0.0214
39	61	73	0.2578	6	2	1	2	0	0	0	0	0	N	N	N	N	N	N	N	N	N	N	N	N	71935609.5981	28783.8187	inf	0.0000	0.0000	0.0000	inf	inf	inf	66.7296	0.0361	1608.3702	0.0000	0.0000	0.0000	78.2885	0.0426	1642.6825	0.0000	0.0000	0.0000	0.0000	0.0000	0.0000	0.0000	0.0000	0.0000	1928.9639	0.0046	0.2207	0.0000	9.0059	3.9822	4.3814	0.0090	3.9511	0.0020	3.9490	0.0000	0.0000	0.0000	3.9511	0.0020	3.9490	0.0000	0.0000	0.0000	0.0000	0.0000	0.0000	0.0000	0.0000	0.0000	0.0592	0.0568	0.0025	0.0087	0.0087	0.0001	0.0505	0.0481	0.0024	0.0112	0.0082	0.0029	0.0030	0.0027	0.0003	0.0082	0.0056	0.0027
42	43	47	0.3770	7	0	2	1	0	0	0	0	0	N	N	N	N	N	N	N	N	N	N	N	N	830.8264	0.0000	8113.7423	45388.0099	0.0000	inf	764.5082	0.0000	7647.7010	42.8858	0.0000	2117.5799	0.1784	0.0000	49.1306	85.7292	0.0000	2321.5799	0.0516	0.0000	0.2610	0.0000	0.0000	0.0000	0.1121	0.0000	0.3036	inf	24340.4530	0.1611	0.0013	12.7198	2.9074	12.5308	1.4877	2.8579	0.0000	2.8579	0.0060	0.0000	0.0060	2.8519	0.0000	2.8519	0.0013	0.0000	0.0013	0.0000	0.0000	0.0000	0.0013	0.0000	0.0013	0.0666	0.0653	0.0013	0.0334	0.0333	0.0001	0.0333	0.0320	0.0012	0.0257	0.0206	0.0051	0.0139	0.0131	0.0007	0.0118	0.0075	0.0044
42	43	53	0.3327	6	0	2	0	0	0	0	0	0	N	N	N	N	N	N	N	N	N	N	N	N	inf	0.0000	inf	inf	0.0000	inf	inf	0.0000	inf	37.2694	0.0000	1875.3233	0.1305	0.0000	39.9765	75.0746	0.0000	2041.1289	0.0000	0.0000	0.0000	0.0000	0.0000	0.0000	0.0000	0.0000	0.0000	inf	0.1614	-0.0000	12.7198	2.9074	6.9987	1.4877	4.9999	0.0000	2.8639	0.0051	0.0000	0.0051	2.8588	0.0000	2.8588	0.0000	0.0000	0.0000	0.0000	0.0000	0.0000	0.0000	0.0000	0.0000	0.0768	0.0753	0.0015	0.0388	0.0386	0.0001	0.0381	0.0367	0.0014	0.0350	0.0283	0.0067	0.0180	0.0172	0.0008	0.0170	0.0111	0.0059	
42	43	59	0.2378	5	0	2	0	0	0	0	0	0	N	N	N	N	N	N	N	N	N	N	N	N	79453.8988	0.0155	inf	153.0863	0.0194	inf	15557044.1144	0.0000	inf	20.4006	0.0000	804.8754	0.0755	0.0000	18.3045	38.9564	0.0000	871.1074	0.0003	0.0003	0.0000	0.0005	0.0005	0.0000	0.0000	0.0000	0.0000	4254146.6490	0.0000	0.1614	-0.0000	12.7198	2.9074	12.5308	1.4877	2.8639	0.0000	2.8639	0.0051	0.0000	0.0051	2.8588	0.0000	2.8588	0.0000	0.0000	0.0000	0.0000	0.0000	0.0000	0.0000	0.0000	0.0000	0.1404	0.1368	0.0036	0.0670	0.0667	0.0003	0.0734	0.0701	0.0033	0.0907	0.0736	0.0172	0.0470	0.0446	0.0024	0.0437	0.0290	0.0148
42	43	61	0.3624	7	1	1	1	0	0	0	0	0	N	N	N	N	N	N	N	N	N	N	N	N	inf	inf	inf	inf	inf	inf	inf	inf	inf	61.9024	0.0271	3082.0279	0.2146	0.0001	66.8322	125.8826	0.0561	3349.2354	0.0000	0.0000	0.0000	0.0000	0.0000	0.0000	0.0000	0.0000	0.0000	2328.1191	0.1593	0.0000	12.7198	2.9074	3.9822	1.4877	0.0090	0.0012	2.8459	0.0050	0.0000	0.0050	2.8421	0.0012	2.8408	0.0000	0.0000	0.0000	0.0000	0.0000	0.0000	0.0000	0.0000	0.0000	0.0460	0.0451	0.0009	0.0234	0.0233	0.0001	0.0226	0.0217	0.0008	0.0131	0.0107	0.0025	0.0068	0.0065	0.0003	0.0064	0.0042	0.0022	
42	47	61	0.3483	6	1	1	2	0	0	0	0	0	N	N	N	N	N	N	N	N	N	N	N	N	inf	inf	inf	inf	inf	inf	inf	inf	inf	77.2239	0.0253	1810.4267	0.1430	0.0001	25.1287	88.4494	0.0291	1841.2129	0.0000	0.0000	0.0000	0.0000	0.0000	0.0000	0.0000	0.0000	0.0000	3190.9618	0.2212	0.0000	12.7198	5.9927	3.9822	2.0491	0.0090	0.0012	3.9448	0.0009	0.0000	0.0009	3.9451	0.0012	3.9438	0.0000	0.0000	0.0000	0.0000	0.0000	0.0000	0.0000	0.0000	0.0000	0.0511	0.0489	0.0022	0.0065	0.0065	0.0000	0.0446	0.0425	0.0021	0.0075	0.0055	0.0020	0.0027	0.0024	0.0003	0.0048	0.0032	0.0016	
42	53	61	0.3337	6	1	1	1	0	0	0	0	0	N	N	N	N	N	N	N	N	N	N	N	N	inf	inf	inf	0.0000	0.0000	0.0000	inf	inf	inf	66.2070	0.0217	1578.8148	0.0000	0.0000	0.0000	76.7194	0.0253	1613.7551	0.0000	0.0000	0.0000	0.0000	0.0000	0.0000	0.0000	0.0000	0.0000	3188.5895	0.2215	0.0000	12.7198	6.9987	3.9822	4.9999	0.0090	0.0012	3.9511	0.0000	0.0000	0.0000	3.9524	0.0012	3.9511	0.0000	0.0000	0.0000	0.0000	0.0000	0.0000	0.0000	0.0000	0.0000	0.0597	0.0572	0.0025	0.0082	0.0081	0.0001	0.0515	0.0491	0.0024	0.0101	0.0074	0.0026	0.0027	0.0024	0.0003	0.0074	0.0050	0.0024	
42	59	61	0.3337	6	1	1	1	0	0	0	0	0	N	N	N	N	N	N	N	N	N	N	N	N	inf	inf	inf	0.0000	0.0000	0.0000	inf	inf	inf	34.2821	0.0112	896.3806	0.0000	0.0000	0.0000	40.3586	0.0132	917.1718	0.0000	0.0000	0.0000	0.0000	0.0000	0.0000	0.0000	0.0000	0.0000	3188.5976	0.2215	0.0000	12.7198	15.6457	3.9822	33.2903	0.0090	0.0012	3.9511	0.0000	0.0000	0.0000	3.9524	0.0012	3.9511	0.0000	0.0000	0.0000	0.0000	0.0000	0.0000	0.0000	0.0000	0.0000	0.1153	0.1109	0.0044	0.0174	0.0173	0.0001	0.0979	0.0936	0.0043	0.0273	0.0205	0.0068	0.0084	0.0075	0.0009	0.0189	0.0130	0.0059	
43	47	53	0.3770	7	0	3	1	0	0	0	0	0	N	Y	N	N	N	N	N	N	N	N	N	N	inf	0.0000	inf	inf	0.0000	inf	inf	0.0000	inf	81.0947	0.0000	3442.0028	0.3692	0.0000	102.3507	149.3100	0.0000	3693.8579	0.0000	0.0000	0.0000	0.0000	0.0000	0.0000	0.0000	0.0000	0.0000	inf	0.1626	-0.0000	2.9074	5.9927	6.9987	2.0491	4.9999	0.0000	2.8851	0.0060	0.0000	0.0060	2.8791	0.0000	2.8791	0.0000	0.0000	0.0000	0.0000	0.0000	0.0000	0.0000	0.0000	0.0000	0.0356	0.0347	0.0008	0.0163	0.0162	0.0001	0.0193	0.0185	0.0008	0.0136	0.0109	0.0026	0.0069	0.0065	0.0004	0.0067	0.0044	0.0023	
43	47	59	0.3770	7	0	3	1	0	0	0	0	0	N	Y	N	N	N	N	N	N	N	N	N	N	468091.8743	0.0000	inf	1123.0374	0.0000	inf	inf	0.0000	inf	42.6160	0.0000	1896.1481	0.1928	0.0000	55.6264	78.8715	0.0000	2036.9819	0.0001	0.0001	0.0000	0.0002	0.0002	0.0000	0.0000	0.0000	0.0000	inf	0.0000	0.1626	-0.0000	2.9074	5.9927	1.4877	2.0491	2.8851	0.0000	2.8851	0.0060	0.0000	0.0060	2.8791	0.0000	2.8791	0.0000	0.0000	0.0000	0.0000	0.0000	0.0000	0.0000	0.0000	0.0000	0.0677	0.0662	0.0015	0.0312	0.0311	0.0001	0.0365	0.0351	0.0014	0.0340	0.0272	0.0068	0.0180	0.0169	0.0012	0.0160	0.0104	0.0056
43	47	61	0.3770	7	1	2	2	0	0	0	0	0	N	N	N	N	N	N	N	N	N	N	N	N	inf	inf	inf	inf	inf	inf	inf	inf	inf	134.2543	0.0585	5613.0740	0.6028	0.0003	170.0888	249.9491	0.1109	6014.8951	0.0000	0.0000	0.0000	0.0000	0.0000	0.0000	0.0000	0.0000	0.0000	2349.3842	0.1604	0.0000	2.9074	5.9927	3.9822	2.0491	0.0090	0.0012	2.8670	0.0060	0.0000	0.0060	2.8623	0.0012	2.8610	0.0000	0.0000	0.0000	0.0000	0.0000	0.0000	0.0000	0.0000	0.0000	0.0214	0.0209	0.0005	0.0099	0.0099	0.0000	0.0115	0.0110	0.0005	0.0051	0.0041	0.0010	0.0026	0.0024	0.0001	0.0025	0.0017	0.0009	
43	47	73	0.3770	7	0	3	1	0	0	0	0	0	N	Y	N	N	N	N	N	N	N	N	N	N	4935.8310	0.0000	3692736255.3545	10.7558	0.0000	inf	356065107.4299	0.0000	3471988953.7498	52.9879	0.0000	2637.9066	0.2140	0.0000	63.3002	109.1810	0.0000	2882.6128	0.0107	0.0134	0.0000	0.0199	0.0210	0.0000	0.0000	0.0000	0.0000	inf	0.0000	0.1611	-0.0000	2.9074	5.9927	1.4877	2.0491	2.8579	0.0000	2.8579	0.0060	0.0000	0.0060	2.8519	0.0000	2.8519	0.0003	0.0003	0.0000	0.0003	0.0003	0.0000	0.0000	0.0000	0.0000	0.0539	0.0529	0.0011	0.0278	0.0277	0.0001	0.0261	0.0251	0.0010	0.0260	0.0209	0.0051	0.0140	0.0133	0.0007	0.0120	0.0076	0.0044
43	53	59	0.3327	6	0	3	0	0	0	0	0	0	N	Y	N	N	N	N	N	N	N	N	N	N	132437702.5547	0.0000	inf	251846.1823	0.0000	inf	inf	0.0000	inf	36.7560	0.0000	1636.5237	0.1394	0.0000	36.7774	68.7023	0.0000	1773.0764	0.0000	0.0000	0.0000	0.0000	0.0000	0.0000	0.0000	0.0000	0.0000	inf	0.0000	0.1630	-0.0000	2.9074	6.9987	1.4877	4.9999	2.8913	0.0000	2.8913	0.0051	0.0000	0.0051	2.8861	0.0000	2.8861	0.0000	0.0000	0.0000	0.0000	0.0000	0.0000	0.0000	0.0000	0.0000	0.0787	0.0769	0.0018	0.0367	0.0365	0.0001	0.0420	0.0404	0.0016	0.0468	0.0379	0.0089	0.0235	0.0222	0.0012	0.0234	0.0157	0.0077
43	53	61	0.3624	7	1	2	1	0	0	0	0	0	N	N	N	N	N	N	N	N	N	N	N	N	inf	inf	inf	inf	inf	inf	inf	inf	inf	115.8789	0.0505	4873.3803	0.4363	0.0002	112.9702	217.9101	0.0967	5266.0523	0.0000	0.0000	0.0000	0.0000	0.0000	0.0000	0.0000	0.0000	0.0000	2348.8249	0.1608	0.0000	2.9074	6.9987	3.9822	4.9999	0.0090	0.0012	2.8731	0.0051	0.0000	0.0051	2.8692	0.0012	2.8680	0.0000	0.0000	0.0000	0.0000	0.0000	0.0000	0.0000	0.0000	0.0000	0.0248	0.0242	0.0006	0.0116	0.0116	0.0000	0.0132	0.0126	0.0005	0.0071	0.0057	0.0014	0.0034	0.0032	0.0001	0.0037	0.0025	0.0012	
43	53	72	0.3327	6	0	3	0	0	0	0	0	0	N	Y	N	N	N	N	N	N	N	N	N	N	inf	0.0000	inf	0.0000	0.0000	0.0000	inf	0.0000	inf	0.2417	0.0000	10.4216	0.0000	0.0000	0.0000	0.4556	0.0000	11.2744	0.0000	0.0000	0.0000	0.0000	0.0000	0.0000	0.0000	0.0000	0.0000	inf	0.0008	-0.0000	2.9074	6.9987	11.3561	4.9999	24.5436	0.0000	0.0149	0.0000	0.0000	0.0000	0.0149	0.0000	0.0149	0.0000	0.0000	0.0000	0.0000	0.0000	0.0000	0.0000	0.0000	0.0000	0.0614	0.0600	0.0014	0.0288	0.0287	0.0001	0.0326	0.0313	0.0013	0.0407	0.0330	0.0077	0.0202	0.0192	0.0010	0.0205	0.0138	0.0067	
43	53	73	0.3327	6	0	3	0	0	0	0	0	0	N	Y	N	N	N	N	N	N	N	N	N	N	inf	0.0000	inf	inf	0.0000	inf	inf	0.0000	inf	46.0711	0.0000	2343.3096	0.1568	0.0000	51.7419	95.6193	0.0000	2542.5487	0.0000	0.0000	0.0000	0.0000	0.0000	0.0000	0.0000	0.0000	0.0000	inf	0.1614	-0.0000	2.9074	6.9987	9.3088	4.9999	16.5706	0.0000	2.8639	0.0051	0.0000	0.0051	2.8588	0.0000	2.8588	0.0000	0.0000	0.0000	0.0000	0.0000	0.0000	0.0000	0.0000	0.0000	0.0622	0.0609	0.0012	0.0323	0.0322	0.0001	0.0299	0.0288	0.0011	0.0354	0.0287	0.0068	0.0182	0.0174	0.0008	0.0172	0.0112	0.0060	
43	59	61	0.3624	7	1	2	1	0	0	0	0	0	N	N	N	N	N	N	N	N	N	N	N	N	556439389.7024	196355.3500	inf	1046554.2485	463.8018	inf	inf	inf	inf	60.8548	0.0265	2698.1500	0.2274	0.0001	61.5465	115.1987	0.0510	2919.4638	0.0000	0.0000	0.0000	0.0000	0.0000	0.0000	0.0000	0.0000	0.0000	2348.8325	0.0000	0.1608	-0.0000	2.9074	15.6457	1.4877	33.2903	2.8743	0.0012	2.8731	0.0051	0.0000	0.0051	2.8692	0.0012	2.8680	0.0000	0.0000	0.0000	0.0000	0.0000	0.0000	0.0000	0.0000	0.0000	0.0472	0.0462	0.0011	0.0223	0.0222	0.0001	0.0249	0.0239	0.0010	0.0174	0.0141	0.0033	0.0087	0.0083	0.0005	0.0086	0.0058	0.0028
43	59	63	0.3219	9	0	3	0	0	0	0	0	0	N	Y	N	N	N	N	N	N	N	N	N	N	2359277.6819	29900.7442	inf	417732.3172	27374.3771	inf	7147971.9216	34493.4831	inf	5.2238	0.0776	349.6015	1.0471	0.0716	177.9610	12.0638	0.0876	401.2275	0.0000	0.0000	0.0000	0.0000	0.0000	0.0000	0.0000	0.0000	0.0000	67.3345	0.0015	0.0443	0.0000	2.9074	15.6457	1.4877	33.2903	1.0611	0.0155	1.0455	0.1320	0.0090	0.1231	0.9290	0.0065	0.9225	0.0000	0.0000	0.0000	0.0000	0.0000	0.0000	0.0000	0.0000	0.0000	0.2031	0.2001	0.0030	0.1261	0.1254	0.0007	0.0770	0.0747	0.0023	0.0990	0.0844	0.0147	0.0637	0.0610	0.0027	0.0354	0.0234	0.0120
43	59	73	0.3110	5	0	3	0	0	0	0	0	0	N	Y	N	N	N	N	N	N	N	N	N	N	9724.5255	0.0019	inf	18.2022	0.0023	inf	inf	0.0000	inf	25.6218	0.0000	955.5529	0.0926	0.0000	22.7592	50.0105	0.0000	1030.2651	0.0026	0.0033	0.0000	0.0051	0.0054	0.0000	0.0000	0.0000	0.0000	4254146.6490	0.0000	0.1614	-0.0000	2.9074	15.6457	1.4877	33.2903	2.8639	0.0000	2.8639	0.0051	0.0000	0.0051	2.8588	0.0000	2.8588	0.0002	0.0002	0.0000	0.0002	0.0002	0.0000	0.0000	0.0000	0.0000	0.1118	0.1088	0.0030	0.0546	0.0544	0.0002	0.0572	0.0544	0.0028	0.0921	0.0747	0.0174	0.0477	0.0452	0.0025	0.0444	0.0294	0.0150
43	59	78	0.2898	6	0	3	0	0	0	0	0	0	N	Y	N	N	N	N	N	N	N	N	N	N	491.9951	303.5075	inf	456.0757	442.8103	0.0000	inf	0.0000	inf	0.0244	0.0177	0.3639	0.0343	0.0344	0.0000	0.0142	0.0000	0.4165	0.0000	0.0001	0.0000	0.0001	0.0001	0.0000	0.0000	0.0000	0.0000	0.4070	0.0000	-0.0015	-0.0000	2.9074	15.6457	1.4877	33.2903	0.0023	0.0016	0.0007	0.0016	0.0016	0.0000	0.0007	0.0000	0.0007	0.0000	0.0000	0.0000	0.0000	0.0000	0.0000	0.0000	0.0000	0.0000	0.0942	0.0923	0.0018	0.0476	0.0473	0.0002	0.0466	0.0450	0.0016	0.1061	0.0903	0.0158	0.0699	0.0676	0.0024	0.0362	0.0228	0.0134
43	61	73	0.3624	7	1	2	1	0	0	0	0	0	N	N	N	N	N	N	N	N	N	N	N	N	12359545.0422	4391.9435	inf	24784.3961	11.2059	inf	94827771.7727	27699.2563	inf	76.5844	0.0336	3838.0859	0.2585	0.0001	86.3243	160.2591	0.0716	4157.6225	0.0000	0.0000	0.0000	0.0000	0.0000	0.0000	0.0000	0.0000	0.0000	2328.1191	0.0000	0.1593	-0.0000	2.9074	3.9822	1.4877	0.0090	2.8471	0.0012	2.8459	0.0050	0.0000	0.0050	2.8421	0.0012	2.8408	0.0000	0.0000	0.0000	0.0000	0.0000	0.0000	0.0000	0.0000	0.0000	0.0372	0.0364	0.0007	0.0194	0.0194	0.0001	0.0177	0.0171	0.0007	0.0133	0.0108	0.0025	0.0069	0.0066	0.0003	0.0064	0.0042	0.0022
47	53	59	0.1578	3	0	3	1	0	0	0	0	0	N	Y	N	N	N	N	N	N	N	N	N	N	370.7902	0.0000	2309.8275	3.9143	0.0000	81.8221	307.2686	0.0000	2098.0414	41.8235	0.0000	988.7585	0.0998	0.0000	14.3800	46.4447	0.0000	1004.9574	0.1128	0.0000	0.4281	0.0255	0.0000	0.1757	0.1512	0.0000	0.4790	inf	148471.2266	0.2251	0.0035	5.9927	6.9987	2.0491	4.9999	3.9945	0.0000	3.9945	0.0010	0.0000	0.0010	3.9935	0.0000	3.9935	0.0035	0.0000	0.0035	0.0002	0.0000	0.0002	0.0033	0.0000	0.0033	0.0955	0.0915	0.0040	0.0095	0.0095	0.0001	0.0860	0.0820	0.0040	0.0312	0.0230	0.0082	0.0095	0.0081	0.0014	0.0217	0.0148	0.0068
47	53	61	0.0927	3	1	2	2	0	0	0	0	0	N	N	N	N	N	N	N	N	N	N	N	N	inf	inf	inf	inf	inf	inf	inf	inf	inf	137.1389	0.0449	2758.0661	0.4200	0.0003	58.2563	148.6007	0.0488	2788.6811	0.0000	0.0000	0.0000	0.0000	0.0000	0.0000	0.0000	0.0000	0.0000	3212.0476	0.2228	0.0000	5.9927	6.9987	3.9822	4.9999	0.0090	0.0012	3.9736	0.0009	0.0000	0.0009	3.9739	0.0012	3.9726	0.0000	0.0000	0.0000	0.0000	0.0000	0.0000	0.0000	0.0000	0.0000	0.0290	0.0275	0.0014	0.0022	0.0022	0.0000	0.0267	0.0253	0.0014	0.0043	0.0030	0.0013	0.0009	0.0008	0.0002	0.0034	0.0023	0.0011	
47	53	72	0.1578	3	0	3	1	0	0	0	0	0	N	Y	N	N	N	N	N	N	N	N	N	N	94422.8245	0.3878	inf	1.4840	1.2835	0.0000	inf	0.0000	inf	13.5288	0.0001	303.2108	0.0007	0.0007	0.0000	15.0487	0.0000	307.9274	0.0001	0.0002	0.0000	0.0005	0.0006	0.0000	0.0000	0.0000	0.0000	187599.5627	0.0000	0.0564	-0.0000	5.9927	6.9987	2.0491	4.9999	1.0014	0.0000	1.0014	0.0000	0.0000	0.0000	1.0014	0.0000	1.0014	0.0000	0.0000	0.0000	0.0000	0.0000	0.0000	0.0000	0.0000	0.0000	0.0740	0.0707	0.0033	0.0075	0.0074	0.0001	0.0665	0.0633	0.0033	0.0265	0.0195	0.0070	0.0079	0.0068	0.0011	0.0186	0.0127	0.0059
47	53	73	0.2825	6	0	3	1	0	0	0	0	0	N	Y	N	N	N	N	N	N	N	N	N	N	inf	inf	inf	inf	inf	inf	inf	0.0000	inf	58.1005	0.0237	1396.5061	0.2634	0.1650	19.8935	67.3857	0.0000	1419.7321	0.0000	0.0000	0.0000	0.0000	0.0000	0.0000	0.0000	0.0000	0.0000	2557.7507	0.2220	-0.0000	5.9927	6.9987	9.3088	4.9999	16.5706	0.0015	3.9645	0.0025	0.0015	0.0009	3.9636	0.0000	3.9636	0.0000	0.0000	0.0000	0.0000	0.0000	0.0000	0.0000	0.0000	0.0000	0.0683	0.0654	0.0028	0.0094	0.0094	0.0000	0.0588	0.0560	0.0028	0.0200	0.0147	0.0054	0.0068	0.0059	0.0008	0.0133	0.0087	0.0045	
47	59	61	0.3109	3	1	2	2	0	0	0	0	0	N	N	N	N	N	N	N	N	N	N	N	N	inf	inf	inf	inf	inf	inf	inf	inf	inf	69.9790	0.0228	1590.9489	0.1661	0.0001	23.8366	77.7191	0.0254	1616.1182	0.0000	0.0000	0.0000	0.0000	0.0000	0.0000	0.0000	0.0000	0.0000	3212.0556	0.2228	-0.0000	5.9927	15.6457	3.9822	33.2903	0.0090	0.0012	3.9736	0.0009	0.0000	0.0009	3.9739	0.0012	3.9726	0.0000	0.0000	0.0000	0.0000	0.0000	0.0000	0.0000	0.0000	0.0000	0.0568	0.0543	0.0025	0.0057	0.0056	0.0000	0.0511	0.0487	0.0025	0.0117	0.0087	0.0030	0.0039	0.0034	0.0006	0.0078	0.0053	0.0025	
47	59	63	0.2704	7	0	3	1	0	0	0	0	0	N	Y	N	N	N	N	N	N	N	N	N	N	10422.8888	3827.9930	inf	4265.1578	3067.1080	inf	134268.5868	29770.6643	inf	8.1696	3.7705	160.8884	6.1946	4.8840	86.1760	9.3554	3.0888	181.4738	0.0008	0.0010	0.0000	0.0015	0.0016	0.0000	0.0001	0.0001	0.0000	1.2291	0.0000	-0.7586	-0.0000	5.9927	15.6457	2.0491	33.2903	1.9340	0.8676	1.0664	0.5501	0.4268	0.1234	1.3839	0.4409	0.9430	0.0001	0.0001	0.0000	0.0001	0.0001	0.0000	0.0000	0.0000	0.0000	0.2367	0.2301	0.0066	0.0888	0.0874	0.0014	0.1479	0.1427	0.0052	0.0671	0.0534	0.0137	0.0347	0.0316	0.0030	0.0325	0.0218	0.0107
47	59	73	0.3110	6	0	3	1	0	0	0	0	0	N	Y	N	N	N	N	N	N	N	N	N	N	1127.1044	0.0000	inf	0.7050	0.0000	inf	inf	0.0000	inf	30.3211	0.0000	795.4862	0.0472	0.0000	10.8485	35.7435	0.0000	809.3247	0.0269	0.0358	0.0000	0.0669	0.0762	0.0000	0.0000	0.0000	0.0000	inf	0.0000	0.2235	-0.0000	5.9927	15.6457	2.0491	33.2903	3.9645	0.0000	3.9645	0.0009	0.0000	0.0009	3.9636	0.0000	3.9636	0.0015	0.0015	0.0000	0.0015	0.0015	0.0000	0.0000	0.0000	0.0000	0.1308	0.1258	0.0050	0.0199	0.0198	0.0001	0.1109	0.1060	0.0049	0.0574	0.0431	0.0143	0.0231	0.0203	0.0028	0.0343	0.0228	0.0115
47	59	78	0.2898	6	0	3	1	0	0	0	0	0	N	Y	N	N	N	N	N	N	N	N	N	N	52.1411	0.1367	inf	1.0918	1.0001	0.0000	53.4368	0.0000	inf	0.3967	0.0014	15.9798	0.0039	0.0039	0.0000	0.6001	0.0000	16.9944	0.0076	0.0099	0.0000	0.0036	0.0039	0.0000	0.0112	0.0176	0.0000	298.9347	0.0000	0.0024	-0.0000	5.9927	15.6457	2.0491	33.2903	0.0448	0.0001	0.0447	0.0001	0.0001	0.0000	0.0447	0.0000	0.0447	0.0005	0.0005	0.0000	0.0001	0.0001	0.0000	0.0004	0.0004	0.0000	0.1130	0.1102	0.0028	0.0386	0.0384	0.0002	0.0745	0.0718	0.0026	0.0607	0.0466	0.0142	0.0286	0.0261	0.0025	0.0321	0.0204	0.0116
47	61	73	0.2825	6	1	2	2	0	0	0	0	0	N	N	N	N	N	N	N	N	N	N	N	N	37105373.2803	8952.5428	inf	22996.0629	13.1472	inf	inf	inf	inf	97.2865	0.0319	2238.9843	0.1668	0.0001	33.1720	112.7462	0.0372	2274.5810	0.0000	0.0000	0.0000	0.0000	0.0000	0.0000	0.0000	0.0000	0.0000	3190.9618	0.0000	0.2212	-0.0000	5.9927	3.9822	2.0491	0.0090	3.9460	0.0012	3.9448	0.0009	0.0000	0.0009	3.9451	0.0012	3.9438	0.0000	0.0000	0.0000	0.0000	0.0000	0.0000	0.0000	0.0000	0.0000	0.0406	0.0388	0.0018	0.0056	0.0055	0.0000	0.0350	0.0333	0.0017	0.0076	0.0056	0.0020	0.0028	0.0024	0.0004	0.0049	0.0032	0.0017
53	55	72	0.2533	5	0	2	0	0	0	0	0	0	N	N	N	N	N	N	N	N	N	N	N	N	inf	inf	inf	inf	inf	0.0000	inf	0.0000	inf	6.5169	0.0000	168.4945	0.0001	0.0001	0.0000	7.6911	0.0000	172.2449	0.0000	0.0000	0.0000	0.0000	0.0000	0.0000	0.0000	0.0000	0.0000	368482.1636	0.0555	-0.0000	6.9987	12.7799	11.3561	8.2167	24.5436	0.0000	0.9850	0.0000	0.0000	0.0000	0.9850	0.0000	0.9850	0.0000	0.0000	0.0000	0.0000	0.0000	0.0000	0.0000	0.0000	0.0000	0.1511	0.1453	0.0058	0.0231	0.0229	0.0001	0.1281	0.1223	0.0057	0.0579	0.0425	0.0154	0.0136	0.0128	0.0008	0.0443	0.0296	0.0146	
53	59	61	0.3109	3	1	2	1	0	0	0	0	0	N	N	N	N	N	N	N	N	N	N	N	N	inf	inf	inf	0.0000	0.0000	0.0000	inf	inf	inf	59.1787	0.0193	1357.0000	0.0000	0.0000	0.0000	60.7441	0.0198	1362.3745	0.0000	0.0000	0.0000	0.0000	0.0000	0.0000	0.0000	0.0000	0.0000	3209.7177	0.2232	0.0000	6.9987	15.6457	3.9822	33.2903	0.0090	0.0012	3.9800	0.0000	0.0000	0.0000	3.9813	0.0012	3.9800	0.0000	0.0000	0.0000	0.0000	0.0000	0.0000	0.0000	0.0000	0.0000	0.0673	0.0643	0.0029	0.0017	0.0017	0.0000	0.0655	0.0626	0.0029	0.0164	0.0121	0.0042	0.0037	0.0033	0.0004	0.0126	0.0088	0.0038	
53	59	63	0.2704	6	0	3	0	0	0	0	0	0	N	Y	N	N	N	N	N	N	N	N	N	N	116.1893	42.7260	inf	43.2639	32.6515	inf	612.5108	143.1461	inf	6.9885	3.2187	136.9091	6.3914	5.0480	81.0091	7.2571	2.3828	150.4154	0.0601	0.0753	0.0000	0.1477	0.1546	0.0000	0.0118	0.0166	0.0000	1.2342	0.0000	-0.7585	-0.0000	6.9987	15.6457	4.9999	33.2903	1.9388	0.8678	1.0710	0.5501	0.4268	0.1233	1.3886	0.4409	0.9477	0.0054	0.0054	0.0000	0.0047	0.0047	0.0000	0.0007	0.0007	0.0000	0.2774	0.2696	0.0078	0.0861	0.0846	0.0015	0.1913	0.1850	0.0063	0.0902	0.0721	0.0182	0.0321	0.0307	0.0014	0.0582	0.0414	0.0168
53	59	78	0.2898	5	0	3	0	0	0	0	0	0	N	Y	N	N	N	N	N	N	N	N	N	N	0.2418	0.0010	inf	0.0124	0.0121	0.0000	0.2359	0.0000	inf	0.3360	0.0018	13.2033	0.0065	0.0066	0.0000	0.4531	0.0000	13.7163	1.3896	1.7930	0.0000	0.5278	0.5435	0.0000	1.9209	2.9360	0.0000	194.8068	0.0000	0.0023	-0.0001	6.9987	15.6457	4.9999	33.2903	0.0449	0.0002	0.0447	0.0002	0.0002	0.0000	0.0447	0.0000	0.0447	0.1283	0.1283	0.0000	0.0186	0.0186	0.0000	0.1097	0.1097	0.0000	0.1337	0.1303	0.0034	0.0351	0.0349	0.0001	0.0987	0.0954	0.0033	0.0923	0.0716	0.0208	0.0352	0.0342	0.0010	0.0571	0.0374	0.0198
53	61	72	0.1287	3	1	2	1	0	0	0	0	0	N	N	N	N	N	N	N	N	N	N	N	N	inf	0.0000	inf	0.0000	0.0000	0.0000	inf	0.0000	inf	19.1524	0.0000	416.7160	0.0000	0.0000	0.0000	19.6956	0.0000	418.2152	0.0000	0.0000	0.0000	0.0000	0.0000	0.0000	0.0000	0.0000	0.0000	inf	0.0563	0.0000	6.9987	3.9822	11.3561	0.0090	24.5436	0.0000	0.9987	0.0000	0.0000	0.0000	0.9987	0.0000	0.9987	0.0000	0.0000	0.0000	0.0000	0.0000	0.0000	0.0000	0.0000	0.0000	0.0521	0.0497	0.0024	0.0014	0.0014	0.0000	0.0507	0.0483	0.0024	0.0139	0.0103	0.0036	0.0031	0.0028	0.0003	0.0108	0.0075	0.0033	
53	61	73	0.2533	6	1	2	1	0	0	0	0	0	N	N	N	N	N	N	N	N	N	N	N	N	inf	inf	inf	0.0000	0.0000	0.0000	inf	inf	inf	83.4913	0.0273	1955.5662	0.0000	0.0000	0.0000	97.8276	0.0323	1996.0332	0.0000	0.0000	0.0000	0.0000	0.0000	0.0000	0.0000	0.0000	0.0000	3188.5895	0.2215	0.0000	6.9987	3.9822	9.3088	0.0090	16.5706	0.0012	3.9511	0.0000	0.0000	0.0000	3.9524	0.0012	3.9511	0.0000	0.0000	0.0000	0.0000	0.0000	0.0000	0.0000	0.0000	0.0000	0.0473	0.0453	0.0020	0.0069	0.0069	0.0000	0.0404	0.0384	0.0020	0.0102	0.0076	0.0027	0.0027	0.0025	0.0003	0.0075	0.0051	0.0024	
53	72	80	0.1674	3	0	3	0	0	0	0	0	0	N	Y	N	N	N	N	N	N	N	N	N	N	206.0654	103.2328	inf	636.9853	626.5972	inf	inf	inf	inf	0.6153	0.3860	5.6023	5.1897	5.1990	0.2064	0.2827	0.0195	5.6178	0.0030	0.0037	0.0000	0.0081	0.0083	0.0000	0.0000	0.0000	0.0000	0.6671	0.0000	-0.0208	-0.0000	6.9987	11.3561	4.9999	24.5436	0.0382	0.0229	0.0153	0.0218	0.0218	0.0000	0.0164	0.0011	0.0153	0.0002	0.0002	0.0000	0.0002	0.0002	0.0000	0.0000	0.0000	0.0000	0.0621	0.0593	0.0027	0.0042	0.0042	0.0000	0.0579	0.0551	0.0027	0.0708	0.0565	0.0143	0.0259	0.0255	0.0005	0.0449	0.0311	0.0138
55	72	80	0.2249	4	0	2	0	0	0	0	0	0	N	N	N	N	N	N	N	N	N	N	N	N	9721.7519	2056.3138	308857.3644	4909.4861	4869.9591	5570.0025	48978.9375	784.3274	307076.0128	21.4003	5.0807	358.7764	23.8443	23.9258	0.5150	20.7805	0.0306	364.3289	0.0022	0.0025	0.0012	0.0049	0.0049	0.0001	0.0004	0.0000	0.0012	3.4159	0.1219	-0.4110	0.0000	12.7799	11.3561	8.2167	24.5436	2.4161	0.5471	1.8689	0.5446	0.5445	0.0000	1.8715	0.0026	1.8689	0.0003	0.0002	0.0000	0.0002	0.0002	0.0000	0.0000	0.0000	0.0000	0.1129	0.1077	0.0052	0.0228	0.0228	0.0001	0.0901	0.0849	0.0051	0.1142	0.0907	0.0235	0.0458	0.0453	0.0005	0.0684	0.0454	0.0230
59	61	63	0.3109	7	1	2	1	0	0	0	0	0	N	N	N	N	N	N	N	N	N	N	N	N	inf	inf	inf	inf	inf	inf	inf	inf	inf	11.6764	5.4210	219.6061	10.6726	8.4583	128.8408	12.1306	4.0244	241.7592	0.0000	0.0000	0.0000	0.0000	0.0000	0.0000	0.0000	0.0000	0.0000	1.2187	-0.7591	0.0000	15.6457	3.9822	14.8779	0.0090	12.4352	0.8676	1.0573	0.5481	0.4264	0.1217	1.3768	0.4412	0.9356	0.0000	0.0000	0.0000	0.0000	0.0000	0.0000	0.0000	0.0000	0.0000	0.1649	0.1600	0.0048	0.0514	0.0504	0.0009	0.1135	0.1096	0.0039	0.0330	0.0264	0.0065	0.0145	0.0134	0.0010	0.0185	0.0130	0.0055	
59	61	73	0.3110	6	1	2	1	0	0	0	0	0	N	N	N	N	N	N	N	N	N	N	N	N	121090.6451	29.6711	inf	0.0000	0.0000	0.0000	99608.4587	22.5035	inf	43.5881	0.0142	1115.3263	0.0000	0.0000	0.0000	51.8756	0.0170	1139.5284	0.0004	0.0005	0.0000	0.0000	0.0000	0.0000	0.0005	0.0008	0.0000	3188.5976	0.0000	0.2215	-0.0000	15.6457	3.9822	33.2903	0.0090	3.9524	0.0012	3.9511	0.0000	0.0000	0.0000	3.9524	0.0012	3.9511	0.0000	0.0000	0.0000	0.0000	0.0000	0.0000	0.0000	0.0000	0.0000	0.0907	0.0871	0.0035	0.0145	0.0144	0.0001	0.0762	0.0727	0.0035	0.0278	0.0209	0.0069	0.0086	0.0077	0.0009	0.0192	0.0132	0.0060
59	61	78	0.3109	6	1	2	1	0	0	0	0	0	N	N	N	N	N	N	N	N	N	N	N	N	420742.1557	1118.3382	inf	2071.2684	1938.2725	0.0000	inf	0.0000	inf	0.5628	0.0019	21.7749	0.0070	0.0071	0.0000	0.7644	0.0000	22.6091	0.0000	0.0000	0.0000	0.0000	0.0000	0.0000	0.0000	0.0000	0.0000	299.5017	0.0000	0.0024	-0.0000	15.6457	3.9822	33.2903	0.0090	0.0448	0.0001	0.0446	0.0001	0.0001	0.0000	0.0446	0.0000	0.0446	0.0000	0.0000	0.0000	0.0000	0.0000	0.0000	0.0000	0.0000	0.0000	0.0796	0.0775	0.0021	0.0212	0.0211	0.0001	0.0584	0.0564	0.0020	0.0298	0.0232	0.0066	0.0117	0.0109	0.0008	0.0180	0.0122	0.0058
59	63	78	0.2898	8	0	3	0	0	0	0	0	0	N	Y	N	N	N	N	N	N	N	N	N	N	26.1105	21.2604	0.0000	13.4624	13.1666	0.0000	142.3424	98.8949	0.0000	0.1166	0.1186	0.0000	0.1296	0.1305	0.0000	0.1062	0.1089	0.0000	0.0045	0.0056	0.0000	0.0096	0.0099	0.0000	0.0007	0.0011	0.0000	0.0000	0.0000	-0.0366	-0.0000	15.6457	14.8779	33.2903	12.4352	0.0388	0.0388	0.0000	0.0191	0.0191	0.0000	0.0197	0.0197	0.0000	0.0008	0.0008	0.0000	0.0007	0.0007	0.0000	0.0001	0.0001	0.0000	0.3327	0.3270	0.0057	0.1472	0.1461	0.0011	0.1855	0.1809	0.0046	0.1746	0.1397	0.0349	0.0731	0.0710	0.0021	0.1015	0.0688	0.0327
