branch_id_1	branch_id_2	dist_bl	dist_node_num	branch_num_fg_tube	branch_num_fg_pink	branch_num_fg_yellow	branch_num_fg_beakless	branch_num_mg_tube	branch_num_mg_pink	branch_num_mg_yellow	branch_num_mg_beakless	is_fg_tube	is_fg_pink	is_fg_yellow	is_fg_beakless	is_mf_tube	is_mf_pink	is_mf_yellow	is_mf_beakless	is_mg_tube	is_mg_pink	is_mg_yellow	is_mg_beakless	omegaCany2any	omegaCany2dif	omegaCany2spe	omegaCdif2any	omegaCdif2dif	omegaCdif2spe	omegaCspe2any	omegaCspe2dif	omegaCspe2spe	dNCany2any	dNCany2dif	dNCany2spe	dNCdif2any	dNCdif2dif	dNCdif2spe	dNCspe2any	dNCspe2dif	dNCspe2spe	dSCany2any	dSCany2dif	dSCany2spe	dSCdif2any	dSCdif2dif	dSCdif2spe	dSCspe2any	dSCspe2dif	dSCspe2spe	OCNCoD	OCSCoD	OCN_linreg_residual	OCS_linreg_residual	N_sub_1	N_sub_2	S_sub_1	S_sub_2	OCNany2any	OCNany2dif	OCNany2spe	OCNdif2any	OCNdif2dif	OCNdif2spe	OCNspe2any	OCNspe2dif	OCNspe2spe	OCSany2any	OCSany2dif	OCSany2spe	OCSdif2any	OCSdif2dif	OCSdif2spe	OCSspe2any	OCSspe2dif	OCSspe2spe	ECNany2any	ECNany2dif	ECNany2spe	ECNdif2any	ECNdif2dif	ECNdif2spe	ECNspe2any	ECNspe2dif	ECNspe2spe	ECSany2any	ECSany2dif	ECSany2spe	ECSdif2any	ECSdif2dif	ECSdif2spe	ECSspe2any	ECSspe2dif	ECSspe2spe	omegaCany2any_nocalib	omegaCany2dif_nocalib	omegaCany2spe_nocalib	omegaCdif2any_nocalib	omegaCdif2dif_nocalib	omegaCdif2spe_nocalib	omegaCspe2any_nocalib	omegaCspe2dif_nocalib	omegaCspe2spe_nocalib	dSCany2any_nocalib	dSCany2dif_nocalib	dSCany2spe_nocalib	dSCdif2any_nocalib	dSCdif2dif_nocalib	dSCdif2spe_nocalib	dSCspe2any_nocalib	dSCspe2dif_nocalib	dSCspe2spe_nocalib
0	4	0.1222	3	0	0	2	1	0	0	0	0	N	N	Y	N	N	N	N	N	N	N	N	N	0.0000	0.0000	0.0000	0.0000	0.0000	0.0000	0.0000	0.0000	0.0000	0.0000	0.0000	0.0000	0.0000	0.0000	0.0000	0.0000	0.0000	0.0508	0.0953	0.0006	0.3211	0.3381	0.0066	0.0003	0.0000	0.0005	0.0053	0.0000	-0.0213	14.0000	5.9907	24.0000	9.0550	0.0000	0.0000	0.0000	0.0000	0.0000	0.0000	0.0000	0.0000	0.0000	0.0287	0.0285	0.0002	0.0286	0.0285	0.0000	0.0001	0.0000	0.0001	0.4971	0.4318	0.0653	0.0085	0.0083	0.0002	0.4886	0.4235	0.0651	0.5647	0.2995	0.2652	0.0889	0.0844	0.0045	0.4757	0.2151	0.2606	0.0000	0.0000	0.0000	0.0000	0.0000	0.0000	0.0000	0.0000	0.0000	0.0508	0.0953	0.0006	0.3211	0.3381	0.0066	0.0003	0.0000	0.0005		
0	10	0.0818	2	0	1	1	1	0	0	0	0	N	N	N	N	N	N	N	N	N	N	N	N	40.1417	0.0000	inf	0.0000	0.0000	inf	inf	0.0029	0.0000	0.0225	0.0000	0.0000	0.0000	0.0030	0.0000	0.0229	0.0001	0.0001	0.0000	0.0005	0.0005	0.0000	0.0000	0.0000	0.0000	inf	0.0000	0.0005	-0.0000	14.0000	4.0402	24.0000	3.6071	0.0009	0.0000	0.0009	0.0000	0.0000	0.0000	0.0009	0.0000	0.0009	0.0000	0.0000	0.0000	0.0000	0.0000	0.0000	0.0000	0.0000	0.0000	0.3241	0.2820	0.0422	0.0124	0.0118	0.0006	0.3117	0.2701	0.0416	0.2739	0.1412	0.1327	0.0420	0.0406	0.0014	0.2319	0.1006	0.1313	40.1417	0.0000	inf	0.0000	0.0000	0.0000	inf	0.0000	inf	0.0001	0.0001	0.0000	0.0005	0.0005	0.0000	0.0000	0.0000	0.0000		
0	11	0.0983	2	0	1	1	2	0	0	0	0	N	N	N	Y	N	N	N	N	N	N	N	N	2.2387	1.1103	inf	0.2620	0.1793	inf	2.5611	0.9383	inf	1.4567	1.0963	4.6612	0.1164	0.0841	1.7987	1.9122	1.4839	4.8031	0.6507	0.9874	0.0000	0.4440	0.4691	0.0000	0.7466	1.5814	0.0000	0.4781	0.0000	-0.1941	-0.3991	14.0000	7.1434	24.0000	7.2869	1.3793	0.9332	0.4461	0.0280	0.0198	0.0081	1.3514	0.9134	0.4380	0.5330	0.5330	0.0000	0.1154	0.1154	0.0000	0.4176	0.4176	0.0000	0.9469	0.8512	0.0957	0.2402	0.2357	0.0045	0.7067	0.6155	0.0912	0.8192	0.5398	0.2794	0.2598	0.2460	0.0139	0.5593	0.2938	0.2655	2.2387	1.1103	inf	0.2620	0.1793	inf	2.5611	1.0440	inf	0.6507	0.9874	0.0000	0.4440	0.4691	0.0000	0.7466	1.4213	0.0000
0	12	0.0921	2	1	1	1	1	0	0	0	0	N	N	N	N	N	N	N	N	N	N	N	N	0.0000	0.0000	0.0000	0.0000	0.0000	0.0000	0.0000	0.0000	0.0000	0.0000	0.0000	0.0000	0.0000	0.0001	0.0002	0.0000	0.0003	0.0003	0.0000	0.0000	0.0000	0.0000	0.0000	0.0000	-0.0000	14.0000	1.9891	24.0000	3.0036	0.0000	0.0000	0.0000	0.0000	0.0000	0.0000	0.0000	0.0000	0.0000	0.0000	0.0000	0.0000	0.0000	0.0000	0.0000	0.0000	0.0000	0.0000	0.2077	0.1836	0.0241	0.0234	0.0232	0.0002	0.1843	0.1604	0.0239	0.3240	0.1850	0.1391	0.0900	0.0887	0.0013	0.2340	0.0962	0.1378	0.0000	0.0000	0.0000	0.0000	0.0000	0.0000	0.0000	0.0000	0.0000	0.0001	0.0002	0.0000	0.0003	0.0003	0.0000	0.0000	0.0000	0.0000						
0	14	0.0836	2	1	0	2	1	0	0	0	0	N	N	Y	N	N	N	N	N	N	N	N	N	0.0000	0.0000	0.0000	0.0000	0.0000	0.0000	0.0000	0.0000	0.0000	0.0000	0.0000	0.0000	0.0000	3.8663	0.0000	7.8527	0.0000	0.0000	0.0000	4.3868	0.0000	7.8785	inf	0.0000	0.2512	14.0000	3.8806	24.0000	3.0092	0.0000	0.0000	0.0000	0.0000	0.0000	0.0000	0.0000	0.0000	0.0000	0.9999	0.0000	0.9999	0.0000	0.0000	0.0000	0.9999	0.0000	0.9999	0.3541	0.3106	0.0435	0.0206	0.0200	0.0007	0.3334	0.2906	0.0428	0.2586	0.1313	0.1273	0.0307	0.0303	0.0004	0.2279	0.1010	0.1269	0.0000	0.0000	0.0000	0.0000	0.0000	0.0000	0.0000	0.0000	0.0000	3.8663	0.0000	7.8527	0.0000	0.0000	0.0000	4.3868	0.0000	7.8785						
0	15	0.1222	3	0	1	1	1	0	0	0	0	N	N	N	N	N	N	N	N	N	N	N	N	0.0000	0.0000	0.0000	0.0000	0.0000	0.0000	0.0000	0.0000	0.0000	0.0000	0.0000	0.0000	0.0000	0.0000	0.0000	0.0000	0.0000	0.0000	0.0010	0.0011	0.0008	0.0034	0.0031	0.0094	0.0004	0.0001	0.0006	0.5556	0.0000	-0.0002	14.0000	2.0122	24.0000	8.2883	0.0000	0.0000	0.0000	0.0000	0.0000	0.0000	0.0000	0.0000	0.0000	0.0004	0.0003	0.0002	0.0003	0.0003	0.0000	0.0001	0.0000	0.0001	0.1798	0.1566	0.0231	0.0073	0.0072	0.0001	0.1725	0.1494	0.0231	0.4365	0.2412	0.1953	0.0830	0.0798	0.0032	0.3535	0.1614	0.1921	0.0000	0.0000	0.0000	0.0000	0.0000	0.0000	0.0000	0.0000	0.0000	0.0010	0.0011	0.0008	0.0034	0.0031	0.0094	0.0004	0.0001	0.0006	
0	16	0.1213	3	0	1	1	1	0	0	0	0	N	N	N	N	N	N	N	N	N	N	N	N	0.0009	0.0006	0.2712	0.2582	0.0000	0.0000	0.0044	0.0050	0.0000	0.0697	0.0705	0.0000	0.0000	0.0000	0.0000	4.8651	8.2001	0.0000	0.2569	0.2730	0.0000	6.5162	13.9017	0.0000	0.0000	0.0000	-0.0004	-1.5584	14.0000	2.0840	24.0000	8.3569	0.0008	0.0008	0.0000	0.0008	0.0008	0.0000	0.0000	0.0000	0.0000	2.0814	2.0814	0.0000	0.0290	0.0290	0.0000	2.0524	2.0524	0.0000	0.1803	0.1565	0.0238	0.0113	0.0112	0.0001	0.1690	0.1453	0.0236	0.4278	0.2538	0.1740	0.1128	0.1062	0.0067	0.3150	0.1476	0.1673	0.0009	0.0006	0.0000	0.2712	0.2582	0.0000	0.0000	0.0000	0.0000	4.8651	8.2001	0.0000	0.2569	0.2730	0.0000	6.5162	13.9017	0.0000			
0	18	0.1222	3	0	1	1	1	0	0	0	0	N	N	N	N	N	N	N	N	N	N	N	N	0.0000	0.0000	0.0000	0.0000	0.0000	0.0000	0.0000	0.0000	0.0000	0.0000	0.0000	0.0000	0.0000	0.0000	0.0000	0.0000	0.0000	1.8407	0.0001	3.9442	0.0003	0.0000	0.0070	2.1961	0.0001	4.0124	50003.5000	0.0000	0.2513	14.0000	5.9999	24.0000	8.2406	0.0000	0.0000	0.0000	0.0000	0.0000	0.0000	0.0000	0.0000	0.0000	1.0001	0.0000	1.0001	0.0000	0.0000	0.0000	1.0001	0.0000	1.0000	0.4978	0.4325	0.0654	0.0085	0.0083	0.0002	0.4893	0.4242	0.0652	0.5433	0.2898	0.2536	0.0879	0.0836	0.0043	0.4554	0.2061	0.2492	0.0000	0.0000	0.0000	0.0000	0.0000	0.0000	0.0000	0.0000	0.0000	1.8407	0.0001	3.9442	0.0003	0.0000	0.0070	2.1961	0.0001	4.0124		
0	19	0.1075	2	0	0	1	1	0	0	0	0	N	N	N	N	N	N	N	N	N	N	N	N	0.0135	0.0280	0.0000	0.1612	0.1850	0.0000	0.0000	0.0000	0.0000	0.0066	0.0075	0.0000	0.0636	0.0638	0.0000	0.0000	0.0000	0.0000	0.4880	0.2665	0.7796	0.3948	0.3448	3.8145	0.5192	0.9054	0.7563	0.0000	2.2212	-0.0003	-0.0141	14.0000	0.9481	24.0000	8.0223	0.0006	0.0006	0.0000	0.0006	0.0006	0.0000	0.0000	0.0000	0.0000	0.2382	0.0740	0.1643	0.0484	0.0412	0.0072	0.1898	0.0327	0.1571	0.0990	0.0871	0.0118	0.0102	0.0102	0.0000	0.0887	0.0769	0.0118	0.4882	0.2775	0.2107	0.1226	0.1196	0.0030	0.3656	0.1579	0.2077	0.0135	0.0280	0.0000	0.1612	0.1850	0.0000	0.0000	0.0000	0.0000	0.4880	0.2665	0.7796	0.3948	0.3448	2.4008	0.5192	0.2073	0.7563
0	22	0.1064	2	1	1	1	1	0	0	0	0	N	N	N	N	N	N	N	N	N	N	N	N	0.0201	0.0155	0.0350	0.0342	0.0004	0.0004	0.0000	0.0017	0.0017	0.0000	0.0000	0.0000	0.0000	0.0185	0.0271	0.0000	0.0494	0.0511	0.0000	0.0000	0.0000	0.0000	0.0000	0.0000	-0.0000	-0.0031	14.0000	1.8226	24.0000	1.1826	0.0001	0.0001	0.0000	0.0001	0.0001	0.0000	0.0000	0.0000	0.0000	0.0042	0.0042	0.0000	0.0042	0.0042	0.0000	0.0000	0.0000	0.0000	0.2430	0.2142	0.0289	0.0521	0.0515	0.0006	0.1910	0.1627	0.0283	0.2253	0.1535	0.0718	0.0841	0.0814	0.0028	0.1411	0.0721	0.0691	0.0201	0.0155	0.0000	0.0350	0.0342	0.0000	0.0000	0.0000	0.0000	0.0185	0.0271	0.0000	0.0494	0.0511	0.0000	0.0000	0.0000	0.0000					
0	24	0.1058	3	0	0	2	1	0	0	0	0	N	N	Y	N	N	N	N	N	N	N	N	N	0.0000	0.0000	0.0000	0.0000	0.0000	0.0000	0.0000	0.0000	0.0000	0.0000	0.0000	0.0000	0.0000	0.0000	0.0000	0.0000	0.0000	0.0000	0.0000	0.0000	14.0000	0.0000	24.0000	0.0000	0.0000	0.0000	0.0000	0.0000	0.0000	0.0000	0.0000	0.0000	0.0000	0.0000	0.0000	0.0000	0.0000	0.0000	0.0000	0.0000	0.0000	0.0000	0.0000	0.0000	0.0000	0.0000	0.0000	0.0000	0.0000	0.0000	0.0000	0.0000	0.0000	0.0000	0.0000	0.0000	0.0000	0.0000	0.0000	0.0000	0.0000	0.0000	0.0000	0.0000	0.0000	0.0000	0.0000	0.0000	0.0000	0.0000	0.0000	0.0000	0.0000	0.0000	0.0000	0.0000	0.0000	0.0000											
0	26	0.0859	2	1	0	2	1	0	0	0	0	N	N	Y	N	N	N	N	N	N	N	N	N	39.4157	0.0000	inf	0.0000	0.0000	inf	inf	2.9225	0.0000	21.7040	0.0000	0.0000	0.0000	3.3697	0.0000	22.8420	0.0741	0.1488	0.0000	0.5761	0.5909	0.0000	0.0000	0.0000	0.0000	inf	0.0000	0.5361	-0.0161	14.0000	4.5914	24.0000	6.1047	1.0005	0.0000	1.0005	0.0000	0.0000	0.0000	1.0005	0.0000	1.0005	0.0215	0.0215	0.0000	0.0215	0.0215	0.0000	0.0000	0.0000	0.0000	0.3423	0.2962	0.0461	0.0454	0.0431	0.0023	0.2969	0.2531	0.0438	0.2893	0.1442	0.1451	0.0372	0.0363	0.0009	0.2521	0.1079	0.1442	39.4157	0.0000	inf	0.0000	0.0000	0.0000	inf	0.0000	inf	0.0741	0.1488	0.0000	0.5761	0.5909	0.0000	0.0000	0.0000	0.0000		
0	29	0.0859	2	1	0	2	1	0	0	0	0	N	N	Y	N	N	N	N	N	N	N	N	N	0.0018	0.0004	inf	6.8868	7.0796	0.0011	0.0000	inf	0.0096	0.0040	0.0438	0.0204	0.0214	0.0000	0.0073	0.0000	0.0463	5.3804	10.6478	0.0000	0.0030	0.0030	0.0000	6.4564	15.7561	0.0000	1.7463	0.0000	0.0003	-0.7328	14.0000	1.9609	24.0000	3.0643	0.0018	0.0007	0.0012	0.0007	0.0007	0.0000	0.0012	0.0000	0.0012	0.9786	0.9786	0.0000	0.0001	0.0001	0.0000	0.9786	0.9786	0.0000	0.1923	0.1656	0.0267	0.0328	0.0313	0.0014	0.1595	0.1343	0.0253	0.1819	0.0919	0.0900	0.0303	0.0298	0.0005	0.1516	0.0621	0.0895	0.0018	0.0004	inf	6.8868	7.0796	0.0000	0.0011	0.0000	inf	5.3804	10.6478	0.0000	0.0030	0.0030	0.0000	6.4564	15.7561	0.0000	
0	32	0.1058	3	0	1	1	1	0	0	0	0	N	N	N	N	N	N	N	N	N	N	N	N	0.0000	0.0000	0.0000	0.0000	0.0000	0.0000	0.0000	0.0000	0.0000	0.0000	0.0000	0.0000	0.0000	9.4526	0.0000	57.6186	0.0000	0.0000	0.0000	9.8327	0.0000	57.7507	inf	0.0000	0.2513	14.0000	0.0000	24.0000	4.0000	0.0000	0.0000	0.0000	0.0000	0.0000	0.0000	0.0000	0.0000	0.0000	1.0000	0.0000	1.0000	0.0000	0.0000	0.0000	1.0000	0.0000	1.0000	0.0000	0.0000	0.0000	0.0000	0.0000	0.0000	0.0000	0.0000	0.0000	0.1058	0.0488	0.0570	0.0041	0.0033	0.0008	0.1017	0.0455	0.0562	0.0000	0.0000	0.0000	0.0000	0.0000	0.0000	0.0000	0.0000	0.0000	9.4526	0.0000	17.5368	0.0000	0.0000	0.0000	9.8327	0.0000	17.7787						
0	33	0.1022	2	0	0	1	1	0	0	0	0	N	N	N	N	N	N	N	N	N	N	N	N	107.2931	125.4672	490.2223	0.0000	0.0000	163.5335	291.4191	496.4245	1.9362	0.6189	14.5667	0.0000	0.0000	0.0000	3.0087	1.0164	14.9395	0.0180	0.0049	0.0297	0.0132	0.0146	0.0000	0.0184	0.0035	0.0301	2.4545	6.7692	0.0002	0.0001	14.0000	0.0019	24.0000	1.9565	0.0008	0.0002	0.0005	0.0000	0.0000	0.0000	0.0008	0.0002	0.0005	0.0010	0.0001	0.0009	0.0001	0.0001	0.0000	0.0010	0.0001	0.0009	0.0004	0.0004	0.0000	0.0001	0.0001	0.0000	0.0003	0.0002	0.0000	0.0560	0.0264	0.0296	0.0038	0.0034	0.0004	0.0522	0.0229	0.0292	107.2931	125.4672	490.2223	0.0000	0.0000	0.0000	163.5335	291.4191	496.4245	0.0180	0.0049	0.0297	0.0132	0.0146	0.0000	0.0184	0.0035	0.0301	
0	34	0.0980	3	1	1	2	1	0	0	0	0	N	N	Y	N	N	N	N	N	N	N	N	N	0.0000	0.0000	0.0000	0.0000	0.0000	0.0000	0.0000	0.0000	0.0000	0.0000	0.0000	0.0000	0.0000	0.0001	0.0002	0.0000	0.0009	0.0009	0.0000	0.0000	0.0000	0.0000	0.0000	0.0000	-0.0000	14.0000	3.0034	24.0000	4.0042	0.0000	0.0000	0.0000	0.0000	0.0000	0.0000	0.0000	0.0000	0.0000	0.0000	0.0000	0.0000	0.0000	0.0000	0.0000	0.0000	0.0000	0.0000	0.2584	0.2272	0.0312	0.0184	0.0179	0.0005	0.2399	0.2093	0.0307	0.2362	0.1236	0.1126	0.0343	0.0332	0.0012	0.2019	0.0905	0.1114	0.0000	0.0000	0.0000	0.0000	0.0000	0.0000	0.0000	0.0000	0.0000	0.0001	0.0002	0.0000	0.0009	0.0009	0.0000	0.0000	0.0000	0.0000						
0	35	0.0980	3	1	1	2	1	0	0	0	0	N	N	Y	N	N	N	N	N	N	N	N	N	0.0134	0.0079	0.0309	0.0308	0.0000	0.0000	0.0000	0.0004	0.0005	0.0000	0.0000	0.0000	0.0000	0.0020	0.0039	0.0000	0.0146	0.0151	0.0000	0.0000	0.0000	0.0000	0.0000	0.0000	-0.0000	-0.0004	14.0000	4.4649	24.0000	3.5311	0.0000	0.0000	0.0000	0.0000	0.0000	0.0000	0.0000	0.0000	0.0000	0.0005	0.0005	0.0000	0.0005	0.0005	0.0000	0.0000	0.0000	0.0000	0.3706	0.3249	0.0457	0.0223	0.0215	0.0007	0.3484	0.3034	0.0450	0.2631	0.1368	0.1262	0.0364	0.0351	0.0013	0.2266	0.1017	0.1249	0.0134	0.0079	0.0000	0.0309	0.0308	0.0000	0.0000	0.0000	0.0000	0.0020	0.0039	0.0000	0.0146	0.0151	0.0000	0.0000	0.0000	0.0000					
0	36	0.0836	2	1	1	2	1	0	0	0	0	N	N	Y	N	N	N	N	N	N	N	N	N	0.0322	0.0000	0.1551	0.0000	0.0000	0.0349	0.0000	0.1569	0.0001	0.0000	0.0007	0.0000	0.0000	0.0000	0.0001	0.0000	0.0007	0.0024	0.0006	0.0043	0.0020	0.0020	0.0000	0.0024	0.0001	0.0043	inf	7.1429	0.0000	0.0001	14.0000	1.6626	24.0000	6.4813	0.0000	0.0000	0.0000	0.0000	0.0000	0.0000	0.0000	0.0000	0.0000	0.0006	0.0001	0.0005	0.0001	0.0001	0.0000	0.0005	0.0000	0.0005	0.1301	0.1150	0.0151	0.0128	0.0126	0.0002	0.1173	0.1024	0.0148	0.2391	0.1223	0.1167	0.0303	0.0299	0.0004	0.2088	0.0924	0.1164	0.0322	0.0000	0.1551	0.0000	0.0000	0.0000	0.0349	0.0000	0.1569	0.0024	0.0006	0.0043	0.0020	0.0020	0.0000	0.0024	0.0001	0.0043	
0	37	0.0921	2	1	1	1	1	0	0	0	0	N	N	N	N	N	N	N	N	N	N	N	N	0.0171	0.0100	0.0474	0.0470	0.0004	0.0004	0.0000	0.0073	0.0074	0.0000	0.0000	0.0000	0.0000	0.0219	0.0431	0.0000	0.1532	0.1572	0.0000	0.0000	0.0000	0.0000	0.0000	0.0000	-0.0001	-0.0105	14.0000	5.8118	24.0000	10.8965	0.0002	0.0002	0.0000	0.0002	0.0002	0.0000	0.0000	0.0000	0.0000	0.0140	0.0140	0.0000	0.0140	0.0140	0.0000	0.0000	0.0000	0.0000	0.5061	0.4427	0.0633	0.0262	0.0257	0.0004	0.4799	0.4170	0.0629	0.6403	0.3258	0.3146	0.0916	0.0892	0.0023	0.5488	0.2365	0.3122	0.0171	0.0100	0.0000	0.0474	0.0470	0.0000	0.0000	0.0000	0.0000	0.0219	0.0431	0.0000	0.1532	0.1572	0.0000	0.0000	0.0000	0.0000					
0	39	0.0818	2	0	1	1	1	0	0	0	0	N	N	N	N	N	N	N	N	N	N	N	N	28.9543	0.0000	inf	0.0000	0.0000	inf	inf	0.0017	0.0000	0.0134	0.0000	0.0000	0.0000	0.0018	0.0000	0.0136	0.0001	0.0001	0.0000	0.0005	0.0005	0.0000	0.0000	0.0000	0.0000	inf	0.0000	0.0005	-0.0000	14.0000	6.9653	24.0000	2.9126	0.0009	0.0000	0.0009	0.0000	0.0000	0.0000	0.0009	0.0000	0.0009	0.0000	0.0000	0.0000	0.0000	0.0000	0.0000	0.0000	0.0000	0.0000	0.5471	0.4760	0.0711	0.0199	0.0189	0.0010	0.5272	0.4571	0.0701	0.3335	0.1694	0.1641	0.0441	0.0426	0.0015	0.2894	0.1268	0.1626	28.9543	0.0000	inf	0.0000	0.0000	0.0000	inf	0.0000	inf	0.0001	0.0001	0.0000	0.0005	0.0005	0.0000	0.0000	0.0000	0.0000		
0	41	0.1022	2	0	0	2	1	0	0	0	0	N	N	Y	N	N	N	N	N	N	N	N	N	0.2644	0.3172	0.9045	0.0000	0.0000	0.3005	0.5368	0.9378	0.0024	0.0008	0.0134	0.0000	0.0000	0.0000	0.0027	0.0009	0.0141	0.0091	0.0025	0.0148	0.0086	0.0099	0.0000	0.0091	0.0017	0.0150	2.4545	6.7692	0.0002	0.0001	14.0000	4.0003	24.0000	0.0531	0.0008	0.0002	0.0005	0.0000	0.0000	0.0000	0.0008	0.0002	0.0005	0.0010	0.0001	0.0009	0.0001	0.0001	0.0000	0.0010	0.0001	0.0009	0.3157	0.2754	0.0402	0.0387	0.0367	0.0019	0.2770	0.2387	0.0383	0.1109	0.0516	0.0593	0.0058	0.0050	0.0008	0.1051	0.0466	0.0585	0.2644	0.3172	0.9045	0.0000	0.0000	0.0000	0.3005	0.5368	0.9378	0.0091	0.0025	0.0148	0.0086	0.0099	0.0000	0.0091	0.0017	0.0150	
0	46	0.0836	2	1	0	2	1	0	0	0	0	N	N	Y	N	N	N	N	N	N	N	N	N	0.0000	0.0000	0.0000	0.0000	0.0000	0.0000	0.0000	0.0000	0.0000	0.0000	0.0000	0.0000	0.0000	0.0003	0.0005	0.0000	0.0020	0.0020	0.0000	0.0000	0.0000	0.0000	0.0000	0.0000	-0.0000	14.0000	1.8806	24.0000	4.9930	0.0000	0.0000	0.0000	0.0000	0.0000	0.0000	0.0000	0.0000	0.0000	0.0001	0.0001	0.0000	0.0001	0.0001	0.0000	0.0000	0.0000	0.0000	0.1446	0.1277	0.0169	0.0133	0.0131	0.0002	0.1313	0.1147	0.0167	0.2110	0.1095	0.1015	0.0298	0.0294	0.0003	0.1812	0.0800	0.1012	0.0000	0.0000	0.0000	0.0000	0.0000	0.0000	0.0000	0.0000	0.0000	0.0003	0.0005	0.0000	0.0020	0.0020	0.0000	0.0000	0.0000	0.0000						
0	51	0.0983	2	0	1	1	2	0	0	0	0	N	N	N	Y	N	N	N	N	N	N	N	N	0.0000	0.0000	0.0000	0.0000	0.0000	0.0000	0.0000	0.0000	0.0000	0.0000	0.0000	0.0000	0.0000	0.0000	0.0000	0.0000	0.0000	0.0000	0.0000	0.0000	14.0000	0.9739	24.0000	0.0244	0.0000	0.0000	0.0000	0.0000	0.0000	0.0000	0.0000	0.0000	0.0000	0.0000	0.0000	0.0000	0.0000	0.0000	0.0000	0.0000	0.0000	0.0000	0.5049	0.4700	0.0349	0.2229	0.2215	0.0014	0.2820	0.2485	0.0335	0.5094	0.4128	0.0966	0.2564	0.2477	0.0088	0.2530	0.1651	0.0879	0.0000	0.0000	0.0000	0.0000	0.0000	0.0000	0.0000	0.0000	0.0000	0.0000	0.0000	0.0000	0.0000	0.0000	0.0000	0.0000	0.0000	0.0000											
0	53	0.1064	2	1	1	1	1	0	0	0	0	N	N	N	N	N	N	N	N	N	N	N	N	0.0000	0.0000	0.0000	0.0000	0.0000	0.0000	0.0000	0.0000	0.0000	0.0000	0.0000	0.0000	0.0000	0.0000	0.0000	0.0000	0.0000	0.0000	0.0000	0.0000	14.0000	1.0294	24.0000	5.0054	0.0000	0.0000	0.0000	0.0000	0.0000	0.0000	0.0000	0.0000	0.0000	0.0000	0.0000	0.0000	0.0000	0.0000	0.0000	0.0000	0.0000	0.0000	0.1806	0.1600	0.0206	0.0510	0.0505	0.0005	0.1297	0.1095	0.0202	0.3105	0.1965	0.1140	0.0959	0.0916	0.0043	0.2146	0.1049	0.1097	0.0000	0.0000	0.0000	0.0000	0.0000	0.0000	0.0000	0.0000	0.0000	0.0000	0.0000	0.0000	0.0000	0.0000	0.0000	0.0000	0.0000	0.0000											
0	58	0.2652	4	0	0	1	1	0	0	0	0	N	N	N	N	N	N	N	N	N	N	N	N	12.6677	5.5793	inf	3.2394	0.3447	inf	16.8505	1.0162	inf	0.6304	0.4137	2.5555	0.1528	0.0174	4.5104	0.8756	0.6425	2.3357	0.0498	0.0742	0.0000	0.0472	0.0504	0.0000	0.0520	0.6323	0.0000	0.6953	0.0000	-0.0893	-0.1202	14.0000	16.5869	24.0000	24.5040	1.6523	0.9746	0.6777	0.1359	0.0150	0.1209	1.5164	0.9597	0.5568	0.1605	0.1605	0.0000	0.0698	0.0698	0.0000	0.0907	0.0907	0.0000	2.6210	2.3558	0.2652	0.8890	0.8622	0.0268	1.7319	1.4935	0.2384	3.2249	2.1643	1.0606	1.4792	1.3845	0.0947	1.7457	0.7798	0.9659	12.6677	5.5793	inf	3.2394	0.3447	inf	16.8505	5.5235	inf	0.0498	0.0742	0.0000	0.0472	0.0504	0.0000	0.0520	0.1163	0.0000
1	4	0.1406	3	0	1	1	0	0	0	0	0	N	N	N	N	N	N	N	N	N	N	N	N	0.0000	0.0000	0.0000	0.0000	0.0000	0.0000	0.0000	0.0000	0.0000	0.0000	0.0000	0.0000	0.0000	0.2684	0.5065	0.0000	1.7066	1.7980	0.0000	0.0000	0.0000	0.0000	0.0000	0.0000	-0.1007	11.0000	5.9907	22.0000	9.0550	0.0000	0.0000	0.0000	0.0000	0.0000	0.0000	0.0000	0.0000	0.0000	0.1345	0.1345	0.0000	0.1345	0.1345	0.0000	0.0000	0.0000	0.0000	0.3975	0.3452	0.0523	0.0068	0.0067	0.0002	0.3907	0.3385	0.0522	0.5011	0.2655	0.2356	0.0788	0.0748	0.0040	0.4223	0.1907	0.2316	0.0000	0.0000	0.0000	0.0000	0.0000	0.0000	0.0000	0.0000	0.0000	0.2684	0.5065	0.0000	1.7066	1.7980	0.0000	0.0000	0.0000	0.0000						
1	10	0.1001	2	0	2	0	0	0	0	0	0	N	Y	N	N	N	N	N	N	N	N	N	N	42.5062	25.1845	170.1390	172.9132	0.0053	0.0060	0.0000	0.1364	0.1434	0.0000	0.0000	0.0000	0.0000	0.0001	0.0002	0.0000	0.0008	0.0008	0.0000	0.0000	0.0000	0.0000	0.0000	0.0000	-0.0006	-0.0000	11.0000	4.0402	22.0000	3.6071	0.0014	0.0014	0.0000	0.0014	0.0014	0.0000	0.0000	0.0000	0.0000	0.0000	0.0000	0.0000	0.0000	0.0000	0.0000	0.0000	0.0000	0.0000	0.2590	0.2253	0.0338	0.0100	0.0095	0.0005	0.2491	0.2158	0.0333	0.2429	0.1251	0.1177	0.0374	0.0362	0.0013	0.2055	0.0890	0.1165	42.5062	25.1845	0.0000	170.1390	172.9132	0.0000	0.0000	0.0000	0.0000	0.0001	0.0002	0.0000	0.0008	0.0008	0.0000	0.0000	0.0000	0.0000					
1	11	0.1167	2	0	2	0	1	0	0	0	0	N	Y	N	N	N	N	N	N	N	N	N	N	1.2920	250.2053	2.0879	0.6528	0.0699	1.2171	1.2027	inf	2.0889	2.5276	1.4680	11.9543	0.1127	0.0009	5.8763	3.3519	2.0320	12.2602	1.9564	0.0059	5.7256	0.1726	0.0129	4.8281	2.7871	0.0000	5.8691	0.9153	505.0107	0.0263	0.3544	11.0000	7.1434	22.0000	7.2869	1.9154	1.0000	0.9154	0.0217	0.0002	0.0216	1.8937	0.9999	0.8938	1.4219	0.0028	1.4191	0.0399	0.0028	0.0371	1.3820	0.0000	1.3820	0.7578	0.6812	0.0766	0.1928	0.1892	0.0037	0.5650	0.4921	0.0729	0.7268	0.4789	0.2478	0.2309	0.2185	0.0124	0.4959	0.2604	0.2355	1.2920	250.2053	2.0879	0.6528	0.0699	1.9625	1.2027	inf	2.0889	1.9564	0.0059	5.7256	0.1726	0.0129	2.9943	2.7871	0.0000	5.8691
1	12	0.1105	2	1	2	0	0	0	0	0	0	N	Y	N	N	N	N	N	N	N	N	N	N	0.0000	0.0000	0.0000	0.0000	0.0000	0.0000	0.0000	0.0000	0.0000	0.0000	0.0000	0.0000	0.0000	0.0000	0.0000	0.0416	0.0730	0.0000	0.1229	0.1246	0.0000	0.0105	0.0276	0.0000	0.0000	0.0000	-0.0089	11.0000	1.9891	22.0000	3.0036	0.0000	0.0000	0.0000	0.0000	0.0000	0.0000	0.0000	0.0000	0.0000	0.0119	0.0119	0.0000	0.0097	0.0097	0.0000	0.0022	0.0022	0.0000	0.1657	0.1464	0.0193	0.0185	0.0183	0.0001	0.1472	0.1280	0.0192	0.2862	0.1631	0.1231	0.0791	0.0780	0.0011	0.2071	0.0851	0.1220	0.0000	0.0000	0.0000	0.0000	0.0000	0.0000	0.0000	0.0000	0.0000	0.0416	0.0730	0.0000	0.1229	0.1246	0.0000	0.0105	0.0256	0.0000				
1	14	0.1020	2	1	1	1	0	0	0	0	0	N	N	N	N	N	N	N	N	N	N	N	N	0.7118	2.8510	0.6668	2.8858	3.1082	0.0000	25.2534	0.0000	0.0000	0.0000	3.3005	0.0000	25.6445	4.3665	0.0000	8.8578	0.0000	0.0000	0.0000	4.9501	0.0000	8.8864	inf	inf	0.4719	0.2512	11.0000	3.8806	22.0000	3.0092	0.8806	0.0000	0.8806	0.0000	0.0000	0.0000	0.8806	0.0000	0.8806	0.9999	0.0000	0.9999	0.0000	0.0000	0.0000	0.9999	0.0000	0.9999	0.2833	0.2485	0.0349	0.0165	0.0160	0.0005	0.2668	0.2325	0.0343	0.2290	0.1161	0.1129	0.0270	0.0266	0.0004	0.2020	0.0895	0.1125	0.7118	0.0000	2.8510	0.0000	0.0000	0.0000	0.6668	0.0000	2.8858	4.3665	0.0000	8.8578	0.0000	0.0000	0.0000	4.9501	0.0000	8.8864					
1	15	0.1406	3	0	2	0	0	0	0	0	0	N	Y	N	N	N	N	N	N	N	N	N	N	0.0000	0.0000	0.0000	0.0000	0.0000	0.0000	0.0000	0.0000	0.0000	0.0000	0.0000	0.0000	0.0000	0.0000	0.0000	0.0000	0.0000	2.2367	0.0005	4.9930	0.0147	0.0014	0.3497	2.7573	0.0000	5.0692	8665.9000	0.0000	0.2177	11.0000	2.0122	22.0000	8.2883	0.0000	0.0000	0.0000	0.0000	0.0000	0.0000	0.0000	0.0000	0.0000	0.8667	0.0001	0.8666	0.0011	0.0001	0.0010	0.8656	0.0000	0.8656	0.1438	0.1253	0.0186	0.0059	0.0058	0.0001	0.1380	0.1195	0.0185	0.3875	0.2139	0.1736	0.0736	0.0708	0.0028	0.3139	0.1432	0.1708	0.0000	0.0000	0.0000	0.0000	0.0000	0.0000	0.0000	0.0000	0.0000	2.2367	0.0005	4.9930	0.0147	0.0014	0.3497	2.7573	0.0000	5.0692		
1	16	0.1396	3	0	2	0	0	0	0	0	0	N	Y	N	N	N	N	N	N	N	N	N	N	0.0040	0.7628	0.0000	0.4516	4.4986	0.0000	0.0000	0.0000	0.0065	0.0075	0.0000	0.1045	0.1058	0.0000	0.0000	0.0000	0.0000	1.6375	0.0099	4.0034	0.2314	0.0235	6.1322	2.1420	0.0000	4.0211	0.0000	279.3288	-0.0004	0.1541	11.0000	2.0840	22.0000	8.3569	0.0009	0.0009	0.0000	0.0009	0.0009	0.0000	0.0000	0.0000	0.0000	0.6223	0.0022	0.6201	0.0232	0.0022	0.0210	0.5991	0.0000	0.5991	0.1440	0.1250	0.0190	0.0090	0.0089	0.0001	0.1350	0.1161	0.0189	0.3800	0.2251	0.1549	0.1003	0.0944	0.0059	0.2797	0.1307	0.1490	0.0040	0.7628	0.0000	0.4516	4.4986	0.0000	0.0000	0.0000	0.0000	1.6375	0.0099	4.0034	0.2314	0.0235	3.5571	2.1420	0.0000	4.0211	
1	18	0.1406	3	0	2	0	0	0	0	0	0	N	Y	N	N	N	N	N	N	N	N	N	N	0.0000	0.0000	0.0000	0.0000	0.0000	0.0000	0.0000	0.0000	0.0000	0.0000	0.0000	0.0000	0.0000	0.0000	0.0000	0.0000	4.4262	0.5231	8.8767	1.7247	1.8132	0.0000	4.9469	0.0000	9.0292	14.8803	0.0000	0.4019	11.0000	5.9999	22.0000	8.2406	0.0000	0.0000	0.0000	0.0000	0.0000	0.0000	0.0000	0.0000	0.0000	2.1343	0.1344	1.9999	0.1344	0.1344	0.0000	1.9999	0.0000	1.9999	0.3981	0.3457	0.0524	0.0068	0.0067	0.0002	0.3913	0.3390	0.0522	0.4822	0.2569	0.2253	0.0779	0.0741	0.0038	0.4043	0.1828	0.2215	0.0000	0.0000	0.0000	0.0000	0.0000	0.0000	0.0000	0.0000	0.0000	4.4262	0.5231	8.8767	1.7247	1.8132	0.0000	4.9469	0.0000	9.0292			
1	19	0.1258	2	0	1	0	0	0	0	0	0	N	N	N	N	N	N	N	N	N	N	N	N	0.0053	0.0065	0.0000	0.0245	0.0241	0.0000	0.0000	0.0000	0.0000	0.0030	0.0034	0.0000	0.0295	0.0296	0.0000	0.0000	0.0000	0.0000	0.5694	0.5325	0.6180	1.2033	1.2290	0.1689	0.3575	0.0060	0.6245	0.0000	0.8831	-0.0001	-0.0689	11.0000	0.9481	22.0000	8.0223	0.0002	0.0002	0.0000	0.0002	0.0002	0.0000	0.0000	0.0000	0.0000	0.2463	0.1308	0.1155	0.1304	0.1300	0.0004	0.1159	0.0008	0.1151	0.0791	0.0696	0.0095	0.0081	0.0081	0.0000	0.0710	0.0615	0.0095	0.4326	0.2457	0.1869	0.1084	0.1058	0.0026	0.3242	0.1399	0.1843	0.0053	0.0065	0.0000	0.0245	0.0241	0.0000	0.0000	0.0000	0.0000	0.5694	0.5325	0.6180	1.2033	1.2290	0.1689	0.3575	0.0060	0.6245
1	22	0.1247	2	1	2	0	0	0	0	0	0	N	Y	N	N	N	N	N	N	N	N	N	N	0.0042	0.0004	0.3307	0.0077	0.0078	0.0000	0.0033	0.0000	0.3695	0.0028	0.0004	0.0212	0.0015	0.0015	0.0000	0.0032	0.0000	0.0216	0.6829	0.9732	0.0642	0.1893	0.1887	0.2056	0.9770	1.8598	0.0585	8.1667	0.0309	0.0002	-0.0977	11.0000	1.8226	22.0000	1.1826	0.0006	0.0001	0.0005	0.0001	0.0001	0.0000	0.0005	0.0000	0.0005	0.1360	0.1319	0.0041	0.0141	0.0136	0.0005	0.1219	0.1183	0.0036	0.1938	0.1707	0.0231	0.0413	0.0409	0.0004	0.1525	0.1299	0.0226	0.1991	0.1355	0.0636	0.0743	0.0719	0.0024	0.1248	0.0636	0.0611	0.0042	0.0004	0.3307	0.0077	0.0078	0.0000	0.0033	0.0000	0.3695	0.6829	0.9732	0.0642	0.1893	0.1887	0.2056	0.9770	1.8598	0.0585
1	24	0.1241	3	0	1	1	0	0	0	0	0	N	N	N	N	N	N	N	N	N	N	N	N	0.0000	0.0000	0.0000	0.0000	0.0000	0.0000	0.0000	0.0000	0.0000	0.0000	0.0000	0.0000	0.0000	0.0000	0.0000	0.0000	0.0000	0.0000	0.0000	0.0000	11.0000	0.0000	22.0000	0.0000	0.0000	0.0000	0.0000	0.0000	0.0000	0.0000	0.0000	0.0000	0.0000	0.0000	0.0000	0.0000	0.0000	0.0000	0.0000	0.0000	0.0000	0.0000	0.0000	0.0000	0.0000	0.0000	0.0000	0.0000	0.0000	0.0000	0.0000	0.0000	0.0000	0.0000	0.0000	0.0000	0.0000	0.0000	0.0000	0.0000	0.0000	0.0000	0.0000	0.0000	0.0000	0.0000	0.0000	0.0000	0.0000	0.0000	0.0000	0.0000	0.0000	0.0000	0.0000	0.0000	0.0000	0.0000											
1	26	0.1042	2	1	1	1	0	0	0	0	0	N	N	N	N	N	N	N	N	N	N	N	N	0.0396	0.0000	0.6503	0.0000	0.0000	0.0000	0.1788	0.6928	0.0043	0.0000	0.0317	0.0000	0.0000	0.0000	0.0049	0.0000	0.0334	0.1082	0.1680	0.0488	0.6465	0.6593	0.1354	0.0276	0.0000	0.0482	inf	0.2923	0.0006	-0.0145	11.0000	4.5914	22.0000	6.1047	0.0012	0.0000	0.0012	0.0000	0.0000	0.0000	0.0012	0.0000	0.0012	0.0278	0.0215	0.0063	0.0216	0.0215	0.0001	0.0062	0.0000	0.0062	0.2734	0.2365	0.0369	0.0366	0.0347	0.0019	0.2368	0.2018	0.0350	0.2570	0.1281	0.1290	0.0335	0.0326	0.0008	0.2236	0.0954	0.1281	0.0396	0.0000	0.6503	0.0000	0.0000	0.0000	0.1788	0.0000	0.6928	0.1082	0.1680	0.0488	0.6465	0.6593	0.1354	0.0276	0.0000	0.0482	
1	29	0.1042	2	1	1	1	0	0	0	0	0	N	N	N	N	N	N	N	N	N	N	N	N	0.0013	0.0000	0.6972	0.0000	0.0000	0.0000	0.0013	0.0000	0.7464	0.0076	0.0000	0.0548	0.0000	0.0000	0.0000	0.0092	0.0000	0.0579	6.0870	11.9739	0.0785	0.0099	0.0060	0.2399	7.3179	17.8111	0.0776	inf	0.0064	0.0006	-0.7312	11.0000	1.9609	22.0000	3.0643	0.0012	0.0000	0.0012	0.0000	0.0000	0.0000	0.0012	0.0000	0.0012	0.9850	0.9787	0.0063	0.0003	0.0002	0.0001	0.9847	0.9786	0.0062	0.1535	0.1321	0.0214	0.0263	0.0251	0.0012	0.1272	0.1070	0.0202	0.1618	0.0817	0.0801	0.0273	0.0268	0.0005	0.1346	0.0549	0.0796	0.0013	0.0000	0.6972	0.0000	0.0000	0.0000	0.0013	0.0000	0.7464	6.0870	11.9739	0.0785	0.0099	0.0060	0.2399	7.3179	17.8111	0.0776
1	32	0.1241	3	0	2	0	0	0	0	0	0	N	Y	N	N	N	N	N	N	N	N	N	N	0.0000	0.0000	0.0000	0.0000	0.0000	0.0000	0.0000	0.0000	0.0000	0.0000	0.0000	0.0000	0.0000	0.0000	0.0000	0.0000	0.0000	0.0000	0.0000	0.0000	11.0000	0.0000	22.0000	4.0000	0.0000	0.0000	0.0000	0.0000	0.0000	0.0000	0.0000	0.0000	0.0000	0.0000	0.0000	0.0000	0.0000	0.0000	0.0000	0.0000	0.0000	0.0000	0.0000	0.0000	0.0000	0.0000	0.0000	0.0000	0.0000	0.0000	0.0000	0.0936	0.0431	0.0505	0.0036	0.0029	0.0007	0.0900	0.0402	0.0498	0.0000	0.0000	0.0000	0.0000	0.0000	0.0000	0.0000	0.0000	0.0000	0.0000	0.0000	0.0000	0.0000	0.0000	0.0000	0.0000	0.0000	0.0000											
1	33	0.1205	2	0	1	0	0	0	0	0	0	N	N	N	N	N	N	N	N	N	N	N	N	7396.4047	1063.4367	inf	0.0000	0.0000	inf	inf	inf	1.4946	0.4570	11.3345	0.0000	0.0000	0.0000	2.3261	0.7523	11.6241	0.0002	0.0004	0.0000	0.0030	0.0033	0.0000	0.0000	0.0000	0.0000	2.6154	0.0000	0.0001	-0.0000	11.0000	0.0019	22.0000	1.9565	0.0005	0.0001	0.0003	0.0000	0.0000	0.0000	0.0005	0.0001	0.0003	0.0000	0.0000	0.0000	0.0000	0.0000	0.0000	0.0000	0.0000	0.0000	0.0003	0.0003	0.0000	0.0001	0.0001	0.0000	0.0002	0.0002	0.0000	0.0495	0.0233	0.0262	0.0033	0.0030	0.0003	0.0462	0.0203	0.0259	7396.4047	1063.4367	inf	0.0000	0.0000	0.0000	inf	inf	inf	0.0002	0.0004	0.0000	0.0030	0.0033	0.0000	0.0000	0.0000	0.0000	
1	34	0.1163	3	1	2	1	0	0	0	0	0	N	Y	N	N	N	N	N	N	N	N	N	N	0.0000	0.0000	0.0000	0.0000	0.0000	0.0000	0.0000	0.0000	0.0000	0.0000	0.0000	0.0000	0.0000	0.0000	0.0000	0.0000	0.0000	0.0119	0.0004	0.0246	0.0030	0.0014	0.0489	0.0134	0.0000	0.0243	61.2500	0.0000	0.0006	11.0000	3.0034	22.0000	4.0042	0.0000	0.0000	0.0000	0.0000	0.0000	0.0000	0.0000	0.0000	0.0000	0.0025	0.0000	0.0024	0.0001	0.0000	0.0001	0.0024	0.0000	0.0024	0.2063	0.1813	0.0250	0.0147	0.0143	0.0004	0.1916	0.1671	0.0246	0.2092	0.1094	0.0997	0.0304	0.0294	0.0010	0.1788	0.0800	0.0987	0.0000	0.0000	0.0000	0.0000	0.0000	0.0000	0.0000	0.0000	0.0000	0.0119	0.0004	0.0246	0.0030	0.0014	0.0489	0.0134	0.0000	0.0243		
1	35	0.1163	3	1	2	1	0	0	0	0	0	N	Y	N	N	N	N	N	N	N	N	N	N	0.0000	0.0000	0.0000	0.0000	0.0000	0.0000	0.0000	0.0000	0.0000	0.0000	0.0000	0.0000	0.0000	0.0000	0.0000	0.0000	0.0000	0.0107	0.0003	0.0219	0.0028	0.0013	0.0434	0.0120	0.0000	0.0217	61.2500	0.0000	0.0006	11.0000	4.4649	22.0000	3.5311	0.0000	0.0000	0.0000	0.0000	0.0000	0.0000	0.0000	0.0000	0.0000	0.0025	0.0000	0.0024	0.0001	0.0000	0.0001	0.0024	0.0000	0.0024	0.2960	0.2594	0.0366	0.0178	0.0172	0.0006	0.2783	0.2423	0.0360	0.2330	0.1211	0.1118	0.0323	0.0311	0.0012	0.2007	0.0900	0.1107	0.0000	0.0000	0.0000	0.0000	0.0000	0.0000	0.0000	0.0000	0.0000	0.0107	0.0003	0.0219	0.0028	0.0013	0.0434	0.0120	0.0000	0.0217		
1	36	0.1020	2	1	2	1	0	0	0	0	0	N	Y	N	N	N	N	N	N	N	N	N	N	2428.7681	1560.2733	0.0000	5200.0578	5225.2265	0.0000	0.0000	0.0000	1.1474	1.2980	0.0000	11.7016	11.9054	0.0000	0.0000	0.0000	0.0000	0.0005	0.0008	0.0001	0.0023	0.0023	0.0000	0.0002	0.0004	0.0001	0.0000	0.1111	-0.0554	-0.0001	11.0000	1.6626	22.0000	6.4813	0.1194	0.1194	0.0000	0.1194	0.1194	0.0000	0.0000	0.0000	0.0000	0.0001	0.0001	0.0000	0.0001	0.0001	0.0000	0.0000	0.0000	0.0000	0.1040	0.0920	0.0121	0.0102	0.0100	0.0002	0.0938	0.0819	0.0119	0.2117	0.1082	0.1035	0.0267	0.0263	0.0003	0.1850	0.0818	0.1032	2428.7681	1560.2733	0.0000	5200.0578	5225.2265	0.0000	0.0000	0.0000	0.0000	0.0005	0.0008	0.0001	0.0023	0.0023	0.0000	0.0002	0.0004	0.0001	
1	37	0.1105	2	1	2	0	0	0	0	0	0	N	Y	N	N	N	N	N	N	N	N	N	N	0.0000	0.0000	0.0000	0.0000	0.0000	0.0000	0.0000	0.0000	0.0000	0.0000	0.0000	0.0000	0.0000	0.0000	0.0000	0.0000	0.0000	3.5167	3.4645	3.5704	0.0075	0.0077	0.0000	4.0973	4.7591	3.5969	0.9991	0.0000	-0.4963	11.0000	5.8118	22.0000	10.8965	0.0000	0.0000	0.0000	0.0000	0.0000	0.0000	0.0000	0.0000	0.0000	1.9935	0.9972	0.9963	0.0006	0.0006	0.0000	1.9929	0.9966	0.9963	0.4043	0.3535	0.0508	0.0207	0.0203	0.0003	0.3836	0.3332	0.0504	0.5669	0.2878	0.2790	0.0805	0.0784	0.0021	0.4864	0.2094	0.2770	0.0000	0.0000	0.0000	0.0000	0.0000	0.0000	0.0000	0.0000	0.0000	3.5167	3.4645	3.5704	0.0075	0.0077	0.0000	4.0973	4.7591	3.5969		
1	39	0.1001	2	0	2	0	0	0	0	0	0	N	Y	N	N	N	N	N	N	N	N	N	N	22513.5216	13144.9588	1.6392	1.6729	inf	inf	2.2844	2.6266	0.0000	0.0013	0.0013	0.0000	2.3710	2.7354	0.0000	0.0001	0.0002	0.0000	0.0008	0.0008	0.0000	0.0000	0.0000	0.0000	0.0000	0.0000	-0.4635	-0.0000	11.0000	6.9653	22.0000	2.9126	0.9986	0.9986	0.0000	0.0000	0.0000	0.0000	0.9986	0.9986	0.0000	0.0000	0.0000	0.0000	0.0000	0.0000	0.0000	0.0000	0.0000	0.0000	0.4372	0.3802	0.0570	0.0160	0.0151	0.0008	0.4212	0.3651	0.0561	0.2957	0.1501	0.1455	0.0393	0.0380	0.0013	0.2564	0.1122	0.1442	22513.5216	13144.9588	0.0000	1.6392	1.6729	0.0000	inf	inf	0.0000	0.0001	0.0002	0.0000	0.0008	0.0008	0.0000	0.0000	0.0000	0.0000			
1	41	0.1205	2	0	1	1	0	0	0	0	0	N	N	N	N	N	N	N	N	N	N	N	N	18.2979	2.6965	inf	0.0000	0.0000	inf	inf	inf	0.0019	0.0006	0.0106	0.0000	0.0000	0.0000	0.0021	0.0007	0.0111	0.0001	0.0002	0.0000	0.0020	0.0023	0.0000	0.0000	0.0000	0.0000	2.6154	0.0000	0.0001	-0.0000	11.0000	4.0003	22.0000	0.0531	0.0005	0.0001	0.0003	0.0000	0.0000	0.0000	0.0005	0.0001	0.0003	0.0000	0.0000	0.0000	0.0000	0.0000	0.0000	0.0000	0.0000	0.0000	0.2520	0.2199	0.0322	0.0312	0.0297	0.0016	0.2208	0.1902	0.0306	0.0981	0.0456	0.0525	0.0051	0.0044	0.0007	0.0930	0.0412	0.0518	18.2979	2.6965	inf	0.0000	0.0000	0.0000	inf	inf	inf	0.0001	0.0002	0.0000	0.0020	0.0023	0.0000	0.0000	0.0000	0.0000	
1	46	0.1020	2	1	1	1	0	0	0	0	0	N	N	N	N	N	N	N	N	N	N	N	N	23695.5085	0.0000	inf	0.0000	0.0000	inf	inf	7.6126	0.0000	64.9460	0.0000	0.0000	0.0000	8.3811	0.0000	65.9055	0.0003	0.0006	0.0000	0.0023	0.0023	0.0000	0.0000	0.0000	0.0000	inf	0.0000	0.4719	-0.0000	11.0000	1.8806	22.0000	4.9930	0.8806	0.0000	0.8806	0.0000	0.0000	0.0000	0.8806	0.0000	0.8806	0.0001	0.0001	0.0000	0.0001	0.0001	0.0000	0.0000	0.0000	0.0000	0.1157	0.1021	0.0136	0.0106	0.0104	0.0002	0.1051	0.0917	0.0134	0.1868	0.0968	0.0900	0.0262	0.0259	0.0003	0.1606	0.0709	0.0897	23695.5085	0.0000	inf	0.0000	0.0000	0.0000	inf	0.0000	inf	0.0003	0.0006	0.0000	0.0023	0.0023	0.0000	0.0000	0.0000	0.0000		
1	51	0.1167	2	0	2	0	1	0	0	0	0	N	Y	N	N	N	N	N	N	N	N	N	N	0.3344	inf	0.0000	inf	inf	0.1256	inf	0.0000	0.0033	0.0036	0.0000	0.0044	0.0044	0.0000	0.0025	0.0029	0.0000	0.0100	0.0000	0.0526	0.0000	0.0000	0.0000	0.0201	0.0000	0.0579	0.0000	inf	-0.0006	0.0011	11.0000	0.9739	22.0000	0.0244	0.0014	0.0014	0.0000	0.0008	0.0008	0.0000	0.0006	0.0006	0.0000	0.0045	0.0000	0.0045	0.0000	0.0000	0.0000	0.0045	0.0000	0.0045	0.4050	0.3772	0.0279	0.1790	0.1778	0.0011	0.2261	0.1994	0.0267	0.4525	0.3668	0.0857	0.2279	0.2201	0.0078	0.2246	0.1467	0.0779	0.3344	inf	0.0000	inf	inf	0.0000	0.1256	inf	0.0000	0.0100	0.0000	0.0526	0.0000	0.0000	0.0000	0.0201	0.0000	0.0579	
1	53	0.1247	2	1	2	0	0	0	0	0	0	N	Y	N	N	N	N	N	N	N	N	N	N	0.0009	0.0000	0.7355	0.0000	0.0000	0.0000	0.0009	0.0000	0.8247	0.0034	0.0000	0.0297	0.0000	0.0000	0.0000	0.0047	0.0000	0.0304	3.6338	5.7224	0.0404	0.0075	0.0017	0.1313	5.2549	10.7260	0.0368	inf	0.0041	0.0003	-0.7436	11.0000	1.0294	22.0000	5.0054	0.0005	0.0000	0.0005	0.0000	0.0000	0.0000	0.0005	0.0000	0.0005	0.9986	0.9945	0.0041	0.0006	0.0001	0.0005	0.9979	0.9943	0.0036	0.1439	0.1274	0.0165	0.0405	0.0401	0.0004	0.1034	0.0873	0.0161	0.2748	0.1738	0.1010	0.0849	0.0811	0.0038	0.1899	0.0927	0.0972	0.0009	0.0000	0.7355	0.0000	0.0000	0.0000	0.0009	0.0000	0.8247	3.6338	5.7224	0.0404	0.0075	0.0017	0.1313	5.2549	10.7260	0.0368
1	58	0.2836	4	0	1	0	0	0	0	0	0	N	N	N	N	N	N	N	N	N	N	N	N	1.5660	15.3339	3.2903	2.7139	0.0970	11.7478	1.2616	inf	3.0558	1.2404	0.5107	7.6970	0.2535	0.0050	8.1822	1.7467	0.8025	7.6422	0.7921	0.0333	2.3393	0.0934	0.0520	0.6965	1.3844	0.0000	2.5009	1.7035	34.4483	0.4304	0.5025	11.0000	16.5869	22.0000	24.5040	2.5935	0.9593	1.6342	0.1797	0.0035	0.1763	2.4138	0.9558	1.4579	2.2527	0.0635	2.1892	0.1219	0.0635	0.0584	2.1308	0.0000	2.1308	2.0909	1.8786	0.2123	0.7090	0.6874	0.0215	1.3819	1.1912	0.1908	2.8441	1.9083	0.9358	1.3049	1.2212	0.0838	1.5391	0.6871	0.8520	1.5660	15.3339	3.2903	2.7139	0.0970	11.7478	1.2616	inf	3.0558	0.7921	0.0333	2.3393	0.0934	0.0520	0.6965	1.3844	0.0000	2.5009
2	4	0.0828	3	0	0	2	1	0	0	0	0	N	N	Y	N	N	N	N	N	N	N	N	N	0.0000	0.0000	0.0000	0.0000	0.0000	0.0000	0.0000	0.0000	0.0000	0.0000	0.0000	0.0000	0.0000	0.0000	0.0000	0.0000	0.0000	0.0000	0.0000	0.0000	3.0000	5.9907	1.0000	9.0550	0.0000	0.0000	0.0000	0.0000	0.0000	0.0000	0.0000	0.0000	0.0000	0.0000	0.0000	0.0000	0.0000	0.0000	0.0000	0.0000	0.0000	0.0000	0.1139	0.0988	0.0151	0.0020	0.0019	0.0000	0.1119	0.0969	0.0150	0.0694	0.0365	0.0329	0.0108	0.0103	0.0005	0.0586	0.0262	0.0324	0.0000	0.0000	0.0000	0.0000	0.0000	0.0000	0.0000	0.0000	0.0000	0.0000	0.0000	0.0000	0.0000	0.0000	0.0000	0.0000	0.0000	0.0000											
2	10	0.0424	2	0	1	1	1	0	0	0	0	N	N	N	N	N	N	N	N	N	N	N	N	0.0000	0.0000	0.0000	0.0000	0.0000	0.0000	0.0000	0.0000	0.0000	0.0000	0.0000	0.0000	0.0000	0.0000	0.0000	0.0000	0.0000	0.0000	0.0000	0.0000	3.0000	4.0402	1.0000	3.6071	0.0000	0.0000	0.0000	0.0000	0.0000	0.0000	0.0000	0.0000	0.0000	0.0000	0.0000	0.0000	0.0000	0.0000	0.0000	0.0000	0.0000	0.0000	0.0741	0.0643	0.0097	0.0029	0.0027	0.0001	0.0712	0.0616	0.0096	0.0335	0.0172	0.0163	0.0053	0.0051	0.0002	0.0282	0.0121	0.0161	0.0000	0.0000	0.0000	0.0000	0.0000	0.0000	0.0000	0.0000	0.0000	0.0000	0.0000	0.0000	0.0000	0.0000	0.0000	0.0000	0.0000	0.0000											
2	11	0.0589	2	0	1	1	2	0	0	0	0	N	N	N	Y	N	N	N	N	N	N	N	N	0.0000	0.0000	0.0000	0.0000	0.0000	0.0000	0.0000	0.0000	0.0000	0.0000	0.0000	0.0000	0.0000	0.0000	0.0000	0.0000	0.0000	0.0000	0.0000	0.0000	3.0000	7.1434	1.0000	7.2869	0.0000	0.0000	0.0000	0.0000	0.0000	0.0000	0.0000	0.0000	0.0000	0.0000	0.0000	0.0000	0.0000	0.0000	0.0000	0.0000	0.0000	0.0000	0.2175	0.1956	0.0219	0.0558	0.0548	0.0011	0.1617	0.1408	0.0209	0.1004	0.0661	0.0343	0.0322	0.0304	0.0018	0.0682	0.0357	0.0325	0.0000	0.0000	0.0000	0.0000	0.0000	0.0000	0.0000	0.0000	0.0000	0.0000	0.0000	0.0000	0.0000	0.0000	0.0000	0.0000	0.0000	0.0000											
2	12	0.0527	2	1	1	1	1	0	0	0	0	N	N	N	N	N	N	N	N	N	N	N	N	0.0000	0.0000	0.0000	0.0000	0.0000	0.0000	0.0000	0.0000	0.0000	0.0000	0.0000	0.0000	0.0000	0.0000	0.0000	0.0000	0.0000	0.0000	0.0000	0.0000	3.0000	1.9891	1.0000	3.0036	0.0000	0.0000	0.0000	0.0000	0.0000	0.0000	0.0000	0.0000	0.0000	0.0000	0.0000	0.0000	0.0000	0.0000	0.0000	0.0000	0.0000	0.0000	0.0471	0.0416	0.0056	0.0051	0.0051	0.0000	0.0420	0.0365	0.0055	0.0385	0.0217	0.0168	0.0103	0.0102	0.0001	0.0282	0.0115	0.0166	0.0000	0.0000	0.0000	0.0000	0.0000	0.0000	0.0000	0.0000	0.0000	0.0000	0.0000	0.0000	0.0000	0.0000	0.0000	0.0000	0.0000	0.0000											
2	14	0.0442	2	1	0	2	1	0	0	0	0	N	N	Y	N	N	N	N	N	N	N	N	N	0.0000	0.0000	0.0000	0.0000	0.0000	0.0000	0.0000	0.0000	0.0000	0.0000	0.0000	0.0000	0.0000	0.0000	0.0000	0.0000	0.0000	0.0000	0.0000	0.0000	3.0000	3.8806	1.0000	3.0092	0.0000	0.0000	0.0000	0.0000	0.0000	0.0000	0.0000	0.0000	0.0000	0.0000	0.0000	0.0000	0.0000	0.0000	0.0000	0.0000	0.0000	0.0000	0.0813	0.0712	0.0101	0.0047	0.0046	0.0002	0.0766	0.0666	0.0099	0.0312	0.0157	0.0155	0.0035	0.0035	0.0000	0.0277	0.0122	0.0155	0.0000	0.0000	0.0000	0.0000	0.0000	0.0000	0.0000	0.0000	0.0000	0.0000	0.0000	0.0000	0.0000	0.0000	0.0000	0.0000	0.0000	0.0000											
2	15	0.0828	3	0	1	1	1	0	0	0	0	N	N	N	N	N	N	N	N	N	N	N	N	0.0000	0.0000	0.0000	0.0000	0.0000	0.0000	0.0000	0.0000	0.0000	0.0000	0.0000	0.0000	0.0000	0.0000	0.0000	0.0000	0.0000	0.0000	0.0000	0.0000	3.0000	2.0122	1.0000	8.2883	0.0000	0.0000	0.0000	0.0000	0.0000	0.0000	0.0000	0.0000	0.0000	0.0000	0.0000	0.0000	0.0000	0.0000	0.0000	0.0000	0.0000	0.0000	0.0413	0.0359	0.0054	0.0017	0.0017	0.0000	0.0396	0.0342	0.0053	0.0538	0.0295	0.0243	0.0101	0.0098	0.0004	0.0436	0.0197	0.0239	0.0000	0.0000	0.0000	0.0000	0.0000	0.0000	0.0000	0.0000	0.0000	0.0000	0.0000	0.0000	0.0000	0.0000	0.0000	0.0000	0.0000	0.0000											
2	16	0.0818	3	0	1	1	1	0	0	0	0	N	N	N	N	N	N	N	N	N	N	N	N	20.1122	13.6113	87.1760	83.1113	0.0190	0.0219	0.0000	0.3100	0.3137	0.0000	0.0000	0.0000	0.0000	0.0009	0.0016	0.0000	0.0036	0.0038	0.0000	0.0000	0.0000	0.0000	0.0000	0.0000	-0.0004	-0.0000	3.0000	2.0840	1.0000	8.3569	0.0008	0.0008	0.0000	0.0008	0.0008	0.0000	0.0000	0.0000	0.0000	0.0001	0.0001	0.0000	0.0001	0.0001	0.0000	0.0000	0.0000	0.0000	0.0411	0.0356	0.0055	0.0025	0.0025	0.0000	0.0386	0.0331	0.0055	0.0530	0.0311	0.0219	0.0141	0.0132	0.0008	0.0389	0.0178	0.0211	20.1122	13.6113	0.0000	87.1760	83.1113	0.0000	0.0000	0.0000	0.0000	0.0009	0.0016	0.0000	0.0036	0.0038	0.0000	0.0000	0.0000	0.0000					
2	18	0.0828	3	0	1	1	1	0	0	0	0	N	N	N	N	N	N	N	N	N	N	N	N	0.0000	0.0000	0.0000	0.0000	0.0000	0.0000	0.0000	0.0000	0.0000	0.0000	0.0000	0.0000	0.0000	0.0000	0.0000	0.0000	0.0000	0.0000	0.0000	0.0000	3.0000	5.9999	1.0000	8.2406	0.0000	0.0000	0.0000	0.0000	0.0000	0.0000	0.0000	0.0000	0.0000	0.0000	0.0000	0.0000	0.0000	0.0000	0.0000	0.0000	0.0000	0.0000	0.1140	0.0989	0.0151	0.0020	0.0019	0.0000	0.1121	0.0970	0.0151	0.0668	0.0354	0.0315	0.0107	0.0102	0.0005	0.0561	0.0252	0.0309	0.0000	0.0000	0.0000	0.0000	0.0000	0.0000	0.0000	0.0000	0.0000	0.0000	0.0000	0.0000	0.0000	0.0000	0.0000	0.0000	0.0000	0.0000											
2	19	0.0681	2	0	0	1	1	0	0	0	0	N	N	N	N	N	N	N	N	N	N	N	N	inf	inf	inf	inf	0.0004	0.0005	0.0000	0.0043	0.0044	0.0000	0.0000	0.0000	0.0000	0.0000	0.0000	0.0000	0.0000	0.0000	0.0000	0.0000	0.0000	0.0000	0.0000	-0.0000	0.0000	3.0000	0.9481	1.0000	8.0223	0.0000	0.0000	0.0000	0.0000	0.0000	0.0000	0.0000	0.0000	0.0000	0.0000	0.0000	0.0000	0.0000	0.0000	0.0000	0.0000	0.0000	0.0000	0.0226	0.0199	0.0027	0.0023	0.0023	0.0000	0.0203	0.0176	0.0027	0.0594	0.0335	0.0258	0.0147	0.0143	0.0004	0.0447	0.0192	0.0255	inf	inf	0.0000	inf	inf	0.0000	0.0000	0.0000	0.0000	0.0000	0.0000	0.0000	0.0000	0.0000	0.0000	0.0000	0.0000	0.0000						
2	22	0.0669	2	1	1	1	1	0	0	0	0	N	N	N	N	N	N	N	N	N	N	N	N	0.0000	0.0000	0.0000	0.0000	0.0000	0.0000	0.0000	0.0000	0.0000	0.0000	0.0000	0.0000	0.0000	0.0000	0.0000	0.0000	0.0000	0.0000	0.0000	0.0000	3.0000	1.8226	1.0000	1.1826	0.0000	0.0000	0.0000	0.0000	0.0000	0.0000	0.0000	0.0000	0.0000	0.0000	0.0000	0.0000	0.0000	0.0000	0.0000	0.0000	0.0000	0.0000	0.0551	0.0485	0.0066	0.0116	0.0115	0.0001	0.0435	0.0370	0.0065	0.0269	0.0182	0.0087	0.0100	0.0097	0.0003	0.0169	0.0085	0.0083	0.0000	0.0000	0.0000	0.0000	0.0000	0.0000	0.0000	0.0000	0.0000	0.0000	0.0000	0.0000	0.0000	0.0000	0.0000	0.0000	0.0000	0.0000											
2	24	0.0663	3	0	0	2	1	0	0	0	0	N	N	Y	N	N	N	N	N	N	N	N	N	0.0000	0.0000	0.0000	0.0000	0.0000	0.0000	0.0000	0.0000	0.0000	0.0000	0.0000	0.0000	0.0000	0.0000	0.0000	0.0000	0.0000	0.0000	0.0000	0.0000	3.0000	0.0000	1.0000	0.0000	0.0000	0.0000	0.0000	0.0000	0.0000	0.0000	0.0000	0.0000	0.0000	0.0000	0.0000	0.0000	0.0000	0.0000	0.0000	0.0000	0.0000	0.0000	0.0000	0.0000	0.0000	0.0000	0.0000	0.0000	0.0000	0.0000	0.0000	0.0000	0.0000	0.0000	0.0000	0.0000	0.0000	0.0000	0.0000	0.0000	0.0000	0.0000	0.0000	0.0000	0.0000	0.0000	0.0000	0.0000	0.0000	0.0000	0.0000	0.0000	0.0000	0.0000	0.0000	0.0000	0.0000	0.0000											
2	26	0.0464	2	1	0	2	1	0	0	0	0	N	N	Y	N	N	N	N	N	N	N	N	N	0.0000	0.0000	0.0000	0.0000	0.0000	0.0000	0.0000	0.0000	0.0000	0.0000	0.0000	0.0000	0.0000	0.0000	0.0000	0.0000	0.0000	0.0000	0.0000	0.0000	3.0000	4.5914	1.0000	6.1047	0.0000	0.0000	0.0000	0.0000	0.0000	0.0000	0.0000	0.0000	0.0000	0.0000	0.0000	0.0000	0.0000	0.0000	0.0000	0.0000	0.0000	0.0000	0.0780	0.0674	0.0106	0.0107	0.0101	0.0006	0.0673	0.0573	0.0100	0.0358	0.0178	0.0180	0.0050	0.0049	0.0001	0.0309	0.0129	0.0179	0.0000	0.0000	0.0000	0.0000	0.0000	0.0000	0.0000	0.0000	0.0000	0.0000	0.0000	0.0000	0.0000	0.0000	0.0000	0.0000	0.0000	0.0000											
2	29	0.0464	2	1	0	2	1	0	0	0	0	N	N	Y	N	N	N	N	N	N	N	N	N	0.0000	0.0000	0.0000	0.0000	0.0000	0.0000	0.0000	0.0000	0.0000	0.0000	0.0000	0.0000	0.0000	0.0000	0.0000	0.0000	0.0000	0.0000	0.0000	0.0000	3.0000	1.9609	1.0000	3.0643	0.0000	0.0000	0.0000	0.0000	0.0000	0.0000	0.0000	0.0000	0.0000	0.0000	0.0000	0.0000	0.0000	0.0000	0.0000	0.0000	0.0000	0.0000	0.0437	0.0376	0.0061	0.0076	0.0072	0.0003	0.0361	0.0304	0.0058	0.0228	0.0115	0.0113	0.0041	0.0040	0.0001	0.0187	0.0075	0.0112	0.0000	0.0000	0.0000	0.0000	0.0000	0.0000	0.0000	0.0000	0.0000	0.0000	0.0000	0.0000	0.0000	0.0000	0.0000	0.0000	0.0000	0.0000											
2	32	0.0663	3	0	1	1	1	0	0	0	0	N	N	N	N	N	N	N	N	N	N	N	N	0.0000	0.0000	0.0000	0.0000	0.0000	0.0000	0.0000	0.0000	0.0000	0.0000	0.0000	0.0000	0.0000	0.0000	0.0000	0.0000	0.0000	0.0000	0.0000	0.0000	3.0000	0.0000	1.0000	4.0000	0.0000	0.0000	0.0000	0.0000	0.0000	0.0000	0.0000	0.0000	0.0000	0.0000	0.0000	0.0000	0.0000	0.0000	0.0000	0.0000	0.0000	0.0000	0.0000	0.0000	0.0000	0.0000	0.0000	0.0000	0.0000	0.0000	0.0000	0.0127	0.0058	0.0069	0.0005	0.0004	0.0001	0.0123	0.0054	0.0068	0.0000	0.0000	0.0000	0.0000	0.0000	0.0000	0.0000	0.0000	0.0000	0.0000	0.0000	0.0000	0.0000	0.0000	0.0000	0.0000	0.0000	0.0000											
2	33	0.0628	2	0	0	1	1	0	0	0	0	N	N	N	N	N	N	N	N	N	N	N	N	inf	inf	inf	inf	2.9825	0.0000	30.4043	0.0000	0.0000	0.0000	4.6620	0.0000	31.1772	0.0000	0.0000	0.0000	0.0000	0.0000	0.0000	0.0000	0.0000	0.0000	inf	0.0001	0.0000	3.0000	0.0019	1.0000	1.9565	0.0003	0.0000	0.0003	0.0000	0.0000	0.0000	0.0003	0.0000	0.0003	0.0000	0.0000	0.0000	0.0000	0.0000	0.0000	0.0000	0.0000	0.0000	0.0001	0.0001	0.0000	0.0000	0.0000	0.0000	0.0001	0.0000	0.0000	0.0067	0.0031	0.0036	0.0004	0.0004	0.0000	0.0063	0.0027	0.0035	inf	0.0000	inf	0.0000	0.0000	0.0000	inf	0.0000	inf	0.0000	0.0000	0.0000	0.0000	0.0000	0.0000	0.0000	0.0000	0.0000						
2	34	0.0585	3	1	1	2	1	0	0	0	0	N	N	Y	N	N	N	N	N	N	N	N	N	0.0000	0.0000	0.0000	0.0000	0.0000	0.0000	0.0000	0.0000	0.0000	0.0000	0.0000	0.0000	0.0000	0.0000	0.0000	0.0000	0.0000	0.0000	0.0000	0.0000	3.0000	3.0034	1.0000	4.0042	0.0000	0.0000	0.0000	0.0000	0.0000	0.0000	0.0000	0.0000	0.0000	0.0000	0.0000	0.0000	0.0000	0.0000	0.0000	0.0000	0.0000	0.0000	0.0589	0.0517	0.0072	0.0041	0.0040	0.0001	0.0547	0.0477	0.0071	0.0286	0.0149	0.0137	0.0042	0.0041	0.0001	0.0244	0.0109	0.0135	0.0000	0.0000	0.0000	0.0000	0.0000	0.0000	0.0000	0.0000	0.0000	0.0000	0.0000	0.0000	0.0000	0.0000	0.0000	0.0000	0.0000	0.0000											
2	35	0.0585	3	1	1	2	1	0	0	0	0	N	N	Y	N	N	N	N	N	N	N	N	N	0.0000	0.0000	0.0000	0.0000	0.0000	0.0000	0.0000	0.0000	0.0000	0.0000	0.0000	0.0000	0.0000	0.0000	0.0000	0.0000	0.0000	0.0000	0.0000	0.0000	3.0000	4.4649	1.0000	3.5311	0.0000	0.0000	0.0000	0.0000	0.0000	0.0000	0.0000	0.0000	0.0000	0.0000	0.0000	0.0000	0.0000	0.0000	0.0000	0.0000	0.0000	0.0000	0.0845	0.0740	0.0105	0.0050	0.0049	0.0002	0.0795	0.0691	0.0104	0.0318	0.0165	0.0153	0.0045	0.0043	0.0001	0.0274	0.0122	0.0152	0.0000	0.0000	0.0000	0.0000	0.0000	0.0000	0.0000	0.0000	0.0000	0.0000	0.0000	0.0000	0.0000	0.0000	0.0000	0.0000	0.0000	0.0000											
2	36	0.0442	2	1	1	2	1	0	0	0	0	N	N	Y	N	N	N	N	N	N	N	N	N	0.0000	0.0000	0.0000	0.0000	0.0000	0.0000	0.0000	0.0000	0.0000	0.0000	0.0000	0.0000	0.0000	0.0000	0.0000	0.0000	0.0000	0.0000	0.0000	0.0000	3.0000	1.6626	1.0000	6.4813	0.0000	0.0000	0.0000	0.0000	0.0000	0.0000	0.0000	0.0000	0.0000	0.0000	0.0000	0.0000	0.0000	0.0000	0.0000	0.0000	0.0000	0.0000	0.0298	0.0263	0.0035	0.0029	0.0028	0.0001	0.0269	0.0235	0.0034	0.0289	0.0146	0.0142	0.0035	0.0034	0.0000	0.0254	0.0112	0.0142	0.0000	0.0000	0.0000	0.0000	0.0000	0.0000	0.0000	0.0000	0.0000	0.0000	0.0000	0.0000	0.0000	0.0000	0.0000	0.0000	0.0000	0.0000											
2	37	0.0527	2	1	1	1	1	0	0	0	0	N	N	N	N	N	N	N	N	N	N	N	N	0.0000	0.0000	0.0000	0.0000	0.0000	0.0000	0.0000	0.0000	0.0000	0.0000	0.0000	0.0000	0.0000	0.0000	0.0000	0.0000	0.0000	0.0000	0.0000	0.0000	3.0000	5.8118	1.0000	10.8965	0.0000	0.0000	0.0000	0.0000	0.0000	0.0000	0.0000	0.0000	0.0000	0.0000	0.0000	0.0000	0.0000	0.0000	0.0000	0.0000	0.0000	0.0000	0.1155	0.1008	0.0146	0.0057	0.0056	0.0001	0.1097	0.0952	0.0145	0.0773	0.0388	0.0385	0.0105	0.0102	0.0003	0.0668	0.0286	0.0383	0.0000	0.0000	0.0000	0.0000	0.0000	0.0000	0.0000	0.0000	0.0000	0.0000	0.0000	0.0000	0.0000	0.0000	0.0000	0.0000	0.0000	0.0000											
2	39	0.0424	2	0	1	1	1	0	0	0	0	N	N	N	N	N	N	N	N	N	N	N	N	0.0000	0.0000	0.0000	0.0000	0.0000	0.0000	0.0000	0.0000	0.0000	0.0000	0.0000	0.0000	0.0000	0.0000	0.0000	0.0000	0.0000	0.0000	0.0000	0.0000	3.0000	6.9653	1.0000	2.9126	0.0000	0.0000	0.0000	0.0000	0.0000	0.0000	0.0000	0.0000	0.0000	0.0000	0.0000	0.0000	0.0000	0.0000	0.0000	0.0000	0.0000	0.0000	0.1249	0.1086	0.0164	0.0046	0.0044	0.0002	0.1203	0.1042	0.0161	0.0407	0.0206	0.0201	0.0056	0.0054	0.0002	0.0351	0.0152	0.0199	0.0000	0.0000	0.0000	0.0000	0.0000	0.0000	0.0000	0.0000	0.0000	0.0000	0.0000	0.0000	0.0000	0.0000	0.0000	0.0000	0.0000	0.0000											
2	41	0.0628	2	0	0	2	1	0	0	0	0	N	N	Y	N	N	N	N	N	N	N	N	N	inf	inf	inf	inf	0.0038	0.0000	0.0293	0.0000	0.0000	0.0000	0.0043	0.0000	0.0308	0.0000	0.0000	0.0000	0.0000	0.0000	0.0000	0.0000	0.0000	0.0000	inf	0.0001	0.0000	3.0000	4.0003	1.0000	0.0531	0.0003	0.0000	0.0003	0.0000	0.0000	0.0000	0.0003	0.0000	0.0003	0.0000	0.0000	0.0000	0.0000	0.0000	0.0000	0.0000	0.0000	0.0000	0.0719	0.0627	0.0092	0.0092	0.0087	0.0005	0.0627	0.0539	0.0088	0.0133	0.0061	0.0072	0.0007	0.0006	0.0001	0.0126	0.0056	0.0071	inf	0.0000	inf	0.0000	0.0000	0.0000	inf	0.0000	inf	0.0000	0.0000	0.0000	0.0000	0.0000	0.0000	0.0000	0.0000	0.0000						
2	46	0.0442	2	1	0	2	1	0	0	0	0	N	N	Y	N	N	N	N	N	N	N	N	N	0.0000	0.0000	0.0000	0.0000	0.0000	0.0000	0.0000	0.0000	0.0000	0.0000	0.0000	0.0000	0.0000	0.0000	0.0000	0.0000	0.0000	0.0000	0.0000	0.0000	3.0000	1.8806	1.0000	4.9930	0.0000	0.0000	0.0000	0.0000	0.0000	0.0000	0.0000	0.0000	0.0000	0.0000	0.0000	0.0000	0.0000	0.0000	0.0000	0.0000	0.0000	0.0000	0.0332	0.0292	0.0039	0.0030	0.0030	0.0001	0.0301	0.0263	0.0039	0.0254	0.0131	0.0124	0.0034	0.0034	0.0000	0.0220	0.0097	0.0123	0.0000	0.0000	0.0000	0.0000	0.0000	0.0000	0.0000	0.0000	0.0000	0.0000	0.0000	0.0000	0.0000	0.0000	0.0000	0.0000	0.0000	0.0000											
2	51	0.0589	2	0	1	1	2	0	0	0	0	N	N	N	Y	N	N	N	N	N	N	N	N	0.0000	0.0000	0.0000	0.0000	0.0000	0.0000	0.0000	0.0000	0.0000	0.0000	0.0000	0.0000	0.0000	0.0000	0.0000	0.0000	0.0000	0.0000	0.0000	0.0000	3.0000	0.9739	1.0000	0.0244	0.0000	0.0000	0.0000	0.0000	0.0000	0.0000	0.0000	0.0000	0.0000	0.0000	0.0000	0.0000	0.0000	0.0000	0.0000	0.0000	0.0000	0.0000	0.1171	0.1091	0.0080	0.0519	0.0515	0.0003	0.0652	0.0576	0.0076	0.0629	0.0510	0.0119	0.0318	0.0306	0.0011	0.0311	0.0204	0.0107	0.0000	0.0000	0.0000	0.0000	0.0000	0.0000	0.0000	0.0000	0.0000	0.0000	0.0000	0.0000	0.0000	0.0000	0.0000	0.0000	0.0000	0.0000											
2	53	0.0669	2	1	1	1	1	0	0	0	0	N	N	N	N	N	N	N	N	N	N	N	N	0.0000	0.0000	0.0000	0.0000	0.0000	0.0000	0.0000	0.0000	0.0000	0.0000	0.0000	0.0000	0.0000	0.0000	0.0000	0.0000	0.0000	0.0000	0.0000	0.0000	3.0000	1.0294	1.0000	5.0054	0.0000	0.0000	0.0000	0.0000	0.0000	0.0000	0.0000	0.0000	0.0000	0.0000	0.0000	0.0000	0.0000	0.0000	0.0000	0.0000	0.0000	0.0000	0.0408	0.0361	0.0047	0.0113	0.0112	0.0001	0.0294	0.0248	0.0046	0.0374	0.0235	0.0138	0.0116	0.0111	0.0005	0.0258	0.0125	0.0133	0.0000	0.0000	0.0000	0.0000	0.0000	0.0000	0.0000	0.0000	0.0000	0.0000	0.0000	0.0000	0.0000	0.0000	0.0000	0.0000	0.0000	0.0000											
2	58	0.2258	4	0	0	1	1	0	0	0	0	N	N	N	N	N	N	N	N	N	N	N	N	inf	inf	inf	inf	inf	inf	inf	inf	inf	2.7822	1.8305	11.1101	0.6426	0.0438	19.3173	3.8777	2.8602	10.1719	0.0000	0.0000	0.0000	0.0000	0.0000	0.0000	0.0000	0.0000	0.0000	0.6936	-0.0904	0.0000	3.0000	16.5869	1.0000	24.5040	1.6547	0.9771	0.6777	0.1294	0.0086	0.1209	1.5253	0.9685	0.5568	0.0000	0.0000	0.0000	0.0000	0.0000	0.0000	0.0000	0.0000	0.0000	0.5948	0.5338	0.0610	0.2014	0.1951	0.0063	0.3934	0.3386	0.0547	0.3786	0.2537	0.1250	0.1741	0.1627	0.0114	0.2046	0.0910	0.1136	inf	inf	inf	inf	inf	inf	inf	inf	inf	0.0000	0.0000	0.0000	0.0000	0.0000	0.0000	0.0000	0.0000	0.0000	
3	4	0.0950	3	1	1	1	1	0	0	0	0	N	N	N	N	N	N	N	N	N	N	N	N	0.0000	0.0000	0.0000	0.0000	0.0000	0.0000	0.0000	0.0000	0.0000	0.0000	0.0000	0.0000	0.0000	0.4853	0.9193	0.0000	3.1026	3.5359	0.0000	0.0000	0.0000	0.0000	0.0000	0.0000	-0.1008	7.0000	5.9907	10.0000	9.0550	0.0000	0.0000	0.0000	0.0000	0.0000	0.0000	0.0000	0.0000	0.0000	0.1346	0.1346	0.0000	0.1346	0.1346	0.0000	0.0000	0.0000	0.0000	0.2592	0.2249	0.0342	0.0045	0.0044	0.0001	0.2547	0.2206	0.0341	0.2774	0.1465	0.1310	0.0434	0.0412	0.0022	0.2340	0.1052	0.1288	0.0000	0.0000	0.0000	0.0000	0.0000	0.0000	0.0000	0.0000	0.0000	0.4853	0.9193	0.0000	3.1026	3.2658	0.0000	0.0000	0.0000	0.0000						
3	10	0.0546	2	1	2	0	1	0	0	0	0	N	Y	N	N	N	N	N	N	N	N	N	N	0.0000	0.0000	0.0000	0.0000	0.0000	0.0000	0.0000	0.0000	0.0000	0.0000	0.0000	0.0000	0.0000	0.0000	0.0000	0.0000	0.0000	7.2847	0.0004	29.8386	0.0234	0.0015	0.7013	8.6289	0.0000	30.3430	32551.0000	0.0000	0.2453	7.0000	4.0402	10.0000	3.6071	0.0000	0.0000	0.0000	0.0000	0.0000	0.0000	0.0000	0.0000	0.0000	0.9766	0.0000	0.9765	0.0005	0.0000	0.0005	0.9761	0.0000	0.9761	0.1687	0.1466	0.0221	0.0065	0.0062	0.0003	0.1622	0.1404	0.0218	0.1341	0.0690	0.0651	0.0209	0.0203	0.0007	0.1131	0.0487	0.0644	0.0000	0.0000	0.0000	0.0000	0.0000	0.0000	0.0000	0.0000	0.0000	7.2847	0.0004	15.0053	0.0234	0.0015	0.7013	8.6289	0.0000	15.1509		
3	11	0.0711	2	1	2	0	2	0	0	0	0	N	Y	N	Y	N	N	N	N	N	N	N	N	0.6427	0.1161	0.6717	0.4820	0.1908	0.5325	0.5959	0.6767	3.7906	0.0005	37.5320	0.3023	0.0019	15.5588	4.9881	0.0000	38.6613	5.8981	0.0045	55.8778	0.6272	0.0097	29.2163	8.3704	0.0000	57.1357	8149.2174	2007.4746	1.0042	0.5943	7.0000	7.1434	10.0000	7.2869	1.8745	0.0002	1.8743	0.0382	0.0002	0.0380	1.8363	0.0000	1.8363	2.3700	0.0012	2.3688	0.0805	0.0012	0.0793	2.2895	0.0000	2.2895	0.4945	0.4446	0.0499	0.1264	0.1239	0.0024	0.3681	0.3206	0.0475	0.4018	0.2648	0.1371	0.1283	0.1213	0.0070	0.2735	0.1434	0.1301	0.6427	0.1161	2.1718	0.4820	0.1908	1.3695	0.5959	0.0000	2.1968	5.8981	0.0045	17.2816	0.6272	0.0097	11.3608	8.3704	0.0000	17.5993	
3	12	0.0649	2	2	2	0	1	0	0	0	0	Y	Y	N	N	N	N	N	N	N	N	N	N	0.0000	0.0000	0.0000	0.0000	0.0000	0.0000	0.0000	0.0000	0.0000	0.0000	0.0000	0.0000	0.0000	0.0010	0.0017	0.0000	0.0035	0.0036	0.0000	0.0000	0.0000	0.0000	0.0000	0.0000	-0.0001	7.0000	1.9891	10.0000	3.0036	0.0000	0.0000	0.0000	0.0000	0.0000	0.0000	0.0000	0.0000	0.0000	0.0002	0.0002	0.0000	0.0002	0.0002	0.0000	0.0000	0.0000	0.0000	0.1077	0.0950	0.0126	0.0118	0.0117	0.0001	0.0958	0.0833	0.0125	0.1559	0.0883	0.0676	0.0424	0.0418	0.0006	0.1135	0.0465	0.0670	0.0000	0.0000	0.0000	0.0000	0.0000	0.0000	0.0000	0.0000	0.0000	0.0010	0.0017	0.0000	0.0035	0.0036	0.0000	0.0000	0.0000	0.0000						
3	14	0.0564	2	2	1	1	1	0	0	0	0	Y	N	N	N	N	N	N	N	N	N	N	N	0.0000	0.0000	0.0000	0.0000	0.0000	0.0000	0.0000	0.0000	0.0000	0.0000	0.0000	0.0000	0.0000	4.6224	9.1542	0.0000	160.2291	164.0838	0.0000	0.0000	0.0000	0.0000	0.0000	0.0000	-0.4353	7.0000	3.8806	10.0000	3.0092	0.0000	0.0000	0.0000	0.0000	0.0000	0.0000	0.0000	0.0000	0.0000	0.5814	0.5814	0.0000	0.5814	0.5814	0.0000	0.0000	0.0000	0.0000	0.1849	0.1620	0.0228	0.0108	0.0104	0.0004	0.1741	0.1516	0.0225	0.1258	0.0635	0.0623	0.0145	0.0143	0.0002	0.1113	0.0492	0.0621	0.0000	0.0000	0.0000	0.0000	0.0000	0.0000	0.0000	0.0000	0.0000	4.6224	9.1542	0.0000	40.0735	40.6109	0.0000	0.0000	0.0000	0.0000						
3	15	0.0950	3	1	2	0	1	0	0	0	0	N	Y	N	N	N	N	N	N	N	N	N	N	0.0000	0.0000	0.0000	0.0000	0.0000	0.0000	0.0000	0.0000	0.0000	0.0000	0.0000	0.0000	0.0000	0.0000	0.0000	0.0000	0.0000	4.0373	0.0021	8.9772	0.0303	0.0064	0.6457	4.9719	0.0000	9.9617	3466.3600	0.0000	0.2175	7.0000	2.0122	10.0000	8.2883	0.0000	0.0000	0.0000	0.0000	0.0000	0.0000	0.0000	0.0000	0.0000	0.8668	0.0002	0.8666	0.0012	0.0002	0.0010	0.8656	0.0000	0.8656	0.0939	0.0817	0.0122	0.0038	0.0038	0.0000	0.0900	0.0779	0.0121	0.2147	0.1182	0.0965	0.0406	0.0391	0.0015	0.1741	0.0791	0.0950	0.0000	0.0000	0.0000	0.0000	0.0000	0.0000	0.0000	0.0000	0.0000	4.0373	0.0021	8.9772	0.0303	0.0064	0.6457	4.9719	0.0000	9.1102		
3	16	0.0940	3	1	2	0	1	0	0	0	0	N	Y	N	N	N	N	N	N	N	N	N	N	0.0000	0.0000	0.0000	0.0000	0.0000	0.0000	0.0000	0.0000	0.0000	0.0000	0.0000	0.0000	0.0000	0.0000	0.0000	0.0000	0.0000	2.9388	0.0039	7.1508	0.3845	0.0093	14.5577	3.8586	0.0000	7.1782	1265.2245	0.0000	0.1554	7.0000	2.0840	10.0000	8.3569	0.0000	0.0000	0.0000	0.0000	0.0000	0.0000	0.0000	0.0000	0.0000	0.6205	0.0005	0.6200	0.0215	0.0005	0.0210	0.5990	0.0000	0.5990	0.0937	0.0813	0.0124	0.0058	0.0057	0.0001	0.0879	0.0756	0.0124	0.2111	0.1244	0.0867	0.0559	0.0526	0.0033	0.1552	0.0718	0.0834	0.0000	0.0000	0.0000	0.0000	0.0000	0.0000	0.0000	0.0000	0.0000	2.9388	0.0039	7.1508	0.3845	0.0093	6.4481	3.8586	0.0000	7.1782		
3	18	0.0950	3	1	2	0	1	0	0	0	0	N	Y	N	N	N	N	N	N	N	N	N	N	0.0000	0.0000	0.0000	0.0000	0.0000	0.0000	0.0000	0.0000	0.0000	0.0000	0.0000	0.0000	0.0000	0.5034	0.9482	0.0000	3.1305	4.0089	0.0000	0.0000	0.0000	0.0000	0.0000	0.0000	-0.1006	7.0000	5.9999	10.0000	8.2406	0.0000	0.0000	0.0000	0.0000	0.0000	0.0000	0.0000	0.0000	0.0000	0.1344	0.1344	0.0000	0.1344	0.1344	0.0000	0.0000	0.0000	0.0000	0.2595	0.2253	0.0343	0.0045	0.0044	0.0001	0.2551	0.2209	0.0342	0.2670	0.1417	0.1252	0.0429	0.0409	0.0021	0.2240	0.1009	0.1232	0.0000	0.0000	0.0000	0.0000	0.0000	0.0000	0.0000	0.0000	0.0000	0.5034	0.9482	0.0000	3.1305	3.2883	0.0000	0.0000	0.0000	0.0000						
3	19	0.0803	2	1	1	0	1	0	0	0	0	N	N	N	N	N	N	N	N	N	N	N	N	0.0035	0.0042	0.0000	0.0161	0.0158	0.0000	0.0000	0.0000	0.0000	0.0037	0.0042	0.0000	0.0360	0.0361	0.0000	0.0000	0.0000	0.0000	1.0393	0.9895	1.1045	2.2431	2.2908	0.3111	0.6408	0.0133	1.1156	0.0000	0.8546	-0.0001	-0.0713	7.0000	0.9481	10.0000	8.0223	0.0002	0.0002	0.0000	0.0002	0.0002	0.0000	0.0000	0.0000	0.0000	0.2477	0.1336	0.1141	0.1330	0.1325	0.0004	0.1147	0.0010	0.1137	0.0515	0.0453	0.0062	0.0053	0.0053	0.0000	0.0462	0.0400	0.0062	0.2383	0.1350	0.1033	0.0593	0.0579	0.0014	0.1790	0.0771	0.1019	0.0035	0.0042	0.0000	0.0161	0.0158	0.0000	0.0000	0.0000	0.0000	1.0393	0.9895	1.1045	2.2431	2.2908	0.3111	0.6408	0.0133	1.1156
3	22	0.0791	2	2	2	0	1	0	0	0	0	Y	Y	N	N	N	N	N	N	N	N	N	N	0.4290	0.1752	0.6958	0.7106	0.3913	1.1018	0.3423	0.6797	1.9757	0.0005	16.5132	0.3946	0.0019	36.1638	2.4005	0.0000	16.1280	4.6049	0.0026	23.7334	0.5553	0.0048	32.8230	7.0135	0.0000	23.7269	4973.2000	2633.1053	0.1332	0.1256	7.0000	1.8226	10.0000	1.1826	0.2487	0.0001	0.2487	0.0105	0.0001	0.0105	0.2382	0.0000	0.2382	0.5005	0.0002	0.5003	0.0225	0.0002	0.0223	0.4780	0.0000	0.4780	0.1259	0.1108	0.0151	0.0267	0.0264	0.0003	0.0992	0.0845	0.0148	0.1087	0.0738	0.0349	0.0405	0.0392	0.0013	0.0682	0.0346	0.0336	0.4290	0.1752	1.1522	0.7106	0.3913	2.1518	0.3423	0.0000	1.1330	4.6049	0.0026	14.3322	0.5553	0.0048	16.8062	7.0135	0.0000	14.2344	
3	24	0.0786	3	1	1	1	1	0	0	0	0	N	N	N	N	N	N	N	N	N	N	N	N	0.0000	0.0000	0.0000	0.0000	0.0000	0.0000	0.0000	0.0000	0.0000	0.0000	0.0000	0.0000	0.0000	0.0000	0.0000	0.0000	0.0000	0.0000	0.0000	0.0000	7.0000	0.0000	10.0000	0.0000	0.0000	0.0000	0.0000	0.0000	0.0000	0.0000	0.0000	0.0000	0.0000	0.0000	0.0000	0.0000	0.0000	0.0000	0.0000	0.0000	0.0000	0.0000	0.0000	0.0000	0.0000	0.0000	0.0000	0.0000	0.0000	0.0000	0.0000	0.0000	0.0000	0.0000	0.0000	0.0000	0.0000	0.0000	0.0000	0.0000	0.0000	0.0000	0.0000	0.0000	0.0000	0.0000	0.0000	0.0000	0.0000	0.0000	0.0000	0.0000	0.0000	0.0000	0.0000	0.0000	0.0000	0.0000											
3	26	0.0586	2	2	1	1	1	0	0	0	0	Y	N	N	N	N	N	N	N	N	N	N	N	0.0000	0.0000	0.0000	0.0000	0.0000	0.0000	0.0000	0.0000	0.0000	0.0000	0.0000	0.0000	0.0000	0.0000	0.0000	6.9930	14.0470	0.0000	0.0062	0.0064	0.0000	8.0840	19.1159	0.0000	0.0000	0.0000	-0.7477	7.0000	4.5914	10.0000	6.1047	0.0000	0.0000	0.0000	0.0000	0.0000	0.0000	0.0000	0.0000	0.0000	0.9986	0.9986	0.0000	0.0001	0.0001	0.0000	0.9985	0.9985	0.0000	0.1779	0.1538	0.0241	0.0241	0.0228	0.0012	0.1538	0.1310	0.0228	0.1428	0.0711	0.0717	0.0193	0.0189	0.0004	0.1235	0.0522	0.0713	0.0000	0.0000	0.0000	0.0000	0.0000	0.0000	0.0000	0.0000	0.0000	6.9930	14.0470	0.0000	0.0062	0.0064	0.0000	8.0840	19.1159	0.0000				
3	29	0.0586	2	2	1	1	1	0	0	0	0	Y	N	N	N	N	N	N	N	N	N	N	N	0.0000	0.0000	0.0000	0.0000	0.0000	0.0000	0.0000	0.0000	0.0000	0.0000	0.0000	0.0000	0.0000	0.0174	0.0345	0.0000	0.0999	0.1015	0.0000	0.0000	0.0000	0.0000	0.0000	0.0000	-0.0012	7.0000	1.9609	10.0000	3.0643	0.0000	0.0000	0.0000	0.0000	0.0000	0.0000	0.0000	0.0000	0.0000	0.0016	0.0016	0.0000	0.0016	0.0016	0.0000	0.0000	0.0000	0.0000	0.0998	0.0859	0.0139	0.0172	0.0164	0.0008	0.0826	0.0695	0.0132	0.0903	0.0456	0.0448	0.0157	0.0155	0.0002	0.0746	0.0301	0.0445	0.0000	0.0000	0.0000	0.0000	0.0000	0.0000	0.0000	0.0000	0.0000	0.0174	0.0345	0.0000	0.0999	0.1015	0.0000	0.0000	0.0000	0.0000						
3	32	0.0786	3	1	2	0	1	0	0	0	0	N	Y	N	N	N	N	N	N	N	N	N	N	0.0000	0.0000	0.0000	0.0000	0.0000	0.0000	0.0000	0.0000	0.0000	0.0000	0.0000	0.0000	0.0000	0.0000	0.0000	0.0000	0.0000	0.0000	0.0000	0.0000	7.0000	0.0000	10.0000	4.0000	0.0000	0.0000	0.0000	0.0000	0.0000	0.0000	0.0000	0.0000	0.0000	0.0000	0.0000	0.0000	0.0000	0.0000	0.0000	0.0000	0.0000	0.0000	0.0000	0.0000	0.0000	0.0000	0.0000	0.0000	0.0000	0.0000	0.0000	0.0513	0.0235	0.0278	0.0019	0.0016	0.0004	0.0494	0.0220	0.0274	0.0000	0.0000	0.0000	0.0000	0.0000	0.0000	0.0000	0.0000	0.0000	0.0000	0.0000	0.0000	0.0000	0.0000	0.0000	0.0000	0.0000	0.0000											
3	33	0.0750	2	1	1	0	1	0	0	0	0	N	N	N	N	N	N	N	N	N	N	N	N	0.0000	0.0000	0.0000	0.0000	0.0000	0.0000	0.0000	0.0000	0.0000	0.0000	0.0000	0.0000	0.0000	0.0007	0.0016	0.0000	0.0113	0.0126	0.0000	0.0000	0.0000	0.0000	0.0000	0.0000	-0.0000	7.0000	0.0019	10.0000	1.9565	0.0000	0.0000	0.0000	0.0000	0.0000	0.0000	0.0000	0.0000	0.0000	0.0000	0.0000	0.0000	0.0000	0.0000	0.0000	0.0000	0.0000	0.0000	0.0002	0.0002	0.0000	0.0001	0.0001	0.0000	0.0001	0.0001	0.0000	0.0271	0.0127	0.0144	0.0018	0.0016	0.0002	0.0253	0.0111	0.0142	0.0000	0.0000	0.0000	0.0000	0.0000	0.0000	0.0000	0.0000	0.0000	0.0007	0.0016	0.0000	0.0113	0.0126	0.0000	0.0000	0.0000	0.0000						
3	34	0.0708	3	2	2	1	1	0	0	0	0	Y	Y	N	N	N	N	N	N	N	N	N	N	0.0000	0.0000	0.0000	0.0000	0.0000	0.0000	0.0000	0.0000	0.0000	0.0000	0.0000	0.0000	0.0000	0.0000	0.0000	0.0000	0.0000	0.0384	0.0007	0.0796	0.0155	0.0025	0.4065	0.0423	0.0000	0.0764	109.2500	0.0000	0.0011	7.0000	3.0034	10.0000	4.0042	0.0000	0.0000	0.0000	0.0000	0.0000	0.0000	0.0000	0.0000	0.0000	0.0044	0.0000	0.0044	0.0003	0.0000	0.0002	0.0042	0.0000	0.0042	0.1343	0.1179	0.0163	0.0095	0.0092	0.0003	0.1247	0.1087	0.0161	0.1149	0.0601	0.0549	0.0168	0.0162	0.0005	0.0981	0.0438	0.0543	0.0000	0.0000	0.0000	0.0000	0.0000	0.0000	0.0000	0.0000	0.0000	0.0384	0.0007	0.0796	0.0155	0.0025	0.4065	0.0423	0.0000	0.0764		
3	35	0.0708	3	2	2	1	1	0	0	0	0	Y	Y	N	N	N	N	N	N	N	N	N	N	0.0015	0.0197	0.0000	0.0369	0.0774	0.0000	0.0000	0.0000	0.0001	0.0001	0.0000	0.0009	0.0009	0.0000	0.0000	0.0000	0.0000	0.0357	0.0030	0.0710	0.0235	0.0116	0.3609	0.0377	0.0000	0.0681	0.0000	21.8500	-0.0000	0.0009	7.0000	4.4649	10.0000	3.5311	0.0000	0.0000	0.0000	0.0000	0.0000	0.0000	0.0000	0.0000	0.0000	0.0046	0.0002	0.0044	0.0004	0.0002	0.0002	0.0042	0.0000	0.0042	0.1927	0.1687	0.0239	0.0115	0.0111	0.0004	0.1812	0.1576	0.0235	0.1280	0.0665	0.0615	0.0178	0.0172	0.0006	0.1102	0.0493	0.0609	0.0015	0.0197	0.0000	0.0369	0.0774	0.0000	0.0000	0.0000	0.0000	0.0357	0.0030	0.0710	0.0235	0.0116	0.3609	0.0377	0.0000	0.0681	
3	36	0.0564	2	2	2	1	1	0	0	0	0	Y	Y	N	N	N	N	N	N	N	N	N	N	0.0000	0.0035	0.0000	0.0000	0.0000	0.0000	0.0000	0.0334	0.0000	0.0001	0.0002	0.0000	0.0000	0.0000	0.0000	0.0002	0.0002	0.0000	3.6129	0.0472	7.3079	0.1968	0.1795	1.8093	4.0933	0.0056	7.3253	0.0000	149.3518	-0.0000	0.1027	7.0000	1.6626	10.0000	6.4813	0.0000	0.0000	0.0000	0.0000	0.0000	0.0000	0.0000	0.0000	0.0000	0.4199	0.0028	0.4171	0.0028	0.0025	0.0003	0.4171	0.0003	0.4168	0.0678	0.0599	0.0079	0.0066	0.0065	0.0001	0.0612	0.0534	0.0078	0.1162	0.0591	0.0571	0.0143	0.0142	0.0002	0.1019	0.0450	0.0569	0.0000	0.0035	0.0000	0.0000	0.0000	0.0000	0.0000	0.0334	0.0000	3.6129	0.0472	7.3079	0.1968	0.1795	1.6048	4.0933	0.0056	7.3253
3	37	0.0649	2	2	2	0	1	0	0	0	0	Y	Y	N	N	N	N	N	N	N	N	N	N	0.0003	0.0002	0.0120	0.0119	0.0000	0.0000	0.0006	0.0007	0.0000	0.0113	0.0115	0.0000	0.0000	0.0000	0.0000	2.0032	3.9710	0.0000	0.9415	0.9661	0.0000	2.1738	5.0683	0.0000	0.0000	0.0000	-0.0001	-0.4668	7.0000	5.8118	10.0000	10.8965	0.0002	0.0002	0.0000	0.0002	0.0002	0.0000	0.0000	0.0000	0.0000	0.6234	0.6234	0.0000	0.0406	0.0406	0.0000	0.5828	0.5828	0.0000	0.2632	0.2300	0.0332	0.0133	0.0130	0.0002	0.2499	0.2169	0.0330	0.3112	0.1570	0.1542	0.0431	0.0420	0.0011	0.2681	0.1150	0.1531	0.0003	0.0002	0.0000	0.0120	0.0119	0.0000	0.0000	0.0000	0.0000	2.0032	3.9710	0.0000	0.9415	0.9661	0.0000	2.1738	5.0683	0.0000			
3	39	0.0546	2	1	2	0	1	0	0	0	0	N	Y	N	N	N	N	N	N	N	N	N	N	0.0000	0.0000	0.0000	0.0000	0.0000	0.0000	0.0000	0.0000	0.0000	0.0000	0.0000	0.0000	0.0000	0.1470	0.2897	0.0000	1.0880	1.1225	0.0000	0.0000	0.0000	0.0000	0.0000	0.0000	-0.0179	7.0000	6.9653	10.0000	2.9126	0.0000	0.0000	0.0000	0.0000	0.0000	0.0000	0.0000	0.0000	0.0000	0.0240	0.0240	0.0000	0.0240	0.0240	0.0000	0.0000	0.0000	0.0000	0.2847	0.2475	0.0372	0.0105	0.0099	0.0005	0.2742	0.2376	0.0367	0.1631	0.0828	0.0803	0.0220	0.0214	0.0007	0.1411	0.0614	0.0797	0.0000	0.0000	0.0000	0.0000	0.0000	0.0000	0.0000	0.0000	0.0000	0.1470	0.2897	0.0000	1.0880	1.1225	0.0000	0.0000	0.0000	0.0000						
3	41	0.0750	2	1	1	1	1	0	0	0	0	N	N	N	N	N	N	N	N	N	N	N	N	0.0000	0.0000	0.0000	0.0000	0.0000	0.0000	0.0000	0.0000	0.0000	0.0000	0.0000	0.0000	0.0000	0.0004	0.0008	0.0000	0.0074	0.0085	0.0000	0.0000	0.0000	0.0000	0.0000	0.0000	-0.0000	7.0000	4.0003	10.0000	0.0531	0.0000	0.0000	0.0000	0.0000	0.0000	0.0000	0.0000	0.0000	0.0000	0.0000	0.0000	0.0000	0.0000	0.0000	0.0000	0.0000	0.0000	0.0000	0.1639	0.1430	0.0210	0.0206	0.0196	0.0010	0.1433	0.1234	0.0199	0.0537	0.0249	0.0288	0.0027	0.0024	0.0004	0.0510	0.0225	0.0285	0.0000	0.0000	0.0000	0.0000	0.0000	0.0000	0.0000	0.0000	0.0000	0.0004	0.0008	0.0000	0.0074	0.0085	0.0000	0.0000	0.0000	0.0000						
3	46	0.0564	2	2	1	1	1	0	0	0	0	Y	N	N	N	N	N	N	N	N	N	N	N	0.0000	0.0000	0.0000	0.0000	0.0000	0.0000	0.0000	0.0000	0.0000	0.0000	0.0000	0.0000	0.0000	0.0000	0.0000	4.0879	0.0000	8.4443	0.0199	0.0000	2.4192	4.7352	0.0000	8.4638	inf	0.0000	0.1052	7.0000	1.8806	10.0000	4.9930	0.0000	0.0000	0.0000	0.0000	0.0000	0.0000	0.0000	0.0000	0.0000	0.4189	0.0000	0.4189	0.0003	0.0000	0.0003	0.4186	0.0000	0.4186	0.0754	0.0666	0.0089	0.0069	0.0068	0.0001	0.0686	0.0598	0.0087	0.1025	0.0529	0.0496	0.0141	0.0139	0.0001	0.0884	0.0389	0.0495	0.0000	0.0000	0.0000	0.0000	0.0000	0.0000	0.0000	0.0000	0.0000	4.0879	0.0000	8.4443	0.0199	0.0000	1.8977	4.7352	0.0000	8.4638				
3	51	0.0711	2	1	2	0	2	0	0	0	0	N	Y	N	Y	N	N	N	N	N	N	N	N	0.0000	0.0000	0.0000	0.0000	0.0000	0.0000	0.0000	0.0000	0.0000	0.0000	0.0000	0.0000	0.0000	0.0000	0.0000	0.0000	0.0000	0.0000	0.0000	0.0000	7.0000	0.9739	10.0000	0.0244	0.0000	0.0000	0.0000	0.0000	0.0000	0.0000	0.0000	0.0000	0.0000	0.0000	0.0000	0.0000	0.0000	0.0000	0.0000	0.0000	0.0000	0.0000	0.2652	0.2471	0.0181	0.1173	0.1166	0.0008	0.1479	0.1305	0.0174	0.2511	0.2036	0.0474	0.1266	0.1222	0.0044	0.1245	0.0814	0.0430	0.0000	0.0000	0.0000	0.0000	0.0000	0.0000	0.0000	0.0000	0.0000	0.0000	0.0000	0.0000	0.0000	0.0000	0.0000	0.0000	0.0000	0.0000											
3	53	0.0791	2	2	2	0	1	0	0	0	0	Y	Y	N	N	N	N	N	N	N	N	N	N	0.0000	0.0000	0.0000	0.0000	0.0000	0.0000	0.0000	0.0000	0.0000	0.0000	0.0000	0.0000	0.0000	0.0000	0.0000	0.0353	0.0000	0.0958	0.0116	0.0000	0.2590	0.0459	0.0000	0.0894	inf	0.0000	0.0013	7.0000	1.0294	10.0000	5.0054	0.0000	0.0000	0.0000	0.0000	0.0000	0.0000	0.0000	0.0000	0.0000	0.0053	0.0000	0.0053	0.0005	0.0000	0.0005	0.0048	0.0000	0.0048	0.0933	0.0826	0.0107	0.0261	0.0259	0.0002	0.0672	0.0567	0.0105	0.1506	0.0951	0.0556	0.0466	0.0445	0.0021	0.1040	0.0506	0.0535	0.0000	0.0000	0.0000	0.0000	0.0000	0.0000	0.0000	0.0000	0.0000	0.0353	0.0000	0.0958	0.0116	0.0000	0.2590	0.0459	0.0000	0.0894				
3	58	0.2380	4	1	1	0	1	0	0	0	0	N	N	N	N	N	N	N	N	N	N	N	N	0.0000	0.0000	0.0000	0.0000	0.0000	0.0000	0.0000	0.0000	0.0000	0.0000	0.0000	0.0000	0.0000	0.0000	0.0000	0.0000	0.0000	0.0000	0.0000	0.0000	7.0000	16.5869	10.0000	24.5040	0.0000	0.0000	0.0000	0.0000	0.0000	0.0000	0.0000	0.0000	0.0000	0.0000	0.0000	0.0000	0.0000	0.0000	0.0000	0.0000	0.0000	0.0000	1.3585	1.2199	0.1386	0.4604	0.4462	0.0141	0.8981	0.7736	0.1245	1.5415	1.0334	0.5081	0.7080	0.6621	0.0460	0.8334	0.3713	0.4621	0.0000	0.0000	0.0000	0.0000	0.0000	0.0000	0.0000	0.0000	0.0000	0.0000	0.0000	0.0000	0.0000	0.0000	0.0000	0.0000	0.0000	0.0000											
4	5	0.0759	3	0	0	2	0	0	0	0	0	N	N	Y	N	N	N	N	N	N	N	N	N	0.0000	0.0000	0.0000	0.0000	0.0000	0.0000	0.0000	0.0000	0.0000	0.0000	0.0000	0.0000	0.0000	0.0473	0.0894	0.0000	0.3013	0.3173	0.0000	0.0000	0.0000	0.0000	0.0000	0.0000	-0.0139	5.9907	10.0000	9.0550	15.0000	0.0000	0.0000	0.0000	0.0000	0.0000	0.0000	0.0000	0.0000	0.0000	0.0186	0.0186	0.0000	0.0186	0.0186	0.0000	0.0000	0.0000	0.0000	0.3636	0.3157	0.0479	0.0062	0.0061	0.0001	0.3573	0.3096	0.0477	0.3934	0.2081	0.1853	0.0617	0.0586	0.0031	0.3317	0.1495	0.1822	0.0000	0.0000	0.0000	0.0000	0.0000	0.0000	0.0000	0.0000	0.0000	0.0473	0.0894	0.0000	0.3013	0.3173	0.0000	0.0000	0.0000	0.0000						
4	6	0.0759	3	0	0	2	1	0	0	0	0	N	N	Y	N	N	N	N	N	N	N	N	N	0.0000	0.0000	0.0000	0.0000	0.0000	0.0000	0.0000	0.0000	0.0000	0.0000	0.0000	0.0000	0.0000	0.0000	0.0000	0.0000	0.0000	0.0000	0.0000	0.0000	5.9907	12.0000	9.0550	6.0000	0.0000	0.0000	0.0000	0.0000	0.0000	0.0000	0.0000	0.0000	0.0000	0.0000	0.0000	0.0000	0.0000	0.0000	0.0000	0.0000	0.0000	0.0000	0.4311	0.3744	0.0567	0.0074	0.0072	0.0002	0.4237	0.3672	0.0565	0.2924	0.1544	0.1380	0.0458	0.0435	0.0023	0.2466	0.1109	0.1357	0.0000	0.0000	0.0000	0.0000	0.0000	0.0000	0.0000	0.0000	0.0000	0.0000	0.0000	0.0000	0.0000	0.0000	0.0000	0.0000	0.0000	0.0000											
4	7	0.0759	3	0	1	1	0	0	0	0	0	N	N	N	N	N	N	N	N	N	N	N	N	1761.1874	3374.1954	3717.9227	1069.2889	1039.5436	inf	1780.7326	inf	3667.1327	5.5483	3.2263	20.8531	3.4490	3.5302	0.0682	5.5851	3.2203	20.9170	0.0032	0.0010	0.0056	0.0032	0.0034	0.0000	0.0031	0.0000	0.0057	0.9806	5.2353	0.0624	0.0001	5.9907	10.0000	9.0550	11.0000	2.0172	1.0184	0.9987	0.0215	0.0215	0.0000	1.9956	0.9969	0.9987	0.0011	0.0002	0.0009	0.0002	0.0002	0.0000	0.0009	0.0000	0.0009	0.3636	0.3157	0.0479	0.0062	0.0061	0.0001	0.3573	0.3096	0.0477	0.3365	0.1778	0.1587	0.0527	0.0501	0.0026	0.2838	0.1277	0.1560	1761.1874	3374.1954	3717.9227	1069.2889	1039.5436	inf	1780.7326	inf	3667.1327	0.0032	0.0010	0.0056	0.0032	0.0034	0.0000	0.0031	0.0000	0.0057
4	8	0.0759	3	0	0	1	1	0	0	0	0	N	N	N	N	N	N	N	N	N	N	N	N	0.0000	0.0000	0.0000	0.0000	0.0000	0.0000	0.0000	0.0000	0.0000	0.0000	0.0000	0.0000	0.0000	0.4851	0.9190	0.0000	3.1014	3.2645	0.0000	0.0000	0.0000	0.0000	0.0000	0.0000	-0.1008	5.9907	7.0000	9.0550	10.0000	0.0000	0.0000	0.0000	0.0000	0.0000	0.0000	0.0000	0.0000	0.0000	0.1346	0.1346	0.0000	0.1346	0.1346	0.0000	0.0000	0.0000	0.0000	0.2592	0.2249	0.0342	0.0045	0.0044	0.0001	0.2547	0.2206	0.0341	0.2774	0.1465	0.1310	0.0434	0.0412	0.0022	0.2340	0.1052	0.1288	0.0000	0.0000	0.0000	0.0000	0.0000	0.0000	0.0000	0.0000	0.0000	0.4851	0.9190	0.0000	3.1014	3.2645	0.0000	0.0000	0.0000	0.0000						
4	9	0.0759	3	0	1	1	1	0	0	0	0	N	N	N	N	N	N	N	N	N	N	N	N	0.0000	0.0000	0.0000	0.0000	0.0000	0.0000	0.0000	0.0000	0.0000	0.0000	0.0000	0.0000	0.0000	0.0000	0.0000	0.0000	0.0000	0.0000	0.0000	0.0000	5.9907	8.0000	9.0550	10.0000	0.0000	0.0000	0.0000	0.0000	0.0000	0.0000	0.0000	0.0000	0.0000	0.0000	0.0000	0.0000	0.0000	0.0000	0.0000	0.0000	0.0000	0.0000	0.2944	0.2555	0.0388	0.0051	0.0049	0.0001	0.2893	0.2506	0.0387	0.2924	0.1544	0.1380	0.0458	0.0435	0.0023	0.2466	0.1109	0.1357	0.0000	0.0000	0.0000	0.0000	0.0000	0.0000	0.0000	0.0000	0.0000	0.0000	0.0000	0.0000	0.0000	0.0000	0.0000	0.0000	0.0000	0.0000											
4	10	0.0864	4	0	1	1	0	0	0	0	0	N	N	N	N	N	N	N	N	N	N	N	N	0.0744	0.0500	0.0000	0.3974	0.4025	0.0000	0.0023	0.0336	0.0000	0.0001	0.0002	0.0000	0.0030	0.0031	0.0000	0.0000	0.0000	0.0000	0.0019	0.0033	0.0001	0.0075	0.0077	0.0018	0.0000	0.0000	0.0000	0.0000	0.0148	-0.0000	-0.0002	5.9907	4.0402	9.0550	3.6071	0.0000	0.0000	0.0000	0.0000	0.0000	0.0000	0.0000	0.0000	0.0000	0.0003	0.0003	0.0000	0.0003	0.0003	0.0000	0.0000	0.0000	0.0000	0.1475	0.1282	0.0193	0.0072	0.0068	0.0003	0.1403	0.1214	0.0190	0.1466	0.0843	0.0623	0.0378	0.0363	0.0016	0.1088	0.0480	0.0607	0.0744	0.0500	0.0000	0.3974	0.4025	0.0000	0.0023	0.0336	0.0000	0.0019	0.0033	0.0001	0.0075	0.0077	0.0018	0.0000	0.0000	0.0000
4	11	0.1029	4	0	1	1	1	0	0	0	0	N	N	N	N	N	N	N	N	N	N	N	N	7.8466	5.7614	0.1574	0.1517	0.1469	0.2676	3049.0761	11892.7724	0.0369	1.0727	1.1931	0.0003	0.0525	0.0537	0.0038	1.4390	1.6521	0.0000	0.1367	0.2071	0.0016	0.3462	0.3654	0.0142	0.0005	0.0001	0.0008	0.0000	0.0041	-0.2163	-0.0506	5.9907	7.1434	9.0550	7.2869	0.4659	0.4659	0.0000	0.0060	0.0060	0.0000	0.4599	0.4599	0.0000	0.0680	0.0677	0.0003	0.0679	0.0677	0.0002	0.0001	0.0000	0.0001	0.4344	0.3905	0.0438	0.1148	0.1121	0.0026	0.3196	0.2784	0.0412	0.4974	0.3271	0.1704	0.1960	0.1853	0.0107	0.3014	0.1417	0.1597	7.8466	5.7614	0.1574	0.1517	0.1469	0.2676	3049.0761	11892.7724	0.0369	0.1367	0.2071	0.0016	0.3462	0.3654	0.0142	0.0005	0.0001	0.0008
4	12	0.0968	4	1	1	1	0	0	0	0	0	N	N	N	N	N	N	N	N	N	N	N	N	32.8502	26.8799	0.0000	14.1011	112.4690	0.0000	28.6034	13.8056	0.0000	0.0213	0.0242	0.0000	0.0041	0.0042	0.0000	0.0238	0.0274	0.0000	0.0006	0.0009	0.0003	0.0003	0.0000	0.0101	0.0008	0.0020	0.0001	0.0000	0.2239	-0.0009	-0.0001	5.9907	1.9891	9.0550	3.0036	0.0020	0.0020	0.0000	0.0000	0.0000	0.0000	0.0020	0.0020	0.0000	0.0001	0.0001	0.0000	0.0000	0.0000	0.0000	0.0001	0.0001	0.0000	0.0950	0.0839	0.0111	0.0119	0.0117	0.0002	0.0831	0.0722	0.0109	0.1711	0.1010	0.0700	0.0578	0.0563	0.0015	0.1133	0.0447	0.0685	32.8502	26.8799	0.0000	14.1011	112.4690	0.0000	28.6034	13.8056	0.0000	0.0006	0.0009	0.0003	0.0003	0.0000	0.0101	0.0008	0.0020	0.0001
4	13	0.0759	3	0	1	1	0	0	0	0	0	N	N	N	N	N	N	N	N	N	N	N	N	0.0000	0.0000	0.0000	0.0000	0.0000	0.0000	0.0000	0.0000	0.0000	0.0000	0.0000	0.0000	0.0000	0.0000	0.0000	0.0000	0.0000	3.2450	0.0006	6.8766	0.0040	0.0022	0.0374	3.8465	0.0000	6.9921	9968.4000	0.0000	0.2504	5.9907	9.0000	9.0550	10.0000	0.0000	0.0000	0.0000	0.0000	0.0000	0.0000	0.0000	0.0000	0.0000	0.9969	0.0001	0.9968	0.0002	0.0001	0.0001	0.9968	0.0000	0.9968	0.3292	0.2858	0.0434	0.0057	0.0055	0.0001	0.3235	0.2802	0.0433	0.3072	0.1623	0.1450	0.0481	0.0457	0.0024	0.2591	0.1166	0.1426	0.0000	0.0000	0.0000	0.0000	0.0000	0.0000	0.0000	0.0000	0.0000	3.2450	0.0006	6.8766	0.0040	0.0022	0.0374	3.8465	0.0000	6.9921		
4	14	0.0882	4	1	0	2	0	0	0	0	0	N	N	Y	N	N	N	N	N	N	N	N	N	0.0000	0.0000	0.0000	0.0000	0.0000	0.0000	0.0000	0.0000	0.0000	0.0000	0.0000	0.0000	0.0000	0.0000	0.0000	0.0000	0.0000	0.0015	0.0010	0.0022	0.0056	0.0026	0.1704	0.0003	0.0000	0.0006	1.6923	0.0000	-0.0000	5.9907	3.8806	9.0550	3.0092	0.0000	0.0000	0.0000	0.0000	0.0000	0.0000	0.0000	0.0000	0.0000	0.0002	0.0001	0.0001	0.0002	0.0001	0.0001	0.0000	0.0000	0.0000	0.1617	0.1418	0.0200	0.0108	0.0105	0.0003	0.1509	0.1313	0.0196	0.1437	0.0823	0.0614	0.0318	0.0312	0.0006	0.1119	0.0511	0.0608	0.0000	0.0000	0.0000	0.0000	0.0000	0.0000	0.0000	0.0000	0.0000	0.0015	0.0010	0.0022	0.0056	0.0026	0.1704	0.0003	0.0000	0.0006		
4	16	0.0534	3	0	1	1	0	0	0	0	0	N	N	N	N	N	N	N	N	N	N	N	N	0.0000	0.0000	0.0000	0.0000	0.0000	0.0000	0.0000	0.0000	0.0000	0.0000	0.0000	0.0000	0.0000	0.0000	0.0000	0.0000	0.0000	0.0000	0.2750	0.4586	0.0016	0.7798	0.8059	0.0000	0.0010	0.0001	0.0016	0.0023	0.0000	-0.0658	5.9907	2.0840	9.0550	8.3569	0.0000	0.0000	0.0000	0.0000	0.0000	0.0000	0.0000	0.0000	0.0000	0.0882	0.0880	0.0002	0.0880	0.0880	0.0000	0.0002	0.0000	0.0002	0.0810	0.0702	0.0108	0.0046	0.0046	0.0000	0.0763	0.0656	0.0107	0.3207	0.1918	0.1288	0.1128	0.1092	0.0037	0.2079	0.0827	0.1252	0.0000	0.0000	0.0000	0.0000	0.0000	0.0000	0.0000	0.0000	0.0000	0.2750	0.4586	0.0016	0.7798	0.8059	0.0000	0.0010	0.0001	0.0016	
4	17	0.0759	3	1	1	1	0	0	0	0	0	N	N	N	N	N	N	N	N	N	N	N	N	0.0000	0.0000	0.0000	0.0000	0.0000	0.0000	0.0000	0.0000	0.0000	0.0000	0.0000	0.0000	0.0000	0.0006	0.0012	0.0000	0.0039	0.0041	0.0000	0.0000	0.0000	0.0000	0.0000	0.0000	-0.0001	5.9907	6.0000	9.0550	10.0000	0.0000	0.0000	0.0000	0.0000	0.0000	0.0000	0.0000	0.0000	0.0000	0.0002	0.0002	0.0000	0.0002	0.0002	0.0000	0.0000	0.0000	0.0000	0.2235	0.1940	0.0295	0.0039	0.0038	0.0001	0.2197	0.1902	0.0295	0.2623	0.1384	0.1239	0.0410	0.0390	0.0020	0.2213	0.0995	0.1218	0.0000	0.0000	0.0000	0.0000	0.0000	0.0000	0.0000	0.0000	0.0000	0.0006	0.0012	0.0000	0.0039	0.0041	0.0000	0.0000	0.0000	0.0000						
4	20	0.0759	3	0	1	1	0	0	0	0	0	N	N	N	N	N	N	N	N	N	N	N	N	0.0000	0.0000	0.0000	0.0000	0.0000	0.0000	0.0000	0.0000	0.0000	0.0000	0.0000	0.0000	0.0000	0.0005	0.0010	0.0000	0.0033	0.0035	0.0000	0.0000	0.0000	0.0000	0.0000	0.0000	-0.0001	5.9907	2.0000	9.0550	6.0000	0.0000	0.0000	0.0000	0.0000	0.0000	0.0000	0.0000	0.0000	0.0000	0.0001	0.0001	0.0000	0.0001	0.0001	0.0000	0.0000	0.0000	0.0000	0.0764	0.0663	0.0101	0.0013	0.0013	0.0000	0.0751	0.0650	0.0101	0.1362	0.0717	0.0644	0.0212	0.0202	0.0010	0.1149	0.0515	0.0634	0.0000	0.0000	0.0000	0.0000	0.0000	0.0000	0.0000	0.0000	0.0000	0.0005	0.0010	0.0000	0.0033	0.0035	0.0000	0.0000	0.0000	0.0000						
4	21	0.0759	3	0	1	1	0	0	0	0	0	N	N	N	N	N	N	N	N	N	N	N	N	0.0000	0.0000	0.0000	0.0000	0.0000	0.0000	0.0000	0.0000	0.0000	0.0000	0.0000	0.0000	0.0000	0.3687	0.6974	0.0000	2.3522	2.4767	0.0000	0.0000	0.0000	0.0000	0.0000	0.0000	-0.1008	5.9907	14.0000	9.0550	9.0000	0.0000	0.0000	0.0000	0.0000	0.0000	0.0000	0.0000	0.0000	0.0000	0.1346	0.1346	0.0000	0.1346	0.1346	0.0000	0.0000	0.0000	0.0000	0.4971	0.4318	0.0653	0.0085	0.0083	0.0002	0.4886	0.4235	0.0651	0.3652	0.1931	0.1721	0.0572	0.0544	0.0029	0.3079	0.1387	0.1693	0.0000	0.0000	0.0000	0.0000	0.0000	0.0000	0.0000	0.0000	0.0000	0.3687	0.6974	0.0000	2.3522	2.4767	0.0000	0.0000	0.0000	0.0000						
4	22	0.1110	4	1	1	1	0	0	0	0	0	N	N	N	N	N	N	N	N	N	N	N	N	0.0094	0.0068	0.0971	0.0194	0.0178	0.3347	0.0006	0.0000	0.0249	0.0003	0.0003	0.0002	0.0013	0.0012	0.0078	0.0000	0.0000	0.0000	0.0311	0.0448	0.0019	0.0681	0.0698	0.0232	0.0054	0.0102	0.0009	0.0829	0.0203	-0.0000	-0.0027	5.9907	1.8226	9.0550	1.1826	0.0000	0.0000	0.0000	0.0000	0.0000	0.0000	0.0000	0.0000	0.0000	0.0036	0.0036	0.0001	0.0033	0.0032	0.0000	0.0004	0.0003	0.0000	0.1101	0.0970	0.0131	0.0241	0.0238	0.0003	0.0860	0.0732	0.0128	0.1173	0.0798	0.0375	0.0481	0.0463	0.0017	0.0693	0.0335	0.0358	0.0094	0.0068	0.0971	0.0194	0.0178	0.3347	0.0006	0.0000	0.0249	0.0311	0.0448	0.0019	0.0681	0.0698	0.0232	0.0054	0.0102	0.0009
4	23	0.0759	3	1	1	1	0	0	0	0	0	N	N	N	N	N	N	N	N	N	N	N	N	0.0000	0.0000	0.0000	0.0000	0.0000	0.0000	0.0000	0.0000	0.0000	0.0000	0.0000	0.0000	0.0000	0.0000	0.0000	0.0000	0.0000	0.0000	0.7246	1.3634	0.0042	0.0051	0.0050	0.0071	0.8590	1.8963	0.0041	0.0027	0.0000	-0.2848	5.9907	14.0000	9.0550	21.0000	0.0000	0.0000	0.0000	0.0000	0.0000	0.0000	0.0000	0.0000	0.0000	0.3818	0.3808	0.0010	0.0004	0.0004	0.0000	0.3814	0.3804	0.0010	0.4971	0.4318	0.0653	0.0085	0.0083	0.0002	0.4886	0.4235	0.0651	0.5269	0.2793	0.2476	0.0829	0.0787	0.0042	0.4440	0.2006	0.2434	0.0000	0.0000	0.0000	0.0000	0.0000	0.0000	0.0000	0.0000	0.0000	0.7246	1.3634	0.0042	0.0051	0.0050	0.0071	0.8590	1.8963	0.0041	
4	24	0.1104	5	0	0	2	0	0	0	0	0	N	N	Y	N	N	N	N	N	N	N	N	N	0.0000	0.0000	0.0000	0.0000	0.0000	0.0000	0.0000	0.0000	0.0000	0.0000	0.0000	0.0000	0.0000	0.0000	0.0000	0.0000	0.0000	0.0000	0.0000	0.0000	5.9907	0.0000	9.0550	0.0000	0.0000	0.0000	0.0000	0.0000	0.0000	0.0000	0.0000	0.0000	0.0000	0.0000	0.0000	0.0000	0.0000	0.0000	0.0000	0.0000	0.0000	0.0000	0.0000	0.0000	0.0000	0.0000	0.0000	0.0000	0.0000	0.0000	0.0000	0.0000	0.0000	0.0000	0.0000	0.0000	0.0000	0.0000	0.0000	0.0000	0.0000	0.0000	0.0000	0.0000	0.0000	0.0000	0.0000	0.0000	0.0000	0.0000	0.0000	0.0000	0.0000	0.0000	0.0000	0.0000	0.0000	0.0000											
4	25	0.0759	3	0	1	1	0	0	0	0	0	N	N	N	N	N	N	N	N	N	N	N	N	0.0000	0.0000	0.0000	0.0000	0.0000	0.0000	0.0000	0.0000	0.0000	0.0000	0.0000	0.0000	0.0000	0.0000	0.0000	0.0000	0.0000	1.0406	0.0705	2.1292	0.2418	0.2505	0.0768	1.1892	0.0000	2.1642	26.8982	0.0000	0.0850	5.9907	12.0000	9.0550	12.0000	0.0000	0.0000	0.0000	0.0000	0.0000	0.0000	0.0000	0.0000	0.0000	0.3948	0.0141	0.3806	0.0144	0.0141	0.0002	0.3804	0.0000	0.3804	0.4311	0.3744	0.0567	0.0074	0.0072	0.0002	0.4237	0.3672	0.0565	0.3793	0.2006	0.1788	0.0595	0.0565	0.0030	0.3199	0.1441	0.1758	0.0000	0.0000	0.0000	0.0000	0.0000	0.0000	0.0000	0.0000	0.0000	1.0406	0.0705	2.1292	0.2418	0.2505	0.0768	1.1892	0.0000	2.1642		
4	26	0.0905	4	1	0	2	0	0	0	0	0	N	N	Y	N	N	N	N	N	N	N	N	N	0.0551	0.0374	0.0000	0.0998	0.1039	0.0000	0.0028	inf	0.0000	0.0002	0.0002	0.0000	0.0012	0.0012	0.0000	0.0000	0.0000	0.0000	0.0030	0.0051	0.0001	0.0116	0.0117	0.0067	0.0000	0.0000	0.0000	0.0000	0.0192	-0.0000	-0.0004	5.9907	4.5914	9.0550	6.1047	0.0000	0.0000	0.0000	0.0000	0.0000	0.0000	0.0000	0.0000	0.0000	0.0005	0.0005	0.0000	0.0005	0.0005	0.0000	0.0000	0.0000	0.0000	0.1555	0.1345	0.0210	0.0221	0.0210	0.0011	0.1335	0.1135	0.0199	0.1689	0.0972	0.0718	0.0432	0.0422	0.0010	0.1257	0.0550	0.0708	0.0551	0.0374	0.0000	0.0998	0.1039	0.0000	0.0028	inf	0.0000	0.0030	0.0051	0.0001	0.0116	0.0117	0.0067	0.0000	0.0000	0.0000
4	27	0.0759	3	0	1	1	0	0	0	0	0	N	N	N	N	N	N	N	N	N	N	N	N	0.0000	0.0000	0.0000	0.0000	0.0000	0.0000	0.0000	0.0000	0.0000	0.0000	0.0000	0.0000	0.0000	0.0003	0.0005	0.0000	0.0017	0.0018	0.0000	0.0000	0.0000	0.0000	0.0000	0.0000	-0.0001	5.9907	10.0000	9.0550	11.0000	0.0000	0.0000	0.0000	0.0000	0.0000	0.0000	0.0000	0.0000	0.0000	0.0001	0.0001	0.0000	0.0001	0.0001	0.0000	0.0000	0.0000	0.0000	0.3636	0.3157	0.0479	0.0062	0.0061	0.0001	0.3573	0.3096	0.0477	0.3365	0.1778	0.1587	0.0527	0.0501	0.0026	0.2838	0.1277	0.1560	0.0000	0.0000	0.0000	0.0000	0.0000	0.0000	0.0000	0.0000	0.0000	0.0003	0.0005	0.0000	0.0017	0.0018	0.0000	0.0000	0.0000	0.0000						
4	28	0.0759	3	0	1	1	1	0	0	0	0	N	N	N	N	N	N	N	N	N	N	N	N	0.0000	0.0000	0.0000	0.0000	0.0000	0.0000	0.0000	0.0000	0.0000	0.0000	0.0000	0.0000	0.0000	0.3995	0.7560	0.0000	2.5502	2.6850	0.0000	0.0000	0.0000	0.0000	0.0000	0.0000	-0.1006	5.9907	13.0000	9.0550	8.0000	0.0000	0.0000	0.0000	0.0000	0.0000	0.0000	0.0000	0.0000	0.0000	0.1344	0.1344	0.0000	0.1344	0.1344	0.0000	0.0000	0.0000	0.0000	0.4643	0.4033	0.0610	0.0080	0.0078	0.0002	0.4563	0.3955	0.0608	0.3365	0.1778	0.1587	0.0527	0.0501	0.0026	0.2838	0.1277	0.1560	0.0000	0.0000	0.0000	0.0000	0.0000	0.0000	0.0000	0.0000	0.0000	0.3995	0.7560	0.0000	2.5502	2.6850	0.0000	0.0000	0.0000	0.0000						
4	29	0.0905	4	1	0	2	0	0	0	0	0	N	N	Y	N	N	N	N	N	N	N	N	N	1.3863	5.1694	0.0000	4.4545	12.3293	0.0000	0.0008	inf	0.0000	0.0003	0.0003	0.0000	0.0017	0.0017	0.0000	0.0000	0.0000	0.0000	0.0002	0.0001	0.0004	0.0004	0.0001	0.0118	0.0002	0.0000	0.0003	0.0000	4.5894	-0.0000	0.0000	5.9907	1.9609	9.0550	3.0643	0.0000	0.0000	0.0000	0.0000	0.0000	0.0000	0.0000	0.0000	0.0000	0.0000	0.0000	0.0000	0.0000	0.0000	0.0000	0.0000	0.0000	0.0000	0.0872	0.0750	0.0122	0.0155	0.0148	0.0007	0.0717	0.0602	0.0115	0.1042	0.0598	0.0444	0.0288	0.0282	0.0006	0.0754	0.0316	0.0438	1.3863	5.1694	0.0000	4.4545	12.3293	0.0000	0.0008	inf	0.0000	0.0002	0.0001	0.0004	0.0004	0.0001	0.0118	0.0002	0.0000	0.0003
4	30	0.0759	3	1	0	2	0	0	0	0	0	N	N	Y	N	N	N	N	N	N	N	N	N	215.1618	130.6703	1943.4139	1891.1672	0.1282	0.1477	0.0000	7.4217	7.5986	0.0000	0.0000	0.0000	0.0000	0.0006	0.0011	0.0000	0.0038	0.0040	0.0000	0.0000	0.0000	0.0000	0.0000	0.0000	-0.0100	-0.0001	5.9907	4.4603	9.0550	5.0070	0.0215	0.0215	0.0000	0.0215	0.0215	0.0000	0.0000	0.0000	0.0000	0.0001	0.0001	0.0000	0.0001	0.0001	0.0000	0.0000	0.0000	0.0000	0.1678	0.1456	0.0222	0.0029	0.0028	0.0001	0.1649	0.1427	0.0221	0.1600	0.0843	0.0757	0.0250	0.0237	0.0012	0.1351	0.0606	0.0745	215.1618	130.6703	0.0000	1943.4139	1891.1672	0.0000	0.0000	0.0000	0.0000	0.0006	0.0011	0.0000	0.0038	0.0040	0.0000	0.0000	0.0000	0.0000					
4	31	0.0759	3	0	0	2	0	0	0	0	0	N	N	Y	N	N	N	N	N	N	N	N	N	0.0000	0.0000	0.0000	0.0000	0.0000	0.0000	0.0000	0.0000	0.0000	0.0000	0.0000	0.0000	0.0000	0.0017	0.0033	0.0000	0.0110	0.0116	0.0000	0.0000	0.0000	0.0000	0.0000	0.0000	-0.0004	5.9907	6.0000	9.0550	13.0000	0.0000	0.0000	0.0000	0.0000	0.0000	0.0000	0.0000	0.0000	0.0000	0.0005	0.0005	0.0000	0.0005	0.0005	0.0000	0.0000	0.0000	0.0000	0.2235	0.1940	0.0295	0.0039	0.0038	0.0001	0.2197	0.1902	0.0295	0.3072	0.1623	0.1450	0.0481	0.0457	0.0024	0.2591	0.1166	0.1426	0.0000	0.0000	0.0000	0.0000	0.0000	0.0000	0.0000	0.0000	0.0000	0.0017	0.0033	0.0000	0.0110	0.0116	0.0000	0.0000	0.0000	0.0000						
4	32	0.1104	5	0	1	1	0	0	0	0	0	N	N	N	N	N	N	N	N	N	N	N	N	0.0000	0.0000	0.0000	0.0000	0.0000	0.0000	0.0000	0.0000	0.0000	0.0000	0.0000	0.0000	0.0000	0.0007	0.0012	0.0000	0.0034	0.0036	0.0000	0.0000	0.0000	0.0000	0.0000	0.0000	-0.0000	5.9907	0.0000	9.0550	4.0000	0.0000	0.0000	0.0000	0.0000	0.0000	0.0000	0.0000	0.0000	0.0000	0.0000	0.0000	0.0000	0.0000	0.0000	0.0000	0.0000	0.0000	0.0000	0.0000	0.0000	0.0000	0.0000	0.0000	0.0000	0.0000	0.0000	0.0000	0.0611	0.0337	0.0274	0.0117	0.0111	0.0006	0.0494	0.0226	0.0267	0.0000	0.0000	0.0000	0.0000	0.0000	0.0000	0.0000	0.0000	0.0000	0.0007	0.0012	0.0000	0.0034	0.0036	0.0000	0.0000	0.0000	0.0000						
4	33	0.1068	4	0	0	1	0	0	0	0	0	N	N	N	N	N	N	N	N	N	N	N	N	0.0000	0.0000	0.0000	0.0000	0.0000	0.0000	0.0000	0.0000	0.0000	0.0000	0.0000	0.0000	0.0000	0.0000	0.0000	0.0000	0.0000	0.0000	0.0001	0.0000	0.0002	0.0004	0.0001	0.0057	0.0000	0.0000	0.0000	4.1956	0.0000	0.0000	5.9907	0.0019	9.0550	1.9565	0.0000	0.0000	0.0000	0.0000	0.0000	0.0000	0.0000	0.0000	0.0000	0.0000	0.0000	0.0000	0.0000	0.0000	0.0000	0.0000	0.0000	0.0000	0.0002	0.0002	0.0000	0.0001	0.0001	0.0000	0.0001	0.0001	0.0000	0.0318	0.0176	0.0141	0.0066	0.0062	0.0004	0.0252	0.0114	0.0138	0.0000	0.0000	0.0000	0.0000	0.0000	0.0000	0.0000	0.0000	0.0000	0.0001	0.0000	0.0002	0.0004	0.0001	0.0057	0.0000	0.0000	0.0000	
4	34	0.1026	5	1	1	2	0	0	0	0	0	N	N	Y	N	N	N	N	N	N	N	N	N	0.0000	0.0000	0.0000	0.0000	0.0000	0.0000	0.0000	0.0000	0.0000	0.0000	0.0000	0.0000	0.0000	0.0000	0.0000	0.0000	0.0000	0.0000	0.0342	0.0587	0.0001	0.1375	0.1434	0.0030	0.0000	0.0000	0.0000	0.0012	0.0000	-0.0033	5.9907	3.0034	9.0550	4.0042	0.0000	0.0000	0.0000	0.0000	0.0000	0.0000	0.0000	0.0000	0.0000	0.0044	0.0043	0.0000	0.0044	0.0043	0.0000	0.0000	0.0000	0.0000	0.1171	0.1029	0.0142	0.0093	0.0090	0.0003	0.1079	0.0939	0.0140	0.1273	0.0742	0.0531	0.0317	0.0303	0.0013	0.0956	0.0438	0.0518	0.0000	0.0000	0.0000	0.0000	0.0000	0.0000	0.0000	0.0000	0.0000	0.0342	0.0587	0.0001	0.1375	0.1434	0.0030	0.0000	0.0000	0.0000	
4	35	0.1026	5	1	1	2	0	0	0	0	0	N	N	Y	N	N	N	N	N	N	N	N	N	0.0000	0.1337	0.0000	0.6783	0.7106	0.0346	0.0000	0.0000	0.0000	0.0001	0.0001	0.0000	0.0017	0.0018	0.0001	0.0000	0.0000	0.0000	6.9985	0.0010	37.5779	0.0026	0.0025	0.0034	9.2677	0.0000	42.1475	0.0045	11881.8185	-0.0000	0.2501	5.9907	4.4649	9.0550	3.5311	0.0000	0.0000	0.0000	0.0000	0.0000	0.0000	0.0000	0.0000	0.0000	0.9958	0.0001	0.9957	0.0001	0.0001	0.0000	0.9957	0.0000	0.9957	0.1682	0.1474	0.0209	0.0116	0.0112	0.0004	0.1566	0.1362	0.0205	0.1423	0.0827	0.0596	0.0348	0.0333	0.0015	0.1074	0.0493	0.0581	0.0000	0.1337	0.0000	0.6783	0.7106	0.0346	0.0000	0.0000	0.0000	6.9985	0.0010	16.7017	0.0026	0.0025	0.0034	9.2677	0.0000	17.1340
4	36	0.0882	4	1	1	2	0	0	0	0	0	N	N	Y	N	N	N	N	N	N	N	N	N	0.0100	0.1492	0.0000	0.0032	0.0032	0.0000	0.0088	0.3364	0.0000	0.0003	0.0004	0.0000	0.0000	0.0000	0.0000	0.0004	0.0004	0.0000	0.0340	0.0026	0.0764	0.0046	0.0046	0.0011	0.0426	0.0013	0.0771	0.0000	22.0024	-0.0000	0.0009	5.9907	1.6626	9.0550	6.4813	0.0000	0.0000	0.0000	0.0000	0.0000	0.0000	0.0000	0.0000	0.0000	0.0045	0.0002	0.0043	0.0001	0.0001	0.0000	0.0044	0.0001	0.0043	0.0592	0.0523	0.0069	0.0062	0.0061	0.0001	0.0530	0.0462	0.0068	0.1322	0.0760	0.0562	0.0299	0.0293	0.0005	0.1023	0.0466	0.0557	0.0100	0.1492	0.0000	0.0032	0.0032	0.0000	0.0088	0.3364	0.0000	0.0340	0.0026	0.0764	0.0046	0.0046	0.0011	0.0426	0.0013	0.0771
4	37	0.0968	4	1	1	1	0	0	0	0	0	N	N	N	N	N	N	N	N	N	N	N	N	0.4971	1.4273	0.0116	0.7256	0.7622	0.4709	0.4807	371.8955	0.0012	0.0095	0.0107	0.0004	0.0138	0.0136	0.0238	0.0091	0.0105	0.0000	0.0190	0.0075	0.0336	0.0191	0.0178	0.0505	0.0190	0.0000	0.0333	0.0052	3.5108	-0.0010	0.0002	5.9907	5.8118	9.0550	10.8965	0.0022	0.0022	0.0000	0.0002	0.0002	0.0000	0.0020	0.0020	0.0000	0.0066	0.0015	0.0052	0.0016	0.0015	0.0002	0.0050	0.0000	0.0050	0.2325	0.2035	0.0290	0.0158	0.0154	0.0004	0.2167	0.1881	0.0286	0.3487	0.1953	0.1534	0.0858	0.0824	0.0033	0.2629	0.1129	0.1501	0.4971	1.4273	0.0116	0.7256	0.7622	0.4709	0.4807	371.8955	0.0012	0.0190	0.0075	0.0336	0.0191	0.0178	0.0505	0.0190	0.0000	0.0333
4	38	0.0759	3	1	1	1	0	0	0	0	0	N	N	N	N	N	N	N	N	N	N	N	N	221.1743	852.8254	0.0580	4.7880	4.6584	0.0000	206.9321	1310.9221	0.0573	4.9294	5.6804	0.0023	0.0564	0.0577	0.0000	5.0150	5.7918	0.0023	0.0223	0.0067	0.0397	0.0118	0.0124	0.0000	0.0242	0.0044	0.0404	0.0001	5.3436	-0.4492	0.0005	5.9907	5.2458	9.0550	8.3786	0.9678	0.9678	0.0001	0.0002	0.0002	0.0000	0.9676	0.9676	0.0001	0.0050	0.0008	0.0042	0.0004	0.0004	0.0000	0.0046	0.0004	0.0042	0.1963	0.1704	0.0260	0.0034	0.0033	0.0001	0.1930	0.1671	0.0259	0.2259	0.1191	0.1067	0.0353	0.0335	0.0018	0.1906	0.0856	0.1050	221.1743	852.8254	0.0580	4.7880	4.6584	0.0000	206.9321	1310.9221	0.0573	0.0223	0.0067	0.0397	0.0118	0.0124	0.0000	0.0242	0.0044	0.0404
4	39	0.0864	4	0	1	1	0	0	0	0	0	N	N	N	N	N	N	N	N	N	N	N	N	0.4813	0.4719	0.0000	2.8292	3.7878	0.0000	0.0007	0.0873	0.0000	0.0001	0.0001	0.0000	0.0018	0.0019	0.0000	0.0000	0.0000	0.0000	0.0002	0.0002	0.0001	0.0006	0.0005	0.0038	0.0000	0.0000	0.0000	0.0000	0.4915	-0.0000	-0.0000	5.9907	6.9653	9.0550	2.9126	0.0000	0.0000	0.0000	0.0000	0.0000	0.0000	0.0000	0.0000	0.0000	0.0000	0.0000	0.0000	0.0000	0.0000	0.0000	0.0000	0.0000	0.0000	0.2488	0.2164	0.0324	0.0116	0.0111	0.0005	0.2372	0.2053	0.0319	0.1800	0.1029	0.0771	0.0442	0.0423	0.0019	0.1358	0.0606	0.0752	0.4813	0.4719	0.0000	2.8292	3.7878	0.0000	0.0007	0.0873	0.0000	0.0002	0.0002	0.0001	0.0006	0.0005	0.0038	0.0000	0.0000	0.0000
4	40	0.0759	3	0	1	1	0	0	0	0	0	N	N	N	N	N	N	N	N	N	N	N	N	237.9706	144.6353	0.0000	2149.9822	2092.2632	0.0000	0.0000	0.1411	0.1627	0.0000	8.1688	8.3633	0.0000	0.0000	0.0000	0.0000	0.0006	0.0011	0.0000	0.0038	0.0040	0.0000	0.0000	0.0000	0.0000	0.0000	0.0009	-0.0100	-0.0001	5.9907	4.0410	9.0550	4.5605	0.0215	0.0215	0.0000	0.0215	0.0215	0.0000	0.0000	0.0000	0.0000	0.0001	0.0001	0.0000	0.0001	0.0001	0.0000	0.0000	0.0000	0.0000	0.1524	0.1322	0.0202	0.0026	0.0026	0.0001	0.1498	0.1296	0.0201	0.1460	0.0769	0.0691	0.0228	0.0216	0.0011	0.1232	0.0553	0.0680	237.9706	144.6353	0.0000	2149.9822	2092.2632	0.0000	0.0000	0.0000	0.0000	0.0006	0.0011	0.0000	0.0038	0.0040	0.0000	0.0000	0.0000	0.0000		
4	41	0.1068	4	0	0	2	0	0	0	0	0	N	N	Y	N	N	N	N	N	N	N	N	N	0.0000	0.0000	0.0000	0.0000	0.0000	0.0000	0.0000	0.0000	0.0000	0.0000	0.0000	0.0000	0.0000	0.0000	0.0000	0.0000	0.0000	0.0000	0.0001	0.0000	0.0001	0.0002	0.0000	0.0030	0.0000	0.0000	0.0000	4.1956	0.0000	0.0000	5.9907	4.0003	9.0550	0.0531	0.0000	0.0000	0.0000	0.0000	0.0000	0.0000	0.0000	0.0000	0.0000	0.0000	0.0000	0.0000	0.0000	0.0000	0.0000	0.0000	0.0000	0.0000	0.1450	0.1267	0.0183	0.0204	0.0195	0.0010	0.1246	0.1072	0.0174	0.0635	0.0351	0.0284	0.0126	0.0119	0.0007	0.0509	0.0231	0.0277	0.0000	0.0000	0.0000	0.0000	0.0000	0.0000	0.0000	0.0000	0.0000	0.0001	0.0000	0.0001	0.0002	0.0000	0.0030	0.0000	0.0000	0.0000	
4	42	0.0759	3	0	0	1	0	0	0	0	0	N	N	N	N	N	N	N	N	N	N	N	N	0.0000	0.0000	0.0000	0.0000	0.0000	0.0000	0.0000	0.0000	0.0000	0.0000	0.0000	0.0000	0.0000	0.0000	0.0000	0.0000	0.0000	0.0141	0.0266	0.0000	0.0101	0.0107	0.0000	0.0148	0.0328	0.0000	0.0000	0.0000	-0.0034	5.9907	8.9997	9.0550	11.0444	0.0000	0.0000	0.0000	0.0000	0.0000	0.0000	0.0000	0.0000	0.0000	0.0045	0.0045	0.0000	0.0005	0.0005	0.0000	0.0040	0.0040	0.0000	0.3292	0.2858	0.0434	0.0057	0.0055	0.0001	0.3235	0.2802	0.0433	0.3226	0.1704	0.1522	0.0505	0.0480	0.0025	0.2721	0.1224	0.1496	0.0000	0.0000	0.0000	0.0000	0.0000	0.0000	0.0000	0.0000	0.0000	0.0141	0.0266	0.0000	0.0101	0.0107	0.0000	0.0148	0.0328	0.0000		
4	43	0.0759	3	1	1	2	0	0	0	0	0	N	N	Y	N	N	N	N	N	N	N	N	N	9.4574	5.7581	1037.2550	1008.7532	0.3199	0.1663	0.0744	0.0857	0.0000	4.1739	4.2742	0.0000	0.0027	0.0032	0.0000	0.0079	0.0149	0.0000	0.0040	0.0042	0.0000	0.0086	0.0191	0.0000	0.0000	0.0000	-0.0125	-0.0021	5.9907	10.0000	9.0550	13.0000	0.0270	0.0270	0.0000	0.0260	0.0260	0.0000	0.0010	0.0010	0.0000	0.0029	0.0029	0.0000	0.0002	0.0002	0.0000	0.0026	0.0026	0.0000	0.3630	0.3152	0.0478	0.0062	0.0061	0.0001	0.3568	0.3091	0.0477	0.3647	0.1928	0.1719	0.0572	0.0543	0.0029	0.3075	0.1385	0.1690	9.4574	5.7581	0.0000	1037.2550	1008.7532	0.0000	0.3199	0.1663	0.0000	0.0079	0.0149	0.0000	0.0040	0.0042	0.0000	0.0086	0.0191	0.0000			
4	44	0.0759	3	0	1	1	0	0	0	0	0	N	N	N	N	N	N	N	N	N	N	N	N	8.4155	5.1566	0.0000	0.0000	0.0000	1100.2876	inf	0.0000	3.3915	3.9071	0.0000	0.0000	0.0000	0.0000	3.4509	3.9843	0.0000	0.4030	0.7577	0.0056	2.5559	2.6910	0.0000	0.0031	0.0000	0.0057	0.0000	0.0066	-0.4634	-0.1006	5.9907	8.0000	9.0550	13.0000	0.9984	0.9984	0.0000	0.0000	0.0000	0.0000	0.9984	0.9984	0.0000	0.1356	0.1347	0.0009	0.1347	0.1347	0.0000	0.0009	0.0000	0.0009	0.2944	0.2555	0.0388	0.0051	0.0049	0.0001	0.2893	0.2506	0.0387	0.3365	0.1778	0.1587	0.0527	0.0501	0.0026	0.2838	0.1277	0.1560	8.4155	5.1566	0.0000	0.0000	0.0000	0.0000	1100.2876	inf	0.0000	0.4030	0.7577	0.0056	2.5559	2.6910	0.0000	0.0031	0.0000	0.0057	
4	45	0.0759	3	0	1	1	0	0	0	0	0	N	N	N	N	N	N	N	N	N	N	N	N	0.0000	0.0000	0.0000	0.0000	0.0000	0.0000	0.0000	0.0000	0.0000	0.0000	0.0000	0.0000	0.0000	0.0001	0.0002	0.0000	0.0005	0.0006	0.0000	0.0000	0.0000	0.0000	0.0000	0.0000	-0.0000	5.9907	10.0000	9.0550	12.0000	0.0000	0.0000	0.0000	0.0000	0.0000	0.0000	0.0000	0.0000	0.0000	0.0000	0.0000	0.0000	0.0000	0.0000	0.0000	0.0000	0.0000	0.0000	0.3636	0.3157	0.0479	0.0062	0.0061	0.0001	0.3573	0.3096	0.0477	0.3509	0.1855	0.1654	0.0550	0.0522	0.0028	0.2959	0.1332	0.1627	0.0000	0.0000	0.0000	0.0000	0.0000	0.0000	0.0000	0.0000	0.0000	0.0001	0.0002	0.0000	0.0005	0.0006	0.0000	0.0000	0.0000	0.0000						
4	46	0.0882	4	1	0	2	0	0	0	0	0	N	N	Y	N	N	N	N	N	N	N	N	N	0.0000	0.0000	0.0000	0.0000	0.0000	0.0000	0.0000	0.0000	0.0000	0.0000	0.0000	0.0000	0.0000	0.0000	0.0000	0.0000	0.0000	0.0000	0.0015	0.0026	0.0000	0.0065	0.0066	0.0000	0.0000	0.0000	0.0000	0.0031	0.0000	-0.0001	5.9907	1.8806	9.0550	4.9930	0.0000	0.0000	0.0000	0.0000	0.0000	0.0000	0.0000	0.0000	0.0000	0.0002	0.0002	0.0000	0.0002	0.0002	0.0000	0.0000	0.0000	0.0000	0.0659	0.0581	0.0078	0.0065	0.0064	0.0001	0.0594	0.0518	0.0076	0.1156	0.0669	0.0488	0.0271	0.0266	0.0005	0.0886	0.0403	0.0483	0.0000	0.0000	0.0000	0.0000	0.0000	0.0000	0.0000	0.0000	0.0000	0.0015	0.0026	0.0000	0.0065	0.0066	0.0000	0.0000	0.0000	0.0000	
4	47	0.0759	3	1	0	2	0	0	0	0	0	N	N	Y	N	N	N	N	N	N	N	N	N	6.7456	94.8998	0.0000	946.7044	1369.8769	0.0000	0.0000	0.0000	0.2661	0.3068	0.0000	15.3758	15.7408	0.0000	0.0000	0.0000	0.0000	0.0395	0.0032	0.0797	0.0162	0.0115	0.1078	0.0437	0.0000	0.0793	0.0000	22.1767	-0.0100	0.0009	5.9907	2.1193	9.0550	4.2095	0.0215	0.0215	0.0000	0.0215	0.0215	0.0000	0.0000	0.0000	0.0000	0.0043	0.0002	0.0041	0.0003	0.0002	0.0001	0.0040	0.0000	0.0040	0.0809	0.0702	0.0107	0.0014	0.0014	0.0000	0.0795	0.0688	0.0107	0.1086	0.0572	0.0514	0.0169	0.0161	0.0008	0.0917	0.0411	0.0506	6.7456	94.8998	0.0000	946.7044	1369.8769	0.0000	0.0000	0.0000	0.0000	0.0395	0.0032	0.0797	0.0162	0.0115	0.1078	0.0437	0.0000	0.0793	
4	48	0.0759	3	0	1	1	1	0	0	0	0	N	N	N	N	N	N	N	N	N	N	N	N	0.0000	0.0000	0.0000	0.0000	0.0000	0.0000	0.0000	0.0000	0.0000	0.0000	0.0000	0.0000	0.0000	0.0000	0.0000	0.0000	0.0000	0.0000	2.2100	4.1397	0.0395	0.0013	0.0009	0.0084	2.6215	5.7626	0.0400	0.0085	0.0000	-0.7334	5.9907	11.0000	9.0550	18.0000	0.0000	0.0000	0.0000	0.0000	0.0000	0.0000	0.0000	0.0000	0.0000	0.9906	0.9823	0.0083	0.0001	0.0001	0.0000	0.9905	0.9822	0.0083	0.3975	0.3452	0.0523	0.0068	0.0067	0.0002	0.3907	0.3385	0.0522	0.4482	0.2373	0.2110	0.0704	0.0668	0.0036	0.3778	0.1704	0.2074	0.0000	0.0000	0.0000	0.0000	0.0000	0.0000	0.0000	0.0000	0.0000	2.2100	4.1397	0.0395	0.0013	0.0009	0.0084	2.6215	5.7626	0.0400	
4	49	0.0759	3	0	1	1	0	0	0	0	0	N	N	N	N	N	N	N	N	N	N	N	N	0.0000	0.0000	0.0000	0.0000	0.0000	0.0000	0.0000	0.0000	0.0000	0.0000	0.0000	0.0000	0.0000	0.0000	0.0000	0.0000	0.0000	0.0000	0.0000	0.0000	5.9907	6.0000	9.0550	11.0000	0.0000	0.0000	0.0000	0.0000	0.0000	0.0000	0.0000	0.0000	0.0000	0.0000	0.0000	0.0000	0.0000	0.0000	0.0000	0.0000	0.0000	0.0000	0.2235	0.1940	0.0295	0.0039	0.0038	0.0001	0.2197	0.1902	0.0295	0.2774	0.1465	0.1310	0.0434	0.0412	0.0022	0.2340	0.1052	0.1288	0.0000	0.0000	0.0000	0.0000	0.0000	0.0000	0.0000	0.0000	0.0000	0.0000	0.0000	0.0000	0.0000	0.0000	0.0000	0.0000	0.0000	0.0000											
4	51	0.1029	4	0	1	1	1	0	0	0	0	N	N	N	N	N	N	N	N	N	N	N	N	0.0000	0.0000	0.0000	0.0000	0.0000	0.0000	0.0000	0.0000	0.0000	0.0000	0.0000	0.0000	0.0000	0.0000	0.0000	0.0000	0.0000	0.0000	0.0000	0.0000	0.0000	0.0000	0.0000	0.0000	0.0000	0.0000	26.4745	0.0000	0.0000	5.9907	0.9739	9.0550	0.0244	0.0000	0.0000	0.0000	0.0000	0.0000	0.0000	0.0000	0.0000	0.0000	0.0000	0.0000	0.0000	0.0000	0.0000	0.0000	0.0000	0.0000	0.0000	0.2313	0.2152	0.0161	0.1031	0.1020	0.0011	0.1282	0.1132	0.0150	0.3289	0.2392	0.0898	0.1692	0.1621	0.0071	0.1598	0.0770	0.0827	0.0000	0.0000	0.0000	0.0000	0.0000	0.0000	0.0000	0.0000	0.0000	0.0000	0.0000	0.0000	0.0000	0.0000	0.0000	0.0000	0.0000	0.0000		
4	52	0.0759	3	0	1	1	1	0	0	0	0	N	N	N	N	N	N	N	N	N	N	N	N	5.8901	3.6284	2.3704	0.0011	0.0011	2.7814	249.9926	445.2162	2.3383	1.4793	1.7010	0.0181	0.0018	0.0018	0.0001	1.5051	1.7344	0.0181	0.2511	0.4688	0.0076	1.5724	1.6552	0.0000	0.0060	0.0039	0.0078	0.0016	0.0145	-0.2492	-0.0544	5.9907	10.0170	9.0550	8.1377	0.5387	0.5378	0.0009	0.0000	0.0000	0.0000	0.5387	0.5378	0.0009	0.0740	0.0730	0.0011	0.0725	0.0725	0.0000	0.0015	0.0004	0.0011	0.3641	0.3162	0.0480	0.0063	0.0061	0.0001	0.3579	0.3101	0.0478	0.2947	0.1556	0.1391	0.0461	0.0438	0.0023	0.2486	0.1118	0.1368	5.8901	3.6284	2.3704	0.0011	0.0011	2.7814	249.9926	445.2162	2.3383	0.2511	0.4688	0.0076	1.5724	1.6552	0.0000	0.0060	0.0039	0.0078
4	53	0.1110	4	1	1	1	0	0	0	0	0	N	N	N	N	N	N	N	N	N	N	N	N	0.0000	0.0000	0.0000	0.0000	0.0000	0.0000	0.0000	0.0000	0.0000	0.0000	0.0000	0.0000	0.0000	0.0000	0.0000	0.0000	0.0000	0.0000	0.0057	0.0088	0.0000	0.0100	0.0105	0.0000	0.0032	0.0068	0.0000	0.0000	0.0000	-0.0007	5.9907	1.0294	9.0550	5.0054	0.0000	0.0000	0.0000	0.0000	0.0000	0.0000	0.0000	0.0000	0.0000	0.0009	0.0009	0.0000	0.0006	0.0006	0.0000	0.0003	0.0003	0.0000	0.0813	0.0720	0.0093	0.0231	0.0229	0.0002	0.0582	0.0491	0.0091	0.1659	0.1081	0.0578	0.0606	0.0579	0.0028	0.1053	0.0502	0.0551	0.0000	0.0000	0.0000	0.0000	0.0000	0.0000	0.0000	0.0000	0.0000	0.0057	0.0088	0.0000	0.0100	0.0105	0.0000	0.0032	0.0068	0.0000	
4	54	0.0759	3	1	1	1	0	0	0	0	0	N	N	N	N	N	N	N	N	N	N	N	N	0.0000	0.0000	0.1510	0.0002	0.0002	4.9693	0.0000	0.0000	0.1489	0.0001	0.0001	0.0003	0.0005	0.0005	0.0000	0.0001	0.0001	0.0003	3.2561	6.1588	0.0018	2.7210	2.8650	0.0000	3.3555	7.4498	0.0019	0.4322	0.0003	-0.0000	-0.8613	5.9907	7.2033	9.0550	14.9709	0.0000	0.0000	0.0000	0.0000	0.0000	0.0000	0.0000	0.0000	0.0000	1.1507	1.1504	0.0003	0.1507	0.1507	0.0000	1.0000	0.9997	0.0003	0.2664	0.2312	0.0352	0.0046	0.0045	0.0001	0.2618	0.2267	0.0351	0.3534	0.1868	0.1666	0.0554	0.0526	0.0028	0.2980	0.1342	0.1638	0.0000	0.0000	0.1510	0.0002	0.0002	4.9693	0.0000	0.0000	0.1489	3.2561	6.1588	0.0018	2.7210	2.8650	0.0000	3.3555	7.4498	0.0019
4	55	0.0396	2	0	0	1	0	0	0	0	0	N	N	N	N	N	N	N	N	N	N	N	N	0.5347	0.3849	0.1723	3.6208	3.6415	0.8569	0.0339	0.1121	0.1563	0.1370	0.1569	0.0125	2.4477	2.4747	0.3258	0.0016	0.0000	0.0109	0.2562	0.4077	0.0728	0.6760	0.6796	0.3802	0.0470	0.0000	0.0700	0.0128	0.1474	-0.0107	-0.1073	5.9907	4.2136	9.0550	14.8238	0.0237	0.0234	0.0003	0.0235	0.0234	0.0000	0.0003	0.0000	0.0003	0.1731	0.1508	0.0222	0.1518	0.1508	0.0010	0.0212	0.0000	0.0212	0.1731	0.1492	0.0239	0.0096	0.0095	0.0001	0.1636	0.1398	0.0238	0.6754	0.3699	0.3055	0.2246	0.2219	0.0027	0.4508	0.1480	0.3028	0.5347	0.3849	0.1723	3.6208	3.6415	0.8569	0.0339	0.1121	0.1563	0.2562	0.4077	0.0728	0.6760	0.6796	0.3802	0.0470	0.0000	0.0700
4	58	0.1974	4	0	0	1	0	0	0	0	0	N	N	N	N	N	N	N	N	N	N	N	N	0.0035	0.0027	0.0000	0.0048	0.0047	0.0000	0.0000	0.0000	0.0000	0.0000	0.0000	0.0000	0.0001	0.0001	0.0000	0.0000	0.0000	0.0000	0.0093	0.0137	0.0006	0.0191	0.0205	0.0006	0.0004	0.0000	0.0006	0.0000	0.0239	-0.0000	-0.0121	5.9907	16.5869	9.0550	24.5040	0.0000	0.0000	0.0000	0.0000	0.0000	0.0000	0.0000	0.0000	0.0000	0.0166	0.0162	0.0004	0.0163	0.0162	0.0000	0.0004	0.0000	0.0004	1.2269	1.0954	0.1315	0.4366	0.4153	0.0214	0.7903	0.6802	0.1101	1.7942	1.1890	0.6053	0.8536	0.7920	0.0616	0.9406	0.3970	0.5436	0.0035	0.0027	0.0000	0.0048	0.0047	0.0000	0.0000	0.0000	0.0000	0.0093	0.0137	0.0006	0.0191	0.0205	0.0006	0.0004	0.0000	0.0006
5	10	0.0545	2	0	1	1	0	0	0	0	0	N	N	N	N	N	N	N	N	N	N	N	N	0.0000	0.0000	0.0000	0.0000	0.0000	0.0000	0.0000	0.0000	0.0000	0.0000	0.0000	0.0000	0.0000	0.0000	0.0000	0.0000	0.0000	0.0000	0.0000	0.0000	10.0000	4.0402	15.0000	3.6071	0.0000	0.0000	0.0000	0.0000	0.0000	0.0000	0.0000	0.0000	0.0000	0.0000	0.0000	0.0000	0.0000	0.0000	0.0000	0.0000	0.0000	0.0000	0.2368	0.2059	0.0309	0.0091	0.0087	0.0004	0.2277	0.1973	0.0305	0.1904	0.0980	0.0924	0.0295	0.0286	0.0010	0.1608	0.0694	0.0914	0.0000	0.0000	0.0000	0.0000	0.0000	0.0000	0.0000	0.0000	0.0000	0.0000	0.0000	0.0000	0.0000	0.0000	0.0000	0.0000	0.0000	0.0000											
5	11	0.0710	2	0	1	1	1	0	0	0	0	N	N	N	N	N	N	N	N	N	N	N	N	61.9644	0.0116	inf	2.2368	0.0191	inf	inf	inf	0.6771	0.0002	6.6997	0.0767	0.0007	3.9824	0.8823	0.0000	6.8372	0.0109	0.0166	0.0000	0.0343	0.0363	0.0000	0.0000	0.0000	0.0000	3910.1667	0.0000	0.2514	-0.0047	10.0000	7.1434	15.0000	7.2869	0.4693	0.0001	0.4692	0.0136	0.0001	0.0134	0.4558	0.0000	0.4558	0.0062	0.0062	0.0000	0.0062	0.0062	0.0000	0.0000	0.0000	0.0000	0.6932	0.6232	0.0700	0.1766	0.1732	0.0034	0.5166	0.4499	0.0667	0.5702	0.3757	0.1945	0.1816	0.1718	0.0098	0.3886	0.2039	0.1846	61.9644	0.0116	inf	2.2368	0.0191	inf	inf	0.0000	inf	0.0109	0.0166	0.0000	0.0343	0.0363	0.0000	0.0000	0.0000	0.0000	
5	12	0.0648	2	1	1	1	0	0	0	0	0	N	N	N	N	N	N	N	N	N	N	N	N	0.0000	0.0000	0.0000	0.0000	0.0000	0.0000	0.0000	0.0000	0.0000	0.0000	0.0000	0.0000	0.0000	0.0001	0.0002	0.0000	0.0005	0.0005	0.0000	0.0000	0.0000	0.0000	0.0000	0.0000	-0.0000	10.0000	1.9891	15.0000	3.0036	0.0000	0.0000	0.0000	0.0000	0.0000	0.0000	0.0000	0.0000	0.0000	0.0000	0.0000	0.0000	0.0000	0.0000	0.0000	0.0000	0.0000	0.0000	0.1514	0.1337	0.0177	0.0168	0.0167	0.0001	0.1346	0.1170	0.0176	0.2229	0.1266	0.0962	0.0611	0.0602	0.0009	0.1617	0.0664	0.0954	0.0000	0.0000	0.0000	0.0000	0.0000	0.0000	0.0000	0.0000	0.0000	0.0001	0.0002	0.0000	0.0005	0.0005	0.0000	0.0000	0.0000	0.0000						
5	14	0.0563	2	1	0	2	0	0	0	0	0	N	N	Y	N	N	N	N	N	N	N	N	N	0.0000	0.0000	0.0000	0.0000	0.0000	0.0000	0.0000	0.0000	0.0000	0.0000	0.0000	0.0000	0.0000	0.0000	0.0000	0.0000	0.0000	0.0000	0.0000	0.0000	10.0000	3.8806	15.0000	3.0092	0.0000	0.0000	0.0000	0.0000	0.0000	0.0000	0.0000	0.0000	0.0000	0.0000	0.0000	0.0000	0.0000	0.0000	0.0000	0.0000	0.0000	0.0000	0.2592	0.2272	0.0319	0.0151	0.0146	0.0005	0.2441	0.2126	0.0314	0.1791	0.0906	0.0885	0.0209	0.0206	0.0003	0.1582	0.0700	0.0882	0.0000	0.0000	0.0000	0.0000	0.0000	0.0000	0.0000	0.0000	0.0000	0.0000	0.0000	0.0000	0.0000	0.0000	0.0000	0.0000	0.0000	0.0000											
5	15	0.0949	3	0	1	1	0	0	0	0	0	N	N	N	N	N	N	N	N	N	N	N	N	0.0000	0.0000	0.0000	0.0000	0.0000	0.0000	0.0000	0.0000	0.0000	0.0000	0.0000	0.0000	0.0000	0.0000	0.0000	0.0000	0.0000	3.2264	0.0009	7.1892	0.0045	0.0027	0.0505	3.9797	0.0000	7.3048	6544.4667	0.0000	0.2465	10.0000	2.0122	15.0000	8.2883	0.0000	0.0000	0.0000	0.0000	0.0000	0.0000	0.0000	0.0000	0.0000	0.9818	0.0001	0.9817	0.0003	0.0001	0.0001	0.9816	0.0000	0.9816	0.1316	0.1146	0.0170	0.0054	0.0053	0.0001	0.1262	0.1093	0.0169	0.3043	0.1678	0.1365	0.0577	0.0555	0.0022	0.2466	0.1123	0.1344	0.0000	0.0000	0.0000	0.0000	0.0000	0.0000	0.0000	0.0000	0.0000	3.2264	0.0009	7.1892	0.0045	0.0027	0.0505	3.9797	0.0000	7.3048		
5	16	0.0940	3	0	1	1	0	0	0	0	0	N	N	N	N	N	N	N	N	N	N	N	N	0.8262	0.5627	3.5066	3.3403	0.0063	0.0073	0.0000	0.1012	0.1024	0.0000	0.0000	0.0000	0.0000	0.0076	0.0129	0.0000	0.0289	0.0307	0.0000	0.0000	0.0000	0.0000	0.0000	0.0000	-0.0004	-0.0017	10.0000	2.0840	15.0000	8.3569	0.0008	0.0008	0.0000	0.0008	0.0008	0.0000	0.0000	0.0000	0.0000	0.0023	0.0023	0.0000	0.0023	0.0023	0.0000	0.0000	0.0000	0.0000	0.1317	0.1142	0.0174	0.0082	0.0081	0.0001	0.1234	0.1061	0.0173	0.2988	0.1766	0.1222	0.0790	0.0744	0.0046	0.2198	0.1022	0.1176	0.8262	0.5627	0.0000	3.5066	3.3403	0.0000	0.0000	0.0000	0.0000	0.0076	0.0129	0.0000	0.0289	0.0307	0.0000	0.0000	0.0000	0.0000					
5	18	0.0949	3	0	1	1	0	0	0	0	0	N	N	N	N	N	N	N	N	N	N	N	N	0.0000	0.0000	0.0000	0.0000	0.0000	0.0000	0.0000	0.0000	0.0000	0.0000	0.0000	0.0000	0.0000	0.0000	0.0000	0.0000	0.0000	0.0000	0.0000	0.0000	10.0000	5.9999	15.0000	8.2406	0.0000	0.0000	0.0000	0.0000	0.0000	0.0000	0.0000	0.0000	0.0000	0.0000	0.0000	0.0000	0.0000	0.0000	0.0000	0.0000	0.0000	0.0000	0.3641	0.3161	0.0480	0.0063	0.0061	0.0001	0.3578	0.3100	0.0478	0.3785	0.2013	0.1772	0.0610	0.0581	0.0030	0.3175	0.1433	0.1743	0.0000	0.0000	0.0000	0.0000	0.0000	0.0000	0.0000	0.0000	0.0000	0.0000	0.0000	0.0000	0.0000	0.0000	0.0000	0.0000	0.0000	0.0000											
5	19	0.0802	2	0	0	1	0	0	0	0	0	N	N	N	N	N	N	N	N	N	N	N	N	0.0707	0.1105	0.0000	0.4212	0.4122	0.0000	0.0000	0.0000	0.0000	0.0065	0.0074	0.0000	0.0633	0.0634	0.0000	0.0000	0.0000	0.0000	0.0919	0.0668	0.1247	0.1502	0.1539	0.0017	0.0725	0.0013	0.1265	0.0000	1.4239	-0.0002	-0.0050	10.0000	0.9481	15.0000	8.0223	0.0005	0.0005	0.0000	0.0005	0.0005	0.0000	0.0000	0.0000	0.0000	0.0311	0.0128	0.0183	0.0127	0.0127	0.0000	0.0184	0.0001	0.0183	0.0723	0.0636	0.0087	0.0074	0.0074	0.0000	0.0649	0.0562	0.0087	0.3388	0.1921	0.1466	0.0846	0.0825	0.0020	0.2542	0.1096	0.1446	0.0707	0.1105	0.0000	0.4212	0.4122	0.0000	0.0000	0.0000	0.0000	0.0919	0.0668	0.1247	0.1502	0.1539	0.0017	0.0725	0.0013	0.1265
5	22	0.0791	2	1	1	1	0	0	0	0	0	N	N	N	N	N	N	N	N	N	N	N	N	0.0005	0.0097	0.0000	0.0164	0.0215	0.0000	0.0000	0.0000	0.0004	0.0004	0.0000	0.0019	0.0019	0.0000	0.0000	0.0000	0.0000	0.8043	0.0463	2.4132	0.1131	0.0873	0.8753	1.2158	0.0000	2.4743	0.0000	24.5297	-0.0000	0.0265	10.0000	1.8226	15.0000	1.1826	0.0001	0.0001	0.0000	0.0001	0.0001	0.0000	0.0000	0.0000	0.0000	0.1248	0.0049	0.1200	0.0066	0.0049	0.0017	0.1183	0.0000	0.1183	0.1771	0.1560	0.0211	0.0377	0.0373	0.0004	0.1394	0.1187	0.0207	0.1552	0.1055	0.0497	0.0579	0.0560	0.0019	0.0973	0.0495	0.0478	0.0005	0.0097	0.0000	0.0164	0.0215	0.0000	0.0000	0.0000	0.0000	0.8043	0.0463	2.4132	0.1131	0.0873	0.8753	1.2158	0.0000	2.4743	
5	24	0.0785	3	0	0	2	0	0	0	0	0	N	N	Y	N	N	N	N	N	N	N	N	N	0.0000	0.0000	0.0000	0.0000	0.0000	0.0000	0.0000	0.0000	0.0000	0.0000	0.0000	0.0000	0.0000	0.0000	0.0000	0.0000	0.0000	0.0000	0.0000	0.0000	10.0000	0.0000	15.0000	0.0000	0.0000	0.0000	0.0000	0.0000	0.0000	0.0000	0.0000	0.0000	0.0000	0.0000	0.0000	0.0000	0.0000	0.0000	0.0000	0.0000	0.0000	0.0000	0.0000	0.0000	0.0000	0.0000	0.0000	0.0000	0.0000	0.0000	0.0000	0.0000	0.0000	0.0000	0.0000	0.0000	0.0000	0.0000	0.0000	0.0000	0.0000	0.0000	0.0000	0.0000	0.0000	0.0000	0.0000	0.0000	0.0000	0.0000	0.0000	0.0000	0.0000	0.0000	0.0000	0.0000	0.0000	0.0000											
5	26	0.0586	2	1	0	2	0	0	0	0	0	N	N	Y	N	N	N	N	N	N	N	N	N	0.0000	0.0000	0.0000	0.0000	0.0000	0.0000	0.0000	0.0000	0.0000	0.0000	0.0000	0.0000	0.0000	0.0000	0.0000	0.0000	5.0224	0.2131	11.1209	0.8005	0.8196	0.0000	5.6676	0.0000	10.6274	46.3235	0.0000	0.2336	10.0000	4.5914	15.0000	6.1047	0.0000	0.0000	0.0000	0.0000	0.0000	0.0000	0.0000	0.0000	0.0000	1.0151	0.0215	0.9936	0.0215	0.0215	0.0000	0.9936	0.0000	0.9936	0.2499	0.2161	0.0337	0.0335	0.0318	0.0017	0.2163	0.1843	0.0320	0.2021	0.1007	0.1014	0.0268	0.0262	0.0006	0.1753	0.0745	0.1008	0.0000	0.0000	0.0000	0.0000	0.0000	0.0000	0.0000	0.0000	0.0000	5.0224	0.2131	9.7944	0.8005	0.8196	0.0000	5.6676	0.0000	9.8550			
5	29	0.0586	2	1	0	2	0	0	0	0	0	N	N	Y	N	N	N	N	N	N	N	N	N	0.0000	0.0000	0.0000	0.0000	0.0000	0.0000	0.0000	0.0000	0.0000	0.0000	0.0000	0.0000	0.0000	0.0000	0.0000	7.7237	15.3010	0.0000	0.2954	0.3003	0.0000	9.2580	22.8129	0.0000	0.0000	0.0000	-0.7375	10.0000	1.9609	15.0000	3.0643	0.0000	0.0000	0.0000	0.0000	0.0000	0.0000	0.0000	0.0000	0.0000	0.9850	0.9850	0.0000	0.0064	0.0064	0.0000	0.9786	0.9786	0.0000	0.1403	0.1208	0.0195	0.0241	0.0230	0.0011	0.1162	0.0978	0.0185	0.1275	0.0644	0.0632	0.0218	0.0215	0.0004	0.1057	0.0429	0.0628	0.0000	0.0000	0.0000	0.0000	0.0000	0.0000	0.0000	0.0000	0.0000	7.7237	15.3010	0.0000	0.2954	0.3003	0.0000	9.2580	22.8129	0.0000				
5	32	0.0785	3	0	1	1	0	0	0	0	0	N	N	N	N	N	N	N	N	N	N	N	N	0.0000	0.0000	0.0000	0.0000	0.0000	0.0000	0.0000	0.0000	0.0000	0.0000	0.0000	0.0000	0.0000	0.0000	0.0000	0.0000	0.0000	0.0000	0.0000	0.0000	10.0000	0.0000	15.0000	4.0000	0.0000	0.0000	0.0000	0.0000	0.0000	0.0000	0.0000	0.0000	0.0000	0.0000	0.0000	0.0000	0.0000	0.0000	0.0000	0.0000	0.0000	0.0000	0.0000	0.0000	0.0000	0.0000	0.0000	0.0000	0.0000	0.0000	0.0000	0.0731	0.0336	0.0395	0.0028	0.0023	0.0005	0.0703	0.0313	0.0390	0.0000	0.0000	0.0000	0.0000	0.0000	0.0000	0.0000	0.0000	0.0000	0.0000	0.0000	0.0000	0.0000	0.0000	0.0000	0.0000	0.0000	0.0000											
5	33	0.0749	2	0	0	1	0	0	0	0	0	N	N	N	N	N	N	N	N	N	N	N	N	145.3472	inf	558.0496	0.0000	0.0000	217.3826	inf	581.4101	1.3553	0.4611	9.8028	0.0000	0.0000	0.0000	2.1104	0.7598	10.0531	0.0093	0.0000	0.0176	0.0039	0.0000	0.0397	0.0097	0.0000	0.0173	2.2500	inf	0.0001	0.0001	10.0000	0.0019	15.0000	1.9565	0.0004	0.0001	0.0003	0.0000	0.0000	0.0000	0.0004	0.0001	0.0003	0.0004	0.0000	0.0004	0.0000	0.0000	0.0000	0.0003	0.0000	0.0003	0.0003	0.0003	0.0000	0.0001	0.0001	0.0000	0.0002	0.0002	0.0000	0.0386	0.0181	0.0205	0.0026	0.0023	0.0003	0.0361	0.0158	0.0202	145.3472	inf	558.0496	0.0000	0.0000	0.0000	217.3826	inf	581.4101	0.0093	0.0000	0.0176	0.0039	0.0000	0.0397	0.0097	0.0000	0.0173	
5	34	0.0707	3	1	1	2	0	0	0	0	0	N	N	Y	N	N	N	N	N	N	N	N	N	0.0000	0.0000	0.0000	0.0000	0.0000	0.0000	0.0000	0.0000	0.0000	0.0000	0.0000	0.0000	0.0000	0.0000	0.0000	0.0000	6.0501	0.0001	21.7451	0.0004	0.0004	0.0000	7.0823	0.0000	20.9418	98975.0000	0.0000	0.2487	10.0000	3.0034	15.0000	4.0042	0.0000	0.0000	0.0000	0.0000	0.0000	0.0000	0.0000	0.0000	0.0000	0.9898	0.0000	0.9898	0.0000	0.0000	0.0000	0.9898	0.0000	0.9898	0.1886	0.1657	0.0228	0.0134	0.0130	0.0004	0.1752	0.1527	0.0225	0.1636	0.0855	0.0781	0.0238	0.0231	0.0008	0.1397	0.0625	0.0773	0.0000	0.0000	0.0000	0.0000	0.0000	0.0000	0.0000	0.0000	0.0000	6.0501	0.0001	12.6809	0.0004	0.0004	0.0000	7.0823	0.0000	12.8097			
5	35	0.0707	3	1	1	2	0	0	0	0	0	N	N	Y	N	N	N	N	N	N	N	N	N	0.0013	0.0008	0.0029	0.0029	0.0001	0.0001	0.0000	0.0012	0.0013	0.0000	0.0000	0.0000	0.0000	0.0582	0.1120	0.0000	0.4190	0.4341	0.0000	0.0000	0.0000	0.0000	0.0000	0.0000	-0.0000	-0.0079	10.0000	4.4649	15.0000	3.5311	0.0000	0.0000	0.0000	0.0000	0.0000	0.0000	0.0000	0.0000	0.0000	0.0106	0.0106	0.0000	0.0106	0.0106	0.0000	0.0000	0.0000	0.0000	0.2706	0.2371	0.0335	0.0162	0.0157	0.0006	0.2544	0.2214	0.0330	0.1822	0.0947	0.0875	0.0253	0.0244	0.0009	0.1569	0.0703	0.0866	0.0013	0.0008	0.0000	0.0029	0.0029	0.0000	0.0000	0.0000	0.0000	0.0582	0.1120	0.0000	0.4190	0.4341	0.0000	0.0000	0.0000	0.0000					
5	36	0.0563	2	1	1	2	0	0	0	0	0	N	N	Y	N	N	N	N	N	N	N	N	N	0.0033	0.0772	0.0070	0.0032	0.0657	0.0071	0.0002	0.0001	0.0009	0.0000	0.0000	0.0000	0.0002	0.0001	0.0009	0.0641	0.0015	0.1292	0.0000	0.0000	0.0000	0.0732	0.0020	0.1296	1.0000	80.6154	0.0000	0.0025	10.0000	1.6626	15.0000	6.4813	0.0000	0.0000	0.0000	0.0000	0.0000	0.0000	0.0000	0.0000	0.0000	0.0106	0.0001	0.0105	0.0000	0.0000	0.0000	0.0106	0.0001	0.0105	0.0951	0.0841	0.0111	0.0093	0.0092	0.0002	0.0858	0.0749	0.0109	0.1655	0.0844	0.0811	0.0206	0.0204	0.0003	0.1449	0.0640	0.0808	0.0033	0.0772	0.0070	0.0000	0.0000	0.0000	0.0032	0.0657	0.0071	0.0641	0.0015	0.1292	0.0000	0.0000	0.0000	0.0732	0.0020	0.1296			
5	37	0.0648	2	1	1	1	0	0	0	0	0	N	N	N	N	N	N	N	N	N	N	N	N	0.0428	0.0248	0.1178	0.1168	0.0003	0.0003	0.0000	0.0058	0.0059	0.0000	0.0000	0.0000	0.0000	0.0070	0.0137	0.0000	0.0496	0.0509	0.0000	0.0000	0.0000	0.0000	0.0000	0.0000	-0.0001	-0.0023	10.0000	5.8118	15.0000	10.8965	0.0001	0.0001	0.0000	0.0001	0.0001	0.0000	0.0000	0.0000	0.0000	0.0031	0.0031	0.0000	0.0031	0.0031	0.0000	0.0000	0.0000	0.0000	0.3696	0.3231	0.0465	0.0188	0.0185	0.0003	0.3507	0.3046	0.0462	0.4431	0.2243	0.2189	0.0621	0.0606	0.0016	0.3810	0.1637	0.2173	0.0428	0.0248	0.0000	0.1178	0.1168	0.0000	0.0000	0.0000	0.0000	0.0070	0.0137	0.0000	0.0496	0.0509	0.0000	0.0000	0.0000	0.0000					
5	39	0.0545	2	0	1	1	0	0	0	0	0	N	N	N	N	N	N	N	N	N	N	N	N	0.0000	0.0000	0.0000	0.0000	0.0000	0.0000	0.0000	0.0000	0.0000	0.0000	0.0000	0.0000	0.0000	0.0008	0.0015	0.0000	0.0058	0.0060	0.0000	0.0000	0.0000	0.0000	0.0000	0.0000	-0.0001	10.0000	6.9653	15.0000	2.9126	0.0000	0.0000	0.0000	0.0000	0.0000	0.0000	0.0000	0.0000	0.0000	0.0002	0.0002	0.0000	0.0002	0.0002	0.0000	0.0000	0.0000	0.0000	0.3997	0.3476	0.0521	0.0146	0.0139	0.0008	0.3851	0.3337	0.0513	0.2317	0.1176	0.1141	0.0310	0.0300	0.0010	0.2007	0.0876	0.1131	0.0000	0.0000	0.0000	0.0000	0.0000	0.0000	0.0000	0.0000	0.0000	0.0008	0.0015	0.0000	0.0058	0.0060	0.0000	0.0000	0.0000	0.0000						
5	41	0.0749	2	0	0	2	0	0	0	0	0	N	N	Y	N	N	N	N	N	N	N	N	N	0.3602	inf	1.0465	0.0000	0.0000	0.4014	inf	1.1172	0.0017	0.0006	0.0092	0.0000	0.0000	0.0000	0.0019	0.0007	0.0096	0.0047	0.0000	0.0088	0.0026	0.0000	0.0194	0.0048	0.0000	0.0086	2.2500	inf	0.0001	0.0001	10.0000	4.0003	15.0000	0.0531	0.0004	0.0001	0.0003	0.0000	0.0000	0.0000	0.0004	0.0001	0.0003	0.0004	0.0000	0.0004	0.0000	0.0000	0.0000	0.0003	0.0000	0.0003	0.2304	0.2009	0.0294	0.0287	0.0272	0.0014	0.2017	0.1737	0.0280	0.0766	0.0355	0.0411	0.0039	0.0034	0.0005	0.0727	0.0321	0.0406	0.3602	inf	1.0465	0.0000	0.0000	0.0000	0.4014	inf	1.1172	0.0047	0.0000	0.0088	0.0026	0.0000	0.0194	0.0048	0.0000	0.0086	
5	46	0.0563	2	1	0	2	0	0	0	0	0	N	N	Y	N	N	N	N	N	N	N	N	N	0.0000	0.0000	0.0000	0.0000	0.0000	0.0000	0.0000	0.0000	0.0000	0.0000	0.0000	0.0000	0.0000	0.0000	0.0000	0.0000	0.0000	0.0000	0.0000	0.0000	10.0000	1.8806	15.0000	4.9930	0.0000	0.0000	0.0000	0.0000	0.0000	0.0000	0.0000	0.0000	0.0000	0.0000	0.0000	0.0000	0.0000	0.0000	0.0000	0.0000	0.0000	0.0000	0.1058	0.0934	0.0124	0.0097	0.0095	0.0002	0.0961	0.0839	0.0122	0.1460	0.0755	0.0705	0.0203	0.0200	0.0002	0.1257	0.0554	0.0703	0.0000	0.0000	0.0000	0.0000	0.0000	0.0000	0.0000	0.0000	0.0000	0.0000	0.0000	0.0000	0.0000	0.0000	0.0000	0.0000	0.0000	0.0000											
5	51	0.0710	2	0	1	1	1	0	0	0	0	N	N	N	N	N	N	N	N	N	N	N	N	0.0000	0.0000	0.0000	0.0000	0.0000	0.0000	0.0000	0.0000	0.0000	0.0000	0.0000	0.0000	0.0000	0.0000	0.0000	0.0000	0.0000	0.0000	0.0000	0.0000	10.0000	0.9739	15.0000	0.0244	0.0000	0.0000	0.0000	0.0000	0.0000	0.0000	0.0000	0.0000	0.0000	0.0000	0.0000	0.0000	0.0000	0.0000	0.0000	0.0000	0.0000	0.0000	0.3708	0.3454	0.0255	0.1639	0.1628	0.0010	0.2069	0.1825	0.0244	0.3556	0.2884	0.0673	0.1792	0.1730	0.0062	0.1764	0.1153	0.0611	0.0000	0.0000	0.0000	0.0000	0.0000	0.0000	0.0000	0.0000	0.0000	0.0000	0.0000	0.0000	0.0000	0.0000	0.0000	0.0000	0.0000	0.0000											
5	53	0.0791	2	1	1	1	0	0	0	0	0	N	N	N	N	N	N	N	N	N	N	N	N	0.0000	0.0000	0.0000	0.0000	0.0000	0.0000	0.0000	0.0000	0.0000	0.0000	0.0000	0.0000	0.0000	4.6406	0.0000	21.5196	0.0000	0.0000	0.0000	6.7170	0.0000	21.6984	inf	0.0000	0.2503	10.0000	1.0294	15.0000	5.0054	0.0000	0.0000	0.0000	0.0000	0.0000	0.0000	0.0000	0.0000	0.0000	0.9962	0.0000	0.9962	0.0000	0.0000	0.0000	0.9962	0.0000	0.9962	0.1314	0.1163	0.0151	0.0369	0.0366	0.0003	0.0945	0.0798	0.0147	0.2147	0.1356	0.0790	0.0664	0.0634	0.0030	0.1483	0.0722	0.0761	0.0000	0.0000	0.0000	0.0000	0.0000	0.0000	0.0000	0.0000	0.0000	4.6406	0.0000	12.6041	0.0000	0.0000	0.0000	6.7170	0.0000	13.0970						
5	58	0.2379	4	0	0	1	0	0	0	0	0	N	N	N	N	N	N	N	N	N	N	N	N	455.5542	129.1996	inf	30.1110	0.8754	inf	inf	inf	inf	1.3629	0.5763	8.3132	0.1962	0.0061	6.2460	1.9613	0.9054	8.5470	0.0030	0.0045	0.0000	0.0065	0.0070	0.0000	0.0000	0.0000	0.0000	1.6324	0.0000	0.4061	-0.0049	10.0000	16.5869	15.0000	24.5040	2.6040	0.9892	1.6148	0.1271	0.0038	0.1233	2.4769	0.9854	1.4915	0.0066	0.0066	0.0000	0.0066	0.0066	0.0000	0.0000	0.0000	0.0000	1.9106	1.7164	0.1942	0.6477	0.6280	0.0197	1.2629	1.0883	0.1745	2.2094	1.4818	0.7276	1.0143	0.9488	0.0655	1.1951	0.5330	0.6621	455.5542	129.1996	inf	30.1110	0.8754	inf	inf	inf	inf	0.0030	0.0045	0.0000	0.0065	0.0070	0.0000	0.0000	0.0000	0.0000
6	10	0.0557	2	0	1	1	1	0	0	0	0	N	N	N	N	N	N	N	N	N	N	N	N	0.0000	0.0000	0.0000	0.0000	0.0000	0.0000	0.0000	0.0000	0.0000	0.0000	0.0000	0.0000	0.0000	0.0000	0.0000	0.0000	0.0000	0.0000	0.0000	0.0000	12.0000	4.0402	6.0000	3.6071	0.0000	0.0000	0.0000	0.0000	0.0000	0.0000	0.0000	0.0000	0.0000	0.0000	0.0000	0.0000	0.0000	0.0000	0.0000	0.0000	0.0000	0.0000	0.2810	0.2444	0.0366	0.0108	0.0103	0.0005	0.2702	0.2341	0.0361	0.1413	0.0727	0.0686	0.0221	0.0214	0.0007	0.1193	0.0514	0.0679	0.0000	0.0000	0.0000	0.0000	0.0000	0.0000	0.0000	0.0000	0.0000	0.0000	0.0000	0.0000	0.0000	0.0000	0.0000	0.0000	0.0000	0.0000											
6	11	0.0722	2	0	1	1	2	0	0	0	0	N	N	N	Y	N	N	N	N	N	N	N	N	41.5668	30.4669	52.1946	50.3117	0.0373	0.0415	0.0000	0.1467	0.1495	0.0000	0.0000	0.0000	0.0000	0.0009	0.0014	0.0000	0.0028	0.0030	0.0000	0.0000	0.0000	0.0000	0.0000	0.0000	-0.0142	-0.0003	12.0000	7.1434	6.0000	7.2869	0.0306	0.0306	0.0000	0.0306	0.0306	0.0000	0.0000	0.0000	0.0000	0.0004	0.0004	0.0000	0.0004	0.0004	0.0000	0.0000	0.0000	0.0000	0.8216	0.7386	0.0830	0.2088	0.2049	0.0040	0.6127	0.5337	0.0791	0.4235	0.2791	0.1445	0.1352	0.1278	0.0073	0.2884	0.1512	0.1371	41.5668	30.4669	0.0000	52.1946	50.3117	0.0000	0.0000	0.0000	0.0000	0.0009	0.0014	0.0000	0.0028	0.0030	0.0000	0.0000	0.0000	0.0000					
6	12	0.0660	2	1	1	1	1	0	0	0	0	N	N	N	N	N	N	N	N	N	N	N	N	inf	inf	inf	inf	0.0281	0.0000	0.2413	0.0000	0.0000	0.0000	0.0316	0.0000	0.2429	0.0000	0.0000	0.0000	0.0000	0.0000	0.0000	0.0000	0.0000	0.0000	inf	0.0027	0.0000	12.0000	1.9891	6.0000	3.0036	0.0050	0.0000	0.0050	0.0000	0.0000	0.0000	0.0050	0.0000	0.0050	0.0000	0.0000	0.0000	0.0000	0.0000	0.0000	0.0000	0.0000	0.0000	0.1798	0.1589	0.0209	0.0201	0.0200	0.0001	0.1597	0.1389	0.0208	0.1645	0.0932	0.0713	0.0448	0.0441	0.0006	0.1197	0.0491	0.0706	inf	0.0000	inf	0.0000	0.0000	0.0000	inf	0.0000	inf	0.0000	0.0000	0.0000	0.0000	0.0000	0.0000	0.0000	0.0000	0.0000						
6	14	0.0575	2	1	0	2	1	0	0	0	0	N	N	Y	N	N	N	N	N	N	N	N	N	0.0000	0.0000	0.0000	0.0000	0.0000	0.0000	0.0000	0.0000	0.0000	0.0000	0.0000	0.0000	0.0000	0.0000	0.0000	0.0000	0.0000	0.0000	0.0000	0.0000	12.0000	3.8806	6.0000	3.0092	0.0000	0.0000	0.0000	0.0000	0.0000	0.0000	0.0000	0.0000	0.0000	0.0000	0.0000	0.0000	0.0000	0.0000	0.0000	0.0000	0.0000	0.0000	0.3072	0.2694	0.0378	0.0179	0.0173	0.0006	0.2893	0.2521	0.0372	0.1326	0.0670	0.0656	0.0153	0.0151	0.0002	0.1173	0.0519	0.0654	0.0000	0.0000	0.0000	0.0000	0.0000	0.0000	0.0000	0.0000	0.0000	0.0000	0.0000	0.0000	0.0000	0.0000	0.0000	0.0000	0.0000	0.0000											
6	15	0.0961	3	0	1	1	1	0	0	0	0	N	N	N	N	N	N	N	N	N	N	N	N	0.0000	0.0000	0.0000	0.0000	0.0000	0.0000	0.0000	0.0000	0.0000	0.0000	0.0000	0.0000	0.0000	0.0000	0.0000	0.0000	0.0000	0.0000	0.0000	0.0000	12.0000	2.0122	6.0000	8.2883	0.0000	0.0000	0.0000	0.0000	0.0000	0.0000	0.0000	0.0000	0.0000	0.0000	0.0000	0.0000	0.0000	0.0000	0.0000	0.0000	0.0000	0.0000	0.1560	0.1358	0.0201	0.0063	0.0063	0.0001	0.1496	0.1296	0.0201	0.2263	0.1246	0.1017	0.0428	0.0412	0.0016	0.1835	0.0834	0.1001	0.0000	0.0000	0.0000	0.0000	0.0000	0.0000	0.0000	0.0000	0.0000	0.0000	0.0000	0.0000	0.0000	0.0000	0.0000	0.0000	0.0000	0.0000											
6	16	0.0951	3	0	1	1	1	0	0	0	0	N	N	N	N	N	N	N	N	N	N	N	N	2.0938	1.4223	8.8542	8.4366	0.0016	0.0018	0.0000	0.0256	0.0259	0.0000	0.0000	0.0000	0.0000	0.0008	0.0013	0.0000	0.0029	0.0031	0.0000	0.0000	0.0000	0.0000	0.0000	0.0000	-0.0001	-0.0001	12.0000	2.0840	6.0000	8.3569	0.0003	0.0003	0.0000	0.0003	0.0003	0.0000	0.0000	0.0000	0.0000	0.0002	0.0002	0.0000	0.0002	0.0002	0.0000	0.0000	0.0000	0.0000	0.1562	0.1356	0.0206	0.0098	0.0097	0.0001	0.1465	0.1259	0.0205	0.2225	0.1312	0.0913	0.0589	0.0555	0.0034	0.1636	0.0757	0.0879	2.0938	1.4223	0.0000	8.8542	8.4366	0.0000	0.0000	0.0000	0.0000	0.0008	0.0013	0.0000	0.0029	0.0031	0.0000	0.0000	0.0000	0.0000					
6	18	0.0961	3	0	1	1	1	0	0	0	0	N	N	N	N	N	N	N	N	N	N	N	N	0.0000	0.0000	0.0000	0.0000	0.0000	0.0000	0.0000	0.0000	0.0000	0.0000	0.0000	0.0000	0.0000	0.0000	0.0000	0.0000	0.0000	0.0000	0.0000	0.0000	12.0000	5.9999	6.0000	8.2406	0.0000	0.0000	0.0000	0.0000	0.0000	0.0000	0.0000	0.0000	0.0000	0.0000	0.0000	0.0000	0.0000	0.0000	0.0000	0.0000	0.0000	0.0000	0.4317	0.3750	0.0568	0.0074	0.0072	0.0002	0.4243	0.3677	0.0566	0.2814	0.1494	0.1320	0.0453	0.0431	0.0022	0.2361	0.1063	0.1298	0.0000	0.0000	0.0000	0.0000	0.0000	0.0000	0.0000	0.0000	0.0000	0.0000	0.0000	0.0000	0.0000	0.0000	0.0000	0.0000	0.0000	0.0000											
6	19	0.0814	2	0	0	1	1	0	0	0	0	N	N	N	N	N	N	N	N	N	N	N	N	5.5788	3.5907	13.4836	13.1920	0.0047	0.0053	0.0000	0.0453	0.0454	0.0000	0.0000	0.0000	0.0000	0.0008	0.0015	0.0000	0.0034	0.0034	0.0000	0.0000	0.0000	0.0000	0.0000	0.0000	-0.0002	-0.0002	12.0000	0.9481	6.0000	8.0223	0.0004	0.0004	0.0000	0.0004	0.0004	0.0000	0.0000	0.0000	0.0000	0.0002	0.0002	0.0000	0.0002	0.0002	0.0000	0.0000	0.0000	0.0000	0.0858	0.0755	0.0103	0.0088	0.0088	0.0000	0.0770	0.0667	0.0103	0.2513	0.1423	0.1089	0.0625	0.0610	0.0015	0.1887	0.0813	0.1074	5.5788	3.5907	0.0000	13.4836	13.1920	0.0000	0.0000	0.0000	0.0000	0.0008	0.0015	0.0000	0.0034	0.0034	0.0000	0.0000	0.0000	0.0000					
6	22	0.0802	2	1	1	1	1	0	0	0	0	N	N	N	N	N	N	N	N	N	N	N	N	3.7238	2.8698	6.5049	6.3597	0.0019	0.0022	0.0000	0.0091	0.0092	0.0000	0.0000	0.0000	0.0000	0.0005	0.0008	0.0000	0.0014	0.0015	0.0000	0.0000	0.0000	0.0000	0.0000	0.0000	-0.0002	-0.0000	12.0000	1.8226	6.0000	1.1826	0.0004	0.0004	0.0000	0.0004	0.0004	0.0000	0.0000	0.0000	0.0000	0.0001	0.0001	0.0000	0.0001	0.0001	0.0000	0.0000	0.0000	0.0000	0.2104	0.1854	0.0250	0.0449	0.0444	0.0005	0.1655	0.1409	0.0246	0.1147	0.0778	0.0368	0.0428	0.0414	0.0014	0.0719	0.0365	0.0354	3.7238	2.8698	0.0000	6.5049	6.3597	0.0000	0.0000	0.0000	0.0000	0.0005	0.0008	0.0000	0.0014	0.0015	0.0000	0.0000	0.0000	0.0000					
6	24	0.0797	3	0	0	2	1	0	0	0	0	N	N	Y	N	N	N	N	N	N	N	N	N	0.0000	0.0000	0.0000	0.0000	0.0000	0.0000	0.0000	0.0000	0.0000	0.0000	0.0000	0.0000	0.0000	0.0000	0.0000	0.0000	0.0000	0.0000	0.0000	0.0000	12.0000	0.0000	6.0000	0.0000	0.0000	0.0000	0.0000	0.0000	0.0000	0.0000	0.0000	0.0000	0.0000	0.0000	0.0000	0.0000	0.0000	0.0000	0.0000	0.0000	0.0000	0.0000	0.0000	0.0000	0.0000	0.0000	0.0000	0.0000	0.0000	0.0000	0.0000	0.0000	0.0000	0.0000	0.0000	0.0000	0.0000	0.0000	0.0000	0.0000	0.0000	0.0000	0.0000	0.0000	0.0000	0.0000	0.0000	0.0000	0.0000	0.0000	0.0000	0.0000	0.0000	0.0000	0.0000	0.0000	0.0000	0.0000											
6	26	0.0598	2	1	0	2	1	0	0	0	0	N	N	Y	N	N	N	N	N	N	N	N	N	inf	inf	inf	inf	inf	inf	0.0015	0.0018	0.0000	0.0003	0.0003	0.0000	0.0017	0.0020	0.0000	0.0000	0.0000	0.0000	0.0000	0.0000	0.0000	0.0000	0.0000	0.0000	0.0000	-0.0002	0.0000	12.0000	4.5914	6.0000	6.1047	0.0005	0.0005	0.0000	0.0000	0.0000	0.0000	0.0004	0.0004	0.0000	0.0000	0.0000	0.0000	0.0000	0.0000	0.0000	0.0000	0.0000	0.0000	0.2966	0.2566	0.0400	0.0396	0.0376	0.0020	0.2570	0.2190	0.0380	0.1505	0.0749	0.0756	0.0203	0.0198	0.0005	0.1302	0.0551	0.0751	inf	inf	0.0000	inf	inf	0.0000	inf	inf	0.0000	0.0000	0.0000	0.0000	0.0000	0.0000	0.0000	0.0000	0.0000	0.0000				
6	29	0.0598	2	1	0	2	1	0	0	0	0	N	N	Y	N	N	N	N	N	N	N	N	N	inf	inf	inf	inf	inf	inf	0.0027	0.0031	0.0000	0.0004	0.0004	0.0000	0.0032	0.0038	0.0000	0.0000	0.0000	0.0000	0.0000	0.0000	0.0000	0.0000	0.0000	0.0000	0.0000	-0.0002	0.0000	12.0000	1.9609	6.0000	3.0643	0.0005	0.0005	0.0000	0.0000	0.0000	0.0000	0.0004	0.0004	0.0000	0.0000	0.0000	0.0000	0.0000	0.0000	0.0000	0.0000	0.0000	0.0000	0.1666	0.1434	0.0232	0.0285	0.0272	0.0013	0.1381	0.1162	0.0219	0.0951	0.0480	0.0471	0.0165	0.0163	0.0003	0.0786	0.0317	0.0469	inf	inf	0.0000	inf	inf	0.0000	inf	inf	0.0000	0.0000	0.0000	0.0000	0.0000	0.0000	0.0000	0.0000	0.0000	0.0000				
6	32	0.0797	3	0	1	1	1	0	0	0	0	N	N	N	N	N	N	N	N	N	N	N	N	0.0000	0.0000	0.0000	0.0000	0.0000	0.0000	0.0000	0.0000	0.0000	0.0000	0.0000	0.0000	0.0000	0.0000	0.0000	0.0000	0.0000	0.0000	0.0000	0.0000	12.0000	0.0000	6.0000	4.0000	0.0000	0.0000	0.0000	0.0000	0.0000	0.0000	0.0000	0.0000	0.0000	0.0000	0.0000	0.0000	0.0000	0.0000	0.0000	0.0000	0.0000	0.0000	0.0000	0.0000	0.0000	0.0000	0.0000	0.0000	0.0000	0.0000	0.0000	0.0541	0.0248	0.0293	0.0020	0.0016	0.0004	0.0521	0.0232	0.0289	0.0000	0.0000	0.0000	0.0000	0.0000	0.0000	0.0000	0.0000	0.0000	0.0000	0.0000	0.0000	0.0000	0.0000	0.0000	0.0000	0.0000	0.0000											
6	33	0.0761	2	0	0	1	1	0	0	0	0	N	N	N	N	N	N	N	N	N	N	N	N	0.0000	0.0000	0.0000	0.0000	0.0000	0.0000	0.0000	0.0000	0.0000	0.0000	0.0000	0.0000	0.0000	0.0000	0.0000	0.0000	0.0000	0.0000	0.0000	0.0000	12.0000	0.0019	6.0000	1.9565	0.0000	0.0000	0.0000	0.0000	0.0000	0.0000	0.0000	0.0000	0.0000	0.0000	0.0000	0.0000	0.0000	0.0000	0.0000	0.0000	0.0000	0.0000	0.0003	0.0003	0.0000	0.0001	0.0001	0.0000	0.0002	0.0002	0.0000	0.0285	0.0134	0.0152	0.0019	0.0017	0.0002	0.0267	0.0117	0.0150	0.0000	0.0000	0.0000	0.0000	0.0000	0.0000	0.0000	0.0000	0.0000	0.0000	0.0000	0.0000	0.0000	0.0000	0.0000	0.0000	0.0000	0.0000											
6	34	0.0719	3	1	1	2	1	0	0	0	0	N	N	Y	N	N	N	N	N	N	N	N	N	0.0000	0.0000	0.0000	0.0000	0.0000	0.0000	0.0000	0.0000	0.0000	0.0000	0.0000	0.0000	0.0000	0.0000	0.0000	0.0000	0.0000	0.0000	0.0000	0.0000	12.0000	3.0034	6.0000	4.0042	0.0000	0.0000	0.0000	0.0000	0.0000	0.0000	0.0000	0.0000	0.0000	0.0000	0.0000	0.0000	0.0000	0.0000	0.0000	0.0000	0.0000	0.0000	0.2238	0.1968	0.0271	0.0159	0.0155	0.0004	0.2079	0.1813	0.0266	0.1212	0.0633	0.0579	0.0177	0.0171	0.0006	0.1035	0.0462	0.0573	0.0000	0.0000	0.0000	0.0000	0.0000	0.0000	0.0000	0.0000	0.0000	0.0000	0.0000	0.0000	0.0000	0.0000	0.0000	0.0000	0.0000	0.0000											
6	35	0.0719	3	1	1	2	1	0	0	0	0	N	N	Y	N	N	N	N	N	N	N	N	N	0.0000	0.0000	0.0000	0.0000	0.0000	0.0000	0.0000	0.0000	0.0000	0.0000	0.0000	0.0000	0.0000	0.0000	0.0000	0.0000	0.0000	0.0000	0.0000	0.0000	12.0000	4.4649	6.0000	3.5311	0.0000	0.0000	0.0000	0.0000	0.0000	0.0000	0.0000	0.0000	0.0000	0.0000	0.0000	0.0000	0.0000	0.0000	0.0000	0.0000	0.0000	0.0000	0.3212	0.2815	0.0397	0.0193	0.0186	0.0007	0.3019	0.2629	0.0391	0.1350	0.0701	0.0649	0.0188	0.0182	0.0006	0.1162	0.0520	0.0642	0.0000	0.0000	0.0000	0.0000	0.0000	0.0000	0.0000	0.0000	0.0000	0.0000	0.0000	0.0000	0.0000	0.0000	0.0000	0.0000	0.0000	0.0000											
6	36	0.0575	2	1	1	2	1	0	0	0	0	N	N	Y	N	N	N	N	N	N	N	N	N	0.0000	0.0000	0.0000	0.0000	0.0000	0.0000	0.0000	0.0000	0.0000	0.0000	0.0000	0.0000	0.0000	0.0000	0.0000	0.0000	0.0000	0.0000	0.0000	0.0000	12.0000	1.6626	6.0000	6.4813	0.0000	0.0000	0.0000	0.0000	0.0000	0.0000	0.0000	0.0000	0.0000	0.0000	0.0000	0.0000	0.0000	0.0000	0.0000	0.0000	0.0000	0.0000	0.1128	0.0997	0.0131	0.0111	0.0109	0.0002	0.1017	0.0889	0.0129	0.1226	0.0624	0.0602	0.0151	0.0149	0.0002	0.1074	0.0474	0.0600	0.0000	0.0000	0.0000	0.0000	0.0000	0.0000	0.0000	0.0000	0.0000	0.0000	0.0000	0.0000	0.0000	0.0000	0.0000	0.0000	0.0000	0.0000											
6	37	0.0660	2	1	1	1	1	0	0	0	0	N	N	N	N	N	N	N	N	N	N	N	N	inf	inf	inf	inf	0.0115	0.0000	0.0918	0.0000	0.0000	0.0000	0.0121	0.0000	0.0924	0.0000	0.0000	0.0000	0.0000	0.0000	0.0000	0.0000	0.0000	0.0000	inf	0.0027	0.0000	12.0000	5.8118	6.0000	10.8965	0.0050	0.0000	0.0050	0.0000	0.0000	0.0000	0.0050	0.0000	0.0050	0.0000	0.0000	0.0000	0.0000	0.0000	0.0000	0.0000	0.0000	0.0000	0.4386	0.3835	0.0550	0.0225	0.0221	0.0004	0.4160	0.3614	0.0546	0.3282	0.1656	0.1626	0.0455	0.0444	0.0012	0.2827	0.1213	0.1614	inf	0.0000	inf	0.0000	0.0000	0.0000	inf	0.0000	inf	0.0000	0.0000	0.0000	0.0000	0.0000	0.0000	0.0000	0.0000	0.0000						
6	39	0.0557	2	0	1	1	1	0	0	0	0	N	N	N	N	N	N	N	N	N	N	N	N	0.0000	0.0000	0.0000	0.0000	0.0000	0.0000	0.0000	0.0000	0.0000	0.0000	0.0000	0.0000	0.0000	0.0000	0.0000	0.0000	0.0000	0.0000	0.0000	0.0000	12.0000	6.9653	6.0000	2.9126	0.0000	0.0000	0.0000	0.0000	0.0000	0.0000	0.0000	0.0000	0.0000	0.0000	0.0000	0.0000	0.0000	0.0000	0.0000	0.0000	0.0000	0.0000	0.4742	0.4125	0.0617	0.0173	0.0164	0.0009	0.4569	0.3961	0.0608	0.1719	0.0872	0.0847	0.0232	0.0225	0.0007	0.1487	0.0648	0.0840	0.0000	0.0000	0.0000	0.0000	0.0000	0.0000	0.0000	0.0000	0.0000	0.0000	0.0000	0.0000	0.0000	0.0000	0.0000	0.0000	0.0000	0.0000											
6	41	0.0761	2	0	0	2	1	0	0	0	0	N	N	Y	N	N	N	N	N	N	N	N	N	0.0000	0.0000	0.0000	0.0000	0.0000	0.0000	0.0000	0.0000	0.0000	0.0000	0.0000	0.0000	0.0000	0.0000	0.0000	0.0000	0.0000	0.0000	0.0000	0.0000	12.0000	4.0003	6.0000	0.0531	0.0000	0.0000	0.0000	0.0000	0.0000	0.0000	0.0000	0.0000	0.0000	0.0000	0.0000	0.0000	0.0000	0.0000	0.0000	0.0000	0.0000	0.0000	0.2735	0.2386	0.0349	0.0338	0.0321	0.0017	0.2397	0.2065	0.0332	0.0566	0.0262	0.0304	0.0029	0.0025	0.0004	0.0538	0.0237	0.0300	0.0000	0.0000	0.0000	0.0000	0.0000	0.0000	0.0000	0.0000	0.0000	0.0000	0.0000	0.0000	0.0000	0.0000	0.0000	0.0000	0.0000	0.0000											
6	46	0.0575	2	1	0	2	1	0	0	0	0	N	N	Y	N	N	N	N	N	N	N	N	N	0.0000	0.0000	0.0000	0.0000	0.0000	0.0000	0.0000	0.0000	0.0000	0.0000	0.0000	0.0000	0.0000	0.0000	0.0000	0.0000	0.0000	0.0000	0.0000	0.0000	12.0000	1.8806	6.0000	4.9930	0.0000	0.0000	0.0000	0.0000	0.0000	0.0000	0.0000	0.0000	0.0000	0.0000	0.0000	0.0000	0.0000	0.0000	0.0000	0.0000	0.0000	0.0000	0.1254	0.1108	0.0147	0.0115	0.0113	0.0002	0.1139	0.0995	0.0145	0.1081	0.0558	0.0523	0.0149	0.0147	0.0002	0.0932	0.0411	0.0521	0.0000	0.0000	0.0000	0.0000	0.0000	0.0000	0.0000	0.0000	0.0000	0.0000	0.0000	0.0000	0.0000	0.0000	0.0000	0.0000	0.0000	0.0000											
6	51	0.0722	2	0	1	1	2	0	0	0	0	N	N	N	Y	N	N	N	N	N	N	N	N	inf	inf	inf	inf	2.2101	0.0000	32.0643	0.0000	0.0000	0.0000	3.9587	0.0000	33.4278	0.0000	0.0000	0.0000	0.0000	0.0000	0.0000	0.0000	0.0000	0.0000	inf	0.5196	0.0000	12.0000	0.9739	6.0000	0.0244	0.9698	0.0000	0.9698	0.0000	0.0000	0.0000	0.9698	0.0000	0.9698	0.0000	0.0000	0.0000	0.0000	0.0000	0.0000	0.0000	0.0000	0.0000	0.4388	0.4085	0.0302	0.1938	0.1926	0.0012	0.2450	0.2160	0.0290	0.2646	0.2146	0.0500	0.1334	0.1288	0.0046	0.1312	0.0858	0.0454	inf	0.0000	inf	0.0000	0.0000	0.0000	inf	0.0000	inf	0.0000	0.0000	0.0000	0.0000	0.0000	0.0000	0.0000	0.0000	0.0000						
6	53	0.0802	2	1	1	1	1	0	0	0	0	N	N	N	N	N	N	N	N	N	N	N	N	inf	inf	inf	inf	6.3980	0.0000	55.8755	0.0000	0.0000	0.0000	8.9044	0.0000	57.1265	0.0000	0.0000	0.0000	0.0000	0.0000	0.0000	0.0000	0.0000	0.0000	inf	0.5357	0.0000	12.0000	1.0294	6.0000	5.0054	0.9997	0.0000	0.9997	0.0000	0.0000	0.0000	0.9997	0.0000	0.9997	0.0000	0.0000	0.0000	0.0000	0.0000	0.0000	0.0000	0.0000	0.0000	0.1562	0.1384	0.0179	0.0440	0.0436	0.0004	0.1123	0.0948	0.0175	0.1589	0.1003	0.0586	0.0491	0.0469	0.0022	0.1097	0.0533	0.0564	inf	0.0000	inf	0.0000	0.0000	0.0000	inf	0.0000	inf	0.0000	0.0000	0.0000	0.0000	0.0000	0.0000	0.0000	0.0000	0.0000						
6	58	0.2391	4	0	0	1	1	0	0	0	0	N	N	N	N	N	N	N	N	N	N	N	N	16.8285	0.4158	inf	0.0635	0.0481	inf	inf	inf	inf	0.4251	0.0157	4.0531	0.0035	0.0028	0.0249	0.6415	0.0231	4.5074	0.0253	0.0377	0.0000	0.0550	0.0588	0.0000	0.0000	0.0000	0.0000	29.1975	0.0000	0.4850	-0.0308	12.0000	16.5869	6.0000	24.5040	0.9648	0.0319	0.9329	0.0027	0.0021	0.0006	0.9621	0.0298	0.9323	0.0411	0.0411	0.0000	0.0411	0.0411	0.0000	0.0000	0.0000	0.0000	2.2694	2.0392	0.2302	0.7696	0.7463	0.0233	1.4998	1.2929	0.2068	1.6268	1.0907	0.5362	0.7472	0.6987	0.0485	0.8796	0.3920	0.4877	16.8285	0.4158	inf	0.0635	0.0481	inf	inf	inf	inf	0.0253	0.0377	0.0000	0.0550	0.0588	0.0000	0.0000	0.0000	0.0000
7	10	0.0449	2	0	2	0	0	0	0	0	0	N	Y	N	N	N	N	N	N	N	N	N	N	0.4994	inf	0.5775	0.0063	inf	0.0004	0.5044	1.0521	4.2265	0.0018	32.3671	0.0449	0.0426	0.0894	4.3942	0.0000	32.8408	8.4637	0.0000	56.0456	7.1199	0.0000	223.5258	8.7114	0.0000	31.2148	2704.5405	inf	0.5360	0.3460	10.0000	4.0402	11.0000	3.6071	1.0010	0.0004	1.0007	0.0004	0.0004	0.0000	1.0006	0.0000	1.0006	1.3771	0.0000	1.3771	0.1803	0.0000	0.1803	1.1968	0.0000	1.1968	0.2368	0.2059	0.0309	0.0091	0.0087	0.0004	0.2277	0.1973	0.0305	0.1627	0.0837	0.0790	0.0253	0.0245	0.0008	0.1374	0.0592	0.0782	0.4994	inf	1.8559	0.0063	inf	0.0004	0.5044	0.0000	2.1446	8.4637	0.0000	17.4406	7.1199	0.0000	223.5258	8.7114	0.0000	15.3134	
7	11	0.0615	2	0	2	0	1	0	0	0	0	N	Y	N	N	N	N	N	N	N	N	N	N	0.0007	0.2161	0.0000	0.3691	0.3559	0.0000	0.0000	0.0014	0.0015	0.0000	0.0054	0.0055	0.0000	0.0000	0.0000	0.0000	2.0214	0.0071	5.9128	0.0147	0.0156	0.0000	2.9610	0.0000	6.2284	0.0000	429.3450	-0.0004	0.2453	10.0000	7.1434	11.0000	7.2869	0.0010	0.0010	0.0000	0.0010	0.0010	0.0000	0.0000	0.0000	0.0000	0.9855	0.0023	0.9832	0.0023	0.0023	0.0000	0.9832	0.0000	0.9832	0.6932	0.6232	0.0700	0.1766	0.1732	0.0034	0.5166	0.4499	0.0667	0.4875	0.3212	0.1663	0.1555	0.1470	0.0084	0.3321	0.1742	0.1579	0.0007	0.2161	0.0000	0.3691	0.3559	0.0000	0.0000	0.0000	0.0000	2.0214	0.0071	5.9128	0.0147	0.0156	0.0000	2.9610	0.0000	6.2284		
7	12	0.0553	2	1	2	0	0	0	0	0	0	N	Y	N	N	N	N	N	N	N	N	N	N	1.3613	0.8744	3.3488	3.3242	0.0025	0.0028	0.0000	0.0226	0.0228	0.0000	0.0000	0.0000	0.0000	0.0018	0.0032	0.0000	0.0068	0.0068	0.0000	0.0000	0.0000	0.0000	0.0000	0.0000	-0.0002	-0.0003	10.0000	1.9891	11.0000	3.0036	0.0004	0.0004	0.0000	0.0004	0.0004	0.0000	0.0000	0.0000	0.0000	0.0004	0.0004	0.0000	0.0004	0.0004	0.0000	0.0000	0.0000	0.0000	0.1514	0.1337	0.0177	0.0168	0.0167	0.0001	0.1346	0.1170	0.0176	0.1898	0.1077	0.0821	0.0518	0.0511	0.0007	0.1380	0.0566	0.0814	1.3613	0.8744	0.0000	3.3488	3.3242	0.0000	0.0000	0.0000	0.0000	0.0018	0.0032	0.0000	0.0068	0.0068	0.0000	0.0000	0.0000	0.0000					
7	14	0.0467	2	1	1	1	0	0	0	0	0	N	N	N	N	N	N	N	N	N	N	N	N	0.0000	0.0000	0.0000	0.0000	0.0000	0.0000	0.0000	0.0000	0.0000	0.0000	0.0000	0.0000	0.0000	0.0010	0.0000	0.0020	0.0000	0.0000	0.0000	0.0011	0.0000	0.0020	inf	0.0000	0.0000	10.0000	3.8806	11.0000	3.0092	0.0000	0.0000	0.0000	0.0000	0.0000	0.0000	0.0000	0.0000	0.0000	0.0001	0.0000	0.0001	0.0000	0.0000	0.0000	0.0001	0.0000	0.0001	0.2592	0.2272	0.0319	0.0151	0.0146	0.0005	0.2441	0.2126	0.0314	0.1529	0.0773	0.0756	0.0177	0.0175	0.0002	0.1351	0.0598	0.0754	0.0000	0.0000	0.0000	0.0000	0.0000	0.0000	0.0000	0.0000	0.0000	0.0010	0.0000	0.0020	0.0000	0.0000	0.0000	0.0011	0.0000	0.0020						
7	15	0.0854	3	0	2	0	0	0	0	0	0	N	Y	N	N	N	N	N	N	N	N	N	N	1835.9907	32.1744	7570.2323	273.8516	229.3547	inf	1838.5743	7467.4642	7.4752	0.0381	57.6174	0.9445	0.8219	13.7325	7.7530	0.0000	57.7495	0.0041	0.0012	0.0076	0.0034	0.0036	0.0000	0.0042	0.0000	0.0077	224.0664	5.2353	0.5226	0.0001	10.0000	2.0122	11.0000	8.2883	0.9835	0.0044	0.9792	0.0051	0.0044	0.0007	0.9785	0.0000	0.9785	0.0011	0.0002	0.0009	0.0002	0.0002	0.0000	0.0009	0.0000	0.0009	0.1316	0.1146	0.0170	0.0054	0.0053	0.0001	0.1262	0.1093	0.0169	0.2603	0.1434	0.1169	0.0493	0.0474	0.0019	0.2111	0.0960	0.1151	1835.9907	32.1744	7570.2323	273.8516	229.3547	inf	1838.5743	0.0000	7467.4642	0.0041	0.0012	0.0076	0.0034	0.0036	0.0000	0.0042	0.0000	0.0077	
7	16	0.0844	3	0	2	0	0	0	0	0	0	N	Y	N	N	N	N	N	N	N	N	N	N	0.0001	0.0001	0.0067	0.0064	0.0000	0.0000	0.0003	0.0004	0.0000	0.0049	0.0049	0.0000	0.0000	0.0000	0.0000	3.8353	6.4989	0.0000	0.7234	0.7682	0.0000	4.9549	10.6852	0.0000	0.0000	0.0000	-0.0000	-0.7346	10.0000	2.0840	11.0000	8.3569	0.0000	0.0000	0.0000	0.0000	0.0000	0.0000	0.0000	0.0000	0.0000	0.9811	0.9811	0.0000	0.0490	0.0490	0.0000	0.9322	0.9322	0.0000	0.1317	0.1142	0.0174	0.0082	0.0081	0.0001	0.1234	0.1061	0.0173	0.2558	0.1510	0.1048	0.0677	0.0637	0.0040	0.1881	0.0872	0.1009	0.0001	0.0001	0.0000	0.0067	0.0064	0.0000	0.0000	0.0000	0.0000	3.8353	6.4989	0.0000	0.7234	0.7682	0.0000	4.9549	10.6852	0.0000			
7	18	0.0854	3	0	2	0	0	0	0	0	0	N	Y	N	N	N	N	N	N	N	N	N	N	0.0000	0.0000	0.0000	0.0000	0.0000	0.0000	0.0000	0.0000	0.0000	0.0000	0.0000	0.0000	0.0000	0.0000	0.0000	0.0000	0.0030	0.0004	0.0059	0.0013	0.0014	0.0000	0.0033	0.0000	0.0060	12.7143	0.0000	0.0002	10.0000	5.9999	11.0000	8.2406	0.0000	0.0000	0.0000	0.0000	0.0000	0.0000	0.0000	0.0000	0.0000	0.0010	0.0001	0.0009	0.0001	0.0001	0.0000	0.0009	0.0000	0.0009	0.3641	0.3161	0.0480	0.0063	0.0061	0.0001	0.3578	0.3100	0.0478	0.3238	0.1721	0.1517	0.0521	0.0496	0.0025	0.2717	0.1224	0.1492	0.0000	0.0000	0.0000	0.0000	0.0000	0.0000	0.0000	0.0000	0.0000	0.0030	0.0004	0.0059	0.0013	0.0014	0.0000	0.0033	0.0000	0.0060			
7	19	0.0706	2	0	1	0	0	0	0	0	0	N	N	N	N	N	N	N	N	N	N	N	N	0.1743	15.1915	0.3312	46.7625	45.6640	338096.8196	0.0901	210.2167	0.3269	0.5753	0.3105	2.5142	2.1540	2.1554	1.5924	0.3945	0.0673	2.5162	3.3002	0.0204	7.5910	0.0461	0.0472	0.0000	4.3804	0.0003	7.6979	1.1059	283.9162	0.0025	0.2366	10.0000	0.9481	11.0000	8.0223	0.0416	0.0198	0.0218	0.0160	0.0160	0.0000	0.0256	0.0038	0.0218	0.9551	0.0034	0.9517	0.0033	0.0033	0.0000	0.9518	0.0000	0.9517	0.0723	0.0636	0.0087	0.0074	0.0074	0.0000	0.0649	0.0562	0.0087	0.2894	0.1640	0.1254	0.0721	0.0704	0.0017	0.2173	0.0936	0.1236	0.1743	15.1915	0.3312	46.7625	45.6640	338096.8196	0.0901	210.2167	0.3269	3.3002	0.0204	7.5910	0.0461	0.0472	0.0000	4.3804	0.0003	7.6979
7	22	0.0695	2	1	2	0	0	0	0	0	0	N	Y	N	N	N	N	N	N	N	N	N	N	7.3022	118.5543	0.0000	4.4956	4.3955	6.0040	inf	0.0000	0.6971	0.7915	0.0000	0.0547	0.0552	0.0000	0.8708	1.0228	0.0000	0.0955	0.0067	0.2836	0.0122	0.0126	0.0000	0.1450	0.0000	0.2948	0.0000	20.0500	-0.0573	0.0026	10.0000	1.8226	11.0000	1.1826	0.1235	0.1235	0.0000	0.0021	0.0021	0.0000	0.1214	0.1214	0.0000	0.0126	0.0006	0.0120	0.0006	0.0006	0.0000	0.0120	0.0000	0.0120	0.1771	0.1560	0.0211	0.0377	0.0373	0.0004	0.1394	0.1187	0.0207	0.1323	0.0899	0.0424	0.0494	0.0477	0.0016	0.0829	0.0421	0.0408	7.3022	118.5543	0.0000	4.4956	4.3955	0.0000	6.0040	inf	0.0000	0.0955	0.0067	0.2836	0.0122	0.0126	0.0000	0.1450	0.0000	0.2948	
7	24	0.0689	3	0	1	1	0	0	0	0	0	N	N	N	N	N	N	N	N	N	N	N	N	0.0000	0.0000	0.0000	0.0000	0.0000	0.0000	0.0000	0.0000	0.0000	0.0000	0.0000	0.0000	0.0000	0.0000	0.0000	0.0000	0.0000	0.0000	0.0000	0.0000	10.0000	0.0000	11.0000	0.0000	0.0000	0.0000	0.0000	0.0000	0.0000	0.0000	0.0000	0.0000	0.0000	0.0000	0.0000	0.0000	0.0000	0.0000	0.0000	0.0000	0.0000	0.0000	0.0000	0.0000	0.0000	0.0000	0.0000	0.0000	0.0000	0.0000	0.0000	0.0000	0.0000	0.0000	0.0000	0.0000	0.0000	0.0000	0.0000	0.0000	0.0000	0.0000	0.0000	0.0000	0.0000	0.0000	0.0000	0.0000	0.0000	0.0000	0.0000	0.0000	0.0000	0.0000	0.0000	0.0000	0.0000	0.0000											
7	26	0.0490	2	1	1	1	0	0	0	0	0	N	N	N	N	N	N	N	N	N	N	N	N	0.0261	inf	0.0555	inf	inf	inf	0.0146	0.0567	0.0083	0.0041	0.0353	0.0274	0.0280	0.0175	0.0054	0.0000	0.0362	0.3189	0.0000	0.6352	0.0000	0.0000	0.0000	0.3682	0.0000	0.6390	1.3371	inf	0.0002	0.0139	10.0000	4.5914	11.0000	6.1047	0.0021	0.0009	0.0012	0.0009	0.0009	0.0000	0.0012	0.0000	0.0012	0.0552	0.0000	0.0552	0.0000	0.0000	0.0000	0.0552	0.0000	0.0552	0.2499	0.2161	0.0337	0.0335	0.0318	0.0017	0.2163	0.1843	0.0320	0.1730	0.0862	0.0869	0.0232	0.0226	0.0005	0.1499	0.0635	0.0863	0.0261	inf	0.0555	inf	inf	inf	0.0146	0.0000	0.0567	0.3189	0.0000	0.6352	0.0000	0.0000	0.0000	0.3682	0.0000	0.6390	
7	29	0.0490	2	1	1	1	0	0	0	0	0	N	N	N	N	N	N	N	N	N	N	N	N	14.1257	inf	0.0598	inf	inf	inf	14.1048	inf	0.0613	7.1309	8.2749	0.0609	0.0058	0.0048	0.0280	8.6057	10.2193	0.0628	0.5048	0.0000	1.0190	0.0000	0.0000	0.0000	0.6101	0.0000	1.0247	0.0012	inf	-0.4632	0.0139	10.0000	1.9609	11.0000	3.0643	1.0004	0.9992	0.0012	0.0001	0.0001	0.0000	1.0003	0.9991	0.0012	0.0552	0.0000	0.0552	0.0000	0.0000	0.0000	0.0552	0.0000	0.0552	0.1403	0.1208	0.0195	0.0241	0.0230	0.0011	0.1162	0.0978	0.0185	0.1093	0.0552	0.0541	0.0189	0.0186	0.0003	0.0904	0.0366	0.0539	14.1257	inf	0.0598	inf	inf	inf	14.1048	inf	0.0613	0.5048	0.0000	1.0190	0.0000	0.0000	0.0000	0.6101	0.0000	1.0247
7	32	0.0689	3	0	2	0	0	0	0	0	0	N	Y	N	N	N	N	N	N	N	N	N	N	0.0000	0.0000	0.0000	0.0000	0.0000	0.0000	0.0000	0.0000	0.0000	0.0000	0.0000	0.0000	0.0000	0.0000	0.0000	0.0000	0.0000	0.0000	0.0000	0.0000	10.0000	0.0000	11.0000	4.0000	0.0000	0.0000	0.0000	0.0000	0.0000	0.0000	0.0000	0.0000	0.0000	0.0000	0.0000	0.0000	0.0000	0.0000	0.0000	0.0000	0.0000	0.0000	0.0000	0.0000	0.0000	0.0000	0.0000	0.0000	0.0000	0.0000	0.0000	0.0624	0.0286	0.0337	0.0024	0.0019	0.0004	0.0600	0.0267	0.0333	0.0000	0.0000	0.0000	0.0000	0.0000	0.0000	0.0000	0.0000	0.0000	0.0000	0.0000	0.0000	0.0000	0.0000	0.0000	0.0000	0.0000	0.0000											
7	33	0.0653	2	0	1	0	0	0	0	0	0	N	N	N	N	N	N	N	N	N	N	N	N	0.0000	0.0000	0.0000	0.0000	0.0000	0.0000	0.0000	0.0000	0.0000	0.0000	0.0000	0.0000	0.0000	0.0012	0.0026	0.0000	0.0185	0.0205	0.0000	0.0000	0.0000	0.0000	0.0000	0.0000	-0.0000	10.0000	0.0019	11.0000	1.9565	0.0000	0.0000	0.0000	0.0000	0.0000	0.0000	0.0000	0.0000	0.0000	0.0000	0.0000	0.0000	0.0000	0.0000	0.0000	0.0000	0.0000	0.0000	0.0003	0.0003	0.0000	0.0001	0.0001	0.0000	0.0002	0.0002	0.0000	0.0329	0.0154	0.0175	0.0022	0.0020	0.0002	0.0308	0.0135	0.0173	0.0000	0.0000	0.0000	0.0000	0.0000	0.0000	0.0000	0.0000	0.0000	0.0012	0.0026	0.0000	0.0185	0.0205	0.0000	0.0000	0.0000	0.0000						
7	34	0.0611	3	1	2	1	0	0	0	0	0	N	Y	N	N	N	N	N	N	N	N	N	N	0.0000	0.0000	0.0000	0.0000	0.0000	0.0000	0.0000	0.0000	0.0000	0.0000	0.0000	0.0000	0.0000	0.0228	0.0000	0.0477	0.0000	0.0000	0.0000	0.0267	0.0000	0.0482	inf	0.0000	0.0008	10.0000	3.0034	11.0000	4.0042	0.0000	0.0000	0.0000	0.0000	0.0000	0.0000	0.0000	0.0000	0.0000	0.0032	0.0000	0.0032	0.0000	0.0000	0.0000	0.0032	0.0000	0.0032	0.1886	0.1657	0.0228	0.0134	0.0130	0.0004	0.1752	0.1527	0.0225	0.1397	0.0730	0.0667	0.0204	0.0197	0.0007	0.1193	0.0533	0.0660	0.0000	0.0000	0.0000	0.0000	0.0000	0.0000	0.0000	0.0000	0.0000	0.0228	0.0000	0.0477	0.0000	0.0000	0.0000	0.0267	0.0000	0.0482						
7	35	0.0611	3	1	2	1	0	0	0	0	0	N	Y	N	N	N	N	N	N	N	N	N	N	0.0061	0.0426	0.0000	0.1369	0.1667	0.0000	0.0000	0.0000	0.0001	0.0002	0.0000	0.0025	0.0026	0.0000	0.0000	0.0000	0.0000	0.0244	0.0040	0.0464	0.0180	0.0153	0.0936	0.0254	0.0000	0.0460	0.0000	10.8438	-0.0000	0.0006	10.0000	4.4649	11.0000	3.5311	0.0000	0.0000	0.0000	0.0000	0.0000	0.0000	0.0000	0.0000	0.0000	0.0038	0.0003	0.0035	0.0004	0.0003	0.0001	0.0034	0.0000	0.0034	0.2706	0.2371	0.0335	0.0162	0.0157	0.0006	0.2544	0.2214	0.0330	0.1556	0.0808	0.0747	0.0216	0.0209	0.0007	0.1339	0.0599	0.0740	0.0061	0.0426	0.0000	0.1369	0.1667	0.0000	0.0000	0.0000	0.0000	0.0244	0.0040	0.0464	0.0180	0.0153	0.0936	0.0254	0.0000	0.0460	
7	36	0.0467	2	1	2	1	0	0	0	0	0	N	Y	N	N	N	N	N	N	N	N	N	N	0.0781	0.0856	0.0000	0.0000	0.0000	0.1227	0.2653	0.0000	0.0004	0.0005	0.0000	0.0000	0.0000	0.0000	0.0005	0.0005	0.0000	0.0054	0.0056	0.0052	0.0166	0.0168	0.0000	0.0038	0.0020	0.0052	0.0000	0.9000	-0.0000	-0.0002	10.0000	1.6626	11.0000	6.4813	0.0000	0.0000	0.0000	0.0000	0.0000	0.0000	0.0000	0.0000	0.0000	0.0008	0.0004	0.0004	0.0003	0.0003	0.0000	0.0005	0.0001	0.0004	0.0951	0.0841	0.0111	0.0093	0.0092	0.0002	0.0858	0.0749	0.0109	0.1413	0.0720	0.0693	0.0175	0.0173	0.0002	0.1237	0.0547	0.0691	0.0781	0.0856	0.0000	0.0000	0.0000	0.0000	0.1227	0.2653	0.0000	0.0054	0.0056	0.0052	0.0166	0.0168	0.0000	0.0038	0.0020	0.0052	
7	37	0.0553	2	1	2	0	0	0	0	0	0	N	Y	N	N	N	N	N	N	N	N	N	N	445.1955	0.2186	inf	1.0343	1.0251	inf	inf	2.7070	0.0026	21.5134	0.0451	0.0459	0.0000	2.8500	0.0000	21.6600	0.0061	0.0120	0.0000	0.0436	0.0448	0.0000	0.0000	0.0000	0.0000	1176.0235	0.0000	0.5352	-0.0017	10.0000	5.8118	11.0000	10.8965	1.0005	0.0008	0.9996	0.0008	0.0008	0.0000	0.9996	0.0000	0.9996	0.0023	0.0023	0.0000	0.0023	0.0023	0.0000	0.0000	0.0000	0.0000	0.3696	0.3231	0.0465	0.0188	0.0185	0.0003	0.3507	0.3046	0.0462	0.3783	0.1911	0.1871	0.0527	0.0514	0.0013	0.3255	0.1398	0.1858	445.1955	0.2186	inf	1.0343	1.0251	0.0000	inf	0.0000	inf	0.0061	0.0120	0.0000	0.0436	0.0448	0.0000	0.0000	0.0000	0.0000		
7	39	0.0449	2	0	2	0	0	0	0	0	0	N	Y	N	N	N	N	N	N	N	N	N	N	0.5594	0.0003	39.9560	0.0022	0.0022	inf	2.0599	0.0000	40.2051	2.5066	0.0023	19.2093	0.0554	0.0570	0.0261	2.5997	0.0000	19.4955	4.4809	8.3629	0.4808	25.1950	26.0080	0.0000	1.2621	2.2682	0.4849	1267.1772	0.0558	0.5360	-0.6174	10.0000	6.9653	11.0000	2.9126	1.0019	0.0008	1.0011	0.0008	0.0008	0.0000	1.0010	0.0000	1.0010	0.8872	0.8403	0.0469	0.6709	0.6709	0.0000	0.2163	0.1694	0.0469	0.3997	0.3476	0.0521	0.0146	0.0139	0.0008	0.3851	0.3337	0.0513	0.1980	0.1005	0.0975	0.0266	0.0258	0.0008	0.1714	0.0747	0.0967	0.5594	0.0003	39.9560	0.0022	0.0022	inf	2.0599	0.0000	40.2051	4.4809	8.3629	0.4808	25.1950	26.0080	0.0000	1.2621	2.2682	0.4849
7	41	0.0653	2	0	1	1	0	0	0	0	0	N	N	N	N	N	N	N	N	N	N	N	N	0.0000	0.0000	0.0000	0.0000	0.0000	0.0000	0.0000	0.0000	0.0000	0.0000	0.0000	0.0000	0.0000	0.0006	0.0013	0.0000	0.0120	0.0139	0.0000	0.0000	0.0000	0.0000	0.0000	0.0000	-0.0000	10.0000	4.0003	11.0000	0.0531	0.0000	0.0000	0.0000	0.0000	0.0000	0.0000	0.0000	0.0000	0.0000	0.0000	0.0000	0.0000	0.0000	0.0000	0.0000	0.0000	0.0000	0.0000	0.2304	0.2009	0.0294	0.0287	0.0272	0.0014	0.2017	0.1737	0.0280	0.0653	0.0303	0.0351	0.0033	0.0029	0.0004	0.0620	0.0274	0.0346	0.0000	0.0000	0.0000	0.0000	0.0000	0.0000	0.0000	0.0000	0.0000	0.0006	0.0013	0.0000	0.0120	0.0139	0.0000	0.0000	0.0000	0.0000						
7	46	0.0467	2	1	1	1	0	0	0	0	0	N	N	N	N	N	N	N	N	N	N	N	N	0.0000	0.0000	0.0000	0.0000	0.0000	0.0000	0.0000	0.0000	0.0000	0.0000	0.0000	0.0000	0.0000	0.0012	0.0000	0.0025	0.0000	0.0000	0.0000	0.0014	0.0000	0.0025	inf	0.0000	0.0000	10.0000	1.8806	11.0000	4.9930	0.0000	0.0000	0.0000	0.0000	0.0000	0.0000	0.0000	0.0000	0.0000	0.0001	0.0000	0.0001	0.0000	0.0000	0.0000	0.0001	0.0000	0.0001	0.1058	0.0934	0.0124	0.0097	0.0095	0.0002	0.0961	0.0839	0.0122	0.1246	0.0643	0.0602	0.0172	0.0170	0.0002	0.1074	0.0473	0.0600	0.0000	0.0000	0.0000	0.0000	0.0000	0.0000	0.0000	0.0000	0.0000	0.0012	0.0000	0.0025	0.0000	0.0000	0.0000	0.0014	0.0000	0.0025						
7	51	0.0615	2	0	2	0	1	0	0	0	0	N	Y	N	N	N	N	N	N	N	N	N	N	0.0000	0.0000	0.0000	0.0000	0.0000	0.0000	0.0000	0.0000	0.0000	0.0000	0.0000	0.0000	0.0000	0.0552	0.0681	0.0000	0.1095	0.1134	0.0000	0.0000	0.0000	0.0000	0.0000	0.0000	-0.0126	10.0000	0.9739	11.0000	0.0244	0.0000	0.0000	0.0000	0.0000	0.0000	0.0000	0.0000	0.0000	0.0000	0.0168	0.0168	0.0000	0.0168	0.0168	0.0000	0.0000	0.0000	0.0000	0.3708	0.3454	0.0255	0.1639	0.1628	0.0010	0.2069	0.1825	0.0244	0.3044	0.2468	0.0575	0.1534	0.1481	0.0053	0.1509	0.0987	0.0522	0.0000	0.0000	0.0000	0.0000	0.0000	0.0000	0.0000	0.0000	0.0000	0.0552	0.0681	0.0000	0.1095	0.1134	0.0000	0.0000	0.0000	0.0000						
7	53	0.0695	2	1	2	0	0	0	0	0	0	N	Y	N	N	N	N	N	N	N	N	N	N	0.0000	0.0000	0.0000	0.0000	0.0000	0.0000	0.0000	0.0000	0.0000	0.0000	0.0000	0.0000	0.0000	0.0657	0.0000	0.1782	0.0000	0.0000	0.0000	0.0951	0.0000	0.1852	inf	0.0000	0.0030	10.0000	1.0294	11.0000	5.0054	0.0000	0.0000	0.0000	0.0000	0.0000	0.0000	0.0000	0.0000	0.0000	0.0120	0.0000	0.0120	0.0000	0.0000	0.0000	0.0120	0.0000	0.0120	0.1314	0.1163	0.0151	0.0369	0.0366	0.0003	0.0945	0.0798	0.0147	0.1832	0.1157	0.0675	0.0566	0.0541	0.0025	0.1265	0.0616	0.0650	0.0000	0.0000	0.0000	0.0000	0.0000	0.0000	0.0000	0.0000	0.0000	0.0657	0.0000	0.1782	0.0000	0.0000	0.0000	0.0951	0.0000	0.1852						
7	58	0.2284	4	0	1	0	0	0	0	0	0	N	N	N	N	N	N	N	N	N	N	N	N	0.0166	0.0124	0.0225	0.0217	0.0027	0.0030	0.0000	0.0079	0.0081	0.0000	0.0000	0.0000	0.0000	0.1608	0.2398	0.0000	0.3502	0.3745	0.0000	0.0000	0.0000	0.0000	0.0000	0.0000	-0.0024	-0.2263	10.0000	16.5869	11.0000	24.5040	0.0051	0.0051	0.0000	0.0051	0.0051	0.0000	0.0000	0.0000	0.0000	0.3023	0.3023	0.0000	0.3023	0.3023	0.0000	0.0000	0.0000	0.0000	1.9106	1.7164	0.1942	0.6477	0.6280	0.0197	1.2629	1.0883	0.1745	1.8797	1.2604	0.6193	0.8632	0.8073	0.0559	1.0166	0.4531	0.5634	0.0166	0.0124	0.0000	0.0225	0.0217	0.0000	0.0000	0.0000	0.0000	0.1608	0.2398	0.0000	0.3502	0.3745	0.0000	0.0000	0.0000	0.0000					
8	10	0.0414	2	0	1	0	1	0	0	0	0	N	N	N	N	N	N	N	N	N	N	N	N	0.0000	0.0000	0.0000	0.0000	0.0000	0.0000	0.0000	0.0000	0.0000	0.0000	0.0000	0.0000	0.0000	0.0002	0.0004	0.0000	0.0014	0.0015	0.0000	0.0000	0.0000	0.0000	0.0000	0.0000	-0.0000	7.0000	4.0402	10.0000	3.6071	0.0000	0.0000	0.0000	0.0000	0.0000	0.0000	0.0000	0.0000	0.0000	0.0000	0.0000	0.0000	0.0000	0.0000	0.0000	0.0000	0.0000	0.0000	0.1687	0.1466	0.0221	0.0065	0.0062	0.0003	0.1622	0.1404	0.0218	0.1341	0.0690	0.0651	0.0209	0.0203	0.0007	0.1131	0.0487	0.0644	0.0000	0.0000	0.0000	0.0000	0.0000	0.0000	0.0000	0.0000	0.0000	0.0002	0.0004	0.0000	0.0014	0.0015	0.0000	0.0000	0.0000	0.0000						
8	11	0.0580	2	0	1	0	2	0	0	0	0	N	N	N	Y	N	N	N	N	N	N	N	N	1.5251	0.0000	5.1840	1.2329	0.0000	2.3635	1.4270	5.2602	1.8920	0.0000	18.7356	0.2961	0.0000	15.3294	2.4399	0.0000	18.9106	1.2406	0.0117	3.6141	0.2401	0.0256	6.4859	1.7099	0.0000	3.5951	inf	159.2894	0.5013	0.1221	7.0000	7.1434	10.0000	7.2869	0.9356	0.0000	0.9356	0.0374	0.0000	0.0374	0.8982	0.0000	0.8982	0.4985	0.0031	0.4954	0.0308	0.0031	0.0277	0.4677	0.0000	0.4677	0.4945	0.4446	0.0499	0.1264	0.1239	0.0024	0.3681	0.3206	0.0475	0.4018	0.2648	0.1371	0.1283	0.1213	0.0070	0.2735	0.1434	0.1301	1.5251	0.0000	5.1840	1.2329	0.0000	3.8624	1.4270	0.0000	5.2602	1.2406	0.0117	3.6141	0.2401	0.0256	3.9689	1.7099	0.0000	3.5951	
8	12	0.0518	2	1	1	0	1	0	0	0	0	N	N	N	N	N	N	N	N	N	N	N	N	0.0000	0.0000	0.0000	0.0000	0.0000	0.0000	0.0000	0.0000	0.0000	0.0000	0.0000	0.0000	0.0000	0.0011	0.0019	0.0000	0.0040	0.0041	0.0000	0.0000	0.0000	0.0000	0.0000	0.0000	-0.0001	7.0000	1.9891	10.0000	3.0036	0.0000	0.0000	0.0000	0.0000	0.0000	0.0000	0.0000	0.0000	0.0000	0.0002	0.0002	0.0000	0.0002	0.0002	0.0000	0.0000	0.0000	0.0000	0.1077	0.0950	0.0126	0.0118	0.0117	0.0001	0.0958	0.0833	0.0125	0.1559	0.0883	0.0676	0.0424	0.0418	0.0006	0.1135	0.0465	0.0670	0.0000	0.0000	0.0000	0.0000	0.0000	0.0000	0.0000	0.0000	0.0000	0.0011	0.0019	0.0000	0.0040	0.0041	0.0000	0.0000	0.0000	0.0000						
8	14	0.0433	2	1	0	1	1	0	0	0	0	N	N	N	N	N	N	N	N	N	N	N	N	0.0000	0.0000	0.0000	0.0000	0.0000	0.0000	0.0000	0.0000	0.0000	0.0000	0.0000	0.0000	0.0000	0.1216	0.2409	0.0000	1.0546	1.0687	0.0000	0.0000	0.0000	0.0000	0.0000	0.0000	-0.0115	7.0000	3.8806	10.0000	3.0092	0.0000	0.0000	0.0000	0.0000	0.0000	0.0000	0.0000	0.0000	0.0000	0.0153	0.0153	0.0000	0.0153	0.0153	0.0000	0.0000	0.0000	0.0000	0.1849	0.1620	0.0228	0.0108	0.0104	0.0004	0.1741	0.1516	0.0225	0.1258	0.0635	0.0623	0.0145	0.0143	0.0002	0.1113	0.0492	0.0621	0.0000	0.0000	0.0000	0.0000	0.0000	0.0000	0.0000	0.0000	0.0000	0.1216	0.2409	0.0000	1.0546	1.0687	0.0000	0.0000	0.0000	0.0000						
8	15	0.0819	3	0	1	0	1	0	0	0	0	N	N	N	N	N	N	N	N	N	N	N	N	0.0000	0.0000	0.0000	0.0000	0.0000	0.0000	0.0000	0.0000	0.0000	0.0000	0.0000	0.0000	0.0000	0.0000	0.0000	0.0000	0.0000	4.0370	0.0017	8.9772	0.0291	0.0051	0.6457	4.9719	0.0000	9.9617	4332.9500	0.0000	0.2176	7.0000	2.0122	10.0000	8.2883	0.0000	0.0000	0.0000	0.0000	0.0000	0.0000	0.0000	0.0000	0.0000	0.8668	0.0002	0.8666	0.0012	0.0002	0.0010	0.8656	0.0000	0.8656	0.0939	0.0817	0.0122	0.0038	0.0038	0.0000	0.0900	0.0779	0.0121	0.2147	0.1182	0.0965	0.0406	0.0391	0.0015	0.1741	0.0791	0.0950	0.0000	0.0000	0.0000	0.0000	0.0000	0.0000	0.0000	0.0000	0.0000	4.0370	0.0017	8.9772	0.0291	0.0051	0.6457	4.9719	0.0000	9.1102		
8	16	0.0809	3	0	1	0	1	0	0	0	0	N	N	N	N	N	N	N	N	N	N	N	N	0.0025	0.9211	0.0000	0.2963	5.5297	0.0000	0.0000	0.0000	0.0073	0.0084	0.0000	0.1173	0.1187	0.0000	0.0000	0.0000	0.0000	2.9418	0.0091	7.1508	0.3959	0.0215	14.5577	3.8586	0.0000	7.1782	0.0000	548.6372	-0.0003	0.1549	7.0000	2.0840	10.0000	8.3569	0.0007	0.0007	0.0000	0.0007	0.0007	0.0000	0.0000	0.0000	0.0000	0.6211	0.0011	0.6200	0.0221	0.0011	0.0210	0.5990	0.0000	0.5990	0.0937	0.0813	0.0124	0.0058	0.0057	0.0001	0.0879	0.0756	0.0124	0.2111	0.1244	0.0867	0.0559	0.0526	0.0033	0.1552	0.0718	0.0834	0.0025	0.9211	0.0000	0.2963	5.5297	0.0000	0.0000	0.0000	0.0000	2.9418	0.0091	7.1508	0.3959	0.0215	6.4481	3.8586	0.0000	7.1782	
8	18	0.0819	3	0	1	0	1	0	0	0	0	N	N	N	N	N	N	N	N	N	N	N	N	0.0000	0.0000	0.0000	0.0000	0.0000	0.0000	0.0000	0.0000	0.0000	0.0000	0.0000	0.0000	0.0000	0.5034	0.9482	0.0000	3.4556	4.2749	0.0000	0.0000	0.0000	0.0000	0.0000	0.0000	-0.1006	7.0000	5.9999	10.0000	8.2406	0.0000	0.0000	0.0000	0.0000	0.0000	0.0000	0.0000	0.0000	0.0000	0.1344	0.1344	0.0000	0.1344	0.1344	0.0000	0.0000	0.0000	0.0000	0.2595	0.2253	0.0343	0.0045	0.0044	0.0001	0.2551	0.2209	0.0342	0.2670	0.1417	0.1252	0.0429	0.0409	0.0021	0.2240	0.1009	0.1232	0.0000	0.0000	0.0000	0.0000	0.0000	0.0000	0.0000	0.0000	0.0000	0.5034	0.9482	0.0000	3.1308	3.2885	0.0000	0.0000	0.0000	0.0000						
8	19	0.0671	2	0	0	0	1	0	0	0	0	N	N	N	N	N	N	N	N	N	N	N	N	0.0034	0.0040	0.0000	0.0153	0.0150	0.0000	0.0000	0.0000	0.0000	0.0035	0.0040	0.0000	0.0341	0.0342	0.0000	0.0000	0.0000	0.0000	1.0369	0.9842	1.1057	2.2340	2.2814	0.3110	0.6405	0.0110	1.1169	0.0000	0.8602	-0.0001	-0.0708	7.0000	0.9481	10.0000	8.0223	0.0002	0.0002	0.0000	0.0002	0.0002	0.0000	0.0000	0.0000	0.0000	0.2471	0.1328	0.1143	0.1324	0.1320	0.0004	0.1147	0.0008	0.1138	0.0515	0.0453	0.0062	0.0053	0.0053	0.0000	0.0462	0.0400	0.0062	0.2383	0.1350	0.1033	0.0593	0.0579	0.0014	0.1790	0.0771	0.1019	0.0034	0.0040	0.0000	0.0153	0.0150	0.0000	0.0000	0.0000	0.0000	1.0369	0.9842	1.1057	2.2340	2.2814	0.3110	0.6405	0.0110	1.1169
8	22	0.0660	2	1	1	0	1	0	0	0	0	N	N	N	N	N	N	N	N	N	N	N	N	0.8952	0.0000	4.7459	4.7459	0.0000	136.8832	0.6835	0.0000	4.3978	2.0071	0.0000	16.7788	0.5597	0.0000	51.5342	2.3960	0.0000	16.0975	2.2421	1.6302	3.5354	0.1179	0.1092	0.3765	3.5055	3.3551	3.6604	inf	1.0261	0.1354	-0.0590	7.0000	1.8226	10.0000	1.1826	0.2527	0.0000	0.2527	0.0149	0.0000	0.0149	0.2377	0.0000	0.2377	0.2437	0.1203	0.1234	0.0048	0.0043	0.0005	0.2389	0.1160	0.1229	0.1259	0.1108	0.0151	0.0267	0.0264	0.0003	0.0992	0.0845	0.0148	0.1087	0.0738	0.0349	0.0405	0.0392	0.0013	0.0682	0.0346	0.0336	0.8952	0.0000	4.7459	4.7459	0.0000	136.8832	0.6835	0.0000	4.3978	2.2421	1.6302	3.5354	0.1179	0.1092	0.3765	3.5055	3.3551	3.6604
8	24	0.0654	3	0	0	1	1	0	0	0	0	N	N	N	N	N	N	N	N	N	N	N	N	0.0000	0.0000	0.0000	0.0000	0.0000	0.0000	0.0000	0.0000	0.0000	0.0000	0.0000	0.0000	0.0000	0.0000	0.0000	0.0000	0.0000	0.0000	0.0000	0.0000	7.0000	0.0000	10.0000	0.0000	0.0000	0.0000	0.0000	0.0000	0.0000	0.0000	0.0000	0.0000	0.0000	0.0000	0.0000	0.0000	0.0000	0.0000	0.0000	0.0000	0.0000	0.0000	0.0000	0.0000	0.0000	0.0000	0.0000	0.0000	0.0000	0.0000	0.0000	0.0000	0.0000	0.0000	0.0000	0.0000	0.0000	0.0000	0.0000	0.0000	0.0000	0.0000	0.0000	0.0000	0.0000	0.0000	0.0000	0.0000	0.0000	0.0000	0.0000	0.0000	0.0000	0.0000	0.0000	0.0000	0.0000	0.0000											
8	26	0.0455	2	1	0	1	1	0	0	0	0	N	N	N	N	N	N	N	N	N	N	N	N	8.5404	0.0000	inf	0.0000	0.0000	inf	inf	0.0066	0.0000	0.0486	0.0000	0.0000	0.0000	0.0076	0.0000	0.0513	0.0008	0.0015	0.0000	0.0057	0.0058	0.0000	0.0000	0.0000	0.0000	inf	0.0000	0.0006	-0.0001	7.0000	4.5914	10.0000	6.1047	0.0012	0.0000	0.0012	0.0000	0.0000	0.0000	0.0012	0.0000	0.0012	0.0001	0.0001	0.0000	0.0001	0.0001	0.0000	0.0000	0.0000	0.0000	0.1779	0.1538	0.0241	0.0241	0.0228	0.0012	0.1538	0.1310	0.0228	0.1428	0.0711	0.0717	0.0193	0.0189	0.0004	0.1235	0.0522	0.0713	8.5404	0.0000	inf	0.0000	0.0000	0.0000	inf	0.0000	inf	0.0008	0.0015	0.0000	0.0057	0.0058	0.0000	0.0000	0.0000	0.0000		
8	29	0.0455	2	1	0	1	1	0	0	0	0	N	N	N	N	N	N	N	N	N	N	N	N	9.6251	0.0000	inf	0.0000	0.0000	inf	inf	0.0117	0.0000	0.0840	0.0000	0.0000	0.0000	0.0142	0.0000	0.0889	0.0012	0.0024	0.0000	0.0070	0.0071	0.0000	0.0000	0.0000	0.0000	inf	0.0000	0.0006	-0.0001	7.0000	1.9609	10.0000	3.0643	0.0012	0.0000	0.0012	0.0000	0.0000	0.0000	0.0012	0.0000	0.0012	0.0001	0.0001	0.0000	0.0001	0.0001	0.0000	0.0000	0.0000	0.0000	0.0998	0.0859	0.0139	0.0172	0.0164	0.0008	0.0826	0.0695	0.0132	0.0903	0.0456	0.0448	0.0157	0.0155	0.0002	0.0746	0.0301	0.0445	9.6251	0.0000	inf	0.0000	0.0000	0.0000	inf	0.0000	inf	0.0012	0.0024	0.0000	0.0070	0.0071	0.0000	0.0000	0.0000	0.0000		
8	32	0.0654	3	0	1	0	1	0	0	0	0	N	N	N	N	N	N	N	N	N	N	N	N	0.0000	0.0000	0.0000	0.0000	0.0000	0.0000	0.0000	0.0000	0.0000	0.0000	0.0000	0.0000	0.0000	0.0000	0.0000	0.0000	0.0000	0.0000	0.0000	0.0000	7.0000	0.0000	10.0000	4.0000	0.0000	0.0000	0.0000	0.0000	0.0000	0.0000	0.0000	0.0000	0.0000	0.0000	0.0000	0.0000	0.0000	0.0000	0.0000	0.0000	0.0000	0.0000	0.0000	0.0000	0.0000	0.0000	0.0000	0.0000	0.0000	0.0000	0.0000	0.0513	0.0235	0.0278	0.0019	0.0016	0.0004	0.0494	0.0220	0.0274	0.0000	0.0000	0.0000	0.0000	0.0000	0.0000	0.0000	0.0000	0.0000	0.0000	0.0000	0.0000	0.0000	0.0000	0.0000	0.0000	0.0000	0.0000											
8	33	0.0618	2	0	0	0	1	0	0	0	0	N	N	N	N	N	N	N	N	N	N	N	N	921.5521	0.0000	inf	0.0000	0.0000	inf	inf	0.3406	0.0000	3.5220	0.0000	0.0000	0.0000	0.5312	0.0000	3.6118	0.0004	0.0008	0.0000	0.0057	0.0063	0.0000	0.0000	0.0000	0.0000	inf	0.0000	0.0000	-0.0000	7.0000	0.0019	10.0000	1.9565	0.0001	0.0000	0.0001	0.0000	0.0000	0.0000	0.0001	0.0000	0.0001	0.0000	0.0000	0.0000	0.0000	0.0000	0.0000	0.0000	0.0000	0.0000	0.0002	0.0002	0.0000	0.0001	0.0001	0.0000	0.0001	0.0001	0.0000	0.0271	0.0127	0.0144	0.0018	0.0016	0.0002	0.0253	0.0111	0.0142	921.5521	0.0000	inf	0.0000	0.0000	0.0000	inf	0.0000	inf	0.0004	0.0008	0.0000	0.0057	0.0063	0.0000	0.0000	0.0000	0.0000		
8	34	0.0576	3	1	1	1	1	0	0	0	0	N	N	N	N	N	N	N	N	N	N	N	N	0.0000	0.0000	0.0000	0.0000	0.0000	0.0000	0.0000	0.0000	0.0000	0.0000	0.0000	0.0000	0.0000	0.0000	0.0000	0.0000	0.0000	8.4457	0.0010	57.7293	0.0042	0.0037	0.0185	9.8893	0.0000	57.8726	16176.5000	0.0000	0.2438	7.0000	3.0034	10.0000	4.0042	0.0000	0.0000	0.0000	0.0000	0.0000	0.0000	0.0000	0.0000	0.0000	0.9706	0.0001	0.9706	0.0001	0.0001	0.0000	0.9706	0.0000	0.9706	0.1343	0.1179	0.0163	0.0095	0.0092	0.0003	0.1247	0.1087	0.0161	0.1149	0.0601	0.0549	0.0168	0.0162	0.0005	0.0981	0.0438	0.0543	0.0000	0.0000	0.0000	0.0000	0.0000	0.0000	0.0000	0.0000	0.0000	8.4457	0.0010	17.6894	0.0042	0.0037	0.0185	9.8893	0.0000	17.8654		
8	35	0.0576	3	1	1	1	1	0	0	0	0	N	N	N	N	N	N	N	N	N	N	N	N	0.0000	0.0000	0.0000	0.0000	0.0000	0.0000	0.0000	0.0000	0.0000	0.0000	0.0000	0.0000	0.0000	0.2302	0.4431	0.0000	1.6521	1.7105	0.0000	0.0000	0.0000	0.0000	0.0000	0.0000	-0.0221	7.0000	4.4649	10.0000	3.5311	0.0000	0.0000	0.0000	0.0000	0.0000	0.0000	0.0000	0.0000	0.0000	0.0295	0.0295	0.0000	0.0295	0.0295	0.0000	0.0000	0.0000	0.0000	0.1927	0.1687	0.0239	0.0115	0.0111	0.0004	0.1812	0.1576	0.0235	0.1280	0.0665	0.0615	0.0178	0.0172	0.0006	0.1102	0.0493	0.0609	0.0000	0.0000	0.0000	0.0000	0.0000	0.0000	0.0000	0.0000	0.0000	0.2302	0.4431	0.0000	1.6521	1.7105	0.0000	0.0000	0.0000	0.0000						
8	36	0.0433	2	1	1	1	1	0	0	0	0	N	N	N	N	N	N	N	N	N	N	N	N	0.0000	0.0000	0.0000	0.0000	0.0000	0.0000	0.0000	0.0000	0.0000	0.0000	0.0000	0.0000	0.0000	0.0000	0.0000	0.0000	0.0000	0.3775	0.2518	0.5078	1.0365	1.0493	0.0000	0.2848	0.0009	0.5093	1.9463	0.0000	-0.0039	7.0000	1.6626	10.0000	6.4813	0.0000	0.0000	0.0000	0.0000	0.0000	0.0000	0.0000	0.0000	0.0000	0.0439	0.0149	0.0290	0.0149	0.0149	0.0000	0.0290	0.0000	0.0290	0.0678	0.0599	0.0079	0.0066	0.0065	0.0001	0.0612	0.0534	0.0078	0.1162	0.0591	0.0571	0.0143	0.0142	0.0002	0.1019	0.0450	0.0569	0.0000	0.0000	0.0000	0.0000	0.0000	0.0000	0.0000	0.0000	0.0000	0.3775	0.2518	0.5078	1.0365	1.0493	0.0000	0.2848	0.0009	0.5093		
8	37	0.0518	2	1	1	0	1	0	0	0	0	N	N	N	N	N	N	N	N	N	N	N	N	0.0000	0.0000	0.0000	0.0000	0.0000	0.0000	0.0000	0.0000	0.0000	0.0000	0.0000	0.0000	0.0000	0.0100	0.0199	0.0000	0.0724	0.0743	0.0000	0.0000	0.0000	0.0000	0.0000	0.0000	-0.0023	7.0000	5.8118	10.0000	10.8965	0.0000	0.0000	0.0000	0.0000	0.0000	0.0000	0.0000	0.0000	0.0000	0.0031	0.0031	0.0000	0.0031	0.0031	0.0000	0.0000	0.0000	0.0000	0.2632	0.2300	0.0332	0.0133	0.0130	0.0002	0.2499	0.2169	0.0330	0.3112	0.1570	0.1542	0.0431	0.0420	0.0011	0.2681	0.1150	0.1531	0.0000	0.0000	0.0000	0.0000	0.0000	0.0000	0.0000	0.0000	0.0000	0.0100	0.0199	0.0000	0.0724	0.0743	0.0000	0.0000	0.0000	0.0000						
8	39	0.0414	2	0	1	0	1	0	0	0	0	N	N	N	N	N	N	N	N	N	N	N	N	0.0000	0.0000	0.0000	0.0000	0.0000	0.0000	0.0000	0.0000	0.0000	0.0000	0.0000	0.0000	0.0000	0.0002	0.0004	0.0000	0.0014	0.0014	0.0000	0.0000	0.0000	0.0000	0.0000	0.0000	-0.0000	7.0000	6.9653	10.0000	2.9126	0.0000	0.0000	0.0000	0.0000	0.0000	0.0000	0.0000	0.0000	0.0000	0.0000	0.0000	0.0000	0.0000	0.0000	0.0000	0.0000	0.0000	0.0000	0.2847	0.2475	0.0372	0.0105	0.0099	0.0005	0.2742	0.2376	0.0367	0.1631	0.0828	0.0803	0.0220	0.0214	0.0007	0.1411	0.0614	0.0797	0.0000	0.0000	0.0000	0.0000	0.0000	0.0000	0.0000	0.0000	0.0000	0.0002	0.0004	0.0000	0.0014	0.0014	0.0000	0.0000	0.0000	0.0000						
8	41	0.0618	2	0	0	1	1	0	0	0	0	N	N	N	N	N	N	N	N	N	N	N	N	2.2928	0.0000	inf	0.0000	0.0000	inf	inf	0.0004	0.0000	0.0033	0.0000	0.0000	0.0000	0.0005	0.0000	0.0035	0.0002	0.0004	0.0000	0.0037	0.0042	0.0000	0.0000	0.0000	0.0000	inf	0.0000	0.0000	-0.0000	7.0000	4.0003	10.0000	0.0531	0.0001	0.0000	0.0001	0.0000	0.0000	0.0000	0.0001	0.0000	0.0001	0.0000	0.0000	0.0000	0.0000	0.0000	0.0000	0.0000	0.0000	0.0000	0.1639	0.1430	0.0210	0.0206	0.0196	0.0010	0.1433	0.1234	0.0199	0.0537	0.0249	0.0288	0.0027	0.0024	0.0004	0.0510	0.0225	0.0285	2.2928	0.0000	inf	0.0000	0.0000	0.0000	inf	0.0000	inf	0.0002	0.0004	0.0000	0.0037	0.0042	0.0000	0.0000	0.0000	0.0000		
8	46	0.0433	2	1	0	1	1	0	0	0	0	N	N	N	N	N	N	N	N	N	N	N	N	0.0000	0.0000	0.0000	0.0000	0.0000	0.0000	0.0000	0.0000	0.0000	0.0000	0.0000	0.0000	0.0000	9.6096	0.0000	70.6442	0.0000	0.0000	0.0000	11.1386	0.0000	73.6239	inf	0.0000	0.2474	7.0000	1.8806	10.0000	4.9930	0.0000	0.0000	0.0000	0.0000	0.0000	0.0000	0.0000	0.0000	0.0000	0.9847	0.0000	0.9847	0.0000	0.0000	0.0000	0.9847	0.0000	0.9847	0.0754	0.0666	0.0089	0.0069	0.0068	0.0001	0.0686	0.0598	0.0087	0.1025	0.0529	0.0496	0.0141	0.0139	0.0001	0.0884	0.0389	0.0495	0.0000	0.0000	0.0000	0.0000	0.0000	0.0000	0.0000	0.0000	0.0000	9.6096	0.0000	19.8503	0.0000	0.0000	0.0000	11.1386	0.0000	19.9095						
8	51	0.0580	2	0	1	0	2	0	0	0	0	N	N	N	Y	N	N	N	N	N	N	N	N	0.1910	0.5277	0.1698	0.4996	0.0034	0.0000	0.0502	0.0000	0.0000	0.0000	0.0062	0.0000	0.0524	0.0180	0.0000	0.0951	0.0000	0.0000	0.0000	0.0362	0.0000	0.1048	inf	inf	0.0005	0.0011	7.0000	0.9739	10.0000	0.0244	0.0009	0.0000	0.0009	0.0000	0.0000	0.0000	0.0009	0.0000	0.0009	0.0045	0.0000	0.0045	0.0000	0.0000	0.0000	0.0045	0.0000	0.0045	0.2652	0.2471	0.0181	0.1173	0.1166	0.0008	0.1479	0.1305	0.0174	0.2511	0.2036	0.0474	0.1266	0.1222	0.0044	0.1245	0.0814	0.0430	0.1910	0.0000	0.5277	0.0000	0.0000	0.0000	0.1698	0.0000	0.4996	0.0180	0.0000	0.0951	0.0000	0.0000	0.0000	0.0362	0.0000	0.1048					
8	53	0.0660	2	1	1	0	1	0	0	0	0	N	N	N	N	N	N	N	N	N	N	N	N	0.0000	0.0000	0.0000	0.0000	0.0000	0.0000	0.0000	0.0000	0.0000	0.0000	0.0000	0.0000	0.0000	0.0000	0.0000	0.0000	0.0000	0.0272	0.0001	0.0734	0.0109	0.0002	0.2398	0.0344	0.0000	0.0670	408.0000	0.0000	0.0010	7.0000	1.0294	10.0000	5.0054	0.0000	0.0000	0.0000	0.0000	0.0000	0.0000	0.0000	0.0000	0.0000	0.0041	0.0000	0.0041	0.0005	0.0000	0.0005	0.0036	0.0000	0.0036	0.0933	0.0826	0.0107	0.0261	0.0259	0.0002	0.0672	0.0567	0.0105	0.1506	0.0951	0.0556	0.0466	0.0445	0.0021	0.1040	0.0506	0.0535	0.0000	0.0000	0.0000	0.0000	0.0000	0.0000	0.0000	0.0000	0.0000	0.0272	0.0001	0.0734	0.0109	0.0002	0.2398	0.0344	0.0000	0.0670		
8	58	0.2249	4	0	0	0	1	0	0	0	0	N	N	N	N	N	N	N	N	N	N	N	N	0.3917	0.3653	1.1007	0.0585	0.0422	inf	0.4689	inf	1.0963	0.0549	0.0262	0.3078	0.0061	0.0047	0.0502	0.0799	0.0386	0.3371	0.1402	0.0717	0.2796	0.1047	0.1119	0.0000	0.1705	0.0000	0.3075	1.3355	1.9174	0.0080	-0.0198	7.0000	16.5869	10.0000	24.5040	0.0746	0.0319	0.0427	0.0028	0.0021	0.0007	0.0718	0.0298	0.0420	0.2162	0.0741	0.1421	0.0741	0.0741	0.0000	0.1421	0.0000	0.1421	1.3585	1.2199	0.1386	0.4604	0.4462	0.0141	0.8981	0.7736	0.1245	1.5415	1.0334	0.5081	0.7080	0.6621	0.0460	0.8334	0.3713	0.4621	0.3917	0.3653	1.1007	0.0585	0.0422	inf	0.4689	inf	1.0963	0.1402	0.0717	0.2796	0.1047	0.1119	0.0000	0.1705	0.0000	0.3075
9	10	0.0844	2	0	2	0	1	0	0	0	0	N	Y	N	N	N	N	N	N	N	N	N	N	0.0000	0.0000	0.0000	0.0000	0.0000	0.0000	0.0000	0.0000	0.0000	0.0000	0.0000	0.0000	0.0000	1.7300	0.0000	3.5638	0.0000	0.0000	0.0000	2.0499	0.0000	3.6003	inf	0.0000	0.0614	8.0000	4.0402	10.0000	3.6071	0.0000	0.0000	0.0000	0.0000	0.0000	0.0000	0.0000	0.0000	0.0000	0.2445	0.0000	0.2445	0.0000	0.0000	0.0000	0.2445	0.0000	0.2445	0.1917	0.1666	0.0251	0.0074	0.0070	0.0004	0.1843	0.1596	0.0247	0.1413	0.0727	0.0686	0.0221	0.0214	0.0007	0.1193	0.0514	0.0679	0.0000	0.0000	0.0000	0.0000	0.0000	0.0000	0.0000	0.0000	0.0000	1.7300	0.0000	3.5638	0.0000	0.0000	0.0000	2.0499	0.0000	3.6003						
9	11	0.1009	2	0	2	0	2	0	0	0	0	N	Y	N	Y	N	N	N	N	N	N	N	N	0.0198	0.0145	0.0248	0.0239	0.0000	0.0000	0.0000	0.0001	0.0001	0.0000	0.0000	0.0000	0.0000	0.0018	0.0027	0.0000	0.0056	0.0059	0.0000	0.0000	0.0000	0.0000	0.0000	0.0000	-0.0000	-0.0006	8.0000	7.1434	10.0000	7.2869	0.0000	0.0000	0.0000	0.0000	0.0000	0.0000	0.0000	0.0000	0.0000	0.0008	0.0008	0.0000	0.0008	0.0008	0.0000	0.0000	0.0000	0.0000	0.5616	0.5049	0.0567	0.1434	0.1406	0.0028	0.4182	0.3643	0.0540	0.4235	0.2791	0.1445	0.1352	0.1278	0.0073	0.2884	0.1512	0.1371	0.0198	0.0145	0.0000	0.0248	0.0239	0.0000	0.0000	0.0000	0.0000	0.0018	0.0027	0.0000	0.0056	0.0059	0.0000	0.0000	0.0000	0.0000					
9	12	0.0947	2	1	2	0	1	0	0	0	0	N	Y	N	N	N	N	N	N	N	N	N	N	132885.2963	85284.4285	23.2222	23.0518	inf	inf	8.0804	9.1514	0.0000	0.0052	0.0052	0.0000	9.0810	10.4459	0.0000	0.0001	0.0001	0.0000	0.0002	0.0002	0.0000	0.0000	0.0000	0.0000	0.0000	0.0000	-0.4591	-0.0000	8.0000	1.9891	10.0000	3.0036	0.9890	0.9890	0.0000	0.0001	0.0001	0.0000	0.9889	0.9889	0.0000	0.0000	0.0000	0.0000	0.0000	0.0000	0.0000	0.0000	0.0000	0.0000	0.1224	0.1081	0.0143	0.0135	0.0134	0.0001	0.1089	0.0947	0.0142	0.1645	0.0932	0.0713	0.0448	0.0441	0.0006	0.1197	0.0491	0.0706	132885.2963	85284.4285	0.0000	23.2222	23.0518	0.0000	inf	inf	0.0000	0.0001	0.0001	0.0000	0.0002	0.0002	0.0000	0.0000	0.0000	0.0000			
9	14	0.0862	2	1	1	1	1	0	0	0	0	N	N	N	N	N	N	N	N	N	N	N	N	inf	inf	inf	inf	4.1946	4.7851	0.0000	0.0000	0.0000	0.0000	4.4541	5.1140	0.0000	0.0000	0.0000	0.0000	0.0000	0.0000	0.0000	0.0000	0.0000	0.0000	0.0000	-0.4088	0.0000	8.0000	3.8806	10.0000	3.0092	0.8806	0.8806	0.0000	0.0000	0.0000	0.0000	0.8806	0.8806	0.0000	0.0000	0.0000	0.0000	0.0000	0.0000	0.0000	0.0000	0.0000	0.0000	0.2099	0.1840	0.0259	0.0122	0.0118	0.0004	0.1977	0.1722	0.0255	0.1326	0.0670	0.0656	0.0153	0.0151	0.0002	0.1173	0.0519	0.0654	inf	inf	0.0000	0.0000	0.0000	0.0000	inf	inf	0.0000	0.0000	0.0000	0.0000	0.0000	0.0000	0.0000	0.0000	0.0000	0.0000						
9	15	0.1248	3	0	2	0	1	0	0	0	0	N	Y	N	N	N	N	N	N	N	N	N	N	0.0000	0.0000	0.0000	0.0000	0.0000	0.0000	0.0000	0.0000	0.0000	0.0000	0.0000	0.0000	0.0000	0.0000	0.0000	0.0000	0.0000	0.0000	0.0000	0.0000	8.0000	2.0122	10.0000	8.2883	0.0000	0.0000	0.0000	0.0000	0.0000	0.0000	0.0000	0.0000	0.0000	0.0000	0.0000	0.0000	0.0000	0.0000	0.0000	0.0000	0.0000	0.0000	0.1066	0.0928	0.0138	0.0044	0.0043	0.0000	0.1022	0.0885	0.0137	0.2263	0.1246	0.1017	0.0428	0.0412	0.0016	0.1835	0.0834	0.1001	0.0000	0.0000	0.0000	0.0000	0.0000	0.0000	0.0000	0.0000	0.0000	0.0000	0.0000	0.0000	0.0000	0.0000	0.0000	0.0000	0.0000	0.0000											
9	16	0.1238	3	0	2	0	1	0	0	0	0	N	Y	N	N	N	N	N	N	N	N	N	N	0.0009	0.0011	0.0000	0.8602	2.1311	0.0000	0.0000	0.0000	0.0000	0.0074	0.0086	0.0000	0.1196	0.1211	0.0000	0.0000	0.0000	0.0000	8.6305	7.4814	11.9581	0.1391	0.0568	1.6023	11.6875	12.9205	12.4316	0.0000	0.9567	-0.0004	-0.4988	8.0000	2.0840	10.0000	8.3569	0.0008	0.0008	0.0000	0.0008	0.0008	0.0000	0.0000	0.0000	0.0000	1.9199	0.9812	0.9387	0.0082	0.0031	0.0050	1.9118	0.9781	0.9337	0.1065	0.0924	0.0141	0.0066	0.0065	0.0001	0.0999	0.0859	0.0141	0.2225	0.1312	0.0913	0.0589	0.0555	0.0034	0.1636	0.0757	0.0879	0.0009	0.0011	0.0000	0.8602	2.1311	0.0000	0.0000	0.0000	0.0000	8.6305	7.4814	10.2810	0.1391	0.0568	1.4679	11.6875	12.9205	10.6253
9	18	0.1248	3	0	2	0	1	0	0	0	0	N	Y	N	N	N	N	N	N	N	N	N	N	0.0000	0.0000	0.0000	0.0000	0.0000	0.0000	0.0000	0.0000	0.0000	0.0000	0.0000	0.0000	0.0000	0.0000	0.0000	0.0000	0.0000	0.0000	0.0000	0.0000	8.0000	5.9999	10.0000	8.2406	0.0000	0.0000	0.0000	0.0000	0.0000	0.0000	0.0000	0.0000	0.0000	0.0000	0.0000	0.0000	0.0000	0.0000	0.0000	0.0000	0.0000	0.0000	0.2948	0.2559	0.0389	0.0051	0.0050	0.0001	0.2897	0.2510	0.0388	0.2814	0.1494	0.1320	0.0453	0.0431	0.0022	0.2361	0.1063	0.1298	0.0000	0.0000	0.0000	0.0000	0.0000	0.0000	0.0000	0.0000	0.0000	0.0000	0.0000	0.0000	0.0000	0.0000	0.0000	0.0000	0.0000	0.0000											
9	19	0.1101	2	0	1	0	1	0	0	0	0	N	N	N	N	N	N	N	N	N	N	N	N	0.0198	0.0127	0.0481	0.0470	0.0002	0.0002	0.0000	0.0017	0.0017	0.0000	0.0000	0.0000	0.0000	0.0086	0.0152	0.0000	0.0347	0.0356	0.0000	0.0000	0.0000	0.0000	0.0000	0.0000	-0.0000	-0.0016	8.0000	0.9481	10.0000	8.0223	0.0000	0.0000	0.0000	0.0000	0.0000	0.0000	0.0000	0.0000	0.0000	0.0022	0.0022	0.0000	0.0022	0.0022	0.0000	0.0000	0.0000	0.0000	0.0585	0.0515	0.0070	0.0060	0.0060	0.0000	0.0525	0.0455	0.0070	0.2513	0.1423	0.1089	0.0625	0.0610	0.0015	0.1887	0.0813	0.1074	0.0198	0.0127	0.0000	0.0481	0.0470	0.0000	0.0000	0.0000	0.0000	0.0086	0.0152	0.0000	0.0347	0.0356	0.0000	0.0000	0.0000	0.0000					
9	22	0.1089	2	1	2	0	1	0	0	0	0	N	Y	N	N	N	N	N	N	N	N	N	N	0.0000	0.0000	0.0000	0.0000	0.0000	0.0000	0.0000	0.0000	0.0000	0.0000	0.0000	0.0000	0.0000	0.0000	0.0000	0.0000	0.0000	0.0000	0.0000	0.0000	8.0000	1.8226	10.0000	1.1826	0.0000	0.0000	0.0000	0.0000	0.0000	0.0000	0.0000	0.0000	0.0000	0.0000	0.0000	0.0000	0.0000	0.0000	0.0000	0.0000	0.0000	0.0000	0.1431	0.1260	0.0171	0.0304	0.0300	0.0003	0.1128	0.0960	0.0168	0.1147	0.0778	0.0368	0.0428	0.0414	0.0014	0.0719	0.0365	0.0354	0.0000	0.0000	0.0000	0.0000	0.0000	0.0000	0.0000	0.0000	0.0000	0.0000	0.0000	0.0000	0.0000	0.0000	0.0000	0.0000	0.0000	0.0000											
9	24	0.1083	3	0	1	1	1	0	0	0	0	N	N	N	N	N	N	N	N	N	N	N	N	0.0000	0.0000	0.0000	0.0000	0.0000	0.0000	0.0000	0.0000	0.0000	0.0000	0.0000	0.0000	0.0000	0.0000	0.0000	0.0000	0.0000	0.0000	0.0000	0.0000	8.0000	0.0000	10.0000	0.0000	0.0000	0.0000	0.0000	0.0000	0.0000	0.0000	0.0000	0.0000	0.0000	0.0000	0.0000	0.0000	0.0000	0.0000	0.0000	0.0000	0.0000	0.0000	0.0000	0.0000	0.0000	0.0000	0.0000	0.0000	0.0000	0.0000	0.0000	0.0000	0.0000	0.0000	0.0000	0.0000	0.0000	0.0000	0.0000	0.0000	0.0000	0.0000	0.0000	0.0000	0.0000	0.0000	0.0000	0.0000	0.0000	0.0000	0.0000	0.0000	0.0000	0.0000	0.0000	0.0000	0.0000	0.0000											
9	26	0.0884	2	1	1	1	1	0	0	0	0	N	N	N	N	N	N	N	N	N	N	N	N	0.0000	0.0000	0.0000	0.0000	0.0000	0.0000	0.0000	0.0000	0.0000	0.0000	0.0000	0.0000	0.0000	0.0000	0.0000	0.0000	0.0000	0.0000	0.0000	0.0000	8.0000	4.5914	10.0000	6.1047	0.0000	0.0000	0.0000	0.0000	0.0000	0.0000	0.0000	0.0000	0.0000	0.0000	0.0000	0.0000	0.0000	0.0000	0.0000	0.0000	0.0000	0.0000	0.2021	0.1748	0.0273	0.0273	0.0259	0.0014	0.1748	0.1489	0.0259	0.1505	0.0749	0.0756	0.0203	0.0198	0.0005	0.1302	0.0551	0.0751	0.0000	0.0000	0.0000	0.0000	0.0000	0.0000	0.0000	0.0000	0.0000	0.0000	0.0000	0.0000	0.0000	0.0000	0.0000	0.0000	0.0000	0.0000											
9	29	0.0884	2	1	1	1	1	0	0	0	0	N	N	N	N	N	N	N	N	N	N	N	N	0.0000	0.0000	0.0000	0.0000	0.0000	0.0000	0.0000	0.0000	0.0000	0.0000	0.0000	0.0000	0.0000	0.0000	0.0000	0.0000	0.0000	0.0000	0.0000	0.0000	8.0000	1.9609	10.0000	3.0643	0.0000	0.0000	0.0000	0.0000	0.0000	0.0000	0.0000	0.0000	0.0000	0.0000	0.0000	0.0000	0.0000	0.0000	0.0000	0.0000	0.0000	0.0000	0.1134	0.0976	0.0158	0.0195	0.0186	0.0009	0.0939	0.0790	0.0149	0.0951	0.0480	0.0471	0.0165	0.0163	0.0003	0.0786	0.0317	0.0469	0.0000	0.0000	0.0000	0.0000	0.0000	0.0000	0.0000	0.0000	0.0000	0.0000	0.0000	0.0000	0.0000	0.0000	0.0000	0.0000	0.0000	0.0000											
9	32	0.1083	3	0	2	0	1	0	0	0	0	N	Y	N	N	N	N	N	N	N	N	N	N	0.0000	0.0000	0.0000	0.0000	0.0000	0.0000	0.0000	0.0000	0.0000	0.0000	0.0000	0.0000	0.0000	18.4861	0.0000	113.0541	0.0000	0.0000	0.0000	19.2068	0.0000	123.5917	inf	0.0000	0.2513	8.0000	0.0000	10.0000	4.0000	0.0000	0.0000	0.0000	0.0000	0.0000	0.0000	0.0000	0.0000	0.0000	1.0000	0.0000	1.0000	0.0000	0.0000	0.0000	1.0000	0.0000	1.0000	0.0000	0.0000	0.0000	0.0000	0.0000	0.0000	0.0000	0.0000	0.0000	0.0541	0.0248	0.0293	0.0020	0.0016	0.0004	0.0521	0.0232	0.0289	0.0000	0.0000	0.0000	0.0000	0.0000	0.0000	0.0000	0.0000	0.0000	18.4861	0.0000	34.1501	0.0000	0.0000	0.0000	19.2068	0.0000	34.6013						
9	33	0.1048	2	0	1	0	1	0	0	0	0	N	N	N	N	N	N	N	N	N	N	N	N	3180.5274	0.0000	inf	0.0000	0.0000	inf	inf	2.2289	0.0000	23.1279	0.0000	0.0000	0.0000	3.4745	0.0000	23.7178	0.0007	0.0015	0.0000	0.0107	0.0119	0.0000	0.0000	0.0000	0.0000	inf	0.0000	0.0003	-0.0000	8.0000	0.0019	10.0000	1.9565	0.0005	0.0000	0.0005	0.0000	0.0000	0.0000	0.0005	0.0000	0.0005	0.0000	0.0000	0.0000	0.0000	0.0000	0.0000	0.0000	0.0000	0.0000	0.0002	0.0002	0.0000	0.0001	0.0001	0.0000	0.0001	0.0001	0.0000	0.0285	0.0134	0.0152	0.0019	0.0017	0.0002	0.0267	0.0117	0.0150	3180.5274	0.0000	inf	0.0000	0.0000	0.0000	inf	0.0000	inf	0.0007	0.0015	0.0000	0.0107	0.0119	0.0000	0.0000	0.0000	0.0000		
9	34	0.1005	3	1	2	1	1	0	0	0	0	N	Y	N	N	N	N	N	N	N	N	N	N	0.0000	0.0000	0.0000	0.0000	0.0000	0.0000	0.0000	0.0000	0.0000	0.0000	0.0000	0.0000	0.0000	0.0000	0.0000	0.0000	0.0000	0.0000	0.0000	0.0000	8.0000	3.0034	10.0000	4.0042	0.0000	0.0000	0.0000	0.0000	0.0000	0.0000	0.0000	0.0000	0.0000	0.0000	0.0000	0.0000	0.0000	0.0000	0.0000	0.0000	0.0000	0.0000	0.1526	0.1340	0.0185	0.0108	0.0105	0.0003	0.1418	0.1235	0.0182	0.1212	0.0633	0.0579	0.0177	0.0171	0.0006	0.1035	0.0462	0.0573	0.0000	0.0000	0.0000	0.0000	0.0000	0.0000	0.0000	0.0000	0.0000	0.0000	0.0000	0.0000	0.0000	0.0000	0.0000	0.0000	0.0000	0.0000											
9	35	0.1005	3	1	2	1	1	0	0	0	0	N	Y	N	N	N	N	N	N	N	N	N	N	0.0000	0.0000	0.0000	0.0000	0.0000	0.0000	0.0000	0.0000	0.0000	0.0000	0.0000	0.0000	0.0000	0.0000	0.0000	0.0000	0.0000	0.0000	0.0000	0.0000	8.0000	4.4649	10.0000	3.5311	0.0000	0.0000	0.0000	0.0000	0.0000	0.0000	0.0000	0.0000	0.0000	0.0000	0.0000	0.0000	0.0000	0.0000	0.0000	0.0000	0.0000	0.0000	0.2190	0.1918	0.0272	0.0131	0.0127	0.0004	0.2059	0.1791	0.0267	0.1350	0.0701	0.0649	0.0188	0.0182	0.0006	0.1162	0.0520	0.0642	0.0000	0.0000	0.0000	0.0000	0.0000	0.0000	0.0000	0.0000	0.0000	0.0000	0.0000	0.0000	0.0000	0.0000	0.0000	0.0000	0.0000	0.0000											
9	36	0.0862	2	1	2	1	1	0	0	0	0	N	Y	N	N	N	N	N	N	N	N	N	N	inf	inf	inf	inf	1.5493	1.7534	0.0000	15.8540	16.1336	0.0000	0.0000	0.0000	0.0000	0.0000	0.0000	0.0000	0.0000	0.0000	0.0000	0.0000	0.0000	0.0000	0.0000	-0.0554	0.0000	8.0000	1.6626	10.0000	6.4813	0.1194	0.1194	0.0000	0.1194	0.1194	0.0000	0.0000	0.0000	0.0000	0.0000	0.0000	0.0000	0.0000	0.0000	0.0000	0.0000	0.0000	0.0000	0.0770	0.0681	0.0090	0.0075	0.0074	0.0001	0.0695	0.0607	0.0088	0.1226	0.0624	0.0602	0.0151	0.0149	0.0002	0.1074	0.0474	0.0600	inf	inf	0.0000	inf	inf	0.0000	0.0000	0.0000	0.0000	0.0000	0.0000	0.0000	0.0000	0.0000	0.0000	0.0000	0.0000	0.0000						
9	37	0.0947	2	1	2	0	1	0	0	0	0	N	Y	N	N	N	N	N	N	N	N	N	N	1214.8672	701.4967	3331.1190	3301.7074	0.0370	0.0424	0.0000	0.7319	0.7443	0.0000	0.0000	0.0000	0.0000	0.0000	0.0001	0.0000	0.0002	0.0002	0.0000	0.0000	0.0000	0.0000	0.0000	0.0000	-0.0051	-0.0000	8.0000	5.8118	10.0000	10.8965	0.0111	0.0111	0.0000	0.0111	0.0111	0.0000	0.0000	0.0000	0.0000	0.0000	0.0000	0.0000	0.0000	0.0000	0.0000	0.0000	0.0000	0.0000	0.2990	0.2614	0.0377	0.0151	0.0149	0.0003	0.2839	0.2465	0.0374	0.3282	0.1656	0.1626	0.0455	0.0444	0.0012	0.2827	0.1213	0.1614	1214.8672	701.4967	0.0000	3331.1190	3301.7074	0.0000	0.0000	0.0000	0.0000	0.0000	0.0001	0.0000	0.0002	0.0002	0.0000	0.0000	0.0000	0.0000					
9	39	0.0844	2	0	2	0	1	0	0	0	0	N	Y	N	N	N	N	N	N	N	N	N	N	0.0000	0.0000	0.0000	0.0000	0.0000	0.0000	0.0000	0.0000	0.0000	0.0000	0.0000	0.0000	0.0000	0.0000	0.0000	0.0000	0.0000	0.0000	0.0000	0.0000	8.0000	6.9653	10.0000	2.9126	0.0000	0.0000	0.0000	0.0000	0.0000	0.0000	0.0000	0.0000	0.0000	0.0000	0.0000	0.0000	0.0000	0.0000	0.0000	0.0000	0.0000	0.0000	0.3235	0.2812	0.0422	0.0119	0.0112	0.0006	0.3116	0.2700	0.0416	0.1719	0.0872	0.0847	0.0232	0.0225	0.0007	0.1487	0.0648	0.0840	0.0000	0.0000	0.0000	0.0000	0.0000	0.0000	0.0000	0.0000	0.0000	0.0000	0.0000	0.0000	0.0000	0.0000	0.0000	0.0000	0.0000	0.0000											
9	41	0.1048	2	0	1	1	1	0	0	0	0	N	N	N	N	N	N	N	N	N	N	N	N	inf	inf	inf	inf	0.0028	0.0000	0.0218	0.0000	0.0000	0.0000	0.0032	0.0000	0.0229	0.0000	0.0000	0.0000	0.0000	0.0000	0.0000	0.0000	0.0000	0.0000	inf	0.0003	0.0000	8.0000	4.0003	10.0000	0.0531	0.0005	0.0000	0.0005	0.0000	0.0000	0.0000	0.0005	0.0000	0.0005	0.0000	0.0000	0.0000	0.0000	0.0000	0.0000	0.0000	0.0000	0.0000	0.1863	0.1625	0.0238	0.0234	0.0222	0.0012	0.1630	0.1403	0.0227	0.0566	0.0262	0.0304	0.0029	0.0025	0.0004	0.0538	0.0237	0.0300	inf	0.0000	inf	0.0000	0.0000	0.0000	inf	0.0000	inf	0.0000	0.0000	0.0000	0.0000	0.0000	0.0000	0.0000	0.0000	0.0000						
9	46	0.0862	2	1	1	1	1	0	0	0	0	N	N	N	N	N	N	N	N	N	N	N	N	inf	inf	inf	inf	10.2776	11.6471	0.0000	0.0000	0.0000	0.0000	11.3117	12.9649	0.0000	0.0000	0.0000	0.0000	0.0000	0.0000	0.0000	0.0000	0.0000	0.0000	0.0000	-0.4088	0.0000	8.0000	1.8806	10.0000	4.9930	0.8806	0.8806	0.0000	0.0000	0.0000	0.0000	0.8806	0.8806	0.0000	0.0000	0.0000	0.0000	0.0000	0.0000	0.0000	0.0000	0.0000	0.0000	0.0857	0.0756	0.0101	0.0078	0.0077	0.0001	0.0779	0.0679	0.0099	0.1081	0.0558	0.0523	0.0149	0.0147	0.0002	0.0932	0.0411	0.0521	inf	inf	0.0000	0.0000	0.0000	0.0000	inf	inf	0.0000	0.0000	0.0000	0.0000	0.0000	0.0000	0.0000	0.0000	0.0000	0.0000						
9	51	0.1009	2	0	2	0	2	0	0	0	0	N	Y	N	Y	N	N	N	N	N	N	N	N	0.0000	0.0000	0.0000	0.0000	0.0000	0.0000	0.0000	0.0000	0.0000	0.0000	0.0000	0.0000	0.0000	0.0000	0.0000	0.0000	0.0000	0.0000	0.0000	0.0000	8.0000	0.9739	10.0000	0.0244	0.0000	0.0000	0.0000	0.0000	0.0000	0.0000	0.0000	0.0000	0.0000	0.0000	0.0000	0.0000	0.0000	0.0000	0.0000	0.0000	0.0000	0.0000	0.3009	0.2803	0.0206	0.1331	0.1322	0.0009	0.1679	0.1481	0.0198	0.2646	0.2146	0.0500	0.1334	0.1288	0.0046	0.1312	0.0858	0.0454	0.0000	0.0000	0.0000	0.0000	0.0000	0.0000	0.0000	0.0000	0.0000	0.0000	0.0000	0.0000	0.0000	0.0000	0.0000	0.0000	0.0000	0.0000											
9	53	0.1089	2	1	2	0	1	0	0	0	0	N	Y	N	N	N	N	N	N	N	N	N	N	0.0000	0.0000	0.0000	0.0000	0.0000	0.0000	0.0000	0.0000	0.0000	0.0000	0.0000	0.0000	0.0000	0.0000	0.0000	0.0000	0.0000	0.0000	0.0000	0.0000	8.0000	1.0294	10.0000	5.0054	0.0000	0.0000	0.0000	0.0000	0.0000	0.0000	0.0000	0.0000	0.0000	0.0000	0.0000	0.0000	0.0000	0.0000	0.0000	0.0000	0.0000	0.0000	0.1061	0.0939	0.0122	0.0297	0.0295	0.0003	0.0764	0.0645	0.0119	0.1589	0.1003	0.0586	0.0491	0.0469	0.0022	0.1097	0.0533	0.0564	0.0000	0.0000	0.0000	0.0000	0.0000	0.0000	0.0000	0.0000	0.0000	0.0000	0.0000	0.0000	0.0000	0.0000	0.0000	0.0000	0.0000	0.0000											
9	58	0.2678	4	0	1	0	1	0	0	0	0	N	N	N	N	N	N	N	N	N	N	N	N	1.8474	7.0325	2.7453	1.6347	0.0754	inf	1.5802	inf	2.2843	1.0807	0.7148	4.3053	0.2425	0.0120	7.5373	1.5105	1.1202	3.9386	0.5850	0.1016	1.5683	0.1484	0.1587	0.0000	0.9559	0.0000	1.7242	0.6835	7.5848	-0.0971	0.1283	8.0000	16.5869	10.0000	24.5040	1.6691	0.9914	0.6777	0.1270	0.0061	0.1209	1.5422	0.9854	0.5568	0.9517	0.1109	0.8408	0.1109	0.1109	0.0000	0.8408	0.0000	0.8408	1.5444	1.3870	0.1574	0.5234	0.5074	0.0160	1.0210	0.8796	0.1414	1.6268	1.0907	0.5362	0.7472	0.6987	0.0485	0.8796	0.3920	0.4877	1.8474	7.0325	2.7453	1.6347	0.0754	inf	1.5802	inf	2.2843	0.5850	0.1016	1.5683	0.1484	0.1587	0.0000	0.9559	0.0000	1.7242
10	11	0.0465	3	0	2	0	1	0	0	0	0	N	Y	N	N	N	N	N	N	N	N	N	N	0.0003	0.0333	0.0000	0.0092	0.0612	0.0000	0.0000	0.0026	0.0000	0.0007	0.0007	0.0000	0.0023	0.0024	0.0000	0.0000	0.0000	0.0000	2.2744	0.0222	6.7507	0.2561	0.0392	7.5494	3.5901	0.0001	6.8993	0.0000	153.2654	-0.0001	0.1274	4.0402	7.1434	3.6071	7.2869	0.0002	0.0002	0.0000	0.0002	0.0002	0.0000	0.0000	0.0000	0.0000	0.5205	0.0034	0.5171	0.0231	0.0034	0.0198	0.4974	0.0000	0.4974	0.2874	0.2590	0.0284	0.0815	0.0796	0.0019	0.2059	0.1794	0.0265	0.2289	0.1523	0.0766	0.0903	0.0858	0.0045	0.1385	0.0665	0.0721	0.0003	0.0333	0.0000	0.0092	0.0612	0.0000	0.0000	0.0026	0.0000	2.2744	0.0222	6.7507	0.2561	0.0392	4.3779	3.5901	0.0001	6.8993
10	12	0.0403	3	1	2	0	0	0	0	0	0	N	Y	N	N	N	N	N	N	N	N	N	N	0.0000	0.0000	0.0000	0.0000	0.0000	0.0000	0.0000	0.0000	0.0000	0.0000	0.0000	0.0000	0.0000	0.0000	0.0000	0.0000	0.0000	0.0002	0.0003	0.0000	0.0004	0.0004	0.0001	0.0000	0.0000	0.0000	0.0442	0.0000	-0.0000	4.0402	1.9891	3.6071	3.0036	0.0000	0.0000	0.0000	0.0000	0.0000	0.0000	0.0000	0.0000	0.0000	0.0000	0.0000	0.0000	0.0000	0.0000	0.0000	0.0000	0.0000	0.0000	0.0620	0.0549	0.0071	0.0088	0.0086	0.0001	0.0532	0.0462	0.0070	0.1014	0.0635	0.0380	0.0432	0.0373	0.0059	0.0582	0.0261	0.0320	0.0000	0.0000	0.0000	0.0000	0.0000	0.0000	0.0000	0.0000	0.0000	0.0002	0.0003	0.0000	0.0004	0.0004	0.0001	0.0000	0.0000	0.0000		
10	13	0.0194	2	0	2	0	0	0	0	0	0	N	Y	N	N	N	N	N	N	N	N	N	N	0.4096	0.2425	1.6550	1.6854	0.0063	0.0073	0.0000	0.1644	0.1729	0.0000	0.0000	0.0000	0.0000	0.0155	0.0301	0.0000	0.0993	0.1026	0.0000	0.0000	0.0000	0.0000	0.0000	0.0000	-0.0006	-0.0017	4.0402	9.0000	3.6071	10.0000	0.0014	0.0014	0.0000	0.0014	0.0014	0.0000	0.0000	0.0000	0.0000	0.0023	0.0023	0.0000	0.0023	0.0023	0.0000	0.0000	0.0000	0.0000	0.2144	0.1864	0.0280	0.0083	0.0079	0.0004	0.2061	0.1785	0.0276	0.1485	0.0764	0.0721	0.0232	0.0224	0.0007	0.1254	0.0540	0.0714	0.4096	0.2425	0.0000	1.6550	1.6854	0.0000	0.0000	0.0000	0.0000	0.0155	0.0301	0.0000	0.0993	0.1026	0.0000	0.0000	0.0000	0.0000					
10	14	0.0318	3	1	1	1	0	0	0	0	0	N	N	N	N	N	N	N	N	N	N	N	N	1.4333	0.0000	20362.1085	0.0000	0.0000	0.0000	4228.9487	0.0000	20170.1835	9.2445	0.0000	73.3436	0.0000	0.0000	0.0000	9.5326	0.0000	73.6149	6.4500	12.0265	0.0036	24.9376	25.5399	0.0000	0.0023	0.0000	0.0036	inf	0.0003	0.5353	-0.4251	4.0402	3.8806	3.6071	3.0092	0.9991	0.0000	0.9991	0.0000	0.0000	0.0000	0.9991	0.0000	0.9991	0.5679	0.5677	0.0001	0.5677	0.5677	0.0000	0.0001	0.0000	0.0001	0.1081	0.0945	0.0136	0.0033	0.0032	0.0001	0.1048	0.0912	0.0136	0.0880	0.0472	0.0408	0.0228	0.0222	0.0005	0.0653	0.0250	0.0403	1.4333	0.0000	20362.1085	0.0000	0.0000	0.0000	4228.9487	0.0000	20170.1835	6.4500	12.0265	0.0036	24.9376	25.5399	0.0000	0.0023	0.0000	0.0036
10	15	0.0704	4	0	2	0	0	0	0	0	0	N	Y	N	N	N	N	N	N	N	N	N	N	6.7465	0.0000	52369.9297	0.6381	0.0000	2099.2809	16765.7583	0.0000	198634.6176	0.0186	0.0000	0.1418	0.0063	0.0000	0.1770	0.0194	0.0000	0.1412	0.0028	0.0047	0.0000	0.0099	0.0103	0.0001	0.0000	0.0000	0.0000	inf	0.0004	0.0005	-0.0002	4.0402	2.0122	3.6071	8.2883	0.0010	0.0000	0.0010	0.0000	0.0000	0.0000	0.0009	0.0000	0.0009	0.0003	0.0003	0.0000	0.0003	0.0003	0.0000	0.0000	0.0000	0.0000	0.0522	0.0453	0.0068	0.0032	0.0031	0.0001	0.0490	0.0423	0.0067	0.1114	0.0657	0.0457	0.0310	0.0299	0.0011	0.0805	0.0359	0.0446	6.7465	0.0000	52369.9297	0.6381	0.0000	2099.2809	16765.7583	0.0000	198634.6176	0.0028	0.0047	0.0000	0.0099	0.0103	0.0001	0.0000	0.0000	0.0000
10	16	0.0694	4	0	2	0	0	0	0	0	0	N	Y	N	N	N	N	N	N	N	N	N	N	0.0007	0.0000	1.0110	0.0031	0.0000	24.2334	0.0227	0.0000	0.1041	0.0000	0.0000	0.0000	0.0000	0.0000	0.0021	0.0000	0.0000	0.0000	0.0042	0.0067	0.0000	0.0117	0.0121	0.0001	0.0000	0.0000	0.0000	inf	0.0019	0.0000	-0.0004	4.0402	2.0840	3.6071	8.3569	0.0000	0.0000	0.0000	0.0000	0.0000	0.0000	0.0000	0.0000	0.0000	0.0005	0.0005	0.0000	0.0005	0.0005	0.0000	0.0000	0.0000	0.0000	0.0561	0.0486	0.0074	0.0042	0.0041	0.0001	0.0519	0.0446	0.0074	0.1170	0.0737	0.0434	0.0420	0.0404	0.0016	0.0751	0.0333	0.0418	0.0007	0.0000	1.0110	0.0031	0.0000	24.2334	0.0227	0.0000	0.1041	0.0042	0.0067	0.0000	0.0117	0.0121	0.0001	0.0000	0.0000	0.0000
10	17	0.0194	2	1	2	0	0	0	0	0	0	N	Y	N	N	N	N	N	N	N	N	N	N	0.0085	0.0317	0.0075	0.0318	0.0032	0.0000	0.0241	0.0000	0.0000	0.0000	0.0033	0.0000	0.0245	0.3699	0.0000	0.7619	0.0000	0.0000	0.0000	0.4385	0.0000	0.7697	inf	inf	0.0002	0.0118	4.0402	6.0000	3.6071	10.0000	0.0005	0.0000	0.0005	0.0000	0.0000	0.0000	0.0005	0.0000	0.0005	0.0469	0.0000	0.0469	0.0000	0.0000	0.0000	0.0469	0.0000	0.0469	0.1455	0.1264	0.0191	0.0056	0.0054	0.0003	0.1399	0.1211	0.0188	0.1267	0.0652	0.0615	0.0198	0.0192	0.0006	0.1069	0.0460	0.0609	0.0085	0.0000	0.0317	0.0000	0.0000	0.0000	0.0075	0.0000	0.0318	0.3699	0.0000	0.7619	0.0000	0.0000	0.0000	0.4385	0.0000	0.7697					
10	18	0.0704	4	0	2	0	0	0	0	0	0	N	Y	N	N	N	N	N	N	N	N	N	N	0.0000	0.0000	0.0000	0.0000	0.0000	0.0000	0.0000	0.0000	0.0000	0.0000	0.0000	0.0000	0.0000	0.0000	0.0000	0.0000	0.0000	0.0001	0.0000	0.0001	0.0002	0.0001	0.0019	0.0000	0.0000	0.0000	1.2601	0.0000	-0.0000	4.0402	5.9999	3.6071	8.2406	0.0000	0.0000	0.0000	0.0000	0.0000	0.0000	0.0000	0.0000	0.0000	0.0000	0.0000	0.0000	0.0000	0.0000	0.0000	0.0000	0.0000	0.0000	0.1477	0.1284	0.0193	0.0072	0.0069	0.0003	0.1405	0.1215	0.0190	0.1407	0.0812	0.0595	0.0367	0.0352	0.0015	0.1040	0.0460	0.0581	0.0000	0.0000	0.0000	0.0000	0.0000	0.0000	0.0000	0.0000	0.0000	0.0001	0.0000	0.0001	0.0002	0.0001	0.0019	0.0000	0.0000	0.0000		
10	19	0.0557	3	0	1	0	0	0	0	0	0	N	N	N	N	N	N	N	N	N	N	N	N	0.2613	0.1655	2.3165	0.6821	0.6787	0.3701	0.2325	0.0058	2.6936	0.0068	0.0070	0.0058	0.0510	0.0519	0.0068	0.0008	0.0000	0.0058	0.0261	0.0420	0.0025	0.0748	0.0764	0.0184	0.0035	0.0054	0.0022	0.1172	0.0405	-0.0001	-0.0022	4.0402	0.9481	3.6071	8.0223	0.0002	0.0002	0.0000	0.0002	0.0002	0.0000	0.0000	0.0000	0.0000	0.0032	0.0030	0.0001	0.0029	0.0028	0.0000	0.0003	0.0002	0.0001	0.0285	0.0250	0.0035	0.0034	0.0033	0.0001	0.0251	0.0216	0.0034	0.1209	0.0721	0.0488	0.0383	0.0372	0.0011	0.0826	0.0349	0.0477	0.2613	0.1655	2.3165	0.6821	0.6787	0.3701	0.2325	0.0058	2.6936	0.0261	0.0420	0.0025	0.0748	0.0764	0.0184	0.0035	0.0054	0.0022
10	20	0.0194	2	0	2	0	0	0	0	0	0	N	Y	N	N	N	N	N	N	N	N	N	N	0.0000	0.0000	0.0000	0.0000	0.0000	0.0000	0.0000	0.0000	0.0000	0.0000	0.0000	0.0000	0.0000	0.7137	0.0000	1.4688	0.0000	0.0000	0.0000	0.8471	0.0000	1.4833	inf	0.0000	0.0118	4.0402	2.0000	3.6071	6.0000	0.0000	0.0000	0.0000	0.0000	0.0000	0.0000	0.0000	0.0000	0.0000	0.0469	0.0000	0.0469	0.0000	0.0000	0.0000	0.0469	0.0000	0.0469	0.0497	0.0432	0.0065	0.0019	0.0018	0.0001	0.0478	0.0413	0.0064	0.0657	0.0338	0.0319	0.0103	0.0100	0.0003	0.0553	0.0237	0.0316	0.0000	0.0000	0.0000	0.0000	0.0000	0.0000	0.0000	0.0000	0.0000	0.7137	0.0000	1.4688	0.0000	0.0000	0.0000	0.8471	0.0000	1.4833						
10	21	0.0194	2	0	2	0	0	0	0	0	0	N	Y	N	N	N	N	N	N	N	N	N	N	24.7079	14.6220	100.0702	101.8233	0.0042	0.0048	0.0000	0.1094	0.1150	0.0000	0.0000	0.0000	0.0000	0.0002	0.0003	0.0000	0.0011	0.0011	0.0000	0.0000	0.0000	0.0000	0.0000	0.0000	-0.0006	-0.0000	4.0402	14.0000	3.6071	9.0000	0.0014	0.0014	0.0000	0.0014	0.0014	0.0000	0.0000	0.0000	0.0000	0.0000	0.0000	0.0000	0.0000	0.0000	0.0000	0.0000	0.0000	0.0000	0.3241	0.2820	0.0422	0.0124	0.0118	0.0006	0.3117	0.2701	0.0416	0.1767	0.0909	0.0857	0.0275	0.0266	0.0009	0.1492	0.0644	0.0848	24.7079	14.6220	0.0000	100.0702	101.8233	0.0000	0.0000	0.0000	0.0000	0.0002	0.0003	0.0000	0.0011	0.0011	0.0000	0.0000	0.0000	0.0000					
10	22	0.0545	3	1	2	0	0	0	0	0	0	N	Y	N	N	N	N	N	N	N	N	N	N	0.0007	0.2164	0.0000	0.0071	0.1772	0.0000	0.0003	10.3695	0.0000	0.0013	0.0015	0.0000	0.0019	0.0019	0.0000	0.0011	0.0012	0.0000	1.9163	0.0067	5.2781	0.2651	0.0108	15.5824	3.0528	0.0001	5.2019	0.0000	445.4197	-0.0000	0.0311	4.0402	1.8226	3.6071	1.1826	0.0001	0.0001	0.0000	0.0000	0.0000	0.0000	0.0001	0.0001	0.0000	0.1250	0.0003	0.1247	0.0071	0.0003	0.0068	0.1180	0.0000	0.1180	0.0750	0.0664	0.0085	0.0218	0.0213	0.0005	0.0532	0.0451	0.0080	0.0652	0.0416	0.0236	0.0266	0.0256	0.0010	0.0386	0.0160	0.0227	0.0007	0.2164	0.0000	0.0071	0.1772	0.0000	0.0003	10.3695	0.0000	1.9163	0.0067	5.2781	0.2651	0.0108	7.0859	3.0528	0.0001	5.2019
10	23	0.0194	2	1	2	0	0	0	0	0	0	N	Y	N	N	N	N	N	N	N	N	N	N	157491.2312	46649.5401	inf	6.3211	6.4214	inf	inf	inf	6.1650	3.5438	23.6903	0.0016	0.0017	0.0000	6.4109	3.6989	24.0361	0.0000	0.0001	0.0000	0.0003	0.0003	0.0000	0.0000	0.0000	0.0000	0.9998	0.0000	0.0715	-0.0000	4.0402	14.0000	3.6071	21.0000	1.9983	0.9992	0.9991	0.0000	0.0000	0.0000	1.9983	0.9992	0.9991	0.0000	0.0000	0.0000	0.0000	0.0000	0.0000	0.0000	0.0000	0.0000	0.3241	0.2820	0.0422	0.0124	0.0118	0.0006	0.3117	0.2701	0.0416	0.2555	0.1316	0.1238	0.0393	0.0380	0.0013	0.2162	0.0937	0.1225	157491.2312	46649.5401	inf	6.3211	6.4214	0.0000	inf	inf	inf	0.0000	0.0001	0.0000	0.0003	0.0003	0.0000	0.0000	0.0000	0.0000	
10	24	0.0540	4	0	1	1	0	0	0	0	0	N	N	N	N	N	N	N	N	N	N	N	N	0.0000	0.0000	0.0000	0.0000	0.0000	0.0000	0.0000	0.0000	0.0000	0.0000	0.0000	0.0000	0.0000	0.0000	0.0000	0.0000	0.0000	0.0000	0.0000	0.0000	4.0402	0.0000	3.6071	0.0000	0.0000	0.0000	0.0000	0.0000	0.0000	0.0000	0.0000	0.0000	0.0000	0.0000	0.0000	0.0000	0.0000	0.0000	0.0000	0.0000	0.0000	0.0000	0.0000	0.0000	0.0000	0.0000	0.0000	0.0000	0.0000	0.0000	0.0000	0.0000	0.0000	0.0000	0.0000	0.0000	0.0000	0.0000	0.0000	0.0000	0.0000	0.0000	0.0000	0.0000	0.0000	0.0000	0.0000	0.0000	0.0000	0.0000	0.0000	0.0000	0.0000	0.0000	0.0000	0.0000	0.0000	0.0000											
10	25	0.0194	2	0	2	0	0	0	0	0	0	N	Y	N	N	N	N	N	N	N	N	N	N	0.0000	0.0000	0.0000	0.0000	0.0000	0.0000	0.0000	0.0000	0.0000	0.0000	0.0000	0.0000	0.0000	0.0000	0.0000	0.0000	0.0000	0.0000	0.0000	0.0000	4.0402	12.0000	3.6071	12.0000	0.0000	0.0000	0.0000	0.0000	0.0000	0.0000	0.0000	0.0000	0.0000	0.0000	0.0000	0.0000	0.0000	0.0000	0.0000	0.0000	0.0000	0.0000	0.2810	0.2444	0.0366	0.0108	0.0103	0.0005	0.2702	0.2341	0.0361	0.1835	0.0945	0.0890	0.0285	0.0276	0.0009	0.1551	0.0669	0.0881	0.0000	0.0000	0.0000	0.0000	0.0000	0.0000	0.0000	0.0000	0.0000	0.0000	0.0000	0.0000	0.0000	0.0000	0.0000	0.0000	0.0000	0.0000											
10	26	0.0340	3	1	1	1	0	0	0	0	0	N	N	N	N	N	N	N	N	N	N	N	N	0.2771	0.0000	1.1084	0.0009	0.0000	0.0894	0.2725	0.0000	1.1563	0.0092	0.0000	0.0673	0.0000	0.0000	0.0001	0.0105	0.0000	0.0706	0.0332	0.0016	0.0607	0.0046	0.0047	0.0009	0.0386	0.0000	0.0610	inf	44.0387	0.0005	0.0006	4.0402	4.5914	3.6071	6.1047	0.0010	0.0000	0.0010	0.0000	0.0000	0.0000	0.0010	0.0000	0.0010	0.0026	0.0001	0.0026	0.0001	0.0001	0.0000	0.0026	0.0000	0.0026	0.1034	0.0893	0.0141	0.0131	0.0125	0.0007	0.0903	0.0768	0.0135	0.0798	0.0372	0.0426	0.0128	0.0126	0.0002	0.0670	0.0246	0.0424	0.2771	0.0000	1.1084	0.0009	0.0000	0.0894	0.2725	0.0000	1.1563	0.0332	0.0016	0.0607	0.0046	0.0047	0.0009	0.0386	0.0000	0.0610
10	27	0.0194	2	0	2	0	0	0	0	0	0	N	Y	N	N	N	N	N	N	N	N	N	N	0.0000	0.0000	0.0000	0.0000	0.0000	0.0000	0.0000	0.0000	0.0000	0.0000	0.0000	0.0000	0.0000	0.0000	0.0000	0.0000	0.0000	0.0000	0.0000	0.0000	4.0402	10.0000	3.6071	11.0000	0.0000	0.0000	0.0000	0.0000	0.0000	0.0000	0.0000	0.0000	0.0000	0.0000	0.0000	0.0000	0.0000	0.0000	0.0000	0.0000	0.0000	0.0000	0.2368	0.2059	0.0309	0.0091	0.0087	0.0004	0.2277	0.1973	0.0305	0.1627	0.0837	0.0790	0.0253	0.0245	0.0008	0.1374	0.0592	0.0782	0.0000	0.0000	0.0000	0.0000	0.0000	0.0000	0.0000	0.0000	0.0000	0.0000	0.0000	0.0000	0.0000	0.0000	0.0000	0.0000	0.0000	0.0000											
10	28	0.0194	2	0	2	0	1	0	0	0	0	N	Y	N	N	N	N	N	N	N	N	N	N	17.0231	10.0737	0.0000	0.0000	inf	inf	0.0031	0.0036	0.0000	0.0000	0.0000	0.0000	0.0033	0.0038	0.0000	0.0002	0.0004	0.0000	0.0012	0.0012	0.0000	0.0000	0.0000	0.0000	0.0000	0.0000	-0.0004	-0.0000	4.0402	13.0000	3.6071	8.0000	0.0009	0.0009	0.0000	0.0000	0.0000	0.0000	0.0009	0.0009	0.0000	0.0000	0.0000	0.0000	0.0000	0.0000	0.0000	0.0000	0.0000	0.0000	0.3027	0.2633	0.0394	0.0116	0.0111	0.0006	0.2911	0.2522	0.0388	0.1627	0.0837	0.0790	0.0253	0.0245	0.0008	0.1374	0.0592	0.0782	17.0231	10.0737	0.0000	0.0000	0.0000	0.0000	inf	inf	0.0000	0.0002	0.0004	0.0000	0.0012	0.0012	0.0000	0.0000	0.0000	0.0000			
10	29	0.0340	3	1	1	1	0	0	0	0	0	N	N	N	N	N	N	N	N	N	N	N	N	0.0006	0.0109	0.0015	0.0270	0.0260	0.0794	0.0004	0.0000	0.0015	0.0000	0.0000	0.0001	0.0001	0.0001	0.0001	0.0000	0.0000	0.0001	0.0496	0.0012	0.0935	0.0027	0.0027	0.0016	0.0620	0.0000	0.0939	1.8509	88.3697	0.0000	0.0006	4.0402	1.9609	3.6071	3.0643	0.0000	0.0000	0.0000	0.0000	0.0000	0.0000	0.0000	0.0000	0.0000	0.0026	0.0000	0.0026	0.0000	0.0000	0.0000	0.0026	0.0000	0.0026	0.0580	0.0498	0.0082	0.0095	0.0091	0.0004	0.0485	0.0407	0.0078	0.0528	0.0251	0.0277	0.0110	0.0109	0.0001	0.0417	0.0142	0.0276	0.0006	0.0109	0.0015	0.0270	0.0260	0.0794	0.0004	0.0000	0.0015	0.0496	0.0012	0.0935	0.0027	0.0027	0.0016	0.0620	0.0000	0.0939
10	30	0.0194	2	1	1	1	0	0	0	0	0	N	N	N	N	N	N	N	N	N	N	N	N	0.0158	0.0006	0.0585	68.5001	0.0000	7667.6142	0.0136	0.0005	0.0576	0.0091	0.0000	0.0691	0.0047	0.0000	0.0958	0.0092	0.0000	0.0687	0.5740	0.0005	1.1810	0.0001	0.0001	0.0000	0.6811	0.0007	1.1927	33314.7643	2176.6843	0.0005	0.0111	4.0402	4.4603	3.6071	5.0070	0.0010	0.0000	0.0010	0.0000	0.0000	0.0000	0.0010	0.0000	0.0010	0.0443	0.0000	0.0443	0.0000	0.0000	0.0000	0.0443	0.0000	0.0443	0.1092	0.0948	0.0143	0.0042	0.0040	0.0002	0.1049	0.0908	0.0141	0.0772	0.0397	0.0375	0.0121	0.0118	0.0004	0.0651	0.0279	0.0371	0.0158	0.0006	0.0585	68.5001	0.0000	7667.6142	0.0136	0.0005	0.0576	0.5740	0.0005	1.1810	0.0001	0.0001	0.0000	0.6811	0.0007	1.1927
10	31	0.0194	2	0	1	1	0	0	0	0	0	N	N	N	N	N	N	N	N	N	N	N	N	0.0000	0.0000	0.0000	0.0000	0.0000	0.0000	0.0000	0.0000	0.0000	0.0000	0.0000	0.0000	0.0000	0.0001	0.0003	0.0000	0.0009	0.0009	0.0000	0.0000	0.0000	0.0000	0.0000	0.0000	-0.0000	4.0402	6.0000	3.6071	13.0000	0.0000	0.0000	0.0000	0.0000	0.0000	0.0000	0.0000	0.0000	0.0000	0.0000	0.0000	0.0000	0.0000	0.0000	0.0000	0.0000	0.0000	0.0000	0.1455	0.1264	0.0191	0.0056	0.0054	0.0003	0.1399	0.1211	0.0188	0.1485	0.0764	0.0721	0.0232	0.0224	0.0007	0.1254	0.0540	0.0714	0.0000	0.0000	0.0000	0.0000	0.0000	0.0000	0.0000	0.0000	0.0000	0.0001	0.0003	0.0000	0.0009	0.0009	0.0000	0.0000	0.0000	0.0000						
10	32	0.0540	4	0	2	0	0	0	0	0	0	N	Y	N	N	N	N	N	N	N	N	N	N	0.0000	0.0000	0.0000	0.0000	0.0000	0.0000	0.0000	0.0000	0.0000	0.0000	0.0000	0.0000	0.0000	0.0000	0.0000	0.0000	0.0000	0.0000	0.0000	0.0000	4.0402	0.0000	3.6071	4.0000	0.0000	0.0000	0.0000	0.0000	0.0000	0.0000	0.0000	0.0000	0.0000	0.0000	0.0000	0.0000	0.0000	0.0000	0.0000	0.0000	0.0000	0.0000	0.0000	0.0000	0.0000	0.0000	0.0000	0.0000	0.0000	0.0000	0.0000	0.0289	0.0158	0.0132	0.0062	0.0058	0.0003	0.0228	0.0099	0.0128	0.0000	0.0000	0.0000	0.0000	0.0000	0.0000	0.0000	0.0000	0.0000	0.0000	0.0000	0.0000	0.0000	0.0000	0.0000	0.0000	0.0000	0.0000											
10	33	0.0504	3	0	1	0	0	0	0	0	0	N	N	N	N	N	N	N	N	N	N	N	N	320.5345	195.9588	0.0000	0.0000	0.0000	0.0000	779961.5124	982440.8159	0.0000	0.2498	0.2764	0.0000	0.0000	0.0000	0.0000	0.4020	0.4726	0.0000	0.0008	0.0014	0.0000	0.0034	0.0036	0.0006	0.0000	0.0000	0.0000	0.0000	0.0081	-0.0000	-0.0000	4.0402	0.0019	3.6071	1.9565	0.0000	0.0000	0.0000	0.0000	0.0000	0.0000	0.0000	0.0000	0.0000	0.0000	0.0000	0.0000	0.0000	0.0000	0.0000	0.0000	0.0000	0.0000	0.0001	0.0001	0.0000	0.0000	0.0000	0.0000	0.0001	0.0001	0.0000	0.0151	0.0083	0.0068	0.0034	0.0033	0.0002	0.0116	0.0050	0.0067	320.5345	195.9588	0.0000	0.0000	0.0000	0.0000	779961.5124	982440.8159	0.0000	0.0008	0.0014	0.0000	0.0034	0.0036	0.0006	0.0000	0.0000	0.0000
10	34	0.0462	4	1	2	1	0	0	0	0	0	N	Y	N	N	N	N	N	N	N	N	N	N	0.0000	0.0000	0.0000	0.0000	0.0000	0.0000	0.0000	0.0000	0.0000	0.0000	0.0000	0.0000	0.0000	0.0000	0.0000	0.0000	0.0000	0.0666	0.0000	0.1407	0.0160	0.0000	0.3938	0.0796	0.0000	0.1362	256791.4767	0.0000	0.0011	4.0402	3.0034	3.6071	4.0042	0.0000	0.0000	0.0000	0.0000	0.0000	0.0000	0.0000	0.0000	0.0000	0.0044	0.0000	0.0044	0.0002	0.0000	0.0002	0.0042	0.0000	0.0042	0.0790	0.0692	0.0098	0.0040	0.0040	0.0001	0.0749	0.0652	0.0097	0.0664	0.0350	0.0314	0.0136	0.0130	0.0006	0.0528	0.0219	0.0308	0.0000	0.0000	0.0000	0.0000	0.0000	0.0000	0.0000	0.0000	0.0000	0.0666	0.0000	0.1407	0.0160	0.0000	0.3938	0.0796	0.0000	0.1362		
10	35	0.0462	4	1	2	1	0	0	0	0	0	N	Y	N	N	N	N	N	N	N	N	N	N	0.0028	0.2038	0.0000	0.2049	1.7668	0.0000	0.0000	0.0000	0.0000	0.0002	0.0002	0.0000	0.0045	0.0046	0.0000	0.0000	0.0000	0.0000	0.0640	0.0010	0.1335	0.0218	0.0026	0.4603	0.0746	0.0001	0.1277	0.0000	122.1804	-0.0000	0.0012	4.0402	4.4649	3.6071	3.5311	0.0000	0.0000	0.0000	0.0000	0.0000	0.0000	0.0000	0.0000	0.0000	0.0047	0.0000	0.0047	0.0003	0.0000	0.0003	0.0044	0.0000	0.0044	0.1134	0.0990	0.0143	0.0045	0.0044	0.0001	0.1089	0.0947	0.0142	0.0741	0.0389	0.0352	0.0148	0.0142	0.0006	0.0593	0.0247	0.0346	0.0028	0.2038	0.0000	0.2049	1.7668	0.0000	0.0000	0.0000	0.0000	0.0640	0.0010	0.1335	0.0218	0.0026	0.4603	0.0746	0.0001	0.1277
10	36	0.0318	3	1	2	1	0	0	0	0	0	N	Y	N	N	N	N	N	N	N	N	N	N	0.0001	0.0088	0.0000	0.0000	0.0000	0.0000	0.0001	0.1310	0.0000	0.0005	0.0006	0.0000	0.0000	0.0000	0.0000	0.0005	0.0006	0.0000	4.9510	0.0650	12.1154	0.1463	0.1283	0.9354	6.7099	0.0048	14.2488	0.0000	140.7767	-0.0000	0.1002	4.0402	1.6626	3.6071	6.4813	0.0000	0.0000	0.0000	0.0000	0.0000	0.0000	0.0000	0.0000	0.0000	0.4103	0.0029	0.4074	0.0032	0.0028	0.0005	0.4071	0.0001	0.4070	0.0397	0.0349	0.0047	0.0029	0.0028	0.0000	0.0368	0.0321	0.0047	0.0829	0.0445	0.0383	0.0222	0.0217	0.0005	0.0607	0.0228	0.0378	0.0001	0.0088	0.0000	0.0000	0.0000	0.0000	0.0001	0.1310	0.0000	4.9510	0.0650	10.6294	0.1463	0.1283	0.9354	6.7099	0.0048	10.7565
10	37	0.0403	3	1	2	0	0	0	0	0	0	N	Y	N	N	N	N	N	N	N	N	N	N	0.0004	0.0002	0.0108	0.0196	0.0179	0.0667	0.0000	0.0000	0.0000	0.0012	0.0014	0.0000	0.0137	0.0142	0.0000	0.0000	0.0000	0.0000	3.2503	5.6461	0.0000	0.7010	0.7911	0.0001	4.3663	9.9278	0.0000	0.0000	0.0000	-0.0001	-0.4559	4.0402	5.8118	3.6071	10.8965	0.0002	0.0002	0.0000	0.0002	0.0002	0.0000	0.0000	0.0000	0.0000	0.6089	0.6089	0.0000	0.0400	0.0400	0.0000	0.5689	0.5689	0.0000	0.1514	0.1328	0.0187	0.0131	0.0127	0.0004	0.1383	0.1200	0.0183	0.1873	0.1078	0.0795	0.0570	0.0505	0.0065	0.1303	0.0573	0.0730	0.0004	0.0002	0.0108	0.0196	0.0179	0.0667	0.0000	0.0000	0.0000	3.2503	5.6461	0.0000	0.7010	0.7911	0.0001	4.3663	9.9278	0.0000
10	38	0.0194	2	1	2	0	0	0	0	0	0	N	Y	N	N	N	N	N	N	N	N	N	N	0.0004	0.0002	0.0000	0.0002	0.0002	0.0000	0.0003	0.0002	0.0000	0.0014	0.0016	0.0000	0.0000	0.0000	0.0000	0.0015	0.0017	0.0000	3.7380	6.7760	0.5200	0.0160	0.0157	0.0276	4.4295	9.6073	0.5249	0.0002	0.0724	-0.0001	-0.2777	4.0402	5.2458	3.6071	8.3786	0.0002	0.0002	0.0000	0.0000	0.0000	0.0000	0.0002	0.0002	0.0000	0.4077	0.3801	0.0275	0.0003	0.0003	0.0000	0.4074	0.3799	0.0275	0.1278	0.1110	0.0167	0.0050	0.0047	0.0002	0.1228	0.1063	0.0165	0.1091	0.0561	0.0530	0.0171	0.0166	0.0005	0.0920	0.0395	0.0524	0.0004	0.0002	0.0000	0.0002	0.0002	0.0000	0.0003	0.0002	0.0000	3.7380	6.7760	0.5200	0.0160	0.0157	0.0276	4.4295	9.6073	0.5249
10	41	0.0504	3	0	1	1	0	0	0	0	0	N	N	N	N	N	N	N	N	N	N	N	N	0.8170	0.5135	0.0000	0.0000	0.0000	0.0000	1506.2282	1891.0186	0.0000	0.0003	0.0004	0.0000	0.0000	0.0000	0.0000	0.0004	0.0004	0.0000	0.0004	0.0007	0.0000	0.0018	0.0019	0.0003	0.0000	0.0000	0.0000	0.0000	0.0081	-0.0000	-0.0000	4.0402	4.0003	3.6071	0.0531	0.0000	0.0000	0.0000	0.0000	0.0000	0.0000	0.0000	0.0000	0.0000	0.0000	0.0000	0.0000	0.0000	0.0000	0.0000	0.0000	0.0000	0.0000	0.0941	0.0823	0.0117	0.0161	0.0153	0.0008	0.0780	0.0671	0.0109	0.0301	0.0164	0.0137	0.0066	0.0063	0.0003	0.0235	0.0101	0.0133	0.8170	0.5135	0.0000	0.0000	0.0000	0.0000	1506.2282	1891.0186	0.0000	0.0004	0.0007	0.0000	0.0018	0.0019	0.0003	0.0000	0.0000	0.0000
10	42	0.0194	2	0	1	0	0	0	0	0	0	N	N	N	N	N	N	N	N	N	N	N	N	33460.9549	21680.4455	0.0000	0.0000	0.0000	54862.7170	32544.7718	0.0000	4.6615	5.3620	0.0000	0.0000	0.0000	0.0000	4.8486	5.5984	0.0000	0.0001	0.0002	0.0000	0.0004	0.0004	0.0000	0.0001	0.0002	0.0000	0.0000	0.0945	-0.4639	-0.0000	4.0402	8.9997	3.6071	11.0444	0.9994	0.9994	0.0000	0.0000	0.0000	0.0000	0.9994	0.9994	0.0000	0.0000	0.0000	0.0000	0.0000	0.0000	0.0000	0.0000	0.0000	0.0000	0.2144	0.1864	0.0280	0.0083	0.0079	0.0004	0.2061	0.1785	0.0276	0.1560	0.0803	0.0757	0.0243	0.0235	0.0008	0.1317	0.0567	0.0749	33460.9549	21680.4455	0.0000	0.0000	0.0000	0.0000	54862.7170	32544.7718	0.0000	0.0001	0.0002	0.0000	0.0004	0.0004	0.0000	0.0001	0.0002	0.0000	
10	43	0.0194	2	1	2	1	0	0	0	0	0	N	Y	N	N	N	N	N	N	N	N	N	N	0.0008	0.0000	0.0014	0.0003	0.0000	0.0002	0.0008	0.0020	0.0061	0.0000	0.0470	0.0022	0.0000	0.0448	0.0063	0.0000	0.0470	7.8735	0.0001	32.4739	6.5761	0.0004	204.7813	8.1122	0.0000	24.0804	inf	138892.0000	0.0008	0.3490	4.0402	10.0000	3.6071	13.0000	0.0014	0.0000	0.0014	0.0000	0.0000	0.0000	0.0014	0.0000	0.0014	1.3889	0.0000	1.3889	0.1803	0.0000	0.1803	1.2087	0.0000	1.2087	0.2365	0.2056	0.0309	0.0091	0.0087	0.0004	0.2274	0.1969	0.0304	0.1764	0.0908	0.0856	0.0274	0.0265	0.0009	0.1490	0.0643	0.0847	0.0008	0.0000	0.0029	0.0003	0.0000	0.0002	0.0008	0.0000	0.0033	7.8735	0.0001	16.2270	6.5761	0.0004	204.7813	8.1122	0.0000	14.2678	
10	44	0.0194	2	0	2	0	0	0	0	0	0	N	Y	N	N	N	N	N	N	N	N	N	N	0.8545	0.0000	1.9095	0.6840	0.0000	inf	0.7505	2.0695	5.2117	0.0000	39.8609	0.0014	0.0000	0.0275	5.4211	0.0000	40.4471	6.0995	0.0006	20.8752	0.0020	0.0020	0.0000	7.2235	0.0000	19.5444	inf	19848.0000	0.5353	0.2493	4.0402	8.0000	3.6071	13.0000	0.9991	0.0000	0.9991	0.0000	0.0000	0.0000	0.9991	0.0000	0.9991	0.9924	0.0000	0.9924	0.0000	0.0000	0.0000	0.9924	0.0000	0.9924	0.1917	0.1666	0.0251	0.0074	0.0070	0.0004	0.1843	0.1596	0.0247	0.1627	0.0837	0.0790	0.0253	0.0245	0.0008	0.1374	0.0592	0.0782	0.8545	0.0000	3.1716	0.6840	0.0000	inf	0.7505	0.0000	3.1854	6.0995	0.0006	12.5681	0.0020	0.0020	0.0000	7.2235	0.0000	12.6978	
10	45	0.0194	2	0	2	0	0	0	0	0	0	N	Y	N	N	N	N	N	N	N	N	N	N	0.0000	0.0000	0.0000	0.0000	0.0000	0.0000	0.0000	0.0000	0.0000	0.0000	0.0000	0.0000	0.0000	0.0000	0.0000	0.0000	0.0000	0.0000	0.0000	0.0000	4.0402	10.0000	3.6071	12.0000	0.0000	0.0000	0.0000	0.0000	0.0000	0.0000	0.0000	0.0000	0.0000	0.0000	0.0000	0.0000	0.0000	0.0000	0.0000	0.0000	0.0000	0.0000	0.2368	0.2059	0.0309	0.0091	0.0087	0.0004	0.2277	0.1973	0.0305	0.1697	0.0874	0.0824	0.0264	0.0255	0.0008	0.1433	0.0618	0.0815	0.0000	0.0000	0.0000	0.0000	0.0000	0.0000	0.0000	0.0000	0.0000	0.0000	0.0000	0.0000	0.0000	0.0000	0.0000	0.0000	0.0000	0.0000											
10	46	0.0318	3	1	1	1	0	0	0	0	0	N	N	N	N	N	N	N	N	N	N	N	N	0.0000	0.0000	0.0000	0.0000	0.0000	0.0000	0.0000	0.0000	0.0000	0.0000	0.0000	0.0000	0.0000	0.0000	0.0000	0.0000	0.0000	5.4243	0.0000	18.1895	0.0218	0.0000	1.0650	7.5650	0.0000	16.5073	47582063.4860	0.0000	0.1028	4.0402	1.8806	3.6071	4.9930	0.0000	0.0000	0.0000	0.0000	0.0000	0.0000	0.0000	0.0000	0.0000	0.4092	0.0000	0.4092	0.0005	0.0000	0.0005	0.4087	0.0000	0.4087	0.0441	0.0388	0.0053	0.0029	0.0029	0.0000	0.0412	0.0359	0.0053	0.0754	0.0407	0.0347	0.0214	0.0210	0.0004	0.0540	0.0197	0.0343	0.0000	0.0000	0.0000	0.0000	0.0000	0.0000	0.0000	0.0000	0.0000	5.4243	0.0000	11.7858	0.0218	0.0000	1.0650	7.5650	0.0000	11.9227		
10	47	0.0194	2	1	1	1	0	0	0	0	0	N	N	N	N	N	N	N	N	N	N	N	N	0.0009	0.0000	0.0013	0.2393	0.0000	0.1243	0.0008	0.0000	0.0012	0.0276	0.0000	0.2098	0.0098	0.0000	0.1979	0.0283	0.0000	0.2099	29.5649	0.0102	166.3348	0.0408	0.0000	1.5925	35.0943	0.0145	168.8001	inf	5661.2251	0.0008	0.3887	4.0402	2.1193	3.6071	4.2095	0.0014	0.0000	0.0014	0.0000	0.0000	0.0000	0.0014	0.0000	0.0014	1.5482	0.0003	1.5479	0.0003	0.0000	0.0003	1.5479	0.0003	1.5476	0.0526	0.0457	0.0069	0.0020	0.0019	0.0001	0.0506	0.0438	0.0068	0.0524	0.0269	0.0254	0.0083	0.0080	0.0002	0.0441	0.0189	0.0252	0.0009	0.0000	0.0034	0.2393	0.0000	0.1450	0.0008	0.0000	0.0034	29.5649	0.0102	60.8284	0.0408	0.0000	1.3650	35.0943	0.0145	61.4115
10	48	0.0194	2	0	2	0	1	0	0	0	0	N	Y	N	N	N	N	N	N	N	N	N	N	0.0000	0.0000	0.0000	0.0000	0.0000	0.0000	0.0000	0.0000	0.0000	0.0000	0.0000	0.0000	0.0000	0.0000	0.0001	0.0000	0.0003	0.0003	0.0000	0.0000	0.0000	0.0000	0.0000	0.0000	-0.0000	4.0402	11.0000	3.6071	18.0000	0.0000	0.0000	0.0000	0.0000	0.0000	0.0000	0.0000	0.0000	0.0000	0.0000	0.0000	0.0000	0.0000	0.0000	0.0000	0.0000	0.0000	0.0000	0.2590	0.2253	0.0338	0.0100	0.0095	0.0005	0.2491	0.2158	0.0333	0.2171	0.1118	0.1053	0.0336	0.0325	0.0011	0.1835	0.0794	0.1042	0.0000	0.0000	0.0000	0.0000	0.0000	0.0000	0.0000	0.0000	0.0000	0.0000	0.0001	0.0000	0.0003	0.0003	0.0000	0.0000	0.0000	0.0000						
10	49	0.0194	2	0	2	0	0	0	0	0	0	N	Y	N	N	N	N	N	N	N	N	N	N	inf	inf	inf	inf	0.0065	0.0075	0.0000	0.0000	0.0000	0.0000	0.0068	0.0078	0.0000	0.0000	0.0000	0.0000	0.0000	0.0000	0.0000	0.0000	0.0000	0.0000	0.0000	-0.0004	0.0000	4.0402	6.0000	3.6071	11.0000	0.0009	0.0009	0.0000	0.0000	0.0000	0.0000	0.0009	0.0009	0.0000	0.0000	0.0000	0.0000	0.0000	0.0000	0.0000	0.0000	0.0000	0.0000	0.1455	0.1264	0.0191	0.0056	0.0054	0.0003	0.1399	0.1211	0.0188	0.1341	0.0690	0.0651	0.0209	0.0203	0.0007	0.1131	0.0487	0.0644	inf	inf	0.0000	0.0000	0.0000	0.0000	inf	inf	0.0000	0.0000	0.0000	0.0000	0.0000	0.0000	0.0000	0.0000	0.0000	0.0000						
10	51	0.0465	3	0	2	0	1	0	0	0	0	N	Y	N	N	N	N	N	N	N	N	N	N	0.0010	0.0008	0.0000	0.0011	0.0011	0.0097	inf	0.0000	0.0000	0.0000	0.0000	0.0000	0.0000	0.0000	0.0000	0.0000	0.0000	0.0055	0.0072	0.0001	0.0106	0.0110	0.0000	0.0001	0.0000	0.0001	0.0000	0.0058	-0.0000	-0.0006	4.0402	0.9739	3.6071	0.0244	0.0000	0.0000	0.0000	0.0000	0.0000	0.0000	0.0000	0.0000	0.0000	0.0008	0.0008	0.0000	0.0008	0.0008	0.0000	0.0000	0.0000	0.0000	0.1559	0.1454	0.0105	0.0703	0.0697	0.0005	0.0856	0.0757	0.0100	0.1446	0.1101	0.0345	0.0743	0.0715	0.0028	0.0702	0.0386	0.0317	0.0010	0.0008	0.0000	0.0011	0.0011	0.0000	0.0097	inf	0.0000	0.0055	0.0072	0.0001	0.0106	0.0110	0.0000	0.0001	0.0000	0.0001	
10	52	0.0194	2	0	2	0	1	0	0	0	0	N	Y	N	N	N	N	N	N	N	N	N	N	0.0018	0.0271	0.0000	6.2570	11.6667	0.0000	0.0002	0.0009	0.0000	0.0065	0.0075	0.0000	0.1487	0.1563	0.0000	0.0008	0.0010	0.0000	3.6960	0.2770	7.3205	0.0238	0.0134	0.3425	4.3749	1.0168	7.3918	0.0000	24.9315	-0.0007	0.1120	4.0402	10.0170	3.6071	8.1377	0.0015	0.0015	0.0000	0.0014	0.0014	0.0000	0.0002	0.0002	0.0000	0.5264	0.0203	0.5061	0.0005	0.0003	0.0002	0.5259	0.0200	0.5059	0.2372	0.2063	0.0310	0.0091	0.0087	0.0004	0.2281	0.1976	0.0305	0.1424	0.0733	0.0691	0.0222	0.0215	0.0007	0.1202	0.0518	0.0684	0.0018	0.0271	0.0000	6.2570	11.6667	0.0000	0.0002	0.0025	0.0000	3.6960	0.2770	7.3205	0.0238	0.0134	0.3425	4.3749	0.3866	7.3918
10	53	0.0545	3	1	2	0	0	0	0	0	0	N	Y	N	N	N	N	N	N	N	N	N	N	0.0000	0.0000	0.0000	0.0000	0.0000	0.0000	0.0000	0.0000	0.0000	0.0000	0.0000	0.0000	0.0000	0.0000	0.0000	0.0000	0.0000	0.0000	0.0065	0.0001	0.0161	0.0002	0.0002	0.0000	0.0099	0.0000	0.0168	90.3766	0.0000	0.0001	4.0402	1.0294	3.6071	5.0054	0.0000	0.0000	0.0000	0.0000	0.0000	0.0000	0.0000	0.0000	0.0000	0.0006	0.0000	0.0006	0.0000	0.0000	0.0000	0.0006	0.0000	0.0006	0.0563	0.0502	0.0061	0.0209	0.0204	0.0004	0.0354	0.0298	0.0057	0.0881	0.0531	0.0350	0.0313	0.0298	0.0014	0.0568	0.0232	0.0336	0.0000	0.0000	0.0000	0.0000	0.0000	0.0000	0.0000	0.0000	0.0000	0.0065	0.0001	0.0161	0.0002	0.0002	0.0000	0.0099	0.0000	0.0168	
10	54	0.0194	2	1	2	0	0	0	0	0	0	N	Y	N	N	N	N	N	N	N	N	N	N	0.0005	0.0281	0.0000	0.0000	0.0000	0.0000	0.0004	0.0052	0.0000	0.0026	0.0029	0.0000	0.0000	0.0000	0.0000	0.0027	0.0031	0.0000	5.3111	0.1049	13.8000	0.1054	0.0933	0.4719	6.2696	0.5969	14.4952	0.0001	97.3326	-0.0002	0.2189	4.0402	7.2033	3.6071	14.9709	0.0004	0.0004	0.0000	0.0000	0.0000	0.0000	0.0004	0.0004	0.0000	0.9078	0.0092	0.8986	0.0028	0.0024	0.0004	0.9050	0.0068	0.8982	0.1734	0.1507	0.0227	0.0067	0.0064	0.0003	0.1667	0.1444	0.0224	0.1709	0.0880	0.0829	0.0266	0.0257	0.0009	0.1444	0.0623	0.0821	0.0005	0.0281	0.0000	0.0000	0.0000	0.0000	0.0004	0.0280	0.0000	5.3111	0.1049	10.8340	0.1054	0.0933	0.4719	6.2696	0.1097	10.9414
10	58	0.2134	5	0	1	0	0	0	0	0	0	N	N	N	N	N	N	N	N	N	N	N	N	0.0063	0.0280	0.0003	0.0533	0.0510	inf	0.0001	204.9952	0.0002	0.0017	0.0019	0.0002	0.0048	0.0049	0.0005	0.0000	0.0000	0.0002	0.2714	0.0672	0.6777	0.0892	0.0961	0.0000	0.4547	0.0000	0.7594	0.0123	5.0716	-0.0006	0.0213	4.0402	16.5869	3.6071	24.5040	0.0013	0.0013	0.0000	0.0013	0.0013	0.0000	0.0000	0.0000	0.0000	0.2462	0.0405	0.2056	0.0405	0.0405	0.0000	0.2056	0.0000	0.2056	0.7738	0.6948	0.0791	0.2732	0.2638	0.0094	0.5006	0.4310	0.0697	0.9069	0.6035	0.3034	0.4547	0.4220	0.0326	0.4522	0.1814	0.2708	0.0063	0.0280	0.0003	0.0533	0.0510	inf	0.0001	204.9952	0.0002	0.2714	0.0672	0.6777	0.0892	0.0961	0.0000	0.4547	0.0000	0.7594
11	12	0.0710	3	1	2	0	1	0	0	0	0	N	Y	N	N	N	N	N	N	N	N	N	N	0.0055	0.0043	0.0175	0.0112	0.0087	0.2596	0.0000	0.0000	0.0000	0.0000	0.0000	0.0000	0.0000	0.0000	0.0000	0.0000	0.0000	0.0000	0.0009	0.0013	0.0000	0.0015	0.0020	0.0000	0.0000	0.0000	0.0000	0.0134	0.0135	-0.0000	-0.0003	7.1434	1.9891	7.2869	3.0036	0.0000	0.0000	0.0000	0.0000	0.0000	0.0000	0.0000	0.0000	0.0000	0.0004	0.0004	0.0000	0.0004	0.0004	0.0000	0.0000	0.0000	0.0000	0.1690	0.1531	0.0159	0.0501	0.0492	0.0009	0.1189	0.1039	0.0151	0.4499	0.3145	0.1354	0.2686	0.2061	0.0624	0.1813	0.1084	0.0730	0.0055	0.0043	0.0175	0.0112	0.0087	0.2596	0.0000	0.0000	0.0000	0.0009	0.0013	0.0000	0.0015	0.0020	0.0000	0.0000	0.0000	0.0000
11	13	0.0501	2	0	2	0	1	0	0	0	0	N	Y	N	N	N	N	N	N	N	N	N	N	1.0548	308.0405	0.0016	10.4329	10.0320	inf	0.9473	inf	0.0014	2.3713	2.6366	0.0102	0.1844	0.1875	0.0261	3.1198	3.5806	0.0094	2.2480	0.0086	6.5740	0.0177	0.0187	0.0000	3.2933	0.0000	6.9258	0.0004	397.6135	-0.6904	0.2489	7.1434	9.0000	7.2869	10.0000	1.4887	1.4880	0.0006	0.0295	0.0294	0.0001	1.4591	1.4586	0.0006	1.0005	0.0025	0.9980	0.0025	0.0025	0.0000	0.9980	0.0000	0.9980	0.6278	0.5644	0.0634	0.1601	0.1570	0.0031	0.4677	0.4074	0.0604	0.4451	0.2933	0.1518	0.1420	0.1343	0.0077	0.3030	0.1589	0.1441	1.0548	308.0405	0.0016	10.4329	10.0320	inf	0.9473	inf	0.0014	2.2480	0.0086	6.5740	0.0177	0.0187	0.0000	3.2933	0.0000	6.9258
11	14	0.0625	3	1	1	1	1	0	0	0	0	N	N	N	N	N	N	N	N	N	N	N	N	0.0006	0.0004	0.0000	0.0009	0.0009	0.0000	0.0000	0.0000	0.0000	0.0004	0.0004	0.0000	0.0013	0.0013	0.0000	0.0000	0.0000	0.0000	0.6319	1.0387	0.0001	1.3926	1.4538	0.0003	0.0001	0.0000	0.0001	0.0000	0.0001	-0.0001	-0.2104	7.1434	3.8806	7.2869	3.0092	0.0001	0.0001	0.0000	0.0001	0.0001	0.0000	0.0000	0.0000	0.0000	0.2810	0.2809	0.0000	0.2809	0.2809	0.0000	0.0000	0.0000	0.0000	0.3311	0.3008	0.0303	0.0995	0.0978	0.0018	0.2316	0.2030	0.0286	0.4446	0.2705	0.1741	0.2017	0.1932	0.0085	0.2429	0.0772	0.1656	0.0006	0.0004	0.0000	0.0009	0.0009	0.0000	0.0000	0.0000	0.0000	0.6319	1.0387	0.0001	1.3926	1.4538	0.0003	0.0001	0.0000	0.0001
11	15	0.1011	4	0	2	0	1	0	0	0	0	N	Y	N	N	N	N	N	N	N	N	N	N	0.0079	2.4031	0.0000	0.1953	4.8250	0.0002	0.0000	0.1941	0.0000	0.0084	0.0094	0.0001	0.0306	0.0314	0.0009	0.0000	0.0000	0.0001	1.0742	0.0039	3.0883	0.1564	0.0065	4.5199	1.7115	0.0001	3.1013	0.0017	420.6344	-0.0006	0.1061	7.1434	2.0122	7.2869	8.2883	0.0013	0.0013	0.0000	0.0013	0.0013	0.0000	0.0000	0.0000	0.0000	0.4264	0.0010	0.4254	0.0255	0.0010	0.0245	0.4010	0.0000	0.4010	0.1555	0.1398	0.0157	0.0429	0.0417	0.0012	0.1126	0.0981	0.0145	0.3970	0.2592	0.1378	0.1627	0.1542	0.0085	0.2343	0.1050	0.1293	0.0079	2.4031	0.0000	0.1953	4.8250	0.0003	0.0000	0.1941	0.0000	1.0742	0.0039	3.0883	0.1564	0.0065	2.8895	1.7115	0.0001	3.1013
11	16	0.1002	4	0	2	0	1	0	0	0	0	N	Y	N	N	N	N	N	N	N	N	N	N	0.0007	0.0238	0.0001	0.0278	0.1361	0.0002	0.0000	0.0170	0.0001	0.0005	0.0006	0.0002	0.0050	0.0052	0.0004	0.0000	0.0000	0.0002	0.7269	0.0252	1.8371	0.1808	0.0385	2.6769	1.1375	0.0000	1.8088	0.0423	46.1254	-0.0000	0.0715	7.1434	2.0840	7.2869	8.3569	0.0001	0.0001	0.0000	0.0001	0.0001	0.0000	0.0000	0.0000	0.0000	0.3109	0.0066	0.3043	0.0332	0.0066	0.0266	0.2777	0.0000	0.2777	0.0971	0.0842	0.0129	0.0101	0.0096	0.0004	0.0870	0.0745	0.0125	0.4277	0.2621	0.1657	0.1836	0.1715	0.0121	0.2442	0.0906	0.1536	0.0007	0.0238	0.0001	0.0278	0.1361	0.0002	0.0000	0.0170	0.0001	0.7269	0.0252	1.8371	0.1808	0.0385	2.1971	1.1375	0.0000	1.8088
11	17	0.0501	2	1	2	0	1	0	0	0	0	N	Y	N	N	N	N	N	N	N	N	N	N	0.0001	0.2461	0.0000	0.0165	0.4041	0.0000	0.0000	0.0000	0.0005	0.0006	0.0000	0.0021	0.0021	0.0000	0.0000	0.0000	0.0000	3.8296	0.0024	16.2076	0.1279	0.0053	3.4699	5.5667	0.0000	16.0987	0.0000	2384.0656	-0.0001	0.3649	7.1434	6.0000	7.2869	10.0000	0.0002	0.0002	0.0000	0.0002	0.0002	0.0000	0.0000	0.0000	0.0000	1.4549	0.0006	1.4543	0.0155	0.0006	0.0149	1.4394	0.0000	1.4394	0.4266	0.3835	0.0431	0.1092	0.1070	0.0021	0.3175	0.2765	0.0410	0.3799	0.2503	0.1296	0.1213	0.1147	0.0066	0.2586	0.1356	0.1230	0.0001	0.2461	0.0000	0.0165	0.4041	0.0000	0.0000	0.0000	0.0000	3.8296	0.0024	11.2213	0.1279	0.0053	2.2568	5.5667	0.0000	11.7029	
11	18	0.1011	4	0	2	0	1	0	0	0	0	N	Y	N	N	N	N	N	N	N	N	N	N	0.0007	0.0001	0.6737	0.0010	0.0002	1.0602	0.0000	0.0000	0.0000	0.0001	0.0000	0.0007	0.0003	0.0001	0.0115	0.0000	0.0000	0.0000	0.1392	0.2113	0.0010	0.3508	0.3703	0.0108	0.0002	0.0001	0.0004	2.9999	0.0025	0.0000	-0.0499	7.1434	5.9999	7.2869	8.2406	0.0000	0.0000	0.0000	0.0000	0.0000	0.0000	0.0000	0.0000	0.0000	0.0669	0.0667	0.0002	0.0668	0.0667	0.0001	0.0001	0.0000	0.0001	0.4350	0.3911	0.0439	0.1149	0.1123	0.0026	0.3201	0.2788	0.0413	0.4807	0.3157	0.1649	0.1905	0.1801	0.0103	0.2902	0.1356	0.1546	0.0007	0.0001	0.6737	0.0010	0.0002	1.0602	0.0000	0.0000	0.0000	0.1392	0.2113	0.0010	0.3508	0.3703	0.0108	0.0002	0.0001	0.0004
11	19	0.0864	3	0	1	0	1	0	0	0	0	N	N	N	N	N	N	N	N	N	N	N	N	0.0573	0.0742	0.0028	0.0685	0.0694	0.0267	0.0572	2.1077	0.0006	0.0173	0.0190	0.0011	0.0276	0.0281	0.0097	0.0129	0.0147	0.0002	0.3010	0.2564	0.3821	0.4025	0.4047	0.3645	0.2252	0.0070	0.3834	0.0061	0.8204	-0.0006	-0.0374	7.1434	0.9481	7.2869	8.0223	0.0014	0.0014	0.0000	0.0007	0.0007	0.0000	0.0007	0.0007	0.0000	0.1253	0.0689	0.0565	0.0717	0.0682	0.0035	0.0536	0.0007	0.0529	0.0815	0.0735	0.0080	0.0243	0.0236	0.0007	0.0572	0.0498	0.0073	0.4164	0.2686	0.1478	0.1781	0.1684	0.0097	0.2382	0.1001	0.1381	0.0573	0.0742	0.0028	0.0685	0.0694	0.0267	0.0572	2.1077	0.0006	0.3010	0.2564	0.3821	0.4025	0.4047	0.3645	0.2252	0.0070	0.3834
11	20	0.0501	2	0	2	0	1	0	0	0	0	N	Y	N	N	N	N	N	N	N	N	N	N	0.0000	0.0000	0.0000	0.0000	0.0000	0.0000	0.0000	0.0000	0.0000	0.0000	0.0000	0.0000	0.0000	0.0000	0.0000	0.0000	4.9895	0.0002	25.3067	0.0005	0.0005	0.0000	7.3386	0.0000	32.8536	32773.3333	0.0000	0.2470	7.1434	2.0000	7.2869	6.0000	0.0000	0.0000	0.0000	0.0000	0.0000	0.0000	0.0000	0.0000	0.0000	0.9832	0.0000	0.9832	0.0000	0.0000	0.0000	0.9832	0.0000	0.9832	0.1460	0.1313	0.0147	0.0375	0.0368	0.0007	0.1085	0.0945	0.0140	0.1971	0.1298	0.0673	0.0631	0.0596	0.0035	0.1340	0.0702	0.0638	0.0000	0.0000	0.0000	0.0000	0.0000	0.0000	0.0000	0.0000	0.0000	4.9895	0.0002	14.6194	0.0005	0.0005	0.0000	7.3386	0.0000	15.4124			
11	21	0.0501	2	0	2	0	1	0	0	0	0	N	Y	N	N	N	N	N	N	N	N	N	N	1.0321	0.3744	3.4865	0.2319	0.0875	0.4089	0.9903	inf	3.6441	0.9596	0.0012	9.4821	0.0397	0.0006	2.0752	1.2722	0.0015	9.8492	0.9298	0.0033	2.7196	0.1711	0.0073	5.0752	1.2846	0.0000	2.7028	856.2075	423.1724	0.4858	0.1225	7.1434	14.0000	7.2869	9.0000	0.9086	0.0011	0.9076	0.0095	0.0001	0.0094	0.8991	0.0009	0.8982	0.4920	0.0012	0.4909	0.0289	0.0012	0.0277	0.4632	0.0000	0.4632	0.9469	0.8512	0.0957	0.2402	0.2357	0.0045	0.7067	0.6155	0.0912	0.5292	0.3487	0.1805	0.1687	0.1595	0.0091	0.3606	0.1892	0.1714	1.0321	0.3744	3.4865	0.2319	0.0875	0.6836	0.9903	inf	3.6441	0.9298	0.0033	2.7196	0.1711	0.0073	3.0359	1.2846	0.0000	2.7028
11	22	0.0853	3	1	2	0	1	0	0	0	0	N	Y	N	N	N	N	N	N	N	N	N	N	0.7274	0.1655	0.9886	0.8853	0.2320	0.9993	0.6444	0.0058	0.9786	0.3103	0.0005	1.0142	0.0528	0.0008	1.3986	0.5080	0.0000	0.9928	0.4267	0.0027	1.0259	0.0597	0.0032	1.3997	0.7883	0.0007	1.0145	981.6819	264.0948	0.0633	0.0476	7.1434	1.8226	7.2869	1.1826	0.1183	0.0001	0.1182	0.0087	0.0001	0.0086	0.1095	0.0000	0.1095	0.1924	0.0007	0.1917	0.0134	0.0007	0.0127	0.1791	0.0000	0.1790	0.3812	0.2646	0.1165	0.1655	0.1593	0.0062	0.2157	0.1053	0.1103	0.4510	0.2642	0.1869	0.2239	0.2135	0.0104	0.2272	0.0507	0.1765	0.7274	0.1655	0.9886	0.8853	0.2320	1.1468	0.6444	0.0058	0.9786	0.4267	0.0027	1.0259	0.0597	0.0032	1.2196	0.7883	0.0007	1.0145
11	23	0.0501	2	1	2	0	1	0	0	0	0	N	Y	N	N	N	N	N	N	N	N	N	N	78.4166	0.0176	inf	5.9123	0.0291	inf	inf	inf	0.5161	0.0002	5.1045	0.1226	0.0006	6.4801	0.6499	0.0000	5.0363	0.0066	0.0100	0.0000	0.0207	0.0219	0.0000	0.0000	0.0000	0.0000	3257.2000	0.0000	0.2617	-0.0038	7.1434	14.0000	7.2869	21.0000	0.4887	0.0002	0.4886	0.0294	0.0002	0.0293	0.4593	0.0000	0.4593	0.0050	0.0050	0.0000	0.0050	0.0050	0.0000	0.0000	0.0000	0.0000	0.9469	0.8512	0.0957	0.2402	0.2357	0.0045	0.7067	0.6155	0.0912	0.7642	0.5036	0.2606	0.2426	0.2297	0.0130	0.5216	0.2739	0.2476	78.4166	0.0176	inf	5.9123	0.0291	inf	inf	0.0000	inf	0.0066	0.0100	0.0000	0.0207	0.0219	0.0000	0.0000	0.0000	0.0000	
11	24	0.0847	4	0	1	1	1	0	0	0	0	N	N	N	N	N	N	N	N	N	N	N	N	0.0000	0.0000	0.0000	0.0000	0.0000	0.0000	0.0000	0.0000	0.0000	0.0000	0.0000	0.0000	0.0000	0.0000	0.0000	0.0000	0.0000	0.0000	0.0000	0.0000	7.1434	0.0000	7.2869	0.0000	0.0000	0.0000	0.0000	0.0000	0.0000	0.0000	0.0000	0.0000	0.0000	0.0000	0.0000	0.0000	0.0000	0.0000	0.0000	0.0000	0.0000	0.0000	0.0000	0.0000	0.0000	0.0000	0.0000	0.0000	0.0000	0.0000	0.0000	0.0000	0.0000	0.0000	0.0000	0.0000	0.0000	0.0000	0.0000	0.0000	0.0000	0.0000	0.0000	0.0000	0.0000	0.0000	0.0000	0.0000	0.0000	0.0000	0.0000	0.0000	0.0000	0.0000	0.0000	0.0000	0.0000	0.0000											
11	25	0.0501	2	0	2	0	1	0	0	0	0	N	Y	N	N	N	N	N	N	N	N	N	N	185.8854	136.2592	6.7843	6.5416	inf	inf	0.5714	0.6356	0.0000	0.0655	0.0667	0.0000	0.7438	0.8541	0.0000	0.0031	0.0047	0.0000	0.0096	0.0102	0.0000	0.0000	0.0000	0.0000	0.0000	0.0000	-0.2179	-0.0013	7.1434	12.0000	7.2869	12.0000	0.4695	0.4695	0.0000	0.0137	0.0137	0.0000	0.4558	0.4558	0.0000	0.0017	0.0017	0.0000	0.0017	0.0017	0.0000	0.0000	0.0000	0.0000	0.8216	0.7386	0.0830	0.2088	0.2049	0.0040	0.6127	0.5337	0.0791	0.5498	0.3623	0.1875	0.1752	0.1657	0.0095	0.3746	0.1966	0.1780	185.8854	136.2592	0.0000	6.7843	6.5416	0.0000	inf	inf	0.0000	0.0031	0.0047	0.0000	0.0096	0.0102	0.0000	0.0000	0.0000	0.0000			
11	26	0.0648	3	1	1	1	1	0	0	0	0	N	N	N	N	N	N	N	N	N	N	N	N	0.0098	0.0562	0.0229	0.1151	0.1027	2.3777	0.0068	0.0025	0.0219	0.0022	0.0004	0.0163	0.0015	0.0014	0.0069	0.0025	0.0000	0.0168	0.2285	0.0073	0.7148	0.0130	0.0135	0.0029	0.3663	0.0000	0.7647	5.1764	44.7206	0.0002	0.0127	7.1434	4.5914	7.2869	6.1047	0.0006	0.0001	0.0005	0.0001	0.0001	0.0000	0.0005	0.0000	0.0005	0.0555	0.0012	0.0543	0.0012	0.0012	0.0000	0.0543	0.0000	0.0543	0.2787	0.2467	0.0320	0.0741	0.0727	0.0014	0.2046	0.1740	0.0306	0.2428	0.1669	0.0759	0.0947	0.0897	0.0050	0.1481	0.0772	0.0709	0.0098	0.0562	0.0229	0.1151	0.1027	2.3777	0.0068	0.0025	0.0219	0.2285	0.0073	0.7148	0.0130	0.0135	0.0029	0.3663	0.0000	0.7647
11	27	0.0501	2	0	2	0	1	0	0	0	0	N	Y	N	N	N	N	N	N	N	N	N	N	410.0599	154.0733	inf	12.1020	7.2728	inf	inf	inf	inf	1.3205	0.7530	6.3703	0.1222	0.0777	2.4108	1.7301	1.0130	6.5706	0.0032	0.0049	0.0000	0.0101	0.0107	0.0000	0.0000	0.0000	0.0000	0.9508	0.0000	0.0213	-0.0012	7.1434	10.0000	7.2869	11.0000	0.9154	0.4692	0.4461	0.0216	0.0134	0.0081	0.8938	0.4558	0.4380	0.0016	0.0016	0.0000	0.0016	0.0016	0.0000	0.0000	0.0000	0.0000	0.6932	0.6232	0.0700	0.1766	0.1732	0.0034	0.5166	0.4499	0.0667	0.4875	0.3212	0.1663	0.1555	0.1470	0.0084	0.3321	0.1742	0.1579	410.0599	154.0733	inf	12.1020	7.2728	inf	inf	inf	inf	0.0032	0.0049	0.0000	0.0101	0.0107	0.0000	0.0000	0.0000	0.0000
11	28	0.0501	2	0	2	0	2	0	0	0	0	N	Y	N	Y	N	N	N	N	N	N	N	N	1.0744	634.5546	0.0000	1.0542	47.1631	0.0000	0.9940	inf	0.0000	1.0832	1.2049	0.0000	0.1920	0.1956	0.0000	1.3865	1.5919	0.0000	1.0081	0.0019	2.9521	0.1821	0.0041	5.8826	1.3949	0.0000	2.9342	0.0000	804.7213	-0.4448	0.1229	7.1434	13.0000	7.2869	8.0000	0.9582	0.9582	0.0000	0.0431	0.0431	0.0000	0.9151	0.9151	0.0000	0.4915	0.0006	0.4909	0.0283	0.0006	0.0277	0.4632	0.0000	0.4632	0.8846	0.7952	0.0894	0.2246	0.2204	0.0042	0.6600	0.5748	0.0852	0.4875	0.3212	0.1663	0.1555	0.1470	0.0084	0.3321	0.1742	0.1579	1.0744	634.5546	0.0000	1.0542	47.1631	0.0000	0.9940	inf	0.0000	1.0081	0.0019	2.9521	0.1821	0.0041	3.2874	1.3949	0.0000	2.9342
11	29	0.0648	3	1	1	1	1	0	0	0	0	N	N	N	N	N	N	N	N	N	N	N	N	0.0111	0.1057	0.0246	0.2090	0.1867	105.3707	0.0077	0.0037	0.0238	0.0042	0.0008	0.0286	0.0028	0.0026	0.0111	0.0047	0.0000	0.0295	0.3765	0.0079	1.1611	0.0135	0.0141	0.0001	0.6163	0.0000	1.2368	4.7095	69.2897	0.0002	0.0130	7.1434	1.9609	7.2869	3.0643	0.0006	0.0001	0.0005	0.0001	0.0001	0.0000	0.0005	0.0000	0.0005	0.0550	0.0008	0.0543	0.0008	0.0008	0.0000	0.0543	0.0000	0.0543	0.1515	0.1333	0.0183	0.0428	0.0420	0.0009	0.1087	0.0913	0.0174	0.1462	0.0995	0.0467	0.0581	0.0553	0.0029	0.0880	0.0442	0.0439	0.0111	0.1057	0.0246	0.2090	0.1867	105.3707	0.0077	0.0037	0.0238	0.3765	0.0079	1.1611	0.0135	0.0141	0.0001	0.6163	0.0000	1.2368
11	30	0.0501	2	1	1	1	1	0	0	0	0	N	N	N	N	N	N	N	N	N	N	N	N	0.3472	0.5825	0.8189	13.4553	1.0161	27299.5361	0.3114	0.0000	0.7520	1.3933	0.0024	13.7834	0.1073	0.0086	5.0721	1.8365	0.0000	14.2372	4.0134	0.0041	16.8308	0.0080	0.0084	0.0002	5.8982	0.0004	18.9313	646.5427	1481.8786	0.2385	0.2329	7.1434	4.4603	7.2869	5.0070	0.4463	0.0007	0.4456	0.0088	0.0007	0.0081	0.4375	0.0000	0.4375	0.9296	0.0006	0.9290	0.0006	0.0006	0.0000	0.9290	0.0000	0.9290	0.3203	0.2880	0.0323	0.0821	0.0805	0.0016	0.2382	0.2075	0.0307	0.2316	0.1526	0.0790	0.0741	0.0701	0.0041	0.1575	0.0825	0.0750	0.3472	0.5825	1.1728	13.4553	1.0161	27299.5361	0.3114	0.0000	1.1492	4.0134	0.0041	11.7529	0.0080	0.0084	0.0002	5.8982	0.0004	12.3893
11	31	0.0501	2	0	1	1	1	0	0	0	0	N	N	N	N	N	N	N	N	N	N	N	N	0.9405	0.6893	0.1722	0.1661	1.0419	0.6274	1.1004	1.2240	0.0000	0.1251	0.1275	0.0000	1.4357	1.6484	0.0000	1.1700	1.7757	0.0000	0.7260	0.7677	0.0000	1.3780	2.6274	0.0000	0.0000	0.0000	-0.2179	-0.3899	7.1434	6.0000	7.2869	13.0000	0.4694	0.4694	0.0000	0.0136	0.0136	0.0000	0.4558	0.4558	0.0000	0.5207	0.5207	0.0000	0.1031	0.1031	0.0000	0.4176	0.4176	0.0000	0.4266	0.3835	0.0431	0.1092	0.1070	0.0021	0.3175	0.2765	0.0410	0.4451	0.2933	0.1518	0.1420	0.1343	0.0077	0.3030	0.1589	0.1441	0.9405	0.6893	0.0000	0.1722	0.1661	0.0000	1.0419	0.6274	0.0000	1.1700	1.7757	0.0000	0.7260	0.7677	0.0000	1.3780	2.6274	0.0000			
11	32	0.0847	4	0	2	0	1	0	0	0	0	N	Y	N	N	N	N	N	N	N	N	N	N	0.0000	0.0000	0.0000	0.0000	0.0000	0.0000	0.0000	0.0000	0.0000	0.0000	0.0000	0.0000	0.0000	0.0062	0.0091	0.0000	0.0175	0.0187	0.0000	0.0000	0.0000	0.0000	0.0000	0.0000	-0.0004	7.1434	0.0000	7.2869	4.0000	0.0000	0.0000	0.0000	0.0000	0.0000	0.0000	0.0000	0.0000	0.0000	0.0006	0.0006	0.0000	0.0006	0.0006	0.0000	0.0000	0.0000	0.0000	0.0000	0.0000	0.0000	0.0000	0.0000	0.0000	0.0000	0.0000	0.0000	0.0956	0.0647	0.0309	0.0337	0.0316	0.0021	0.0619	0.0331	0.0288	0.0000	0.0000	0.0000	0.0000	0.0000	0.0000	0.0000	0.0000	0.0000	0.0062	0.0091	0.0000	0.0175	0.0187	0.0000	0.0000	0.0000	0.0000						
11	33	0.0811	3	0	1	0	1	0	0	0	0	N	N	N	N	N	N	N	N	N	N	N	N	223.7032	129.4435	11601.0679	3.5046	2.8706	65.6826	42353.9464	56129.1082	38921.4826	0.2347	0.1992	0.3782	0.0102	0.0089	0.0186	0.4781	0.4385	0.5907	0.0010	0.0015	0.0000	0.0029	0.0031	0.0003	0.0000	0.0000	0.0000	0.4708	0.0102	-0.0000	-0.0000	7.1434	0.0019	7.2869	1.9565	0.0001	0.0001	0.0000	0.0000	0.0000	0.0000	0.0001	0.0001	0.0000	0.0001	0.0001	0.0000	0.0001	0.0001	0.0000	0.0000	0.0000	0.0000	0.0004	0.0003	0.0001	0.0002	0.0002	0.0000	0.0002	0.0001	0.0001	0.0487	0.0329	0.0158	0.0174	0.0163	0.0010	0.0313	0.0165	0.0148	223.7032	129.4435	11601.0679	3.5046	2.8706	65.6826	42353.9464	56129.1082	38921.4826	0.0010	0.0015	0.0000	0.0029	0.0031	0.0003	0.0000	0.0000	0.0000
11	34	0.0769	4	1	2	1	1	0	0	0	0	N	Y	N	N	N	N	N	N	N	N	N	N	0.0948	0.2565	0.0000	0.4184	0.4426	0.0000	0.0000	0.0000	0.0000	0.0037	0.0041	0.0000	0.0129	0.0132	0.0000	0.0000	0.0000	0.0000	0.0386	0.0158	0.0892	0.0309	0.0299	0.0497	0.0434	0.0000	0.0919	0.0000	2.5372	-0.0004	-0.0002	7.1434	3.0034	7.2869	4.0042	0.0008	0.0008	0.0000	0.0008	0.0008	0.0000	0.0000	0.0000	0.0000	0.0073	0.0021	0.0052	0.0022	0.0021	0.0002	0.0051	0.0000	0.0051	0.2130	0.1921	0.0209	0.0603	0.0590	0.0014	0.1527	0.1332	0.0195	0.1892	0.1305	0.0587	0.0729	0.0691	0.0038	0.1164	0.0614	0.0550	0.0948	0.2565	0.0000	0.4184	0.4426	0.0000	0.0000	0.0000	0.0000	0.0386	0.0158	0.0892	0.0309	0.0299	0.0497	0.0434	0.0000	0.0919
11	35	0.0769	4	1	2	1	1	0	0	0	0	N	Y	N	N	N	N	N	N	N	N	N	N	116.5854	999.3112	0.0000	0.0320	0.0426	0.0001	114.1357	109017.0145	0.0000	3.1882	3.5351	0.0000	0.0003	0.0003	0.0000	4.4442	5.0960	0.0000	0.0273	0.0035	0.0803	0.0087	0.0067	0.0454	0.0389	0.0000	0.0827	0.0000	10.2033	-0.4633	0.0009	7.1434	4.4649	7.2869	3.5311	0.9982	0.9982	0.0000	0.0000	0.0000	0.0000	0.9982	0.9982	0.0000	0.0058	0.0005	0.0053	0.0007	0.0005	0.0002	0.0051	0.0000	0.0051	0.3131	0.2824	0.0307	0.0885	0.0865	0.0020	0.2246	0.1959	0.0287	0.2120	0.1463	0.0657	0.0812	0.0770	0.0042	0.1308	0.0693	0.0615	116.5854	999.3112	0.0000	0.0320	0.0426	0.0001	114.1357	109017.0145	0.0000	0.0273	0.0035	0.0803	0.0087	0.0067	0.0454	0.0389	0.0000	0.0827
11	36	0.0625	3	1	2	1	1	0	0	0	0	N	Y	N	N	N	N	N	N	N	N	N	N	0.0001	0.0043	0.0000	0.0000	0.0002	0.0000	0.0001	0.0233	0.0000	0.0000	0.0000	0.0000	0.0000	0.0000	0.0000	0.0001	0.0001	0.0000	0.4772	0.0101	1.1905	0.0557	0.0129	1.0436	0.8327	0.0028	1.1979	0.0000	77.2038	-0.0000	0.0486	7.1434	1.6626	7.2869	6.4813	0.0000	0.0000	0.0000	0.0000	0.0000	0.0000	0.0000	0.0000	0.0000	0.2038	0.0026	0.2012	0.0109	0.0024	0.0085	0.1930	0.0002	0.1928	0.1169	0.1065	0.0104	0.0365	0.0359	0.0006	0.0804	0.0706	0.0098	0.4271	0.2581	0.1690	0.1954	0.1873	0.0081	0.2317	0.0708	0.1609	0.0001	0.0043	0.0000	0.0000	0.0002	0.0000	0.0001	0.0233	0.0000	0.4772	0.0101	1.1905	0.0557	0.0129	1.0436	0.8327	0.0028	1.1979
11	37	0.0710	3	1	2	0	1	0	0	0	0	N	Y	N	N	N	N	N	N	N	N	N	N	0.0010	0.0007	0.0463	0.0151	0.0125	0.2795	0.0000	0.0000	0.0297	0.0004	0.0005	0.0000	0.0015	0.0016	0.0003	0.0000	0.0000	0.0000	0.4330	0.6334	0.0005	0.1012	0.1248	0.0009	0.7588	1.4894	0.0003	0.0054	0.0004	-0.0001	-0.2283	7.1434	5.8118	7.2869	10.8965	0.0002	0.0002	0.0000	0.0002	0.0002	0.0000	0.0000	0.0000	0.0000	0.3050	0.3049	0.0001	0.0353	0.0353	0.0001	0.2697	0.2697	0.0001	0.4341	0.3917	0.0424	0.1196	0.1173	0.0023	0.3145	0.2744	0.0401	0.7044	0.4814	0.2230	0.3490	0.2825	0.0664	0.3555	0.1989	0.1566	0.0010	0.0007	0.0463	0.0151	0.0125	0.2795	0.0000	0.0000	0.0297	0.4330	0.6334	0.0005	0.1012	0.1248	0.0009	0.7588	1.3558	0.0003
11	38	0.0501	2	1	2	0	1	0	0	0	0	N	Y	N	N	N	N	N	N	N	N	N	N	0.0015	0.0011	0.0088	0.0243	0.0248	0.0007	0.0005	0.0002	0.0092	0.0010	0.0009	0.0011	0.0023	0.0024	0.0001	0.0005	0.0004	0.0011	0.6253	0.8848	0.1242	0.0958	0.0956	0.0991	0.8740	1.5950	0.1256	0.1316	0.0727	-0.0001	-0.1393	7.1434	5.2458	7.2869	8.3786	0.0004	0.0003	0.0000	0.0002	0.0002	0.0000	0.0001	0.0001	0.0000	0.2045	0.1906	0.0139	0.0100	0.0094	0.0006	0.1945	0.1812	0.0133	0.3748	0.3370	0.0378	0.0960	0.0941	0.0019	0.2788	0.2429	0.0360	0.3270	0.2154	0.1116	0.1045	0.0988	0.0057	0.2225	0.1166	0.1059	0.0015	0.0011	0.0088	0.0243	0.0248	0.0007	0.0005	0.0002	0.0092	0.6253	0.8848	0.1242	0.0958	0.0956	0.0991	0.8740	1.5534	0.1256
11	39	0.0607	3	0	2	0	1	0	0	0	0	N	Y	N	N	N	N	N	N	N	N	N	N	0.0004	0.0236	0.0000	0.0060	0.0058	0.0358	0.0003	13.2889	0.0000	0.0014	0.0015	0.0000	0.0007	0.0007	0.0001	0.0016	0.0019	0.0000	3.7828	0.0639	16.5206	0.1106	0.1164	0.0015	6.0965	0.0001	17.1711	0.0002	87.4558	-0.0003	0.2528	7.1434	6.9653	7.2869	2.9126	0.0007	0.0007	0.0000	0.0001	0.0001	0.0000	0.0006	0.0006	0.0000	1.0537	0.0119	1.0418	0.0119	0.0119	0.0000	1.0418	0.0000	1.0418	0.4850	0.4371	0.0479	0.1367	0.1336	0.0031	0.3483	0.3035	0.0448	0.2786	0.1864	0.0922	0.1077	0.1022	0.0054	0.1709	0.0841	0.0867	0.0004	0.0236	0.0000	0.0060	0.0058	0.0358	0.0003	13.2889	0.0000	3.7828	0.0639	11.3018	0.1106	0.1164	0.0015	6.0965	0.0001	12.0098
11	40	0.0501	2	0	2	0	1	0	0	0	0	N	Y	N	N	N	N	N	N	N	N	N	N	0.0005	0.5373	0.0000	0.6509	1.4081	0.0000	0.0000	0.0014	0.0000	0.0021	0.0023	0.0000	0.0082	0.0083	0.0000	0.0000	0.0000	0.0000	4.5026	0.0043	23.0072	0.0126	0.0059	0.1269	6.6163	0.0030	23.3735	0.0000	1573.0563	-0.0003	0.2384	7.1434	4.0410	7.2869	4.5605	0.0006	0.0006	0.0000	0.0006	0.0006	0.0000	0.0000	0.0000	0.0000	0.9513	0.0006	0.9507	0.0008	0.0004	0.0005	0.9505	0.0002	0.9503	0.2910	0.2616	0.0294	0.0746	0.0732	0.0015	0.2164	0.1885	0.0279	0.2113	0.1392	0.0721	0.0676	0.0639	0.0037	0.1437	0.0753	0.0684	0.0005	0.5373	0.0000	0.6509	1.4081	0.0000	0.0000	0.0014	0.0000	4.5026	0.0043	13.1854	0.0126	0.0059	0.1269	6.6163	0.0030	13.8931
11	41	0.0811	3	0	1	1	1	0	0	0	0	N	N	N	N	N	N	N	N	N	N	N	N	0.7284	0.3824	64.5257	0.0198	0.0145	1.4219	94.5468	109.6130	150.5050	0.0004	0.0003	0.0010	0.0000	0.0000	0.0002	0.0005	0.0004	0.0011	0.0005	0.0008	0.0000	0.0015	0.0015	0.0001	0.0000	0.0000	0.0000	0.4708	0.0102	-0.0000	-0.0000	7.1434	4.0003	7.2869	0.0531	0.0001	0.0001	0.0000	0.0000	0.0000	0.0000	0.0001	0.0001	0.0000	0.0001	0.0001	0.0000	0.0001	0.0001	0.0000	0.0000	0.0000	0.0000	0.2576	0.2277	0.0299	0.0766	0.0737	0.0029	0.1810	0.1540	0.0270	0.0983	0.0664	0.0319	0.0348	0.0327	0.0021	0.0635	0.0337	0.0298	0.7284	0.3824	64.5257	0.0198	0.0145	1.4219	94.5468	109.6130	150.5050	0.0005	0.0008	0.0000	0.0015	0.0015	0.0001	0.0000	0.0000	0.0000
11	42	0.0501	2	0	1	0	1	0	0	0	0	N	N	N	N	N	N	N	N	N	N	N	N	548.6294	313.1702	28511.9484	7.9361	4.7892	inf	26514.3472	64429.5010	27923.5444	3.0500	2.6023	7.0346	0.1357	0.0866	2.6490	4.0476	3.5720	7.2577	0.0056	0.0083	0.0002	0.0171	0.0181	0.0000	0.0002	0.0001	0.0003	0.3038	0.0154	-0.4426	-0.0019	7.1434	8.9997	7.2869	11.0444	1.9147	1.4686	0.4461	0.0217	0.0136	0.0081	1.8930	1.4550	0.4380	0.0026	0.0026	0.0000	0.0025	0.0025	0.0000	0.0000	0.0000	0.0000	0.6278	0.5644	0.0634	0.1601	0.1570	0.0031	0.4677	0.4073	0.0603	0.4673	0.3079	0.1594	0.1491	0.1410	0.0081	0.3183	0.1669	0.1513	548.6294	313.1702	28511.9484	7.9361	4.7892	inf	26514.3472	64429.5010	27923.5444	0.0056	0.0083	0.0002	0.0171	0.0181	0.0000	0.0002	0.0001	0.0003
11	43	0.0501	2	1	2	1	1	0	0	0	0	N	Y	N	N	N	N	N	N	N	N	N	N	0.7730	132.8980	0.0000	0.1815	0.1750	0.7091	inf	0.0000	1.4444	1.6068	0.0000	0.0045	0.0046	0.0000	1.9366	2.2235	0.0000	1.8685	0.0121	5.4552	0.0250	0.0264	0.0000	2.7309	0.0000	5.7456	0.0000	233.5392	-0.4641	0.2439	7.1434	10.0000	7.2869	13.0000	0.9998	0.9998	0.0000	0.0008	0.0008	0.0000	0.9990	0.9990	0.0000	0.9874	0.0042	0.9832	0.0042	0.0042	0.0000	0.9832	0.0000	0.9832	0.6921	0.6222	0.0699	0.1763	0.1730	0.0034	0.5158	0.4493	0.0666	0.5284	0.3482	0.1802	0.1684	0.1593	0.0091	0.3600	0.1889	0.1711	0.7730	132.8980	0.0000	0.1815	0.1750	0.0000	0.7091	inf	0.0000	1.8685	0.0121	5.4552	0.0250	0.0264	0.0000	2.7309	0.0000	5.7456	
11	44	0.0501	2	0	2	0	1	0	0	0	0	N	Y	N	N	N	N	N	N	N	N	N	N	1.3158	176.3432	0.0000	0.1392	1.2158	0.0000	1.2608	inf	0.0000	2.6106	2.9039	0.0000	0.0429	0.0437	0.0000	3.4909	4.0080	0.0000	1.9840	0.0165	5.7851	0.3081	0.0360	9.9038	2.7687	0.0000	5.8239	0.0000	181.8450	-0.6805	0.2377	7.1434	8.0000	7.2869	13.0000	1.4661	1.4661	0.0000	0.0062	0.0062	0.0000	1.4599	1.4599	0.0000	0.9672	0.0053	0.9620	0.0479	0.0053	0.0426	0.9194	0.0000	0.9194	0.5616	0.5049	0.0567	0.1434	0.1406	0.0028	0.4182	0.3643	0.0540	0.4875	0.3212	0.1663	0.1555	0.1470	0.0084	0.3321	0.1742	0.1579	1.3158	176.3432	0.0000	0.1392	1.2158	0.0000	1.2608	inf	0.0000	1.9840	0.0165	5.7851	0.3081	0.0360	5.0569	2.7687	0.0000	5.8239
11	45	0.0501	2	0	2	0	1	0	0	0	0	N	Y	N	N	N	N	N	N	N	N	N	N	165.5899	121.3755	6.0773	5.8601	inf	inf	0.6774	0.7535	0.0000	0.0780	0.0795	0.0000	0.8823	1.0130	0.0000	0.0041	0.0062	0.0000	0.0128	0.0136	0.0000	0.0000	0.0000	0.0000	0.0000	0.0000	-0.2180	-0.0016	7.1434	10.0000	7.2869	12.0000	0.4696	0.4696	0.0000	0.0138	0.0138	0.0000	0.4558	0.4558	0.0000	0.0021	0.0021	0.0000	0.0021	0.0021	0.0000	0.0000	0.0000	0.0000	0.6932	0.6232	0.0700	0.1766	0.1732	0.0034	0.5166	0.4499	0.0667	0.5085	0.3350	0.1734	0.1621	0.1533	0.0088	0.3464	0.1817	0.1646	165.5899	121.3755	0.0000	6.0773	5.8601	0.0000	inf	inf	0.0000	0.0041	0.0062	0.0000	0.0128	0.0136	0.0000	0.0000	0.0000	0.0000			
11	46	0.0625	3	1	1	1	1	0	0	0	0	N	N	N	N	N	N	N	N	N	N	N	N	0.0000	0.0000	0.0000	0.0000	0.0000	0.0000	0.0000	0.0000	0.0000	0.0000	0.0000	0.0000	0.0000	0.0000	0.0000	0.0000	0.0000	0.5063	0.0061	1.2494	0.0535	0.0082	1.1196	0.8974	0.0000	1.2558	138.2542	0.0000	0.0497	7.1434	1.8806	7.2869	4.9930	0.0000	0.0000	0.0000	0.0000	0.0000	0.0000	0.0000	0.0000	0.0000	0.2035	0.0015	0.2021	0.0100	0.0015	0.0085	0.1935	0.0000	0.1935	0.1309	0.1192	0.0117	0.0406	0.0399	0.0007	0.0903	0.0792	0.0110	0.4020	0.2403	0.1617	0.1864	0.1787	0.0076	0.2157	0.0615	0.1541	0.0000	0.0000	0.0000	0.0000	0.0000	0.0000	0.0000	0.0000	0.0000	0.5063	0.0061	1.2494	0.0535	0.0082	1.1196	0.8974	0.0000	1.2558		
11	47	0.0501	2	1	1	1	1	0	0	0	0	N	N	N	N	N	N	N	N	N	N	N	N	0.0022	0.3903	0.0000	0.0610	0.7202	0.0000	0.0000	0.0000	0.0000	0.0039	0.0044	0.0000	0.0154	0.0157	0.0000	0.0000	0.0000	0.0000	1.7915	0.0112	5.2271	0.2519	0.0217	7.1992	2.5170	0.0023	5.2823	0.0000	240.8806	-0.0003	0.0696	7.1434	2.1193	7.2869	4.2095	0.0006	0.0006	0.0000	0.0006	0.0006	0.0000	0.0000	0.0000	0.0000	0.2815	0.0012	0.2803	0.0127	0.0010	0.0116	0.2688	0.0001	0.2687	0.1546	0.1390	0.0156	0.0397	0.0389	0.0008	0.1149	0.1000	0.0148	0.1571	0.1035	0.0536	0.0503	0.0476	0.0028	0.1068	0.0559	0.0509	0.0022	0.3903	0.0000	0.0610	0.7202	0.0000	0.0000	0.0000	0.0000	1.7915	0.0112	5.2271	0.2519	0.0217	4.2108	2.5170	0.0023	5.2823
11	48	0.0501	2	0	2	0	2	0	0	0	0	N	Y	N	Y	N	N	N	N	N	N	N	N	302.7631	221.9390	0.0568	0.0548	inf	inf	1.3184	1.4666	0.0000	0.0008	0.0008	0.0000	1.7682	2.0302	0.0000	0.0044	0.0066	0.0000	0.0137	0.0145	0.0000	0.0000	0.0000	0.0000	0.0000	0.0000	-0.4638	-0.0021	7.1434	11.0000	7.2869	18.0000	0.9991	0.9991	0.0000	0.0001	0.0001	0.0000	0.9990	0.9990	0.0000	0.0028	0.0028	0.0000	0.0028	0.0028	0.0000	0.0000	0.0000	0.0000	0.7578	0.6812	0.0766	0.1928	0.1892	0.0037	0.5650	0.4921	0.0729	0.6499	0.4282	0.2216	0.2067	0.1956	0.0111	0.4431	0.2326	0.2105	302.7631	221.9390	0.0000	0.0568	0.0548	0.0000	inf	inf	0.0000	0.0044	0.0066	0.0000	0.0137	0.0145	0.0000	0.0000	0.0000	0.0000			
11	49	0.0501	2	0	2	0	1	0	0	0	0	N	Y	N	N	N	N	N	N	N	N	N	N	0.1519	0.1113	0.1896	0.1828	0.0001	0.0001	0.0000	0.0005	0.0005	0.0000	0.0000	0.0000	0.0000	0.0008	0.0012	0.0000	0.0024	0.0026	0.0000	0.0000	0.0000	0.0000	0.0000	0.0000	-0.0000	-0.0002	7.1434	6.0000	7.2869	11.0000	0.0001	0.0001	0.0000	0.0001	0.0001	0.0000	0.0000	0.0000	0.0000	0.0003	0.0003	0.0000	0.0003	0.0003	0.0000	0.0000	0.0000	0.0000	0.4266	0.3835	0.0431	0.1092	0.1070	0.0021	0.3175	0.2765	0.0410	0.4018	0.2648	0.1371	0.1283	0.1213	0.0070	0.2735	0.1434	0.1301	0.1519	0.1113	0.0000	0.1896	0.1828	0.0000	0.0000	0.0000	0.0000	0.0008	0.0012	0.0000	0.0024	0.0026	0.0000	0.0000	0.0000	0.0000					
11	53	0.0853	3	1	2	0	1	0	0	0	0	N	Y	N	N	N	N	N	N	N	N	N	N	0.0001	0.0000	0.0001	0.0000	0.0000	0.0000	0.0001	0.0000	0.0001	0.0000	0.0000	0.0000	0.0000	0.0000	0.0000	0.0000	0.0000	0.0000	0.0348	0.0036	0.0816	0.0060	0.0048	0.0305	0.0610	0.0000	0.0847	inf	15.0354	0.0000	0.0034	7.1434	1.0294	7.2869	5.0054	0.0000	0.0000	0.0000	0.0000	0.0000	0.0000	0.0000	0.0000	0.0000	0.0182	0.0011	0.0171	0.0015	0.0011	0.0004	0.0167	0.0000	0.0167	0.3289	0.2170	0.1118	0.1527	0.1468	0.0059	0.1762	0.0703	0.1059	0.5226	0.3135	0.2091	0.2486	0.2366	0.0120	0.2739	0.0769	0.1971	0.0001	0.0000	0.0001	0.0000	0.0000	0.0000	0.0001	0.0000	0.0001	0.0348	0.0036	0.0816	0.0060	0.0048	0.0305	0.0610	0.0000	0.0847
11	54	0.0501	2	1	2	0	1	0	0	0	0	N	Y	N	N	N	N	N	N	N	N	N	N	0.2021	0.3769	0.2203	0.4370	0.2980	0.3984	0.1823	0.2175	0.2207	1.6466	0.0123	16.1948	0.2105	0.0063	10.5888	2.1394	0.0147	16.4826	8.1475	0.0327	73.5152	0.4818	0.0211	26.5760	11.7349	0.0675	74.6914	147.3810	376.5947	0.4428	1.0373	7.1434	7.2033	7.2869	14.9709	0.8368	0.0056	0.8312	0.0273	0.0008	0.0265	0.8095	0.0048	0.8047	4.1723	0.0110	4.1613	0.0786	0.0033	0.0754	4.0937	0.0078	4.0859	0.5082	0.4569	0.0513	0.1299	0.1274	0.0025	0.3784	0.3296	0.0488	0.5121	0.3374	0.1747	0.1632	0.1544	0.0088	0.3488	0.1830	0.1658	0.2021	0.3769	0.6797	0.4370	0.2980	1.2412	0.1823	0.3447	0.6689	8.1475	0.0327	23.8252	0.4818	0.0211	8.5310	11.7349	0.0426	24.6403
11	58	0.2441	5	0	1	0	1	0	0	0	0	N	N	N	N	N	N	N	N	N	N	N	N	4.3559	0.1082	inf	0.1530	0.1432	inf	9571152.4424	5690.2663	inf	0.3941	0.0143	2.9045	0.0243	0.0267	0.0078	0.7889	0.0010	5.8874	0.0905	0.1323	0.0000	0.1586	0.1865	0.0000	0.0000	0.0000	0.0000	30.6983	0.0000	0.4940	-0.1855	7.1434	16.5869	7.2869	24.5040	0.9796	0.0309	0.9487	0.0311	0.0298	0.0013	0.9485	0.0011	0.9474	0.2478	0.2478	0.0000	0.2478	0.2478	0.0000	0.0000	0.0000	0.0000	2.4857	2.1591	0.3266	1.2834	1.1177	0.1657	1.2023	1.0414	0.1609	2.7390	1.8726	0.8664	1.5621	1.3290	0.2331	1.1768	0.5435	0.6333	4.3559	0.1082	inf	0.1530	0.1432	inf	9571152.4424	5690.2663	inf	0.0905	0.1323	0.0000	0.1586	0.1865	0.0000	0.0000	0.0000	0.0000
12	13	0.0319	2	1	2	0	0	0	0	0	0	N	Y	N	N	N	N	N	N	N	N	N	N	0.0000	0.0000	0.0000	0.0000	0.0000	0.0000	0.0000	0.0000	0.0000	0.0000	0.0000	0.0000	0.0000	0.0395	0.0000	0.0913	0.0000	0.0000	0.0000	0.0544	0.0000	0.0921	inf	0.0000	0.0017	1.9891	9.0000	3.0036	10.0000	0.0000	0.0000	0.0000	0.0000	0.0000	0.0000	0.0000	0.0000	0.0000	0.0068	0.0000	0.0068	0.0000	0.0000	0.0000	0.0068	0.0000	0.0068	0.1370	0.1210	0.0160	0.0152	0.0150	0.0001	0.1218	0.1059	0.0159	0.1730	0.0981	0.0749	0.0471	0.0465	0.0007	0.1258	0.0516	0.0742	0.0000	0.0000	0.0000	0.0000	0.0000	0.0000	0.0000	0.0000	0.0000	0.0395	0.0000	0.0913	0.0000	0.0000	0.0000	0.0544	0.0000	0.0921						
12	14	0.0442	3	2	1	1	0	0	0	0	0	Y	N	N	N	N	N	N	N	N	N	N	N	0.0000	0.0000	0.0000	0.0000	0.0000	0.0000	0.0000	0.0000	0.0000	0.0000	0.0000	0.0000	0.0000	0.0000	0.0000	0.0000	0.0000	0.0000	0.0000	0.0000	0.0000	0.0000	inf	0.0000	0.0000	1.9891	3.8806	3.0036	3.0092	0.0000	0.0000	0.0000	0.0000	0.0000	0.0000	0.0000	0.0000	0.0000	0.0000	0.0000	0.0000	0.0000	0.0000	0.0000	0.0000	0.0000	0.0000	0.0698	0.0623	0.0075	0.0117	0.0116	0.0002	0.0580	0.0507	0.0073	0.3195	0.2221	0.0975	0.2065	0.1485	0.0580	0.1130	0.0735	0.0395	0.0000	0.0000	0.0000	0.0000	0.0000	0.0000	0.0000	0.0000	0.0000	0.0000	0.0000	0.0000	0.0000	0.0000	0.0000	0.0000	0.0000	0.0000						
12	15	0.0828	4	1	2	0	0	0	0	0	0	N	Y	N	N	N	N	N	N	N	N	N	N	1.0822	0.7321	0.0000	4.3411	4.3528	0.0000	0.0000	0.0000	0.0000	0.0019	0.0021	0.0000	0.0128	0.0132	0.0000	0.0000	0.0000	0.0000	0.0017	0.0029	0.0000	0.0030	0.0030	0.0000	0.0011	0.0027	0.0000	0.0000	0.0008	-0.0000	-0.0002	1.9891	2.0122	3.0036	8.2883	0.0001	0.0001	0.0000	0.0001	0.0001	0.0000	0.0000	0.0000	0.0000	0.0002	0.0002	0.0000	0.0001	0.0001	0.0000	0.0001	0.0001	0.0000	0.0342	0.0302	0.0040	0.0050	0.0048	0.0001	0.0292	0.0254	0.0038	0.1282	0.0766	0.0516	0.0447	0.0436	0.0011	0.0835	0.0330	0.0505	1.0822	0.7321	0.0000	4.3411	4.3528	0.0000	0.0000	0.0000	0.0000	0.0017	0.0029	0.0000	0.0030	0.0030	0.0000	0.0011	0.0027	0.0000
12	16	0.0819	4	1	2	0	0	0	0	0	0	N	Y	N	N	N	N	N	N	N	N	N	N	0.0691	0.0480	0.0096	0.2481	0.2386	0.0000	0.0031	0.0000	0.0124	0.0007	0.0008	0.0000	0.0088	0.0090	0.0000	0.0000	0.0000	0.0000	0.0103	0.0170	0.0004	0.0355	0.0378	0.0024	0.0002	0.0000	0.0003	0.0008	0.0175	-0.0000	-0.0005	1.9891	2.0840	3.0036	8.3569	0.0000	0.0000	0.0000	0.0000	0.0000	0.0000	0.0000	0.0000	0.0000	0.0007	0.0007	0.0000	0.0007	0.0007	0.0000	0.0000	0.0000	0.0000	0.0278	0.0242	0.0036	0.0022	0.0022	0.0001	0.0255	0.0220	0.0036	0.0695	0.0413	0.0282	0.0199	0.0186	0.0013	0.0496	0.0227	0.0269	0.0691	0.0480	0.0096	0.2481	0.2386	0.0000	0.0031	0.0000	0.0124	0.0103	0.0170	0.0004	0.0355	0.0378	0.0024	0.0002	0.0000	0.0003
12	17	0.0319	2	2	2	0	0	0	0	0	0	Y	Y	N	N	N	N	N	N	N	N	N	N	0.0000	0.0000	0.0000	0.0000	0.0000	0.0000	0.0000	0.0000	0.0000	0.0000	0.0000	0.0000	0.0000	0.0173	0.0305	0.0000	0.0635	0.0644	0.0000	0.0000	0.0000	0.0000	0.0000	0.0000	-0.0019	1.9891	6.0000	3.0036	10.0000	0.0000	0.0000	0.0000	0.0000	0.0000	0.0000	0.0000	0.0000	0.0000	0.0025	0.0025	0.0000	0.0025	0.0025	0.0000	0.0000	0.0000	0.0000	0.0928	0.0819	0.0109	0.0102	0.0101	0.0001	0.0826	0.0718	0.0108	0.1472	0.0834	0.0639	0.0400	0.0394	0.0006	0.1072	0.0439	0.0633	0.0000	0.0000	0.0000	0.0000	0.0000	0.0000	0.0000	0.0000	0.0000	0.0173	0.0305	0.0000	0.0635	0.0644	0.0000	0.0000	0.0000	0.0000						
12	18	0.0828	4	1	2	0	0	0	0	0	0	N	Y	N	N	N	N	N	N	N	N	N	N	0.0000	0.0000	0.0000	0.0000	0.0000	0.0000	0.0000	0.0000	0.0000	0.0000	0.0000	0.0000	0.0000	0.0000	0.0000	0.0000	0.0000	0.0000	0.0007	0.0009	0.0004	0.0003	0.0000	0.0105	0.0009	0.0021	0.0002	0.3173	0.0000	-0.0001	1.9891	5.9999	3.0036	8.2406	0.0000	0.0000	0.0000	0.0000	0.0000	0.0000	0.0000	0.0000	0.0000	0.0001	0.0001	0.0000	0.0000	0.0000	0.0000	0.0001	0.0001	0.0000	0.0951	0.0840	0.0111	0.0119	0.0117	0.0002	0.0832	0.0723	0.0109	0.1639	0.0970	0.0669	0.0556	0.0542	0.0014	0.1083	0.0428	0.0655	0.0000	0.0000	0.0000	0.0000	0.0000	0.0000	0.0000	0.0000	0.0000	0.0007	0.0009	0.0004	0.0003	0.0000	0.0105	0.0009	0.0021	0.0002	
12	19	0.0681	3	1	1	0	0	0	0	0	0	N	N	N	N	N	N	N	N	N	N	N	N	0.0020	0.0012	0.1431	4.8587	5.1285	0.0020	0.0008	0.0002	0.4151	0.0057	0.0065	0.0000	0.0128	0.0132	0.0000	0.0041	0.0047	0.0000	2.8711	5.3187	0.0001	0.0026	0.0026	0.0100	5.2235	30.6738	0.0000	0.0004	0.0000	-0.0000	-0.7346	1.9891	0.9481	3.0036	8.0223	0.0001	0.0001	0.0000	0.0000	0.0000	0.0000	0.0001	0.0001	0.0000	0.9811	0.9811	0.0000	0.0004	0.0004	0.0000	0.9807	0.9807	0.0000	0.0184	0.0163	0.0020	0.0035	0.0034	0.0001	0.0149	0.0129	0.0019	0.3417	0.1845	0.1573	0.1540	0.1525	0.0015	0.1878	0.0320	0.1558	0.0020	0.0012	0.1431	4.8587	5.1285	0.0020	0.0008	0.0002	0.4151	2.8711	5.3187	0.0001	0.0026	0.0026	0.0100	5.2235	30.6738	0.0000
12	20	0.0319	2	1	2	0	0	0	0	0	0	N	Y	N	N	N	N	N	N	N	N	N	N	0.0000	0.0000	0.0000	0.0000	0.0000	0.0000	0.0000	0.0000	0.0000	0.0000	0.0000	0.0000	0.0000	0.0045	0.0079	0.0000	0.0167	0.0169	0.0000	0.0000	0.0000	0.0000	0.0000	0.0000	-0.0003	1.9891	2.0000	3.0036	6.0000	0.0000	0.0000	0.0000	0.0000	0.0000	0.0000	0.0000	0.0000	0.0000	0.0003	0.0003	0.0000	0.0003	0.0003	0.0000	0.0000	0.0000	0.0000	0.0316	0.0279	0.0037	0.0034	0.0034	0.0000	0.0282	0.0245	0.0037	0.0758	0.0428	0.0330	0.0204	0.0201	0.0003	0.0554	0.0227	0.0327	0.0000	0.0000	0.0000	0.0000	0.0000	0.0000	0.0000	0.0000	0.0000	0.0045	0.0079	0.0000	0.0167	0.0169	0.0000	0.0000	0.0000	0.0000						
12	21	0.0319	2	1	2	0	0	0	0	0	0	N	Y	N	N	N	N	N	N	N	N	N	N	0.0001	0.5960	0.0000	1.0259	2.2403	0.0000	0.0000	0.0000	0.0007	0.0008	0.0000	0.0060	0.0060	0.0000	0.0000	0.0000	0.0000	4.7665	0.0013	14.5265	0.0058	0.0027	0.2228	6.5602	0.0000	14.8966	0.0000	6559.6000	-0.0001	0.2471	1.9891	14.0000	3.0036	9.0000	0.0001	0.0001	0.0000	0.0001	0.0001	0.0000	0.0000	0.0000	0.0000	0.9841	0.0001	0.9839	0.0003	0.0001	0.0002	0.9838	0.0000	0.9838	0.2077	0.1836	0.0241	0.0234	0.0232	0.0002	0.1843	0.1604	0.0239	0.2065	0.1172	0.0892	0.0565	0.0557	0.0008	0.1500	0.0615	0.0884	0.0001	0.5960	0.0000	1.0259	2.2403	0.0000	0.0000	0.0000	0.0000	4.7665	0.0013	11.0258	0.0058	0.0027	0.2228	6.5602	0.0000	11.1246	
12	22	0.0670	3	2	2	0	0	0	0	0	0	Y	Y	N	N	N	N	N	N	N	N	N	N	0.0202	0.1056	0.0000	0.2598	0.2878	0.0000	0.0000	0.0000	0.0000	0.0000	0.0000	0.0000	0.0000	0.0000	0.0000	0.0000	0.0000	0.0000	0.0001	0.0000	0.0003	0.0000	0.0000	0.0001	0.0003	0.0000	0.0004	0.0000	6.3186	-0.0000	0.0000	1.9891	1.8226	3.0036	1.1826	0.0000	0.0000	0.0000	0.0000	0.0000	0.0000	0.0000	0.0000	0.0000	0.0000	0.0000	0.0000	0.0000	0.0000	0.0000	0.0000	0.0000	0.0000	0.0428	0.0381	0.0048	0.0109	0.0108	0.0001	0.0319	0.0272	0.0047	0.2622	0.1663	0.0959	0.1564	0.1288	0.0276	0.1058	0.0375	0.0683	0.0202	0.1056	0.0000	0.2598	0.2878	0.0000	0.0000	0.0000	0.0000	0.0001	0.0000	0.0003	0.0000	0.0000	0.0001	0.0003	0.0000	0.0004
12	23	0.0319	2	2	2	0	0	0	0	0	0	Y	Y	N	N	N	N	N	N	N	N	N	N	0.0019	61.3359	0.0000	0.0000	0.0000	0.0000	0.0016	inf	0.0000	0.0063	0.0071	0.0000	0.0000	0.0000	0.0000	0.0071	0.0082	0.0000	3.2639	0.0001	7.5942	0.0024	0.0002	0.1505	4.5134	0.0000	7.6635	0.0000	49197.0000	-0.0006	0.2472	1.9891	14.0000	3.0036	21.0000	0.0013	0.0013	0.0000	0.0000	0.0000	0.0000	0.0013	0.0013	0.0000	0.9840	0.0000	0.9839	0.0002	0.0000	0.0002	0.9838	0.0000	0.9838	0.2077	0.1836	0.0241	0.0234	0.0232	0.0002	0.1843	0.1604	0.0239	0.3015	0.1719	0.1296	0.0835	0.0823	0.0012	0.2180	0.0896	0.1284	0.0019	61.3359	0.0000	0.0000	0.0000	0.0000	0.0016	inf	0.0000	3.2639	0.0001	7.5942	0.0024	0.0002	0.1505	4.5134	0.0000	7.6635
12	24	0.0664	4	1	1	1	0	0	0	0	0	N	N	N	N	N	N	N	N	N	N	N	N	0.0000	0.0000	0.0000	0.0000	0.0000	0.0000	0.0000	0.0000	0.0000	0.0000	0.0000	0.0000	0.0000	0.0000	0.0000	0.0000	0.0000	0.0000	0.0000	0.0000	1.9891	0.0000	3.0036	0.0000	0.0000	0.0000	0.0000	0.0000	0.0000	0.0000	0.0000	0.0000	0.0000	0.0000	0.0000	0.0000	0.0000	0.0000	0.0000	0.0000	0.0000	0.0000	0.0000	0.0000	0.0000	0.0000	0.0000	0.0000	0.0000	0.0000	0.0000	0.0000	0.0000	0.0000	0.0000	0.0000	0.0000	0.0000	0.0000	0.0000	0.0000	0.0000	0.0000	0.0000	0.0000	0.0000	0.0000	0.0000	0.0000	0.0000	0.0000	0.0000	0.0000	0.0000	0.0000	0.0000	0.0000	0.0000											
12	25	0.0319	2	1	2	0	0	0	0	0	0	N	Y	N	N	N	N	N	N	N	N	N	N	324.1316	208.3482	55.6009	55.1901	inf	inf	0.0302	0.0342	0.0000	0.0189	0.0190	0.0000	0.0316	0.0363	0.0000	0.0001	0.0002	0.0000	0.0003	0.0003	0.0000	0.0000	0.0000	0.0000	0.0000	0.0000	-0.0025	-0.0000	1.9891	12.0000	3.0036	12.0000	0.0054	0.0054	0.0000	0.0004	0.0004	0.0000	0.0050	0.0050	0.0000	0.0000	0.0000	0.0000	0.0000	0.0000	0.0000	0.0000	0.0000	0.0000	0.1798	0.1589	0.0209	0.0201	0.0200	0.0001	0.1597	0.1389	0.0208	0.2147	0.1219	0.0927	0.0588	0.0580	0.0008	0.1559	0.0640	0.0919	324.1316	208.3482	0.0000	55.6009	55.1901	0.0000	inf	inf	0.0000	0.0001	0.0002	0.0000	0.0003	0.0003	0.0000	0.0000	0.0000	0.0000			
12	26	0.0465	3	2	1	1	0	0	0	0	0	Y	N	N	N	N	N	N	N	N	N	N	N	0.8845	0.5973	0.0000	1.3800	1.4122	0.0000	0.0000	0.0000	0.0026	0.0030	0.0000	0.0170	0.0180	0.0000	0.0000	0.0000	0.0000	0.0030	0.0051	0.0000	0.0123	0.0127	0.0005	0.0000	0.0000	0.0000	0.0000	0.0030	-0.0001	-0.0001	1.9891	4.5914	3.0036	6.1047	0.0001	0.0001	0.0000	0.0001	0.0001	0.0000	0.0000	0.0000	0.0000	0.0002	0.0002	0.0000	0.0002	0.0002	0.0000	0.0000	0.0000	0.0000	0.0529	0.0458	0.0071	0.0082	0.0078	0.0004	0.0447	0.0380	0.0066	0.0592	0.0345	0.0247	0.0143	0.0138	0.0005	0.0449	0.0207	0.0242	0.8845	0.5973	0.0000	1.3800	1.4122	0.0000	0.0000	0.0000	0.0000	0.0030	0.0051	0.0000	0.0123	0.0127	0.0005	0.0000	0.0000	0.0000	
12	27	0.0319	2	1	2	0	0	0	0	0	0	N	Y	N	N	N	N	N	N	N	N	N	N	62058.5872	0.0000	inf	0.0000	0.0000	inf	inf	6.5382	0.0000	56.0220	0.0000	0.0000	0.0000	7.3546	0.0000	56.3969	0.0001	0.0002	0.0000	0.0004	0.0004	0.0000	0.0000	0.0000	0.0000	inf	0.0000	0.5304	-0.0000	1.9891	10.0000	3.0036	11.0000	0.9899	0.0000	0.9899	0.0000	0.0000	0.0000	0.9899	0.0000	0.9899	0.0000	0.0000	0.0000	0.0000	0.0000	0.0000	0.0000	0.0000	0.0000	0.1514	0.1337	0.0177	0.0168	0.0167	0.0001	0.1346	0.1170	0.0176	0.1898	0.1077	0.0821	0.0518	0.0511	0.0007	0.1380	0.0566	0.0814	62058.5872	0.0000	inf	0.0000	0.0000	0.0000	inf	0.0000	inf	0.0001	0.0002	0.0000	0.0004	0.0004	0.0000	0.0000	0.0000	0.0000		
12	28	0.0319	2	1	2	0	1	0	0	0	0	N	Y	N	N	N	N	N	N	N	N	N	N	0.0000	0.0000	0.0000	0.0000	0.0000	0.0000	0.0000	0.0000	0.0000	0.0000	0.0000	0.0000	0.0000	0.0000	0.0000	0.0000	0.0000	0.0220	0.0015	0.0489	0.0046	0.0031	0.1079	0.0286	0.0000	0.0484	25.1250	0.0000	0.0009	1.9891	13.0000	3.0036	8.0000	0.0000	0.0000	0.0000	0.0000	0.0000	0.0000	0.0000	0.0000	0.0000	0.0042	0.0002	0.0040	0.0002	0.0002	0.0001	0.0039	0.0000	0.0039	0.1938	0.1713	0.0225	0.0217	0.0216	0.0002	0.1721	0.1497	0.0224	0.1898	0.1077	0.0821	0.0518	0.0511	0.0007	0.1380	0.0566	0.0814	0.0000	0.0000	0.0000	0.0000	0.0000	0.0000	0.0000	0.0000	0.0000	0.0220	0.0015	0.0489	0.0046	0.0031	0.1079	0.0286	0.0000	0.0484		
12	29	0.0465	3	2	1	1	0	0	0	0	0	Y	N	N	N	N	N	N	N	N	N	N	N	0.0108	0.0000	0.4856	0.0138	0.0000	16.9314	0.0209	0.0734	0.0000	0.0000	0.0001	0.0001	0.0000	0.0012	0.0000	0.0000	0.0000	0.0011	0.0018	0.0002	0.0040	0.0041	0.0001	0.0001	0.0000	0.0002	inf	0.0724	0.0000	-0.0000	1.9891	1.9609	3.0036	3.0643	0.0000	0.0000	0.0000	0.0000	0.0000	0.0000	0.0000	0.0000	0.0000	0.0000	0.0000	0.0000	0.0000	0.0000	0.0000	0.0000	0.0000	0.0000	0.0296	0.0255	0.0041	0.0056	0.0054	0.0003	0.0240	0.0202	0.0038	0.0366	0.0212	0.0153	0.0096	0.0094	0.0003	0.0269	0.0118	0.0151	0.0108	0.0000	0.4856	0.0138	0.0000	16.9314	0.0209	0.0000	0.0734	0.0011	0.0018	0.0002	0.0040	0.0041	0.0001	0.0001	0.0000	0.0002	
12	30	0.0319	2	2	1	1	0	0	0	0	0	Y	N	N	N	N	N	N	N	N	N	N	N	0.0014	0.0009	0.0035	0.0035	0.0000	0.0000	0.0000	0.0000	0.0000	0.0000	0.0000	0.0000	0.0000	0.0036	0.0064	0.0000	0.0135	0.0137	0.0000	0.0000	0.0000	0.0000	0.0000	0.0000	-0.0000	-0.0002	1.9891	4.4603	3.0036	5.0070	0.0000	0.0000	0.0000	0.0000	0.0000	0.0000	0.0000	0.0000	0.0000	0.0003	0.0003	0.0000	0.0003	0.0003	0.0000	0.0000	0.0000	0.0000	0.0695	0.0614	0.0082	0.0076	0.0075	0.0001	0.0620	0.0538	0.0081	0.0892	0.0504	0.0388	0.0240	0.0237	0.0003	0.0651	0.0267	0.0385	0.0014	0.0009	0.0000	0.0035	0.0035	0.0000	0.0000	0.0000	0.0000	0.0036	0.0064	0.0000	0.0135	0.0137	0.0000	0.0000	0.0000	0.0000					
12	31	0.0319	2	1	1	1	0	0	0	0	0	N	N	N	N	N	N	N	N	N	N	N	N	0.0000	0.0000	0.0000	0.0000	0.0000	0.0000	0.0000	0.0000	0.0000	0.0000	0.0000	0.0000	0.0000	0.0001	0.0001	0.0000	0.0002	0.0002	0.0000	0.0000	0.0000	0.0000	0.0000	0.0000	-0.0000	1.9891	6.0000	3.0036	13.0000	0.0000	0.0000	0.0000	0.0000	0.0000	0.0000	0.0000	0.0000	0.0000	0.0000	0.0000	0.0000	0.0000	0.0000	0.0000	0.0000	0.0000	0.0000	0.0928	0.0819	0.0109	0.0102	0.0101	0.0001	0.0826	0.0718	0.0108	0.1730	0.0981	0.0749	0.0471	0.0465	0.0007	0.1258	0.0516	0.0742	0.0000	0.0000	0.0000	0.0000	0.0000	0.0000	0.0000	0.0000	0.0000	0.0001	0.0001	0.0000	0.0002	0.0002	0.0000	0.0000	0.0000	0.0000						
12	32	0.0664	4	1	2	0	0	0	0	0	0	N	Y	N	N	N	N	N	N	N	N	N	N	0.0000	0.0000	0.0000	0.0000	0.0000	0.0000	0.0000	0.0000	0.0000	0.0000	0.0000	0.0000	0.0000	0.0000	0.0000	0.0000	0.0000	0.0000	0.0000	0.0000	1.9891	0.0000	3.0036	4.0000	0.0000	0.0000	0.0000	0.0000	0.0000	0.0000	0.0000	0.0000	0.0000	0.0000	0.0000	0.0000	0.0000	0.0000	0.0000	0.0000	0.0000	0.0000	0.0000	0.0000	0.0000	0.0000	0.0000	0.0000	0.0000	0.0000	0.0000	0.0355	0.0207	0.0148	0.0109	0.0106	0.0003	0.0246	0.0101	0.0145	0.0000	0.0000	0.0000	0.0000	0.0000	0.0000	0.0000	0.0000	0.0000	0.0000	0.0000	0.0000	0.0000	0.0000	0.0000	0.0000	0.0000	0.0000											
12	33	0.0628	3	1	1	0	0	0	0	0	0	N	N	N	N	N	N	N	N	N	N	N	N	3518236.1624	inf	0.0000	2721.8934	inf	0.0000	4549677.4445	inf	0.0000	3.2379	3.6667	0.0000	0.0005	0.0006	0.0000	5.6753	6.5782	0.0000	0.0000	0.0000	0.0000	0.0000	0.0000	0.0000	0.0000	0.0000	0.0000	0.0000	inf	-0.0001	0.0000	1.9891	0.0019	3.0036	1.9565	0.0002	0.0002	0.0000	0.0000	0.0000	0.0000	0.0002	0.0002	0.0000	0.0000	0.0000	0.0000	0.0000	0.0000	0.0000	0.0000	0.0000	0.0000	0.0001	0.0001	0.0000	0.0000	0.0000	0.0000	0.0000	0.0000	0.0000	0.0180	0.0105	0.0075	0.0056	0.0055	0.0001	0.0124	0.0051	0.0074	3518236.1624	inf	0.0000	2721.8934	inf	0.0000	4549677.4445	inf	0.0000	0.0000	0.0000	0.0000	0.0000	0.0000	0.0000	0.0000	0.0000	0.0000
12	34	0.0586	4	2	2	1	0	0	0	0	0	Y	Y	N	N	N	N	N	N	N	N	N	N	0.7648	0.0000	93.1824	0.0000	0.0000	0.0000	14.5540	33.9001	0.0000	0.0000	0.0002	0.0000	0.0000	0.0000	0.0000	0.0000	0.0002	0.0000	0.0000	0.0000	0.0001	0.0001	0.0000	0.0000	0.0000	0.0000	inf	0.0218	0.0000	-0.0000	1.9891	3.0034	3.0036	4.0042	0.0000	0.0000	0.0000	0.0000	0.0000	0.0000	0.0000	0.0000	0.0000	0.0000	0.0000	0.0000	0.0000	0.0000	0.0000	0.0000	0.0000	0.0000	0.0458	0.0405	0.0053	0.0061	0.0060	0.0001	0.0397	0.0345	0.0052	0.3212	0.2252	0.0959	0.2152	0.1515	0.0637	0.1060	0.0737	0.0323	0.7648	0.0000	93.1824	0.0000	0.0000	0.0000	14.5540	0.0000	33.9001	0.0000	0.0000	0.0000	0.0001	0.0001	0.0000	0.0000	0.0000	0.0000	
12	35	0.0586	4	2	2	1	0	0	0	0	0	Y	Y	N	N	N	N	N	N	N	N	N	N	0.5407	0.0000	84.6915	0.0000	0.0000	0.0000	13.5696	33.2986	0.0000	0.0000	0.0002	0.0000	0.0000	0.0000	0.0000	0.0000	0.0002	0.0000	0.0000	0.0000	0.0001	0.0001	0.0000	0.0000	0.0000	0.0000	inf	0.0171	0.0000	-0.0000	1.9891	4.4649	3.0036	3.5311	0.0000	0.0000	0.0000	0.0000	0.0000	0.0000	0.0000	0.0000	0.0000	0.0000	0.0000	0.0000	0.0000	0.0000	0.0000	0.0000	0.0000	0.0000	0.0674	0.0597	0.0077	0.0090	0.0089	0.0001	0.0584	0.0508	0.0076	0.3296	0.2298	0.0998	0.2184	0.1542	0.0642	0.1112	0.0756	0.0356	0.5407	0.0000	84.6915	0.0000	0.0000	0.0000	13.5696	0.0000	33.2986	0.0000	0.0000	0.0000	0.0001	0.0001	0.0000	0.0000	0.0000	0.0000	
12	36	0.0442	3	2	2	1	0	0	0	0	0	Y	Y	N	N	N	N	N	N	N	N	N	N	1621.3776	0.0000	10885416.0262	0.0000	0.0000	120821.2166	0.0000	4629469.2144	0.0523	0.0000	0.5082	0.0000	0.0000	0.0000	0.0646	0.0000	0.5196	0.0000	0.0000	0.0000	0.0000	0.0001	0.0000	0.0000	0.0000	0.0000	inf	0.0004	0.0007	-0.0000	1.9891	1.6626	3.0036	6.4813	0.0013	0.0000	0.0013	0.0000	0.0000	0.0000	0.0013	0.0000	0.0013	0.0000	0.0000	0.0000	0.0000	0.0000	0.0000	0.0000	0.0000	0.0000	0.0250	0.0224	0.0026	0.0048	0.0047	0.0001	0.0203	0.0177	0.0025	0.3133	0.2187	0.0946	0.2046	0.1467	0.0579	0.1087	0.0720	0.0367	1621.3776	0.0000	10885416.0262	0.0000	0.0000	0.0000	120821.2166	0.0000	4629469.2144	0.0000	0.0000	0.0000	0.0000	0.0001	0.0000	0.0000	0.0000	0.0000	
12	39	0.0424	3	1	2	0	0	0	0	0	0	N	Y	N	N	N	N	N	N	N	N	N	N	0.0000	0.0000	0.0000	0.0000	0.0000	0.0000	0.0000	0.0000	0.0000	0.0000	0.0000	0.0000	0.0000	0.0000	0.0000	0.0000	0.0000	0.0000	0.0007	0.0011	0.0000	0.0017	0.0020	0.0000	0.0000	0.0000	0.0000	0.0006	0.0000	-0.0001	1.9891	6.9653	3.0036	2.9126	0.0000	0.0000	0.0000	0.0000	0.0000	0.0000	0.0000	0.0000	0.0000	0.0001	0.0001	0.0000	0.0001	0.0001	0.0000	0.0000	0.0000	0.0000	0.1049	0.0929	0.0120	0.0149	0.0146	0.0003	0.0900	0.0782	0.0117	0.1205	0.0746	0.0459	0.0489	0.0429	0.0060	0.0716	0.0317	0.0399	0.0000	0.0000	0.0000	0.0000	0.0000	0.0000	0.0000	0.0000	0.0000	0.0007	0.0011	0.0000	0.0017	0.0020	0.0000	0.0000	0.0000	0.0000	
12	40	0.0319	2	1	2	0	0	0	0	0	0	N	Y	N	N	N	N	N	N	N	N	N	N	0.0000	0.0000	0.0000	0.0000	0.0000	0.0000	0.0000	0.0000	0.0000	0.0000	0.0000	0.0000	0.0000	0.0040	0.0071	0.0000	0.0148	0.0150	0.0000	0.0000	0.0000	0.0000	0.0000	0.0000	-0.0002	1.9891	4.0410	3.0036	4.5605	0.0000	0.0000	0.0000	0.0000	0.0000	0.0000	0.0000	0.0000	0.0000	0.0003	0.0003	0.0000	0.0003	0.0003	0.0000	0.0000	0.0000	0.0000	0.0631	0.0557	0.0074	0.0069	0.0068	0.0000	0.0563	0.0489	0.0074	0.0813	0.0459	0.0354	0.0219	0.0216	0.0003	0.0594	0.0243	0.0351	0.0000	0.0000	0.0000	0.0000	0.0000	0.0000	0.0000	0.0000	0.0000	0.0040	0.0071	0.0000	0.0148	0.0150	0.0000	0.0000	0.0000	0.0000						
12	41	0.0628	3	1	1	1	0	0	0	0	0	N	N	N	N	N	N	N	N	N	N	N	N	8968.0270	inf	0.0000	13.6064	inf	0.0000	8483.6062	inf	0.0000	0.0041	0.0046	0.0000	0.0000	0.0000	0.0000	0.0052	0.0060	0.0000	0.0000	0.0000	0.0000	0.0000	0.0000	0.0000	0.0000	0.0000	0.0000	0.0000	inf	-0.0001	0.0000	1.9891	4.0003	3.0036	0.0531	0.0002	0.0002	0.0000	0.0000	0.0000	0.0000	0.0002	0.0002	0.0000	0.0000	0.0000	0.0000	0.0000	0.0000	0.0000	0.0000	0.0000	0.0000	0.0606	0.0538	0.0069	0.0132	0.0127	0.0005	0.0475	0.0411	0.0064	0.0365	0.0213	0.0152	0.0113	0.0110	0.0003	0.0252	0.0103	0.0149	8968.0270	inf	0.0000	13.6064	inf	0.0000	8483.6062	inf	0.0000	0.0000	0.0000	0.0000	0.0000	0.0000	0.0000	0.0000	0.0000	0.0000
12	42	0.0319	2	1	1	0	0	0	0	0	0	N	N	N	N	N	N	N	N	N	N	N	N	62497264.7992	40134316.1475	10907.8472	10827.6544	inf	inf	7.2189	8.1742	0.0000	0.0046	0.0047	0.0000	8.1163	9.3348	0.0000	0.0000	0.0000	0.0000	0.0000	0.0000	0.0000	0.0000	0.0000	0.0000	0.0000	0.0000	-0.4590	-0.0000	1.9891	8.9997	3.0036	11.0444	0.9888	0.9888	0.0000	0.0001	0.0001	0.0000	0.9887	0.9887	0.0000	0.0000	0.0000	0.0000	0.0000	0.0000	0.0000	0.0000	0.0000	0.0000	0.1370	0.1210	0.0160	0.0152	0.0150	0.0001	0.1218	0.1059	0.0159	0.1818	0.1031	0.0787	0.0496	0.0489	0.0007	0.1322	0.0542	0.0780	62497264.7992	40134316.1475	0.0000	10907.8472	10827.6544	0.0000	inf	inf	0.0000	0.0000	0.0000	0.0000	0.0000	0.0000	0.0000	0.0000	0.0000	0.0000			
12	43	0.0319	2	2	2	1	0	0	0	0	0	Y	Y	N	N	N	N	N	N	N	N	N	N	0.0000	0.0000	0.0000	0.0000	0.0000	0.0000	0.0000	0.0000	0.0000	0.0000	0.0000	0.0000	0.0000	0.0017	0.0030	0.0000	0.0062	0.0063	0.0000	0.0000	0.0000	0.0000	0.0000	0.0000	-0.0003	1.9891	10.0000	3.0036	13.0000	0.0000	0.0000	0.0000	0.0000	0.0000	0.0000	0.0000	0.0000	0.0000	0.0004	0.0004	0.0000	0.0004	0.0004	0.0000	0.0000	0.0000	0.0000	0.1512	0.1335	0.0176	0.0168	0.0167	0.0001	0.1344	0.1169	0.0175	0.2062	0.1170	0.0891	0.0564	0.0556	0.0008	0.1497	0.0614	0.0883	0.0000	0.0000	0.0000	0.0000	0.0000	0.0000	0.0000	0.0000	0.0000	0.0017	0.0030	0.0000	0.0062	0.0063	0.0000	0.0000	0.0000	0.0000						
12	44	0.0319	2	1	2	0	0	0	0	0	0	N	Y	N	N	N	N	N	N	N	N	N	N	0.5092	0.0000	inf	0.0000	0.0000	inf	inf	0.0107	0.0000	0.0915	0.0000	0.0000	0.0000	0.0120	0.0000	0.0921	0.0210	0.0370	0.0000	0.0770	0.0781	0.0000	0.0000	0.0000	0.0000	inf	0.0000	0.0007	-0.0030	1.9891	8.0000	3.0036	13.0000	0.0013	0.0000	0.0013	0.0000	0.0000	0.0000	0.0013	0.0000	0.0013	0.0040	0.0040	0.0000	0.0040	0.0040	0.0000	0.0000	0.0000	0.0000	0.1224	0.1081	0.0143	0.0135	0.0134	0.0001	0.1089	0.0947	0.0142	0.1898	0.1077	0.0821	0.0518	0.0511	0.0007	0.1380	0.0566	0.0814	0.5092	0.0000	inf	0.0000	0.0000	0.0000	inf	0.0000	inf	0.0210	0.0370	0.0000	0.0770	0.0781	0.0000	0.0000	0.0000	0.0000		
12	45	0.0319	2	1	2	0	0	0	0	0	0	N	Y	N	N	N	N	N	N	N	N	N	N	49.7398	31.9597	122.4882	121.5860	0.0025	0.0028	0.0000	0.0226	0.0228	0.0000	0.0000	0.0000	0.0000	0.0001	0.0001	0.0000	0.0002	0.0002	0.0000	0.0000	0.0000	0.0000	0.0000	0.0000	-0.0002	-0.0000	1.9891	10.0000	3.0036	12.0000	0.0004	0.0004	0.0000	0.0004	0.0004	0.0000	0.0000	0.0000	0.0000	0.0000	0.0000	0.0000	0.0000	0.0000	0.0000	0.0000	0.0000	0.0000	0.1514	0.1337	0.0177	0.0168	0.0167	0.0001	0.1346	0.1170	0.0176	0.1982	0.1125	0.0857	0.0542	0.0534	0.0008	0.1440	0.0591	0.0849	49.7398	31.9597	0.0000	122.4882	121.5860	0.0000	0.0000	0.0000	0.0000	0.0001	0.0001	0.0000	0.0002	0.0002	0.0000	0.0000	0.0000	0.0000					
12	46	0.0442	3	2	1	1	0	0	0	0	0	Y	N	N	N	N	N	N	N	N	N	N	N	0.0000	0.0000	0.0000	0.0000	0.0000	0.0000	0.0000	0.0000	0.0000	0.0000	0.0000	0.0000	0.0000	0.0000	0.0000	0.0000	0.0000	0.0000	0.0000	0.0000	0.0000	0.0000	inf	0.0000	0.0000	1.9891	1.8806	3.0036	4.9930	0.0000	0.0000	0.0000	0.0000	0.0000	0.0000	0.0000	0.0000	0.0000	0.0000	0.0000	0.0000	0.0000	0.0000	0.0000	0.0000	0.0000	0.0000	0.0279	0.0250	0.0029	0.0052	0.0051	0.0001	0.0227	0.0199	0.0028	0.3044	0.2139	0.0905	0.2020	0.1441	0.0578	0.1024	0.0698	0.0326	0.0000	0.0000	0.0000	0.0000	0.0000	0.0000	0.0000	0.0000	0.0000	0.0000	0.0000	0.0000	0.0000	0.0000	0.0000	0.0000	0.0000	0.0000						
12	47	0.0319	2	2	1	1	0	0	0	0	0	Y	N	N	N	N	N	N	N	N	N	N	N	0.0000	0.0000	0.0000	0.0000	0.0000	0.0000	0.0000	0.0000	0.0000	0.0000	0.0000	0.0000	0.0000	0.0000	0.0000	0.0000	0.0000	0.0000	0.0000	0.0000	0.0000	0.0000	0.0000	0.0000	-0.0000	1.9891	2.1193	3.0036	4.2095	0.0000	0.0000	0.0000	0.0000	0.0000	0.0000	0.0000	0.0000	0.0000	0.0000	0.0000	0.0000	0.0000	0.0000	0.0000	0.0000	0.0000	0.0000	0.0335	0.0295	0.0039	0.0036	0.0036	0.0000	0.0299	0.0259	0.0039	0.0603	0.0340	0.0263	0.0162	0.0160	0.0002	0.0441	0.0180	0.0261	0.0000	0.0000	0.0000	0.0000	0.0000	0.0000	0.0000	0.0000	0.0000	0.0000	0.0000	0.0000	0.0000	0.0000	0.0000	0.0000	0.0000	0.0000						
12	48	0.0319	2	1	2	0	1	0	0	0	0	N	Y	N	N	N	N	N	N	N	N	N	N	192.8837	403.3726	0.0000	0.8589	1.0572	0.0000	163.7141	262.0667	0.0000	5.9692	6.7566	0.0000	0.0038	0.0038	0.0000	6.7169	7.7231	0.0000	0.0309	0.0168	0.0497	0.0044	0.0036	0.0597	0.0410	0.0295	0.0496	0.0000	2.2469	-0.4591	-0.0004	1.9891	11.0000	3.0036	18.0000	0.9890	0.9890	0.0000	0.0001	0.0001	0.0000	0.9889	0.9889	0.0000	0.0079	0.0024	0.0055	0.0003	0.0003	0.0001	0.0076	0.0022	0.0054	0.1657	0.1464	0.0193	0.0185	0.0183	0.0001	0.1472	0.1280	0.0192	0.2550	0.1451	0.1099	0.0702	0.0692	0.0010	0.1847	0.0759	0.1089	192.8837	403.3726	0.0000	0.8589	1.0572	0.0000	163.7141	268.7992	0.0000	0.0309	0.0168	0.0497	0.0044	0.0036	0.0597	0.0410	0.0287	0.0496
12	49	0.0319	2	1	2	0	0	0	0	0	0	N	Y	N	N	N	N	N	N	N	N	N	N	1.6792	1.0777	0.0507	0.0503	1.3808	0.6512	10.6600	12.0773	0.0000	0.0069	0.0069	0.0000	11.9696	13.7726	0.0000	6.3483	11.2069	0.0000	0.1359	0.1379	0.0000	8.6684	21.1481	0.0000	0.0000	0.0000	-0.4591	-0.7409	1.9891	6.0000	3.0036	11.0000	0.9890	0.9890	0.0000	0.0001	0.0001	0.0000	0.9889	0.9889	0.0000	0.9895	0.9895	0.0000	0.0058	0.0058	0.0000	0.9838	0.9838	0.0000	0.0928	0.0819	0.0109	0.0102	0.0101	0.0001	0.0826	0.0718	0.0108	0.1559	0.0883	0.0676	0.0424	0.0418	0.0006	0.1135	0.0465	0.0670	1.6792	1.0777	0.0000	0.0507	0.0503	0.0000	1.3808	0.6512	0.0000	6.3483	11.2069	0.0000	0.1359	0.1379	0.0000	8.6684	21.1481	0.0000			
12	51	0.0589	3	1	2	0	1	0	0	0	0	N	Y	N	N	N	N	N	N	N	N	N	N	0.0000	0.0000	0.0000	0.0000	0.0000	0.0000	0.0000	0.0000	0.0000	0.0000	0.0000	0.0000	0.0000	0.0000	0.0000	0.0000	0.0000	0.0000	0.0000	0.0001	0.0000	0.0000	0.0000	0.0001	0.0000	0.0002	128.4302	0.0000	0.0000	1.9891	0.9739	3.0036	0.0244	0.0000	0.0000	0.0000	0.0000	0.0000	0.0000	0.0000	0.0000	0.0000	0.0000	0.0000	0.0000	0.0000	0.0000	0.0000	0.0000	0.0000	0.0000	0.0826	0.0770	0.0056	0.0370	0.0367	0.0003	0.0456	0.0403	0.0053	0.3519	0.2637	0.0882	0.2407	0.1792	0.0615	0.1112	0.0845	0.0267	0.0000	0.0000	0.0000	0.0000	0.0000	0.0000	0.0000	0.0000	0.0000	0.0000	0.0000	0.0001	0.0000	0.0000	0.0000	0.0001	0.0000	0.0002		
12	52	0.0319	2	1	2	0	1	0	0	0	0	N	Y	N	N	N	N	N	N	N	N	N	N	0.0088	0.0019	1.2962	0.0004	0.0004	0.0000	0.3327	0.2378	1.2955	0.0000	0.0000	0.0000	0.0000	0.0000	0.0000	0.0000	0.0000	0.0000	0.0006	0.0011	0.0000	0.0023	0.0024	0.0000	0.0000	0.0000	0.0000	1.9993	0.0171	0.0000	-0.0001	1.9891	10.0170	3.0036	8.1377	0.0000	0.0000	0.0000	0.0000	0.0000	0.0000	0.0000	0.0000	0.0000	0.0001	0.0001	0.0000	0.0001	0.0001	0.0000	0.0000	0.0000	0.0000	0.1516	0.1339	0.0177	0.0168	0.0167	0.0001	0.1348	0.1172	0.0176	0.1658	0.0939	0.0718	0.0451	0.0445	0.0006	0.1206	0.0495	0.0712	0.0088	0.0019	1.2962	0.0004	0.0004	0.0000	0.3327	0.2378	1.2955	0.0006	0.0011	0.0000	0.0023	0.0024	0.0000	0.0000	0.0000	0.0000
12	53	0.0670	3	2	2	0	0	0	0	0	0	Y	Y	N	N	N	N	N	N	N	N	N	N	0.0000	0.0000	0.0000	0.0000	0.0000	0.0000	0.0000	0.0000	0.0000	0.0000	0.0000	0.0000	0.0000	0.0000	0.0000	0.0000	0.0000	0.0000	0.0192	0.0305	0.0000	0.0332	0.0402	0.0000	0.0000	0.0000	0.0000	0.0000	0.0000	-0.0042	1.9891	1.0294	3.0036	5.0054	0.0000	0.0000	0.0000	0.0000	0.0000	0.0000	0.0000	0.0000	0.0000	0.0055	0.0055	0.0000	0.0055	0.0055	0.0000	0.0000	0.0000	0.0000	0.0308	0.0274	0.0034	0.0095	0.0094	0.0001	0.0213	0.0180	0.0033	0.2891	0.1817	0.1074	0.1668	0.1379	0.0290	0.1223	0.0438	0.0785	0.0000	0.0000	0.0000	0.0000	0.0000	0.0000	0.0000	0.0000	0.0000	0.0192	0.0305	0.0000	0.0332	0.0402	0.0000	0.0000	0.0000	0.0000	
12	54	0.0319	2	2	2	0	0	0	0	0	0	Y	Y	N	N	N	N	N	N	N	N	N	N	0.0004	0.0000	1.9662	0.0000	0.0000	0.5227	inf	1.9613	0.0000	0.0000	0.0000	0.0000	0.0000	0.0000	0.0000	0.0000	0.0000	0.0026	0.0046	0.0000	0.0095	0.0096	0.0000	0.0000	0.0000	0.0000	4.8325	0.0007	0.0000	-0.0004	1.9891	7.2033	3.0036	14.9709	0.0000	0.0000	0.0000	0.0000	0.0000	0.0000	0.0000	0.0000	0.0000	0.0005	0.0005	0.0000	0.0005	0.0005	0.0000	0.0000	0.0000	0.0000	0.1107	0.0977	0.0130	0.0122	0.0121	0.0001	0.0985	0.0856	0.0129	0.1996	0.1133	0.0863	0.0546	0.0538	0.0008	0.1450	0.0595	0.0855	0.0004	0.0000	1.9662	0.0000	0.0000	0.0000	0.5227	inf	1.9613	0.0026	0.0046	0.0000	0.0095	0.0096	0.0000	0.0000	0.0000	0.0000	
12	58	0.2259	5	1	1	0	0	0	0	0	0	N	N	N	N	N	N	N	N	N	N	N	N	1.2191	0.8560	0.0159	1.6692	1.6136	0.2049	0.7828	0.2996	0.0016	0.0326	0.0365	0.0000	0.0798	0.0840	0.0000	0.0032	0.0037	0.0000	0.0268	0.0427	0.0004	0.0478	0.0520	0.0001	0.0041	0.0123	0.0004	0.0000	0.0051	-0.0072	-0.0225	1.9891	16.5869	3.0036	24.5040	0.0156	0.0156	0.0000	0.0146	0.0146	0.0000	0.0009	0.0009	0.0000	0.0302	0.0301	0.0002	0.0280	0.0280	0.0000	0.0022	0.0021	0.0001	0.4769	0.4262	0.0507	0.1835	0.1743	0.0092	0.2934	0.2519	0.0415	1.1289	0.7048	0.4241	0.5866	0.5384	0.0482	0.5423	0.1664	0.3759	1.2191	0.8560	0.0159	1.6692	1.6136	0.2049	0.7828	0.2996	0.0016	0.0268	0.0427	0.0004	0.0478	0.0520	0.0001	0.0041	0.0123	0.0004
13	14	0.0435	2	1	1	1	0	0	0	0	0	N	N	N	N	N	N	N	N	N	N	N	N	0.0000	0.0000	0.0000	0.0000	0.0000	0.0000	0.0000	0.0000	0.0000	0.0000	0.0000	0.0000	0.0000	0.0000	0.0000	0.0000	0.0000	0.0000	0.0000	0.0000	9.0000	3.8806	10.0000	3.0092	0.0000	0.0000	0.0000	0.0000	0.0000	0.0000	0.0000	0.0000	0.0000	0.0000	0.0000	0.0000	0.0000	0.0000	0.0000	0.0000	0.0000	0.0000	0.2347	0.2058	0.0289	0.0137	0.0132	0.0004	0.2210	0.1925	0.0285	0.1394	0.0704	0.0690	0.0161	0.0159	0.0002	0.1233	0.0545	0.0688	0.0000	0.0000	0.0000	0.0000	0.0000	0.0000	0.0000	0.0000	0.0000	0.0000	0.0000	0.0000	0.0000	0.0000	0.0000	0.0000	0.0000	0.0000											
13	15	0.0821	3	0	2	0	0	0	0	0	0	N	Y	N	N	N	N	N	N	N	N	N	N	0.0000	0.0000	0.0000	0.0000	0.0000	0.0000	0.0000	0.0000	0.0000	0.0000	0.0000	0.0000	0.0000	0.0141	0.0256	0.0000	0.0745	0.0774	0.0000	0.0000	0.0000	0.0000	0.0000	0.0000	-0.0025	9.0000	2.0122	10.0000	8.2883	0.0000	0.0000	0.0000	0.0000	0.0000	0.0000	0.0000	0.0000	0.0000	0.0034	0.0034	0.0000	0.0034	0.0034	0.0000	0.0000	0.0000	0.0000	0.1192	0.1038	0.0154	0.0049	0.0048	0.0000	0.1143	0.0989	0.0154	0.2377	0.1309	0.1068	0.0450	0.0433	0.0017	0.1928	0.0876	0.1051	0.0000	0.0000	0.0000	0.0000	0.0000	0.0000	0.0000	0.0000	0.0000	0.0141	0.0256	0.0000	0.0745	0.0774	0.0000	0.0000	0.0000	0.0000						
13	16	0.0811	3	0	2	0	0	0	0	0	0	N	Y	N	N	N	N	N	N	N	N	N	N	1.2916	0.8780	5.5003	5.2406	0.0023	0.0026	0.0000	0.0365	0.0369	0.0000	0.0000	0.0000	0.0000	0.0018	0.0030	0.0000	0.0066	0.0070	0.0000	0.0000	0.0000	0.0000	0.0000	0.0000	-0.0001	-0.0003	9.0000	2.0840	10.0000	8.3569	0.0003	0.0003	0.0000	0.0003	0.0003	0.0000	0.0000	0.0000	0.0000	0.0004	0.0004	0.0000	0.0004	0.0004	0.0000	0.0000	0.0000	0.0000	0.1192	0.1034	0.0158	0.0074	0.0073	0.0001	0.1117	0.0960	0.0157	0.2337	0.1378	0.0959	0.0618	0.0582	0.0036	0.1718	0.0796	0.0923	1.2916	0.8780	0.0000	5.5003	5.2406	0.0000	0.0000	0.0000	0.0000	0.0018	0.0030	0.0000	0.0066	0.0070	0.0000	0.0000	0.0000	0.0000					
13	18	0.0821	3	0	2	0	0	0	0	0	0	N	Y	N	N	N	N	N	N	N	N	N	N	inf	inf	inf	inf	3.0334	0.0000	23.0072	0.0000	0.0000	0.0000	3.0865	0.0000	23.0777	0.0000	0.0000	0.0000	0.0000	0.0000	0.0000	0.0000	0.0000	0.0000	inf	0.5358	0.0000	9.0000	5.9999	10.0000	8.2406	1.0000	0.0000	1.0000	0.0000	0.0000	0.0000	1.0000	0.0000	1.0000	0.0000	0.0000	0.0000	0.0000	0.0000	0.0000	0.0000	0.0000	0.0000	0.3297	0.2862	0.0435	0.0057	0.0055	0.0001	0.3240	0.2807	0.0433	0.2956	0.1570	0.1386	0.0476	0.0453	0.0023	0.2481	0.1117	0.1363	inf	0.0000	inf	0.0000	0.0000	0.0000	inf	0.0000	inf	0.0000	0.0000	0.0000	0.0000	0.0000	0.0000	0.0000	0.0000	0.0000						
13	19	0.0674	2	0	1	0	0	0	0	0	0	N	N	N	N	N	N	N	N	N	N	N	N	0.1544	0.2068	0.0000	0.8032	0.7859	0.0000	0.0000	0.0000	0.0000	0.0037	0.0042	0.0000	0.0357	0.0358	0.0000	0.0000	0.0000	0.0000	0.0237	0.0202	0.0284	0.0445	0.0456	0.0002	0.0169	0.0011	0.0288	0.0000	1.0798	-0.0001	-0.0014	9.0000	0.9481	10.0000	8.0223	0.0002	0.0002	0.0000	0.0002	0.0002	0.0000	0.0000	0.0000	0.0000	0.0063	0.0030	0.0033	0.0029	0.0029	0.0000	0.0033	0.0001	0.0033	0.0655	0.0576	0.0079	0.0067	0.0067	0.0000	0.0587	0.0509	0.0079	0.2641	0.1496	0.1145	0.0658	0.0642	0.0016	0.1983	0.0855	0.1129	0.1544	0.2068	0.0000	0.8032	0.7859	0.0000	0.0000	0.0000	0.0000	0.0237	0.0202	0.0284	0.0445	0.0456	0.0002	0.0169	0.0011	0.0288
13	22	0.0662	2	1	2	0	0	0	0	0	0	N	Y	N	N	N	N	N	N	N	N	N	N	0.7946	208.2507	0.0000	37.0322	36.2096	0.5850	inf	0.0000	0.8063	0.9156	0.0000	0.2964	0.2996	0.0000	0.9439	1.1087	0.0000	1.0147	0.0044	3.1524	0.0080	0.0083	0.0000	1.6136	0.0000	3.2772	0.0000	338.8611	-0.0600	0.0304	9.0000	1.8226	10.0000	1.1826	0.1292	0.1292	0.0000	0.0101	0.0101	0.0000	0.1191	0.1191	0.0000	0.1223	0.0004	0.1220	0.0004	0.0004	0.0000	0.1220	0.0000	0.1220	0.1602	0.1411	0.0191	0.0340	0.0337	0.0004	0.1262	0.1074	0.0188	0.1206	0.0819	0.0387	0.0450	0.0435	0.0015	0.0756	0.0384	0.0372	0.7946	208.2507	0.0000	37.0322	36.2096	0.0000	0.5850	inf	0.0000	1.0147	0.0044	3.1524	0.0080	0.0083	0.0000	1.6136	0.0000	3.2772	
13	24	0.0657	3	0	1	1	0	0	0	0	0	N	N	N	N	N	N	N	N	N	N	N	N	0.0000	0.0000	0.0000	0.0000	0.0000	0.0000	0.0000	0.0000	0.0000	0.0000	0.0000	0.0000	0.0000	0.0000	0.0000	0.0000	0.0000	0.0000	0.0000	0.0000	9.0000	0.0000	10.0000	0.0000	0.0000	0.0000	0.0000	0.0000	0.0000	0.0000	0.0000	0.0000	0.0000	0.0000	0.0000	0.0000	0.0000	0.0000	0.0000	0.0000	0.0000	0.0000	0.0000	0.0000	0.0000	0.0000	0.0000	0.0000	0.0000	0.0000	0.0000	0.0000	0.0000	0.0000	0.0000	0.0000	0.0000	0.0000	0.0000	0.0000	0.0000	0.0000	0.0000	0.0000	0.0000	0.0000	0.0000	0.0000	0.0000	0.0000	0.0000	0.0000	0.0000	0.0000	0.0000	0.0000	0.0000	0.0000											
13	26	0.0458	2	1	1	1	0	0	0	0	0	N	N	N	N	N	N	N	N	N	N	N	N	31.4555	18.1080	0.6981	0.7193	inf	inf	0.0020	0.0023	0.0000	0.0003	0.0003	0.0000	0.0022	0.0026	0.0000	0.0001	0.0001	0.0000	0.0005	0.0005	0.0000	0.0000	0.0000	0.0000	0.0000	0.0000	-0.0002	-0.0000	9.0000	4.5914	10.0000	6.1047	0.0005	0.0005	0.0000	0.0000	0.0000	0.0000	0.0004	0.0004	0.0000	0.0000	0.0000	0.0000	0.0000	0.0000	0.0000	0.0000	0.0000	0.0000	0.2261	0.1956	0.0306	0.0304	0.0289	0.0016	0.1957	0.1667	0.0290	0.1581	0.0787	0.0794	0.0212	0.0208	0.0005	0.1368	0.0579	0.0789	31.4555	18.1080	0.0000	0.6981	0.7193	0.0000	inf	inf	0.0000	0.0001	0.0001	0.0000	0.0005	0.0005	0.0000	0.0000	0.0000	0.0000			
13	29	0.0458	2	1	1	1	0	0	0	0	0	N	N	N	N	N	N	N	N	N	N	N	N	35.4184	20.7634	0.7942	0.8184	inf	inf	0.0035	0.0041	0.0000	0.0005	0.0005	0.0000	0.0042	0.0050	0.0000	0.0001	0.0002	0.0000	0.0006	0.0006	0.0000	0.0000	0.0000	0.0000	0.0000	0.0000	-0.0002	-0.0000	9.0000	1.9609	10.0000	3.0643	0.0005	0.0005	0.0000	0.0000	0.0000	0.0000	0.0004	0.0004	0.0000	0.0000	0.0000	0.0000	0.0000	0.0000	0.0000	0.0000	0.0000	0.0000	0.1269	0.1092	0.0177	0.0218	0.0208	0.0010	0.1051	0.0884	0.0167	0.0999	0.0504	0.0495	0.0173	0.0170	0.0003	0.0826	0.0334	0.0492	35.4184	20.7634	0.0000	0.7942	0.8184	0.0000	inf	inf	0.0000	0.0001	0.0002	0.0000	0.0006	0.0006	0.0000	0.0000	0.0000	0.0000			
13	32	0.0657	3	0	2	0	0	0	0	0	0	N	Y	N	N	N	N	N	N	N	N	N	N	0.0000	0.0000	0.0000	0.0000	0.0000	0.0000	0.0000	0.0000	0.0000	0.0000	0.0000	0.0000	0.0000	0.0000	0.0000	0.0000	0.0000	0.0000	0.0000	0.0000	9.0000	0.0000	10.0000	4.0000	0.0000	0.0000	0.0000	0.0000	0.0000	0.0000	0.0000	0.0000	0.0000	0.0000	0.0000	0.0000	0.0000	0.0000	0.0000	0.0000	0.0000	0.0000	0.0000	0.0000	0.0000	0.0000	0.0000	0.0000	0.0000	0.0000	0.0000	0.0569	0.0261	0.0308	0.0021	0.0017	0.0004	0.0547	0.0244	0.0304	0.0000	0.0000	0.0000	0.0000	0.0000	0.0000	0.0000	0.0000	0.0000	0.0000	0.0000	0.0000	0.0000	0.0000	0.0000	0.0000	0.0000	0.0000											
13	33	0.0621	2	0	1	0	0	0	0	0	0	N	N	N	N	N	N	N	N	N	N	N	N	inf	inf	inf	inf	0.0384	0.0424	0.0000	0.0000	0.0000	0.0000	0.0598	0.0700	0.0000	0.0000	0.0000	0.0000	0.0000	0.0000	0.0000	0.0000	0.0000	0.0000	0.0000	-0.0000	0.0000	9.0000	0.0019	10.0000	1.9565	0.0000	0.0000	0.0000	0.0000	0.0000	0.0000	0.0000	0.0000	0.0000	0.0000	0.0000	0.0000	0.0000	0.0000	0.0000	0.0000	0.0000	0.0000	0.0003	0.0002	0.0000	0.0001	0.0001	0.0000	0.0002	0.0001	0.0000	0.0300	0.0141	0.0160	0.0020	0.0018	0.0002	0.0280	0.0123	0.0158	inf	inf	0.0000	0.0000	0.0000	0.0000	inf	inf	0.0000	0.0000	0.0000	0.0000	0.0000	0.0000	0.0000	0.0000	0.0000	0.0000						
13	34	0.0579	3	1	2	1	0	0	0	0	0	N	Y	N	N	N	N	N	N	N	N	N	N	0.0000	0.0000	0.0000	0.0000	0.0000	0.0000	0.0000	0.0000	0.0000	0.0000	0.0000	0.0000	0.0000	0.0001	0.0002	0.0000	0.0005	0.0006	0.0000	0.0000	0.0000	0.0000	0.0000	0.0000	-0.0000	9.0000	3.0034	10.0000	4.0042	0.0000	0.0000	0.0000	0.0000	0.0000	0.0000	0.0000	0.0000	0.0000	0.0000	0.0000	0.0000	0.0000	0.0000	0.0000	0.0000	0.0000	0.0000	0.1707	0.1500	0.0207	0.0121	0.0118	0.0003	0.1586	0.1382	0.0204	0.1274	0.0666	0.0608	0.0186	0.0180	0.0006	0.1088	0.0486	0.0602	0.0000	0.0000	0.0000	0.0000	0.0000	0.0000	0.0000	0.0000	0.0000	0.0001	0.0002	0.0000	0.0005	0.0006	0.0000	0.0000	0.0000	0.0000						
13	35	0.0579	3	1	2	1	0	0	0	0	0	N	Y	N	N	N	N	N	N	N	N	N	N	0.0000	0.0000	0.0000	0.0000	0.0000	0.0000	0.0000	0.0000	0.0000	0.0000	0.0000	0.0000	0.0000	0.0018	0.0035	0.0000	0.0132	0.0136	0.0000	0.0000	0.0000	0.0000	0.0000	0.0000	-0.0002	9.0000	4.4649	10.0000	3.5311	0.0000	0.0000	0.0000	0.0000	0.0000	0.0000	0.0000	0.0000	0.0000	0.0003	0.0003	0.0000	0.0003	0.0003	0.0000	0.0000	0.0000	0.0000	0.2449	0.2146	0.0304	0.0147	0.0142	0.0005	0.2303	0.2004	0.0299	0.1419	0.0737	0.0682	0.0198	0.0191	0.0007	0.1221	0.0546	0.0675	0.0000	0.0000	0.0000	0.0000	0.0000	0.0000	0.0000	0.0000	0.0000	0.0018	0.0035	0.0000	0.0132	0.0136	0.0000	0.0000	0.0000	0.0000						
13	36	0.0435	2	1	2	1	0	0	0	0	0	N	Y	N	N	N	N	N	N	N	N	N	N	0.0000	0.0000	0.0000	0.0000	0.0000	0.0000	0.0000	0.0000	0.0000	0.0000	0.0000	0.0000	0.0000	0.0000	0.0000	0.0020	0.0012	0.0028	0.0000	0.0000	0.0000	0.0023	0.0016	0.0029	2.2500	0.0000	-0.0000	9.0000	1.6626	10.0000	6.4813	0.0000	0.0000	0.0000	0.0000	0.0000	0.0000	0.0000	0.0000	0.0000	0.0003	0.0001	0.0002	0.0000	0.0000	0.0000	0.0003	0.0001	0.0002	0.0862	0.0761	0.0100	0.0084	0.0083	0.0001	0.0777	0.0678	0.0099	0.1288	0.0656	0.0632	0.0159	0.0157	0.0002	0.1129	0.0499	0.0630	0.0000	0.0000	0.0000	0.0000	0.0000	0.0000	0.0000	0.0000	0.0000	0.0020	0.0012	0.0028	0.0000	0.0000	0.0000	0.0023	0.0016	0.0029				
13	37	0.0520	2	1	2	0	0	0	0	0	0	N	Y	N	N	N	N	N	N	N	N	N	N	0.0000	0.0000	0.0000	0.0000	0.0000	0.0000	0.0000	0.0000	0.0000	0.0000	0.0000	0.0000	0.0000	0.0000	0.0000	0.0000	0.0253	0.0108	0.0400	0.0392	0.0403	0.0000	0.0230	0.0000	0.0403	3.6383	0.0000	0.0003	9.0000	5.8118	10.0000	10.8965	0.0000	0.0000	0.0000	0.0000	0.0000	0.0000	0.0000	0.0000	0.0000	0.0087	0.0019	0.0068	0.0019	0.0019	0.0000	0.0068	0.0000	0.0068	0.3345	0.2924	0.0421	0.0170	0.0167	0.0003	0.3175	0.2757	0.0418	0.3450	0.1742	0.1708	0.0479	0.0467	0.0012	0.2971	0.1275	0.1696	0.0000	0.0000	0.0000	0.0000	0.0000	0.0000	0.0000	0.0000	0.0000	0.0253	0.0108	0.0400	0.0392	0.0403	0.0000	0.0230	0.0000	0.0403			
13	39	0.0417	2	0	2	0	0	0	0	0	0	N	Y	N	N	N	N	N	N	N	N	N	N	0.4999	inf	0.0000	inf	inf	0.4490	inf	0.0000	2.7603	3.1745	0.0000	0.0015	0.0016	0.0000	2.8652	3.3065	0.0000	5.5214	0.0000	14.6340	0.0000	0.0000	0.0000	6.3815	0.0000	14.9873	0.0000	inf	-0.4635	0.2507	9.0000	6.9653	10.0000	2.9126	0.9986	0.9986	0.0000	0.0000	0.0000	0.0000	0.9986	0.9986	0.0000	0.9977	0.0000	0.9977	0.0000	0.0000	0.0000	0.9977	0.0000	0.9977	0.3618	0.3146	0.0472	0.0133	0.0126	0.0007	0.3485	0.3020	0.0465	0.1807	0.0917	0.0890	0.0244	0.0236	0.0008	0.1563	0.0681	0.0883	0.4999	inf	0.0000	inf	inf	0.0000	0.4490	inf	0.0000	5.5214	0.0000	11.2094	0.0000	0.0000	0.0000	6.3815	0.0000	11.3053	
13	41	0.0621	2	0	1	1	0	0	0	0	0	N	N	N	N	N	N	N	N	N	N	N	N	inf	inf	inf	inf	0.0000	0.0001	0.0000	0.0000	0.0000	0.0000	0.0001	0.0001	0.0000	0.0000	0.0000	0.0000	0.0000	0.0000	0.0000	0.0000	0.0000	0.0000	0.0000	-0.0000	0.0000	9.0000	4.0003	10.0000	0.0531	0.0000	0.0000	0.0000	0.0000	0.0000	0.0000	0.0000	0.0000	0.0000	0.0000	0.0000	0.0000	0.0000	0.0000	0.0000	0.0000	0.0000	0.0000	0.2085	0.1818	0.0266	0.0260	0.0247	0.0013	0.1824	0.1571	0.0253	0.0596	0.0276	0.0320	0.0030	0.0026	0.0004	0.0565	0.0250	0.0316	inf	inf	0.0000	0.0000	0.0000	0.0000	inf	inf	0.0000	0.0000	0.0000	0.0000	0.0000	0.0000	0.0000	0.0000	0.0000	0.0000						
13	46	0.0435	2	1	1	1	0	0	0	0	0	N	N	N	N	N	N	N	N	N	N	N	N	0.0000	0.0000	0.0000	0.0000	0.0000	0.0000	0.0000	0.0000	0.0000	0.0000	0.0000	0.0000	0.0000	0.0000	0.0000	0.0000	0.0000	0.0000	0.0000	0.0000	9.0000	1.8806	10.0000	4.9930	0.0000	0.0000	0.0000	0.0000	0.0000	0.0000	0.0000	0.0000	0.0000	0.0000	0.0000	0.0000	0.0000	0.0000	0.0000	0.0000	0.0000	0.0000	0.0958	0.0846	0.0113	0.0088	0.0086	0.0002	0.0870	0.0759	0.0111	0.1136	0.0586	0.0550	0.0156	0.0155	0.0002	0.0980	0.0432	0.0548	0.0000	0.0000	0.0000	0.0000	0.0000	0.0000	0.0000	0.0000	0.0000	0.0000	0.0000	0.0000	0.0000	0.0000	0.0000	0.0000	0.0000	0.0000											
13	51	0.0582	2	0	2	0	1	0	0	0	0	N	Y	N	N	N	N	N	N	N	N	N	N	0.5610	0.2533	inf	0.3697	0.3224	inf	inf	inf	0.0040	0.0022	0.0282	0.0052	0.0047	0.0838	0.0030	0.0000	0.0258	0.0072	0.0088	0.0000	0.0142	0.0147	0.0000	0.0000	0.0000	0.0000	0.9286	0.0000	0.0000	-0.0015	9.0000	0.9739	10.0000	0.0244	0.0014	0.0007	0.0006	0.0008	0.0007	0.0001	0.0006	0.0000	0.0006	0.0020	0.0020	0.0000	0.0020	0.0020	0.0000	0.0000	0.0000	0.0000	0.3361	0.3131	0.0231	0.1486	0.1476	0.0010	0.1875	0.1654	0.0221	0.2780	0.2254	0.0525	0.1402	0.1353	0.0049	0.1378	0.0901	0.0477	0.5610	0.2533	inf	0.3697	0.3224	inf	inf	0.0000	inf	0.0072	0.0088	0.0000	0.0142	0.0147	0.0000	0.0000	0.0000	0.0000	
13	53	0.0662	2	1	2	0	0	0	0	0	0	N	Y	N	N	N	N	N	N	N	N	N	N	0.0000	0.0000	0.0000	0.0000	0.0000	0.0000	0.0000	0.0000	0.0000	0.0000	0.0000	0.0000	0.0000	0.0159	0.0000	0.0432	0.0000	0.0000	0.0000	0.0231	0.0000	0.0449	inf	0.0000	0.0007	9.0000	1.0294	10.0000	5.0054	0.0000	0.0000	0.0000	0.0000	0.0000	0.0000	0.0000	0.0000	0.0000	0.0027	0.0000	0.0027	0.0000	0.0000	0.0000	0.0027	0.0000	0.0027	0.1188	0.1052	0.0136	0.0333	0.0330	0.0003	0.0855	0.0722	0.0133	0.1670	0.1055	0.0616	0.0517	0.0493	0.0023	0.1154	0.0561	0.0593	0.0000	0.0000	0.0000	0.0000	0.0000	0.0000	0.0000	0.0000	0.0000	0.0159	0.0000	0.0432	0.0000	0.0000	0.0000	0.0231	0.0000	0.0449						
13	58	0.2251	4	0	1	0	0	0	0	0	0	N	N	N	N	N	N	N	N	N	N	N	N	42.0935	31.4205	4.3490	4.1952	inf	inf	0.5644	0.6283	0.0000	0.1270	0.1310	0.0000	0.7887	0.9153	0.0000	0.0134	0.0200	0.0000	0.0292	0.0312	0.0000	0.0000	0.0000	0.0000	0.0000	0.0000	-0.4528	-0.0172	9.0000	16.5869	10.0000	24.5040	0.9755	0.9755	0.0000	0.0744	0.0744	0.0000	0.9011	0.9011	0.0000	0.0230	0.0230	0.0000	0.0230	0.0230	0.0000	0.0000	0.0000	0.0000	1.7285	1.5525	0.1759	0.5859	0.5680	0.0179	1.1425	0.9845	0.1580	1.7117	1.1476	0.5641	0.7861	0.7351	0.0510	0.9256	0.4125	0.5131	42.0935	31.4205	0.0000	4.3490	4.1952	0.0000	inf	inf	0.0000	0.0134	0.0200	0.0000	0.0292	0.0312	0.0000	0.0000	0.0000	0.0000			
14	15	0.0756	4	1	1	1	0	0	0	0	0	N	N	N	N	N	N	N	N	N	N	N	N	0.0000	0.0000	0.0000	0.0000	0.0000	0.0000	0.0000	0.0000	0.0000	0.0000	0.0000	0.0000	0.0000	0.0000	0.0000	0.0000	0.0000	0.0019	0.0012	0.0030	0.0065	0.0030	0.2362	0.0004	0.0000	0.0008	1.6923	0.0000	-0.0000	3.8806	2.0122	3.0092	8.2883	0.0000	0.0000	0.0000	0.0000	0.0000	0.0000	0.0000	0.0000	0.0000	0.0002	0.0001	0.0001	0.0002	0.0001	0.0001	0.0000	0.0000	0.0000	0.0575	0.0504	0.0071	0.0046	0.0045	0.0001	0.0529	0.0459	0.0070	0.1108	0.0655	0.0454	0.0274	0.0270	0.0004	0.0834	0.0385	0.0449	0.0000	0.0000	0.0000	0.0000	0.0000	0.0000	0.0000	0.0000	0.0000	0.0019	0.0012	0.0030	0.0065	0.0030	0.2362	0.0004	0.0000	0.0008		
14	16	0.0746	4	1	1	1	0	0	0	0	0	N	N	N	N	N	N	N	N	N	N	N	N	0.0000	0.0000	0.0000	0.0000	0.0000	0.0000	0.0000	0.0000	0.0000	0.0000	0.0000	0.0000	0.0000	0.0000	0.0000	0.0000	0.0000	0.0145	0.0238	0.0000	0.0509	0.0522	0.0000	0.0000	0.0000	0.0000	0.0001	0.0000	-0.0008	3.8806	2.0840	3.0092	8.3569	0.0000	0.0000	0.0000	0.0000	0.0000	0.0000	0.0000	0.0000	0.0000	0.0011	0.0011	0.0000	0.0011	0.0011	0.0000	0.0000	0.0000	0.0000	0.0502	0.0446	0.0056	0.0039	0.0039	0.0000	0.0463	0.0407	0.0056	0.0747	0.0454	0.0293	0.0212	0.0207	0.0005	0.0535	0.0247	0.0288	0.0000	0.0000	0.0000	0.0000	0.0000	0.0000	0.0000	0.0000	0.0000	0.0145	0.0238	0.0000	0.0509	0.0522	0.0000	0.0000	0.0000	0.0000		
14	17	0.0246	2	2	1	1	0	0	0	0	0	Y	N	N	N	N	N	N	N	N	N	N	N	1.4908	inf	1.2096	1.4007	inf	1.2726	12.5409	7.1552	50.7144	0.0000	0.0000	0.0000	13.3169	7.6470	51.5079	8.4124	0.0000	41.9260	0.0000	0.0000	0.0000	9.5075	0.0000	40.4758	1.0000	inf	0.0717	0.2512	3.8806	6.0000	3.0092	10.0000	2.0000	1.0000	1.0000	0.0000	0.0000	0.0000	2.0000	1.0000	1.0000	0.9999	0.0000	0.9999	0.0000	0.0000	0.0000	0.9999	0.0000	0.9999	0.1595	0.1398	0.0197	0.0093	0.0090	0.0003	0.1502	0.1308	0.0194	0.1189	0.0600	0.0589	0.0137	0.0135	0.0002	0.1052	0.0465	0.0587	1.4908	inf	2.9852	0.0000	0.0000	0.0000	1.4007	inf	3.0226	8.4124	0.0000	16.9883	0.0000	0.0000	0.0000	9.5075	0.0000	17.0407			
14	18	0.0756	4	1	1	1	0	0	0	0	0	N	N	N	N	N	N	N	N	N	N	N	N	0.0000	0.0000	0.0000	0.0000	0.0000	0.0000	0.0000	0.0000	0.0000	0.0000	0.0000	0.0000	0.0000	7.2353	0.0000	50.8008	0.0000	0.0000	0.0000	9.3338	0.0000	56.4084	inf	0.0000	0.2512	3.8806	5.9999	3.0092	8.2406	0.0000	0.0000	0.0000	0.0000	0.0000	0.0000	0.0000	0.0000	0.0000	0.9999	0.0000	0.9999	0.0000	0.0000	0.0000	0.9999	0.0000	0.9999	0.1620	0.1420	0.0200	0.0108	0.0105	0.0003	0.1511	0.1315	0.0196	0.1382	0.0795	0.0587	0.0311	0.0305	0.0006	0.1071	0.0490	0.0582	0.0000	0.0000	0.0000	0.0000	0.0000	0.0000	0.0000	0.0000	0.0000	7.2353	0.0000	17.0285	0.0000	0.0000	0.0000	9.3338	0.0000	17.1907						
14	19	0.0608	3	1	0	1	0	0	0	0	0	N	N	N	N	N	N	N	N	N	N	N	N	0.3279	0.9673	0.0000	0.9854	3.0612	0.0000	0.0000	0.0000	0.0000	0.0047	0.0054	0.0000	0.0344	0.0350	0.0000	0.0000	0.0000	0.0000	0.0145	0.0055	0.0284	0.0349	0.0114	1.1477	0.0056	0.0000	0.0103	0.0000	3.2890	-0.0001	0.0000	3.8806	0.9481	3.0092	8.0223	0.0002	0.0002	0.0000	0.0002	0.0002	0.0000	0.0000	0.0000	0.0000	0.0018	0.0004	0.0014	0.0013	0.0004	0.0009	0.0005	0.0000	0.0005	0.0316	0.0280	0.0036	0.0044	0.0043	0.0001	0.0272	0.0237	0.0035	0.1241	0.0756	0.0485	0.0375	0.0367	0.0008	0.0867	0.0390	0.0477	0.3279	0.9673	0.0000	0.9854	3.0612	0.0000	0.0000	0.0000	0.0000	0.0145	0.0055	0.0284	0.0349	0.0114	1.1477	0.0056	0.0000	0.0103
14	20	0.0246	2	1	1	1	0	0	0	0	0	N	N	N	N	N	N	N	N	N	N	N	N	0.0000	0.0000	0.0000	0.0000	0.0000	0.0000	0.0000	0.0000	0.0000	0.0000	0.0000	0.0000	0.0000	0.0003	0.0006	0.0000	0.0029	0.0029	0.0000	0.0000	0.0000	0.0000	0.0000	0.0000	-0.0000	3.8806	2.0000	3.0092	6.0000	0.0000	0.0000	0.0000	0.0000	0.0000	0.0000	0.0000	0.0000	0.0000	0.0000	0.0000	0.0000	0.0000	0.0000	0.0000	0.0000	0.0000	0.0000	0.0546	0.0478	0.0068	0.0032	0.0031	0.0001	0.0514	0.0447	0.0067	0.0614	0.0309	0.0305	0.0070	0.0069	0.0001	0.0545	0.0240	0.0304	0.0000	0.0000	0.0000	0.0000	0.0000	0.0000	0.0000	0.0000	0.0000	0.0003	0.0006	0.0000	0.0029	0.0029	0.0000	0.0000	0.0000	0.0000						
14	21	0.0246	2	1	1	1	0	0	0	0	0	N	N	N	N	N	N	N	N	N	N	N	N	0.0000	0.0000	0.0000	0.0000	0.0000	0.0000	0.0000	0.0000	0.0000	0.0000	0.0000	0.0000	0.0000	0.0000	0.0000	0.0000	0.0000	0.0000	0.0000	0.0000	3.8806	14.0000	3.0092	9.0000	0.0000	0.0000	0.0000	0.0000	0.0000	0.0000	0.0000	0.0000	0.0000	0.0000	0.0000	0.0000	0.0000	0.0000	0.0000	0.0000	0.0000	0.0000	0.3541	0.3106	0.0435	0.0206	0.0200	0.0007	0.3334	0.2906	0.0428	0.1661	0.0840	0.0821	0.0193	0.0191	0.0003	0.1468	0.0649	0.0818	0.0000	0.0000	0.0000	0.0000	0.0000	0.0000	0.0000	0.0000	0.0000	0.0000	0.0000	0.0000	0.0000	0.0000	0.0000	0.0000	0.0000	0.0000											
14	22	0.0597	3	2	1	1	0	0	0	0	0	Y	N	N	N	N	N	N	N	N	N	N	N	0.0005	0.0003	0.0000	0.0007	0.0007	0.0000	0.0000	0.0000	0.0000	0.0002	0.0003	0.0000	0.0007	0.0007	0.0000	0.0000	0.0000	0.0000	0.4717	0.8039	0.0000	0.9724	1.0205	0.0000	0.0004	0.0015	0.0000	0.0000	0.0000	-0.0000	-0.0593	3.8806	1.8226	3.0092	1.1826	0.0000	0.0000	0.0000	0.0000	0.0000	0.0000	0.0000	0.0000	0.0000	0.0792	0.0792	0.0000	0.0792	0.0792	0.0000	0.0000	0.0000	0.0000	0.0867	0.0774	0.0093	0.0278	0.0273	0.0005	0.0589	0.0501	0.0088	0.1679	0.0985	0.0694	0.0814	0.0776	0.0038	0.0865	0.0209	0.0656	0.0005	0.0003	0.0000	0.0007	0.0007	0.0000	0.0000	0.0000	0.0000	0.4717	0.8039	0.0000	0.9724	1.0205	0.0000	0.0004	0.0015	0.0000
14	23	0.0246	2	2	1	1	0	0	0	0	0	Y	N	N	N	N	N	N	N	N	N	N	N	5672.1320	0.0000	inf	0.0000	0.0000	inf	inf	2.8244	0.0000	23.0088	0.0000	0.0000	0.0000	2.9990	0.0000	23.3630	0.0005	0.0010	0.0000	0.0042	0.0043	0.0000	0.0000	0.0000	0.0000	inf	0.0000	0.5358	-0.0001	3.8806	14.0000	3.0092	21.0000	1.0000	0.0000	1.0000	0.0000	0.0000	0.0000	1.0000	0.0000	1.0000	0.0001	0.0001	0.0000	0.0001	0.0001	0.0000	0.0000	0.0000	0.0000	0.3541	0.3106	0.0435	0.0206	0.0200	0.0007	0.3334	0.2906	0.0428	0.2410	0.1223	0.1187	0.0285	0.0281	0.0004	0.2125	0.0942	0.1184	5672.1320	0.0000	inf	0.0000	0.0000	0.0000	inf	0.0000	inf	0.0005	0.0010	0.0000	0.0042	0.0043	0.0000	0.0000	0.0000	0.0000		
14	24	0.0591	4	1	0	2	0	0	0	0	0	N	N	Y	N	N	N	N	N	N	N	N	N	0.0000	0.0000	0.0000	0.0000	0.0000	0.0000	0.0000	0.0000	0.0000	0.0000	0.0000	0.0000	0.0000	0.0000	0.0000	0.0000	0.0000	0.0000	0.0000	0.0000	3.8806	0.0000	3.0092	0.0000	0.0000	0.0000	0.0000	0.0000	0.0000	0.0000	0.0000	0.0000	0.0000	0.0000	0.0000	0.0000	0.0000	0.0000	0.0000	0.0000	0.0000	0.0000	0.0000	0.0000	0.0000	0.0000	0.0000	0.0000	0.0000	0.0000	0.0000	0.0000	0.0000	0.0000	0.0000	0.0000	0.0000	0.0000	0.0000	0.0000	0.0000	0.0000	0.0000	0.0000	0.0000	0.0000	0.0000	0.0000	0.0000	0.0000	0.0000	0.0000	0.0000	0.0000	0.0000	0.0000	0.0000	0.0000											
14	25	0.0246	2	1	1	1	0	0	0	0	0	N	N	N	N	N	N	N	N	N	N	N	N	0.0000	0.0000	0.0000	0.0000	0.0000	0.0000	0.0000	0.0000	0.0000	0.0000	0.0000	0.0000	0.0000	0.0000	0.0000	0.0000	0.0000	0.0000	0.0000	0.0000	3.8806	12.0000	3.0092	12.0000	0.0000	0.0000	0.0000	0.0000	0.0000	0.0000	0.0000	0.0000	0.0000	0.0000	0.0000	0.0000	0.0000	0.0000	0.0000	0.0000	0.0000	0.0000	0.3072	0.2694	0.0378	0.0179	0.0173	0.0006	0.2893	0.2521	0.0372	0.1726	0.0873	0.0853	0.0201	0.0198	0.0003	0.1525	0.0675	0.0850	0.0000	0.0000	0.0000	0.0000	0.0000	0.0000	0.0000	0.0000	0.0000	0.0000	0.0000	0.0000	0.0000	0.0000	0.0000	0.0000	0.0000	0.0000											
14	26	0.0392	3	2	0	2	0	0	0	0	0	Y	N	Y	N	N	N	N	N	N	N	N	N	10107.8704	8070.5502	0.0000	0.0000	0.0000	0.0000	111170.7218	inf	0.0000	8.8466	10.1000	0.0000	0.0000	0.0000	0.0000	9.9121	11.4415	0.0000	0.0009	0.0013	0.0005	0.0044	0.0037	0.0384	0.0001	0.0000	0.0002	0.0000	0.3255	-0.4638	-0.0000	3.8806	4.5914	3.0092	6.1047	0.9991	0.9991	0.0000	0.0000	0.0000	0.0000	0.9991	0.9991	0.0000	0.0001	0.0001	0.0000	0.0001	0.0001	0.0000	0.0000	0.0000	0.0000	0.1129	0.0989	0.0140	0.0121	0.0116	0.0005	0.1008	0.0873	0.0135	0.0819	0.0432	0.0387	0.0149	0.0146	0.0003	0.0669	0.0286	0.0384	10107.8704	8070.5502	0.0000	0.0000	0.0000	0.0000	111170.7218	inf	0.0000	0.0009	0.0013	0.0005	0.0044	0.0037	0.0384	0.0001	0.0000	0.0002
14	27	0.0246	2	1	1	1	0	0	0	0	0	N	N	N	N	N	N	N	N	N	N	N	N	0.0000	0.0000	0.0000	0.0000	0.0000	0.0000	0.0000	0.0000	0.0000	0.0000	0.0000	0.0000	0.0000	6.5416	0.0000	23.0123	0.0000	0.0000	0.0000	7.4001	0.0000	23.0864	inf	0.0000	0.2512	3.8806	10.0000	3.0092	11.0000	0.0000	0.0000	0.0000	0.0000	0.0000	0.0000	0.0000	0.0000	0.0000	0.9999	0.0000	0.9999	0.0000	0.0000	0.0000	0.9999	0.0000	0.9999	0.2592	0.2272	0.0319	0.0151	0.0146	0.0005	0.2441	0.2126	0.0314	0.1529	0.0773	0.0756	0.0177	0.0175	0.0002	0.1351	0.0598	0.0754	0.0000	0.0000	0.0000	0.0000	0.0000	0.0000	0.0000	0.0000	0.0000	6.5416	0.0000	13.2287	0.0000	0.0000	0.0000	7.4001	0.0000	13.2701						
14	28	0.0246	2	1	1	1	1	0	0	0	0	N	N	N	N	N	N	N	N	N	N	N	N	0.0000	0.0000	0.0000	0.0000	0.0000	0.0000	0.0000	0.0000	0.0000	0.0000	0.0000	0.0000	0.0000	0.0000	0.0000	0.0000	0.0000	0.0000	0.0000	0.0000	3.8806	13.0000	3.0092	8.0000	0.0000	0.0000	0.0000	0.0000	0.0000	0.0000	0.0000	0.0000	0.0000	0.0000	0.0000	0.0000	0.0000	0.0000	0.0000	0.0000	0.0000	0.0000	0.3308	0.2901	0.0406	0.0193	0.0187	0.0006	0.3115	0.2715	0.0400	0.1529	0.0773	0.0756	0.0177	0.0175	0.0002	0.1351	0.0598	0.0754	0.0000	0.0000	0.0000	0.0000	0.0000	0.0000	0.0000	0.0000	0.0000	0.0000	0.0000	0.0000	0.0000	0.0000	0.0000	0.0000	0.0000	0.0000											
14	29	0.0392	3	2	0	2	0	0	0	0	0	Y	N	Y	N	N	N	N	N	N	N	N	N	9.8280	7.8947	0.0000	19.2049	23.9507	0.0000	0.0000	0.0000	0.0145	0.0166	0.0000	0.1324	0.1384	0.0000	0.0000	0.0000	0.0000	0.0015	0.0021	0.0008	0.0069	0.0058	0.0675	0.0002	0.0000	0.0003	0.0000	0.3255	-0.0004	-0.0000	3.8806	1.9609	3.0092	3.0643	0.0008	0.0008	0.0000	0.0008	0.0008	0.0000	0.0000	0.0000	0.0000	0.0001	0.0001	0.0000	0.0001	0.0001	0.0000	0.0000	0.0000	0.0000	0.0579	0.0507	0.0072	0.0063	0.0061	0.0003	0.0516	0.0446	0.0069	0.0485	0.0258	0.0228	0.0095	0.0094	0.0002	0.0390	0.0164	0.0226	9.8280	7.8947	0.0000	19.2049	23.9507	0.0000	0.0000	0.0000	0.0000	0.0015	0.0021	0.0008	0.0069	0.0058	0.0675	0.0002	0.0000	0.0003	
14	30	0.0246	2	2	0	2	0	0	0	0	0	Y	N	Y	N	N	N	N	N	N	N	N	N	0.0842	0.0484	0.0000	0.0000	inf	inf	0.0070	0.0080	0.0000	0.0000	0.0000	0.0000	0.0074	0.0086	0.0000	0.0834	0.1654	0.0000	0.7308	0.7405	0.0000	0.0000	0.0000	0.0000	0.0000	0.0000	-0.0004	-0.0045	3.8806	4.4603	3.0092	5.0070	0.0008	0.0008	0.0000	0.0000	0.0000	0.0000	0.0008	0.0008	0.0000	0.0060	0.0060	0.0000	0.0060	0.0060	0.0000	0.0000	0.0000	0.0000	0.1197	0.1049	0.0148	0.0070	0.0067	0.0002	0.1128	0.0982	0.0146	0.0723	0.0364	0.0359	0.0082	0.0081	0.0001	0.0640	0.0283	0.0357	0.0842	0.0484	0.0000	0.0000	0.0000	0.0000	inf	inf	0.0000	0.0834	0.1654	0.0000	0.7308	0.7405	0.0000	0.0000	0.0000	0.0000			
14	31	0.0246	2	1	0	2	0	0	0	0	0	N	N	Y	N	N	N	N	N	N	N	N	N	0.0000	0.0000	0.0000	0.0000	0.0000	0.0000	0.0000	0.0000	0.0000	0.0000	0.0000	0.0000	0.0000	0.0001	0.0001	0.0000	0.0006	0.0006	0.0000	0.0000	0.0000	0.0000	0.0000	0.0000	-0.0000	3.8806	6.0000	3.0092	13.0000	0.0000	0.0000	0.0000	0.0000	0.0000	0.0000	0.0000	0.0000	0.0000	0.0000	0.0000	0.0000	0.0000	0.0000	0.0000	0.0000	0.0000	0.0000	0.1595	0.1398	0.0197	0.0093	0.0090	0.0003	0.1502	0.1308	0.0194	0.1394	0.0704	0.0690	0.0161	0.0159	0.0002	0.1233	0.0545	0.0688	0.0000	0.0000	0.0000	0.0000	0.0000	0.0000	0.0000	0.0000	0.0000	0.0001	0.0001	0.0000	0.0006	0.0006	0.0000	0.0000	0.0000	0.0000						
14	32	0.0591	4	1	1	1	0	0	0	0	0	N	N	N	N	N	N	N	N	N	N	N	N	0.0000	0.0000	0.0000	0.0000	0.0000	0.0000	0.0000	0.0000	0.0000	0.0000	0.0000	0.0000	0.0000	0.0000	0.0000	0.0000	0.0000	0.0000	0.0000	0.0000	3.8806	0.0000	3.0092	4.0000	0.0000	0.0000	0.0000	0.0000	0.0000	0.0000	0.0000	0.0000	0.0000	0.0000	0.0000	0.0000	0.0000	0.0000	0.0000	0.0000	0.0000	0.0000	0.0000	0.0000	0.0000	0.0000	0.0000	0.0000	0.0000	0.0000	0.0000	0.0264	0.0141	0.0123	0.0042	0.0040	0.0002	0.0222	0.0101	0.0121	0.0000	0.0000	0.0000	0.0000	0.0000	0.0000	0.0000	0.0000	0.0000	0.0000	0.0000	0.0000	0.0000	0.0000	0.0000	0.0000	0.0000	0.0000											
14	33	0.0555	3	1	0	1	0	0	0	0	0	N	N	N	N	N	N	N	N	N	N	N	N	0.0000	0.0000	0.0000	0.0000	0.0000	0.0000	0.0000	0.0000	0.0000	0.0000	0.0000	0.0000	0.0000	0.0000	0.0000	0.0000	0.0000	0.0000	0.0004	0.0000	0.0009	0.0024	0.0000	0.0646	0.0000	0.0000	0.0000	638.8901	0.0000	0.0000	3.8806	0.0019	3.0092	1.9565	0.0000	0.0000	0.0000	0.0000	0.0000	0.0000	0.0000	0.0000	0.0000	0.0000	0.0000	0.0000	0.0000	0.0000	0.0000	0.0000	0.0000	0.0000	0.0001	0.0001	0.0000	0.0001	0.0001	0.0000	0.0001	0.0001	0.0000	0.0139	0.0075	0.0064	0.0025	0.0024	0.0001	0.0114	0.0051	0.0063	0.0000	0.0000	0.0000	0.0000	0.0000	0.0000	0.0000	0.0000	0.0000	0.0004	0.0000	0.0009	0.0024	0.0000	0.0646	0.0000	0.0000	0.0000	
14	34	0.0266	2	2	1	2	0	0	0	0	0	Y	N	Y	N	N	N	N	N	N	N	N	N	0.0000	0.0000	0.0000	0.0000	0.0000	0.0000	0.0000	0.0000	0.0000	0.0000	0.0000	0.0000	0.0000	0.0000	0.0000	0.0000	0.0000	0.3163	0.5679	0.0292	1.3831	1.3939	0.0000	0.0174	0.0000	0.0293	0.0450	0.0000	-0.0172	3.8806	3.0034	3.0092	4.0042	0.0000	0.0000	0.0000	0.0000	0.0000	0.0000	0.0000	0.0000	0.0000	0.0244	0.0234	0.0011	0.0234	0.0234	0.0000	0.0011	0.0000	0.0011	0.0874	0.0773	0.0101	0.0062	0.0061	0.0001	0.0813	0.0712	0.0101	0.0772	0.0412	0.0361	0.0169	0.0168	0.0001	0.0603	0.0244	0.0359	0.0000	0.0000	0.0000	0.0000	0.0000	0.0000	0.0000	0.0000	0.0000	0.3163	0.5679	0.0292	1.3831	1.3939	0.0000	0.0174	0.0000	0.0293		
14	35	0.0266	2	2	1	2	0	0	0	0	0	Y	N	Y	N	N	N	N	N	N	N	N	N	0.0000	0.0000	0.0000	0.0000	0.0000	0.0000	0.0000	0.0000	0.0000	0.0000	0.0000	0.0000	0.0000	0.0000	0.0000	0.0000	0.0000	0.0000	0.1145	0.1822	0.0378	0.4580	0.4615	0.0012	0.0224	0.0000	0.0379	0.1828	0.0000	-0.0058	3.8806	4.4649	3.0092	3.5311	0.0000	0.0000	0.0000	0.0000	0.0000	0.0000	0.0000	0.0000	0.0000	0.0098	0.0083	0.0015	0.0083	0.0083	0.0000	0.0015	0.0000	0.0015	0.1250	0.1102	0.0148	0.0073	0.0072	0.0001	0.1178	0.1030	0.0148	0.0853	0.0453	0.0400	0.0180	0.0179	0.0001	0.0673	0.0274	0.0399	0.0000	0.0000	0.0000	0.0000	0.0000	0.0000	0.0000	0.0000	0.0000	0.1145	0.1822	0.0378	0.4580	0.4615	0.0012	0.0224	0.0000	0.0379	
14	37	0.0455	3	2	1	1	0	0	0	0	0	Y	N	N	N	N	N	N	N	N	N	N	N	0.0000	0.0000	0.0000	0.0000	0.0000	0.0000	0.0000	0.0000	0.0000	0.0000	0.0000	0.0000	0.0000	0.0000	0.0000	0.0000	0.0000	0.0000	0.9262	1.4179	0.0001	1.6359	2.2465	0.0000	0.0897	0.7855	0.0002	0.0001	0.0000	-0.2709	3.8806	5.8118	3.0092	10.8965	0.0000	0.0000	0.0000	0.0000	0.0000	0.0000	0.0000	0.0000	0.0000	0.3619	0.3619	0.0000	0.3458	0.3458	0.0000	0.0161	0.0161	0.0000	0.1675	0.1481	0.0194	0.0186	0.0181	0.0005	0.1489	0.1300	0.0189	0.3907	0.2552	0.1355	0.2114	0.1539	0.0575	0.1793	0.1013	0.0780	0.0000	0.0000	0.0000	0.0000	0.0000	0.0000	0.0000	0.0000	0.0000	0.9262	1.4179	0.0001	1.6359	2.2465	0.0000	0.0897	0.1586	0.0002	
14	38	0.0246	2	2	1	1	0	0	0	0	0	Y	N	N	N	N	N	N	N	N	N	N	N	0.0000	0.0000	0.0000	0.0000	0.0000	0.0000	0.0000	0.0000	0.0000	0.0000	0.0000	0.0000	0.0000	0.0000	0.0000	0.0000	0.0000	2.3684	4.6948	0.0000	20.6350	20.9106	0.0000	0.0000	0.0000	0.0000	0.0000	0.0000	-0.1813	3.8806	5.2458	3.0092	8.3786	0.0000	0.0000	0.0000	0.0000	0.0000	0.0000	0.0000	0.0000	0.0000	0.2421	0.2421	0.0000	0.2421	0.2421	0.0000	0.0000	0.0000	0.0000	0.1401	0.1228	0.0173	0.0082	0.0079	0.0003	0.1319	0.1149	0.0171	0.1022	0.0516	0.0506	0.0117	0.0116	0.0002	0.0905	0.0400	0.0505	0.0000	0.0000	0.0000	0.0000	0.0000	0.0000	0.0000	0.0000	0.0000	2.3684	4.6948	0.0000	20.6350	20.9106	0.0000	0.0000	0.0000	0.0000		
14	39	0.0351	3	1	1	1	0	0	0	0	0	N	N	N	N	N	N	N	N	N	N	N	N	0.0374	108.2623	0.0000	14.8603	1396.3347	0.0000	0.0000	0.0000	0.0050	0.0057	0.0000	0.1663	0.1690	0.0000	0.0000	0.0000	0.0000	0.1333	0.0001	0.2849	0.0112	0.0001	0.4831	0.1712	0.0000	0.2826	0.0000	4759.1046	-0.0004	0.0035	3.8806	6.9653	3.0092	2.9126	0.0009	0.0009	0.0000	0.0009	0.0009	0.0000	0.0000	0.0000	0.0000	0.0139	0.0000	0.0139	0.0003	0.0000	0.0003	0.0136	0.0000	0.0136	0.1827	0.1597	0.0230	0.0055	0.0054	0.0001	0.1772	0.1543	0.0229	0.1044	0.0556	0.0489	0.0247	0.0242	0.0006	0.0797	0.0314	0.0483	0.0374	108.2623	0.0000	14.8603	1396.3347	0.0000	0.0000	0.0000	0.0000	0.1333	0.0001	0.2849	0.0112	0.0001	0.4831	0.1712	0.0000	0.2826	
14	40	0.0246	2	1	1	1	0	0	0	0	0	N	N	N	N	N	N	N	N	N	N	N	N	0.0396	0.0000	760.1427	0.0000	0.0000	177.8774	0.0000	769.7615	0.0084	0.0000	0.0675	0.0000	0.0000	0.0000	0.0089	0.0000	0.0686	0.2113	0.4193	0.0001	1.8544	1.8790	0.0000	0.0000	0.0000	0.0001	inf	0.0002	0.0005	-0.0104	3.8806	4.0410	3.0092	4.5605	0.0009	0.0000	0.0009	0.0000	0.0000	0.0000	0.0009	0.0000	0.0009	0.0139	0.0139	0.0000	0.0139	0.0139	0.0000	0.0000	0.0000	0.0000	0.1088	0.0953	0.0135	0.0063	0.0061	0.0002	0.1024	0.0892	0.0133	0.0659	0.0332	0.0327	0.0075	0.0074	0.0001	0.0584	0.0258	0.0326	0.0396	0.0000	760.1427	0.0000	0.0000	0.0000	177.8774	0.0000	769.7615	0.2113	0.4193	0.0001	1.8544	1.8790	0.0000	0.0000	0.0000	0.0001	
14	41	0.0555	3	1	0	2	0	0	0	0	0	N	N	Y	N	N	N	N	N	N	N	N	N	0.0000	0.0000	0.0000	0.0000	0.0000	0.0000	0.0000	0.0000	0.0000	0.0000	0.0000	0.0000	0.0000	0.0000	0.0000	0.0000	0.0000	0.0000	0.0002	0.0000	0.0005	0.0013	0.0000	0.0320	0.0000	0.0000	0.0000	638.8901	0.0000	0.0000	3.8806	4.0003	3.0092	0.0531	0.0000	0.0000	0.0000	0.0000	0.0000	0.0000	0.0000	0.0000	0.0000	0.0000	0.0000	0.0000	0.0000	0.0000	0.0000	0.0000	0.0000	0.0000	0.1027	0.0908	0.0120	0.0211	0.0201	0.0009	0.0817	0.0706	0.0110	0.0276	0.0147	0.0128	0.0046	0.0044	0.0002	0.0230	0.0103	0.0126	0.0000	0.0000	0.0000	0.0000	0.0000	0.0000	0.0000	0.0000	0.0000	0.0002	0.0000	0.0005	0.0013	0.0000	0.0320	0.0000	0.0000	0.0000	
14	42	0.0246	2	1	0	1	0	0	0	0	0	N	N	N	N	N	N	N	N	N	N	N	N	0.0000	0.0000	0.0000	0.0000	0.0000	0.0000	0.0000	0.0000	0.0000	0.0000	0.0000	0.0000	0.0000	0.0000	0.0000	0.0000	0.0000	0.0009	0.0018	0.0000	0.0003	0.0003	0.0000	0.0010	0.0023	0.0000	0.0000	0.0000	-0.0001	3.8806	8.9997	3.0092	11.0444	0.0000	0.0000	0.0000	0.0000	0.0000	0.0000	0.0000	0.0000	0.0000	0.0001	0.0001	0.0000	0.0000	0.0000	0.0000	0.0001	0.0001	0.0000	0.2347	0.2058	0.0289	0.0137	0.0132	0.0004	0.2210	0.1925	0.0285	0.1465	0.0740	0.0724	0.0170	0.0167	0.0002	0.1295	0.0573	0.0722	0.0000	0.0000	0.0000	0.0000	0.0000	0.0000	0.0000	0.0000	0.0000	0.0009	0.0018	0.0000	0.0003	0.0003	0.0000	0.0010	0.0023	0.0000		
14	43	0.0246	2	2	1	2	0	0	0	0	0	Y	N	Y	N	N	N	N	N	N	N	N	N	0.0000	0.0000	0.0000	0.0000	0.0000	0.0000	0.0000	0.0000	0.0000	0.0000	0.0000	0.0000	0.0000	0.0000	0.0000	0.0000	0.0000	0.0000	0.0000	0.0000	3.8806	10.0000	3.0092	13.0000	0.0000	0.0000	0.0000	0.0000	0.0000	0.0000	0.0000	0.0000	0.0000	0.0000	0.0000	0.0000	0.0000	0.0000	0.0000	0.0000	0.0000	0.0000	0.2588	0.2269	0.0319	0.0151	0.0146	0.0005	0.2437	0.2123	0.0314	0.1658	0.0839	0.0820	0.0193	0.0190	0.0003	0.1465	0.0648	0.0817	0.0000	0.0000	0.0000	0.0000	0.0000	0.0000	0.0000	0.0000	0.0000	0.0000	0.0000	0.0000	0.0000	0.0000	0.0000	0.0000	0.0000	0.0000											
14	44	0.0246	2	1	1	1	0	0	0	0	0	N	N	N	N	N	N	N	N	N	N	N	N	0.0000	0.0000	0.0000	0.0000	0.0000	0.0000	0.0000	0.0000	0.0000	0.0000	0.0000	0.0000	0.0000	0.0000	0.0000	0.0000	0.0000	0.0000	0.0000	0.0000	3.8806	8.0000	3.0092	13.0000	0.0000	0.0000	0.0000	0.0000	0.0000	0.0000	0.0000	0.0000	0.0000	0.0000	0.0000	0.0000	0.0000	0.0000	0.0000	0.0000	0.0000	0.0000	0.2099	0.1840	0.0259	0.0122	0.0118	0.0004	0.1977	0.1722	0.0255	0.1529	0.0773	0.0756	0.0177	0.0175	0.0002	0.1351	0.0598	0.0754	0.0000	0.0000	0.0000	0.0000	0.0000	0.0000	0.0000	0.0000	0.0000	0.0000	0.0000	0.0000	0.0000	0.0000	0.0000	0.0000	0.0000	0.0000											
14	45	0.0246	2	1	1	1	0	0	0	0	0	N	N	N	N	N	N	N	N	N	N	N	N	0.0000	0.0000	0.0000	0.0000	0.0000	0.0000	0.0000	0.0000	0.0000	0.0000	0.0000	0.0000	0.0000	0.0000	0.0000	0.0000	0.0000	0.0000	0.0000	0.0000	3.8806	10.0000	3.0092	12.0000	0.0000	0.0000	0.0000	0.0000	0.0000	0.0000	0.0000	0.0000	0.0000	0.0000	0.0000	0.0000	0.0000	0.0000	0.0000	0.0000	0.0000	0.0000	0.2592	0.2272	0.0319	0.0151	0.0146	0.0005	0.2441	0.2126	0.0314	0.1595	0.0806	0.0788	0.0185	0.0183	0.0002	0.1410	0.0624	0.0786	0.0000	0.0000	0.0000	0.0000	0.0000	0.0000	0.0000	0.0000	0.0000	0.0000	0.0000	0.0000	0.0000	0.0000	0.0000	0.0000	0.0000	0.0000											
14	48	0.0246	2	1	1	1	1	0	0	0	0	N	N	N	N	N	N	N	N	N	N	N	N	0.0000	0.0000	0.0000	0.0000	0.0000	0.0000	0.0000	0.0000	0.0000	0.0000	0.0000	0.0000	0.0000	0.0000	0.0000	0.0000	0.0000	0.0000	0.0000	0.0000	3.8806	11.0000	3.0092	18.0000	0.0000	0.0000	0.0000	0.0000	0.0000	0.0000	0.0000	0.0000	0.0000	0.0000	0.0000	0.0000	0.0000	0.0000	0.0000	0.0000	0.0000	0.0000	0.2833	0.2485	0.0349	0.0165	0.0160	0.0005	0.2668	0.2325	0.0343	0.2044	0.1036	0.1009	0.0240	0.0237	0.0003	0.1805	0.0799	0.1006	0.0000	0.0000	0.0000	0.0000	0.0000	0.0000	0.0000	0.0000	0.0000	0.0000	0.0000	0.0000	0.0000	0.0000	0.0000	0.0000	0.0000	0.0000											
14	49	0.0246	2	1	1	1	0	0	0	0	0	N	N	N	N	N	N	N	N	N	N	N	N	0.0000	0.0000	0.0000	0.0000	0.0000	0.0000	0.0000	0.0000	0.0000	0.0000	0.0000	0.0000	0.0000	0.0000	0.0000	0.0000	0.0000	0.0000	0.0000	0.0000	3.8806	6.0000	3.0092	11.0000	0.0000	0.0000	0.0000	0.0000	0.0000	0.0000	0.0000	0.0000	0.0000	0.0000	0.0000	0.0000	0.0000	0.0000	0.0000	0.0000	0.0000	0.0000	0.1595	0.1398	0.0197	0.0093	0.0090	0.0003	0.1502	0.1308	0.0194	0.1258	0.0635	0.0623	0.0145	0.0143	0.0002	0.1113	0.0492	0.0621	0.0000	0.0000	0.0000	0.0000	0.0000	0.0000	0.0000	0.0000	0.0000	0.0000	0.0000	0.0000	0.0000	0.0000	0.0000	0.0000	0.0000	0.0000											
14	51	0.0517	3	1	1	1	1	0	0	0	0	N	N	N	N	N	N	N	N	N	N	N	N	0.0000	0.0000	0.0000	0.0000	0.0000	0.0000	0.0000	0.0000	0.0000	0.0000	0.0000	0.0000	0.0000	0.0000	0.0000	0.0000	0.0000	0.0000	0.0000	0.0000	0.0000	0.0000	inf	0.0000	0.0000	3.8806	0.9739	3.0092	0.0244	0.0000	0.0000	0.0000	0.0000	0.0000	0.0000	0.0000	0.0000	0.0000	0.0000	0.0000	0.0000	0.0000	0.0000	0.0000	0.0000	0.0000	0.0000	0.1895	0.1773	0.0121	0.0868	0.0862	0.0006	0.1027	0.0911	0.0116	0.3782	0.2378	0.1404	0.1956	0.1884	0.0071	0.1826	0.0494	0.1332	0.0000	0.0000	0.0000	0.0000	0.0000	0.0000	0.0000	0.0000	0.0000	0.0000	0.0000	0.0000	0.0000	0.0000	0.0000	0.0000	0.0000	0.0000						
14	52	0.0246	2	1	1	1	1	0	0	0	0	N	N	N	N	N	N	N	N	N	N	N	N	0.0002	0.0001	0.0000	0.0000	0.0000	0.1257	520.6590	0.0000	0.0005	0.0006	0.0000	0.0000	0.0000	0.0000	0.0005	0.0006	0.0000	2.3392	4.6236	0.0076	20.2128	20.4842	0.0000	0.0042	0.0000	0.0076	0.0000	0.0016	-0.0001	-0.2336	3.8806	10.0170	3.0092	8.1377	0.0001	0.0001	0.0000	0.0000	0.0000	0.0000	0.0001	0.0001	0.0000	0.3127	0.3122	0.0005	0.3122	0.3122	0.0000	0.0005	0.0000	0.0005	0.2596	0.2276	0.0320	0.0151	0.0146	0.0005	0.2445	0.2130	0.0315	0.1337	0.0675	0.0662	0.0154	0.0152	0.0002	0.1182	0.0523	0.0660	0.0002	0.0001	0.0000	0.0000	0.0000	0.0000	0.1257	520.6590	0.0000	2.3392	4.6236	0.0076	20.2128	20.4842	0.0000	0.0042	0.0000	0.0076	
14	53	0.0597	3	2	1	1	0	0	0	0	0	Y	N	N	N	N	N	N	N	N	N	N	N	0.0000	0.0000	0.0000	0.0000	0.0000	0.0000	0.0000	0.0000	0.0000	0.0000	0.0000	0.0000	0.0000	0.0000	0.0000	5.2495	0.0000	19.2659	0.0005	0.0000	0.0094	9.6086	0.0000	22.8494	inf	0.0000	0.2504	3.8806	1.0294	3.0092	5.0054	0.0000	0.0000	0.0000	0.0000	0.0000	0.0000	0.0000	0.0000	0.0000	0.9967	0.0000	0.9967	0.0000	0.0000	0.0000	0.9966	0.0000	0.9966	0.0663	0.0595	0.0068	0.0264	0.0259	0.0005	0.0399	0.0336	0.0064	0.1899	0.1104	0.0795	0.0861	0.0819	0.0042	0.1037	0.0285	0.0752	0.0000	0.0000	0.0000	0.0000	0.0000	0.0000	0.0000	0.0000	0.0000	5.2495	0.0000	12.5389	0.0005	0.0000	0.0094	9.6086	0.0000	13.2445				
14	54	0.0246	2	2	1	1	0	0	0	0	0	Y	N	N	N	N	N	N	N	N	N	N	N	0.0000	0.0000	0.0000	0.0000	0.0000	0.0046	0.2015	0.0000	0.0001	0.0001	0.0000	0.0000	0.0000	0.0000	0.0001	0.0001	0.0000	3.2887	6.4619	0.0428	28.1167	28.4961	0.0000	0.0242	0.0006	0.0429	0.0000	0.0065	-0.0000	-0.3922	3.8806	7.2033	3.0092	14.9709	0.0000	0.0000	0.0000	0.0000	0.0000	0.0000	0.0000	0.0000	0.0000	0.5283	0.5249	0.0034	0.5249	0.5249	0.0000	0.0034	0.0000	0.0034	0.1900	0.1665	0.0235	0.0111	0.0107	0.0004	0.1789	0.1558	0.0231	0.1606	0.0812	0.0794	0.0187	0.0184	0.0002	0.1420	0.0628	0.0792	0.0000	0.0000	0.0000	0.0000	0.0000	0.0000	0.0046	0.2015	0.0000	3.2887	6.4619	0.0428	28.1167	28.4961	0.0000	0.0242	0.0006	0.0429	
14	58	0.2186	5	1	0	1	0	0	0	0	0	N	N	N	N	N	N	N	N	N	N	N	N	0.0007	0.0005	0.0000	0.0039	0.0037	0.0000	0.0000	0.0000	0.0000	0.0002	0.0002	0.0000	0.0005	0.0005	0.0000	0.0000	0.0000	0.0000	0.2463	0.3620	0.0000	0.1161	0.1285	0.0000	0.3792	1.1094	0.0000	0.0000	0.0000	-0.0001	-0.1623	3.8806	16.5869	3.0092	24.5040	0.0001	0.0001	0.0000	0.0001	0.0001	0.0000	0.0000	0.0000	0.0000	0.2168	0.2168	0.0000	0.0516	0.0516	0.0000	0.1652	0.1652	0.0000	0.8498	0.7680	0.0818	0.3100	0.2998	0.0102	0.5398	0.4682	0.0716	0.8804	0.5990	0.2814	0.4446	0.4016	0.0430	0.4357	0.1974	0.2383	0.0007	0.0005	0.0000	0.0039	0.0037	0.0000	0.0000	0.0000	0.0000	0.2463	0.3620	0.0000	0.1161	0.1285	0.0000	0.3792	0.8369	0.0000
15	16	0.0448	3	0	2	0	0	0	0	0	0	N	Y	N	N	N	N	N	N	N	N	N	N	0.0000	0.0000	0.0000	0.0000	0.0000	0.0000	0.0000	0.0000	0.0000	0.0000	0.0000	0.0000	0.0000	0.0000	0.0000	0.0000	0.0000	0.0000	2.0128	0.0308	4.9827	0.2325	0.0503	13.7327	3.1000	0.0000	4.9571	107.9827	0.0000	0.1313	2.0122	2.0840	8.2883	8.3569	0.0000	0.0000	0.0000	0.0000	0.0000	0.0000	0.0000	0.0000	0.0000	0.5422	0.0050	0.5373	0.0238	0.0050	0.0188	0.5185	0.0000	0.5185	0.0278	0.0241	0.0037	0.0016	0.0016	0.0000	0.0263	0.0226	0.0037	0.2694	0.1616	0.1078	0.1021	0.0989	0.0032	0.1673	0.0627	0.1046	0.0000	0.0000	0.0000	0.0000	0.0000	0.0000	0.0000	0.0000	0.0000	2.0128	0.0308	4.9827	0.2325	0.0503	5.8123	3.1000	0.0000	4.9571	
15	17	0.0673	3	1	2	0	0	0	0	0	0	N	Y	N	N	N	N	N	N	N	N	N	N	0.0000	0.0000	0.0000	0.0000	0.0000	0.0000	0.0000	0.0000	0.0000	0.0000	0.0000	0.0000	0.0000	0.0008	0.0014	0.0000	0.0042	0.0043	0.0000	0.0000	0.0000	0.0000	0.0000	0.0000	-0.0001	2.0122	6.0000	8.2883	10.0000	0.0000	0.0000	0.0000	0.0000	0.0000	0.0000	0.0000	0.0000	0.0000	0.0002	0.0002	0.0000	0.0002	0.0002	0.0000	0.0000	0.0000	0.0000	0.0810	0.0705	0.0105	0.0033	0.0033	0.0000	0.0776	0.0672	0.0105	0.2030	0.1117	0.0913	0.0384	0.0370	0.0014	0.1646	0.0748	0.0899	0.0000	0.0000	0.0000	0.0000	0.0000	0.0000	0.0000	0.0000	0.0000	0.0008	0.0014	0.0000	0.0042	0.0043	0.0000	0.0000	0.0000	0.0000						
15	20	0.0673	3	0	2	0	0	0	0	0	0	N	Y	N	N	N	N	N	N	N	N	N	N	0.0000	0.0000	0.0000	0.0000	0.0000	0.0000	0.0000	0.0000	0.0000	0.0000	0.0000	0.0000	0.0000	0.0007	0.0012	0.0000	0.0035	0.0037	0.0000	0.0000	0.0000	0.0000	0.0000	0.0000	-0.0001	2.0122	2.0000	8.2883	6.0000	0.0000	0.0000	0.0000	0.0000	0.0000	0.0000	0.0000	0.0000	0.0000	0.0001	0.0001	0.0000	0.0001	0.0001	0.0000	0.0000	0.0000	0.0000	0.0277	0.0241	0.0036	0.0011	0.0011	0.0000	0.0266	0.0230	0.0036	0.1055	0.0579	0.0475	0.0199	0.0192	0.0007	0.0856	0.0388	0.0468	0.0000	0.0000	0.0000	0.0000	0.0000	0.0000	0.0000	0.0000	0.0000	0.0007	0.0012	0.0000	0.0035	0.0037	0.0000	0.0000	0.0000	0.0000						
15	21	0.0673	3	0	2	0	0	0	0	0	0	N	Y	N	N	N	N	N	N	N	N	N	N	0.0000	0.0000	0.0000	0.0000	0.0000	0.0000	0.0000	0.0000	0.0000	0.0000	0.0000	0.0000	0.0000	0.0000	0.0000	0.0000	0.0000	6.6061	0.0003	27.2610	0.0191	0.0008	0.4864	8.1453	0.0000	27.7211	46659.5000	0.0000	0.4689	2.0122	14.0000	8.2883	9.0000	0.0000	0.0000	0.0000	0.0000	0.0000	0.0000	0.0000	0.0000	0.0000	1.8664	0.0000	1.8664	0.0010	0.0000	0.0010	1.8654	0.0000	1.8654	0.1798	0.1566	0.0231	0.0073	0.0072	0.0001	0.1725	0.1494	0.0231	0.2825	0.1557	0.1268	0.0535	0.0515	0.0020	0.2290	0.1042	0.1248	0.0000	0.0000	0.0000	0.0000	0.0000	0.0000	0.0000	0.0000	0.0000	6.6061	0.0003	14.7147	0.0191	0.0008	0.4864	8.1453	0.0000	14.9443		
15	22	0.1024	4	1	2	0	0	0	0	0	0	N	Y	N	N	N	N	N	N	N	N	N	N	0.0024	1.4896	0.0000	0.2395	3.4959	0.0001	0.0000	0.0619	0.0000	0.0033	0.0037	0.0001	0.0144	0.0146	0.0003	0.0000	0.0000	0.0001	1.3684	0.0025	4.2481	0.0602	0.0042	2.0779	2.3049	0.0000	4.3679	0.0026	810.0385	-0.0001	0.0304	2.0122	1.8226	8.2883	1.1826	0.0001	0.0001	0.0000	0.0001	0.0001	0.0000	0.0000	0.0000	0.0000	0.1214	0.0001	0.1213	0.0022	0.0001	0.0021	0.1192	0.0000	0.1192	0.0390	0.0344	0.0046	0.0088	0.0088	0.0001	0.0302	0.0257	0.0045	0.0887	0.0602	0.0286	0.0370	0.0358	0.0013	0.0517	0.0244	0.0273	0.0024	1.4896	0.0000	0.2395	3.4959	0.0002	0.0000	0.0619	0.0000	1.3684	0.0025	4.2481	0.0602	0.0042	1.6519	2.3049	0.0000	4.3679
15	23	0.0673	3	1	2	0	0	0	0	0	0	N	Y	N	N	N	N	N	N	N	N	N	N	0.0000	0.0000	0.0000	0.0000	0.0000	0.0000	0.0000	0.0000	0.0000	0.0000	0.0000	0.0000	0.0000	0.0000	0.0000	0.0000	0.0000	0.0000	0.9373	1.6924	0.0057	0.0054	0.0052	0.0102	1.1558	2.5263	0.0056	0.0027	0.0000	-0.2848	2.0122	14.0000	8.2883	21.0000	0.0000	0.0000	0.0000	0.0000	0.0000	0.0000	0.0000	0.0000	0.0000	0.3818	0.3808	0.0010	0.0004	0.0004	0.0000	0.3814	0.3804	0.0010	0.1798	0.1566	0.0231	0.0073	0.0072	0.0001	0.1725	0.1494	0.0231	0.4074	0.2250	0.1824	0.0774	0.0744	0.0030	0.3300	0.1506	0.1794	0.0000	0.0000	0.0000	0.0000	0.0000	0.0000	0.0000	0.0000	0.0000	0.9373	1.6924	0.0057	0.0054	0.0052	0.0102	1.1558	2.5263	0.0056	
15	24	0.1018	5	0	1	1	0	0	0	0	0	N	N	N	N	N	N	N	N	N	N	N	N	0.0000	0.0000	0.0000	0.0000	0.0000	0.0000	0.0000	0.0000	0.0000	0.0000	0.0000	0.0000	0.0000	0.0000	0.0000	0.0000	0.0000	0.0000	0.0000	0.0000	2.0122	0.0000	8.2883	0.0000	0.0000	0.0000	0.0000	0.0000	0.0000	0.0000	0.0000	0.0000	0.0000	0.0000	0.0000	0.0000	0.0000	0.0000	0.0000	0.0000	0.0000	0.0000	0.0000	0.0000	0.0000	0.0000	0.0000	0.0000	0.0000	0.0000	0.0000	0.0000	0.0000	0.0000	0.0000	0.0000	0.0000	0.0000	0.0000	0.0000	0.0000	0.0000	0.0000	0.0000	0.0000	0.0000	0.0000	0.0000	0.0000	0.0000	0.0000	0.0000	0.0000	0.0000	0.0000	0.0000	0.0000	0.0000											
15	25	0.0673	3	0	2	0	0	0	0	0	0	N	Y	N	N	N	N	N	N	N	N	N	N	0.0000	0.0000	0.0000	0.0000	0.0000	0.0000	0.0000	0.0000	0.0000	0.0000	0.0000	0.0000	0.0000	0.0000	0.0000	0.0000	0.0000	0.0000	4.6578	6.0977	2.8896	0.0122	0.0084	0.1097	5.7437	9.1074	2.9346	0.3859	0.0000	-0.6429	2.0122	12.0000	8.2883	12.0000	0.0000	0.0000	0.0000	0.0000	0.0000	0.0000	0.0000	0.0000	0.0000	1.3669	0.9863	0.3806	0.0007	0.0004	0.0002	1.3662	0.9859	0.3804	0.1560	0.1358	0.0201	0.0063	0.0063	0.0001	0.1496	0.1296	0.0201	0.2935	0.1618	0.1317	0.0556	0.0535	0.0021	0.2379	0.1082	0.1296	0.0000	0.0000	0.0000	0.0000	0.0000	0.0000	0.0000	0.0000	0.0000	4.6578	6.0977	2.8896	0.0122	0.0084	0.1097	5.7437	9.1074	2.9346	
15	26	0.0819	4	1	1	1	0	0	0	0	0	N	N	N	N	N	N	N	N	N	N	N	N	5.0034	0.0000	97852.7315	0.2353	0.0000	5950.4578	22296.8127	0.0000	111229.6960	0.0211	0.0000	0.1559	0.0035	0.0000	0.0777	0.0243	0.0000	0.1602	0.0042	0.0071	0.0000	0.0150	0.0152	0.0000	0.0000	0.0000	0.0000	inf	0.0002	0.0006	-0.0004	2.0122	4.5914	8.2883	6.1047	0.0012	0.0000	0.0012	0.0000	0.0000	0.0000	0.0011	0.0000	0.0011	0.0006	0.0006	0.0000	0.0006	0.0006	0.0000	0.0000	0.0000	0.0000	0.0552	0.0477	0.0075	0.0086	0.0082	0.0004	0.0466	0.0396	0.0071	0.1321	0.0786	0.0535	0.0372	0.0365	0.0007	0.0948	0.0421	0.0528	5.0034	0.0000	97852.7315	0.2353	0.0000	5950.4578	22296.8127	0.0000	111229.6960	0.0042	0.0071	0.0000	0.0150	0.0152	0.0000	0.0000	0.0000	0.0000
15	27	0.0673	3	0	2	0	0	0	0	0	0	N	Y	N	N	N	N	N	N	N	N	N	N	0.0000	0.0000	0.0000	0.0000	0.0000	0.0000	0.0000	0.0000	0.0000	0.0000	0.0000	0.0000	0.0000	0.0000	0.0000	0.0004	0.0008	0.0000	0.0018	0.0019	0.0000	0.0001	0.0002	0.0000	0.0000	0.0000	-0.0001	2.0122	10.0000	8.2883	11.0000	0.0000	0.0000	0.0000	0.0000	0.0000	0.0000	0.0000	0.0000	0.0000	0.0001	0.0001	0.0000	0.0001	0.0001	0.0000	0.0000	0.0000	0.0000	0.1316	0.1146	0.0170	0.0054	0.0053	0.0001	0.1262	0.1093	0.0169	0.2603	0.1434	0.1169	0.0493	0.0474	0.0019	0.2111	0.0960	0.1151	0.0000	0.0000	0.0000	0.0000	0.0000	0.0000	0.0000	0.0000	0.0000	0.0004	0.0008	0.0000	0.0018	0.0019	0.0000	0.0001	0.0002	0.0000				
15	28	0.0673	3	0	2	0	1	0	0	0	0	N	Y	N	N	N	N	N	N	N	N	N	N	0.0000	0.0000	0.0000	0.0000	0.0000	0.0000	0.0000	0.0000	0.0000	0.0000	0.0000	0.0000	0.0000	0.0000	0.0000	0.0000	0.0000	3.3287	0.0001	7.4109	0.0203	0.0004	0.5294	4.1013	0.0000	7.5215	43329.5000	0.0000	0.2177	2.0122	13.0000	8.2883	8.0000	0.0000	0.0000	0.0000	0.0000	0.0000	0.0000	0.0000	0.0000	0.0000	0.8666	0.0000	0.8666	0.0010	0.0000	0.0010	0.8656	0.0000	0.8656	0.1679	0.1463	0.0216	0.0068	0.0068	0.0001	0.1611	0.1395	0.0216	0.2603	0.1434	0.1169	0.0493	0.0474	0.0019	0.2111	0.0960	0.1151	0.0000	0.0000	0.0000	0.0000	0.0000	0.0000	0.0000	0.0000	0.0000	3.3287	0.0001	7.4109	0.0203	0.0004	0.5294	4.1013	0.0000	7.5215		
15	29	0.0819	4	1	1	1	0	0	0	0	0	N	N	N	N	N	N	N	N	N	N	N	N	41.0632	0.0000	1017.1823	1.9063	0.0000	5445.9395	293.8962	0.0000	1037.4586	0.0378	0.0000	0.2694	0.0052	0.0000	0.1257	0.0453	0.0000	0.2778	0.0009	0.0014	0.0003	0.0027	0.0028	0.0000	0.0002	0.0000	0.0003	inf	0.1331	0.0006	-0.0000	2.0122	1.9609	8.2883	3.0643	0.0012	0.0000	0.0012	0.0000	0.0000	0.0000	0.0011	0.0000	0.0011	0.0001	0.0001	0.0000	0.0001	0.0001	0.0000	0.0000	0.0000	0.0000	0.0309	0.0265	0.0043	0.0058	0.0056	0.0002	0.0250	0.0210	0.0041	0.0809	0.0479	0.0330	0.0241	0.0237	0.0004	0.0567	0.0241	0.0326	41.0632	0.0000	1017.1823	1.9063	0.0000	5445.9395	293.8962	0.0000	1037.4586	0.0009	0.0014	0.0003	0.0027	0.0028	0.0000	0.0002	0.0000	0.0003
15	30	0.0673	3	1	1	1	0	0	0	0	0	N	N	N	N	N	N	N	N	N	N	N	N	13636.7141	0.2951	383394.3924	76.9820	0.0022	1316150.3809	27491.6826	0.6130	378714.6108	16.0898	0.0006	124.0022	0.2794	0.0000	29.7952	16.7687	0.0006	124.2834	0.0012	0.0019	0.0003	0.0036	0.0038	0.0000	0.0006	0.0009	0.0003	33293.3333	0.1409	0.5240	-0.0001	2.0122	4.4603	8.2883	5.0070	0.9780	0.0000	0.9780	0.0007	0.0000	0.0007	0.9773	0.0000	0.9773	0.0001	0.0001	0.0000	0.0001	0.0001	0.0000	0.0001	0.0000	0.0000	0.0608	0.0529	0.0079	0.0025	0.0025	0.0000	0.0583	0.0504	0.0079	0.1239	0.0681	0.0558	0.0234	0.0225	0.0009	0.1005	0.0456	0.0550	13636.7141	0.2951	383394.3924	76.9820	0.0022	1316150.3809	27491.6826	0.6130	378714.6108	0.0012	0.0019	0.0003	0.0036	0.0038	0.0000	0.0006	0.0009	0.0003
15	31	0.0673	3	0	1	1	0	0	0	0	0	N	N	N	N	N	N	N	N	N	N	N	N	0.0000	0.0000	0.0000	0.0000	0.0000	0.0000	0.0000	0.0000	0.0000	0.0000	0.0000	0.0000	0.0000	0.0005	0.0010	0.0000	0.0029	0.0030	0.0000	0.0000	0.0000	0.0000	0.0000	0.0000	-0.0001	2.0122	6.0000	8.2883	13.0000	0.0000	0.0000	0.0000	0.0000	0.0000	0.0000	0.0000	0.0000	0.0000	0.0001	0.0001	0.0000	0.0001	0.0001	0.0000	0.0000	0.0000	0.0000	0.0810	0.0705	0.0105	0.0033	0.0033	0.0000	0.0776	0.0672	0.0105	0.2377	0.1309	0.1068	0.0450	0.0433	0.0017	0.1928	0.0876	0.1051	0.0000	0.0000	0.0000	0.0000	0.0000	0.0000	0.0000	0.0000	0.0000	0.0005	0.0010	0.0000	0.0029	0.0030	0.0000	0.0000	0.0000	0.0000						
15	32	0.1018	5	0	2	0	0	0	0	0	0	N	Y	N	N	N	N	N	N	N	N	N	N	0.0000	0.0000	0.0000	0.0000	0.0000	0.0000	0.0000	0.0000	0.0000	0.0000	0.0000	0.0000	0.0000	0.0008	0.0015	0.0000	0.0037	0.0039	0.0000	0.0000	0.0000	0.0000	0.0000	0.0000	-0.0000	2.0122	0.0000	8.2883	4.0000	0.0000	0.0000	0.0000	0.0000	0.0000	0.0000	0.0000	0.0000	0.0000	0.0000	0.0000	0.0000	0.0000	0.0000	0.0000	0.0000	0.0000	0.0000	0.0000	0.0000	0.0000	0.0000	0.0000	0.0000	0.0000	0.0000	0.0000	0.0478	0.0275	0.0203	0.0108	0.0103	0.0005	0.0370	0.0172	0.0199	0.0000	0.0000	0.0000	0.0000	0.0000	0.0000	0.0000	0.0000	0.0000	0.0008	0.0015	0.0000	0.0037	0.0039	0.0000	0.0000	0.0000	0.0000						
15	33	0.0982	4	0	1	0	0	0	0	0	0	N	N	N	N	N	N	N	N	N	N	N	N	0.0000	0.0000	0.0000	0.0000	0.0000	0.0000	0.0000	0.0000	0.0000	0.0000	0.0000	0.0000	0.0000	0.0000	0.0000	0.0000	0.0000	0.0000	0.0004	0.0006	0.0000	0.0015	0.0015	0.0000	0.0000	0.0000	0.0000	0.0010	0.0000	-0.0000	2.0122	0.0019	8.2883	1.9565	0.0000	0.0000	0.0000	0.0000	0.0000	0.0000	0.0000	0.0000	0.0000	0.0000	0.0000	0.0000	0.0000	0.0000	0.0000	0.0000	0.0000	0.0000	0.0001	0.0001	0.0000	0.0000	0.0000	0.0000	0.0000	0.0000	0.0000	0.0247	0.0143	0.0105	0.0059	0.0056	0.0003	0.0188	0.0086	0.0102	0.0000	0.0000	0.0000	0.0000	0.0000	0.0000	0.0000	0.0000	0.0000	0.0004	0.0006	0.0000	0.0015	0.0015	0.0000	0.0000	0.0000	0.0000	
15	34	0.0940	5	1	2	1	0	0	0	0	0	N	Y	N	N	N	N	N	N	N	N	N	N	0.0000	0.0000	0.0000	0.0000	0.0000	0.0000	0.0000	0.0000	0.0000	0.0000	0.0000	0.0000	0.0000	0.0000	0.0000	0.0000	0.0000	0.0000	0.0012	0.0020	0.0000	0.0044	0.0045	0.0000	0.0000	0.0000	0.0000	0.0020	0.0000	-0.0001	2.0122	3.0034	8.2883	4.0042	0.0000	0.0000	0.0000	0.0000	0.0000	0.0000	0.0000	0.0000	0.0000	0.0001	0.0001	0.0000	0.0001	0.0001	0.0000	0.0000	0.0000	0.0000	0.0413	0.0363	0.0050	0.0037	0.0036	0.0001	0.0376	0.0327	0.0049	0.0971	0.0581	0.0390	0.0262	0.0253	0.0009	0.0709	0.0328	0.0381	0.0000	0.0000	0.0000	0.0000	0.0000	0.0000	0.0000	0.0000	0.0000	0.0012	0.0020	0.0000	0.0044	0.0045	0.0000	0.0000	0.0000	0.0000	
15	35	0.0940	5	1	2	1	0	0	0	0	0	N	Y	N	N	N	N	N	N	N	N	N	N	0.1920	0.1325	0.0566	0.6488	0.6449	0.3764	0.0000	0.0000	0.0000	0.0003	0.0004	0.0000	0.0042	0.0043	0.0002	0.0000	0.0000	0.0000	0.0017	0.0029	0.0001	0.0065	0.0067	0.0005	0.0000	0.0000	0.0001	0.0013	0.0143	-0.0000	-0.0001	2.0122	4.4649	8.2883	3.5311	0.0000	0.0000	0.0000	0.0000	0.0000	0.0000	0.0000	0.0000	0.0000	0.0002	0.0002	0.0000	0.0002	0.0002	0.0000	0.0000	0.0000	0.0000	0.0594	0.0520	0.0074	0.0047	0.0046	0.0001	0.0546	0.0474	0.0072	0.1087	0.0649	0.0438	0.0290	0.0280	0.0010	0.0797	0.0369	0.0428	0.1920	0.1325	0.0566	0.6488	0.6449	0.3764	0.0000	0.0000	0.0000	0.0017	0.0029	0.0001	0.0065	0.0067	0.0005	0.0000	0.0000	0.0001
15	36	0.0797	4	1	2	1	0	0	0	0	0	N	Y	N	N	N	N	N	N	N	N	N	N	0.3629	0.1677	2.3099	0.0021	0.0021	0.0000	0.5946	0.3317	2.3453	0.0010	0.0005	0.0041	0.0000	0.0000	0.0000	0.0011	0.0006	0.0041	0.0026	0.0032	0.0018	0.0050	0.0051	0.0015	0.0018	0.0019	0.0018	0.9974	0.3762	0.0000	-0.0001	2.0122	1.6626	8.2883	6.4813	0.0000	0.0000	0.0000	0.0000	0.0000	0.0000	0.0000	0.0000	0.0000	0.0003	0.0002	0.0001	0.0001	0.0001	0.0000	0.0001	0.0001	0.0001	0.0210	0.0185	0.0025	0.0024	0.0024	0.0000	0.0186	0.0161	0.0024	0.1018	0.0603	0.0415	0.0256	0.0252	0.0004	0.0762	0.0351	0.0411	0.3629	0.1677	2.3099	0.0021	0.0021	0.0000	0.5946	0.3317	2.3453	0.0026	0.0032	0.0018	0.0050	0.0051	0.0015	0.0018	0.0019	0.0018
15	37	0.0882	4	1	2	0	0	0	0	0	0	N	Y	N	N	N	N	N	N	N	N	N	N	0.3520	1.5169	0.0006	6.6586	6.6710	0.3926	0.0001	0.0611	0.0003	0.0076	0.0087	0.0000	0.0826	0.0853	0.0006	0.0000	0.0000	0.0000	0.0217	0.0057	0.0433	0.0124	0.0128	0.0016	0.0251	0.0000	0.0442	0.0004	5.5753	-0.0003	0.0006	2.0122	5.8118	8.2883	10.8965	0.0006	0.0006	0.0000	0.0006	0.0006	0.0000	0.0000	0.0000	0.0000	0.0058	0.0009	0.0049	0.0009	0.0009	0.0000	0.0049	0.0000	0.0049	0.0841	0.0738	0.0103	0.0078	0.0075	0.0002	0.0763	0.0662	0.0101	0.2656	0.1527	0.1129	0.0708	0.0684	0.0024	0.1948	0.0843	0.1105	0.3520	1.5169	0.0006	6.6586	6.6710	0.3926	0.0001	0.0611	0.0003	0.0217	0.0057	0.0433	0.0124	0.0128	0.0016	0.0251	0.0000	0.0442
15	38	0.0673	3	1	2	0	0	0	0	0	0	N	Y	N	N	N	N	N	N	N	N	N	N	18.2819	84.6002	0.1869	2337.9967	2273.5802	15.8077	0.2988	1.2934	0.1845	0.4363	0.5001	0.0086	10.4137	10.5124	0.0010	0.0085	0.0085	0.0086	0.0239	0.0059	0.0458	0.0045	0.0046	0.0001	0.0284	0.0065	0.0465	0.0026	6.3411	-0.0143	0.0005	2.0122	5.2458	8.2883	8.3786	0.0310	0.0310	0.0001	0.0305	0.0305	0.0000	0.0006	0.0005	0.0001	0.0042	0.0006	0.0036	0.0001	0.0001	0.0000	0.0040	0.0004	0.0036	0.0711	0.0619	0.0092	0.0029	0.0029	0.0000	0.0682	0.0590	0.0092	0.1748	0.0962	0.0787	0.0330	0.0318	0.0012	0.1418	0.0644	0.0774	18.2819	84.6002	0.1869	2337.9967	2273.5802	15.8077	0.2988	1.2934	0.1845	0.0239	0.0059	0.0458	0.0045	0.0046	0.0001	0.0284	0.0065	0.0465
15	39	0.0779	4	0	2	0	0	0	0	0	0	N	Y	N	N	N	N	N	N	N	N	N	N	27.9065	0.0000	732.0291	2.7165	0.0000	30.2192	551.1988	0.0000	2248.0401	0.0110	0.0000	0.0844	0.0039	0.0000	0.1038	0.0115	0.0000	0.0840	0.0004	0.0006	0.0001	0.0014	0.0013	0.0034	0.0000	0.0000	0.0000	inf	0.1369	0.0005	-0.0000	2.0122	6.9653	8.2883	2.9126	0.0010	0.0000	0.0010	0.0000	0.0000	0.0000	0.0009	0.0000	0.0009	0.0001	0.0000	0.0000	0.0001	0.0000	0.0000	0.0000	0.0000	0.0000	0.0880	0.0765	0.0115	0.0052	0.0050	0.0002	0.0828	0.0715	0.0113	0.1372	0.0806	0.0566	0.0366	0.0353	0.0013	0.1006	0.0453	0.0553	27.9065	0.0000	732.0291	2.7165	0.0000	30.2192	551.1988	0.0000	2248.0401	0.0004	0.0006	0.0001	0.0014	0.0013	0.0034	0.0000	0.0000	0.0000
15	40	0.0673	3	0	2	0	0	0	0	0	0	N	Y	N	N	N	N	N	N	N	N	N	N	18591.3443	0.2558	794717.0372	80.3019	0.0016	2641200.4565	65001.9445	1.0259	785062.0666	17.7144	0.0004	136.4769	0.3074	0.0000	32.8131	18.4624	0.0004	136.7861	0.0010	0.0016	0.0002	0.0038	0.0040	0.0000	0.0003	0.0004	0.0002	49950.5000	0.0884	0.5241	-0.0001	2.0122	4.0410	8.2883	4.5605	0.9782	0.0000	0.9782	0.0007	0.0000	0.0007	0.9775	0.0000	0.9775	0.0001	0.0001	0.0000	0.0001	0.0001	0.0000	0.0000	0.0000	0.0000	0.0552	0.0481	0.0072	0.0023	0.0023	0.0000	0.0529	0.0458	0.0071	0.1131	0.0621	0.0509	0.0213	0.0205	0.0008	0.0917	0.0416	0.0501	18591.3443	0.2558	794717.0372	80.3019	0.0016	2641200.4565	65001.9445	1.0259	785062.0666	0.0010	0.0016	0.0002	0.0038	0.0040	0.0000	0.0003	0.0004	0.0002
15	41	0.0982	4	0	1	1	0	0	0	0	0	N	N	N	N	N	N	N	N	N	N	N	N	0.0000	0.0000	0.0000	0.0000	0.0000	0.0000	0.0000	0.0000	0.0000	0.0000	0.0000	0.0000	0.0000	0.0000	0.0000	0.0000	0.0000	0.0000	0.0002	0.0003	0.0000	0.0008	0.0008	0.0000	0.0000	0.0000	0.0000	0.0010	0.0000	-0.0000	2.0122	4.0003	8.2883	0.0531	0.0000	0.0000	0.0000	0.0000	0.0000	0.0000	0.0000	0.0000	0.0000	0.0000	0.0000	0.0000	0.0000	0.0000	0.0000	0.0000	0.0000	0.0000	0.0525	0.0460	0.0065	0.0085	0.0081	0.0003	0.0441	0.0379	0.0062	0.0496	0.0285	0.0210	0.0115	0.0110	0.0005	0.0381	0.0175	0.0205	0.0000	0.0000	0.0000	0.0000	0.0000	0.0000	0.0000	0.0000	0.0000	0.0002	0.0003	0.0000	0.0008	0.0008	0.0000	0.0000	0.0000	0.0000	
15	42	0.0673	3	0	1	0	0	0	0	0	0	N	N	N	N	N	N	N	N	N	N	N	N	0.0000	0.0000	0.0000	0.0000	0.0000	0.0000	0.0000	0.0000	0.0000	0.0000	0.0000	0.0000	0.0000	0.0000	0.0000	0.0000	0.0000	0.0166	0.0301	0.0000	0.0023	0.0024	0.0000	0.0199	0.0707	0.0000	0.0000	0.0000	-0.0031	2.0122	8.9997	8.2883	11.0444	0.0000	0.0000	0.0000	0.0000	0.0000	0.0000	0.0000	0.0000	0.0000	0.0041	0.0041	0.0000	0.0001	0.0001	0.0000	0.0040	0.0040	0.0000	0.1192	0.1038	0.0154	0.0049	0.0048	0.0000	0.1143	0.0989	0.0154	0.2496	0.1375	0.1121	0.0472	0.0455	0.0018	0.2024	0.0920	0.1104	0.0000	0.0000	0.0000	0.0000	0.0000	0.0000	0.0000	0.0000	0.0000	0.0166	0.0301	0.0000	0.0023	0.0024	0.0000	0.0199	0.0438	0.0000		
15	43	0.0673	3	1	2	1	0	0	0	0	0	N	Y	N	N	N	N	N	N	N	N	N	N	1478.2767	471.8201	inf	30.7765	0.4212	inf	1357.5956	335.4953	inf	15.0384	8.7101	57.7040	0.1325	0.0019	13.7534	15.6724	9.1339	57.8362	0.0102	0.0185	0.0000	0.0043	0.0045	0.0000	0.0115	0.0272	0.0000	0.9826	0.0000	0.0621	-0.0021	2.0122	10.0000	8.2883	13.0000	1.9757	0.9965	0.9792	0.0007	0.0000	0.0007	1.9749	0.9965	0.9785	0.0029	0.0029	0.0000	0.0002	0.0002	0.0000	0.0026	0.0026	0.0000	0.1314	0.1144	0.0170	0.0054	0.0053	0.0001	0.1260	0.1091	0.0169	0.2821	0.1555	0.1267	0.0534	0.0514	0.0020	0.2287	0.1040	0.1246	1478.2767	471.8201	inf	30.7765	0.4212	inf	1357.5956	359.9636	inf	0.0102	0.0185	0.0000	0.0043	0.0045	0.0000	0.0115	0.0254	0.0000
15	44	0.0673	3	0	2	0	0	0	0	0	0	N	Y	N	N	N	N	N	N	N	N	N	N	0.0045	7.6790	0.0000	13.8177	54.5418	0.0000	0.0000	0.0000	0.0149	0.0171	0.0000	0.3644	0.3679	0.0000	0.0000	0.0000	0.0000	3.3333	0.0022	7.4185	0.0264	0.0067	0.5294	4.1055	0.0000	7.5293	0.0000	2710.8750	-0.0007	0.2177	2.0122	8.0000	8.2883	13.0000	0.0016	0.0016	0.0000	0.0016	0.0016	0.0000	0.0000	0.0000	0.0000	0.8678	0.0003	0.8675	0.0013	0.0003	0.0010	0.8665	0.0000	0.8665	0.1066	0.0928	0.0138	0.0044	0.0043	0.0000	0.1022	0.0885	0.0137	0.2603	0.1434	0.1169	0.0493	0.0474	0.0019	0.2111	0.0960	0.1151	0.0045	7.6790	0.0000	13.8177	54.5418	0.0000	0.0000	0.0000	0.0000	3.3333	0.0022	7.4185	0.0264	0.0067	0.5294	4.1055	0.0000	7.5293	
15	45	0.0673	3	0	2	0	0	0	0	0	0	N	Y	N	N	N	N	N	N	N	N	N	N	0.0000	0.0000	0.0000	0.0000	0.0000	0.0000	0.0000	0.0000	0.0000	0.0000	0.0000	0.0000	0.0000	0.0000	0.0000	0.0000	0.0000	0.2662	0.0003	0.5924	0.0006	0.0006	0.0000	0.3282	0.0002	0.6019	1444.4000	0.0000	0.0181	2.0122	10.0000	8.2883	12.0000	0.0000	0.0000	0.0000	0.0000	0.0000	0.0000	0.0000	0.0000	0.0000	0.0723	0.0000	0.0722	0.0000	0.0000	0.0000	0.0722	0.0000	0.0722	0.1316	0.1146	0.0170	0.0054	0.0053	0.0001	0.1262	0.1093	0.0169	0.2715	0.1496	0.1219	0.0514	0.0495	0.0019	0.2201	0.1001	0.1200	0.0000	0.0000	0.0000	0.0000	0.0000	0.0000	0.0000	0.0000	0.0000	0.2662	0.0003	0.5924	0.0006	0.0006	0.0000	0.3282	0.0002	0.6019		
15	46	0.0797	4	1	1	1	0	0	0	0	0	N	N	N	N	N	N	N	N	N	N	N	N	0.0000	0.0000	0.0000	0.0000	0.0000	0.0000	0.0000	0.0000	0.0000	0.0000	0.0000	0.0000	0.0000	0.0000	0.0000	0.0000	0.0000	0.0000	0.0020	0.0033	0.0000	0.0077	0.0078	0.0000	0.0000	0.0000	0.0000	0.0031	0.0000	-0.0001	2.0122	1.8806	8.2883	4.9930	0.0000	0.0000	0.0000	0.0000	0.0000	0.0000	0.0000	0.0000	0.0000	0.0002	0.0002	0.0000	0.0002	0.0002	0.0000	0.0000	0.0000	0.0000	0.0234	0.0206	0.0028	0.0026	0.0025	0.0000	0.0208	0.0181	0.0027	0.0888	0.0528	0.0360	0.0229	0.0226	0.0003	0.0659	0.0303	0.0356	0.0000	0.0000	0.0000	0.0000	0.0000	0.0000	0.0000	0.0000	0.0000	0.0020	0.0033	0.0000	0.0077	0.0078	0.0000	0.0000	0.0000	0.0000	
15	47	0.0673	3	1	1	1	0	0	0	0	0	N	N	N	N	N	N	N	N	N	N	N	N	655.3705	0.0000	2375.3189	33.3303	0.0000	402.3468	592.2746	2396.5758	33.3855	0.0000	256.8109	0.5774	0.0000	61.9233	34.8000	0.0000	257.3904	0.0509	0.0040	0.1081	0.0173	0.0121	0.1539	0.0588	0.0000	0.1074	inf	22.1767	0.5247	0.0009	2.0122	2.1193	8.2883	4.2095	0.9792	0.0000	0.9792	0.0007	0.0000	0.0007	0.9785	0.0000	0.9785	0.0043	0.0002	0.0041	0.0003	0.0002	0.0001	0.0040	0.0000	0.0040	0.0293	0.0255	0.0038	0.0012	0.0012	0.0000	0.0281	0.0243	0.0038	0.0841	0.0462	0.0379	0.0159	0.0153	0.0006	0.0682	0.0309	0.0373	655.3705	0.0000	2375.3189	33.3303	0.0000	402.3468	592.2746	0.0000	2396.5758	0.0509	0.0040	0.1081	0.0173	0.0121	0.1539	0.0588	0.0000	0.1074	
15	48	0.0673	3	0	2	0	1	0	0	0	0	N	Y	N	N	N	N	N	N	N	N	N	N	0.0000	0.0000	0.0000	0.0000	0.0000	0.0000	0.0000	0.0000	0.0000	0.0000	0.0000	0.0000	0.0000	0.0000	0.0000	0.0000	0.0000	0.0754	0.0931	0.0536	0.2712	0.2814	0.0120	0.0295	0.0000	0.0543	0.4680	0.0000	-0.0112	2.0122	11.0000	8.2883	18.0000	0.0000	0.0000	0.0000	0.0000	0.0000	0.0000	0.0000	0.0000	0.0000	0.0261	0.0178	0.0083	0.0178	0.0178	0.0000	0.0083	0.0000	0.0083	0.1438	0.1253	0.0186	0.0059	0.0058	0.0001	0.1380	0.1195	0.0185	0.3467	0.1913	0.1554	0.0658	0.0633	0.0025	0.2809	0.1280	0.1529	0.0000	0.0000	0.0000	0.0000	0.0000	0.0000	0.0000	0.0000	0.0000	0.0754	0.0931	0.0536	0.2712	0.2814	0.0120	0.0295	0.0000	0.0543		
15	49	0.0673	3	0	2	0	0	0	0	0	0	N	Y	N	N	N	N	N	N	N	N	N	N	0.0000	0.0000	0.0000	0.0000	0.0000	0.0000	0.0000	0.0000	0.0000	0.0000	0.0000	0.0000	0.0000	0.0000	0.0000	0.0000	0.0000	0.0000	0.0000	0.0000	2.0122	6.0000	8.2883	11.0000	0.0000	0.0000	0.0000	0.0000	0.0000	0.0000	0.0000	0.0000	0.0000	0.0000	0.0000	0.0000	0.0000	0.0000	0.0000	0.0000	0.0000	0.0000	0.0810	0.0705	0.0105	0.0033	0.0033	0.0000	0.0776	0.0672	0.0105	0.2147	0.1182	0.0965	0.0406	0.0391	0.0015	0.1741	0.0791	0.0950	0.0000	0.0000	0.0000	0.0000	0.0000	0.0000	0.0000	0.0000	0.0000	0.0000	0.0000	0.0000	0.0000	0.0000	0.0000	0.0000	0.0000	0.0000											
15	51	0.0944	4	0	2	0	1	0	0	0	0	N	Y	N	N	N	N	N	N	N	N	N	N	0.0000	0.0000	0.0000	0.0000	0.0000	0.0000	0.0000	0.0000	0.0000	0.0000	0.0000	0.0000	0.0000	0.0000	0.0000	0.0000	0.0000	0.0000	0.0000	0.0000	0.0000	0.0000	0.0000	0.0000	0.0000	0.0000	26.4745	0.0000	0.0000	2.0122	0.9739	8.2883	0.0244	0.0000	0.0000	0.0000	0.0000	0.0000	0.0000	0.0000	0.0000	0.0000	0.0000	0.0000	0.0000	0.0000	0.0000	0.0000	0.0000	0.0000	0.0000	0.0818	0.0760	0.0058	0.0369	0.0362	0.0006	0.0449	0.0397	0.0052	0.2684	0.1880	0.0803	0.1386	0.1326	0.0060	0.1298	0.0554	0.0743	0.0000	0.0000	0.0000	0.0000	0.0000	0.0000	0.0000	0.0000	0.0000	0.0000	0.0000	0.0000	0.0000	0.0000	0.0000	0.0000	0.0000	0.0000		
15	52	0.0673	3	0	2	0	1	0	0	0	0	N	Y	N	N	N	N	N	N	N	N	N	N	0.0053	0.0599	0.0011	8.7317	22.9252	0.0018	0.0018	0.0044	0.0011	0.0108	0.0118	0.0046	0.1600	0.1615	0.0006	0.0045	0.0045	0.0047	2.0404	0.1964	4.2991	0.0183	0.0070	0.3084	2.5123	1.0132	4.3630	0.0585	17.8677	-0.0006	0.0923	2.0122	10.0170	8.2883	8.1377	0.0014	0.0014	0.0001	0.0009	0.0009	0.0000	0.0006	0.0005	0.0001	0.4653	0.0247	0.4407	0.0008	0.0003	0.0005	0.4646	0.0244	0.4402	0.1318	0.1148	0.0170	0.0054	0.0053	0.0001	0.1264	0.1094	0.0170	0.2281	0.1256	0.1025	0.0431	0.0415	0.0016	0.1849	0.0840	0.1009	0.0053	0.0599	0.0011	8.7317	22.9252	0.0018	0.0018	0.0154	0.0011	2.0404	0.1964	4.2991	0.0183	0.0070	0.3084	2.5123	0.2900	4.3630
15	53	0.1024	4	1	2	0	0	0	0	0	0	N	Y	N	N	N	N	N	N	N	N	N	N	0.0000	0.0000	0.0000	0.0000	0.0000	0.0000	0.0000	0.0000	0.0000	0.0000	0.0000	0.0000	0.0000	0.0000	0.0000	0.0000	0.0000	0.0000	0.0279	0.0000	0.0810	0.0092	0.0000	0.2182	0.0393	0.0000	0.0744	4159.1736	0.0000	0.0009	2.0122	1.0294	8.2883	5.0054	0.0000	0.0000	0.0000	0.0000	0.0000	0.0000	0.0000	0.0000	0.0000	0.0035	0.0000	0.0035	0.0004	0.0000	0.0004	0.0031	0.0000	0.0031	0.0286	0.0253	0.0033	0.0082	0.0082	0.0001	0.0203	0.0172	0.0032	0.1266	0.0829	0.0436	0.0478	0.0458	0.0020	0.0788	0.0372	0.0416	0.0000	0.0000	0.0000	0.0000	0.0000	0.0000	0.0000	0.0000	0.0000	0.0279	0.0000	0.0810	0.0092	0.0000	0.2182	0.0393	0.0000	0.0744	
15	54	0.0673	3	1	2	0	0	0	0	0	0	N	Y	N	N	N	N	N	N	N	N	N	N	0.0002	0.0749	0.0001	0.0035	0.0108	0.0003	0.0002	0.0640	0.0001	0.0013	0.0013	0.0016	0.0001	0.0001	0.0002	0.0014	0.0013	0.0016	6.3257	0.0172	23.1439	0.0298	0.0095	0.5509	7.7965	0.0210	25.6995	0.1825	666.2748	-0.0000	0.4320	2.0122	7.2033	8.2883	14.9709	0.0001	0.0001	0.0000	0.0000	0.0000	0.0000	0.0001	0.0001	0.0000	1.7296	0.0026	1.7270	0.0015	0.0005	0.0011	1.7280	0.0021	1.7259	0.0965	0.0840	0.0125	0.0040	0.0039	0.0000	0.0925	0.0801	0.0124	0.2734	0.1506	0.1228	0.0518	0.0498	0.0019	0.2216	0.1008	0.1208	0.0002	0.0749	0.0001	0.0035	0.0108	0.0003	0.0002	0.0640	0.0001	6.3257	0.0172	14.0666	0.0298	0.0095	0.5509	7.7965	0.0210	14.2844
15	55	0.0310	2	0	1	0	0	0	0	0	0	N	N	N	N	N	N	N	N	N	N	N	N	0.4510	0.2812	11.9323	1.7009	1.7023	225.1527	2.6415	0.2801	11.3408	0.2388	0.2693	0.0657	2.4564	2.4863	0.3840	0.0103	0.0000	0.0628	0.5295	0.9575	0.0055	1.4442	1.4606	0.0017	0.0039	0.0000	0.0055	0.0429	0.0047	-0.0066	-0.2293	2.0122	4.2136	8.2883	14.8238	0.0155	0.0149	0.0006	0.0149	0.0149	0.0000	0.0006	0.0000	0.0006	0.3082	0.3068	0.0014	0.3068	0.3068	0.0000	0.0014	0.0000	0.0014	0.0651	0.0554	0.0097	0.0061	0.0060	0.0001	0.0590	0.0494	0.0097	0.5820	0.3204	0.2616	0.2124	0.2100	0.0024	0.3696	0.1103	0.2593	0.4510	0.2812	11.9323	1.7009	1.7023	225.1527	2.6415	0.2801	11.3408	0.5295	0.9575	0.0055	1.4442	1.4606	0.0017	0.0039	0.0000	0.0055
15	58	0.1888	4	0	1	0	0	0	0	0	0	N	N	N	N	N	N	N	N	N	N	N	N	0.0000	0.0000	0.0000	0.0000	0.0000	0.0000	0.0000	0.0000	0.0000	0.0000	0.0000	0.0000	0.0000	0.0000	0.0000	0.0000	0.0000	0.0000	0.0122	0.0184	0.0000	0.0251	0.0272	0.0000	0.0000	0.0000	0.0000	0.0011	0.0000	-0.0126	2.0122	16.5869	8.2883	24.5040	0.0000	0.0000	0.0000	0.0000	0.0000	0.0000	0.0000	0.0000	0.0000	0.0168	0.0168	0.0000	0.0168	0.0168	0.0000	0.0000	0.0000	0.0000	0.4599	0.4066	0.0533	0.1778	0.1641	0.0137	0.2821	0.2424	0.0397	1.3810	0.9121	0.4690	0.6702	0.6188	0.0514	0.7108	0.2932	0.4176	0.0000	0.0000	0.0000	0.0000	0.0000	0.0000	0.0000	0.0000	0.0000	0.0122	0.0184	0.0000	0.0251	0.0272	0.0000	0.0000	0.0000	0.0000	
16	17	0.0874	3	1	2	0	0	0	0	0	0	N	Y	N	N	N	N	N	N	N	N	N	N	0.0000	0.0000	0.0000	0.0000	0.0000	0.0000	0.0000	0.0000	0.0000	0.0000	0.0000	0.0000	0.0000	0.0000	0.0000	0.8522	1.4466	0.0000	0.1366	0.1450	0.0000	1.1100	2.4019	0.0000	0.0000	0.0000	-0.1274	2.0840	6.0000	8.3569	10.0000	0.0000	0.0000	0.0000	0.0000	0.0000	0.0000	0.0000	0.0000	0.0000	0.1702	0.1702	0.0000	0.0072	0.0072	0.0000	0.1630	0.1630	0.0000	0.0808	0.0701	0.0107	0.0050	0.0049	0.0001	0.0758	0.0651	0.0107	0.1997	0.1176	0.0820	0.0529	0.0498	0.0031	0.1468	0.0678	0.0790	0.0000	0.0000	0.0000	0.0000	0.0000	0.0000	0.0000	0.0000	0.0000	0.8522	1.4466	0.0000	0.1366	0.1450	0.0000	1.1100	2.4019	0.0000				
16	18	0.0659	3	0	2	0	0	0	0	0	0	N	Y	N	N	N	N	N	N	N	N	N	N	0.0004	0.0003	0.0000	0.0028	0.0028	0.0000	0.0000	0.0000	0.0000	0.0001	0.0001	0.0000	0.0022	0.0022	0.0000	0.0000	0.0000	0.0000	0.3235	0.4507	0.1340	0.7601	0.7834	0.0601	0.0825	0.0001	0.1362	0.0000	0.1995	-0.0000	-0.0588	2.0840	5.9999	8.3569	8.2406	0.0000	0.0000	0.0000	0.0000	0.0000	0.0000	0.0000	0.0000	0.0000	0.1010	0.0842	0.0168	0.0844	0.0842	0.0002	0.0166	0.0000	0.0166	0.0811	0.0703	0.0108	0.0046	0.0046	0.0000	0.0764	0.0657	0.0108	0.3121	0.1868	0.1254	0.1110	0.1074	0.0036	0.2011	0.0793	0.1218	0.0004	0.0003	0.0000	0.0028	0.0028	0.0000	0.0000	0.0000	0.0000	0.3235	0.4507	0.1340	0.7601	0.7834	0.0601	0.0825	0.0001	0.1362
16	19	0.0511	2	0	1	0	0	0	0	0	0	N	N	N	N	N	N	N	N	N	N	N	N	0.0658	0.0721	0.0000	0.2595	0.2550	0.0004	0.0000	0.0000	0.0000	0.0549	0.0686	0.0000	0.3785	0.3795	0.0003	0.0000	0.0000	0.0000	0.8343	0.9517	0.6648	1.4583	1.4883	0.6900	0.4336	0.0096	0.6639	0.0000	0.4842	-0.0004	-0.0925	2.0840	0.9481	8.3569	8.0223	0.0009	0.0009	0.0000	0.0009	0.0009	0.0000	0.0000	0.0000	0.0000	0.2189	0.1475	0.0714	0.1496	0.1470	0.0027	0.0693	0.0005	0.0688	0.0165	0.0132	0.0033	0.0024	0.0024	0.0000	0.0141	0.0108	0.0033	0.2624	0.1550	0.1074	0.1026	0.0987	0.0039	0.1598	0.0562	0.1036	0.0658	0.0721	0.0000	0.2595	0.2550	0.0004	0.0000	0.0000	0.0000	0.8343	0.9517	0.6648	1.4583	1.4883	0.6900	0.4336	0.0096	0.6639
16	20	0.0874	3	0	2	0	0	0	0	0	0	N	Y	N	N	N	N	N	N	N	N	N	N	0.0059	0.0040	0.0257	0.0245	0.0004	0.0004	0.0000	0.0059	0.0060	0.0000	0.0000	0.0000	0.0000	0.0613	0.1044	0.0000	0.2313	0.2455	0.0000	0.0000	0.0000	0.0000	0.0000	0.0000	-0.0000	-0.0048	2.0840	2.0000	8.3569	6.0000	0.0000	0.0000	0.0000	0.0000	0.0000	0.0000	0.0000	0.0000	0.0000	0.0064	0.0064	0.0000	0.0064	0.0064	0.0000	0.0000	0.0000	0.0000	0.0276	0.0239	0.0037	0.0017	0.0017	0.0000	0.0259	0.0222	0.0037	0.1039	0.0610	0.0429	0.0275	0.0259	0.0016	0.0763	0.0351	0.0413	0.0059	0.0040	0.0000	0.0257	0.0245	0.0000	0.0000	0.0000	0.0000	0.0613	0.1044	0.0000	0.2313	0.2455	0.0000	0.0000	0.0000	0.0000					
16	21	0.0874	3	0	2	0	0	0	0	0	0	N	Y	N	N	N	N	N	N	N	N	N	N	0.0017	7.1194	0.0000	0.2086	41.9332	0.0000	0.0000	0.0000	0.0038	0.0043	0.0000	0.0600	0.0607	0.0000	0.0000	0.0000	0.0000	2.2343	0.0006	5.4559	0.2875	0.0014	8.1896	2.9344	0.0000	5.4781	0.0000	6199.6000	-0.0003	0.1557	2.0840	14.0000	8.3569	9.0000	0.0007	0.0007	0.0000	0.0007	0.0007	0.0000	0.0000	0.0000	0.0000	0.6201	0.0001	0.6200	0.0211	0.0001	0.0210	0.5990	0.0000	0.5990	0.1803	0.1565	0.0238	0.0113	0.0112	0.0001	0.1690	0.1453	0.0236	0.2775	0.1639	0.1136	0.0734	0.0691	0.0043	0.2041	0.0948	0.1093	0.0017	7.1194	0.0000	0.2086	41.9332	0.0000	0.0000	0.0000	0.0000	2.2343	0.0006	5.4559	0.2875	0.0014	4.8914	2.9344	0.0000	5.4781	
16	22	0.1225	4	1	2	0	0	0	0	0	0	N	Y	N	N	N	N	N	N	N	N	N	N	0.0000	0.0000	0.0000	0.0000	0.0000	0.0000	0.0000	0.0000	0.0000	0.0000	0.0000	0.0000	0.0000	0.0000	0.0000	0.0000	0.0000	0.0000	0.0507	0.0023	0.1413	0.0228	0.0041	0.2928	0.0686	0.0000	0.1293	32.7624	0.0000	0.0006	2.0840	1.8226	8.3569	1.1826	0.0000	0.0000	0.0000	0.0000	0.0000	0.0000	0.0000	0.0000	0.0000	0.0026	0.0001	0.0025	0.0005	0.0001	0.0004	0.0022	0.0000	0.0022	0.0255	0.0221	0.0034	0.0019	0.0019	0.0000	0.0236	0.0202	0.0034	0.0516	0.0336	0.0180	0.0202	0.0189	0.0013	0.0314	0.0147	0.0167	0.0000	0.0000	0.0000	0.0000	0.0000	0.0000	0.0000	0.0000	0.0000	0.0507	0.0023	0.1413	0.0228	0.0041	0.2928	0.0686	0.0000	0.1293	
16	23	0.0874	3	1	2	0	0	0	0	0	0	N	Y	N	N	N	N	N	N	N	N	N	N	0.0000	0.0000	0.0000	0.0000	0.0000	0.0000	0.0000	0.0000	0.0000	0.0000	0.0000	0.0000	0.0000	0.0000	0.0000	0.0000	0.0797	0.1134	0.0307	0.2547	0.2706	0.0000	0.0170	0.0000	0.0319	0.1858	0.0000	-0.0189	2.0840	14.0000	8.3569	21.0000	0.0000	0.0000	0.0000	0.0000	0.0000	0.0000	0.0000	0.0000	0.0000	0.0318	0.0268	0.0050	0.0268	0.0268	0.0000	0.0050	0.0000	0.0050	0.1803	0.1565	0.0238	0.0113	0.0112	0.0001	0.1690	0.1453	0.0236	0.3994	0.2368	0.1627	0.1054	0.0992	0.0062	0.2940	0.1376	0.1564	0.0000	0.0000	0.0000	0.0000	0.0000	0.0000	0.0000	0.0000	0.0000	0.0797	0.1134	0.0307	0.2547	0.2706	0.0000	0.0170	0.0000	0.0319			
16	24	0.1219	5	0	1	1	0	0	0	0	0	N	N	N	N	N	N	N	N	N	N	N	N	0.0000	0.0000	0.0000	0.0000	0.0000	0.0000	0.0000	0.0000	0.0000	0.0000	0.0000	0.0000	0.0000	0.0000	0.0000	0.0000	0.0000	0.0000	0.0000	0.0000	2.0840	0.0000	8.3569	0.0000	0.0000	0.0000	0.0000	0.0000	0.0000	0.0000	0.0000	0.0000	0.0000	0.0000	0.0000	0.0000	0.0000	0.0000	0.0000	0.0000	0.0000	0.0000	0.0000	0.0000	0.0000	0.0000	0.0000	0.0000	0.0000	0.0000	0.0000	0.0000	0.0000	0.0000	0.0000	0.0000	0.0000	0.0000	0.0000	0.0000	0.0000	0.0000	0.0000	0.0000	0.0000	0.0000	0.0000	0.0000	0.0000	0.0000	0.0000	0.0000	0.0000	0.0000	0.0000	0.0000	0.0000	0.0000											
16	25	0.0874	3	0	2	0	0	0	0	0	0	N	Y	N	N	N	N	N	N	N	N	N	N	1.3505	0.9193	5.7054	5.4350	0.0052	0.0060	0.0000	0.0838	0.0848	0.0000	0.0000	0.0000	0.0000	0.0039	0.0066	0.0000	0.0147	0.0156	0.0000	0.0000	0.0000	0.0000	0.0000	0.0000	-0.0004	-0.0008	2.0840	12.0000	8.3569	12.0000	0.0008	0.0008	0.0000	0.0008	0.0008	0.0000	0.0000	0.0000	0.0000	0.0011	0.0011	0.0000	0.0011	0.0011	0.0000	0.0000	0.0000	0.0000	0.1562	0.1356	0.0206	0.0098	0.0097	0.0001	0.1465	0.1259	0.0205	0.2882	0.1703	0.1180	0.0762	0.0718	0.0045	0.2120	0.0985	0.1135	1.3505	0.9193	0.0000	5.7054	5.4350	0.0000	0.0000	0.0000	0.0000	0.0039	0.0066	0.0000	0.0147	0.0156	0.0000	0.0000	0.0000	0.0000					
16	26	0.1020	4	1	1	1	0	0	0	0	0	N	N	N	N	N	N	N	N	N	N	N	N	0.2644	0.2082	0.0000	0.6567	0.6632	0.0000	0.0020	0.1062	0.0000	0.0021	0.0024	0.0000	0.0146	0.0151	0.0000	0.0000	0.0000	0.0000	0.0079	0.0116	0.0011	0.0223	0.0227	0.0092	0.0004	0.0000	0.0008	0.0000	0.0503	-0.0001	-0.0008	2.0840	4.5914	8.3569	6.1047	0.0001	0.0001	0.0000	0.0001	0.0001	0.0000	0.0000	0.0000	0.0000	0.0011	0.0010	0.0001	0.0010	0.0010	0.0000	0.0000	0.0000	0.0000	0.0709	0.0611	0.0098	0.0101	0.0098	0.0003	0.0608	0.0513	0.0095	0.1370	0.0885	0.0485	0.0466	0.0452	0.0014	0.0903	0.0433	0.0471	0.2644	0.2082	0.0000	0.6567	0.6632	0.0000	0.0020	0.1062	0.0000	0.0079	0.0116	0.0011	0.0223	0.0227	0.0092	0.0004	0.0000	0.0008
16	27	0.0874	3	0	2	0	0	0	0	0	0	N	Y	N	N	N	N	N	N	N	N	N	N	776.5782	0.2118	inf	23.7003	4.9688	inf	814.4482	0.0000	inf	14.9661	0.0069	113.0076	0.4377	0.0975	29.2135	15.9313	0.0000	113.4710	0.0193	0.0327	0.0000	0.0185	0.0196	0.0000	0.0196	0.0564	0.0000	2493.0633	0.0000	1.0550	-0.0037	2.0840	10.0000	8.3569	11.0000	1.9703	0.0008	1.9695	0.0036	0.0008	0.0028	1.9667	0.0000	1.9667	0.0049	0.0049	0.0000	0.0013	0.0013	0.0000	0.0037	0.0037	0.0000	0.1317	0.1142	0.0174	0.0082	0.0081	0.0001	0.1234	0.1061	0.0173	0.2558	0.1510	0.1048	0.0677	0.0637	0.0040	0.1881	0.0872	0.1009	776.5782	0.2118	inf	23.7003	4.9688	inf	814.4482	0.0000	inf	0.0193	0.0327	0.0000	0.0185	0.0196	0.0000	0.0196	0.0422	0.0000
16	28	0.0874	3	0	2	0	1	0	0	0	0	N	Y	N	N	N	N	N	N	N	N	N	N	0.0021	0.4504	0.0000	0.2373	2.6612	0.0000	0.0000	0.0000	0.0050	0.0058	0.0000	0.0805	0.0814	0.0000	0.0000	0.0000	0.0000	2.4311	0.0129	5.9131	0.3391	0.0306	10.7789	3.1837	0.0000	5.9367	0.0000	317.9282	-0.0004	0.1543	2.0840	13.0000	8.3569	8.0000	0.0009	0.0009	0.0000	0.0009	0.0009	0.0000	0.0000	0.0000	0.0000	0.6219	0.0020	0.6200	0.0230	0.0020	0.0210	0.5990	0.0000	0.5990	0.1683	0.1461	0.0222	0.0106	0.0104	0.0001	0.1578	0.1357	0.0221	0.2558	0.1510	0.1048	0.0677	0.0637	0.0040	0.1881	0.0872	0.1009	0.0021	0.4504	0.0000	0.2373	2.6612	0.0000	0.0000	0.0000	0.0000	2.4311	0.0129	5.9131	0.3391	0.0306	5.3113	3.1837	0.0000	5.9367	
16	29	0.1020	4	1	1	1	0	0	0	0	0	N	N	N	N	N	N	N	N	N	N	N	N	0.1706	0.1275	0.0000	0.3071	0.3091	0.0000	3.4135	17.5522	0.0000	0.0057	0.0067	0.0000	0.0287	0.0296	0.0000	0.0002	0.0003	0.0000	0.0336	0.0526	0.0002	0.0935	0.0959	0.0021	0.0001	0.0000	0.0001	0.0000	0.0018	-0.0001	-0.0022	2.0840	1.9609	8.3569	3.0643	0.0002	0.0002	0.0000	0.0002	0.0002	0.0000	0.0000	0.0000	0.0000	0.0029	0.0029	0.0000	0.0029	0.0029	0.0000	0.0000	0.0000	0.0000	0.0415	0.0355	0.0060	0.0080	0.0077	0.0003	0.0335	0.0277	0.0058	0.0871	0.0556	0.0315	0.0313	0.0304	0.0008	0.0558	0.0251	0.0307	0.1706	0.1275	0.0000	0.3071	0.3091	0.0000	3.4135	17.5522	0.0000	0.0336	0.0526	0.0002	0.0935	0.0959	0.0021	0.0001	0.0000	0.0001
16	30	0.0874	3	1	1	1	0	0	0	0	0	N	N	N	N	N	N	N	N	N	N	N	N	0.0358	0.0243	0.0000	0.1554	0.1481	0.0000	0.0000	0.0000	0.0000	0.0019	0.0022	0.0000	0.0308	0.0312	0.0000	0.0000	0.0000	0.0000	0.0530	0.0899	0.0002	0.1985	0.2107	0.0002	0.0005	0.0007	0.0002	0.0000	0.0019	-0.0001	-0.0048	2.0840	4.4603	8.3569	5.0070	0.0001	0.0001	0.0000	0.0001	0.0001	0.0000	0.0000	0.0000	0.0000	0.0065	0.0064	0.0000	0.0064	0.0064	0.0000	0.0000	0.0000	0.0000	0.0606	0.0525	0.0081	0.0037	0.0037	0.0000	0.0569	0.0489	0.0080	0.1220	0.0717	0.0503	0.0323	0.0305	0.0019	0.0897	0.0413	0.0484	0.0358	0.0243	0.0000	0.1554	0.1481	0.0000	0.0000	0.0000	0.0000	0.0530	0.0899	0.0002	0.1985	0.2107	0.0002	0.0005	0.0007	0.0002
16	31	0.0874	3	0	1	1	0	0	0	0	0	N	N	N	N	N	N	N	N	N	N	N	N	3647.4570	1.9422	inf	17.2797	11.6743	inf	inf	inf	12.3306	0.0111	92.7102	0.2207	0.1584	5.5019	13.1266	0.0000	93.1851	0.0034	0.0057	0.0000	0.0128	0.0136	0.0000	0.0000	0.0000	0.0000	1276.3333	0.0000	0.5331	-0.0006	2.0840	6.0000	8.3569	13.0000	0.9963	0.0008	0.9955	0.0011	0.0008	0.0003	0.9952	0.0000	0.9952	0.0008	0.0008	0.0000	0.0008	0.0008	0.0000	0.0000	0.0000	0.0000	0.0808	0.0701	0.0107	0.0050	0.0049	0.0001	0.0758	0.0651	0.0107	0.2337	0.1378	0.0959	0.0618	0.0582	0.0036	0.1718	0.0796	0.0923	3647.4570	1.9422	inf	17.2797	11.6743	inf	inf	0.0000	inf	0.0034	0.0057	0.0000	0.0128	0.0136	0.0000	0.0000	0.0000	0.0000	
16	32	0.1219	5	0	2	0	0	0	0	0	0	N	Y	N	N	N	N	N	N	N	N	N	N	0.0000	0.0000	0.0000	0.0000	0.0000	0.0000	0.0000	0.0000	0.0000	0.0000	0.0000	0.0000	0.0000	0.0000	0.0000	0.0000	0.0000	20.0768	0.0109	136.5355	0.3944	0.0239	19.3672	28.1174	0.0000	136.8489	3028.1935	0.0000	0.2356	2.0840	0.0000	8.3569	4.0000	0.0000	0.0000	0.0000	0.0000	0.0000	0.0000	0.0000	0.0000	0.0000	0.9391	0.0003	0.9387	0.0054	0.0003	0.0050	0.9337	0.0000	0.9337	0.0000	0.0000	0.0000	0.0000	0.0000	0.0000	0.0000	0.0000	0.0000	0.0468	0.0284	0.0184	0.0136	0.0130	0.0006	0.0332	0.0154	0.0178	0.0000	0.0000	0.0000	0.0000	0.0000	0.0000	0.0000	0.0000	0.0000	20.0768	0.0109	51.0497	0.3944	0.0239	8.1939	28.1174	0.0000	52.5328		
16	33	0.1183	4	0	1	0	0	0	0	0	0	N	N	N	N	N	N	N	N	N	N	N	N	0.1295	0.3373	0.0000	0.3990	0.3813	0.0000	0.0000	0.0000	0.0000	0.0028	0.0031	0.0000	0.0073	0.0073	0.0000	0.0000	0.0000	0.0000	0.0217	0.0093	0.0408	0.0182	0.0191	0.0003	0.0233	0.0001	0.0424	0.0038	2.8336	-0.0000	-0.0000	2.0840	0.0019	8.3569	1.9565	0.0000	0.0000	0.0000	0.0000	0.0000	0.0000	0.0000	0.0000	0.0000	0.0005	0.0001	0.0004	0.0001	0.0001	0.0000	0.0004	0.0000	0.0004	0.0001	0.0001	0.0000	0.0000	0.0000	0.0000	0.0000	0.0000	0.0000	0.0252	0.0153	0.0099	0.0078	0.0074	0.0004	0.0174	0.0079	0.0095	0.1295	0.3373	0.0000	0.3990	0.3813	0.0000	0.0000	0.0000	0.0000	0.0217	0.0093	0.0408	0.0182	0.0191	0.0003	0.0233	0.0001	0.0424
16	34	0.1141	5	1	2	1	0	0	0	0	0	N	Y	N	N	N	N	N	N	N	N	N	N	2.1038	1.6313	0.0260	11.9721	11.0680	2.0974	0.0000	0.0000	0.0000	0.0047	0.0055	0.0000	0.0673	0.0688	0.0004	0.0000	0.0000	0.0000	0.0023	0.0034	0.0002	0.0056	0.0062	0.0002	0.0001	0.0000	0.0002	0.0001	0.0256	-0.0001	-0.0002	2.0840	3.0034	8.3569	4.0042	0.0002	0.0002	0.0000	0.0002	0.0002	0.0000	0.0000	0.0000	0.0000	0.0002	0.0002	0.0000	0.0002	0.0002	0.0000	0.0000	0.0000	0.0000	0.0410	0.0356	0.0054	0.0029	0.0028	0.0001	0.0382	0.0328	0.0054	0.0954	0.0626	0.0328	0.0374	0.0337	0.0037	0.0580	0.0289	0.0291	2.1038	1.6313	0.0260	11.9721	11.0680	2.0974	0.0000	0.0000	0.0000	0.0023	0.0034	0.0002	0.0056	0.0062	0.0002	0.0001	0.0000	0.0002
16	35	0.1141	5	1	2	1	0	0	0	0	0	N	Y	N	N	N	N	N	N	N	N	N	N	3862.4526	0.0905	1540922.1660	55.8945	0.6156	341861.3408	399423.3453	0.0000	1550856.4591	16.1462	0.0006	122.4499	0.5935	0.0073	26.5604	17.3186	0.0000	123.5889	0.0042	0.0063	0.0001	0.0106	0.0118	0.0001	0.0000	0.0000	0.0001	32483.8699	0.0066	0.5218	-0.0003	2.0840	4.4649	8.3569	3.5311	0.9738	0.0000	0.9738	0.0025	0.0000	0.0025	0.9713	0.0000	0.9713	0.0005	0.0004	0.0000	0.0004	0.0004	0.0000	0.0000	0.0000	0.0000	0.0603	0.0524	0.0080	0.0042	0.0041	0.0001	0.0561	0.0482	0.0079	0.1077	0.0707	0.0370	0.0421	0.0380	0.0042	0.0656	0.0328	0.0328	3862.4526	0.0905	1540922.1660	55.8945	0.6156	341861.3408	399423.3453	0.0000	1550856.4591	0.0042	0.0063	0.0001	0.0106	0.0118	0.0001	0.0000	0.0000	0.0001
16	36	0.0998	4	1	2	1	0	0	0	0	0	N	Y	N	N	N	N	N	N	N	N	N	N	5.1564	0.0000	396.6210	0.0307	0.0000	117.2400	22.7300	0.0000	407.5626	0.0095	0.0000	0.0954	0.0002	0.0000	0.0701	0.0112	0.0000	0.0955	0.0019	0.0029	0.0002	0.0052	0.0053	0.0006	0.0005	0.0008	0.0002	inf	0.0539	0.0001	-0.0001	2.0840	1.6626	8.3569	6.4813	0.0002	0.0000	0.0002	0.0000	0.0000	0.0000	0.0002	0.0000	0.0002	0.0001	0.0001	0.0000	0.0001	0.0001	0.0000	0.0000	0.0000	0.0000	0.0204	0.0184	0.0020	0.0031	0.0031	0.0000	0.0173	0.0153	0.0020	0.0688	0.0417	0.0271	0.0198	0.0193	0.0005	0.0490	0.0224	0.0266	5.1564	0.0000	396.6210	0.0307	0.0000	117.2400	22.7300	0.0000	407.5626	0.0019	0.0029	0.0002	0.0052	0.0053	0.0006	0.0005	0.0008	0.0002
16	37	0.1083	4	1	2	0	0	0	0	0	0	N	Y	N	N	N	N	N	N	N	N	N	N	0.0800	0.0545	0.1116	0.2884	0.2766	0.3162	0.0284	0.0000	0.1239	0.0005	0.0006	0.0000	0.0067	0.0069	0.0007	0.0000	0.0000	0.0000	0.0065	0.0109	0.0002	0.0233	0.0248	0.0024	0.0001	0.0000	0.0001	0.0053	0.0121	-0.0000	-0.0010	2.0840	5.8118	8.3569	10.8965	0.0000	0.0000	0.0000	0.0000	0.0000	0.0000	0.0000	0.0000	0.0000	0.0013	0.0013	0.0000	0.0013	0.0013	0.0000	0.0000	0.0000	0.0000	0.0775	0.0674	0.0101	0.0060	0.0058	0.0001	0.0715	0.0616	0.0099	0.2075	0.1220	0.0854	0.0574	0.0534	0.0039	0.1501	0.0686	0.0815	0.0800	0.0545	0.1116	0.2884	0.2766	0.3162	0.0284	0.0000	0.1239	0.0065	0.0109	0.0002	0.0233	0.0248	0.0024	0.0001	0.0000	0.0001
16	38	0.0874	3	1	2	0	0	0	0	0	0	N	Y	N	N	N	N	N	N	N	N	N	N	0.0021	0.0016	0.0000	0.0136	0.0130	0.0000	0.0000	0.0000	0.0000	0.0000	0.0000	0.0000	0.0001	0.0001	0.0000	0.0000	0.0000	0.0000	0.0015	0.0024	0.0004	0.0038	0.0040	0.0003	0.0007	0.0011	0.0004	0.0000	0.1037	-0.0000	-0.0002	2.0840	5.2458	8.3569	8.3786	0.0000	0.0000	0.0000	0.0000	0.0000	0.0000	0.0000	0.0000	0.0000	0.0003	0.0002	0.0000	0.0002	0.0002	0.0000	0.0001	0.0001	0.0000	0.0710	0.0615	0.0094	0.0044	0.0043	0.0001	0.0666	0.0572	0.0094	0.1720	0.1013	0.0708	0.0456	0.0429	0.0026	0.1265	0.0583	0.0681	0.0021	0.0016	0.0000	0.0136	0.0130	0.0000	0.0000	0.0000	0.0000	0.0015	0.0024	0.0004	0.0038	0.0040	0.0003	0.0007	0.0011	0.0004
16	39	0.0979	4	0	2	0	0	0	0	0	0	N	Y	N	N	N	N	N	N	N	N	N	N	0.4885	0.3586	0.0000	2.3911	2.3386	0.0000	0.0011	0.0059	0.0000	0.0013	0.0015	0.0000	0.0176	0.0179	0.0000	0.0000	0.0000	0.0000	0.0026	0.0041	0.0000	0.0073	0.0077	0.0001	0.0000	0.0000	0.0000	0.0000	0.0036	-0.0001	-0.0003	2.0840	6.9653	8.3569	2.9126	0.0001	0.0001	0.0000	0.0001	0.0001	0.0000	0.0000	0.0000	0.0000	0.0004	0.0004	0.0000	0.0004	0.0004	0.0000	0.0000	0.0000	0.0000	0.0945	0.0820	0.0125	0.0068	0.0067	0.0001	0.0877	0.0753	0.0124	0.1434	0.0910	0.0524	0.0505	0.0485	0.0020	0.0930	0.0426	0.0504	0.4885	0.3586	0.0000	2.3911	2.3386	0.0000	0.0011	0.0059	0.0000	0.0026	0.0041	0.0000	0.0073	0.0077	0.0001	0.0000	0.0000	0.0000
16	40	0.0874	3	0	2	0	0	0	0	0	0	N	Y	N	N	N	N	N	N	N	N	N	N	0.0001	0.0000	0.0000	0.0002	0.0002	0.0000	0.0000	0.0000	0.0000	0.0000	0.0000	0.0000	0.0000	0.0000	0.0000	0.0000	0.0000	0.0000	0.0568	0.0965	0.0001	0.2135	0.2266	0.0001	0.0002	0.0003	0.0001	0.0000	0.0010	-0.0000	-0.0047	2.0840	4.0410	8.3569	4.5605	0.0000	0.0000	0.0000	0.0000	0.0000	0.0000	0.0000	0.0000	0.0000	0.0063	0.0063	0.0000	0.0063	0.0063	0.0000	0.0000	0.0000	0.0000	0.0550	0.0477	0.0073	0.0034	0.0033	0.0000	0.0517	0.0444	0.0073	0.1113	0.0654	0.0459	0.0295	0.0278	0.0017	0.0818	0.0376	0.0442	0.0001	0.0000	0.0000	0.0002	0.0002	0.0000	0.0000	0.0000	0.0000	0.0568	0.0965	0.0001	0.2135	0.2266	0.0001	0.0002	0.0003	0.0001
16	41	0.1183	4	0	1	1	0	0	0	0	0	N	N	N	N	N	N	N	N	N	N	N	N	0.0213	0.8883	0.0000	2.3335	2.2957	0.0000	0.0000	0.0000	0.0002	0.0002	0.0000	0.0010	0.0010	0.0000	0.0000	0.0000	0.0000	0.0084	0.0002	0.0209	0.0004	0.0004	0.0000	0.0118	0.0000	0.0217	0.0000	59.4594	-0.0000	0.0001	2.0840	4.0003	8.3569	0.0531	0.0000	0.0000	0.0000	0.0000	0.0000	0.0000	0.0000	0.0000	0.0000	0.0004	0.0000	0.0004	0.0000	0.0000	0.0000	0.0004	0.0000	0.0004	0.0573	0.0502	0.0070	0.0103	0.0100	0.0003	0.0469	0.0402	0.0067	0.0495	0.0300	0.0195	0.0148	0.0141	0.0007	0.0347	0.0159	0.0188	0.0213	0.8883	0.0000	2.3335	2.2957	0.0000	0.0000	0.0000	0.0000	0.0084	0.0002	0.0209	0.0004	0.0004	0.0000	0.0118	0.0000	0.0217	
16	42	0.0874	3	0	1	0	0	0	0	0	0	N	N	N	N	N	N	N	N	N	N	N	N	0.0017	1.4554	0.0000	26.5175	25.2645	0.0000	0.0000	0.0000	0.0067	0.0077	0.0000	0.1080	0.1093	0.0000	0.0000	0.0000	0.0000	4.0190	0.0053	10.5952	0.0041	0.0043	0.0000	5.4637	0.0060	11.6547	0.0000	1280.2953	-0.0004	0.2469	2.0840	8.9997	8.3569	11.0444	0.0008	0.0008	0.0000	0.0008	0.0008	0.0000	0.0000	0.0000	0.0000	0.9858	0.0008	0.9851	0.0003	0.0003	0.0000	0.9856	0.0005	0.9851	0.1191	0.1034	0.0158	0.0074	0.0073	0.0001	0.1117	0.0960	0.0157	0.2453	0.1447	0.1006	0.0649	0.0611	0.0038	0.1804	0.0836	0.0968	0.0017	1.4554	0.0000	26.5175	25.2645	0.0000	0.0000	0.0000	0.0000	4.0190	0.0053	9.7938	0.0041	0.0043	0.0000	5.4637	0.0060	10.1773	
16	43	0.0874	3	1	2	1	0	0	0	0	0	N	Y	N	N	N	N	N	N	N	N	N	N	0.0001	0.0001	0.0249	0.0237	0.0000	0.0000	0.0003	0.0004	0.0000	0.0037	0.0037	0.0000	0.0001	0.0001	0.0000	2.7319	4.6261	0.0000	0.1473	0.1565	0.0000	3.6613	7.8853	0.0000	0.0000	0.0000	-0.0000	-0.5668	2.0840	10.0000	8.3569	13.0000	0.0000	0.0000	0.0000	0.0000	0.0000	0.0000	0.0000	0.0000	0.0000	0.7571	0.7571	0.0000	0.0108	0.0108	0.0000	0.7463	0.7463	0.0000	0.1315	0.1140	0.0174	0.0082	0.0081	0.0001	0.1233	0.1060	0.0173	0.2771	0.1636	0.1135	0.0733	0.0690	0.0043	0.2038	0.0946	0.1092	0.0001	0.0001	0.0000	0.0249	0.0237	0.0000	0.0000	0.0000	0.0000	2.7319	4.6261	0.0000	0.1473	0.1565	0.0000	3.6613	7.8853	0.0000			
16	44	0.0874	3	0	2	0	0	0	0	0	0	N	Y	N	N	N	N	N	N	N	N	N	N	0.0000	0.0006	0.0000	0.0021	0.0037	0.0000	0.0000	0.0000	0.0001	0.0001	0.0000	0.0015	0.0015	0.0000	0.0000	0.0000	0.0000	2.5279	0.1770	5.9131	0.7050	0.4193	10.7789	3.1837	0.0000	5.9367	0.0000	23.2021	-0.0000	0.1358	2.0840	8.0000	8.3569	13.0000	0.0000	0.0000	0.0000	0.0000	0.0000	0.0000	0.0000	0.0000	0.0000	0.6467	0.0267	0.6200	0.0477	0.0267	0.0210	0.5990	0.0000	0.5990	0.1065	0.0924	0.0141	0.0066	0.0065	0.0001	0.0999	0.0859	0.0141	0.2558	0.1510	0.1048	0.0677	0.0637	0.0040	0.1881	0.0872	0.1009	0.0000	0.0006	0.0000	0.0021	0.0037	0.0000	0.0000	0.0000	0.0000	2.5279	0.1770	5.9131	0.7050	0.4193	5.3113	3.1837	0.0000	5.9367	
16	45	0.0874	3	0	2	0	0	0	0	0	0	N	Y	N	N	N	N	N	N	N	N	N	N	0.3329	0.2335	0.0000	6.0811	5.7933	0.0000	0.0000	0.0000	0.0062	0.0072	0.0000	0.1000	0.1012	0.0000	0.0000	0.0000	0.0000	0.0187	0.0307	0.0014	0.0164	0.0175	0.0000	0.0195	0.0404	0.0014	0.0000	0.0310	-0.0004	-0.0036	2.0840	10.0000	8.3569	12.0000	0.0008	0.0008	0.0000	0.0008	0.0008	0.0000	0.0000	0.0000	0.0000	0.0050	0.0048	0.0001	0.0012	0.0012	0.0000	0.0038	0.0037	0.0001	0.1317	0.1142	0.0174	0.0082	0.0081	0.0001	0.1234	0.1061	0.0173	0.2667	0.1575	0.1093	0.0706	0.0664	0.0041	0.1962	0.0910	0.1051	0.3329	0.2335	0.0000	6.0811	5.7933	0.0000	0.0000	0.0000	0.0000	0.0187	0.0307	0.0014	0.0164	0.0175	0.0000	0.0195	0.0404	0.0014	
16	46	0.0998	4	1	1	1	0	0	0	0	0	N	N	N	N	N	N	N	N	N	N	N	N	2.1989	3.2546	0.0000	10.0778	9.8880	0.0000	0.0000	0.0000	0.0040	0.0045	0.0000	0.0286	0.0286	0.0000	0.0000	0.0000	0.0000	0.0018	0.0014	0.0025	0.0028	0.0029	0.0001	0.0014	0.0000	0.0026	0.0000	1.2035	-0.0000	-0.0000	2.0840	1.8806	8.3569	4.9930	0.0001	0.0001	0.0000	0.0001	0.0001	0.0000	0.0000	0.0000	0.0000	0.0001	0.0000	0.0001	0.0001	0.0000	0.0000	0.0001	0.0000	0.0001	0.0224	0.0201	0.0023	0.0031	0.0031	0.0000	0.0192	0.0169	0.0023	0.0602	0.0363	0.0239	0.0177	0.0173	0.0004	0.0425	0.0190	0.0235	2.1989	3.2546	0.0000	10.0778	9.8880	0.0000	0.0000	0.0000	0.0000	0.0018	0.0014	0.0025	0.0028	0.0029	0.0001	0.0014	0.0000	0.0026	
16	47	0.0874	3	1	1	1	0	0	0	0	0	N	N	N	N	N	N	N	N	N	N	N	N	0.0000	0.0000	0.0000	0.0000	0.0000	0.0000	0.0000	0.0000	0.0000	0.0000	0.0000	0.0000	0.0000	0.0007	0.0012	0.0000	0.0027	0.0029	0.0000	0.0000	0.0000	0.0000	0.0000	0.0000	-0.0000	2.0840	2.1193	8.3569	4.2095	0.0000	0.0000	0.0000	0.0000	0.0000	0.0000	0.0000	0.0000	0.0000	0.0001	0.0001	0.0000	0.0001	0.0001	0.0000	0.0000	0.0000	0.0000	0.0292	0.0253	0.0039	0.0018	0.0018	0.0000	0.0274	0.0235	0.0039	0.0829	0.0487	0.0342	0.0220	0.0207	0.0013	0.0609	0.0279	0.0329	0.0000	0.0000	0.0000	0.0000	0.0000	0.0000	0.0000	0.0000	0.0000	0.0007	0.0012	0.0000	0.0027	0.0029	0.0000	0.0000	0.0000	0.0000						
16	48	0.0874	3	0	2	0	1	0	0	0	0	N	Y	N	N	N	N	N	N	N	N	N	N	0.0003	0.2013	0.0000	0.3967	1.1898	0.0000	0.0000	0.0000	0.0015	0.0017	0.0000	0.0233	0.0236	0.0000	0.0000	0.0000	0.0000	4.6361	0.0083	16.7040	0.0589	0.0199	0.6842	6.2798	0.0000	16.1419	0.0000	937.7857	-0.0001	0.3946	2.0840	11.0000	8.3569	18.0000	0.0002	0.0002	0.0000	0.0002	0.0002	0.0000	0.0000	0.0000	0.0000	1.5772	0.0017	1.5755	0.0053	0.0017	0.0036	1.5719	0.0000	1.5719	0.1440	0.1250	0.0190	0.0090	0.0089	0.0001	0.1350	0.1161	0.0189	0.3402	0.2013	0.1389	0.0899	0.0846	0.0053	0.2503	0.1167	0.1336	0.0003	0.2013	0.0000	0.3967	1.1898	0.0000	0.0000	0.0000	0.0000	4.6361	0.0083	11.3422	0.0589	0.0199	0.6842	6.2798	0.0000	11.7631	
16	49	0.0874	3	0	2	0	0	0	0	0	0	N	Y	N	N	N	N	N	N	N	N	N	N	0.0018	0.0012	5.3293	5.0780	0.0000	0.0000	0.0083	0.0096	0.0000	0.1344	0.1360	0.0000	0.0000	0.0000	0.0000	4.6891	7.9564	0.0000	0.0252	0.0268	0.0000	6.3684	13.7708	0.0000	0.0000	0.0000	-0.0003	-0.7412	2.0840	6.0000	8.3569	11.0000	0.0007	0.0007	0.0000	0.0007	0.0007	0.0000	0.0000	0.0000	0.0000	0.9900	0.9900	0.0000	0.0014	0.0014	0.0000	0.9886	0.9886	0.0000	0.0808	0.0701	0.0107	0.0050	0.0049	0.0001	0.0758	0.0651	0.0107	0.2111	0.1244	0.0867	0.0559	0.0526	0.0033	0.1552	0.0718	0.0834	0.0018	0.0012	0.0000	5.3293	5.0780	0.0000	0.0000	0.0000	0.0000	4.6891	7.9564	0.0000	0.0252	0.0268	0.0000	6.3684	13.7708	0.0000			
16	51	0.1145	4	0	2	0	1	0	0	0	0	N	Y	N	N	N	N	N	N	N	N	N	N	11.1460	318205.4511	0.0198	12058.5947	1637599.2798	2.9705	0.0036	inf	0.0152	0.0039	0.0045	0.0000	0.0283	0.0292	0.0001	0.0000	0.0000	0.0000	0.0003	0.0000	0.0009	0.0000	0.0000	0.0000	0.0007	0.0000	0.0010	0.0006	39559.0741	-0.0000	0.0000	2.0840	0.9739	8.3569	0.0244	0.0001	0.0001	0.0000	0.0001	0.0001	0.0000	0.0000	0.0000	0.0000	0.0001	0.0000	0.0001	0.0000	0.0000	0.0000	0.0001	0.0000	0.0001	0.0152	0.0131	0.0021	0.0021	0.0020	0.0001	0.0131	0.0111	0.0020	0.3066	0.1909	0.1157	0.1614	0.1512	0.0102	0.1452	0.0397	0.1055	11.1460	318205.4511	0.0198	12058.5947	1637599.2798	2.9705	0.0036	inf	0.0152	0.0003	0.0000	0.0009	0.0000	0.0000	0.0000	0.0007	0.0000	0.0010
16	52	0.0874	3	0	2	0	1	0	0	0	0	N	Y	N	N	N	N	N	N	N	N	N	N	0.0080	0.1021	0.0000	0.9508	9.0108	0.0000	0.0000	0.0001	0.0000	0.0119	0.0137	0.0000	0.1901	0.1923	0.0000	0.0001	0.0001	0.0000	1.4843	0.1345	3.4234	0.1999	0.0213	5.5118	1.9467	0.9061	3.4366	0.0000	17.7131	-0.0007	0.0658	2.0840	10.0170	8.3569	8.1377	0.0016	0.0016	0.0000	0.0016	0.0016	0.0000	0.0000	0.0000	0.0000	0.3328	0.0178	0.3150	0.0119	0.0012	0.0107	0.3209	0.0166	0.3043	0.1319	0.1144	0.0175	0.0082	0.0081	0.0001	0.1236	0.1063	0.0174	0.2242	0.1322	0.0920	0.0593	0.0559	0.0035	0.1649	0.0763	0.0886	0.0080	0.1021	0.0000	0.9508	9.0108	0.0000	0.0000	0.0004	0.0000	1.4843	0.1345	3.4234	0.1999	0.0213	3.0834	1.9467	0.2174	3.4366
16	53	0.1225	4	1	2	0	0	0	0	0	0	N	Y	N	N	N	N	N	N	N	N	N	N	0.0000	0.0000	0.0000	0.0000	0.0000	0.0000	0.0000	0.0000	0.0000	0.0000	0.0000	0.0000	0.0000	0.0000	0.0000	0.0000	0.0000	0.0000	0.0478	0.0319	0.0782	0.0661	0.0595	0.1558	0.0367	0.0000	0.0719	1.2785	0.0000	-0.0008	2.0840	1.0294	8.3569	5.0054	0.0000	0.0000	0.0000	0.0000	0.0000	0.0000	0.0000	0.0000	0.0000	0.0045	0.0020	0.0025	0.0024	0.0020	0.0004	0.0022	0.0000	0.0022	0.0149	0.0129	0.0020	0.0012	0.0012	0.0000	0.0137	0.0117	0.0020	0.0944	0.0621	0.0324	0.0357	0.0333	0.0024	0.0587	0.0288	0.0299	0.0000	0.0000	0.0000	0.0000	0.0000	0.0000	0.0000	0.0000	0.0000	0.0478	0.0319	0.0782	0.0661	0.0595	0.1558	0.0367	0.0000	0.0719	
16	54	0.0874	3	1	2	0	0	0	0	0	0	N	Y	N	N	N	N	N	N	N	N	N	N	0.0000	0.0000	0.0000	0.0000	0.0000	0.0000	0.0000	0.0000	0.0000	0.0000	0.0000	0.0000	0.0000	0.0000	0.0000	0.0000	0.0000	0.0000	2.3292	0.0518	5.6117	0.4058	0.1184	8.6237	3.0210	0.0033	5.6343	75.0943	0.0000	0.1490	2.0840	7.2033	8.3569	14.9709	0.0000	0.0000	0.0000	0.0000	0.0000	0.0000	0.0000	0.0000	0.0000	0.6257	0.0082	0.6174	0.0288	0.0079	0.0209	0.5968	0.0003	0.5965	0.0963	0.0836	0.0128	0.0060	0.0059	0.0001	0.0904	0.0777	0.0127	0.2686	0.1586	0.1100	0.0711	0.0669	0.0042	0.1976	0.0917	0.1059	0.0000	0.0000	0.0000	0.0000	0.0000	0.0000	0.0000	0.0000	0.0000	2.3292	0.0518	5.6117	0.4058	0.1184	5.0350	3.0210	0.0033	5.6343	
16	55	0.0511	2	0	1	0	0	0	0	0	0	N	N	N	N	N	N	N	N	N	N	N	N	0.0406	0.0287	0.0001	0.1714	0.1660	0.0056	0.0000	0.0001	0.0001	0.0151	0.0177	0.0000	0.1874	0.1884	0.0001	0.0000	0.0000	0.0000	0.3715	0.6181	0.0173	1.0933	1.1350	0.0112	0.0106	0.0005	0.0175	0.0000	0.0195	-0.0004	-0.1000	2.0840	4.2136	8.3569	14.8238	0.0009	0.0009	0.0000	0.0009	0.0009	0.0000	0.0000	0.0000	0.0000	0.1371	0.1345	0.0026	0.1345	0.1344	0.0001	0.0026	0.0000	0.0026	0.0608	0.0516	0.0092	0.0049	0.0049	0.0000	0.0559	0.0467	0.0091	0.3690	0.2175	0.1515	0.1230	0.1184	0.0046	0.2460	0.0991	0.1469	0.0406	0.0287	0.0001	0.1714	0.1660	0.0056	0.0000	0.0001	0.0001	0.3715	0.6181	0.0173	1.0933	1.1350	0.0112	0.0106	0.0005	0.0175
16	58	0.1814	2	0	1	0	0	0	0	0	0	N	N	N	N	N	N	N	N	N	N	N	N	0.0539	0.0984	0.0761	0.1521	0.1797	0.0056	0.0233	0.0227	0.0840	0.0171	0.0120	0.0515	0.0299	0.0315	0.0023	0.0101	0.0000	0.0602	0.3167	0.1222	0.6778	0.1966	0.1752	0.4138	0.4348	0.0017	0.7162	0.6291	2.9897	-0.0005	0.0003	2.0840	16.5869	8.3569	24.5040	0.0070	0.0043	0.0027	0.0043	0.0043	0.0000	0.0027	0.0000	0.0027	0.4593	0.1151	0.3442	0.1413	0.1146	0.0267	0.3180	0.0005	0.3175	0.4088	0.3565	0.0523	0.1436	0.1358	0.0078	0.2652	0.2207	0.0445	1.4501	0.9423	0.5078	0.7188	0.6542	0.0645	0.7313	0.2880	0.4433	0.0539	0.0984	0.0761	0.1521	0.1797	0.0056	0.0233	0.0227	0.0840	0.3167	0.1222	0.6778	0.1966	0.1752	0.4138	0.4348	0.0017	0.7162
17	18	0.0918	3	1	2	0	0	0	0	0	0	N	Y	N	N	N	N	N	N	N	N	N	N	0.0000	0.0000	0.0000	0.0000	0.0000	0.0000	0.0000	0.0000	0.0000	0.0000	0.0000	0.0000	0.0000	0.0000	0.0000	0.0000	7.9226	0.0005	39.8965	0.0017	0.0018	0.0000	9.4396	0.0000	51.5897	28570.1429	0.0000	0.5024	6.0000	5.9999	10.0000	8.2406	0.0000	0.0000	0.0000	0.0000	0.0000	0.0000	0.0000	0.0000	0.0000	2.0000	0.0001	1.9999	0.0001	0.0001	0.0000	1.9999	0.0000	1.9999	0.2238	0.1943	0.0296	0.0039	0.0038	0.0001	0.2200	0.1905	0.0295	0.2524	0.1340	0.1185	0.0406	0.0386	0.0019	0.2119	0.0954	0.1165	0.0000	0.0000	0.0000	0.0000	0.0000	0.0000	0.0000	0.0000	0.0000	7.9226	0.0005	16.8833	0.0017	0.0018	0.0000	9.4396	0.0000	17.1651			
17	19	0.0770	2	1	1	0	0	0	0	0	0	N	N	N	N	N	N	N	N	N	N	N	N	0.1991	0.1326	0.0000	0.5010	0.4902	0.0000	0.0000	0.0043	0.0049	0.0000	0.0419	0.0420	0.0000	0.0000	0.0000	0.0000	0.0215	0.0367	0.0016	0.0836	0.0856	0.0000	0.0009	0.0000	0.0017	0.0000	0.0342	-0.0001	-0.0035	6.0000	0.9481	10.0000	8.0223	0.0002	0.0002	0.0000	0.0002	0.0002	0.0000	0.0000	0.0000	0.0000	0.0048	0.0047	0.0002	0.0047	0.0047	0.0000	0.0002	0.0000	0.0002	0.0444	0.0391	0.0054	0.0045	0.0045	0.0000	0.0399	0.0345	0.0053	0.2253	0.1276	0.0977	0.0560	0.0547	0.0013	0.1693	0.0729	0.0964	0.1991	0.1326	0.0000	0.5010	0.4902	0.0000	0.0000	0.0000	0.0000	0.0215	0.0367	0.0016	0.0836	0.0856	0.0000	0.0009	0.0000	0.0017		
17	22	0.0759	2	2	2	0	0	0	0	0	0	Y	Y	N	N	N	N	N	N	N	N	N	N	0.8628	600.0093	0.0000	0.6087	20.7922	0.0000	0.7027	inf	0.0000	1.1369	1.2916	0.0000	0.0833	0.0842	0.0000	1.4194	1.6678	0.0000	1.3177	0.0022	4.0967	0.1369	0.0041	6.7597	2.0200	0.0000	4.0982	0.0000	900.9333	-0.0572	0.0338	6.0000	1.8226	10.0000	1.1826	0.1233	0.1233	0.0000	0.0019	0.0019	0.0000	0.1214	0.1214	0.0000	0.1353	0.0001	0.1351	0.0052	0.0001	0.0051	0.1300	0.0000	0.1300	0.1085	0.0955	0.0130	0.0229	0.0227	0.0002	0.0855	0.0728	0.0127	0.1027	0.0697	0.0330	0.0383	0.0370	0.0013	0.0644	0.0326	0.0317	0.8628	600.0093	0.0000	0.6087	20.7922	0.0000	0.7027	inf	0.0000	1.3177	0.0022	4.0967	0.1369	0.0041	4.0571	2.0200	0.0000	4.0982
17	24	0.0753	3	1	1	1	0	0	0	0	0	N	N	N	N	N	N	N	N	N	N	N	N	0.0000	0.0000	0.0000	0.0000	0.0000	0.0000	0.0000	0.0000	0.0000	0.0000	0.0000	0.0000	0.0000	0.0000	0.0000	0.0000	0.0000	0.0000	0.0000	0.0000	6.0000	0.0000	10.0000	0.0000	0.0000	0.0000	0.0000	0.0000	0.0000	0.0000	0.0000	0.0000	0.0000	0.0000	0.0000	0.0000	0.0000	0.0000	0.0000	0.0000	0.0000	0.0000	0.0000	0.0000	0.0000	0.0000	0.0000	0.0000	0.0000	0.0000	0.0000	0.0000	0.0000	0.0000	0.0000	0.0000	0.0000	0.0000	0.0000	0.0000	0.0000	0.0000	0.0000	0.0000	0.0000	0.0000	0.0000	0.0000	0.0000	0.0000	0.0000	0.0000	0.0000	0.0000	0.0000	0.0000	0.0000	0.0000											
17	26	0.0554	2	2	1	1	0	0	0	0	0	Y	N	N	N	N	N	N	N	N	N	N	N	31.8955	118.3139	31.9108	124.0503	13.0310	0.0000	96.2519	0.0000	0.0000	0.0000	15.0785	0.0000	101.5239	0.4086	0.0000	0.8135	0.0000	0.0000	0.0000	0.4725	0.0000	0.8184	inf	inf	1.0705	0.0139	6.0000	4.5914	10.0000	6.1047	1.9978	0.0000	1.9978	0.0000	0.0000	0.0000	1.9978	0.0000	1.9978	0.0552	0.0000	0.0552	0.0000	0.0000	0.0000	0.0552	0.0000	0.0552	0.1533	0.1326	0.0208	0.0208	0.0197	0.0011	0.1325	0.1128	0.0197	0.1351	0.0672	0.0678	0.0183	0.0179	0.0004	0.1168	0.0494	0.0674	31.8955	0.0000	118.3139	0.0000	0.0000	0.0000	31.9108	0.0000	124.0503	0.4086	0.0000	0.8135	0.0000	0.0000	0.0000	0.4725	0.0000	0.8184					
17	29	0.0554	2	2	1	1	0	0	0	0	0	Y	N	N	N	N	N	N	N	N	N	N	N	0.0398	inf	0.0000	inf	inf	0.0000	0.0000	0.0257	0.0299	0.0000	0.1489	0.1559	0.0000	0.0000	0.0000	0.0000	0.6458	0.0000	1.3031	0.0000	0.0000	0.0000	0.7822	0.0000	1.3101	0.0000	inf	-0.0010	0.0139	6.0000	1.9609	10.0000	3.0643	0.0022	0.0022	0.0000	0.0022	0.0022	0.0000	0.0000	0.0000	0.0000	0.0552	0.0000	0.0552	0.0000	0.0000	0.0000	0.0552	0.0000	0.0552	0.0860	0.0740	0.0120	0.0148	0.0142	0.0007	0.0712	0.0598	0.0113	0.0854	0.0431	0.0423	0.0149	0.0147	0.0002	0.0705	0.0284	0.0421	0.0398	inf	0.0000	inf	inf	0.0000	0.0000	0.0000	0.0000	0.6458	0.0000	1.3031	0.0000	0.0000	0.0000	0.7822	0.0000	1.3101		
17	32	0.0753	3	1	2	0	0	0	0	0	0	N	Y	N	N	N	N	N	N	N	N	N	N	0.0000	0.0000	0.0000	0.0000	0.0000	0.0000	0.0000	0.0000	0.0000	0.0000	0.0000	0.0000	0.0000	0.0000	0.0000	0.0000	0.0000	0.0000	0.0000	0.0000	6.0000	0.0000	10.0000	4.0000	0.0000	0.0000	0.0000	0.0000	0.0000	0.0000	0.0000	0.0000	0.0000	0.0000	0.0000	0.0000	0.0000	0.0000	0.0000	0.0000	0.0000	0.0000	0.0000	0.0000	0.0000	0.0000	0.0000	0.0000	0.0000	0.0000	0.0000	0.0485	0.0222	0.0262	0.0018	0.0015	0.0003	0.0467	0.0207	0.0259	0.0000	0.0000	0.0000	0.0000	0.0000	0.0000	0.0000	0.0000	0.0000	0.0000	0.0000	0.0000	0.0000	0.0000	0.0000	0.0000	0.0000	0.0000											
17	33	0.0717	2	1	1	0	0	0	0	0	0	N	N	N	N	N	N	N	N	N	N	N	N	0.0000	0.0000	0.0000	0.0000	0.0000	0.0000	0.0000	0.0000	0.0000	0.0000	0.0000	0.0000	0.0000	0.0016	0.0033	0.0000	0.0240	0.0267	0.0000	0.0000	0.0000	0.0000	0.0000	0.0000	-0.0000	6.0000	0.0019	10.0000	1.9565	0.0000	0.0000	0.0000	0.0000	0.0000	0.0000	0.0000	0.0000	0.0000	0.0000	0.0000	0.0000	0.0000	0.0000	0.0000	0.0000	0.0000	0.0000	0.0002	0.0002	0.0000	0.0001	0.0001	0.0000	0.0001	0.0001	0.0000	0.0256	0.0120	0.0136	0.0017	0.0015	0.0002	0.0239	0.0105	0.0134	0.0000	0.0000	0.0000	0.0000	0.0000	0.0000	0.0000	0.0000	0.0000	0.0016	0.0033	0.0000	0.0240	0.0267	0.0000	0.0000	0.0000	0.0000						
17	34	0.0675	3	2	2	1	0	0	0	0	0	Y	Y	N	N	N	N	N	N	N	N	N	N	0.0000	0.0000	0.0000	0.0000	0.0000	0.0000	0.0000	0.0000	0.0000	0.0000	0.0000	0.0000	0.0000	0.0293	0.0000	0.0613	0.0000	0.0000	0.0000	0.0343	0.0000	0.0619	inf	0.0000	0.0008	6.0000	3.0034	10.0000	4.0042	0.0000	0.0000	0.0000	0.0000	0.0000	0.0000	0.0000	0.0000	0.0000	0.0032	0.0000	0.0032	0.0000	0.0000	0.0000	0.0032	0.0000	0.0032	0.1157	0.1016	0.0141	0.0082	0.0079	0.0002	0.1075	0.0937	0.0139	0.1086	0.0568	0.0519	0.0159	0.0154	0.0005	0.0927	0.0414	0.0513	0.0000	0.0000	0.0000	0.0000	0.0000	0.0000	0.0000	0.0000	0.0000	0.0293	0.0000	0.0613	0.0000	0.0000	0.0000	0.0343	0.0000	0.0619						
17	35	0.0675	3	2	2	1	0	0	0	0	0	Y	Y	N	N	N	N	N	N	N	N	N	N	0.0000	0.0000	0.0000	0.0000	0.0000	0.0000	0.0000	0.0000	0.0000	0.0000	0.0000	0.0000	0.0000	0.0263	0.0000	0.0547	0.0000	0.0000	0.0000	0.0305	0.0000	0.0552	inf	0.0000	0.0008	6.0000	4.4649	10.0000	3.5311	0.0000	0.0000	0.0000	0.0000	0.0000	0.0000	0.0000	0.0000	0.0000	0.0032	0.0000	0.0032	0.0000	0.0000	0.0000	0.0032	0.0000	0.0032	0.1661	0.1455	0.0207	0.0099	0.0096	0.0003	0.1562	0.1359	0.0203	0.1210	0.0629	0.0581	0.0169	0.0163	0.0006	0.1041	0.0466	0.0576	0.0000	0.0000	0.0000	0.0000	0.0000	0.0000	0.0000	0.0000	0.0000	0.0263	0.0000	0.0547	0.0000	0.0000	0.0000	0.0305	0.0000	0.0552						
17	36	0.0532	2	2	2	1	0	0	0	0	0	Y	Y	N	N	N	N	N	N	N	N	N	N	0.0000	0.0000	0.0000	0.0000	0.0000	0.0000	0.0000	0.0000	0.0000	0.0000	0.0000	0.0000	0.0000	0.0005	0.0011	0.0000	0.0044	0.0045	0.0000	0.0000	0.0000	0.0000	0.0000	0.0000	-0.0000	6.0000	1.6626	10.0000	6.4813	0.0000	0.0000	0.0000	0.0000	0.0000	0.0000	0.0000	0.0000	0.0000	0.0001	0.0001	0.0000	0.0001	0.0001	0.0000	0.0000	0.0000	0.0000	0.0585	0.0517	0.0068	0.0057	0.0056	0.0001	0.0528	0.0461	0.0067	0.1098	0.0559	0.0540	0.0135	0.0134	0.0002	0.0963	0.0425	0.0538	0.0000	0.0000	0.0000	0.0000	0.0000	0.0000	0.0000	0.0000	0.0000	0.0005	0.0011	0.0000	0.0044	0.0045	0.0000	0.0000	0.0000	0.0000						
17	37	0.0617	2	2	2	0	0	0	0	0	0	Y	Y	N	N	N	N	N	N	N	N	N	N	0.0000	0.0000	0.0000	0.0000	0.0000	0.0000	0.0000	0.0000	0.0000	0.0000	0.0000	0.0000	0.0000	0.0000	0.0000	3.3939	6.7306	0.0000	0.0089	0.0091	0.0000	3.9368	9.1812	0.0000	0.0000	0.0000	-0.7474	6.0000	5.8118	10.0000	10.8965	0.0000	0.0000	0.0000	0.0000	0.0000	0.0000	0.0000	0.0000	0.0000	0.9982	0.9982	0.0000	0.0004	0.0004	0.0000	0.9978	0.9978	0.0000	0.2269	0.1982	0.0287	0.0114	0.0112	0.0002	0.2155	0.1870	0.0285	0.2941	0.1483	0.1458	0.0407	0.0396	0.0010	0.2535	0.1087	0.1448	0.0000	0.0000	0.0000	0.0000	0.0000	0.0000	0.0000	0.0000	0.0000	3.3939	6.7306	0.0000	0.0089	0.0091	0.0000	3.9368	9.1812	0.0000				
17	39	0.0513	2	1	2	0	0	0	0	0	0	N	Y	N	N	N	N	N	N	N	N	N	N	0.0062	0.0232	0.0055	0.0234	0.0019	0.0000	0.0143	0.0000	0.0000	0.0000	0.0019	0.0000	0.0145	0.3041	0.0000	0.6172	0.0000	0.0000	0.0000	0.3516	0.0000	0.6224	inf	inf	0.0002	0.0118	6.0000	6.9653	10.0000	2.9126	0.0005	0.0000	0.0005	0.0000	0.0000	0.0000	0.0005	0.0000	0.0005	0.0469	0.0000	0.0469	0.0000	0.0000	0.0000	0.0469	0.0000	0.0469	0.2455	0.2133	0.0321	0.0090	0.0086	0.0005	0.2364	0.2048	0.0316	0.1542	0.0782	0.0760	0.0209	0.0202	0.0006	0.1333	0.0580	0.0753	0.0062	0.0000	0.0232	0.0000	0.0000	0.0000	0.0055	0.0000	0.0234	0.3041	0.0000	0.6172	0.0000	0.0000	0.0000	0.3516	0.0000	0.6224					
17	41	0.0717	2	1	1	1	0	0	0	0	0	N	N	N	N	N	N	N	N	N	N	N	N	0.0000	0.0000	0.0000	0.0000	0.0000	0.0000	0.0000	0.0000	0.0000	0.0000	0.0000	0.0000	0.0000	0.0008	0.0017	0.0000	0.0156	0.0180	0.0000	0.0000	0.0000	0.0000	0.0000	0.0000	-0.0000	6.0000	4.0003	10.0000	0.0531	0.0000	0.0000	0.0000	0.0000	0.0000	0.0000	0.0000	0.0000	0.0000	0.0000	0.0000	0.0000	0.0000	0.0000	0.0000	0.0000	0.0000	0.0000	0.1413	0.1232	0.0181	0.0179	0.0170	0.0009	0.1234	0.1063	0.0172	0.0507	0.0235	0.0273	0.0026	0.0022	0.0003	0.0482	0.0213	0.0269	0.0000	0.0000	0.0000	0.0000	0.0000	0.0000	0.0000	0.0000	0.0000	0.0008	0.0017	0.0000	0.0156	0.0180	0.0000	0.0000	0.0000	0.0000						
17	46	0.0532	2	2	1	1	0	0	0	0	0	Y	N	N	N	N	N	N	N	N	N	N	N	0.0000	0.0000	0.0000	0.0000	0.0000	0.0000	0.0000	0.0000	0.0000	0.0000	0.0000	0.0000	0.0000	0.0006	0.0012	0.0000	0.0045	0.0046	0.0000	0.0000	0.0000	0.0000	0.0000	0.0000	-0.0000	6.0000	1.8806	10.0000	4.9930	0.0000	0.0000	0.0000	0.0000	0.0000	0.0000	0.0000	0.0000	0.0000	0.0001	0.0001	0.0000	0.0001	0.0001	0.0000	0.0000	0.0000	0.0000	0.0651	0.0574	0.0077	0.0059	0.0058	0.0001	0.0591	0.0516	0.0076	0.0968	0.0499	0.0469	0.0133	0.0131	0.0001	0.0836	0.0368	0.0468	0.0000	0.0000	0.0000	0.0000	0.0000	0.0000	0.0000	0.0000	0.0000	0.0006	0.0012	0.0000	0.0045	0.0046	0.0000	0.0000	0.0000	0.0000						
17	51	0.0679	2	1	2	0	1	0	0	0	0	N	Y	N	N	N	N	N	N	N	N	N	N	0.0000	0.0000	0.0000	0.0000	0.0000	0.0000	0.0000	0.0000	0.0000	0.0000	0.0000	0.0000	0.0000	0.0708	0.0872	0.0000	0.1403	0.1453	0.0000	0.0000	0.0000	0.0000	0.0000	0.0000	-0.0126	6.0000	0.9739	10.0000	0.0244	0.0000	0.0000	0.0000	0.0000	0.0000	0.0000	0.0000	0.0000	0.0000	0.0168	0.0168	0.0000	0.0168	0.0168	0.0000	0.0000	0.0000	0.0000	0.2290	0.2134	0.0156	0.1013	0.1007	0.0007	0.1277	0.1127	0.0150	0.2374	0.1926	0.0448	0.1198	0.1156	0.0042	0.1177	0.0770	0.0407	0.0000	0.0000	0.0000	0.0000	0.0000	0.0000	0.0000	0.0000	0.0000	0.0708	0.0872	0.0000	0.1403	0.1453	0.0000	0.0000	0.0000	0.0000						
17	53	0.0759	2	2	2	0	0	0	0	0	0	Y	Y	N	N	N	N	N	N	N	N	N	N	0.0000	0.0000	0.0000	0.0000	0.0000	0.0000	0.0000	0.0000	0.0000	0.0000	0.0000	0.0000	0.0000	0.0845	0.0000	0.2291	0.0000	0.0000	0.0000	0.1224	0.0000	0.2380	inf	0.0000	0.0030	6.0000	1.0294	10.0000	5.0054	0.0000	0.0000	0.0000	0.0000	0.0000	0.0000	0.0000	0.0000	0.0000	0.0120	0.0000	0.0120	0.0000	0.0000	0.0000	0.0120	0.0000	0.0120	0.0804	0.0711	0.0093	0.0224	0.0222	0.0002	0.0579	0.0489	0.0091	0.1423	0.0898	0.0525	0.0440	0.0421	0.0020	0.0983	0.0478	0.0505	0.0000	0.0000	0.0000	0.0000	0.0000	0.0000	0.0000	0.0000	0.0000	0.0845	0.0000	0.2291	0.0000	0.0000	0.0000	0.1224	0.0000	0.2380						
17	58	0.2348	4	1	1	0	0	0	0	0	0	N	N	N	N	N	N	N	N	N	N	N	N	0.0226	0.0169	0.0355	0.0343	0.0000	0.0000	0.0048	0.0053	0.0000	0.0141	0.0145	0.0000	0.0000	0.0000	0.0000	0.2112	0.3150	0.0000	0.3959	0.4234	0.0000	0.0542	0.6447	0.0000	0.0000	0.0000	-0.0026	-0.2301	6.0000	16.5869	10.0000	24.5040	0.0056	0.0056	0.0000	0.0056	0.0056	0.0000	0.0000	0.0000	0.0000	0.3074	0.3074	0.0000	0.2647	0.2647	0.0000	0.0427	0.0427	0.0000	1.1706	1.0510	0.1196	0.3966	0.3844	0.0122	0.7740	0.6666	0.1074	1.4555	0.9757	0.4798	0.6686	0.6252	0.0434	0.7869	0.3505	0.4364	0.0226	0.0169	0.0000	0.0355	0.0343	0.0000	0.0000	0.0000	0.0000	0.2112	0.3150	0.0000	0.3959	0.4234	0.0000	0.0542	0.1217	0.0000			
18	20	0.1002	3	0	2	0	0	0	0	0	0	N	Y	N	N	N	N	N	N	N	N	N	N	0.0000	0.0000	0.0000	0.0000	0.0000	0.0000	0.0000	0.0000	0.0000	0.0000	0.0000	0.0000	0.0000	0.0005	0.0010	0.0000	0.0033	0.0035	0.0000	0.0000	0.0000	0.0000	0.0000	0.0000	-0.0001	5.9999	2.0000	8.2406	6.0000	0.0000	0.0000	0.0000	0.0000	0.0000	0.0000	0.0000	0.0000	0.0000	0.0001	0.0001	0.0000	0.0001	0.0001	0.0000	0.0000	0.0000	0.0000	0.0765	0.0664	0.0101	0.0013	0.0013	0.0000	0.0752	0.0651	0.0101	0.1311	0.0694	0.0616	0.0210	0.0200	0.0010	0.1101	0.0494	0.0606	0.0000	0.0000	0.0000	0.0000	0.0000	0.0000	0.0000	0.0000	0.0000	0.0005	0.0010	0.0000	0.0033	0.0035	0.0000	0.0000	0.0000	0.0000						
18	21	0.1002	3	0	2	0	0	0	0	0	0	N	Y	N	N	N	N	N	N	N	N	N	N	5.2444	3.2094	0.0000	0.0000	inf	inf	2.0087	2.3123	0.0000	0.0000	0.0000	0.0000	2.0437	2.3576	0.0000	0.3830	0.7205	0.0000	2.3774	2.4981	0.0000	0.0000	0.0000	0.0000	0.0000	0.0000	-0.4642	-0.1008	5.9999	14.0000	8.2406	9.0000	1.0000	1.0000	0.0000	0.0000	0.0000	0.0000	1.0000	1.0000	0.0000	0.1346	0.1346	0.0000	0.1346	0.1346	0.0000	0.0000	0.0000	0.0000	0.4978	0.4325	0.0654	0.0085	0.0083	0.0002	0.4893	0.4242	0.0652	0.3514	0.1868	0.1646	0.0566	0.0539	0.0027	0.2948	0.1329	0.1619	5.2444	3.2094	0.0000	0.0000	0.0000	0.0000	inf	inf	0.0000	0.3830	0.7205	0.0000	2.3774	2.4981	0.0000	0.0000	0.0000	0.0000			
18	22	0.1353	4	1	2	0	0	0	0	0	0	N	Y	N	N	N	N	N	N	N	N	N	N	0.0000	0.0000	0.0000	0.0000	0.0000	0.0000	0.0000	0.0000	0.0000	0.0000	0.0000	0.0000	0.0000	0.0000	0.0000	0.0000	0.0000	0.0000	0.0167	0.0240	0.0012	0.0162	0.0161	0.0189	0.0171	0.0350	0.0004	0.0236	0.0000	-0.0014	5.9999	1.8226	8.2406	1.1826	0.0000	0.0000	0.0000	0.0000	0.0000	0.0000	0.0000	0.0000	0.0000	0.0019	0.0018	0.0000	0.0007	0.0007	0.0000	0.0011	0.0011	0.0000	0.1103	0.0972	0.0131	0.0241	0.0239	0.0003	0.0861	0.0733	0.0128	0.1126	0.0765	0.0360	0.0462	0.0446	0.0016	0.0663	0.0320	0.0344	0.0000	0.0000	0.0000	0.0000	0.0000	0.0000	0.0000	0.0000	0.0000	0.0167	0.0240	0.0012	0.0162	0.0161	0.0189	0.0171	0.0350	0.0004	
18	23	0.1002	3	1	2	0	0	0	0	0	0	N	Y	N	N	N	N	N	N	N	N	N	N	0.0000	0.0000	0.0000	0.0000	0.0000	0.0000	0.0000	0.0000	0.0000	0.0000	0.0000	0.0000	0.0000	0.0000	0.0000	0.0000	0.0000	1.2242	2.2931	0.0044	7.5586	7.9471	0.0075	0.0024	0.0000	0.0043	0.0017	0.0000	-0.4637	5.9999	14.0000	8.2406	21.0000	0.0000	0.0000	0.0000	0.0000	0.0000	0.0000	0.0000	0.0000	0.0000	0.6207	0.6196	0.0010	0.6197	0.6196	0.0000	0.0010	0.0000	0.0010	0.4978	0.4325	0.0654	0.0085	0.0083	0.0002	0.4893	0.4242	0.0652	0.5070	0.2702	0.2368	0.0820	0.0780	0.0040	0.4250	0.1922	0.2327	0.0000	0.0000	0.0000	0.0000	0.0000	0.0000	0.0000	0.0000	0.0000	1.2242	2.2931	0.0044	7.5586	7.9471	0.0075	0.0024	0.0000	0.0043		
18	24	0.1347	5	0	1	1	0	0	0	0	0	N	N	N	N	N	N	N	N	N	N	N	N	0.0000	0.0000	0.0000	0.0000	0.0000	0.0000	0.0000	0.0000	0.0000	0.0000	0.0000	0.0000	0.0000	0.0000	0.0000	0.0000	0.0000	0.0000	0.0000	0.0000	5.9999	0.0000	8.2406	0.0000	0.0000	0.0000	0.0000	0.0000	0.0000	0.0000	0.0000	0.0000	0.0000	0.0000	0.0000	0.0000	0.0000	0.0000	0.0000	0.0000	0.0000	0.0000	0.0000	0.0000	0.0000	0.0000	0.0000	0.0000	0.0000	0.0000	0.0000	0.0000	0.0000	0.0000	0.0000	0.0000	0.0000	0.0000	0.0000	0.0000	0.0000	0.0000	0.0000	0.0000	0.0000	0.0000	0.0000	0.0000	0.0000	0.0000	0.0000	0.0000	0.0000	0.0000	0.0000	0.0000	0.0000	0.0000											
18	25	0.1002	3	0	2	0	0	0	0	0	0	N	Y	N	N	N	N	N	N	N	N	N	N	0.0000	0.0000	0.0000	0.0000	0.0000	0.0000	0.0000	0.0000	0.0000	0.0000	0.0000	0.0000	0.0000	1.6974	3.1922	0.0000	10.5325	11.0677	0.0000	0.0000	0.0000	0.0000	0.0000	0.0000	-0.4639	5.9999	12.0000	8.2406	12.0000	0.0000	0.0000	0.0000	0.0000	0.0000	0.0000	0.0000	0.0000	0.0000	0.6196	0.6196	0.0000	0.6196	0.6196	0.0000	0.0000	0.0000	0.0000	0.4317	0.3750	0.0568	0.0074	0.0072	0.0002	0.4243	0.3677	0.0566	0.3650	0.1941	0.1709	0.0588	0.0560	0.0028	0.3062	0.1381	0.1681	0.0000	0.0000	0.0000	0.0000	0.0000	0.0000	0.0000	0.0000	0.0000	1.6974	3.1922	0.0000	10.5325	11.0677	0.0000	0.0000	0.0000	0.0000						
18	26	0.1148	4	1	1	1	0	0	0	0	0	N	N	N	N	N	N	N	N	N	N	N	N	0.0000	0.0000	0.0000	0.0000	0.0000	0.0000	0.0000	0.0000	0.0000	0.0000	0.0000	0.0000	0.0000	0.0000	0.0000	0.0000	0.0000	0.0001	0.0000	0.0001	0.0003	0.0001	0.0070	0.0000	0.0000	0.0000	2.4405	0.0000	-0.0000	5.9999	4.5914	8.2406	6.1047	0.0000	0.0000	0.0000	0.0000	0.0000	0.0000	0.0000	0.0000	0.0000	0.0000	0.0000	0.0000	0.0000	0.0000	0.0000	0.0000	0.0000	0.0000	0.1558	0.1347	0.0211	0.0221	0.0210	0.0011	0.1337	0.1137	0.0200	0.1628	0.0941	0.0687	0.0422	0.0413	0.0010	0.1206	0.0528	0.0678	0.0000	0.0000	0.0000	0.0000	0.0000	0.0000	0.0000	0.0000	0.0000	0.0001	0.0000	0.0001	0.0003	0.0001	0.0070	0.0000	0.0000	0.0000		
18	27	0.1002	3	0	2	0	0	0	0	0	0	N	Y	N	N	N	N	N	N	N	N	N	N	0.0000	0.0000	0.0000	0.0000	0.0000	0.0000	0.0000	0.0000	0.0000	0.0000	0.0000	0.0000	0.0000	0.0000	0.0000	3.0882	0.0001	6.5900	0.0000	0.0000	0.0000	3.6809	0.0002	6.7009	49996.0000	0.0000	0.2512	5.9999	10.0000	8.2406	11.0000	0.0000	0.0000	0.0000	0.0000	0.0000	0.0000	0.0000	0.0000	0.0000	0.9999	0.0000	0.9999	0.0000	0.0000	0.0000	0.9999	0.0000	0.9999	0.3641	0.3161	0.0480	0.0063	0.0061	0.0001	0.3578	0.3100	0.0478	0.3238	0.1721	0.1517	0.0521	0.0496	0.0025	0.2717	0.1224	0.1492	0.0000	0.0000	0.0000	0.0000	0.0000	0.0000	0.0000	0.0000	0.0000	3.0882	0.0001	6.5900	0.0000	0.0000	0.0000	3.6809	0.0002	6.7009				
18	28	0.1002	3	0	2	0	1	0	0	0	0	N	Y	N	N	N	N	N	N	N	N	N	N	0.0000	0.0000	0.0000	0.0000	0.0000	0.0000	0.0000	0.0000	0.0000	0.0000	0.0000	0.0000	0.0000	0.4151	0.7811	0.0000	2.5779	2.7084	0.0000	0.0000	0.0000	0.0000	0.0000	0.0000	-0.1006	5.9999	13.0000	8.2406	8.0000	0.0000	0.0000	0.0000	0.0000	0.0000	0.0000	0.0000	0.0000	0.0000	0.1344	0.1344	0.0000	0.1344	0.1344	0.0000	0.0000	0.0000	0.0000	0.4650	0.4039	0.0611	0.0080	0.0078	0.0002	0.4570	0.3961	0.0609	0.3238	0.1721	0.1517	0.0521	0.0496	0.0025	0.2717	0.1224	0.1492	0.0000	0.0000	0.0000	0.0000	0.0000	0.0000	0.0000	0.0000	0.0000	0.4151	0.7811	0.0000	2.5779	2.7084	0.0000	0.0000	0.0000	0.0000						
18	29	0.1148	4	1	1	1	0	0	0	0	0	N	N	N	N	N	N	N	N	N	N	N	N	0.0000	0.0000	0.0000	0.0000	0.0000	0.0000	0.0000	0.0000	0.0000	0.0000	0.0000	0.0000	0.0000	0.0000	0.0000	0.0000	0.0000	0.0001	0.0001	0.0002	0.0004	0.0001	0.0124	0.0000	0.0000	0.0001	2.4405	0.0000	-0.0000	5.9999	1.9609	8.2406	3.0643	0.0000	0.0000	0.0000	0.0000	0.0000	0.0000	0.0000	0.0000	0.0000	0.0000	0.0000	0.0000	0.0000	0.0000	0.0000	0.0000	0.0000	0.0000	0.0873	0.0751	0.0122	0.0155	0.0148	0.0007	0.0718	0.0603	0.0115	0.1003	0.0578	0.0425	0.0280	0.0275	0.0005	0.0723	0.0304	0.0419	0.0000	0.0000	0.0000	0.0000	0.0000	0.0000	0.0000	0.0000	0.0000	0.0001	0.0001	0.0002	0.0004	0.0001	0.0124	0.0000	0.0000	0.0001		
18	30	0.1002	3	1	1	1	0	0	0	0	0	N	N	N	N	N	N	N	N	N	N	N	N	0.0000	0.0000	0.0000	0.0000	0.0000	0.0000	0.0000	0.0000	0.0000	0.0000	0.0000	0.0000	0.0000	0.0005	0.0009	0.0000	0.0031	0.0032	0.0000	0.0000	0.0000	0.0000	0.0000	0.0000	-0.0001	5.9999	4.4603	8.2406	5.0070	0.0000	0.0000	0.0000	0.0000	0.0000	0.0000	0.0000	0.0000	0.0000	0.0001	0.0001	0.0000	0.0001	0.0001	0.0000	0.0000	0.0000	0.0000	0.1680	0.1458	0.0222	0.0029	0.0028	0.0001	0.1651	0.1429	0.0222	0.1540	0.0816	0.0724	0.0247	0.0235	0.0012	0.1293	0.0581	0.0712	0.0000	0.0000	0.0000	0.0000	0.0000	0.0000	0.0000	0.0000	0.0000	0.0005	0.0009	0.0000	0.0031	0.0032	0.0000	0.0000	0.0000	0.0000						
18	31	0.1002	3	0	1	1	0	0	0	0	0	N	N	N	N	N	N	N	N	N	N	N	N	0.0000	0.0000	0.0000	0.0000	0.0000	0.0000	0.0000	0.0000	0.0000	0.0000	0.0000	0.0000	0.0000	0.0000	0.0000	0.0000	0.0000	0.0000	0.0000	0.0000	5.9999	6.0000	8.2406	13.0000	0.0000	0.0000	0.0000	0.0000	0.0000	0.0000	0.0000	0.0000	0.0000	0.0000	0.0000	0.0000	0.0000	0.0000	0.0000	0.0000	0.0000	0.0000	0.2238	0.1943	0.0296	0.0039	0.0038	0.0001	0.2200	0.1905	0.0295	0.2956	0.1570	0.1386	0.0476	0.0453	0.0023	0.2481	0.1117	0.1363	0.0000	0.0000	0.0000	0.0000	0.0000	0.0000	0.0000	0.0000	0.0000	0.0000	0.0000	0.0000	0.0000	0.0000	0.0000	0.0000	0.0000	0.0000											
18	32	0.1347	5	0	2	0	0	0	0	0	0	N	Y	N	N	N	N	N	N	N	N	N	N	0.0000	0.0000	0.0000	0.0000	0.0000	0.0000	0.0000	0.0000	0.0000	0.0000	0.0000	0.0000	0.0000	16.9859	30.6082	0.0000	0.0000	0.0000	0.0000	21.1268	46.0100	0.0000	0.0000	0.0000	-0.7487	5.9999	0.0000	8.2406	4.0000	0.0000	0.0000	0.0000	0.0000	0.0000	0.0000	0.0000	0.0000	0.0000	1.0000	1.0000	0.0000	0.0000	0.0000	0.0000	1.0000	1.0000	0.0000	0.0000	0.0000	0.0000	0.0000	0.0000	0.0000	0.0000	0.0000	0.0000	0.0589	0.0327	0.0262	0.0115	0.0109	0.0006	0.0473	0.0217	0.0256	0.0000	0.0000	0.0000	0.0000	0.0000	0.0000	0.0000	0.0000	0.0000	16.9859	30.6082	0.0000	0.0000	0.0000	0.0000	21.1268	46.0100	0.0000						
18	33	0.1311	4	0	1	0	0	0	0	0	0	N	N	N	N	N	N	N	N	N	N	N	N	0.0000	0.0000	0.0000	0.0000	0.0000	0.0000	0.0000	0.0000	0.0000	0.0000	0.0000	0.0000	0.0000	0.0000	0.0000	0.0000	0.0000	0.0001	0.0002	0.0000	0.0038	0.0000	0.0000	0.0000	inf	0.0000	0.0000	5.9999	0.0019	8.2406	1.9565	0.0000	0.0000	0.0000	0.0000	0.0000	0.0000	0.0000	0.0000	0.0000	0.0000	0.0000	0.0000	0.0000	0.0000	0.0000	0.0000	0.0000	0.0000	0.0002	0.0002	0.0000	0.0001	0.0001	0.0000	0.0001	0.0001	0.0000	0.0306	0.0171	0.0135	0.0065	0.0061	0.0003	0.0241	0.0109	0.0132	0.0000	0.0000	0.0000	0.0000	0.0000	0.0000	0.0000	0.0000	0.0000	0.0000	0.0000	0.0001	0.0002	0.0000	0.0038	0.0000	0.0000	0.0000				
18	34	0.1269	5	1	2	1	0	0	0	0	0	N	Y	N	N	N	N	N	N	N	N	N	N	93.7304	96.3106	0.0000	329.4689	453.1295	0.0000	0.0000	0.0000	0.0121	0.0138	0.0000	0.1526	0.1571	0.0000	0.0000	0.0000	0.0000	0.0001	0.0001	0.0001	0.0005	0.0003	0.0032	0.0000	0.0000	0.0000	0.0000	0.5443	-0.0007	-0.0000	5.9999	3.0034	8.2406	4.0042	0.0014	0.0014	0.0000	0.0014	0.0014	0.0000	0.0000	0.0000	0.0000	0.0000	0.0000	0.0000	0.0000	0.0000	0.0000	0.0000	0.0000	0.0000	0.1173	0.1031	0.0142	0.0093	0.0090	0.0003	0.1080	0.0940	0.0140	0.1222	0.0715	0.0508	0.0308	0.0295	0.0013	0.0915	0.0420	0.0495	93.7304	96.3106	0.0000	329.4689	453.1295	0.0000	0.0000	0.0000	0.0000	0.0001	0.0001	0.0001	0.0005	0.0003	0.0032	0.0000	0.0000	0.0000	
18	35	0.1269	5	1	2	1	0	0	0	0	0	N	Y	N	N	N	N	N	N	N	N	N	N	14610.9447	10774.2140	0.0000	1.0813	1.1574	0.0000	477154.1382	inf	0.0000	5.9276	6.7667	0.0000	0.0017	0.0018	0.0000	6.3652	7.3223	0.0000	0.0004	0.0006	0.0001	0.0016	0.0015	0.0028	0.0000	0.0000	0.0000	0.0000	0.1078	-0.4635	-0.0000	5.9999	4.4649	8.2406	3.5311	0.9986	0.9986	0.0000	0.0000	0.0000	0.0000	0.9986	0.9986	0.0000	0.0001	0.0001	0.0000	0.0001	0.0001	0.0000	0.0000	0.0000	0.0000	0.1685	0.1476	0.0209	0.0116	0.0112	0.0004	0.1569	0.1364	0.0205	0.1367	0.0797	0.0570	0.0339	0.0324	0.0014	0.1028	0.0473	0.0556	14610.9447	10774.2140	0.0000	1.0813	1.1574	0.0000	477154.1382	inf	0.0000	0.0004	0.0006	0.0001	0.0016	0.0015	0.0028	0.0000	0.0000	0.0000
18	36	0.1126	4	1	2	1	0	0	0	0	0	N	Y	N	N	N	N	N	N	N	N	N	N	0.0000	0.0000	0.0000	0.0000	0.0000	0.0000	0.0000	0.0000	0.0000	0.0000	0.0000	0.0000	0.0000	0.0000	0.0000	0.0064	0.0111	0.0000	0.0276	0.0281	0.0000	0.0001	0.0002	0.0000	0.0000	0.0000	-0.0006	5.9999	1.6626	8.2406	6.4813	0.0000	0.0000	0.0000	0.0000	0.0000	0.0000	0.0000	0.0000	0.0000	0.0008	0.0008	0.0000	0.0008	0.0008	0.0000	0.0000	0.0000	0.0000	0.0593	0.0524	0.0069	0.0062	0.0061	0.0001	0.0531	0.0463	0.0068	0.1271	0.0733	0.0538	0.0291	0.0286	0.0005	0.0980	0.0447	0.0533	0.0000	0.0000	0.0000	0.0000	0.0000	0.0000	0.0000	0.0000	0.0000	0.0064	0.0111	0.0000	0.0276	0.0281	0.0000	0.0001	0.0002	0.0000				
18	37	0.1211	4	1	2	0	0	0	0	0	0	N	Y	N	N	N	N	N	N	N	N	N	N	0.0000	0.0000	0.0000	0.0000	0.0000	0.0000	0.0000	0.0000	0.0000	0.0000	0.0000	0.0000	0.0000	0.0000	0.0000	0.0000	0.0000	0.0001	0.0000	0.0002	0.0002	0.0000	0.0046	0.0001	0.0000	0.0001	21.6938	0.0000	0.0000	5.9999	5.8118	8.2406	10.8965	0.0000	0.0000	0.0000	0.0000	0.0000	0.0000	0.0000	0.0000	0.0000	0.0000	0.0000	0.0000	0.0000	0.0000	0.0000	0.0000	0.0000	0.0000	0.2328	0.2038	0.0291	0.0158	0.0154	0.0004	0.2170	0.1884	0.0286	0.3348	0.1882	0.1467	0.0833	0.0801	0.0032	0.2516	0.1081	0.1435	0.0000	0.0000	0.0000	0.0000	0.0000	0.0000	0.0000	0.0000	0.0000	0.0001	0.0000	0.0002	0.0002	0.0000	0.0046	0.0001	0.0000	0.0001		
18	38	0.1002	3	1	2	0	0	0	0	0	0	N	Y	N	N	N	N	N	N	N	N	N	N	0.0000	0.0000	0.0000	0.0000	0.0000	0.0000	0.0000	0.0000	0.0000	0.0000	0.0000	0.0000	0.0000	0.0000	0.0000	0.0000	0.0000	0.0001	0.0003	0.0000	0.0008	0.0008	0.0000	0.0000	0.0000	0.0000	0.0004	0.0000	-0.0000	5.9999	5.2458	8.2406	8.3786	0.0000	0.0000	0.0000	0.0000	0.0000	0.0000	0.0000	0.0000	0.0000	0.0000	0.0000	0.0000	0.0000	0.0000	0.0000	0.0000	0.0000	0.0000	0.1966	0.1706	0.0260	0.0034	0.0033	0.0001	0.1932	0.1673	0.0259	0.2174	0.1153	0.1021	0.0349	0.0332	0.0017	0.1824	0.0821	0.1004	0.0000	0.0000	0.0000	0.0000	0.0000	0.0000	0.0000	0.0000	0.0000	0.0001	0.0003	0.0000	0.0008	0.0008	0.0000	0.0000	0.0000	0.0000		
18	39	0.1108	4	0	2	0	0	0	0	0	0	N	Y	N	N	N	N	N	N	N	N	N	N	0.0000	0.0000	0.0000	0.0000	0.0000	0.0000	0.0000	0.0000	0.0000	0.0000	0.0000	0.0000	0.0000	0.0000	0.0000	0.0000	0.0000	0.0000	0.0001	0.0001	0.0001	0.0004	0.0003	0.0015	0.0000	0.0000	0.0000	0.3064	0.0000	-0.0000	5.9999	6.9653	8.2406	2.9126	0.0000	0.0000	0.0000	0.0000	0.0000	0.0000	0.0000	0.0000	0.0000	0.0000	0.0000	0.0000	0.0000	0.0000	0.0000	0.0000	0.0000	0.0000	0.2492	0.2167	0.0325	0.0116	0.0111	0.0005	0.2375	0.2056	0.0319	0.1729	0.0992	0.0737	0.0429	0.0411	0.0018	0.1300	0.0580	0.0719	0.0000	0.0000	0.0000	0.0000	0.0000	0.0000	0.0000	0.0000	0.0000	0.0001	0.0001	0.0001	0.0004	0.0003	0.0015	0.0000	0.0000	0.0000	
18	40	0.1002	3	0	2	0	0	0	0	0	0	N	Y	N	N	N	N	N	N	N	N	N	N	0.0000	0.0000	0.0000	0.0000	0.0000	0.0000	0.0000	0.0000	0.0000	0.0000	0.0000	0.0000	0.0000	0.0005	0.0010	0.0000	0.0031	0.0033	0.0000	0.0000	0.0000	0.0000	0.0000	0.0000	-0.0001	5.9999	4.0410	8.2406	4.5605	0.0000	0.0000	0.0000	0.0000	0.0000	0.0000	0.0000	0.0000	0.0000	0.0001	0.0001	0.0000	0.0001	0.0001	0.0000	0.0000	0.0000	0.0000	0.1526	0.1324	0.0202	0.0026	0.0026	0.0001	0.1500	0.1298	0.0201	0.1405	0.0744	0.0661	0.0225	0.0215	0.0011	0.1180	0.0530	0.0650	0.0000	0.0000	0.0000	0.0000	0.0000	0.0000	0.0000	0.0000	0.0000	0.0005	0.0010	0.0000	0.0031	0.0033	0.0000	0.0000	0.0000	0.0000						
18	41	0.1311	4	0	1	1	0	0	0	0	0	N	N	N	N	N	N	N	N	N	N	N	N	0.0000	0.0000	0.0000	0.0000	0.0000	0.0000	0.0000	0.0000	0.0000	0.0000	0.0000	0.0000	0.0000	0.0000	0.0000	0.0000	0.0000	0.0000	0.0001	0.0000	0.0020	0.0000	0.0000	0.0000	inf	0.0000	0.0000	5.9999	4.0003	8.2406	0.0531	0.0000	0.0000	0.0000	0.0000	0.0000	0.0000	0.0000	0.0000	0.0000	0.0000	0.0000	0.0000	0.0000	0.0000	0.0000	0.0000	0.0000	0.0000	0.1452	0.1269	0.0183	0.0205	0.0195	0.0010	0.1247	0.1074	0.0174	0.0612	0.0340	0.0272	0.0124	0.0118	0.0007	0.0487	0.0222	0.0265	0.0000	0.0000	0.0000	0.0000	0.0000	0.0000	0.0000	0.0000	0.0000	0.0000	0.0000	0.0000	0.0001	0.0000	0.0020	0.0000	0.0000	0.0000				
18	42	0.1002	3	0	1	0	0	0	0	0	0	N	N	N	N	N	N	N	N	N	N	N	N	0.0000	0.0000	0.0000	0.0000	0.0000	0.0000	0.0000	0.0000	0.0000	0.0000	0.0000	0.0000	0.0000	0.0000	0.0000	0.0000	0.0000	0.0000	0.0000	0.0000	0.0000	0.0000	0.0000	0.0000	-0.0000	5.9999	8.9997	8.2406	11.0444	0.0000	0.0000	0.0000	0.0000	0.0000	0.0000	0.0000	0.0000	0.0000	0.0000	0.0000	0.0000	0.0000	0.0000	0.0000	0.0000	0.0000	0.0000	0.3296	0.2862	0.0435	0.0057	0.0055	0.0001	0.3240	0.2807	0.0433	0.3104	0.1649	0.1455	0.0500	0.0476	0.0024	0.2604	0.1174	0.1431	0.0000	0.0000	0.0000	0.0000	0.0000	0.0000	0.0000	0.0000	0.0000	0.0000	0.0000	0.0000	0.0000	0.0000	0.0000	0.0000	0.0000	0.0000						
18	43	0.1002	3	1	2	1	0	0	0	0	0	N	Y	N	N	N	N	N	N	N	N	N	N	27578.3293	16885.5402	129404.3077	126117.0555	inf	inf	5.5014	6.3361	0.0000	160.2291	164.0838	0.0000	2.7988	3.2305	0.0000	0.0002	0.0004	0.0000	0.0012	0.0013	0.0000	0.0000	0.0000	0.0000	0.0000	0.0000	-0.9283	-0.0001	5.9999	10.0000	8.2406	13.0000	2.0000	2.0000	0.0000	1.0000	1.0000	0.0000	1.0000	1.0000	0.0000	0.0001	0.0001	0.0000	0.0001	0.0001	0.0000	0.0000	0.0000	0.0000	0.3635	0.3156	0.0479	0.0062	0.0061	0.0001	0.3573	0.3095	0.0477	0.3509	0.1865	0.1644	0.0565	0.0538	0.0027	0.2944	0.1327	0.1616	27578.3293	16885.5402	0.0000	129404.3077	126117.0555	0.0000	inf	inf	0.0000	0.0002	0.0004	0.0000	0.0012	0.0013	0.0000	0.0000	0.0000	0.0000			
18	44	0.1002	3	0	2	0	0	0	0	0	0	N	Y	N	N	N	N	N	N	N	N	N	N	8.1186	5.0028	0.0000	0.0000	0.0000	1053.4565	inf	0.0000	3.3920	3.9076	0.0000	0.0000	0.0000	0.0000	3.4513	3.9847	0.0000	0.4178	0.7811	0.0059	2.5779	2.7084	0.0000	0.0033	0.0000	0.0060	0.0000	0.0066	-0.4642	-0.1004	5.9999	8.0000	8.2406	13.0000	1.0000	1.0000	0.0000	0.0000	0.0000	0.0000	1.0000	1.0000	0.0000	0.1353	0.1344	0.0009	0.1344	0.1344	0.0000	0.0009	0.0000	0.0009	0.2948	0.2559	0.0389	0.0051	0.0050	0.0001	0.2897	0.2510	0.0388	0.3238	0.1721	0.1517	0.0521	0.0496	0.0025	0.2717	0.1224	0.1492	8.1186	5.0028	0.0000	0.0000	0.0000	0.0000	1053.4565	inf	0.0000	0.4178	0.7811	0.0059	2.5779	2.7084	0.0000	0.0033	0.0000	0.0060	
18	45	0.1002	3	0	2	0	0	0	0	0	0	N	Y	N	N	N	N	N	N	N	N	N	N	0.0000	0.0000	0.0000	0.0000	0.0000	0.0000	0.0000	0.0000	0.0000	0.0000	0.0000	0.0000	0.0000	0.0000	0.0000	2.9615	0.0001	6.3211	0.0000	0.0000	0.0000	3.5300	0.0002	6.4277	49998.5000	0.0000	0.2512	5.9999	10.0000	8.2406	12.0000	0.0000	0.0000	0.0000	0.0000	0.0000	0.0000	0.0000	0.0000	0.0000	1.0000	0.0000	1.0000	0.0000	0.0000	0.0000	1.0000	0.0000	1.0000	0.3641	0.3161	0.0480	0.0063	0.0061	0.0001	0.3578	0.3100	0.0478	0.3377	0.1795	0.1582	0.0544	0.0518	0.0026	0.2833	0.1277	0.1556	0.0000	0.0000	0.0000	0.0000	0.0000	0.0000	0.0000	0.0000	0.0000	2.9615	0.0001	6.3211	0.0000	0.0000	0.0000	3.5300	0.0002	6.4277				
18	46	0.1126	4	1	1	1	0	0	0	0	0	N	N	N	N	N	N	N	N	N	N	N	N	0.0000	0.0000	0.0000	0.0000	0.0000	0.0000	0.0000	0.0000	0.0000	0.0000	0.0000	0.0000	0.0000	0.0000	0.0000	0.0000	0.0005	0.0009	0.0000	0.0023	0.0023	0.0000	0.0000	0.0000	0.0000	0.0000	0.0000	-0.0000	5.9999	1.8806	8.2406	4.9930	0.0000	0.0000	0.0000	0.0000	0.0000	0.0000	0.0000	0.0000	0.0000	0.0001	0.0001	0.0000	0.0001	0.0001	0.0000	0.0000	0.0000	0.0000	0.0660	0.0582	0.0078	0.0065	0.0064	0.0001	0.0595	0.0518	0.0076	0.1111	0.0645	0.0466	0.0264	0.0259	0.0004	0.0848	0.0386	0.0462	0.0000	0.0000	0.0000	0.0000	0.0000	0.0000	0.0000	0.0000	0.0000	0.0005	0.0009	0.0000	0.0023	0.0023	0.0000	0.0000	0.0000	0.0000			
18	47	0.1002	3	1	1	1	0	0	0	0	0	N	N	N	N	N	N	N	N	N	N	N	N	0.0000	0.0000	0.0000	0.0000	0.0000	0.0000	0.0000	0.0000	0.0000	0.0000	0.0000	0.0000	0.0000	0.0000	0.0000	0.0000	0.0000	0.0077	0.0116	0.0033	0.0000	0.0000	0.0000	0.0091	0.0162	0.0033	0.2500	0.0000	-0.0004	5.9999	2.1193	8.2406	4.2095	0.0000	0.0000	0.0000	0.0000	0.0000	0.0000	0.0000	0.0000	0.0000	0.0008	0.0006	0.0002	0.0000	0.0000	0.0000	0.0008	0.0006	0.0002	0.0810	0.0703	0.0107	0.0014	0.0014	0.0000	0.0796	0.0689	0.0107	0.1045	0.0553	0.0492	0.0167	0.0160	0.0008	0.0878	0.0394	0.0484	0.0000	0.0000	0.0000	0.0000	0.0000	0.0000	0.0000	0.0000	0.0000	0.0077	0.0116	0.0033	0.0000	0.0000	0.0000	0.0091	0.0162	0.0033		
18	48	0.1002	3	0	2	0	1	0	0	0	0	N	Y	N	N	N	N	N	N	N	N	N	N	7222.5922	inf	0.0000	0.0000	0.0000	7703.0978	inf	0.0000	2.5119	2.8926	0.0000	0.0000	0.0000	0.0000	2.5557	2.9495	0.0000	0.0003	0.0000	0.0007	0.0004	0.0000	0.0089	0.0003	0.0000	0.0006	0.0000	inf	-0.4642	0.0000	5.9999	11.0000	8.2406	18.0000	1.0000	1.0000	0.0000	0.0000	0.0000	0.0000	1.0000	1.0000	0.0000	0.0002	0.0000	0.0002	0.0000	0.0000	0.0000	0.0001	0.0000	0.0001	0.3981	0.3457	0.0524	0.0068	0.0067	0.0002	0.3913	0.3390	0.0522	0.4313	0.2296	0.2017	0.0696	0.0662	0.0034	0.3617	0.1634	0.1983	7222.5922	inf	0.0000	0.0000	0.0000	0.0000	7703.0978	inf	0.0000	0.0003	0.0000	0.0007	0.0004	0.0000	0.0089	0.0003	0.0000	0.0006	
18	49	0.1002	3	0	2	0	0	0	0	0	0	N	Y	N	N	N	N	N	N	N	N	N	N	0.0000	0.0000	0.0000	0.0000	0.0000	0.0000	0.0000	0.0000	0.0000	0.0000	0.0000	0.0000	0.0000	0.0000	0.0000	0.0000	0.0000	0.0000	0.0000	0.0000	5.9999	6.0000	8.2406	11.0000	0.0000	0.0000	0.0000	0.0000	0.0000	0.0000	0.0000	0.0000	0.0000	0.0000	0.0000	0.0000	0.0000	0.0000	0.0000	0.0000	0.0000	0.0000	0.2238	0.1943	0.0296	0.0039	0.0038	0.0001	0.2200	0.1905	0.0295	0.2670	0.1417	0.1252	0.0429	0.0409	0.0021	0.2240	0.1009	0.1232	0.0000	0.0000	0.0000	0.0000	0.0000	0.0000	0.0000	0.0000	0.0000	0.0000	0.0000	0.0000	0.0000	0.0000	0.0000	0.0000	0.0000	0.0000											
18	51	0.1273	4	0	2	0	1	0	0	0	0	N	Y	N	N	N	N	N	N	N	N	N	N	0.0000	0.0000	0.0000	0.0000	0.0000	0.0000	0.0000	0.0000	0.0000	0.0000	0.0000	0.0000	0.0000	0.0000	0.0000	0.0000	0.0000	0.0000	0.0000	0.0000	0.0000	0.0000	0.0000	0.0000	0.0000	0.0000	26.4745	0.0000	0.0000	5.9999	0.9739	8.2406	0.0244	0.0000	0.0000	0.0000	0.0000	0.0000	0.0000	0.0000	0.0000	0.0000	0.0000	0.0000	0.0000	0.0000	0.0000	0.0000	0.0000	0.0000	0.0000	0.2316	0.2155	0.0161	0.1032	0.1021	0.0011	0.1284	0.1134	0.0150	0.3189	0.2307	0.0882	0.1641	0.1572	0.0069	0.1548	0.0735	0.0813	0.0000	0.0000	0.0000	0.0000	0.0000	0.0000	0.0000	0.0000	0.0000	0.0000	0.0000	0.0000	0.0000	0.0000	0.0000	0.0000	0.0000	0.0000		
18	52	0.1002	3	0	2	0	1	0	0	0	0	N	Y	N	N	N	N	N	N	N	N	N	N	0.0004	0.0003	0.0000	0.0030	0.0030	0.0000	0.0098	0.1150	0.0000	0.0001	0.0001	0.0000	0.0048	0.0049	0.0000	0.0000	0.0000	0.0000	0.2569	0.4795	0.0049	1.5824	1.6622	0.0000	0.0029	0.0003	0.0050	0.0000	0.0090	-0.0000	-0.0539	5.9999	10.0170	8.2406	8.1377	0.0000	0.0000	0.0000	0.0000	0.0000	0.0000	0.0000	0.0000	0.0000	0.0729	0.0722	0.0006	0.0722	0.0722	0.0000	0.0007	0.0000	0.0006	0.3647	0.3166	0.0480	0.0063	0.0061	0.0001	0.3584	0.3105	0.0479	0.2836	0.1506	0.1330	0.0456	0.0434	0.0022	0.2380	0.1072	0.1308	0.0004	0.0003	0.0000	0.0030	0.0030	0.0000	0.0098	0.1150	0.0000	0.2569	0.4795	0.0049	1.5824	1.6622	0.0000	0.0029	0.0003	0.0050
18	53	0.1353	4	1	2	0	0	0	0	0	0	N	Y	N	N	N	N	N	N	N	N	N	N	0.0000	0.0000	0.0000	0.0000	0.0000	0.0000	0.0000	0.0000	0.0000	0.0000	0.0000	0.0000	0.0000	0.0000	0.0000	0.0000	0.0000	0.0000	0.0107	0.0165	0.0000	0.0101	0.0105	0.0000	0.0111	0.0233	0.0000	0.0000	0.0000	-0.0013	5.9999	1.0294	8.2406	5.0054	0.0000	0.0000	0.0000	0.0000	0.0000	0.0000	0.0000	0.0000	0.0000	0.0017	0.0017	0.0000	0.0006	0.0006	0.0000	0.0011	0.0011	0.0000	0.0814	0.0721	0.0093	0.0231	0.0229	0.0002	0.0583	0.0492	0.0091	0.1593	0.1039	0.0555	0.0585	0.0558	0.0026	0.1009	0.0480	0.0528	0.0000	0.0000	0.0000	0.0000	0.0000	0.0000	0.0000	0.0000	0.0000	0.0107	0.0165	0.0000	0.0101	0.0105	0.0000	0.0111	0.0233	0.0000	
18	54	0.1002	3	1	2	0	0	0	0	0	0	N	Y	N	N	N	N	N	N	N	N	N	N	0.0000	0.0000	0.0000	0.0000	0.0000	0.0000	0.0000	0.0000	0.0000	0.0000	0.0000	0.0000	0.0000	0.0000	0.0000	0.0000	0.0000	3.3318	6.2675	0.0011	2.4472	2.5713	0.0000	3.5017	7.7656	0.0011	0.0002	0.0000	-0.8482	5.9999	7.2033	8.2406	14.9709	0.0000	0.0000	0.0000	0.0000	0.0000	0.0000	0.0000	0.0000	0.0000	1.1331	1.1329	0.0002	0.1340	0.1340	0.0000	0.9990	0.9988	0.0002	0.2667	0.2315	0.0352	0.0046	0.0045	0.0001	0.2622	0.2270	0.0351	0.3401	0.1808	0.1593	0.0548	0.0521	0.0026	0.2853	0.1286	0.1567	0.0000	0.0000	0.0000	0.0000	0.0000	0.0000	0.0000	0.0000	0.0000	3.3318	6.2675	0.0011	2.4472	2.5713	0.0000	3.5017	7.7656	0.0011		
18	55	0.0640	2	0	1	0	0	0	0	0	0	N	N	N	N	N	N	N	N	N	N	N	N	20.3017	0.0000	67.5987	0.0000	0.0000	0.0000	14.7231	0.0000	68.4406	5.7662	0.0000	41.7675	0.0000	0.0000	0.0000	6.1038	0.0000	41.9787	0.2840	0.0088	0.6179	0.0275	0.0144	1.1247	0.4146	0.0000	0.6134	inf	58.1770	0.5357	0.0439	5.9999	4.2136	8.2406	14.8238	0.9998	0.0000	0.9998	0.0000	0.0000	0.0000	0.9998	0.0000	0.9998	0.1874	0.0032	0.1842	0.0061	0.0032	0.0030	0.1813	0.0000	0.1813	0.1734	0.1495	0.0239	0.0096	0.0095	0.0001	0.1638	0.1400	0.0238	0.6599	0.3617	0.2982	0.2226	0.2199	0.0026	0.4373	0.1417	0.2956	20.3017	0.0000	67.5987	0.0000	0.0000	0.0000	14.7231	0.0000	68.4406	0.2840	0.0088	0.6179	0.0275	0.0144	1.1247	0.4146	0.0000	0.6134
18	58	0.2217	4	0	1	0	0	0	0	0	0	N	N	N	N	N	N	N	N	N	N	N	N	0.0111	0.0113	0.0000	0.0183	0.0198	0.0000	0.0000	0.0000	0.0005	0.0006	0.0000	0.0014	0.0015	0.0000	0.0000	0.0000	0.0000	0.0448	0.0494	0.0360	0.0762	0.0739	0.1053	0.0162	0.0000	0.0280	0.0000	0.3714	-0.0003	-0.0370	5.9999	16.5869	8.2406	24.5040	0.0006	0.0006	0.0000	0.0006	0.0006	0.0000	0.0000	0.0000	0.0000	0.0774	0.0564	0.0209	0.0627	0.0564	0.0063	0.0146	0.0000	0.0146	1.2286	1.0970	0.1317	0.4372	0.4158	0.0214	0.7914	0.6811	0.1103	1.7250	1.1426	0.5824	0.8229	0.7630	0.0599	0.9021	0.3796	0.5225	0.0111	0.0113	0.0000	0.0183	0.0198	0.0000	0.0000	0.0000	0.0000	0.0448	0.0494	0.0360	0.0762	0.0739	0.1053	0.0162	0.0000	0.0280	
19	20	0.0510	2	0	1	0	0	0	0	0	0	N	N	N	N	N	N	N	N	N	N	N	N	0.0000	0.0000	0.0000	0.0000	0.0000	0.0000	0.0000	0.0000	0.0000	0.0000	0.0000	0.0000	0.0000	0.0000	0.0000	0.0000	0.0103	0.0171	0.0014	0.0391	0.0401	0.0000	0.0008	0.0000	0.0014	0.0619	0.0000	-0.0008	0.9481	2.0000	8.0223	6.0000	0.0000	0.0000	0.0000	0.0000	0.0000	0.0000	0.0000	0.0000	0.0000	0.0012	0.0011	0.0001	0.0011	0.0011	0.0000	0.0001	0.0000	0.0001	0.0152	0.0133	0.0018	0.0015	0.0015	0.0000	0.0136	0.0118	0.0018	0.1167	0.0660	0.0507	0.0289	0.0282	0.0007	0.0878	0.0378	0.0500	0.0000	0.0000	0.0000	0.0000	0.0000	0.0000	0.0000	0.0000	0.0000	0.0103	0.0171	0.0014	0.0391	0.0401	0.0000	0.0008	0.0000	0.0014			
19	21	0.0510	2	0	1	0	0	0	0	0	0	N	N	N	N	N	N	N	N	N	N	N	N	0.0031	0.0038	0.0000	0.0142	0.0140	0.0000	0.0000	0.0000	0.0000	0.0024	0.0028	0.0000	0.0235	0.0236	0.0000	0.0000	0.0000	0.0000	0.7773	0.7293	0.8400	1.6527	1.6878	0.2345	0.4863	0.0082	0.8486	0.0000	0.8797	-0.0001	-0.0686	0.9481	14.0000	8.0223	9.0000	0.0002	0.0002	0.0000	0.0002	0.0002	0.0000	0.0000	0.0000	0.0000	0.2443	0.1300	0.1143	0.1296	0.1291	0.0004	0.1147	0.0008	0.1139	0.0990	0.0871	0.0118	0.0102	0.0102	0.0000	0.0887	0.0769	0.0118	0.3143	0.1782	0.1361	0.0784	0.0765	0.0019	0.2359	0.1017	0.1342	0.0031	0.0038	0.0000	0.0142	0.0140	0.0000	0.0000	0.0000	0.0000	0.7773	0.7293	0.8400	1.6527	1.6878	0.2345	0.4863	0.0082	0.8486
19	22	0.0861	3	1	1	0	0	0	0	0	0	N	N	N	N	N	N	N	N	N	N	N	N	0.0224	0.0324	0.0078	0.0731	0.0709	0.2526	0.0009	0.0094	0.0019	0.0014	0.0015	0.0008	0.0053	0.0051	0.0217	0.0000	0.0000	0.0002	0.0619	0.0453	0.0968	0.0732	0.0726	0.0858	0.0533	0.0025	0.0974	0.0662	1.0154	-0.0000	-0.0014	0.9481	1.8226	8.0223	1.1826	0.0000	0.0000	0.0000	0.0000	0.0000	0.0000	0.0000	0.0000	0.0000	0.0055	0.0027	0.0028	0.0028	0.0027	0.0001	0.0027	0.0001	0.0026	0.0204	0.0181	0.0023	0.0052	0.0051	0.0001	0.0153	0.0130	0.0023	0.0891	0.0604	0.0287	0.0385	0.0369	0.0016	0.0507	0.0236	0.0271	0.0224	0.0324	0.0078	0.0731	0.0709	0.2526	0.0009	0.0094	0.0019	0.0619	0.0453	0.0968	0.0732	0.0726	0.0858	0.0533	0.0025	0.0974
19	23	0.0510	2	1	1	0	0	0	0	0	0	N	N	N	N	N	N	N	N	N	N	N	N	0.0007	0.0013	0.0000	0.0320	0.0340	0.0000	0.0000	0.0000	0.0000	0.0026	0.0030	0.0000	0.0255	0.0255	0.0000	0.0000	0.0000	0.0000	3.7322	2.2291	5.7094	0.7953	0.7506	3.9990	4.7152	3.3476	5.7540	0.0000	1.9473	-0.0001	-0.1495	0.9481	14.0000	8.0223	21.0000	0.0003	0.0003	0.0000	0.0003	0.0003	0.0000	0.0000	0.0000	0.0000	1.6986	0.5763	1.1223	0.0908	0.0836	0.0072	1.6079	0.4928	1.1151	0.0990	0.0871	0.0118	0.0102	0.0102	0.0000	0.0887	0.0769	0.0118	0.4551	0.2586	0.1966	0.1141	0.1114	0.0028	0.3410	0.1472	0.1938	0.0007	0.0013	0.0000	0.0320	0.0340	0.0000	0.0000	0.0000	0.0000	3.7322	2.2291	5.7094	0.7953	0.7506	2.5933	4.7152	3.3476	5.7540
19	24	0.0855	4	0	0	1	0	0	0	0	0	N	N	N	N	N	N	N	N	N	N	N	N	0.0000	0.0000	0.0000	0.0000	0.0000	0.0000	0.0000	0.0000	0.0000	0.0000	0.0000	0.0000	0.0000	0.0000	0.0000	0.0000	0.0000	0.0000	0.0000	0.0000	0.9481	0.0000	8.0223	0.0000	0.0000	0.0000	0.0000	0.0000	0.0000	0.0000	0.0000	0.0000	0.0000	0.0000	0.0000	0.0000	0.0000	0.0000	0.0000	0.0000	0.0000	0.0000	0.0000	0.0000	0.0000	0.0000	0.0000	0.0000	0.0000	0.0000	0.0000	0.0000	0.0000	0.0000	0.0000	0.0000	0.0000	0.0000	0.0000	0.0000	0.0000	0.0000	0.0000	0.0000	0.0000	0.0000	0.0000	0.0000	0.0000	0.0000	0.0000	0.0000	0.0000	0.0000	0.0000	0.0000	0.0000	0.0000											
19	25	0.0510	2	0	1	0	0	0	0	0	0	N	N	N	N	N	N	N	N	N	N	N	N	0.0024	0.0090	0.0000	0.0384	0.0385	0.0000	0.0000	0.0000	0.0000	0.0043	0.0049	0.0000	0.0419	0.0420	0.0000	0.0000	0.0000	0.0000	1.8245	0.5457	3.4995	1.0921	1.0921	1.0910	2.0681	0.6767	3.5335	0.0000	4.8962	-0.0002	0.0487	0.9481	12.0000	8.0223	12.0000	0.0004	0.0004	0.0000	0.0004	0.0004	0.0000	0.0000	0.0000	0.0000	0.5958	0.1011	0.4948	0.0890	0.0869	0.0021	0.5068	0.0142	0.4926	0.0858	0.0755	0.0103	0.0088	0.0088	0.0000	0.0770	0.0667	0.0103	0.3266	0.1852	0.1414	0.0815	0.0795	0.0020	0.2451	0.1057	0.1394	0.0024	0.0090	0.0000	0.0384	0.0385	0.0000	0.0000	0.0000	0.0000	1.8245	0.5457	3.4995	1.0921	1.0921	1.0910	2.0681	0.1344	3.5335
19	26	0.0656	3	1	0	1	0	0	0	0	0	N	N	N	N	N	N	N	N	N	N	N	N	0.1055	0.0672	0.7191	0.1756	0.1797	0.3758	0.2094	108.9912	0.7380	0.0059	0.0058	0.0066	0.0294	0.0305	0.0037	0.0011	0.0000	0.0068	0.0561	0.0865	0.0092	0.1672	0.1698	0.0099	0.0052	0.0000	0.0092	0.1797	0.0690	-0.0001	-0.0053	0.9481	4.5914	8.0223	6.1047	0.0002	0.0001	0.0000	0.0001	0.0001	0.0000	0.0000	0.0000	0.0000	0.0078	0.0073	0.0005	0.0073	0.0073	0.0000	0.0005	0.0000	0.0005	0.0272	0.0235	0.0037	0.0047	0.0045	0.0002	0.0226	0.0191	0.0035	0.1392	0.0845	0.0547	0.0438	0.0431	0.0007	0.0954	0.0414	0.0540	0.1055	0.0672	0.7191	0.1756	0.1797	0.3758	0.2094	108.9912	0.7380	0.0561	0.0865	0.0092	0.1672	0.1698	0.0099	0.0052	0.0000	0.0092
19	27	0.0510	2	0	1	0	0	0	0	0	0	N	N	N	N	N	N	N	N	N	N	N	N	0.1648	0.1076	0.0000	5.0364	4.9273	0.0000	0.0000	0.0000	0.0039	0.0044	0.0000	0.0377	0.0378	0.0000	0.0000	0.0000	0.0000	0.0235	0.0409	0.0007	0.0075	0.0077	0.0000	0.0288	0.4926	0.0007	0.0000	0.0134	-0.0001	-0.0050	0.9481	10.0000	8.0223	11.0000	0.0003	0.0003	0.0000	0.0003	0.0003	0.0000	0.0000	0.0000	0.0000	0.0068	0.0067	0.0001	0.0005	0.0005	0.0000	0.0063	0.0062	0.0001	0.0723	0.0636	0.0087	0.0074	0.0074	0.0000	0.0649	0.0562	0.0087	0.2894	0.1640	0.1254	0.0721	0.0704	0.0017	0.2173	0.0936	0.1236	0.1648	0.1076	0.0000	5.0364	4.9273	0.0000	0.0000	0.0000	0.0000	0.0235	0.0409	0.0007	0.0075	0.0077	0.0000	0.0288	0.0659	0.0007	
19	28	0.0510	2	0	1	0	1	0	0	0	0	N	N	N	N	N	N	N	N	N	N	N	N	0.0044	0.0053	0.0000	0.0199	0.0195	0.0000	0.0000	0.0000	0.0000	0.0037	0.0042	0.0000	0.0357	0.0358	0.0000	0.0000	0.0000	0.0000	0.8432	0.7922	0.9100	1.7962	1.8343	0.2552	0.5269	0.0089	0.9193	0.0000	0.8781	-0.0002	-0.0686	0.9481	13.0000	8.0223	8.0000	0.0003	0.0003	0.0000	0.0003	0.0003	0.0000	0.0000	0.0000	0.0000	0.2440	0.1299	0.1141	0.1295	0.1291	0.0004	0.1145	0.0008	0.1137	0.0924	0.0813	0.0111	0.0095	0.0095	0.0000	0.0829	0.0718	0.0110	0.2894	0.1640	0.1254	0.0721	0.0704	0.0017	0.2173	0.0936	0.1236	0.0044	0.0053	0.0000	0.0199	0.0195	0.0000	0.0000	0.0000	0.0000	0.8432	0.7922	0.9100	1.7962	1.8343	0.2552	0.5269	0.0089	0.9193
19	29	0.0656	3	1	0	1	0	0	0	0	0	N	N	N	N	N	N	N	N	N	N	N	N	3.0283	3.1148	3.0831	6.8863	7.3189	0.3173	0.9839	126.2802	3.3292	0.0106	0.0105	0.0115	0.0446	0.0462	0.0054	0.0020	0.0001	0.0119	0.0035	0.0034	0.0037	0.0065	0.0063	0.0170	0.0021	0.0000	0.0036	0.1797	0.7275	-0.0001	-0.0001	0.9481	1.9609	8.0223	3.0643	0.0002	0.0001	0.0000	0.0001	0.0001	0.0000	0.0000	0.0000	0.0000	0.0003	0.0002	0.0001	0.0002	0.0002	0.0000	0.0001	0.0000	0.0001	0.0152	0.0130	0.0021	0.0031	0.0029	0.0001	0.0121	0.0101	0.0020	0.0843	0.0509	0.0334	0.0276	0.0272	0.0004	0.0567	0.0237	0.0330	3.0283	3.1148	3.0831	6.8863	7.3189	0.3173	0.9839	126.2802	3.3292	0.0035	0.0034	0.0037	0.0065	0.0063	0.0170	0.0021	0.0000	0.0036
19	30	0.0510	2	1	0	1	0	0	0	0	0	N	N	N	N	N	N	N	N	N	N	N	N	93.9435	26.3056	3410.6235	95.2246	92.9723	215431.5552	762.5709	174.2689	3366.7444	1.0450	0.4871	5.1011	4.0046	4.0060	3.4581	0.7088	0.0266	5.1046	0.0111	0.0185	0.0015	0.0421	0.0431	0.0000	0.0009	0.0002	0.0015	1.4401	0.0620	0.0044	-0.0011	0.9481	4.4603	8.0223	5.0070	0.0348	0.0143	0.0206	0.0136	0.0136	0.0000	0.0212	0.0007	0.0205	0.0015	0.0014	0.0001	0.0014	0.0014	0.0000	0.0001	0.0000	0.0001	0.0333	0.0293	0.0040	0.0034	0.0034	0.0000	0.0299	0.0259	0.0040	0.1372	0.0776	0.0596	0.0340	0.0332	0.0008	0.1032	0.0444	0.0588	93.9435	26.3056	3410.6235	95.2246	92.9723	215431.5552	762.5709	174.2689	3366.7444	0.0111	0.0185	0.0015	0.0421	0.0431	0.0000	0.0009	0.0002	0.0015
19	31	0.0510	2	0	0	1	0	0	0	0	0	N	N	N	N	N	N	N	N	N	N	N	N	0.3204	0.2268	0.0000	0.8727	0.8539	0.0000	0.0000	0.0000	0.0000	0.0061	0.0069	0.0000	0.0595	0.0596	0.0000	0.0000	0.0000	0.0000	0.0190	0.0305	0.0039	0.0682	0.0698	0.0000	0.0027	0.0009	0.0040	0.0000	0.0984	-0.0001	-0.0033	0.9481	6.0000	8.0223	13.0000	0.0003	0.0003	0.0000	0.0003	0.0003	0.0000	0.0000	0.0000	0.0000	0.0050	0.0046	0.0004	0.0045	0.0045	0.0000	0.0005	0.0001	0.0004	0.0444	0.0391	0.0054	0.0045	0.0045	0.0000	0.0399	0.0345	0.0053	0.2641	0.1496	0.1145	0.0658	0.0642	0.0016	0.1983	0.0855	0.1129	0.3204	0.2268	0.0000	0.8727	0.8539	0.0000	0.0000	0.0000	0.0000	0.0190	0.0305	0.0039	0.0682	0.0698	0.0000	0.0027	0.0009	0.0040
19	32	0.0855	4	0	1	0	0	0	0	0	0	N	N	N	N	N	N	N	N	N	N	N	N	0.0000	0.0000	0.0000	0.0000	0.0000	0.0000	0.0000	0.0000	0.0000	0.0000	0.0000	0.0000	0.0000	0.0000	0.0000	0.0000	0.0000	0.0419	0.0693	0.0004	0.1221	0.1327	0.0000	0.0011	0.0018	0.0005	0.0042	0.0000	-0.0018	0.9481	0.0000	8.0223	4.0000	0.0000	0.0000	0.0000	0.0000	0.0000	0.0000	0.0000	0.0000	0.0000	0.0024	0.0024	0.0000	0.0023	0.0023	0.0000	0.0000	0.0000	0.0000	0.0000	0.0000	0.0000	0.0000	0.0000	0.0000	0.0000	0.0000	0.0000	0.0568	0.0342	0.0225	0.0192	0.0176	0.0015	0.0376	0.0166	0.0210	0.0000	0.0000	0.0000	0.0000	0.0000	0.0000	0.0000	0.0000	0.0000	0.0419	0.0693	0.0004	0.1221	0.1327	0.0000	0.0011	0.0018	0.0005		
19	33	0.0819	3	0	0	0	0	0	0	0	0	N	N	N	N	N	N	N	N	N	N	N	N	2.0367	1.5148	0.0000	3.2371	3.4005	0.0000	0.0000	0.0000	0.0000	0.0022	0.0024	0.0000	0.0058	0.0059	0.0000	0.0000	0.0000	0.0000	0.0011	0.0016	0.0003	0.0018	0.0017	0.0026	0.0007	0.0015	0.0001	0.0000	0.1123	-0.0000	-0.0000	0.9481	0.0019	8.0223	1.9565	0.0000	0.0000	0.0000	0.0000	0.0000	0.0000	0.0000	0.0000	0.0000	0.0000	0.0000	0.0000	0.0000	0.0000	0.0000	0.0000	0.0000	0.0000	0.0000	0.0000	0.0000	0.0000	0.0000	0.0000	0.0000	0.0000	0.0000	0.0290	0.0175	0.0115	0.0100	0.0092	0.0008	0.0190	0.0083	0.0107	2.0367	1.5148	0.0000	3.2371	3.4005	0.0000	0.0000	0.0000	0.0000	0.0011	0.0016	0.0003	0.0018	0.0017	0.0026	0.0007	0.0015	0.0001
19	34	0.0777	4	1	1	1	0	0	0	0	0	N	N	N	N	N	N	N	N	N	N	N	N	0.0000	0.0000	0.0008	0.0000	0.0000	0.0000	0.0002	0.0000	0.0009	0.0000	0.0000	0.0000	0.0000	0.0000	0.0000	0.0000	0.0000	0.0000	0.0214	0.0337	0.0019	0.0656	0.0674	0.0042	0.0011	0.0003	0.0018	inf	0.0346	0.0000	-0.0016	0.9481	3.0034	8.0223	4.0042	0.0000	0.0000	0.0000	0.0000	0.0000	0.0000	0.0000	0.0000	0.0000	0.0023	0.0022	0.0001	0.0022	0.0022	0.0000	0.0001	0.0000	0.0001	0.0224	0.0198	0.0026	0.0032	0.0031	0.0001	0.0192	0.0167	0.0025	0.1068	0.0656	0.0412	0.0335	0.0326	0.0010	0.0733	0.0330	0.0402	0.0000	0.0000	0.0008	0.0000	0.0000	0.0000	0.0002	0.0000	0.0009	0.0214	0.0337	0.0019	0.0656	0.0674	0.0042	0.0011	0.0003	0.0018
19	35	0.0777	4	1	1	1	0	0	0	0	0	N	N	N	N	N	N	N	N	N	N	N	N	0.2258	0.2260	0.0044	0.7107	0.7521	0.0168	0.0006	0.0000	0.0024	0.0006	0.0007	0.0000	0.0047	0.0047	0.0003	0.0000	0.0000	0.0000	0.0028	0.0031	0.0022	0.0066	0.0063	0.0152	0.0010	0.0000	0.0019	0.0018	0.4420	-0.0000	-0.0001	0.9481	4.4649	8.0223	3.5311	0.0000	0.0000	0.0000	0.0000	0.0000	0.0000	0.0000	0.0000	0.0000	0.0003	0.0002	0.0001	0.0002	0.0002	0.0000	0.0001	0.0000	0.0001	0.0322	0.0285	0.0038	0.0043	0.0042	0.0001	0.0279	0.0242	0.0037	0.1198	0.0735	0.0463	0.0374	0.0363	0.0011	0.0824	0.0372	0.0452	0.2258	0.2260	0.0044	0.7107	0.7521	0.0168	0.0006	0.0000	0.0024	0.0028	0.0031	0.0022	0.0066	0.0063	0.0152	0.0010	0.0000	0.0019
19	36	0.0634	3	1	1	1	0	0	0	0	0	N	N	N	N	N	N	N	N	N	N	N	N	0.0008	0.0005	0.0072	0.0005	0.0005	0.0000	0.0033	0.0040	0.0075	0.0000	0.0000	0.0000	0.0000	0.0000	0.0000	0.0000	0.0000	0.0000	0.0167	0.0241	0.0051	0.0465	0.0472	0.0130	0.0037	0.0021	0.0049	0.4083	0.1342	-0.0000	-0.0012	0.9481	1.6626	8.0223	6.4813	0.0000	0.0000	0.0000	0.0000	0.0000	0.0000	0.0000	0.0000	0.0000	0.0019	0.0017	0.0002	0.0016	0.0016	0.0000	0.0003	0.0001	0.0002	0.0114	0.0101	0.0012	0.0019	0.0018	0.0000	0.0095	0.0083	0.0012	0.1138	0.0695	0.0443	0.0347	0.0339	0.0007	0.0791	0.0355	0.0436	0.0008	0.0005	0.0072	0.0005	0.0005	0.0000	0.0033	0.0040	0.0075	0.0167	0.0241	0.0051	0.0465	0.0472	0.0130	0.0037	0.0021	0.0049
19	37	0.0719	3	1	1	0	0	0	0	0	0	N	N	N	N	N	N	N	N	N	N	N	N	0.0065	0.0504	0.0012	0.1363	0.1300	0.5976	0.0020	0.9617	0.0002	0.0035	0.0038	0.0014	0.0146	0.0140	0.0403	0.0016	0.0018	0.0002	0.5352	0.0750	1.0990	0.1072	0.1078	0.0674	0.8041	0.0019	1.1119	0.0473	11.9531	-0.0001	0.0449	0.9481	5.8118	8.0223	10.8965	0.0002	0.0002	0.0000	0.0001	0.0001	0.0000	0.0001	0.0001	0.0000	0.2581	0.0199	0.2382	0.0200	0.0198	0.0002	0.2382	0.0002	0.2380	0.0458	0.0405	0.0053	0.0067	0.0066	0.0002	0.0391	0.0339	0.0051	0.4823	0.2655	0.2167	0.1861	0.1834	0.0027	0.2962	0.0822	0.2141	0.0065	0.0504	0.0012	0.1363	0.1300	0.5976	0.0020	0.9617	0.0002	0.5352	0.0750	1.0990	0.1072	0.1078	0.0674	0.8041	0.0019	1.1119
19	38	0.0510	2	1	1	0	0	0	0	0	0	N	N	N	N	N	N	N	N	N	N	N	N	1.3751	8.7128	0.0032	63.3708	62.0304	28.2382	0.7005	0.9712	0.0031	1.2856	1.4613	0.0062	5.0934	5.1063	0.0414	0.8526	0.9838	0.0062	0.9349	0.1677	1.9354	0.0804	0.0823	0.0015	1.2172	1.0130	1.9624	0.0006	8.8475	-0.0232	0.0271	0.9481	5.2458	8.0223	8.3786	0.0501	0.0501	0.0000	0.0203	0.0203	0.0000	0.0299	0.0298	0.0000	0.1812	0.0184	0.1628	0.0039	0.0039	0.0000	0.1773	0.0145	0.1628	0.0390	0.0343	0.0047	0.0040	0.0040	0.0000	0.0350	0.0303	0.0047	0.1938	0.1097	0.0841	0.0481	0.0470	0.0012	0.1457	0.0627	0.0830	1.3751	8.7128	0.0032	63.3708	62.0304	28.2382	0.7005	4.2465	0.0031	0.9349	0.1677	1.9354	0.0804	0.0823	0.0015	1.2172	0.2317	1.9624
19	39	0.0616	3	0	1	0	0	0	0	0	0	N	N	N	N	N	N	N	N	N	N	N	N	0.0334	0.0094	2.9771	0.0354	0.0341	0.1486	1.0874	0.0432	7.4925	0.0007	0.0003	0.0035	0.0024	0.0024	0.0051	0.0005	0.0000	0.0035	0.0214	0.0352	0.0012	0.0683	0.0693	0.0344	0.0004	0.0004	0.0005	1.4729	0.0227	0.0000	-0.0023	0.9481	6.9653	8.0223	2.9126	0.0000	0.0000	0.0000	0.0000	0.0000	0.0000	0.0000	0.0000	0.0000	0.0032	0.0031	0.0001	0.0032	0.0031	0.0000	0.0000	0.0000	0.0000	0.0481	0.0423	0.0059	0.0057	0.0056	0.0001	0.0424	0.0366	0.0058	0.1499	0.0892	0.0608	0.0463	0.0450	0.0013	0.1037	0.0442	0.0595	0.0334	0.0094	2.9771	0.0354	0.0341	0.1486	1.0874	0.0432	7.4925	0.0214	0.0352	0.0012	0.0683	0.0693	0.0344	0.0004	0.0004	0.0005
19	40	0.0510	2	0	1	0	0	0	0	0	0	N	N	N	N	N	N	N	N	N	N	N	N	97.4864	26.8373	4130.4063	97.7642	95.4496	328299.4991	817.9395	74.6259	4077.1993	1.1441	0.5289	5.6146	4.3475	4.3489	3.8089	0.7805	0.0293	5.6185	0.0117	0.0197	0.0014	0.0445	0.0456	0.0000	0.0010	0.0004	0.0014	1.4606	0.0530	0.0045	-0.0010	0.9481	4.0410	8.0223	4.5605	0.0346	0.0141	0.0206	0.0134	0.0134	0.0000	0.0212	0.0007	0.0205	0.0015	0.0014	0.0001	0.0014	0.0014	0.0000	0.0001	0.0000	0.0001	0.0303	0.0266	0.0037	0.0031	0.0031	0.0000	0.0272	0.0235	0.0037	0.1251	0.0707	0.0544	0.0310	0.0303	0.0007	0.0941	0.0405	0.0536	97.4864	26.8373	4130.4063	97.7642	95.4496	328299.4991	817.9395	74.6259	4077.1993	0.0117	0.0197	0.0014	0.0445	0.0456	0.0000	0.0010	0.0004	0.0014
19	41	0.0819	3	0	0	1	0	0	0	0	0	N	N	N	N	N	N	N	N	N	N	N	N	0.0065	0.0053	0.0000	0.0281	0.0353	0.0000	0.0000	0.0000	0.0000	0.0000	0.0000	0.0000	0.0000	0.0000	0.0000	0.0000	0.0000	0.0000	0.0004	0.0005	0.0001	0.0004	0.0003	0.0013	0.0004	0.0007	0.0001	0.0000	0.1872	-0.0000	-0.0000	0.9481	4.0003	8.0223	0.0531	0.0000	0.0000	0.0000	0.0000	0.0000	0.0000	0.0000	0.0000	0.0000	0.0000	0.0000	0.0000	0.0000	0.0000	0.0000	0.0000	0.0000	0.0000	0.0289	0.0256	0.0033	0.0060	0.0059	0.0002	0.0229	0.0197	0.0032	0.0585	0.0353	0.0233	0.0199	0.0183	0.0016	0.0386	0.0169	0.0216	0.0065	0.0053	0.0000	0.0281	0.0353	0.0000	0.0000	0.0000	0.0000	0.0004	0.0005	0.0001	0.0004	0.0003	0.0013	0.0004	0.0007	0.0001
19	42	0.0510	2	0	0	0	0	0	0	0	0	N	N	N	N	N	N	N	N	N	N	N	N	0.0106	0.0069	0.0000	0.5921	0.5811	0.0000	0.0000	0.0000	0.0000	0.0069	0.0078	0.0000	0.0670	0.0672	0.0000	0.0000	0.0000	0.0000	0.6455	1.1362	0.0037	0.1132	0.1156	0.0149	0.8221	1.9030	0.0035	0.0000	0.0025	-0.0002	-0.1336	0.9481	8.9997	8.0223	11.0444	0.0004	0.0004	0.0000	0.0004	0.0004	0.0000	0.0000	0.0000	0.0000	0.1790	0.1786	0.0004	0.0078	0.0078	0.0000	0.1712	0.1708	0.0004	0.0655	0.0576	0.0079	0.0067	0.0067	0.0000	0.0587	0.0509	0.0079	0.2774	0.1572	0.1202	0.0691	0.0674	0.0017	0.2083	0.0897	0.1185	0.0106	0.0069	0.0000	0.5921	0.5811	0.0000	0.0000	0.0000	0.0000	0.6455	1.1362	0.0037	0.1132	0.1156	0.0149	0.8221	1.9030	0.0035
19	43	0.0510	2	1	1	1	0	0	0	0	0	N	N	N	N	N	N	N	N	N	N	N	N	25.9141	16.3117	2482.7835	9.4740	9.2508	54426.1797	24.2148	11.7103	2451.0225	11.8436	13.1370	2.3728	2.1029	2.1042	1.5942	12.9586	14.5911	2.3745	0.4570	0.8054	0.0010	0.2220	0.2275	0.0000	0.5352	1.2460	0.0010	0.0247	0.0009	-0.3763	-0.1073	0.9481	10.0000	8.0223	13.0000	0.8551	0.8345	0.0206	0.0156	0.0156	0.0000	0.8395	0.8190	0.0206	0.1434	0.1433	0.0001	0.0174	0.0174	0.0000	0.1261	0.1259	0.0001	0.0722	0.0635	0.0087	0.0074	0.0074	0.0000	0.0648	0.0561	0.0087	0.3138	0.1779	0.1359	0.0783	0.0764	0.0019	0.2356	0.1015	0.1340	25.9141	16.3117	2482.7835	9.4740	9.2508	54426.1797	24.2148	11.7656	2451.0225	0.4570	0.8054	0.0010	0.2220	0.2275	0.0000	0.5352	1.2401	0.0010
19	44	0.0510	2	0	1	0	0	0	0	0	0	N	N	N	N	N	N	N	N	N	N	N	N	0.0102	0.0586	0.0000	0.0791	0.0776	0.0000	0.0062	3.5371	0.0000	0.0422	0.0479	0.0000	0.1466	0.1469	0.0000	0.0302	0.0349	0.0000	4.1468	0.8180	8.5016	1.8536	1.8932	0.2552	4.9079	0.0099	8.6177	0.0000	7.9444	-0.0011	0.1674	0.9481	8.0000	8.0223	13.0000	0.0025	0.0025	0.0000	0.0009	0.0009	0.0000	0.0016	0.0016	0.0000	1.2001	0.1342	1.0659	0.1337	0.1332	0.0004	1.0664	0.0009	1.0655	0.0585	0.0515	0.0070	0.0060	0.0060	0.0000	0.0525	0.0455	0.0070	0.2894	0.1640	0.1254	0.0721	0.0704	0.0017	0.2173	0.0936	0.1236	0.0102	0.0586	0.0000	0.0791	0.0776	0.0000	0.0062	3.5371	0.0000	4.1468	0.8180	8.5016	1.8536	1.8932	0.2552	4.9079	0.0099	8.6177
19	45	0.0510	2	0	1	0	0	0	0	0	0	N	N	N	N	N	N	N	N	N	N	N	N	0.0046	0.0116	0.0028	0.0485	0.0474	0.0006	0.0000	0.0028	0.0041	0.0041	0.0046	0.0350	0.0351	0.0000	0.0006	0.0000	0.0046	0.9056	0.3537	1.6279	0.7222	0.7400	0.0000	0.9665	0.4735	1.6508	0.1538	3.5166	-0.0001	0.0082	0.9481	10.0000	8.0223	12.0000	0.0003	0.0003	0.0000	0.0003	0.0003	0.0000	0.0000	0.0000	0.0000	0.2734	0.0605	0.2129	0.0544	0.0544	0.0000	0.2190	0.0062	0.2129	0.0723	0.0636	0.0087	0.0074	0.0074	0.0000	0.0649	0.0562	0.0087	0.3019	0.1711	0.1308	0.0753	0.0735	0.0018	0.2266	0.0977	0.1289	0.0046	0.0116	0.0028	0.0485	0.0474	0.0000	0.0006	0.0000	0.0028	0.9056	0.3537	1.6279	0.7222	0.7400	0.0000	0.9665	0.0632	1.6508	
19	46	0.0634	3	1	0	1	0	0	0	0	0	N	N	N	N	N	N	N	N	N	N	N	N	0.0000	0.0000	0.0000	0.0000	0.0000	0.0000	0.0000	0.0000	0.0000	0.0000	0.0000	0.0000	0.0000	0.0000	0.0000	0.0000	0.0000	0.0000	0.0261	0.0407	0.0032	0.0778	0.0795	0.0005	0.0030	0.0026	0.0032	0.0497	0.0000	-0.0018	0.9481	1.8806	8.0223	4.9930	0.0000	0.0000	0.0000	0.0000	0.0000	0.0000	0.0000	0.0000	0.0000	0.0026	0.0025	0.0001	0.0024	0.0024	0.0000	0.0002	0.0001	0.0001	0.0127	0.0113	0.0014	0.0020	0.0020	0.0000	0.0107	0.0093	0.0014	0.0990	0.0606	0.0384	0.0307	0.0300	0.0007	0.0683	0.0306	0.0377	0.0000	0.0000	0.0000	0.0000	0.0000	0.0000	0.0000	0.0000	0.0000	0.0261	0.0407	0.0032	0.0778	0.0795	0.0005	0.0030	0.0026	0.0032	
19	47	0.0510	2	1	0	1	0	0	0	0	0	N	N	N	N	N	N	N	N	N	N	N	N	1.1365	9.5531	2.4973	25.3369	34.4873	1.1505	0.6090	12.4183	2.4958	2.1581	0.9980	10.5685	8.2220	8.2246	7.1924	1.4719	0.0553	10.5758	1.8989	0.1045	4.2319	0.3245	0.2385	6.2513	2.4167	0.0045	4.2375	1.4607	31.1571	0.0045	0.0389	0.9481	2.1193	8.0223	4.2095	0.0347	0.0141	0.0206	0.0134	0.0134	0.0000	0.0212	0.0007	0.0205	0.1766	0.0055	0.1711	0.0075	0.0054	0.0021	0.1691	0.0001	0.1690	0.0161	0.0141	0.0019	0.0016	0.0016	0.0000	0.0144	0.0125	0.0019	0.0930	0.0526	0.0404	0.0230	0.0225	0.0006	0.0700	0.0301	0.0399	1.1365	9.5531	2.4973	25.3369	34.4873	1.8786	0.6090	12.4183	2.4958	1.8989	0.1045	4.2319	0.3245	0.2385	3.8286	2.4167	0.0045	4.2375
19	48	0.0510	2	0	1	0	1	0	0	0	0	N	N	N	N	N	N	N	N	N	N	N	N	0.0011	0.0101	0.0000	0.0513	0.0659	0.0000	0.0000	0.0000	0.0000	0.0016	0.0019	0.0000	0.0160	0.0160	0.0000	0.0000	0.0000	0.0000	1.5634	0.1848	3.3725	0.3113	0.2433	5.1916	1.9810	0.7529	3.3771	0.0000	13.9038	-0.0001	0.1113	0.9481	11.0000	8.0223	18.0000	0.0001	0.0001	0.0000	0.0001	0.0001	0.0000	0.0000	0.0000	0.0000	0.6042	0.0405	0.5637	0.0301	0.0229	0.0071	0.5741	0.0176	0.5565	0.0791	0.0696	0.0095	0.0081	0.0081	0.0000	0.0710	0.0615	0.0095	0.3865	0.2193	0.1671	0.0967	0.0943	0.0023	0.2898	0.1250	0.1648	0.0011	0.0101	0.0000	0.0513	0.0659	0.0000	0.0000	0.0000	0.0000	1.5634	0.1848	3.3725	0.3113	0.2433	3.0531	1.9810	0.1407	3.3771
19	49	0.0510	2	0	1	0	0	0	0	0	0	N	N	N	N	N	N	N	N	N	N	N	N	0.4472	0.2880	1.0884	1.0649	0.0002	0.0003	0.0000	0.0022	0.0022	0.0000	0.0000	0.0000	0.0000	0.0005	0.0009	0.0000	0.0020	0.0021	0.0000	0.0000	0.0000	0.0000	0.0000	0.0000	-0.0000	-0.0001	0.9481	6.0000	8.0223	11.0000	0.0000	0.0000	0.0000	0.0000	0.0000	0.0000	0.0000	0.0000	0.0000	0.0001	0.0001	0.0000	0.0001	0.0001	0.0000	0.0000	0.0000	0.0000	0.0444	0.0391	0.0054	0.0045	0.0045	0.0000	0.0399	0.0345	0.0053	0.2383	0.1350	0.1033	0.0593	0.0579	0.0014	0.1790	0.0771	0.1019	0.4472	0.2880	0.0000	1.0884	1.0649	0.0000	0.0000	0.0000	0.0000	0.0005	0.0009	0.0000	0.0020	0.0021	0.0000	0.0000	0.0000	0.0000					
19	51	0.0781	3	0	1	0	1	0	0	0	0	N	N	N	N	N	N	N	N	N	N	N	N	0.0000	0.0000	0.0000	0.0000	0.0000	0.0000	0.0000	0.0000	0.0000	0.0000	0.0000	0.0000	0.0000	0.0000	0.0000	0.0000	0.0000	0.0001	0.0000	0.0002	0.0000	0.0000	0.0000	0.0001	0.0000	0.0002	4.0281	0.0000	0.0000	0.9481	0.9739	8.0223	0.0244	0.0000	0.0000	0.0000	0.0000	0.0000	0.0000	0.0000	0.0000	0.0000	0.0000	0.0000	0.0000	0.0000	0.0000	0.0000	0.0000	0.0000	0.0000	0.0405	0.0375	0.0030	0.0185	0.0180	0.0004	0.0220	0.0195	0.0025	0.2704	0.1852	0.0852	0.1415	0.1339	0.0076	0.1289	0.0513	0.0776	0.0000	0.0000	0.0000	0.0000	0.0000	0.0000	0.0000	0.0000	0.0000	0.0001	0.0000	0.0002	0.0000	0.0000	0.0000	0.0001	0.0000	0.0002		
19	52	0.0510	2	0	1	0	1	0	0	0	0	N	N	N	N	N	N	N	N	N	N	N	N	0.0416	0.0468	0.0025	0.0839	0.0823	0.0035	0.0417	0.0563	0.0025	0.0224	0.0253	0.0014	0.0980	0.0982	0.0005	0.0138	0.0157	0.0014	0.5389	0.5401	0.5374	1.1681	1.1932	0.1512	0.3304	0.2784	0.5428	0.0073	0.7615	-0.0007	-0.0432	0.9481	10.0170	8.0223	8.1377	0.0016	0.0016	0.0000	0.0007	0.0007	0.0000	0.0009	0.0009	0.0000	0.1365	0.0775	0.0590	0.0736	0.0734	0.0002	0.0629	0.0041	0.0588	0.0724	0.0637	0.0087	0.0074	0.0074	0.0000	0.0650	0.0563	0.0087	0.2532	0.1435	0.1098	0.0630	0.0615	0.0015	0.1902	0.0820	0.1083	0.0416	0.0468	0.0025	0.0839	0.0823	0.0035	0.0417	0.3146	0.0025	0.5389	0.5401	0.5374	1.1681	1.1932	0.1512	0.3304	0.0498	0.5428
19	53	0.0861	3	1	1	0	0	0	0	0	0	N	N	N	N	N	N	N	N	N	N	N	N	0.0000	0.0000	0.0000	0.0000	0.0000	0.0000	0.0000	0.0000	0.0000	0.0000	0.0000	0.0000	0.0000	0.0000	0.0000	0.0000	0.0000	0.0000	0.0082	0.0071	0.0102	0.0127	0.0121	0.0254	0.0051	0.0001	0.0094	0.7521	0.0000	-0.0003	0.9481	1.0294	8.0223	5.0054	0.0000	0.0000	0.0000	0.0000	0.0000	0.0000	0.0000	0.0000	0.0000	0.0011	0.0006	0.0005	0.0007	0.0006	0.0001	0.0004	0.0000	0.0004	0.0147	0.0130	0.0016	0.0045	0.0044	0.0001	0.0102	0.0086	0.0016	0.1332	0.0874	0.0458	0.0533	0.0509	0.0023	0.0800	0.0365	0.0435	0.0000	0.0000	0.0000	0.0000	0.0000	0.0000	0.0000	0.0000	0.0000	0.0082	0.0071	0.0102	0.0127	0.0121	0.0254	0.0051	0.0001	0.0094	
19	54	0.0510	2	1	1	0	0	0	0	0	0	N	N	N	N	N	N	N	N	N	N	N	N	0.0036	0.0044	0.0001	0.0166	0.0162	0.0003	0.0001	0.0038	0.0001	0.0032	0.0037	0.0001	0.0312	0.0313	0.0001	0.0001	0.0001	0.0001	0.9008	0.8345	0.9876	1.8853	1.9260	0.2436	0.5738	0.0138	0.9981	0.0034	0.9041	-0.0001	-0.0750	0.9481	7.2033	8.0223	14.9709	0.0002	0.0002	0.0000	0.0002	0.0002	0.0000	0.0000	0.0000	0.0000	0.2739	0.1439	0.1301	0.1429	0.1425	0.0004	0.1310	0.0014	0.1296	0.0529	0.0466	0.0064	0.0054	0.0054	0.0000	0.0475	0.0412	0.0064	0.3041	0.1724	0.1317	0.0758	0.0740	0.0018	0.2282	0.0984	0.1299	0.0036	0.0044	0.0001	0.0166	0.0162	0.0003	0.0001	0.0038	0.0001	0.9008	0.8345	0.9876	1.8853	1.9260	0.2436	0.5738	0.0138	0.9981
19	58	0.1725	3	0	0	0	0	0	0	0	0	N	N	N	N	N	N	N	N	N	N	N	N	0.0175	0.0139	0.0003	0.0211	0.0211	0.0007	0.0001	0.0000	0.0002	0.0006	0.0008	0.0000	0.0015	0.0016	0.0000	0.0000	0.0000	0.0000	0.0366	0.0579	0.0025	0.0696	0.0752	0.0046	0.0017	0.0002	0.0023	0.0003	0.0275	-0.0001	-0.0600	0.9481	16.5869	8.0223	24.5040	0.0002	0.0002	0.0000	0.0002	0.0002	0.0000	0.0000	0.0000	0.0000	0.0831	0.0808	0.0022	0.0812	0.0808	0.0004	0.0019	0.0001	0.0018	0.3205	0.2557	0.0648	0.1401	0.1297	0.0104	0.1804	0.1260	0.0544	2.2705	1.3968	0.8737	1.1662	1.0739	0.0923	1.1043	0.3229	0.7814	0.0175	0.0139	0.0003	0.0211	0.0211	0.0007	0.0001	0.0000	0.0002	0.0366	0.0579	0.0025	0.0696	0.0752	0.0046	0.0017	0.0002	0.0023
20	22	0.0682	2	1	2	0	0	0	0	0	0	N	Y	N	N	N	N	N	N	N	N	N	N	0.0000	0.0000	0.0000	0.0000	0.0000	0.0000	0.0000	0.0000	0.0000	0.0000	0.0000	0.0000	0.0000	0.2274	0.0000	0.7056	0.0000	0.0000	0.0000	0.3625	0.0000	0.7333	inf	0.0000	0.0030	2.0000	1.8226	6.0000	1.1826	0.0000	0.0000	0.0000	0.0000	0.0000	0.0000	0.0000	0.0000	0.0000	0.0120	0.0000	0.0120	0.0000	0.0000	0.0000	0.0120	0.0000	0.0120	0.0369	0.0325	0.0044	0.0078	0.0077	0.0001	0.0292	0.0248	0.0044	0.0529	0.0358	0.0171	0.0197	0.0191	0.0006	0.0332	0.0168	0.0164	0.0000	0.0000	0.0000	0.0000	0.0000	0.0000	0.0000	0.0000	0.0000	0.2274	0.0000	0.7056	0.0000	0.0000	0.0000	0.3625	0.0000	0.7333						
20	24	0.0676	3	0	1	1	0	0	0	0	0	N	N	N	N	N	N	N	N	N	N	N	N	0.0000	0.0000	0.0000	0.0000	0.0000	0.0000	0.0000	0.0000	0.0000	0.0000	0.0000	0.0000	0.0000	0.0000	0.0000	0.0000	0.0000	0.0000	0.0000	0.0000	2.0000	0.0000	6.0000	0.0000	0.0000	0.0000	0.0000	0.0000	0.0000	0.0000	0.0000	0.0000	0.0000	0.0000	0.0000	0.0000	0.0000	0.0000	0.0000	0.0000	0.0000	0.0000	0.0000	0.0000	0.0000	0.0000	0.0000	0.0000	0.0000	0.0000	0.0000	0.0000	0.0000	0.0000	0.0000	0.0000	0.0000	0.0000	0.0000	0.0000	0.0000	0.0000	0.0000	0.0000	0.0000	0.0000	0.0000	0.0000	0.0000	0.0000	0.0000	0.0000	0.0000	0.0000	0.0000	0.0000	0.0000	0.0000											
20	26	0.0477	2	1	1	1	0	0	0	0	0	N	N	N	N	N	N	N	N	N	N	N	N	0.0000	0.0000	0.0000	0.0000	0.0000	0.0000	0.0000	0.0000	0.0000	0.0000	0.0000	0.0000	0.0000	0.7854	0.0000	1.5632	0.0000	0.0000	0.0000	0.9111	0.0000	1.5723	inf	0.0000	0.0139	2.0000	4.5914	6.0000	6.1047	0.0000	0.0000	0.0000	0.0000	0.0000	0.0000	0.0000	0.0000	0.0000	0.0552	0.0000	0.0552	0.0000	0.0000	0.0000	0.0552	0.0000	0.0552	0.0523	0.0452	0.0071	0.0072	0.0068	0.0004	0.0451	0.0384	0.0067	0.0703	0.0350	0.0353	0.0097	0.0095	0.0002	0.0606	0.0255	0.0351	0.0000	0.0000	0.0000	0.0000	0.0000	0.0000	0.0000	0.0000	0.0000	0.7854	0.0000	1.5632	0.0000	0.0000	0.0000	0.9111	0.0000	1.5723						
20	29	0.0477	2	1	1	1	0	0	0	0	0	N	N	N	N	N	N	N	N	N	N	N	N	0.0000	0.0000	0.0000	0.0000	0.0000	0.0000	0.0000	0.0000	0.0000	0.0000	0.0000	0.0000	0.0000	1.2387	0.0000	2.4973	0.0000	0.0000	0.0000	1.5056	0.0000	2.5105	inf	0.0000	0.0139	2.0000	1.9609	6.0000	3.0643	0.0000	0.0000	0.0000	0.0000	0.0000	0.0000	0.0000	0.0000	0.0000	0.0552	0.0000	0.0552	0.0000	0.0000	0.0000	0.0552	0.0000	0.0552	0.0293	0.0252	0.0041	0.0051	0.0049	0.0002	0.0242	0.0204	0.0039	0.0445	0.0225	0.0221	0.0079	0.0078	0.0001	0.0366	0.0147	0.0220	0.0000	0.0000	0.0000	0.0000	0.0000	0.0000	0.0000	0.0000	0.0000	1.2387	0.0000	2.4973	0.0000	0.0000	0.0000	1.5056	0.0000	2.5105						
20	32	0.0676	3	0	2	0	0	0	0	0	0	N	Y	N	N	N	N	N	N	N	N	N	N	0.0000	0.0000	0.0000	0.0000	0.0000	0.0000	0.0000	0.0000	0.0000	0.0000	0.0000	0.0000	0.0000	0.0000	0.0000	0.0000	0.0000	0.0000	0.0000	0.0000	2.0000	0.0000	6.0000	4.0000	0.0000	0.0000	0.0000	0.0000	0.0000	0.0000	0.0000	0.0000	0.0000	0.0000	0.0000	0.0000	0.0000	0.0000	0.0000	0.0000	0.0000	0.0000	0.0000	0.0000	0.0000	0.0000	0.0000	0.0000	0.0000	0.0000	0.0000	0.0250	0.0114	0.0136	0.0009	0.0008	0.0002	0.0241	0.0107	0.0134	0.0000	0.0000	0.0000	0.0000	0.0000	0.0000	0.0000	0.0000	0.0000	0.0000	0.0000	0.0000	0.0000	0.0000	0.0000	0.0000	0.0000	0.0000											
20	33	0.0640	2	0	1	0	0	0	0	0	0	N	N	N	N	N	N	N	N	N	N	N	N	0.0000	0.0000	0.0000	0.0000	0.0000	0.0000	0.0000	0.0000	0.0000	0.0000	0.0000	0.0000	0.0000	0.0030	0.0065	0.0000	0.0473	0.0525	0.0000	0.0000	0.0000	0.0000	0.0000	0.0000	-0.0000	2.0000	0.0019	6.0000	1.9565	0.0000	0.0000	0.0000	0.0000	0.0000	0.0000	0.0000	0.0000	0.0000	0.0000	0.0000	0.0000	0.0000	0.0000	0.0000	0.0000	0.0000	0.0000	0.0001	0.0001	0.0000	0.0000	0.0000	0.0000	0.0000	0.0000	0.0000	0.0132	0.0062	0.0070	0.0008	0.0008	0.0001	0.0123	0.0054	0.0069	0.0000	0.0000	0.0000	0.0000	0.0000	0.0000	0.0000	0.0000	0.0000	0.0030	0.0065	0.0000	0.0473	0.0525	0.0000	0.0000	0.0000	0.0000						
20	34	0.0598	3	1	2	1	0	0	0	0	0	N	Y	N	N	N	N	N	N	N	N	N	N	0.0000	0.0000	0.0000	0.0000	0.0000	0.0000	0.0000	0.0000	0.0000	0.0000	0.0000	0.0000	0.0000	0.0566	0.0000	0.1185	0.0000	0.0000	0.0000	0.0663	0.0000	0.1197	inf	0.0000	0.0008	2.0000	3.0034	6.0000	4.0042	0.0000	0.0000	0.0000	0.0000	0.0000	0.0000	0.0000	0.0000	0.0000	0.0032	0.0000	0.0032	0.0000	0.0000	0.0000	0.0032	0.0000	0.0032	0.0395	0.0347	0.0048	0.0028	0.0027	0.0001	0.0367	0.0320	0.0047	0.0562	0.0293	0.0268	0.0082	0.0080	0.0003	0.0479	0.0214	0.0266	0.0000	0.0000	0.0000	0.0000	0.0000	0.0000	0.0000	0.0000	0.0000	0.0566	0.0000	0.1185	0.0000	0.0000	0.0000	0.0663	0.0000	0.1197						
20	35	0.0598	3	1	2	1	0	0	0	0	0	N	Y	N	N	N	N	N	N	N	N	N	N	0.0000	0.0000	0.0000	0.0000	0.0000	0.0000	0.0000	0.0000	0.0000	0.0000	0.0000	0.0000	0.0000	0.0508	0.0000	0.1057	0.0000	0.0000	0.0000	0.0591	0.0000	0.1067	inf	0.0000	0.0008	2.0000	4.4649	6.0000	3.5311	0.0000	0.0000	0.0000	0.0000	0.0000	0.0000	0.0000	0.0000	0.0000	0.0032	0.0000	0.0032	0.0000	0.0000	0.0000	0.0032	0.0000	0.0032	0.0567	0.0496	0.0071	0.0034	0.0033	0.0001	0.0533	0.0463	0.0070	0.0626	0.0325	0.0301	0.0087	0.0085	0.0003	0.0538	0.0240	0.0298	0.0000	0.0000	0.0000	0.0000	0.0000	0.0000	0.0000	0.0000	0.0000	0.0508	0.0000	0.1057	0.0000	0.0000	0.0000	0.0591	0.0000	0.1067						
20	36	0.0454	2	1	2	1	0	0	0	0	0	N	Y	N	N	N	N	N	N	N	N	N	N	0.0000	0.0000	0.0000	0.0000	0.0000	0.0000	0.0000	0.0000	0.0000	0.0000	0.0000	0.0000	0.0000	0.0004	0.0007	0.0000	0.0029	0.0029	0.0000	0.0000	0.0000	0.0000	0.0000	0.0000	-0.0000	2.0000	1.6626	6.0000	6.4813	0.0000	0.0000	0.0000	0.0000	0.0000	0.0000	0.0000	0.0000	0.0000	0.0000	0.0000	0.0000	0.0000	0.0000	0.0000	0.0000	0.0000	0.0000	0.0200	0.0177	0.0023	0.0019	0.0019	0.0000	0.0181	0.0158	0.0023	0.0568	0.0288	0.0280	0.0069	0.0068	0.0001	0.0499	0.0220	0.0279	0.0000	0.0000	0.0000	0.0000	0.0000	0.0000	0.0000	0.0000	0.0000	0.0004	0.0007	0.0000	0.0029	0.0029	0.0000	0.0000	0.0000	0.0000						
20	37	0.0540	2	1	2	0	0	0	0	0	0	N	Y	N	N	N	N	N	N	N	N	N	N	0.0000	0.0000	0.0000	0.0000	0.0000	0.0000	0.0000	0.0000	0.0000	0.0000	0.0000	0.0000	0.0000	0.0022	0.0045	0.0000	0.0164	0.0168	0.0000	0.0000	0.0000	0.0000	0.0000	0.0000	-0.0003	2.0000	5.8118	6.0000	10.8965	0.0000	0.0000	0.0000	0.0000	0.0000	0.0000	0.0000	0.0000	0.0000	0.0003	0.0003	0.0000	0.0003	0.0003	0.0000	0.0000	0.0000	0.0000	0.0774	0.0676	0.0098	0.0038	0.0038	0.0001	0.0736	0.0639	0.0098	0.1520	0.0764	0.0756	0.0207	0.0202	0.0005	0.1313	0.0562	0.0751	0.0000	0.0000	0.0000	0.0000	0.0000	0.0000	0.0000	0.0000	0.0000	0.0022	0.0045	0.0000	0.0164	0.0168	0.0000	0.0000	0.0000	0.0000						
20	39	0.0436	2	0	2	0	0	0	0	0	0	N	Y	N	N	N	N	N	N	N	N	N	N	0.0000	0.0000	0.0000	0.0000	0.0000	0.0000	0.0000	0.0000	0.0000	0.0000	0.0000	0.0000	0.0000	0.5868	0.0000	1.1905	0.0000	0.0000	0.0000	0.6795	0.0000	1.2003	inf	0.0000	0.0118	2.0000	6.9653	6.0000	2.9126	0.0000	0.0000	0.0000	0.0000	0.0000	0.0000	0.0000	0.0000	0.0000	0.0469	0.0000	0.0469	0.0000	0.0000	0.0000	0.0469	0.0000	0.0469	0.0838	0.0728	0.0110	0.0031	0.0029	0.0002	0.0807	0.0699	0.0108	0.0799	0.0405	0.0394	0.0109	0.0106	0.0003	0.0690	0.0299	0.0391	0.0000	0.0000	0.0000	0.0000	0.0000	0.0000	0.0000	0.0000	0.0000	0.5868	0.0000	1.1905	0.0000	0.0000	0.0000	0.6795	0.0000	1.2003						
20	41	0.0640	2	0	1	1	0	0	0	0	0	N	N	N	N	N	N	N	N	N	N	N	N	0.0000	0.0000	0.0000	0.0000	0.0000	0.0000	0.0000	0.0000	0.0000	0.0000	0.0000	0.0000	0.0000	0.0015	0.0033	0.0000	0.0308	0.0354	0.0000	0.0000	0.0000	0.0000	0.0000	0.0000	-0.0000	2.0000	4.0003	6.0000	0.0531	0.0000	0.0000	0.0000	0.0000	0.0000	0.0000	0.0000	0.0000	0.0000	0.0000	0.0000	0.0000	0.0000	0.0000	0.0000	0.0000	0.0000	0.0000	0.0482	0.0420	0.0062	0.0062	0.0059	0.0003	0.0420	0.0361	0.0059	0.0262	0.0121	0.0141	0.0013	0.0011	0.0002	0.0249	0.0110	0.0139	0.0000	0.0000	0.0000	0.0000	0.0000	0.0000	0.0000	0.0000	0.0000	0.0015	0.0033	0.0000	0.0308	0.0354	0.0000	0.0000	0.0000	0.0000						
20	46	0.0454	2	1	1	1	0	0	0	0	0	N	N	N	N	N	N	N	N	N	N	N	N	0.0000	0.0000	0.0000	0.0000	0.0000	0.0000	0.0000	0.0000	0.0000	0.0000	0.0000	0.0000	0.0000	19.9886	0.0000	124.0391	0.0000	0.0000	0.0000	23.1218	0.0000	124.3203	inf	0.0000	0.2512	2.0000	1.8806	6.0000	4.9930	0.0000	0.0000	0.0000	0.0000	0.0000	0.0000	0.0000	0.0000	0.0000	1.0000	0.0000	1.0000	0.0000	0.0000	0.0000	1.0000	0.0000	1.0000	0.0222	0.0196	0.0026	0.0020	0.0020	0.0000	0.0202	0.0176	0.0026	0.0500	0.0257	0.0243	0.0068	0.0067	0.0001	0.0432	0.0190	0.0242	0.0000	0.0000	0.0000	0.0000	0.0000	0.0000	0.0000	0.0000	0.0000	19.9886	0.0000	41.1699	0.0000	0.0000	0.0000	23.1218	0.0000	41.2895						
20	51	0.0601	2	0	2	0	1	0	0	0	0	N	Y	N	N	N	N	N	N	N	N	N	N	0.0000	0.0000	0.0000	0.0000	0.0000	0.0000	0.0000	0.0000	0.0000	0.0000	0.0000	0.0000	0.0000	0.1362	0.1679	0.0000	0.2698	0.2796	0.0000	0.0000	0.0000	0.0000	0.0000	0.0000	-0.0126	2.0000	0.9739	6.0000	0.0244	0.0000	0.0000	0.0000	0.0000	0.0000	0.0000	0.0000	0.0000	0.0000	0.0168	0.0168	0.0000	0.0168	0.0168	0.0000	0.0000	0.0000	0.0000	0.0787	0.0733	0.0053	0.0348	0.0346	0.0002	0.0438	0.0387	0.0051	0.1234	0.1001	0.0233	0.0623	0.0601	0.0022	0.0611	0.0400	0.0211	0.0000	0.0000	0.0000	0.0000	0.0000	0.0000	0.0000	0.0000	0.0000	0.1362	0.1679	0.0000	0.2698	0.2796	0.0000	0.0000	0.0000	0.0000						
20	53	0.0682	2	1	2	0	0	0	0	0	0	N	Y	N	N	N	N	N	N	N	N	N	N	0.0000	0.0000	0.0000	0.0000	0.0000	0.0000	0.0000	0.0000	0.0000	0.0000	0.0000	0.0000	0.0000	0.1637	0.0000	0.4428	0.0000	0.0000	0.0000	0.2370	0.0000	0.4600	inf	0.0000	0.0030	2.0000	1.0294	6.0000	5.0054	0.0000	0.0000	0.0000	0.0000	0.0000	0.0000	0.0000	0.0000	0.0000	0.0120	0.0000	0.0120	0.0000	0.0000	0.0000	0.0120	0.0000	0.0120	0.0273	0.0242	0.0032	0.0076	0.0075	0.0001	0.0197	0.0166	0.0031	0.0735	0.0463	0.0272	0.0228	0.0217	0.0010	0.0508	0.0246	0.0262	0.0000	0.0000	0.0000	0.0000	0.0000	0.0000	0.0000	0.0000	0.0000	0.1637	0.0000	0.4428	0.0000	0.0000	0.0000	0.2370	0.0000	0.4600						
20	58	0.2271	4	0	1	0	0	0	0	0	0	N	N	N	N	N	N	N	N	N	N	N	N	6.6130	4.9382	0.0322	0.0310	inf	inf	2.4158	2.6923	0.0000	0.0256	0.0264	0.0000	3.6393	4.2283	0.0000	0.3653	0.5452	0.0000	0.7948	0.8504	0.0000	0.0000	0.0000	0.0000	0.0000	0.0000	-0.4470	-0.2044	2.0000	16.5869	6.0000	24.5040	0.9631	0.9631	0.0000	0.0035	0.0035	0.0000	0.9597	0.9597	0.0000	0.2730	0.2730	0.0000	0.2730	0.2730	0.0000	0.0000	0.0000	0.0000	0.3987	0.3577	0.0409	0.1350	0.1308	0.0042	0.2637	0.2270	0.0367	0.7472	0.5007	0.2465	0.3434	0.3210	0.0224	0.4038	0.1797	0.2241	6.6130	4.9382	0.0000	0.0322	0.0310	0.0000	inf	inf	0.0000	0.3653	0.5452	0.0000	0.7948	0.8504	0.0000	0.0000	0.0000	0.0000			
21	22	0.0812	2	1	2	0	0	0	0	0	0	N	Y	N	N	N	N	N	N	N	N	N	N	16.0804	0.0428	46.7802	0.5532	0.0945	2.6103	15.7082	52.1015	0.4919	0.0001	4.1407	0.0085	0.0006	0.7426	0.6236	0.0000	4.2069	0.0306	0.0033	0.0885	0.0153	0.0062	0.2845	0.0397	0.0000	0.0807	3984.0000	12.7500	0.0640	0.0008	14.0000	1.8226	9.0000	1.1826	0.1196	0.0000	0.1195	0.0004	0.0000	0.0004	0.1191	0.0000	0.1191	0.0044	0.0003	0.0041	0.0008	0.0003	0.0005	0.0036	0.0000	0.0036	0.2430	0.2142	0.0289	0.0521	0.0515	0.0006	0.1910	0.1627	0.0283	0.1438	0.0977	0.0461	0.0537	0.0519	0.0018	0.0902	0.0458	0.0443	16.0804	0.0428	46.7802	0.5532	0.0945	2.6103	15.7082	0.0000	52.1015	0.0306	0.0033	0.0885	0.0153	0.0062	0.2845	0.0397	0.0000	0.0807	
21	24	0.0806	3	0	1	1	0	0	0	0	0	N	N	N	N	N	N	N	N	N	N	N	N	0.0000	0.0000	0.0000	0.0000	0.0000	0.0000	0.0000	0.0000	0.0000	0.0000	0.0000	0.0000	0.0000	0.0000	0.0000	0.0000	0.0000	0.0000	0.0000	0.0000	14.0000	0.0000	9.0000	0.0000	0.0000	0.0000	0.0000	0.0000	0.0000	0.0000	0.0000	0.0000	0.0000	0.0000	0.0000	0.0000	0.0000	0.0000	0.0000	0.0000	0.0000	0.0000	0.0000	0.0000	0.0000	0.0000	0.0000	0.0000	0.0000	0.0000	0.0000	0.0000	0.0000	0.0000	0.0000	0.0000	0.0000	0.0000	0.0000	0.0000	0.0000	0.0000	0.0000	0.0000	0.0000	0.0000	0.0000	0.0000	0.0000	0.0000	0.0000	0.0000	0.0000	0.0000	0.0000	0.0000	0.0000	0.0000											
21	26	0.0607	2	1	1	1	0	0	0	0	0	N	N	N	N	N	N	N	N	N	N	N	N	7829.2187	4500.3855	inf	6.9957	7.1986	inf	inf	inf	2.9195	3.3699	0.0254	0.0196	0.0206	0.0000	3.3634	3.9408	0.0267	0.0004	0.0007	0.0000	0.0028	0.0029	0.0000	0.0000	0.0000	0.0000	0.0012	0.0000	-0.4628	-0.0001	14.0000	4.5914	9.0000	6.1047	0.9995	0.9983	0.0012	0.0009	0.0009	0.0000	0.9986	0.9974	0.0012	0.0001	0.0001	0.0000	0.0001	0.0001	0.0000	0.0000	0.0000	0.0000	0.3423	0.2962	0.0461	0.0454	0.0431	0.0023	0.2969	0.2531	0.0438	0.1877	0.0935	0.0942	0.0250	0.0244	0.0006	0.1627	0.0691	0.0937	7829.2187	4500.3855	inf	6.9957	7.1986	0.0000	inf	inf	inf	0.0004	0.0007	0.0000	0.0028	0.0029	0.0000	0.0000	0.0000	0.0000	
21	29	0.0607	2	1	1	1	0	0	0	0	0	N	N	N	N	N	N	N	N	N	N	N	N	8828.7889	5168.4463	inf	23.7903	24.4896	inf	inf	inf	5.2148	6.0487	0.0438	0.0817	0.0855	0.0000	6.2695	7.4405	0.0463	0.0006	0.0012	0.0000	0.0034	0.0035	0.0000	0.0000	0.0000	0.0000	0.0012	0.0000	-0.4644	-0.0001	14.0000	1.9609	9.0000	3.0643	1.0029	1.0018	0.0012	0.0027	0.0027	0.0000	1.0003	0.9991	0.0012	0.0001	0.0001	0.0000	0.0001	0.0001	0.0000	0.0000	0.0000	0.0000	0.1923	0.1656	0.0267	0.0328	0.0313	0.0014	0.1595	0.1343	0.0253	0.1185	0.0598	0.0587	0.0204	0.0200	0.0003	0.0981	0.0398	0.0584	8828.7889	5168.4463	inf	23.7903	24.4896	0.0000	inf	inf	inf	0.0006	0.0012	0.0000	0.0034	0.0035	0.0000	0.0000	0.0000	0.0000	
21	32	0.0806	3	0	2	0	0	0	0	0	0	N	Y	N	N	N	N	N	N	N	N	N	N	0.0000	0.0000	0.0000	0.0000	0.0000	0.0000	0.0000	0.0000	0.0000	0.0000	0.0000	0.0000	0.0000	0.0000	0.0000	0.0000	0.0000	0.0000	0.0000	0.0000	14.0000	0.0000	9.0000	4.0000	0.0000	0.0000	0.0000	0.0000	0.0000	0.0000	0.0000	0.0000	0.0000	0.0000	0.0000	0.0000	0.0000	0.0000	0.0000	0.0000	0.0000	0.0000	0.0000	0.0000	0.0000	0.0000	0.0000	0.0000	0.0000	0.0000	0.0000	0.0678	0.0311	0.0367	0.0026	0.0021	0.0005	0.0652	0.0291	0.0362	0.0000	0.0000	0.0000	0.0000	0.0000	0.0000	0.0000	0.0000	0.0000	0.0000	0.0000	0.0000	0.0000	0.0000	0.0000	0.0000	0.0000	0.0000											
21	33	0.0770	2	0	1	0	0	0	0	0	0	N	N	N	N	N	N	N	N	N	N	N	N	638.1848	0.0000	inf	0.0000	0.0000	inf	inf	0.1783	0.0000	1.8883	0.0000	0.0000	0.0000	0.2771	0.0000	1.9366	0.0003	0.0006	0.0000	0.0042	0.0047	0.0000	0.0000	0.0000	0.0000	inf	0.0000	0.0000	-0.0000	14.0000	0.0019	9.0000	1.9565	0.0001	0.0000	0.0001	0.0000	0.0000	0.0000	0.0001	0.0000	0.0001	0.0000	0.0000	0.0000	0.0000	0.0000	0.0000	0.0000	0.0000	0.0000	0.0004	0.0004	0.0000	0.0001	0.0001	0.0000	0.0003	0.0002	0.0000	0.0358	0.0168	0.0190	0.0024	0.0021	0.0002	0.0334	0.0147	0.0188	638.1848	0.0000	inf	0.0000	0.0000	0.0000	inf	0.0000	inf	0.0003	0.0006	0.0000	0.0042	0.0047	0.0000	0.0000	0.0000	0.0000		
21	34	0.0728	3	1	2	1	0	0	0	0	0	N	Y	N	N	N	N	N	N	N	N	N	N	20.8485	12.3951	42.5946	42.3720	0.0055	0.0063	0.0000	0.0770	0.0792	0.0000	0.0000	0.0000	0.0000	0.0003	0.0005	0.0000	0.0018	0.0019	0.0000	0.0000	0.0000	0.0000	0.0000	0.0000	-0.0007	-0.0000	14.0000	3.0034	9.0000	4.0042	0.0014	0.0014	0.0000	0.0014	0.0014	0.0000	0.0000	0.0000	0.0000	0.0000	0.0000	0.0000	0.0000	0.0000	0.0000	0.0000	0.0000	0.0000	0.2584	0.2272	0.0312	0.0184	0.0179	0.0005	0.2399	0.2093	0.0307	0.1517	0.0793	0.0724	0.0221	0.0214	0.0007	0.1296	0.0579	0.0717	20.8485	12.3951	0.0000	42.5946	42.3720	0.0000	0.0000	0.0000	0.0000	0.0003	0.0005	0.0000	0.0018	0.0019	0.0000	0.0000	0.0000	0.0000					
21	35	0.0728	3	1	2	1	0	0	0	0	0	N	Y	N	N	N	N	N	N	N	N	N	N	11382.1841	6747.9192	0.5277	0.5271	inf	inf	2.6942	3.0733	0.0000	0.0009	0.0009	0.0000	2.8664	3.2913	0.0000	0.0002	0.0005	0.0000	0.0017	0.0018	0.0000	0.0000	0.0000	0.0000	0.0000	0.0000	-0.4635	-0.0000	14.0000	4.4649	9.0000	3.5311	0.9986	0.9986	0.0000	0.0000	0.0000	0.0000	0.9986	0.9986	0.0000	0.0000	0.0000	0.0000	0.0000	0.0000	0.0000	0.0000	0.0000	0.0000	0.3706	0.3249	0.0457	0.0223	0.0215	0.0007	0.3484	0.3034	0.0450	0.1690	0.0878	0.0812	0.0235	0.0227	0.0008	0.1455	0.0651	0.0803	11382.1841	6747.9192	0.0000	0.5277	0.5271	0.0000	inf	inf	0.0000	0.0002	0.0005	0.0000	0.0017	0.0018	0.0000	0.0000	0.0000	0.0000			
21	36	0.0585	2	1	2	1	0	0	0	0	0	N	Y	N	N	N	N	N	N	N	N	N	N	0.0000	0.0000	0.0000	0.0000	0.0000	0.0000	0.0000	0.0000	0.0000	0.0000	0.0000	0.0000	0.0000	0.0000	0.0000	0.0003	0.0004	0.0001	0.0000	0.0000	0.0000	0.0003	0.0005	0.0001	0.3333	0.0000	-0.0000	14.0000	1.6626	9.0000	6.4813	0.0000	0.0000	0.0000	0.0000	0.0000	0.0000	0.0000	0.0000	0.0000	0.0000	0.0000	0.0000	0.0000	0.0000	0.0000	0.0000	0.0000	0.0000	0.1301	0.1150	0.0151	0.0128	0.0126	0.0002	0.1173	0.1024	0.0148	0.1535	0.0782	0.0752	0.0191	0.0188	0.0002	0.1344	0.0594	0.0750	0.0000	0.0000	0.0000	0.0000	0.0000	0.0000	0.0000	0.0000	0.0000	0.0003	0.0004	0.0001	0.0000	0.0000	0.0000	0.0003	0.0005	0.0001				
21	37	0.0670	2	1	2	0	0	0	0	0	0	N	Y	N	N	N	N	N	N	N	N	N	N	47.7166	27.5847	0.0271	0.0268	inf	inf	1.9762	2.2590	0.0000	0.0080	0.0082	0.0000	2.0835	2.3979	0.0000	0.0414	0.0819	0.0000	0.2962	0.3040	0.0000	0.0000	0.0000	0.0000	0.0000	0.0000	-0.4642	-0.0127	14.0000	5.8118	9.0000	10.8965	1.0001	1.0001	0.0000	0.0002	0.0002	0.0000	0.9999	0.9999	0.0000	0.0170	0.0170	0.0000	0.0170	0.0170	0.0000	0.0000	0.0000	0.0000	0.5061	0.4427	0.0633	0.0262	0.0257	0.0004	0.4799	0.4170	0.0629	0.4110	0.2078	0.2031	0.0575	0.0560	0.0015	0.3535	0.1518	0.2017	47.7166	27.5847	0.0000	0.0271	0.0268	0.0000	inf	inf	0.0000	0.0414	0.0819	0.0000	0.2962	0.3040	0.0000	0.0000	0.0000	0.0000			
21	39	0.0566	2	0	2	0	0	0	0	0	0	N	Y	N	N	N	N	N	N	N	N	N	N	13080.2293	7630.5600	0.9665	0.9876	inf	inf	1.8253	2.0980	0.0000	0.0010	0.0011	0.0000	1.8942	2.1845	0.0000	0.0001	0.0003	0.0000	0.0010	0.0011	0.0000	0.0000	0.0000	0.0000	0.0000	0.0000	-0.4635	-0.0000	14.0000	6.9653	9.0000	2.9126	0.9986	0.9986	0.0000	0.0000	0.0000	0.0000	0.9986	0.9986	0.0000	0.0000	0.0000	0.0000	0.0000	0.0000	0.0000	0.0000	0.0000	0.0000	0.5471	0.4760	0.0711	0.0199	0.0189	0.0010	0.5272	0.4571	0.0701	0.2150	0.1091	0.1059	0.0289	0.0279	0.0009	0.1861	0.0812	0.1050	13080.2293	7630.5600	0.0000	0.9665	0.9876	0.0000	inf	inf	0.0000	0.0001	0.0003	0.0000	0.0010	0.0011	0.0000	0.0000	0.0000	0.0000			
21	41	0.0770	2	0	1	1	0	0	0	0	0	N	N	N	N	N	N	N	N	N	N	N	N	1.5744	0.0000	inf	0.0000	0.0000	inf	inf	0.0002	0.0000	0.0017	0.0000	0.0000	0.0000	0.0003	0.0000	0.0018	0.0001	0.0003	0.0000	0.0028	0.0032	0.0000	0.0000	0.0000	0.0000	inf	0.0000	0.0000	-0.0000	14.0000	4.0003	9.0000	0.0531	0.0001	0.0000	0.0001	0.0000	0.0000	0.0000	0.0001	0.0000	0.0001	0.0000	0.0000	0.0000	0.0000	0.0000	0.0000	0.0000	0.0000	0.0000	0.3157	0.2754	0.0402	0.0387	0.0367	0.0019	0.2770	0.2387	0.0383	0.0710	0.0329	0.0381	0.0036	0.0031	0.0005	0.0674	0.0298	0.0376	1.5744	0.0000	inf	0.0000	0.0000	0.0000	inf	0.0000	inf	0.0001	0.0003	0.0000	0.0028	0.0032	0.0000	0.0000	0.0000	0.0000		
21	46	0.0585	2	1	1	1	0	0	0	0	0	N	N	N	N	N	N	N	N	N	N	N	N	0.0000	0.0000	0.0000	0.0000	0.0000	0.0000	0.0000	0.0000	0.0000	0.0000	0.0000	0.0000	0.0000	0.0000	0.0000	0.0000	0.0000	0.0000	0.0000	0.0000	14.0000	1.8806	9.0000	4.9930	0.0000	0.0000	0.0000	0.0000	0.0000	0.0000	0.0000	0.0000	0.0000	0.0000	0.0000	0.0000	0.0000	0.0000	0.0000	0.0000	0.0000	0.0000	0.1446	0.1277	0.0169	0.0133	0.0131	0.0002	0.1313	0.1147	0.0167	0.1354	0.0699	0.0654	0.0187	0.0185	0.0002	0.1166	0.0514	0.0652	0.0000	0.0000	0.0000	0.0000	0.0000	0.0000	0.0000	0.0000	0.0000	0.0000	0.0000	0.0000	0.0000	0.0000	0.0000	0.0000	0.0000	0.0000											
21	51	0.0732	2	0	2	0	1	0	0	0	0	N	Y	N	N	N	N	N	N	N	N	N	N	inf	inf	inf	inf	inf	inf	inf	inf	0.0031	0.0019	0.0186	0.0004	0.0000	0.0568	0.0052	0.0037	0.0170	0.0000	0.0000	0.0000	0.0000	0.0000	0.0000	0.0000	0.0000	0.0000	0.7143	-0.0001	0.0000	14.0000	0.9739	9.0000	0.0244	0.0016	0.0009	0.0006	0.0001	0.0000	0.0001	0.0015	0.0009	0.0006	0.0000	0.0000	0.0000	0.0000	0.0000	0.0000	0.0000	0.0000	0.0000	0.5049	0.4700	0.0349	0.2229	0.2215	0.0014	0.2820	0.2485	0.0335	0.3302	0.2678	0.0625	0.1665	0.1607	0.0058	0.1638	0.1071	0.0567	inf	inf	inf	inf	0.0000	inf	inf	inf	inf	0.0000	0.0000	0.0000	0.0000	0.0000	0.0000	0.0000	0.0000	0.0000		
21	53	0.0812	2	1	2	0	0	0	0	0	0	N	Y	N	N	N	N	N	N	N	N	N	N	0.0000	0.0000	0.0000	0.0000	0.0000	0.0000	0.0000	0.0000	0.0000	0.0000	0.0000	0.0000	0.0000	0.0000	0.0000	0.0205	0.0000	0.0557	0.0081	0.0000	0.1814	0.0260	0.0000	0.0507	inf	0.0000	0.0010	14.0000	1.0294	9.0000	5.0054	0.0000	0.0000	0.0000	0.0000	0.0000	0.0000	0.0000	0.0000	0.0000	0.0041	0.0000	0.0041	0.0005	0.0000	0.0005	0.0036	0.0000	0.0036	0.1806	0.1600	0.0206	0.0510	0.0505	0.0005	0.1297	0.1095	0.0202	0.1990	0.1257	0.0733	0.0615	0.0588	0.0028	0.1375	0.0669	0.0706	0.0000	0.0000	0.0000	0.0000	0.0000	0.0000	0.0000	0.0000	0.0000	0.0205	0.0000	0.0557	0.0081	0.0000	0.1814	0.0260	0.0000	0.0507				
21	58	0.2401	4	0	1	0	0	0	0	0	0	N	N	N	N	N	N	N	N	N	N	N	N	18.4852	13.7918	1.4343	1.3833	inf	inf	0.3817	0.4247	0.0000	0.0645	0.0665	0.0000	0.5445	0.6314	0.0000	0.0206	0.0308	0.0000	0.0450	0.0481	0.0000	0.0000	0.0000	0.0000	0.0000	0.0000	-0.4644	-0.0316	14.0000	16.5869	9.0000	24.5040	1.0004	1.0004	0.0000	0.0574	0.0574	0.0000	0.9431	0.9431	0.0000	0.0422	0.0422	0.0000	0.0422	0.0422	0.0000	0.0000	0.0000	0.0000	2.6210	2.3558	0.2652	0.8890	0.8622	0.0268	1.7319	1.4935	0.2384	2.0456	1.3718	0.6738	0.9392	0.8785	0.0607	1.1064	0.4933	0.6131	18.4852	13.7918	0.0000	1.4343	1.3833	0.0000	inf	inf	0.0000	0.0206	0.0308	0.0000	0.0450	0.0481	0.0000	0.0000	0.0000	0.0000			
22	23	0.0399	2	2	2	0	0	0	0	0	0	Y	Y	N	N	N	N	N	N	N	N	N	N	91.3436	0.0164	inf	12.4397	0.0362	inf	inf	inf	0.5315	0.0001	4.4739	0.1938	0.0006	18.2198	0.6235	0.0000	4.2059	0.0058	0.0085	0.0000	0.0156	0.0161	0.0000	0.0000	0.0000	0.0000	4304.6667	0.0000	0.0692	-0.0009	1.8226	14.0000	1.1826	21.0000	0.1292	0.0000	0.1291	0.0101	0.0000	0.0101	0.1191	0.0000	0.1191	0.0012	0.0012	0.0000	0.0012	0.0012	0.0000	0.0000	0.0000	0.0000	0.2430	0.2142	0.0289	0.0521	0.0515	0.0006	0.1910	0.1627	0.0283	0.2097	0.1428	0.0669	0.0783	0.0757	0.0026	0.1314	0.0670	0.0644	91.3436	0.0164	inf	12.4397	0.0362	inf	inf	0.0000	inf	0.0058	0.0085	0.0000	0.0156	0.0161	0.0000	0.0000	0.0000	0.0000	
22	24	0.0744	4	1	1	1	0	0	0	0	0	N	N	N	N	N	N	N	N	N	N	N	N	0.0000	0.0000	0.0000	0.0000	0.0000	0.0000	0.0000	0.0000	0.0000	0.0000	0.0000	0.0000	0.0000	0.0000	0.0000	0.0000	0.0000	0.0000	0.0000	0.0000	1.8226	0.0000	1.1826	0.0000	0.0000	0.0000	0.0000	0.0000	0.0000	0.0000	0.0000	0.0000	0.0000	0.0000	0.0000	0.0000	0.0000	0.0000	0.0000	0.0000	0.0000	0.0000	0.0000	0.0000	0.0000	0.0000	0.0000	0.0000	0.0000	0.0000	0.0000	0.0000	0.0000	0.0000	0.0000	0.0000	0.0000	0.0000	0.0000	0.0000	0.0000	0.0000	0.0000	0.0000	0.0000	0.0000	0.0000	0.0000	0.0000	0.0000	0.0000	0.0000	0.0000	0.0000	0.0000	0.0000	0.0000	0.0000											
22	25	0.0399	2	1	2	0	0	0	0	0	0	N	Y	N	N	N	N	N	N	N	N	N	N	0.3554	0.2742	0.6211	0.6072	0.0004	0.0005	0.0000	0.0020	0.0020	0.0000	0.0000	0.0000	0.0000	0.0012	0.0018	0.0000	0.0032	0.0033	0.0000	0.0000	0.0000	0.0000	0.0000	0.0000	-0.0000	-0.0001	1.8226	12.0000	1.1826	12.0000	0.0001	0.0001	0.0000	0.0001	0.0001	0.0000	0.0000	0.0000	0.0000	0.0002	0.0002	0.0000	0.0002	0.0002	0.0000	0.0000	0.0000	0.0000	0.2104	0.1854	0.0250	0.0449	0.0444	0.0005	0.1655	0.1409	0.0246	0.1496	0.1016	0.0479	0.0558	0.0540	0.0018	0.0937	0.0477	0.0461	0.3554	0.2742	0.0000	0.6211	0.6072	0.0000	0.0000	0.0000	0.0000	0.0012	0.0018	0.0000	0.0032	0.0033	0.0000	0.0000	0.0000	0.0000					
22	26	0.0545	3	2	1	1	0	0	0	0	0	Y	N	N	N	N	N	N	N	N	N	N	N	0.0061	0.0061	0.0001	0.0105	0.0103	3.7269	0.0000	0.0102	0.0000	0.0003	0.0003	0.0000	0.0008	0.0009	0.0000	0.0000	0.0000	0.0000	0.0421	0.0473	0.0323	0.0803	0.0833	0.0000	0.0182	0.0000	0.0337	0.0009	0.3610	-0.0000	-0.0012	1.8226	4.5914	1.1826	6.1047	0.0000	0.0000	0.0000	0.0000	0.0000	0.0000	0.0000	0.0000	0.0000	0.0025	0.0018	0.0007	0.0018	0.0018	0.0000	0.0007	0.0000	0.0007	0.0786	0.0696	0.0090	0.0240	0.0235	0.0006	0.0546	0.0462	0.0084	0.0594	0.0389	0.0206	0.0229	0.0221	0.0008	0.0365	0.0168	0.0197	0.0061	0.0061	0.0001	0.0105	0.0103	3.7269	0.0000	0.0102	0.0000	0.0421	0.0473	0.0323	0.0803	0.0833	0.0000	0.0182	0.0000	0.0337
22	27	0.0399	2	1	2	0	0	0	0	0	0	N	Y	N	N	N	N	N	N	N	N	N	N	455.9535	0.1516	inf	30.9428	0.3369	inf	inf	inf	0.6548	0.0003	5.4888	0.1191	0.0013	10.9583	0.7997	0.0000	5.3818	0.0014	0.0021	0.0000	0.0038	0.0040	0.0000	0.0000	0.0000	0.0000	2318.4000	0.0000	0.0621	-0.0001	1.8226	10.0000	1.1826	11.0000	0.1160	0.0001	0.1159	0.0045	0.0001	0.0044	0.1115	0.0000	0.1115	0.0002	0.0002	0.0000	0.0002	0.0002	0.0000	0.0000	0.0000	0.0000	0.1771	0.1560	0.0211	0.0377	0.0373	0.0004	0.1394	0.1187	0.0207	0.1323	0.0899	0.0424	0.0494	0.0477	0.0016	0.0829	0.0421	0.0408	455.9535	0.1516	inf	30.9428	0.3369	inf	inf	0.0000	inf	0.0014	0.0021	0.0000	0.0038	0.0040	0.0000	0.0000	0.0000	0.0000	
22	28	0.0399	2	1	2	0	1	0	0	0	0	N	Y	N	N	N	N	N	N	N	N	N	N	33.4084	290.5378	44.7053	21.1808	50.3899	27.8126	29.9586	inf	48.0504	1.0808	0.6466	4.2992	0.3004	0.2111	8.6022	1.2931	0.7842	4.2152	0.0324	0.0022	0.0962	0.0142	0.0042	0.3093	0.0432	0.0000	0.0877	0.8971	20.4000	0.0021	0.0009	1.8226	13.0000	1.1826	8.0000	0.2451	0.1292	0.1159	0.0146	0.0101	0.0044	0.2306	0.1191	0.1115	0.0043	0.0002	0.0041	0.0007	0.0002	0.0005	0.0036	0.0000	0.0036	0.2268	0.1998	0.0270	0.0485	0.0480	0.0005	0.1783	0.1519	0.0264	0.1323	0.0899	0.0424	0.0494	0.0477	0.0016	0.0829	0.0421	0.0408	33.4084	290.5378	44.7053	21.1808	50.3899	27.8126	29.9586	inf	48.0504	0.0324	0.0022	0.0962	0.0142	0.0042	0.3093	0.0432	0.0000	0.0877
22	29	0.0545	3	2	1	1	0	0	0	0	0	Y	N	N	N	N	N	N	N	N	N	N	N	0.0246	1.6230	0.0001	2.7485	2.7429	0.3715	0.0000	0.0143	0.0000	0.0005	0.0005	0.0000	0.0015	0.0015	0.0001	0.0000	0.0000	0.0000	0.0194	0.0003	0.0538	0.0005	0.0006	0.0001	0.0316	0.0000	0.0559	0.0008	89.2099	-0.0000	0.0002	1.8226	1.9609	1.1826	3.0643	0.0000	0.0000	0.0000	0.0000	0.0000	0.0000	0.0000	0.0000	0.0000	0.0007	0.0000	0.0007	0.0000	0.0000	0.0000	0.0007	0.0000	0.0007	0.0424	0.0374	0.0050	0.0135	0.0132	0.0003	0.0289	0.0242	0.0047	0.0362	0.0233	0.0129	0.0142	0.0138	0.0005	0.0219	0.0095	0.0124	0.0246	1.6230	0.0001	2.7485	2.7429	0.3715	0.0000	0.0143	0.0000	0.0194	0.0003	0.0538	0.0005	0.0006	0.0001	0.0316	0.0000	0.0559
22	30	0.0399	2	2	1	1	0	0	0	0	0	Y	N	N	N	N	N	N	N	N	N	N	N	0.0106	0.5199	0.0000	1.2178	1.1915	0.0000	0.0000	0.0000	0.0000	0.0020	0.0022	0.0000	0.0093	0.0094	0.0000	0.0000	0.0000	0.0000	0.1855	0.0043	0.5669	0.0077	0.0079	0.0001	0.2912	0.0002	0.5893	0.0000	62.6846	-0.0001	0.0027	1.8226	4.4603	1.1826	5.0070	0.0002	0.0002	0.0000	0.0002	0.0002	0.0000	0.0000	0.0000	0.0000	0.0116	0.0002	0.0114	0.0002	0.0002	0.0000	0.0114	0.0000	0.0114	0.0813	0.0715	0.0097	0.0171	0.0169	0.0002	0.0641	0.0546	0.0096	0.0623	0.0422	0.0201	0.0232	0.0224	0.0008	0.0391	0.0198	0.0193	0.0106	0.5199	0.0000	1.2178	1.1915	0.0000	0.0000	0.0000	0.0000	0.1855	0.0043	0.5669	0.0077	0.0079	0.0001	0.2912	0.0002	0.5893
22	31	0.0399	2	1	1	1	0	0	0	0	0	N	N	N	N	N	N	N	N	N	N	N	N	0.0919	0.0709	0.1621	0.1585	0.0009	0.0010	0.0000	0.0044	0.0044	0.0000	0.0000	0.0000	0.0000	0.0100	0.0148	0.0000	0.0269	0.0278	0.0000	0.0000	0.0000	0.0000	0.0000	0.0000	-0.0000	-0.0009	1.8226	6.0000	1.1826	13.0000	0.0001	0.0001	0.0000	0.0001	0.0001	0.0000	0.0000	0.0000	0.0000	0.0012	0.0012	0.0000	0.0012	0.0012	0.0000	0.0000	0.0000	0.0000	0.1085	0.0955	0.0130	0.0229	0.0227	0.0002	0.0855	0.0728	0.0127	0.1206	0.0819	0.0387	0.0450	0.0435	0.0015	0.0756	0.0384	0.0372	0.0919	0.0709	0.0000	0.1621	0.1585	0.0000	0.0000	0.0000	0.0000	0.0100	0.0148	0.0000	0.0269	0.0278	0.0000	0.0000	0.0000	0.0000					
22	32	0.0744	4	1	2	0	0	0	0	0	0	N	Y	N	N	N	N	N	N	N	N	N	N	0.0000	0.0000	0.0000	0.0000	0.0000	0.0000	0.0000	0.0000	0.0000	0.0000	0.0000	0.0000	0.0000	0.0044	0.0063	0.0000	0.0107	0.0111	0.0000	0.0000	0.0000	0.0000	0.0000	0.0000	-0.0001	1.8226	0.0000	1.1826	4.0000	0.0000	0.0000	0.0000	0.0000	0.0000	0.0000	0.0000	0.0000	0.0000	0.0001	0.0001	0.0000	0.0001	0.0001	0.0000	0.0000	0.0000	0.0000	0.0000	0.0000	0.0000	0.0000	0.0000	0.0000	0.0000	0.0000	0.0000	0.0250	0.0176	0.0074	0.0103	0.0099	0.0004	0.0147	0.0077	0.0070	0.0000	0.0000	0.0000	0.0000	0.0000	0.0000	0.0000	0.0000	0.0000	0.0044	0.0063	0.0000	0.0107	0.0111	0.0000	0.0000	0.0000	0.0000						
22	33	0.0708	3	1	1	0	0	0	0	0	0	N	N	N	N	N	N	N	N	N	N	N	N	1.0192	0.8392	0.0000	1.1030	1.1076	0.0000	0.0000	0.0000	0.0000	0.0002	0.0002	0.0000	0.0005	0.0005	0.0000	0.0000	0.0000	0.0000	0.0002	0.0002	0.0000	0.0004	0.0004	0.0004	0.0000	0.0000	0.0000	0.0000	0.0598	-0.0000	-0.0000	1.8226	0.0019	1.1826	1.9565	0.0000	0.0000	0.0000	0.0000	0.0000	0.0000	0.0000	0.0000	0.0000	0.0000	0.0000	0.0000	0.0000	0.0000	0.0000	0.0000	0.0000	0.0000	0.0001	0.0001	0.0000	0.0000	0.0000	0.0000	0.0000	0.0000	0.0000	0.0126	0.0089	0.0038	0.0052	0.0050	0.0002	0.0074	0.0038	0.0036	1.0192	0.8392	0.0000	1.1030	1.1076	0.0000	0.0000	0.0000	0.0000	0.0002	0.0002	0.0000	0.0004	0.0004	0.0004	0.0000	0.0000	0.0000
22	34	0.0666	4	2	2	1	0	0	0	0	0	Y	Y	N	N	N	N	N	N	N	N	N	N	0.0000	0.0000	0.0000	0.0000	0.0000	0.0000	0.0000	0.0000	0.0000	0.0000	0.0000	0.0000	0.0000	0.0000	0.0000	0.0000	0.0000	0.0000	1.8591	2.7107	0.0296	0.1464	0.1653	0.0152	3.3110	6.3401	0.0328	0.0051	0.0000	-0.0873	1.8226	3.0034	1.1826	4.0042	0.0000	0.0000	0.0000	0.0000	0.0000	0.0000	0.0000	0.0000	0.0000	0.1174	0.1168	0.0006	0.0042	0.0042	0.0001	0.1131	0.1126	0.0005	0.0554	0.0491	0.0063	0.0160	0.0157	0.0003	0.0394	0.0334	0.0059	0.0631	0.0431	0.0201	0.0290	0.0253	0.0036	0.0342	0.0178	0.0164	0.0000	0.0000	0.0000	0.0000	0.0000	0.0000	0.0000	0.0000	0.0000	1.8591	2.7107	0.0296	0.1464	0.1653	0.0152	3.3110	6.3401	0.0328	
22	35	0.0666	4	2	2	1	0	0	0	0	0	Y	Y	N	N	N	N	N	N	N	N	N	N	0.0002	0.0002	0.0000	0.0004	0.0004	0.0000	0.0000	0.0000	0.0000	0.0000	0.0000	0.0000	0.0001	0.0001	0.0000	0.0000	0.0000	0.0000	0.0609	0.0768	0.0271	0.1158	0.1294	0.0150	0.0158	0.0031	0.0295	0.0015	0.1650	-0.0000	-0.0026	1.8226	4.4649	1.1826	3.5311	0.0000	0.0000	0.0000	0.0000	0.0000	0.0000	0.0000	0.0000	0.0000	0.0042	0.0036	0.0006	0.0036	0.0036	0.0001	0.0006	0.0001	0.0005	0.0816	0.0723	0.0092	0.0236	0.0231	0.0005	0.0579	0.0492	0.0087	0.0693	0.0472	0.0221	0.0313	0.0276	0.0037	0.0380	0.0197	0.0184	0.0002	0.0002	0.0000	0.0004	0.0004	0.0000	0.0000	0.0000	0.0000	0.0609	0.0768	0.0271	0.1158	0.1294	0.0150	0.0158	0.0031	0.0295
22	36	0.0522	3	2	2	1	0	0	0	0	0	Y	Y	N	N	N	N	N	N	N	N	N	N	0.0001	0.0000	0.0005	0.0000	0.0000	0.0000	0.0001	0.0000	0.0005	0.0000	0.0000	0.0004	0.0000	0.0000	0.0000	0.0001	0.0000	0.0004	0.3611	0.0620	0.7798	0.0676	0.0327	0.7677	0.6408	0.8062	0.7805	660.2778	8.9823	0.0000	0.0089	1.8226	1.6626	1.1826	6.4813	0.0000	0.0000	0.0000	0.0000	0.0000	0.0000	0.0000	0.0000	0.0000	0.0590	0.0059	0.0531	0.0054	0.0025	0.0029	0.0536	0.0034	0.0502	0.0305	0.0273	0.0032	0.0100	0.0098	0.0002	0.0204	0.0174	0.0030	0.1633	0.0952	0.0680	0.0797	0.0759	0.0038	0.0836	0.0194	0.0643	0.0001	0.0000	0.0005	0.0000	0.0000	0.0000	0.0001	0.0000	0.0005	0.3611	0.0620	0.7798	0.0676	0.0327	0.7677	0.6408	0.1770	0.7805
22	37	0.0608	3	2	2	0	0	0	0	0	0	Y	Y	N	N	N	N	N	N	N	N	N	N	0.0003	0.0004	0.0000	0.0077	0.0065	0.8580	0.0000	0.0000	0.0000	0.0002	0.0002	0.0000	0.0007	0.0007	0.0005	0.0000	0.0000	0.0000	0.4803	0.4077	0.6112	0.0856	0.1015	0.0006	0.9626	1.1974	0.8063	0.0170	0.8306	-0.0000	-0.0461	1.8226	5.8118	1.1826	10.8965	0.0000	0.0000	0.0000	0.0000	0.0000	0.0000	0.0000	0.0000	0.0000	0.1564	0.0855	0.0710	0.0153	0.0153	0.0000	0.1411	0.0701	0.0710	0.1104	0.0976	0.0128	0.0257	0.0254	0.0003	0.0846	0.0722	0.0125	0.3257	0.2096	0.1161	0.1791	0.1510	0.0281	0.1466	0.0586	0.0880	0.0003	0.0004	0.0000	0.0077	0.0065	0.8580	0.0000	0.0000	0.0000	0.4803	0.4077	0.6112	0.0856	0.1015	0.0006	0.9626	1.1974	0.8063
22	38	0.0399	2	2	2	0	0	0	0	0	0	Y	Y	N	N	N	N	N	N	N	N	N	N	0.0004	0.0004	0.0007	0.0155	0.0161	0.0012	0.0001	0.0000	0.0007	0.0005	0.0004	0.0014	0.0015	0.0015	0.0002	0.0002	0.0000	0.0014	1.1580	0.8350	1.8392	0.0969	0.0942	0.1772	1.7888	1.6757	1.9049	0.4943	1.0441	-0.0000	-0.0243	1.8226	5.2458	1.1826	8.3786	0.0000	0.0000	0.0000	0.0000	0.0000	0.0000	0.0000	0.0000	0.0000	0.1021	0.0500	0.0522	0.0032	0.0030	0.0002	0.0989	0.0470	0.0520	0.0952	0.0838	0.0114	0.0201	0.0199	0.0002	0.0751	0.0639	0.0112	0.0882	0.0598	0.0284	0.0329	0.0318	0.0011	0.0553	0.0280	0.0273	0.0004	0.0004	0.0007	0.0155	0.0161	0.0012	0.0001	0.0000	0.0007	1.1580	0.8350	1.8392	0.0969	0.0942	0.1772	1.7888	1.6757	1.9049
22	39	0.0504	3	1	2	0	0	0	0	0	0	N	Y	N	N	N	N	N	N	N	N	N	N	0.0055	0.0082	0.0000	0.0003	0.0003	0.0245	0.0091	9.5168	0.0000	0.0004	0.0005	0.0000	0.0000	0.0000	0.0000	0.0006	0.0007	0.0000	0.0808	0.0619	0.1147	0.0996	0.1032	0.0017	0.0682	0.0001	0.1195	0.0006	1.0281	-0.0000	-0.0015	1.8226	6.9653	1.1826	2.9126	0.0001	0.0001	0.0000	0.0000	0.0000	0.0000	0.0001	0.0001	0.0000	0.0064	0.0031	0.0032	0.0031	0.0031	0.0000	0.0032	0.0000	0.0032	0.1269	0.1125	0.0144	0.0369	0.0361	0.0008	0.0900	0.0764	0.0136	0.0787	0.0506	0.0281	0.0315	0.0304	0.0011	0.0472	0.0203	0.0270	0.0055	0.0082	0.0000	0.0003	0.0003	0.0245	0.0091	9.5168	0.0000	0.0808	0.0619	0.1147	0.0996	0.1032	0.0017	0.0682	0.0001	0.1195
22	40	0.0399	2	1	2	0	0	0	0	0	0	N	Y	N	N	N	N	N	N	N	N	N	N	6.4905	471.7959	0.0000	10.4195	26.7458	0.0000	5.1670	795.6463	0.0000	1.6713	1.8992	0.0000	0.1286	0.1300	0.0000	2.0831	2.4481	0.0000	0.2575	0.0040	0.7906	0.0123	0.0049	0.2330	0.4032	0.0031	0.8126	0.0000	93.3805	-0.0573	0.0035	1.8226	4.0410	1.1826	4.5605	0.1233	0.1233	0.0000	0.0020	0.0020	0.0000	0.1213	0.1213	0.0000	0.0146	0.0002	0.0145	0.0003	0.0001	0.0002	0.0144	0.0001	0.0143	0.0738	0.0649	0.0089	0.0155	0.0154	0.0002	0.0583	0.0496	0.0087	0.0567	0.0385	0.0183	0.0211	0.0205	0.0007	0.0356	0.0180	0.0176	6.4905	471.7959	0.0000	10.4195	26.7458	0.0000	5.1670	795.6463	0.0000	0.2575	0.0040	0.7906	0.0123	0.0049	0.2330	0.4032	0.0031	0.8126
22	41	0.0708	3	1	1	1	0	0	0	0	0	N	N	N	N	N	N	N	N	N	N	N	N	0.0019	0.0016	0.0000	0.0028	0.0029	0.0000	0.0000	0.0000	0.0000	0.0000	0.0000	0.0000	0.0000	0.0000	0.0000	0.0000	0.0000	0.0000	0.0001	0.0001	0.0000	0.0002	0.0002	0.0002	0.0000	0.0000	0.0000	0.0000	0.0598	-0.0000	-0.0000	1.8226	4.0003	1.1826	0.0531	0.0000	0.0000	0.0000	0.0000	0.0000	0.0000	0.0000	0.0000	0.0000	0.0000	0.0000	0.0000	0.0000	0.0000	0.0000	0.0000	0.0000	0.0000	0.0710	0.0628	0.0082	0.0208	0.0203	0.0004	0.0502	0.0425	0.0078	0.0256	0.0180	0.0076	0.0106	0.0102	0.0004	0.0151	0.0078	0.0072	0.0019	0.0016	0.0000	0.0028	0.0029	0.0000	0.0000	0.0000	0.0000	0.0001	0.0001	0.0000	0.0002	0.0002	0.0002	0.0000	0.0000	0.0000
22	42	0.0399	2	1	1	0	0	0	0	0	0	N	N	N	N	N	N	N	N	N	N	N	N	0.0942	0.0727	0.0000	0.1658	0.1622	0.0000	0.0000	0.0000	0.0005	0.0006	0.0000	0.0023	0.0024	0.0000	0.0000	0.0000	0.0000	0.0053	0.0078	0.0000	0.0142	0.0146	0.0000	0.0000	0.0000	0.0000	0.0000	0.0007	-0.0000	-0.0005	1.8226	8.9997	1.1826	11.0444	0.0001	0.0001	0.0000	0.0001	0.0001	0.0000	0.0000	0.0000	0.0000	0.0007	0.0007	0.0000	0.0007	0.0007	0.0000	0.0000	0.0000	0.0000	0.1602	0.1411	0.0191	0.0340	0.0337	0.0004	0.1262	0.1074	0.0188	0.1267	0.0861	0.0407	0.0473	0.0457	0.0015	0.0794	0.0403	0.0391	0.0942	0.0727	0.0000	0.1658	0.1622	0.0000	0.0000	0.0000	0.0000	0.0053	0.0078	0.0000	0.0142	0.0146	0.0000	0.0000	0.0000	0.0000	
22	43	0.0399	2	2	2	1	0	0	0	0	0	Y	Y	N	N	N	N	N	N	N	N	N	N	7.6240	69.0646	0.0000	2.5809	2.5235	6.5277	inf	0.0000	0.6980	0.7925	0.0000	0.0539	0.0545	0.0000	0.8722	1.0244	0.0000	0.0916	0.0115	0.2614	0.0209	0.0216	0.0000	0.1336	0.0000	0.2717	0.0000	10.7411	-0.0573	0.0022	1.8226	10.0000	1.1826	13.0000	0.1234	0.1234	0.0000	0.0020	0.0020	0.0000	0.1214	0.1214	0.0000	0.0132	0.0011	0.0120	0.0011	0.0011	0.0000	0.0120	0.0000	0.0120	0.1768	0.1557	0.0211	0.0376	0.0372	0.0004	0.1392	0.1185	0.0207	0.1436	0.0976	0.0460	0.0536	0.0518	0.0018	0.0900	0.0458	0.0443	7.6240	69.0646	0.0000	2.5809	2.5235	0.0000	6.5277	inf	0.0000	0.0916	0.0115	0.2614	0.0209	0.0216	0.0000	0.1336	0.0000	0.2717	
22	44	0.0399	2	1	2	0	0	0	0	0	0	N	Y	N	N	N	N	N	N	N	N	N	N	0.0004	0.0317	0.0000	0.0141	0.0706	0.0000	0.0000	0.0000	0.0004	0.0005	0.0000	0.0020	0.0020	0.0000	0.0000	0.0000	0.0000	0.9716	0.0150	2.9979	0.1406	0.0283	6.1245	1.4661	0.0000	2.9797	0.0000	94.2148	-0.0000	0.0309	1.8226	8.0000	1.1826	13.0000	0.0001	0.0001	0.0000	0.0001	0.0001	0.0000	0.0000	0.0000	0.0000	0.1285	0.0013	0.1272	0.0069	0.0013	0.0056	0.1216	0.0000	0.1216	0.1431	0.1260	0.0171	0.0304	0.0300	0.0003	0.1128	0.0960	0.0168	0.1323	0.0899	0.0424	0.0494	0.0477	0.0016	0.0829	0.0421	0.0408	0.0004	0.0317	0.0000	0.0141	0.0706	0.0000	0.0000	0.0000	0.0000	0.9716	0.0150	2.9979	0.1406	0.0283	3.4579	1.4661	0.0000	2.9797	
22	45	0.0399	2	1	2	0	0	0	0	0	0	N	Y	N	N	N	N	N	N	N	N	N	N	0.2339	0.1804	0.4100	0.4009	0.0007	0.0008	0.0000	0.0032	0.0032	0.0000	0.0000	0.0000	0.0000	0.0029	0.0043	0.0000	0.0078	0.0080	0.0000	0.0000	0.0000	0.0000	0.0000	0.0000	-0.0001	-0.0003	1.8226	10.0000	1.1826	12.0000	0.0001	0.0001	0.0000	0.0001	0.0001	0.0000	0.0000	0.0000	0.0000	0.0004	0.0004	0.0000	0.0004	0.0004	0.0000	0.0000	0.0000	0.0000	0.1771	0.1560	0.0211	0.0377	0.0373	0.0004	0.1394	0.1187	0.0207	0.1381	0.0938	0.0443	0.0515	0.0498	0.0017	0.0866	0.0440	0.0426	0.2339	0.1804	0.0000	0.4100	0.4009	0.0000	0.0000	0.0000	0.0000	0.0029	0.0043	0.0000	0.0078	0.0080	0.0000	0.0000	0.0000	0.0000					
22	46	0.0522	3	2	1	1	0	0	0	0	0	Y	N	N	N	N	N	N	N	N	N	N	N	0.0000	0.0000	0.0000	0.0000	0.0000	0.0000	0.0000	0.0000	0.0000	0.0000	0.0000	0.0000	0.0000	0.0000	0.0000	0.0000	0.0000	0.0000	1.0952	1.3065	0.8057	0.0906	0.0555	0.7870	2.0703	6.6860	0.8069	0.4503	0.0000	-0.0752	1.8226	1.8806	1.1826	4.9930	0.0000	0.0000	0.0000	0.0000	0.0000	0.0000	0.0000	0.0000	0.0000	0.1716	0.1183	0.0533	0.0070	0.0041	0.0029	0.1646	0.1142	0.0504	0.0341	0.0305	0.0036	0.0112	0.0110	0.0002	0.0229	0.0196	0.0034	0.1566	0.0905	0.0661	0.0772	0.0735	0.0037	0.0795	0.0171	0.0624	0.0000	0.0000	0.0000	0.0000	0.0000	0.0000	0.0000	0.0000	0.0000	1.0952	1.3065	0.8057	0.0906	0.0555	0.7870	2.0703	6.6860	0.8069	
22	47	0.0399	2	2	1	1	0	0	0	0	0	Y	N	N	N	N	N	N	N	N	N	N	N	1.7482	47.9882	0.0000	0.8845	11.5265	0.0000	1.4481	6.1645	0.0000	3.1559	3.5871	0.0000	0.2436	0.2463	0.0000	3.9297	4.6191	0.0000	1.8052	0.0748	5.4398	0.2754	0.0214	18.2285	2.7137	0.7493	5.3480	0.0000	34.6460	-0.0573	0.0170	1.8226	2.1193	1.1826	4.2095	0.1234	0.1234	0.0000	0.0020	0.0020	0.0000	0.1214	0.1214	0.0000	0.0760	0.0021	0.0739	0.0043	0.0003	0.0040	0.0717	0.0018	0.0699	0.0391	0.0344	0.0047	0.0082	0.0081	0.0001	0.0309	0.0263	0.0046	0.0421	0.0285	0.0136	0.0157	0.0152	0.0005	0.0264	0.0134	0.0131	1.7482	47.9882	0.0000	0.8845	11.5265	0.0000	1.4481	34.1083	0.0000	1.8052	0.0748	5.4398	0.2754	0.0214	7.7716	2.7137	0.1354	5.3480
22	48	0.0399	2	1	2	0	1	0	0	0	0	N	Y	N	N	N	N	N	N	N	N	N	N	0.0509	0.0393	0.0891	0.0871	0.0002	0.0002	0.0000	0.0007	0.0007	0.0000	0.0000	0.0000	0.0000	0.0030	0.0045	0.0000	0.0082	0.0084	0.0000	0.0000	0.0000	0.0000	0.0000	0.0000	-0.0000	-0.0004	1.8226	11.0000	1.1826	18.0000	0.0000	0.0000	0.0000	0.0000	0.0000	0.0000	0.0000	0.0000	0.0000	0.0005	0.0005	0.0000	0.0005	0.0005	0.0000	0.0000	0.0000	0.0000	0.1938	0.1707	0.0231	0.0413	0.0409	0.0004	0.1525	0.1299	0.0226	0.1775	0.1207	0.0568	0.0662	0.0641	0.0022	0.1112	0.0566	0.0546	0.0509	0.0393	0.0000	0.0891	0.0871	0.0000	0.0000	0.0000	0.0000	0.0030	0.0045	0.0000	0.0082	0.0084	0.0000	0.0000	0.0000	0.0000					
22	49	0.0399	2	1	2	0	0	0	0	0	0	N	Y	N	N	N	N	N	N	N	N	N	N	0.0000	0.0000	0.0000	0.0000	0.0000	0.0000	0.0000	0.0000	0.0000	0.0000	0.0000	0.0000	0.0000	0.0134	0.0198	0.0000	0.0360	0.0372	0.0000	0.0000	0.0000	0.0000	0.0000	0.0000	-0.0011	1.8226	6.0000	1.1826	11.0000	0.0000	0.0000	0.0000	0.0000	0.0000	0.0000	0.0000	0.0000	0.0000	0.0015	0.0015	0.0000	0.0015	0.0015	0.0000	0.0000	0.0000	0.0000	0.1085	0.0955	0.0130	0.0229	0.0227	0.0002	0.0855	0.0728	0.0127	0.1087	0.0738	0.0349	0.0405	0.0392	0.0013	0.0682	0.0346	0.0336	0.0000	0.0000	0.0000	0.0000	0.0000	0.0000	0.0000	0.0000	0.0000	0.0134	0.0198	0.0000	0.0360	0.0372	0.0000	0.0000	0.0000	0.0000						
22	51	0.0670	3	1	2	0	1	0	0	0	0	N	Y	N	N	N	N	N	N	N	N	N	N	0.0000	0.0000	0.0000	0.0000	0.0000	0.0000	0.0000	0.0000	0.0000	0.0000	0.0000	0.0000	0.0000	0.0000	0.0000	0.0000	0.0000	0.0005	0.0009	0.0000	0.0010	0.0011	0.0000	0.0000	0.0000	0.0000	0.0002	0.0000	-0.0002	1.8226	0.9739	1.1826	0.0244	0.0000	0.0000	0.0000	0.0000	0.0000	0.0000	0.0000	0.0000	0.0000	0.0002	0.0002	0.0000	0.0002	0.0002	0.0000	0.0000	0.0000	0.0000	0.2922	0.1832	0.1090	0.1480	0.1422	0.0058	0.1442	0.0410	0.1032	0.3898	0.2200	0.1698	0.2044	0.1947	0.0097	0.1854	0.0253	0.1601	0.0000	0.0000	0.0000	0.0000	0.0000	0.0000	0.0000	0.0000	0.0000	0.0005	0.0009	0.0000	0.0010	0.0011	0.0000	0.0000	0.0000	0.0000		
22	52	0.0399	2	1	2	0	1	0	0	0	0	N	Y	N	N	N	N	N	N	N	N	N	N	0.4283	0.3203	1.1542	0.7310	0.5275	0.9995	0.3416	0.0404	1.1322	0.7585	0.0255	6.1716	0.1510	0.0089	13.2233	0.9227	0.0308	6.0336	1.7707	0.0798	5.3471	0.2065	0.0169	13.2298	2.7012	0.7616	5.3290	32.7110	31.6995	0.0681	0.0452	1.8226	10.0170	1.1826	8.1377	0.1345	0.0040	0.1305	0.0057	0.0003	0.0054	0.1288	0.0037	0.1252	0.2046	0.0063	0.1984	0.0089	0.0007	0.0082	0.1957	0.0056	0.1902	0.1774	0.1562	0.0212	0.0378	0.0373	0.0004	0.1396	0.1189	0.0207	0.1156	0.0785	0.0371	0.0431	0.0417	0.0014	0.0725	0.0368	0.0357	0.4283	0.3203	1.1542	0.7310	0.5275	2.2784	0.3416	0.2038	1.1322	1.7707	0.0798	5.3471	0.2065	0.0169	5.8037	2.7012	0.1510	5.3290
22	58	0.2339	5	1	1	0	0	0	0	0	0	N	N	N	N	N	N	N	N	N	N	N	N	0.0000	0.0000	0.0000	0.0001	0.0001	0.0000	0.0000	0.0000	0.0000	0.0000	0.0000	0.0000	0.0000	0.0000	0.0000	0.0000	0.0000	0.0000	0.0050	0.0065	0.0016	0.0072	0.0088	0.0000	0.0016	0.0008	0.0025	0.0000	0.1015	-0.0000	-0.0026	1.8226	16.5869	1.1826	24.5040	0.0000	0.0000	0.0000	0.0000	0.0000	0.0000	0.0000	0.0000	0.0000	0.0039	0.0035	0.0004	0.0034	0.0034	0.0000	0.0005	0.0001	0.0004	0.7721	0.6410	0.1311	0.4071	0.3508	0.0562	0.3650	0.2901	0.0749	0.7768	0.5482	0.2286	0.4741	0.3913	0.0828	0.3028	0.1570	0.1458	0.0000	0.0000	0.0000	0.0001	0.0001	0.0000	0.0000	0.0000	0.0000	0.0050	0.0065	0.0016	0.0072	0.0088	0.0000	0.0016	0.0008	0.0025
23	24	0.0989	3	1	1	1	0	0	0	0	0	N	N	N	N	N	N	N	N	N	N	N	N	0.0000	0.0000	0.0000	0.0000	0.0000	0.0000	0.0000	0.0000	0.0000	0.0000	0.0000	0.0000	0.0000	0.0000	0.0000	0.0000	0.0000	0.0000	0.0000	0.0000	14.0000	0.0000	21.0000	0.0000	0.0000	0.0000	0.0000	0.0000	0.0000	0.0000	0.0000	0.0000	0.0000	0.0000	0.0000	0.0000	0.0000	0.0000	0.0000	0.0000	0.0000	0.0000	0.0000	0.0000	0.0000	0.0000	0.0000	0.0000	0.0000	0.0000	0.0000	0.0000	0.0000	0.0000	0.0000	0.0000	0.0000	0.0000	0.0000	0.0000	0.0000	0.0000	0.0000	0.0000	0.0000	0.0000	0.0000	0.0000	0.0000	0.0000	0.0000	0.0000	0.0000	0.0000	0.0000	0.0000	0.0000	0.0000											
23	26	0.0790	2	2	1	1	0	0	0	0	0	Y	N	N	N	N	N	N	N	N	N	N	N	0.0000	0.0000	0.0000	0.0000	0.0000	0.0000	0.0000	0.0000	0.0000	0.0000	0.0000	0.0000	0.0000	0.0000	0.0000	0.0000	0.0000	3.6968	0.0001	7.3685	0.0009	0.0003	0.0233	4.2470	0.0000	7.4154	99855.0000	0.0000	0.2509	14.0000	4.5914	21.0000	6.1047	0.0000	0.0000	0.0000	0.0000	0.0000	0.0000	0.0000	0.0000	0.0000	0.9986	0.0000	0.9985	0.0000	0.0000	0.0000	0.9985	0.0000	0.9985	0.3423	0.2962	0.0461	0.0454	0.0431	0.0023	0.2969	0.2531	0.0438	0.2701	0.1346	0.1355	0.0350	0.0341	0.0009	0.2351	0.1005	0.1347	0.0000	0.0000	0.0000	0.0000	0.0000	0.0000	0.0000	0.0000	0.0000	3.6968	0.0001	7.3685	0.0009	0.0003	0.0233	4.2470	0.0000	7.4154		
23	29	0.0790	2	2	1	1	0	0	0	0	0	Y	N	N	N	N	N	N	N	N	N	N	N	0.0000	0.0000	0.0000	0.0000	0.0000	0.0000	0.0000	0.0000	0.0000	0.0000	0.0000	0.0000	0.0000	0.0087	0.0172	0.0000	0.0519	0.0528	0.0000	0.0000	0.0000	0.0000	0.0000	0.0000	-0.0011	14.0000	1.9609	21.0000	3.0643	0.0000	0.0000	0.0000	0.0000	0.0000	0.0000	0.0000	0.0000	0.0000	0.0015	0.0015	0.0000	0.0015	0.0015	0.0000	0.0000	0.0000	0.0000	0.1923	0.1656	0.0267	0.0328	0.0313	0.0014	0.1595	0.1343	0.0253	0.1700	0.0859	0.0841	0.0285	0.0280	0.0005	0.1415	0.0578	0.0836	0.0000	0.0000	0.0000	0.0000	0.0000	0.0000	0.0000	0.0000	0.0000	0.0087	0.0172	0.0000	0.0519	0.0528	0.0000	0.0000	0.0000	0.0000						
23	32	0.0989	3	1	2	0	0	0	0	0	0	N	Y	N	N	N	N	N	N	N	N	N	N	0.0000	0.0000	0.0000	0.0000	0.0000	0.0000	0.0000	0.0000	0.0000	0.0000	0.0000	0.0000	0.0000	10.2825	22.0306	0.0000	0.0000	0.0000	0.0000	10.5549	23.6314	0.0000	0.0000	0.0000	-0.7487	14.0000	0.0000	21.0000	4.0000	0.0000	0.0000	0.0000	0.0000	0.0000	0.0000	0.0000	0.0000	0.0000	1.0000	1.0000	0.0000	0.0000	0.0000	0.0000	1.0000	1.0000	0.0000	0.0000	0.0000	0.0000	0.0000	0.0000	0.0000	0.0000	0.0000	0.0000	0.0985	0.0454	0.0531	0.0038	0.0031	0.0007	0.0947	0.0423	0.0524	0.0000	0.0000	0.0000	0.0000	0.0000	0.0000	0.0000	0.0000	0.0000	10.1486	22.0306	0.0000	0.0000	0.0000	0.0000	10.5549	23.6314	0.0000						
23	33	0.0953	2	1	1	0	0	0	0	0	0	N	N	N	N	N	N	N	N	N	N	N	N	0.0000	0.0000	0.0000	0.0000	0.0000	0.0000	0.0000	0.0000	0.0000	0.0000	0.0000	0.0000	0.0000	0.0000	0.0000	0.0000	0.0000	0.0000	0.0000	0.0000	14.0000	0.0019	21.0000	1.9565	0.0000	0.0000	0.0000	0.0000	0.0000	0.0000	0.0000	0.0000	0.0000	0.0000	0.0000	0.0000	0.0000	0.0000	0.0000	0.0000	0.0000	0.0000	0.0004	0.0004	0.0000	0.0001	0.0001	0.0000	0.0003	0.0002	0.0000	0.0521	0.0245	0.0276	0.0035	0.0032	0.0003	0.0486	0.0214	0.0272	0.0000	0.0000	0.0000	0.0000	0.0000	0.0000	0.0000	0.0000	0.0000	0.0000	0.0000	0.0000	0.0000	0.0000	0.0000	0.0000	0.0000	0.0000											
23	34	0.0911	3	2	2	1	0	0	0	0	0	Y	Y	N	N	N	N	N	N	N	N	N	N	0.0600	inf	0.0000	0.0552	inf	0.0000	0.0037	0.0042	0.0000	0.0000	0.0000	0.0000	0.0040	0.0045	0.0000	0.0613	0.0000	0.1286	0.0000	0.0000	0.0000	0.0718	0.0000	0.1300	0.0000	inf	-0.0004	0.0034	14.0000	3.0034	21.0000	4.0042	0.0009	0.0009	0.0000	0.0000	0.0000	0.0000	0.0009	0.0009	0.0000	0.0135	0.0000	0.0135	0.0000	0.0000	0.0000	0.0135	0.0000	0.0135	0.2584	0.2272	0.0312	0.0184	0.0179	0.0005	0.2399	0.2093	0.0307	0.2201	0.1152	0.1049	0.0320	0.0309	0.0011	0.1881	0.0843	0.1039	0.0600	inf	0.0000	0.0000	0.0000	0.0000	0.0552	inf	0.0000	0.0613	0.0000	0.1286	0.0000	0.0000	0.0000	0.0718	0.0000	0.1300			
23	35	0.0911	3	2	2	1	0	0	0	0	0	Y	Y	N	N	N	N	N	N	N	N	N	N	0.0014	0.0008	0.0000	0.0058	0.0058	0.0012	0.0007	0.0000	0.0026	0.0030	0.0000	0.0009	0.0009	0.0000	0.0027	0.0031	0.0000	1.9122	3.5709	0.1148	0.1554	0.1612	0.0000	2.1948	4.7495	0.1160	0.0000	0.0297	-0.0005	-0.3375	14.0000	4.4649	21.0000	3.5311	0.0010	0.0010	0.0000	0.0000	0.0000	0.0000	0.0009	0.0009	0.0000	0.4688	0.4552	0.0135	0.0053	0.0053	0.0000	0.4635	0.4500	0.0135	0.3706	0.3249	0.0457	0.0223	0.0215	0.0007	0.3484	0.3034	0.0450	0.2451	0.1275	0.1176	0.0340	0.0327	0.0012	0.2112	0.0947	0.1164	0.0014	0.0008	0.0000	0.0058	0.0058	0.0000	0.0012	0.0007	0.0000	1.9122	3.5709	0.1148	0.1554	0.1612	0.0000	2.1948	4.7495	0.1160	
23	36	0.0767	2	2	2	1	0	0	0	0	0	Y	Y	N	N	N	N	N	N	N	N	N	N	1.1132	1.8069	0.0000	0.0000	0.0000	1.0787	1.5339	0.0000	7.6805	8.6854	0.0000	0.0000	0.0000	0.0000	8.5184	9.7519	0.0000	6.8996	4.8068	9.8412	0.0001	0.0001	0.0000	7.8968	6.3574	10.1921	0.0000	1.8072	-0.4637	-0.1613	14.0000	1.6626	21.0000	6.4813	0.9991	0.9991	0.0000	0.0000	0.0000	0.0000	0.9991	0.9991	0.0000	1.5370	0.5475	0.9895	0.0000	0.0000	0.0000	1.5370	0.5475	0.9895	0.1301	0.1150	0.0151	0.0128	0.0126	0.0002	0.1173	0.1024	0.0148	0.2228	0.1139	0.1089	0.0281	0.0278	0.0003	0.1946	0.0861	0.1085	1.1132	1.8069	0.0000	0.0000	0.0000	0.0000	1.0787	1.5339	0.0000	6.8996	4.8068	9.0894	0.0001	0.0001	0.0000	7.8968	6.3574	9.1185	
23	37	0.0852	2	2	2	0	0	0	0	0	0	Y	Y	N	N	N	N	N	N	N	N	N	N	0.0026	0.0489	0.0000	0.0065	0.0148	0.0000	0.0024	inf	0.0000	0.0028	0.0032	0.0000	0.0034	0.0035	0.0000	0.0027	0.0031	0.0000	1.0560	0.0647	2.0801	0.5259	0.2369	29.8071	1.1440	0.0000	2.0096	0.0000	31.1260	-0.0006	0.1387	14.0000	5.8118	21.0000	10.8965	0.0014	0.0014	0.0000	0.0001	0.0001	0.0000	0.0013	0.0013	0.0000	0.6300	0.0196	0.6104	0.0447	0.0196	0.0251	0.5853	0.0000	0.5853	0.5061	0.4427	0.0633	0.0262	0.0257	0.0004	0.4799	0.4170	0.0629	0.5966	0.3032	0.2934	0.0849	0.0828	0.0022	0.5117	0.2204	0.2913	0.0026	0.0489	0.0000	0.0065	0.0148	0.0000	0.0024	inf	0.0000	1.0560	0.0647	2.0801	0.5259	0.2369	11.5673	1.1440	0.0000	2.0096
23	39	0.0749	2	1	2	0	0	0	0	0	0	N	Y	N	N	N	N	N	N	N	N	N	N	96.6318	56.4061	352.1514	359.2416	0.0031	0.0036	0.0000	0.0854	0.0901	0.0000	0.0000	0.0000	0.0000	0.0000	0.0001	0.0000	0.0002	0.0003	0.0000	0.0000	0.0000	0.0000	0.0000	0.0000	-0.0008	-0.0000	14.0000	6.9653	21.0000	2.9126	0.0017	0.0017	0.0000	0.0017	0.0017	0.0000	0.0000	0.0000	0.0000	0.0000	0.0000	0.0000	0.0000	0.0000	0.0000	0.0000	0.0000	0.0000	0.5471	0.4760	0.0711	0.0199	0.0189	0.0010	0.5272	0.4571	0.0701	0.3110	0.1579	0.1531	0.0412	0.0399	0.0014	0.2698	0.1181	0.1517	96.6318	56.4061	0.0000	352.1514	359.2416	0.0000	0.0000	0.0000	0.0000	0.0000	0.0001	0.0000	0.0002	0.0003	0.0000	0.0000	0.0000	0.0000					
23	41	0.0953	2	1	1	1	0	0	0	0	0	N	N	N	N	N	N	N	N	N	N	N	N	0.0000	0.0000	0.0000	0.0000	0.0000	0.0000	0.0000	0.0000	0.0000	0.0000	0.0000	0.0000	0.0000	0.0000	0.0000	0.0000	0.0000	0.0000	0.0000	0.0000	14.0000	4.0003	21.0000	0.0531	0.0000	0.0000	0.0000	0.0000	0.0000	0.0000	0.0000	0.0000	0.0000	0.0000	0.0000	0.0000	0.0000	0.0000	0.0000	0.0000	0.0000	0.0000	0.3157	0.2754	0.0402	0.0387	0.0367	0.0019	0.2770	0.2387	0.0383	0.1033	0.0480	0.0553	0.0054	0.0047	0.0007	0.0979	0.0434	0.0546	0.0000	0.0000	0.0000	0.0000	0.0000	0.0000	0.0000	0.0000	0.0000	0.0000	0.0000	0.0000	0.0000	0.0000	0.0000	0.0000	0.0000	0.0000											
23	46	0.0767	2	2	1	1	0	0	0	0	0	Y	N	N	N	N	N	N	N	N	N	N	N	0.0000	0.0000	0.0000	0.0000	0.0000	0.0000	0.0000	0.0000	0.0000	0.0000	0.0000	0.0000	0.0000	0.0006	0.0012	0.0000	0.0043	0.0044	0.0000	0.0000	0.0000	0.0000	0.0000	0.0000	-0.0001	14.0000	1.8806	21.0000	4.9930	0.0000	0.0000	0.0000	0.0000	0.0000	0.0000	0.0000	0.0000	0.0000	0.0001	0.0001	0.0000	0.0001	0.0001	0.0000	0.0000	0.0000	0.0000	0.1446	0.1277	0.0169	0.0133	0.0131	0.0002	0.1313	0.1147	0.0167	0.1966	0.1019	0.0947	0.0276	0.0273	0.0003	0.1689	0.0746	0.0944	0.0000	0.0000	0.0000	0.0000	0.0000	0.0000	0.0000	0.0000	0.0000	0.0006	0.0012	0.0000	0.0043	0.0044	0.0000	0.0000	0.0000	0.0000						
23	51	0.0914	2	1	2	0	1	0	0	0	0	N	Y	N	N	N	N	N	N	N	N	N	N	0.0000	0.0000	0.0000	0.0000	0.0000	0.0000	0.0000	0.0000	0.0000	0.0000	0.0000	0.0000	0.0000	0.0000	0.0000	0.0000	0.0000	0.0000	0.0000	0.0000	14.0000	0.9739	21.0000	0.0244	0.0000	0.0000	0.0000	0.0000	0.0000	0.0000	0.0000	0.0000	0.0000	0.0000	0.0000	0.0000	0.0000	0.0000	0.0000	0.0000	0.0000	0.0000	0.5049	0.4700	0.0349	0.2229	0.2215	0.0014	0.2820	0.2485	0.0335	0.4756	0.3854	0.0902	0.2395	0.2313	0.0082	0.2361	0.1542	0.0820	0.0000	0.0000	0.0000	0.0000	0.0000	0.0000	0.0000	0.0000	0.0000	0.0000	0.0000	0.0000	0.0000	0.0000	0.0000	0.0000	0.0000	0.0000											
23	53	0.0994	2	2	2	0	0	0	0	0	0	Y	Y	N	N	N	N	N	N	N	N	N	N	0.0000	0.0000	0.0000	0.0000	0.0000	0.0000	0.0000	0.0000	0.0000	0.0000	0.0000	0.0000	0.0000	0.0000	0.0000	0.0000	0.0000	0.0000	0.0000	0.0000	14.0000	1.0294	21.0000	5.0054	0.0000	0.0000	0.0000	0.0000	0.0000	0.0000	0.0000	0.0000	0.0000	0.0000	0.0000	0.0000	0.0000	0.0000	0.0000	0.0000	0.0000	0.0000	0.1806	0.1600	0.0206	0.0510	0.0505	0.0005	0.1297	0.1095	0.0202	0.2893	0.1830	0.1063	0.0893	0.0853	0.0040	0.1999	0.0976	0.1023	0.0000	0.0000	0.0000	0.0000	0.0000	0.0000	0.0000	0.0000	0.0000	0.0000	0.0000	0.0000	0.0000	0.0000	0.0000	0.0000	0.0000	0.0000											
23	58	0.2583	4	1	1	0	0	0	0	0	0	N	N	N	N	N	N	N	N	N	N	N	N	0.1086	0.0811	0.1469	0.1418	0.0040	0.0045	0.0000	0.0119	0.0123	0.0000	0.0000	0.0000	0.0000	0.0373	0.0555	0.0000	0.0812	0.0868	0.0000	0.0000	0.0000	0.0000	0.0000	0.0000	-0.0049	-0.0836	14.0000	16.5869	21.0000	24.5040	0.0106	0.0106	0.0000	0.0106	0.0106	0.0000	0.0000	0.0000	0.0000	0.1117	0.1117	0.0000	0.1117	0.1117	0.0000	0.0000	0.0000	0.0000	2.6210	2.3558	0.2652	0.8890	0.8622	0.0268	1.7319	1.4935	0.2384	2.9978	2.0116	0.9862	1.3753	1.2871	0.0882	1.6225	0.7245	0.8980	0.1086	0.0811	0.0000	0.1469	0.1418	0.0000	0.0000	0.0000	0.0000	0.0373	0.0555	0.0000	0.0812	0.0868	0.0000	0.0000	0.0000	0.0000					
24	25	0.0345	3	0	1	1	0	0	0	0	0	N	N	N	N	N	N	N	N	N	N	N	N	0.0000	0.0000	0.0000	0.0000	0.0000	0.0000	0.0000	0.0000	0.0000	0.0000	0.0000	0.0000	0.0000	0.0000	0.0000	0.0000	0.0000	0.0000	0.0000	0.0000	0.0000	12.0000	0.0000	12.0000	0.0000	0.0000	0.0000	0.0000	0.0000	0.0000	0.0000	0.0000	0.0000	0.0000	0.0000	0.0000	0.0000	0.0000	0.0000	0.0000	0.0000	0.0000	0.0000	0.0000	0.0000	0.0000	0.0000	0.0000	0.0000	0.0000	0.0000	0.0000	0.0000	0.0000	0.0000	0.0000	0.0000	0.0000	0.0000	0.0000	0.0000	0.0000	0.0000	0.0000	0.0000	0.0000	0.0000	0.0000	0.0000	0.0000	0.0000	0.0000	0.0000	0.0000	0.0000	0.0000	0.0000	0.0000											
24	26	0.0492	4	1	0	2	0	0	0	0	0	N	N	Y	N	N	N	N	N	N	N	N	N	0.0000	0.0000	0.0000	0.0000	0.0000	0.0000	0.0000	0.0000	0.0000	0.0000	0.0000	0.0000	0.0000	0.0000	0.0000	0.0000	0.0000	0.0000	0.0000	0.0000	0.0000	4.5914	0.0000	6.1047	0.0000	0.0000	0.0000	0.0000	0.0000	0.0000	0.0000	0.0000	0.0000	0.0000	0.0000	0.0000	0.0000	0.0000	0.0000	0.0000	0.0000	0.0000	0.0000	0.0000	0.0000	0.0000	0.0000	0.0000	0.0000	0.0000	0.0000	0.0000	0.0000	0.0000	0.0000	0.0000	0.0000	0.0000	0.0000	0.0000	0.0000	0.0000	0.0000	0.0000	0.0000	0.0000	0.0000	0.0000	0.0000	0.0000	0.0000	0.0000	0.0000	0.0000	0.0000	0.0000	0.0000	0.0000											
24	27	0.0345	3	0	1	1	0	0	0	0	0	N	N	N	N	N	N	N	N	N	N	N	N	0.0000	0.0000	0.0000	0.0000	0.0000	0.0000	0.0000	0.0000	0.0000	0.0000	0.0000	0.0000	0.0000	0.0000	0.0000	0.0000	0.0000	0.0000	0.0000	0.0000	0.0000	10.0000	0.0000	11.0000	0.0000	0.0000	0.0000	0.0000	0.0000	0.0000	0.0000	0.0000	0.0000	0.0000	0.0000	0.0000	0.0000	0.0000	0.0000	0.0000	0.0000	0.0000	0.0000	0.0000	0.0000	0.0000	0.0000	0.0000	0.0000	0.0000	0.0000	0.0000	0.0000	0.0000	0.0000	0.0000	0.0000	0.0000	0.0000	0.0000	0.0000	0.0000	0.0000	0.0000	0.0000	0.0000	0.0000	0.0000	0.0000	0.0000	0.0000	0.0000	0.0000	0.0000	0.0000	0.0000	0.0000	0.0000											
24	28	0.0345	3	0	1	1	1	0	0	0	0	N	N	N	N	N	N	N	N	N	N	N	N	0.0000	0.0000	0.0000	0.0000	0.0000	0.0000	0.0000	0.0000	0.0000	0.0000	0.0000	0.0000	0.0000	0.0000	0.0000	0.0000	0.0000	0.0000	0.0000	0.0000	0.0000	13.0000	0.0000	8.0000	0.0000	0.0000	0.0000	0.0000	0.0000	0.0000	0.0000	0.0000	0.0000	0.0000	0.0000	0.0000	0.0000	0.0000	0.0000	0.0000	0.0000	0.0000	0.0000	0.0000	0.0000	0.0000	0.0000	0.0000	0.0000	0.0000	0.0000	0.0000	0.0000	0.0000	0.0000	0.0000	0.0000	0.0000	0.0000	0.0000	0.0000	0.0000	0.0000	0.0000	0.0000	0.0000	0.0000	0.0000	0.0000	0.0000	0.0000	0.0000	0.0000	0.0000	0.0000	0.0000	0.0000	0.0000											
24	29	0.0492	4	1	0	2	0	0	0	0	0	N	N	Y	N	N	N	N	N	N	N	N	N	0.0000	0.0000	0.0000	0.0000	0.0000	0.0000	0.0000	0.0000	0.0000	0.0000	0.0000	0.0000	0.0000	0.0000	0.0000	0.0000	0.0000	0.0000	0.0000	0.0000	0.0000	1.9609	0.0000	3.0643	0.0000	0.0000	0.0000	0.0000	0.0000	0.0000	0.0000	0.0000	0.0000	0.0000	0.0000	0.0000	0.0000	0.0000	0.0000	0.0000	0.0000	0.0000	0.0000	0.0000	0.0000	0.0000	0.0000	0.0000	0.0000	0.0000	0.0000	0.0000	0.0000	0.0000	0.0000	0.0000	0.0000	0.0000	0.0000	0.0000	0.0000	0.0000	0.0000	0.0000	0.0000	0.0000	0.0000	0.0000	0.0000	0.0000	0.0000	0.0000	0.0000	0.0000	0.0000	0.0000	0.0000	0.0000											
24	30	0.0345	3	1	0	2	0	0	0	0	0	N	N	Y	N	N	N	N	N	N	N	N	N	0.0000	0.0000	0.0000	0.0000	0.0000	0.0000	0.0000	0.0000	0.0000	0.0000	0.0000	0.0000	0.0000	0.0000	0.0000	0.0000	0.0000	0.0000	0.0000	0.0000	0.0000	4.4603	0.0000	5.0070	0.0000	0.0000	0.0000	0.0000	0.0000	0.0000	0.0000	0.0000	0.0000	0.0000	0.0000	0.0000	0.0000	0.0000	0.0000	0.0000	0.0000	0.0000	0.0000	0.0000	0.0000	0.0000	0.0000	0.0000	0.0000	0.0000	0.0000	0.0000	0.0000	0.0000	0.0000	0.0000	0.0000	0.0000	0.0000	0.0000	0.0000	0.0000	0.0000	0.0000	0.0000	0.0000	0.0000	0.0000	0.0000	0.0000	0.0000	0.0000	0.0000	0.0000	0.0000	0.0000	0.0000	0.0000											
24	31	0.0345	3	0	0	2	0	0	0	0	0	N	N	Y	N	N	N	N	N	N	N	N	N	0.0000	0.0000	0.0000	0.0000	0.0000	0.0000	0.0000	0.0000	0.0000	0.0000	0.0000	0.0000	0.0000	0.0000	0.0000	0.0000	0.0000	0.0000	0.0000	0.0000	0.0000	6.0000	0.0000	13.0000	0.0000	0.0000	0.0000	0.0000	0.0000	0.0000	0.0000	0.0000	0.0000	0.0000	0.0000	0.0000	0.0000	0.0000	0.0000	0.0000	0.0000	0.0000	0.0000	0.0000	0.0000	0.0000	0.0000	0.0000	0.0000	0.0000	0.0000	0.0000	0.0000	0.0000	0.0000	0.0000	0.0000	0.0000	0.0000	0.0000	0.0000	0.0000	0.0000	0.0000	0.0000	0.0000	0.0000	0.0000	0.0000	0.0000	0.0000	0.0000	0.0000	0.0000	0.0000	0.0000	0.0000	0.0000											
24	34	0.0613	5	1	1	2	0	0	0	0	0	N	N	Y	N	N	N	N	N	N	N	N	N	0.0000	0.0000	0.0000	0.0000	0.0000	0.0000	0.0000	0.0000	0.0000	0.0000	0.0000	0.0000	0.0000	0.0000	0.0000	0.0000	0.0000	0.0000	0.0000	0.0000	0.0000	3.0034	0.0000	4.0042	0.0000	0.0000	0.0000	0.0000	0.0000	0.0000	0.0000	0.0000	0.0000	0.0000	0.0000	0.0000	0.0000	0.0000	0.0000	0.0000	0.0000	0.0000	0.0000	0.0000	0.0000	0.0000	0.0000	0.0000	0.0000	0.0000	0.0000	0.0000	0.0000	0.0000	0.0000	0.0000	0.0000	0.0000	0.0000	0.0000	0.0000	0.0000	0.0000	0.0000	0.0000	0.0000	0.0000	0.0000	0.0000	0.0000	0.0000	0.0000	0.0000	0.0000	0.0000	0.0000	0.0000	0.0000											
24	35	0.0613	5	1	1	2	0	0	0	0	0	N	N	Y	N	N	N	N	N	N	N	N	N	0.0000	0.0000	0.0000	0.0000	0.0000	0.0000	0.0000	0.0000	0.0000	0.0000	0.0000	0.0000	0.0000	0.0000	0.0000	0.0000	0.0000	0.0000	0.0000	0.0000	0.0000	4.4649	0.0000	3.5311	0.0000	0.0000	0.0000	0.0000	0.0000	0.0000	0.0000	0.0000	0.0000	0.0000	0.0000	0.0000	0.0000	0.0000	0.0000	0.0000	0.0000	0.0000	0.0000	0.0000	0.0000	0.0000	0.0000	0.0000	0.0000	0.0000	0.0000	0.0000	0.0000	0.0000	0.0000	0.0000	0.0000	0.0000	0.0000	0.0000	0.0000	0.0000	0.0000	0.0000	0.0000	0.0000	0.0000	0.0000	0.0000	0.0000	0.0000	0.0000	0.0000	0.0000	0.0000	0.0000	0.0000	0.0000											
24	36	0.0469	4	1	1	2	0	0	0	0	0	N	N	Y	N	N	N	N	N	N	N	N	N	0.0000	0.0000	0.0000	0.0000	0.0000	0.0000	0.0000	0.0000	0.0000	0.0000	0.0000	0.0000	0.0000	0.0000	0.0000	0.0000	0.0000	0.0000	0.0000	0.0000	0.0000	1.6626	0.0000	6.4813	0.0000	0.0000	0.0000	0.0000	0.0000	0.0000	0.0000	0.0000	0.0000	0.0000	0.0000	0.0000	0.0000	0.0000	0.0000	0.0000	0.0000	0.0000	0.0000	0.0000	0.0000	0.0000	0.0000	0.0000	0.0000	0.0000	0.0000	0.0000	0.0000	0.0000	0.0000	0.0000	0.0000	0.0000	0.0000	0.0000	0.0000	0.0000	0.0000	0.0000	0.0000	0.0000	0.0000	0.0000	0.0000	0.0000	0.0000	0.0000	0.0000	0.0000	0.0000	0.0000	0.0000	0.0000											
24	37	0.0554	4	1	1	1	0	0	0	0	0	N	N	N	N	N	N	N	N	N	N	N	N	0.0000	0.0000	0.0000	0.0000	0.0000	0.0000	0.0000	0.0000	0.0000	0.0000	0.0000	0.0000	0.0000	0.0000	0.0000	0.0000	0.0000	0.0000	0.0000	0.0000	0.0000	5.8118	0.0000	10.8965	0.0000	0.0000	0.0000	0.0000	0.0000	0.0000	0.0000	0.0000	0.0000	0.0000	0.0000	0.0000	0.0000	0.0000	0.0000	0.0000	0.0000	0.0000	0.0000	0.0000	0.0000	0.0000	0.0000	0.0000	0.0000	0.0000	0.0000	0.0000	0.0000	0.0000	0.0000	0.0000	0.0000	0.0000	0.0000	0.0000	0.0000	0.0000	0.0000	0.0000	0.0000	0.0000	0.0000	0.0000	0.0000	0.0000	0.0000	0.0000	0.0000	0.0000	0.0000	0.0000	0.0000	0.0000											
24	38	0.0345	3	1	1	1	0	0	0	0	0	N	N	N	N	N	N	N	N	N	N	N	N	0.0000	0.0000	0.0000	0.0000	0.0000	0.0000	0.0000	0.0000	0.0000	0.0000	0.0000	0.0000	0.0000	0.0000	0.0000	0.0000	0.0000	0.0000	0.0000	0.0000	0.0000	5.2458	0.0000	8.3786	0.0000	0.0000	0.0000	0.0000	0.0000	0.0000	0.0000	0.0000	0.0000	0.0000	0.0000	0.0000	0.0000	0.0000	0.0000	0.0000	0.0000	0.0000	0.0000	0.0000	0.0000	0.0000	0.0000	0.0000	0.0000	0.0000	0.0000	0.0000	0.0000	0.0000	0.0000	0.0000	0.0000	0.0000	0.0000	0.0000	0.0000	0.0000	0.0000	0.0000	0.0000	0.0000	0.0000	0.0000	0.0000	0.0000	0.0000	0.0000	0.0000	0.0000	0.0000	0.0000	0.0000	0.0000											
24	39	0.0451	4	0	1	1	0	0	0	0	0	N	N	N	N	N	N	N	N	N	N	N	N	0.0000	0.0000	0.0000	0.0000	0.0000	0.0000	0.0000	0.0000	0.0000	0.0000	0.0000	0.0000	0.0000	0.0000	0.0000	0.0000	0.0000	0.0000	0.0000	0.0000	0.0000	6.9653	0.0000	2.9126	0.0000	0.0000	0.0000	0.0000	0.0000	0.0000	0.0000	0.0000	0.0000	0.0000	0.0000	0.0000	0.0000	0.0000	0.0000	0.0000	0.0000	0.0000	0.0000	0.0000	0.0000	0.0000	0.0000	0.0000	0.0000	0.0000	0.0000	0.0000	0.0000	0.0000	0.0000	0.0000	0.0000	0.0000	0.0000	0.0000	0.0000	0.0000	0.0000	0.0000	0.0000	0.0000	0.0000	0.0000	0.0000	0.0000	0.0000	0.0000	0.0000	0.0000	0.0000	0.0000	0.0000	0.0000											
24	40	0.0345	3	0	1	1	0	0	0	0	0	N	N	N	N	N	N	N	N	N	N	N	N	0.0000	0.0000	0.0000	0.0000	0.0000	0.0000	0.0000	0.0000	0.0000	0.0000	0.0000	0.0000	0.0000	0.0000	0.0000	0.0000	0.0000	0.0000	0.0000	0.0000	0.0000	4.0410	0.0000	4.5605	0.0000	0.0000	0.0000	0.0000	0.0000	0.0000	0.0000	0.0000	0.0000	0.0000	0.0000	0.0000	0.0000	0.0000	0.0000	0.0000	0.0000	0.0000	0.0000	0.0000	0.0000	0.0000	0.0000	0.0000	0.0000	0.0000	0.0000	0.0000	0.0000	0.0000	0.0000	0.0000	0.0000	0.0000	0.0000	0.0000	0.0000	0.0000	0.0000	0.0000	0.0000	0.0000	0.0000	0.0000	0.0000	0.0000	0.0000	0.0000	0.0000	0.0000	0.0000	0.0000	0.0000	0.0000											
24	41	0.0036	2	0	0	2	0	0	0	0	0	N	N	Y	N	N	N	N	N	N	N	N	N	0.0000	0.0000	0.0000	0.0000	0.0000	0.0000	0.0000	0.0000	0.0000	0.0000	0.0000	0.0000	0.0000	0.0000	0.0000	0.0000	0.0000	0.0000	0.0000	0.0000	0.0000	4.0003	0.0000	0.0531	0.0000	0.0000	0.0000	0.0000	0.0000	0.0000	0.0000	0.0000	0.0000	0.0000	0.0000	0.0000	0.0000	0.0000	0.0000	0.0000	0.0000	0.0000	0.0000	0.0000	0.0000	0.0000	0.0000	0.0000	0.0000	0.0000	0.0000	0.0000	0.0000	0.0000	0.0000	0.0000	0.0000	0.0000	0.0000	0.0000	0.0000	0.0000	0.0000	0.0000	0.0000	0.0000	0.0000	0.0000	0.0000	0.0000	0.0000	0.0000	0.0000	0.0000	0.0000	0.0000	0.0000	0.0000											
24	43	0.0345	3	1	1	2	0	0	0	0	0	N	N	Y	N	N	N	N	N	N	N	N	N	0.0000	0.0000	0.0000	0.0000	0.0000	0.0000	0.0000	0.0000	0.0000	0.0000	0.0000	0.0000	0.0000	0.0000	0.0000	0.0000	0.0000	0.0000	0.0000	0.0000	0.0000	10.0000	0.0000	13.0000	0.0000	0.0000	0.0000	0.0000	0.0000	0.0000	0.0000	0.0000	0.0000	0.0000	0.0000	0.0000	0.0000	0.0000	0.0000	0.0000	0.0000	0.0000	0.0000	0.0000	0.0000	0.0000	0.0000	0.0000	0.0000	0.0000	0.0000	0.0000	0.0000	0.0000	0.0000	0.0000	0.0000	0.0000	0.0000	0.0000	0.0000	0.0000	0.0000	0.0000	0.0000	0.0000	0.0000	0.0000	0.0000	0.0000	0.0000	0.0000	0.0000	0.0000	0.0000	0.0000	0.0000	0.0000											
24	44	0.0345	3	0	1	1	0	0	0	0	0	N	N	N	N	N	N	N	N	N	N	N	N	0.0000	0.0000	0.0000	0.0000	0.0000	0.0000	0.0000	0.0000	0.0000	0.0000	0.0000	0.0000	0.0000	0.0000	0.0000	0.0000	0.0000	0.0000	0.0000	0.0000	0.0000	8.0000	0.0000	13.0000	0.0000	0.0000	0.0000	0.0000	0.0000	0.0000	0.0000	0.0000	0.0000	0.0000	0.0000	0.0000	0.0000	0.0000	0.0000	0.0000	0.0000	0.0000	0.0000	0.0000	0.0000	0.0000	0.0000	0.0000	0.0000	0.0000	0.0000	0.0000	0.0000	0.0000	0.0000	0.0000	0.0000	0.0000	0.0000	0.0000	0.0000	0.0000	0.0000	0.0000	0.0000	0.0000	0.0000	0.0000	0.0000	0.0000	0.0000	0.0000	0.0000	0.0000	0.0000	0.0000	0.0000	0.0000											
24	45	0.0345	3	0	1	1	0	0	0	0	0	N	N	N	N	N	N	N	N	N	N	N	N	0.0000	0.0000	0.0000	0.0000	0.0000	0.0000	0.0000	0.0000	0.0000	0.0000	0.0000	0.0000	0.0000	0.0000	0.0000	0.0000	0.0000	0.0000	0.0000	0.0000	0.0000	10.0000	0.0000	12.0000	0.0000	0.0000	0.0000	0.0000	0.0000	0.0000	0.0000	0.0000	0.0000	0.0000	0.0000	0.0000	0.0000	0.0000	0.0000	0.0000	0.0000	0.0000	0.0000	0.0000	0.0000	0.0000	0.0000	0.0000	0.0000	0.0000	0.0000	0.0000	0.0000	0.0000	0.0000	0.0000	0.0000	0.0000	0.0000	0.0000	0.0000	0.0000	0.0000	0.0000	0.0000	0.0000	0.0000	0.0000	0.0000	0.0000	0.0000	0.0000	0.0000	0.0000	0.0000	0.0000	0.0000	0.0000											
24	46	0.0469	4	1	0	2	0	0	0	0	0	N	N	Y	N	N	N	N	N	N	N	N	N	0.0000	0.0000	0.0000	0.0000	0.0000	0.0000	0.0000	0.0000	0.0000	0.0000	0.0000	0.0000	0.0000	0.0000	0.0000	0.0000	0.0000	0.0000	0.0000	0.0000	0.0000	1.8806	0.0000	4.9930	0.0000	0.0000	0.0000	0.0000	0.0000	0.0000	0.0000	0.0000	0.0000	0.0000	0.0000	0.0000	0.0000	0.0000	0.0000	0.0000	0.0000	0.0000	0.0000	0.0000	0.0000	0.0000	0.0000	0.0000	0.0000	0.0000	0.0000	0.0000	0.0000	0.0000	0.0000	0.0000	0.0000	0.0000	0.0000	0.0000	0.0000	0.0000	0.0000	0.0000	0.0000	0.0000	0.0000	0.0000	0.0000	0.0000	0.0000	0.0000	0.0000	0.0000	0.0000	0.0000	0.0000	0.0000											
24	47	0.0345	3	1	0	2	0	0	0	0	0	N	N	Y	N	N	N	N	N	N	N	N	N	0.0000	0.0000	0.0000	0.0000	0.0000	0.0000	0.0000	0.0000	0.0000	0.0000	0.0000	0.0000	0.0000	0.0000	0.0000	0.0000	0.0000	0.0000	0.0000	0.0000	0.0000	2.1193	0.0000	4.2095	0.0000	0.0000	0.0000	0.0000	0.0000	0.0000	0.0000	0.0000	0.0000	0.0000	0.0000	0.0000	0.0000	0.0000	0.0000	0.0000	0.0000	0.0000	0.0000	0.0000	0.0000	0.0000	0.0000	0.0000	0.0000	0.0000	0.0000	0.0000	0.0000	0.0000	0.0000	0.0000	0.0000	0.0000	0.0000	0.0000	0.0000	0.0000	0.0000	0.0000	0.0000	0.0000	0.0000	0.0000	0.0000	0.0000	0.0000	0.0000	0.0000	0.0000	0.0000	0.0000	0.0000	0.0000											
24	48	0.0345	3	0	1	1	1	0	0	0	0	N	N	N	N	N	N	N	N	N	N	N	N	0.0000	0.0000	0.0000	0.0000	0.0000	0.0000	0.0000	0.0000	0.0000	0.0000	0.0000	0.0000	0.0000	0.0000	0.0000	0.0000	0.0000	0.0000	0.0000	0.0000	0.0000	11.0000	0.0000	18.0000	0.0000	0.0000	0.0000	0.0000	0.0000	0.0000	0.0000	0.0000	0.0000	0.0000	0.0000	0.0000	0.0000	0.0000	0.0000	0.0000	0.0000	0.0000	0.0000	0.0000	0.0000	0.0000	0.0000	0.0000	0.0000	0.0000	0.0000	0.0000	0.0000	0.0000	0.0000	0.0000	0.0000	0.0000	0.0000	0.0000	0.0000	0.0000	0.0000	0.0000	0.0000	0.0000	0.0000	0.0000	0.0000	0.0000	0.0000	0.0000	0.0000	0.0000	0.0000	0.0000	0.0000	0.0000											
24	49	0.0345	3	0	1	1	0	0	0	0	0	N	N	N	N	N	N	N	N	N	N	N	N	0.0000	0.0000	0.0000	0.0000	0.0000	0.0000	0.0000	0.0000	0.0000	0.0000	0.0000	0.0000	0.0000	0.0000	0.0000	0.0000	0.0000	0.0000	0.0000	0.0000	0.0000	6.0000	0.0000	11.0000	0.0000	0.0000	0.0000	0.0000	0.0000	0.0000	0.0000	0.0000	0.0000	0.0000	0.0000	0.0000	0.0000	0.0000	0.0000	0.0000	0.0000	0.0000	0.0000	0.0000	0.0000	0.0000	0.0000	0.0000	0.0000	0.0000	0.0000	0.0000	0.0000	0.0000	0.0000	0.0000	0.0000	0.0000	0.0000	0.0000	0.0000	0.0000	0.0000	0.0000	0.0000	0.0000	0.0000	0.0000	0.0000	0.0000	0.0000	0.0000	0.0000	0.0000	0.0000	0.0000	0.0000	0.0000											
24	51	0.0616	4	0	1	1	1	0	0	0	0	N	N	N	N	N	N	N	N	N	N	N	N	0.0000	0.0000	0.0000	0.0000	0.0000	0.0000	0.0000	0.0000	0.0000	0.0000	0.0000	0.0000	0.0000	0.0000	0.0000	0.0000	0.0000	0.0000	0.0000	0.0000	0.0000	0.9739	0.0000	0.0244	0.0000	0.0000	0.0000	0.0000	0.0000	0.0000	0.0000	0.0000	0.0000	0.0000	0.0000	0.0000	0.0000	0.0000	0.0000	0.0000	0.0000	0.0000	0.0000	0.0000	0.0000	0.0000	0.0000	0.0000	0.0000	0.0000	0.0000	0.0000	0.0000	0.0000	0.0000	0.0000	0.0000	0.0000	0.0000	0.0000	0.0000	0.0000	0.0000	0.0000	0.0000	0.0000	0.0000	0.0000	0.0000	0.0000	0.0000	0.0000	0.0000	0.0000	0.0000	0.0000	0.0000	0.0000											
24	52	0.0345	3	0	1	1	1	0	0	0	0	N	N	N	N	N	N	N	N	N	N	N	N	0.0000	0.0000	0.0000	0.0000	0.0000	0.0000	0.0000	0.0000	0.0000	0.0000	0.0000	0.0000	0.0000	0.0000	0.0000	0.0000	0.0000	0.0000	0.0000	0.0000	0.0000	10.0170	0.0000	8.1377	0.0000	0.0000	0.0000	0.0000	0.0000	0.0000	0.0000	0.0000	0.0000	0.0000	0.0000	0.0000	0.0000	0.0000	0.0000	0.0000	0.0000	0.0000	0.0000	0.0000	0.0000	0.0000	0.0000	0.0000	0.0000	0.0000	0.0000	0.0000	0.0000	0.0000	0.0000	0.0000	0.0000	0.0000	0.0000	0.0000	0.0000	0.0000	0.0000	0.0000	0.0000	0.0000	0.0000	0.0000	0.0000	0.0000	0.0000	0.0000	0.0000	0.0000	0.0000	0.0000	0.0000	0.0000											
24	53	0.0697	4	1	1	1	0	0	0	0	0	N	N	N	N	N	N	N	N	N	N	N	N	0.0000	0.0000	0.0000	0.0000	0.0000	0.0000	0.0000	0.0000	0.0000	0.0000	0.0000	0.0000	0.0000	0.0000	0.0000	0.0000	0.0000	0.0000	0.0000	0.0000	0.0000	1.0294	0.0000	5.0054	0.0000	0.0000	0.0000	0.0000	0.0000	0.0000	0.0000	0.0000	0.0000	0.0000	0.0000	0.0000	0.0000	0.0000	0.0000	0.0000	0.0000	0.0000	0.0000	0.0000	0.0000	0.0000	0.0000	0.0000	0.0000	0.0000	0.0000	0.0000	0.0000	0.0000	0.0000	0.0000	0.0000	0.0000	0.0000	0.0000	0.0000	0.0000	0.0000	0.0000	0.0000	0.0000	0.0000	0.0000	0.0000	0.0000	0.0000	0.0000	0.0000	0.0000	0.0000	0.0000	0.0000	0.0000											
24	54	0.0345	3	1	1	1	0	0	0	0	0	N	N	N	N	N	N	N	N	N	N	N	N	0.0000	0.0000	0.0000	0.0000	0.0000	0.0000	0.0000	0.0000	0.0000	0.0000	0.0000	0.0000	0.0000	0.0000	0.0000	0.0000	0.0000	0.0000	0.0000	0.0000	0.0000	7.2033	0.0000	14.9709	0.0000	0.0000	0.0000	0.0000	0.0000	0.0000	0.0000	0.0000	0.0000	0.0000	0.0000	0.0000	0.0000	0.0000	0.0000	0.0000	0.0000	0.0000	0.0000	0.0000	0.0000	0.0000	0.0000	0.0000	0.0000	0.0000	0.0000	0.0000	0.0000	0.0000	0.0000	0.0000	0.0000	0.0000	0.0000	0.0000	0.0000	0.0000	0.0000	0.0000	0.0000	0.0000	0.0000	0.0000	0.0000	0.0000	0.0000	0.0000	0.0000	0.0000	0.0000	0.0000	0.0000	0.0000											
24	58	0.2285	6	0	0	1	0	0	0	0	0	N	N	N	N	N	N	N	N	N	N	N	N	0.0000	0.0000	0.0000	0.0000	0.0000	0.0000	0.0000	0.0000	0.0000	0.0000	0.0000	0.0000	0.0000	0.0000	0.0000	0.0000	0.0000	0.0000	0.0000	0.0000	0.0000	16.5869	0.0000	24.5040	0.0000	0.0000	0.0000	0.0000	0.0000	0.0000	0.0000	0.0000	0.0000	0.0000	0.0000	0.0000	0.0000	0.0000	0.0000	0.0000	0.0000	0.0000	0.0000	0.0000	0.0000	0.0000	0.0000	0.0000	0.0000	0.0000	0.0000	0.0000	0.0000	0.0000	0.0000	0.0000	0.0000	0.0000	0.0000	0.0000	0.0000	0.0000	0.0000	0.0000	0.0000	0.0000	0.0000	0.0000	0.0000	0.0000	0.0000	0.0000	0.0000	0.0000	0.0000	0.0000	0.0000	0.0000											
25	26	0.0647	2	1	1	1	0	0	0	0	0	N	N	N	N	N	N	N	N	N	N	N	N	0.0000	0.0000	0.0000	0.0000	0.0000	0.0000	0.0000	0.0000	0.0000	0.0000	0.0000	0.0000	0.0000	0.0000	0.0000	0.0000	0.0000	0.0000	0.0000	0.0000	12.0000	4.5914	12.0000	6.1047	0.0000	0.0000	0.0000	0.0000	0.0000	0.0000	0.0000	0.0000	0.0000	0.0000	0.0000	0.0000	0.0000	0.0000	0.0000	0.0000	0.0000	0.0000	0.2966	0.2566	0.0400	0.0396	0.0376	0.0020	0.2570	0.2190	0.0380	0.1949	0.0971	0.0979	0.0259	0.0253	0.0006	0.1690	0.0718	0.0973	0.0000	0.0000	0.0000	0.0000	0.0000	0.0000	0.0000	0.0000	0.0000	0.0000	0.0000	0.0000	0.0000	0.0000	0.0000	0.0000	0.0000	0.0000											
25	29	0.0647	2	1	1	1	0	0	0	0	0	N	N	N	N	N	N	N	N	N	N	N	N	0.0000	0.0000	0.0000	0.0000	0.0000	0.0000	0.0000	0.0000	0.0000	0.0000	0.0000	0.0000	0.0000	0.0000	0.0000	0.0000	0.0000	0.0000	0.0000	0.0000	12.0000	1.9609	12.0000	3.0643	0.0000	0.0000	0.0000	0.0000	0.0000	0.0000	0.0000	0.0000	0.0000	0.0000	0.0000	0.0000	0.0000	0.0000	0.0000	0.0000	0.0000	0.0000	0.1666	0.1434	0.0232	0.0285	0.0272	0.0013	0.1381	0.1162	0.0219	0.1230	0.0621	0.0609	0.0211	0.0208	0.0003	0.1019	0.0413	0.0606	0.0000	0.0000	0.0000	0.0000	0.0000	0.0000	0.0000	0.0000	0.0000	0.0000	0.0000	0.0000	0.0000	0.0000	0.0000	0.0000	0.0000	0.0000											
25	32	0.0846	3	0	2	0	0	0	0	0	0	N	Y	N	N	N	N	N	N	N	N	N	N	0.0000	0.0000	0.0000	0.0000	0.0000	0.0000	0.0000	0.0000	0.0000	0.0000	0.0000	0.0000	0.0000	0.0000	0.0000	0.0000	0.0000	0.0000	0.0000	0.0000	12.0000	0.0000	12.0000	4.0000	0.0000	0.0000	0.0000	0.0000	0.0000	0.0000	0.0000	0.0000	0.0000	0.0000	0.0000	0.0000	0.0000	0.0000	0.0000	0.0000	0.0000	0.0000	0.0000	0.0000	0.0000	0.0000	0.0000	0.0000	0.0000	0.0000	0.0000	0.0705	0.0324	0.0381	0.0027	0.0022	0.0005	0.0678	0.0302	0.0376	0.0000	0.0000	0.0000	0.0000	0.0000	0.0000	0.0000	0.0000	0.0000	0.0000	0.0000	0.0000	0.0000	0.0000	0.0000	0.0000	0.0000	0.0000											
25	33	0.0810	2	0	1	0	0	0	0	0	0	N	N	N	N	N	N	N	N	N	N	N	N	inf	inf	inf	inf	1.1443	0.0000	12.0363	0.0000	0.0000	0.0000	1.7800	0.0000	12.3440	0.0000	0.0000	0.0000	0.0000	0.0000	0.0000	0.0000	0.0000	0.0000	inf	0.0002	0.0000	12.0000	0.0019	12.0000	1.9565	0.0004	0.0000	0.0004	0.0000	0.0000	0.0000	0.0004	0.0000	0.0004	0.0000	0.0000	0.0000	0.0000	0.0000	0.0000	0.0000	0.0000	0.0000	0.0003	0.0003	0.0000	0.0001	0.0001	0.0000	0.0002	0.0002	0.0000	0.0372	0.0174	0.0198	0.0025	0.0022	0.0002	0.0347	0.0152	0.0195	inf	0.0000	inf	0.0000	0.0000	0.0000	inf	0.0000	inf	0.0000	0.0000	0.0000	0.0000	0.0000	0.0000	0.0000	0.0000	0.0000						
25	34	0.0768	3	1	2	1	0	0	0	0	0	N	Y	N	N	N	N	N	N	N	N	N	N	0.0000	0.0000	0.0000	0.0000	0.0000	0.0000	0.0000	0.0000	0.0000	0.0000	0.0000	0.0000	0.0000	0.0000	0.0000	0.0000	0.0000	0.0000	0.0000	0.0000	12.0000	3.0034	12.0000	4.0042	0.0000	0.0000	0.0000	0.0000	0.0000	0.0000	0.0000	0.0000	0.0000	0.0000	0.0000	0.0000	0.0000	0.0000	0.0000	0.0000	0.0000	0.0000	0.2238	0.1968	0.0271	0.0159	0.0155	0.0004	0.2079	0.1813	0.0266	0.1577	0.0824	0.0752	0.0230	0.0222	0.0008	0.1347	0.0602	0.0745	0.0000	0.0000	0.0000	0.0000	0.0000	0.0000	0.0000	0.0000	0.0000	0.0000	0.0000	0.0000	0.0000	0.0000	0.0000	0.0000	0.0000	0.0000											
25	35	0.0768	3	1	2	1	0	0	0	0	0	N	Y	N	N	N	N	N	N	N	N	N	N	0.0000	0.0000	0.0000	0.0000	0.0000	0.0000	0.0000	0.0000	0.0000	0.0000	0.0000	0.0000	0.0000	0.0000	0.0000	0.0000	0.0000	0.0000	0.0000	0.0000	12.0000	4.4649	12.0000	3.5311	0.0000	0.0000	0.0000	0.0000	0.0000	0.0000	0.0000	0.0000	0.0000	0.0000	0.0000	0.0000	0.0000	0.0000	0.0000	0.0000	0.0000	0.0000	0.3212	0.2815	0.0397	0.0193	0.0186	0.0007	0.3019	0.2629	0.0391	0.1756	0.0913	0.0843	0.0244	0.0236	0.0009	0.1512	0.0677	0.0835	0.0000	0.0000	0.0000	0.0000	0.0000	0.0000	0.0000	0.0000	0.0000	0.0000	0.0000	0.0000	0.0000	0.0000	0.0000	0.0000	0.0000	0.0000											
25	36	0.0625	2	1	2	1	0	0	0	0	0	N	Y	N	N	N	N	N	N	N	N	N	N	0.0000	0.0000	0.0000	0.0000	0.0000	0.0000	0.0000	0.0000	0.0000	0.0000	0.0000	0.0000	0.0000	0.0000	0.0000	0.0000	0.0000	0.0000	0.0000	0.0000	12.0000	1.6626	12.0000	6.4813	0.0000	0.0000	0.0000	0.0000	0.0000	0.0000	0.0000	0.0000	0.0000	0.0000	0.0000	0.0000	0.0000	0.0000	0.0000	0.0000	0.0000	0.0000	0.1128	0.0997	0.0131	0.0111	0.0109	0.0002	0.1017	0.0889	0.0129	0.1595	0.0813	0.0782	0.0199	0.0196	0.0002	0.1397	0.0617	0.0779	0.0000	0.0000	0.0000	0.0000	0.0000	0.0000	0.0000	0.0000	0.0000	0.0000	0.0000	0.0000	0.0000	0.0000	0.0000	0.0000	0.0000	0.0000											
25	37	0.0710	2	1	2	0	0	0	0	0	0	N	Y	N	N	N	N	N	N	N	N	N	N	4659.4244	13.6293	inf	0.3795	0.3761	inf	inf	inf	2.2909	0.0132	18.1689	0.0013	0.0014	0.0000	2.4148	0.0140	18.2935	0.0005	0.0010	0.0000	0.0035	0.0036	0.0000	0.0000	0.0000	0.0000	196.7756	0.0000	0.5333	-0.0002	12.0000	5.8118	12.0000	10.8965	1.0047	0.0051	0.9996	0.0000	0.0000	0.0000	1.0047	0.0051	0.9996	0.0002	0.0002	0.0000	0.0002	0.0002	0.0000	0.0000	0.0000	0.0000	0.4386	0.3835	0.0550	0.0225	0.0221	0.0004	0.4160	0.3614	0.0546	0.4271	0.2161	0.2110	0.0598	0.0583	0.0015	0.3673	0.1578	0.2095	4659.4244	13.6293	inf	0.3795	0.3761	0.0000	inf	inf	inf	0.0005	0.0010	0.0000	0.0035	0.0036	0.0000	0.0000	0.0000	0.0000	
25	39	0.0606	2	0	2	0	0	0	0	0	0	N	Y	N	N	N	N	N	N	N	N	N	N	0.0000	0.0000	0.0000	0.0000	0.0000	0.0000	0.0000	0.0000	0.0000	0.0000	0.0000	0.0000	0.0000	0.0000	0.0000	0.0000	0.0000	0.0000	0.0000	0.0000	12.0000	6.9653	12.0000	2.9126	0.0000	0.0000	0.0000	0.0000	0.0000	0.0000	0.0000	0.0000	0.0000	0.0000	0.0000	0.0000	0.0000	0.0000	0.0000	0.0000	0.0000	0.0000	0.4742	0.4125	0.0617	0.0173	0.0164	0.0009	0.4569	0.3961	0.0608	0.2234	0.1134	0.1100	0.0299	0.0290	0.0009	0.1934	0.0844	0.1090	0.0000	0.0000	0.0000	0.0000	0.0000	0.0000	0.0000	0.0000	0.0000	0.0000	0.0000	0.0000	0.0000	0.0000	0.0000	0.0000	0.0000	0.0000											
25	41	0.0810	2	0	1	1	0	0	0	0	0	N	N	N	N	N	N	N	N	N	N	N	N	inf	inf	inf	inf	0.0014	0.0000	0.0112	0.0000	0.0000	0.0000	0.0016	0.0000	0.0117	0.0000	0.0000	0.0000	0.0000	0.0000	0.0000	0.0000	0.0000	0.0000	inf	0.0002	0.0000	12.0000	4.0003	12.0000	0.0531	0.0004	0.0000	0.0004	0.0000	0.0000	0.0000	0.0004	0.0000	0.0004	0.0000	0.0000	0.0000	0.0000	0.0000	0.0000	0.0000	0.0000	0.0000	0.2735	0.2386	0.0349	0.0338	0.0321	0.0017	0.2397	0.2065	0.0332	0.0738	0.0342	0.0396	0.0038	0.0033	0.0005	0.0700	0.0309	0.0391	inf	0.0000	inf	0.0000	0.0000	0.0000	inf	0.0000	inf	0.0000	0.0000	0.0000	0.0000	0.0000	0.0000	0.0000	0.0000	0.0000						
25	46	0.0625	2	1	1	1	0	0	0	0	0	N	N	N	N	N	N	N	N	N	N	N	N	0.0000	0.0000	0.0000	0.0000	0.0000	0.0000	0.0000	0.0000	0.0000	0.0000	0.0000	0.0000	0.0000	0.0000	0.0000	0.0000	0.0000	0.0000	0.0000	0.0000	12.0000	1.8806	12.0000	4.9930	0.0000	0.0000	0.0000	0.0000	0.0000	0.0000	0.0000	0.0000	0.0000	0.0000	0.0000	0.0000	0.0000	0.0000	0.0000	0.0000	0.0000	0.0000	0.1254	0.1108	0.0147	0.0115	0.0113	0.0002	0.1139	0.0995	0.0145	0.1407	0.0727	0.0680	0.0195	0.0193	0.0002	0.1212	0.0534	0.0678	0.0000	0.0000	0.0000	0.0000	0.0000	0.0000	0.0000	0.0000	0.0000	0.0000	0.0000	0.0000	0.0000	0.0000	0.0000	0.0000	0.0000	0.0000											
25	51	0.0772	2	0	2	0	1	0	0	0	0	N	Y	N	N	N	N	N	N	N	N	N	N	0.0000	0.0000	0.0000	0.0000	0.0000	0.0000	0.0000	0.0000	0.0000	0.0000	0.0000	0.0000	0.0000	0.0000	0.0000	0.0000	0.0000	0.0000	0.0000	0.0000	12.0000	0.9739	12.0000	0.0244	0.0000	0.0000	0.0000	0.0000	0.0000	0.0000	0.0000	0.0000	0.0000	0.0000	0.0000	0.0000	0.0000	0.0000	0.0000	0.0000	0.0000	0.0000	0.4388	0.4085	0.0302	0.1938	0.1926	0.0012	0.2450	0.2160	0.0290	0.3430	0.2781	0.0649	0.1729	0.1669	0.0060	0.1701	0.1112	0.0589	0.0000	0.0000	0.0000	0.0000	0.0000	0.0000	0.0000	0.0000	0.0000	0.0000	0.0000	0.0000	0.0000	0.0000	0.0000	0.0000	0.0000	0.0000											
25	53	0.0852	2	1	2	0	0	0	0	0	0	N	Y	N	N	N	N	N	N	N	N	N	N	0.0000	0.0000	0.0000	0.0000	0.0000	0.0000	0.0000	0.0000	0.0000	0.0000	0.0000	0.0000	0.0000	0.0000	0.0000	0.0000	0.0000	0.0000	0.0000	0.0000	12.0000	1.0294	12.0000	5.0054	0.0000	0.0000	0.0000	0.0000	0.0000	0.0000	0.0000	0.0000	0.0000	0.0000	0.0000	0.0000	0.0000	0.0000	0.0000	0.0000	0.0000	0.0000	0.1562	0.1384	0.0179	0.0440	0.0436	0.0004	0.1123	0.0948	0.0175	0.2069	0.1307	0.0762	0.0640	0.0611	0.0029	0.1429	0.0696	0.0733	0.0000	0.0000	0.0000	0.0000	0.0000	0.0000	0.0000	0.0000	0.0000	0.0000	0.0000	0.0000	0.0000	0.0000	0.0000	0.0000	0.0000	0.0000											
25	58	0.2441	4	0	1	0	0	0	0	0	0	N	N	N	N	N	N	N	N	N	N	N	N	54.2109	23.8904	inf	5.7426	0.3679	inf	inf	inf	inf	0.7292	0.4792	2.9444	0.1682	0.0115	5.1828	1.0170	0.7491	2.6919	0.0135	0.0201	0.0000	0.0293	0.0313	0.0000	0.0000	0.0000	0.0000	0.6936	0.0000	-0.0904	-0.0214	12.0000	16.5869	12.0000	24.5040	1.6548	0.9771	0.6777	0.1295	0.0086	0.1209	1.5253	0.9685	0.5568	0.0286	0.0286	0.0000	0.0286	0.0286	0.0000	0.0000	0.0000	0.0000	2.2694	2.0392	0.2302	0.7696	0.7463	0.0233	1.4998	1.2929	0.2068	2.1278	1.4270	0.7008	0.9769	0.9137	0.0631	1.1509	0.5132	0.6377	54.2109	23.8904	inf	5.7426	0.3679	inf	inf	inf	inf	0.0135	0.0201	0.0000	0.0293	0.0313	0.0000	0.0000	0.0000	0.0000
26	27	0.0349	2	1	1	1	0	0	0	0	0	N	N	N	N	N	N	N	N	N	N	N	N	inf	inf	inf	inf	0.0047	0.0000	0.0347	0.0000	0.0000	0.0000	0.0054	0.0000	0.0365	0.0000	0.0000	0.0000	0.0000	0.0000	0.0000	0.0000	0.0000	0.0000	inf	0.0006	0.0000	4.5914	10.0000	6.1047	11.0000	0.0012	0.0000	0.0012	0.0000	0.0000	0.0000	0.0012	0.0000	0.0012	0.0000	0.0000	0.0000	0.0000	0.0000	0.0000	0.0000	0.0000	0.0000	0.2499	0.2161	0.0337	0.0335	0.0318	0.0017	0.2163	0.1843	0.0320	0.1730	0.0862	0.0869	0.0232	0.0226	0.0005	0.1499	0.0635	0.0863	inf	0.0000	inf	0.0000	0.0000	0.0000	inf	0.0000	inf	0.0000	0.0000	0.0000	0.0000	0.0000	0.0000	0.0000	0.0000	0.0000						
26	28	0.0349	2	1	1	1	1	0	0	0	0	N	N	N	N	N	N	N	N	N	N	N	N	18.0593	14.1084	0.0000	0.0000	0.0000	0.0000	68.7804	inf	0.0000	3.1268	3.6138	0.0000	0.0000	0.0000	0.0000	3.6069	4.2317	0.0000	0.1731	0.2561	0.0908	0.9545	0.9754	0.0570	0.0524	0.0000	0.0910	0.0000	0.3575	-0.4639	-0.0145	4.5914	13.0000	6.1047	8.0000	0.9993	0.9993	0.0000	0.0000	0.0000	0.0000	0.9993	0.9993	0.0000	0.0300	0.0221	0.0079	0.0221	0.0221	0.0000	0.0079	0.0000	0.0079	0.3196	0.2765	0.0431	0.0425	0.0404	0.0022	0.2771	0.2362	0.0409	0.1730	0.0862	0.0869	0.0232	0.0226	0.0005	0.1499	0.0635	0.0863	18.0593	14.1084	0.0000	0.0000	0.0000	0.0000	68.7804	inf	0.0000	0.1731	0.2561	0.0908	0.9545	0.9754	0.0570	0.0524	0.0000	0.0910
26	31	0.0349	2	1	0	2	0	0	0	0	0	N	N	Y	N	N	N	N	N	N	N	N	N	0.0000	0.0000	0.0000	0.0000	0.0000	0.0000	0.0000	0.0000	0.0000	0.0000	0.0000	0.0000	0.0000	0.0000	0.0000	0.0000	0.0000	0.0500	0.0001	0.0994	0.0019	0.0005	0.0628	0.0574	0.0000	0.0996	789.0000	0.0000	0.0020	4.5914	6.0000	6.1047	13.0000	0.0000	0.0000	0.0000	0.0000	0.0000	0.0000	0.0000	0.0000	0.0000	0.0079	0.0000	0.0079	0.0000	0.0000	0.0000	0.0079	0.0000	0.0079	0.1533	0.1326	0.0208	0.0208	0.0197	0.0011	0.1325	0.1128	0.0197	0.1581	0.0787	0.0794	0.0212	0.0208	0.0005	0.1368	0.0579	0.0789	0.0000	0.0000	0.0000	0.0000	0.0000	0.0000	0.0000	0.0000	0.0000	0.0500	0.0001	0.0994	0.0019	0.0005	0.0628	0.0574	0.0000	0.0996		
26	32	0.0695	4	1	1	1	0	0	0	0	0	N	N	N	N	N	N	N	N	N	N	N	N	0.0000	0.0000	0.0000	0.0000	0.0000	0.0000	0.0000	0.0000	0.0000	0.0000	0.0000	0.0000	0.0000	0.0000	0.0000	0.0000	0.0000	0.0000	0.0000	0.0000	4.5914	0.0000	6.1047	4.0000	0.0000	0.0000	0.0000	0.0000	0.0000	0.0000	0.0000	0.0000	0.0000	0.0000	0.0000	0.0000	0.0000	0.0000	0.0000	0.0000	0.0000	0.0000	0.0000	0.0000	0.0000	0.0000	0.0000	0.0000	0.0000	0.0000	0.0000	0.0306	0.0166	0.0140	0.0056	0.0053	0.0003	0.0250	0.0113	0.0137	0.0000	0.0000	0.0000	0.0000	0.0000	0.0000	0.0000	0.0000	0.0000	0.0000	0.0000	0.0000	0.0000	0.0000	0.0000	0.0000	0.0000	0.0000											
26	33	0.0659	3	1	0	1	0	0	0	0	0	N	N	N	N	N	N	N	N	N	N	N	N	4.7739	0.0000	10733.4931	0.0000	0.0000	3737.8315	12580.1466	0.0006	0.0000	0.0061	0.0000	0.0000	0.0000	0.0010	0.0000	0.0063	0.0001	0.0002	0.0000	0.0007	0.0007	0.0000	0.0000	0.0000	0.0000	inf	0.0019	0.0000	-0.0000	4.5914	0.0019	6.1047	1.9565	0.0000	0.0000	0.0000	0.0000	0.0000	0.0000	0.0000	0.0000	0.0000	0.0000	0.0000	0.0000	0.0000	0.0000	0.0000	0.0000	0.0000	0.0000	0.0001	0.0001	0.0000	0.0000	0.0000	0.0000	0.0001	0.0001	0.0000	0.0163	0.0089	0.0074	0.0033	0.0032	0.0002	0.0130	0.0057	0.0072	4.7739	0.0000	10733.4931	0.0000	0.0000	0.0000	3737.8315	0.0000	12580.1466	0.0001	0.0002	0.0000	0.0007	0.0007	0.0000	0.0000	0.0000	0.0000		
26	34	0.0617	4	2	1	2	0	0	0	0	0	Y	N	Y	N	N	N	N	N	N	N	N	N	0.0000	0.0000	0.0000	0.0000	0.0000	0.0000	0.0000	0.0000	0.0000	0.0000	0.0000	0.0000	0.0000	0.0000	0.0000	0.0000	0.0000	15.1531	0.0019	92.7381	0.0060	0.0062	0.0000	17.8526	0.0000	93.2508	16783.5513	0.0000	0.2493	4.5914	3.0034	6.1047	4.0042	0.0000	0.0000	0.0000	0.0000	0.0000	0.0000	0.0000	0.0000	0.0000	0.9925	0.0001	0.9924	0.0001	0.0001	0.0000	0.9924	0.0000	0.9924	0.0766	0.0661	0.0104	0.0098	0.0093	0.0005	0.0668	0.0569	0.0099	0.0655	0.0315	0.0340	0.0099	0.0096	0.0003	0.0556	0.0219	0.0337	0.0000	0.0000	0.0000	0.0000	0.0000	0.0000	0.0000	0.0000	0.0000	15.1531	0.0019	29.2074	0.0060	0.0062	0.0000	17.8526	0.0000	29.4617		
26	35	0.0617	4	2	1	2	0	0	0	0	0	Y	N	Y	N	N	N	N	N	N	N	N	N	0.0000	0.0000	0.0000	0.0000	0.0000	0.0000	0.0000	0.0000	0.0000	0.0000	0.0000	0.0000	0.0000	0.0000	0.0000	0.0000	0.0000	0.1432	0.2929	0.0046	0.9533	0.9834	0.0000	0.0028	0.0000	0.0046	0.0170	0.0000	-0.0077	4.5914	4.4649	6.1047	3.5311	0.0000	0.0000	0.0000	0.0000	0.0000	0.0000	0.0000	0.0000	0.0000	0.0105	0.0104	0.0002	0.0104	0.0104	0.0000	0.0002	0.0000	0.0002	0.1127	0.0974	0.0153	0.0143	0.0136	0.0007	0.0983	0.0838	0.0146	0.0735	0.0353	0.0382	0.0109	0.0105	0.0003	0.0627	0.0248	0.0378	0.0000	0.0000	0.0000	0.0000	0.0000	0.0000	0.0000	0.0000	0.0000	0.1432	0.2929	0.0046	0.9533	0.9834	0.0000	0.0028	0.0000	0.0046		
26	36	0.0473	3	2	1	2	0	0	0	0	0	Y	N	Y	N	N	N	N	N	N	N	N	N	0.0000	0.0000	0.0000	0.0000	0.0000	0.0000	0.0000	0.0000	0.0000	0.0000	0.0000	0.0000	0.0000	0.0000	0.0000	0.0000	0.0000	0.0000	0.1374	0.0019	0.2911	0.0053	0.0054	0.0002	0.1683	0.0000	0.2934	136.1170	0.0000	0.0025	4.5914	1.6626	6.1047	6.4813	0.0000	0.0000	0.0000	0.0000	0.0000	0.0000	0.0000	0.0000	0.0000	0.0104	0.0001	0.0104	0.0001	0.0001	0.0000	0.0104	0.0000	0.0104	0.0424	0.0375	0.0049	0.0065	0.0063	0.0002	0.0359	0.0312	0.0047	0.0759	0.0404	0.0356	0.0144	0.0141	0.0003	0.0615	0.0262	0.0353	0.0000	0.0000	0.0000	0.0000	0.0000	0.0000	0.0000	0.0000	0.0000	0.1374	0.0019	0.2911	0.0053	0.0054	0.0002	0.1683	0.0000	0.2934	
26	37	0.0558	3	2	1	1	0	0	0	0	0	Y	N	N	N	N	N	N	N	N	N	N	N	2209.9524	1356.5732	0.3113	0.0830	0.0842	0.3454	715450.6900	1030734.9205	0.0111	6.7438	7.7821	0.0000	0.0014	0.0015	0.0001	7.9375	9.3108	0.0000	0.0031	0.0057	0.0000	0.0167	0.0174	0.0002	0.0000	0.0000	0.0000	0.0000	0.0025	-0.4629	-0.0003	4.5914	5.8118	6.1047	10.8965	0.9973	0.9973	0.0000	0.0000	0.0000	0.0000	0.9973	0.9973	0.0000	0.0005	0.0005	0.0000	0.0005	0.0005	0.0000	0.0000	0.0000	0.0000	0.1479	0.1282	0.0197	0.0222	0.0210	0.0012	0.1256	0.1071	0.0185	0.1535	0.0814	0.0720	0.0279	0.0268	0.0011	0.1256	0.0546	0.0710	2209.9524	1356.5732	0.3113	0.0830	0.0842	0.3454	715450.6900	1030734.9205	0.0111	0.0031	0.0057	0.0000	0.0167	0.0174	0.0002	0.0000	0.0000	0.0000
26	38	0.0349	2	2	1	1	0	0	0	0	0	Y	N	N	N	N	N	N	N	N	N	N	N	0.2631	0.3457	0.2243	0.0072	0.0073	0.1983	0.2708	0.3227	0.2352	0.0010	0.0010	0.0011	0.0000	0.0000	0.0000	0.0012	0.0012	0.0012	0.0040	0.0030	0.0049	0.0009	0.0009	0.0000	0.0045	0.0038	0.0050	0.1678	1.6654	-0.0000	-0.0001	4.5914	5.2458	6.1047	8.3786	0.0001	0.0001	0.0000	0.0000	0.0000	0.0000	0.0001	0.0001	0.0000	0.0005	0.0002	0.0003	0.0000	0.0000	0.0000	0.0004	0.0002	0.0003	0.1346	0.1164	0.0182	0.0183	0.0174	0.0010	0.1163	0.0990	0.0173	0.1164	0.0579	0.0584	0.0158	0.0155	0.0003	0.1005	0.0424	0.0581	0.2631	0.3457	0.2243	0.0072	0.0073	0.1983	0.2708	0.3227	0.2352	0.0040	0.0030	0.0049	0.0009	0.0009	0.0000	0.0045	0.0038	0.0050
26	39	0.0455	3	1	1	1	0	0	0	0	0	N	N	N	N	N	N	N	N	N	N	N	N	0.1997	0.0000	0.8051	0.0006	0.0000	0.0267	0.1998	0.0000	0.8393	0.0054	0.0000	0.0398	0.0000	0.0000	0.0000	0.0062	0.0000	0.0417	0.0272	0.0013	0.0494	0.0042	0.0043	0.0018	0.0310	0.0000	0.0497	inf	43.7237	0.0005	0.0006	4.5914	6.9653	6.1047	2.9126	0.0010	0.0000	0.0010	0.0000	0.0000	0.0000	0.0010	0.0000	0.0010	0.0026	0.0001	0.0026	0.0001	0.0001	0.0000	0.0026	0.0000	0.0026	0.1753	0.1514	0.0239	0.0221	0.0210	0.0011	0.1532	0.1304	0.0228	0.0975	0.0451	0.0524	0.0141	0.0139	0.0003	0.0834	0.0313	0.0521	0.1997	0.0000	0.8051	0.0006	0.0000	0.0267	0.1998	0.0000	0.8393	0.0272	0.0013	0.0494	0.0042	0.0043	0.0018	0.0310	0.0000	0.0497
26	40	0.0349	2	1	1	1	0	0	0	0	0	N	N	N	N	N	N	N	N	N	N	N	N	13.6999	0.0097	50.7775	21.3446	0.0000	inf	13.6813	inf	53.2767	9.5729	0.0000	70.6173	0.0021	0.0000	0.0403	11.0869	0.0000	74.5261	0.6988	0.0000	1.3907	0.0001	0.0001	0.0000	0.8104	0.0000	1.3988	41997877.1397	51520.1098	0.5356	0.0132	4.5914	4.0410	6.1047	4.5605	0.9995	0.0000	0.9995	0.0000	0.0000	0.0000	0.9995	0.0000	0.9995	0.0526	0.0000	0.0526	0.0000	0.0000	0.0000	0.0526	0.0000	0.0526	0.1044	0.0903	0.0142	0.0143	0.0135	0.0007	0.0902	0.0767	0.0134	0.0753	0.0375	0.0378	0.0104	0.0102	0.0002	0.0649	0.0273	0.0376	13.6999	0.0097	50.7775	21.3446	0.0000	inf	13.6813	inf	53.2767	0.6988	0.0000	1.3907	0.0001	0.0001	0.0000	0.8104	0.0000	1.3988
26	41	0.0659	3	1	0	2	0	0	0	0	0	N	N	Y	N	N	N	N	N	N	N	N	N	0.0115	0.0000	21.1780	0.0000	0.0000	6.9496	25.5455	0.0000	0.0000	0.0000	0.0000	0.0000	0.0000	0.0000	0.0000	0.0000	0.0001	0.0001	0.0000	0.0004	0.0004	0.0000	0.0000	0.0000	0.0000	inf	0.0019	0.0000	-0.0000	4.5914	4.0003	6.1047	0.0531	0.0000	0.0000	0.0000	0.0000	0.0000	0.0000	0.0000	0.0000	0.0000	0.0000	0.0000	0.0000	0.0000	0.0000	0.0000	0.0000	0.0000	0.0000	0.1038	0.0902	0.0135	0.0186	0.0179	0.0007	0.0851	0.0724	0.0128	0.0322	0.0175	0.0147	0.0062	0.0058	0.0003	0.0260	0.0117	0.0144	0.0115	0.0000	21.1780	0.0000	0.0000	0.0000	6.9496	0.0000	25.5455	0.0001	0.0001	0.0000	0.0004	0.0004	0.0000	0.0000	0.0000	0.0000		
26	42	0.0349	2	1	0	1	0	0	0	0	0	N	N	N	N	N	N	N	N	N	N	N	N	387.8491	0.0000	1445.2415	0.0000	0.0000	389.1482	1513.8874	0.0052	0.0000	0.0383	0.0000	0.0000	0.0000	0.0060	0.0000	0.0404	0.0000	0.0000	0.0000	0.0000	0.0000	0.0000	0.0000	0.0000	0.0000	inf	361.8361	0.0006	0.0000	4.5914	8.9997	6.1047	11.0444	0.0012	0.0000	0.0012	0.0000	0.0000	0.0000	0.0012	0.0000	0.0012	0.0000	0.0000	0.0000	0.0000	0.0000	0.0000	0.0000	0.0000	0.0000	0.2261	0.1956	0.0306	0.0304	0.0289	0.0016	0.1957	0.1667	0.0290	0.1659	0.0826	0.0833	0.0223	0.0217	0.0005	0.1437	0.0609	0.0828	387.8491	0.0000	1445.2415	0.0000	0.0000	0.0000	389.1482	0.0000	1513.8874	0.0000	0.0000	0.0000	0.0000	0.0000	0.0000	0.0000	0.0000	0.0000		
26	43	0.0349	2	2	1	2	0	0	0	0	0	Y	N	Y	N	N	N	N	N	N	N	N	N	0.0162	0.0602	inf	inf	0.0158	0.0615	0.0048	0.0000	0.0353	0.0009	0.0000	0.0175	0.0054	0.0000	0.0363	0.2944	0.0000	0.5864	0.0000	0.0000	0.0000	0.3396	0.0000	0.5900	inf	inf	0.0006	0.0139	4.5914	10.0000	6.1047	13.0000	0.0012	0.0000	0.0012	0.0000	0.0000	0.0000	0.0012	0.0000	0.0012	0.0552	0.0000	0.0552	0.0000	0.0000	0.0000	0.0552	0.0000	0.0552	0.2495	0.2158	0.0337	0.0335	0.0318	0.0017	0.2160	0.1840	0.0320	0.1874	0.0933	0.0941	0.0250	0.0244	0.0006	0.1625	0.0690	0.0935	0.0162	0.0000	0.0602	inf	0.0000	inf	0.0158	0.0000	0.0615	0.2944	0.0000	0.5864	0.0000	0.0000	0.0000	0.3396	0.0000	0.5900			
26	44	0.0349	2	1	1	1	0	0	0	0	0	N	N	N	N	N	N	N	N	N	N	N	N	0.0000	0.0000	0.0000	0.0000	0.0000	0.0000	0.0000	0.0000	0.0000	0.0000	0.0000	0.0000	0.0000	0.0019	0.0038	0.0000	0.0143	0.0146	0.0000	0.0000	0.0000	0.0000	0.0000	0.0000	-0.0002	4.5914	8.0000	6.1047	13.0000	0.0000	0.0000	0.0000	0.0000	0.0000	0.0000	0.0000	0.0000	0.0000	0.0003	0.0003	0.0000	0.0003	0.0003	0.0000	0.0000	0.0000	0.0000	0.2021	0.1748	0.0273	0.0273	0.0259	0.0014	0.1748	0.1489	0.0259	0.1730	0.0862	0.0869	0.0232	0.0226	0.0005	0.1499	0.0635	0.0863	0.0000	0.0000	0.0000	0.0000	0.0000	0.0000	0.0000	0.0000	0.0000	0.0019	0.0038	0.0000	0.0143	0.0146	0.0000	0.0000	0.0000	0.0000						
26	45	0.0349	2	1	1	1	0	0	0	0	0	N	N	N	N	N	N	N	N	N	N	N	N	0.0019	110.5655	0.0000	0.0000	0.0000	0.0000	0.0019	inf	0.0000	0.0106	0.0123	0.0000	0.0000	0.0000	0.0000	0.0123	0.0144	0.0000	5.5137	0.0001	14.1754	0.0042	0.0004	0.1633	6.3625	0.0000	14.5373	0.0000	99473.0000	-0.0012	0.2499	4.5914	10.0000	6.1047	12.0000	0.0027	0.0027	0.0000	0.0000	0.0000	0.0000	0.0027	0.0027	0.0000	0.9947	0.0000	0.9947	0.0001	0.0000	0.0001	0.9946	0.0000	0.9946	0.2499	0.2161	0.0337	0.0335	0.0318	0.0017	0.2163	0.1843	0.0320	0.1804	0.0898	0.0906	0.0241	0.0235	0.0006	0.1563	0.0663	0.0900	0.0019	110.5655	0.0000	0.0000	0.0000	0.0000	0.0019	inf	0.0000	5.5137	0.0001	10.9828	0.0042	0.0004	0.1633	6.3625	0.0000	11.0491
26	46	0.0473	3	2	0	2	0	0	0	0	0	Y	N	Y	N	N	N	N	N	N	N	N	N	0.0000	0.0000	0.0000	0.0000	0.0000	0.0000	0.0000	0.0000	0.0000	0.0000	0.0000	0.0000	0.0000	0.0000	0.0000	0.0000	0.0000	0.1320	0.0006	0.2853	0.0016	0.0017	0.0000	0.1653	0.0000	0.2874	395.3106	0.0000	0.0022	4.5914	1.8806	6.1047	4.9930	0.0000	0.0000	0.0000	0.0000	0.0000	0.0000	0.0000	0.0000	0.0000	0.0089	0.0000	0.0089	0.0000	0.0000	0.0000	0.0089	0.0000	0.0089	0.0470	0.0415	0.0055	0.0068	0.0066	0.0002	0.0401	0.0349	0.0053	0.0673	0.0363	0.0311	0.0137	0.0134	0.0002	0.0536	0.0228	0.0308	0.0000	0.0000	0.0000	0.0000	0.0000	0.0000	0.0000	0.0000	0.0000	0.1320	0.0006	0.2853	0.0016	0.0017	0.0000	0.1653	0.0000	0.2874		
26	47	0.0349	2	2	0	2	0	0	0	0	0	Y	N	Y	N	N	N	N	N	N	N	N	N	16.8099	0.0000	82.4943	1.7395	0.0000	inf	21.6927	84.4281	0.0215	0.0000	0.1583	0.0039	0.0000	0.0753	0.0243	0.0000	0.1630	0.0013	0.0006	0.0019	0.0023	0.0023	0.0000	0.0011	0.0000	0.0019	inf	3.0717	0.0006	0.0000	4.5914	2.1193	6.1047	4.2095	0.0012	0.0000	0.0012	0.0000	0.0000	0.0000	0.0012	0.0000	0.0012	0.0001	0.0000	0.0001	0.0000	0.0000	0.0000	0.0001	0.0000	0.0001	0.0554	0.0479	0.0075	0.0076	0.0072	0.0004	0.0478	0.0406	0.0071	0.0560	0.0279	0.0282	0.0078	0.0076	0.0002	0.0483	0.0203	0.0280	16.8099	0.0000	82.4943	1.7395	0.0000	inf	21.6927	0.0000	84.4281	0.0013	0.0006	0.0019	0.0023	0.0023	0.0000	0.0011	0.0000	0.0019	
26	48	0.0349	2	1	1	1	1	0	0	0	0	N	N	N	N	N	N	N	N	N	N	N	N	0.0008	inf	0.0000	8.1689	inf	0.0000	0.0000	0.0000	0.0033	0.0038	0.0000	0.0243	0.0256	0.0000	0.0000	0.0000	0.0000	4.3232	0.0000	8.6147	0.0030	0.0000	0.1253	4.9765	0.0000	8.6678	0.0000	inf	-0.0004	0.2499	4.5914	11.0000	6.1047	18.0000	0.0009	0.0009	0.0000	0.0009	0.0009	0.0000	0.0000	0.0000	0.0000	0.9947	0.0000	0.9947	0.0001	0.0000	0.0001	0.9946	0.0000	0.9946	0.2734	0.2365	0.0369	0.0366	0.0347	0.0019	0.2368	0.2018	0.0350	0.2301	0.1146	0.1155	0.0302	0.0295	0.0007	0.1999	0.0851	0.1148	0.0008	inf	0.0000	8.1689	inf	0.0000	0.0000	0.0000	0.0000	4.3232	0.0000	8.6147	0.0030	0.0000	0.1253	4.9765	0.0000	8.6678	
26	49	0.0349	2	1	1	1	0	0	0	0	0	N	N	N	N	N	N	N	N	N	N	N	N	inf	inf	inf	inf	6.5184	7.5390	0.0000	0.0000	0.0000	0.0000	7.5426	8.8582	0.0000	0.0000	0.0000	0.0000	0.0000	0.0000	0.0000	0.0000	0.0000	0.0000	0.0000	-0.4639	0.0000	4.5914	6.0000	6.1047	11.0000	0.9993	0.9993	0.0000	0.0000	0.0000	0.0000	0.9993	0.9993	0.0000	0.0000	0.0000	0.0000	0.0000	0.0000	0.0000	0.0000	0.0000	0.0000	0.1533	0.1326	0.0208	0.0208	0.0197	0.0011	0.1325	0.1128	0.0197	0.1428	0.0711	0.0717	0.0193	0.0189	0.0004	0.1235	0.0522	0.0713	inf	inf	0.0000	0.0000	0.0000	0.0000	inf	inf	0.0000	0.0000	0.0000	0.0000	0.0000	0.0000	0.0000	0.0000	0.0000	0.0000						
26	51	0.0620	3	1	1	1	1	0	0	0	0	N	N	N	N	N	N	N	N	N	N	N	N	0.0000	0.0000	0.0000	0.0000	0.0000	0.0000	0.0000	0.0000	0.0000	0.0000	0.0000	0.0000	0.0000	0.0000	0.0000	0.0000	0.0000	0.0060	0.0075	0.0000	0.0117	0.0121	0.0000	0.0000	0.0000	0.0000	0.0000	0.0000	-0.0007	4.5914	0.9739	6.1047	0.0244	0.0000	0.0000	0.0000	0.0000	0.0000	0.0000	0.0000	0.0000	0.0000	0.0009	0.0009	0.0000	0.0009	0.0009	0.0000	0.0000	0.0000	0.0000	0.1323	0.1202	0.0121	0.0579	0.0575	0.0005	0.0744	0.0628	0.0116	0.1534	0.1235	0.0299	0.0794	0.0763	0.0031	0.0740	0.0472	0.0268	0.0000	0.0000	0.0000	0.0000	0.0000	0.0000	0.0000	0.0000	0.0000	0.0060	0.0075	0.0000	0.0117	0.0121	0.0000	0.0000	0.0000	0.0000		
26	52	0.0349	2	1	1	1	1	0	0	0	0	N	N	N	N	N	N	N	N	N	N	N	N	0.0381	0.1414	0.1256	0.0008	0.0008	0.0517	0.0384	0.1875	0.1315	0.0030	0.0005	0.0195	0.0000	0.0000	0.0000	0.0035	0.0005	0.0205	0.0795	0.0033	0.1551	0.0042	0.0043	0.0000	0.0912	0.0029	0.1560	6.5682	47.7771	0.0003	0.0028	4.5914	10.0170	6.1047	8.1377	0.0008	0.0001	0.0007	0.0000	0.0000	0.0000	0.0008	0.0001	0.0007	0.0121	0.0002	0.0118	0.0001	0.0001	0.0000	0.0120	0.0002	0.0118	0.2503	0.2165	0.0338	0.0336	0.0319	0.0017	0.2167	0.1846	0.0321	0.1517	0.0755	0.0762	0.0204	0.0200	0.0005	0.1312	0.0555	0.0757	0.0381	0.1414	0.1256	0.0008	0.0008	0.0517	0.0384	0.1875	0.1315	0.0795	0.0033	0.1551	0.0042	0.0043	0.0000	0.0912	0.0029	0.1560
26	53	0.0701	3	2	1	1	0	0	0	0	0	Y	N	N	N	N	N	N	N	N	N	N	N	0.0000	0.0000	0.0000	0.0000	0.0000	0.0000	0.0000	0.0000	0.0000	0.0000	0.0000	0.0000	0.0000	0.0000	0.0000	0.0000	0.0000	0.0000	0.0079	0.0000	0.0198	0.0000	0.0000	0.0000	0.0118	0.0000	0.0206	2324.4303	0.0000	0.0002	4.5914	1.0294	6.1047	5.0054	0.0000	0.0000	0.0000	0.0000	0.0000	0.0000	0.0000	0.0000	0.0000	0.0007	0.0000	0.0007	0.0000	0.0000	0.0000	0.0007	0.0000	0.0007	0.0589	0.0525	0.0063	0.0209	0.0205	0.0004	0.0380	0.0320	0.0060	0.0841	0.0506	0.0336	0.0278	0.0265	0.0013	0.0563	0.0241	0.0322	0.0000	0.0000	0.0000	0.0000	0.0000	0.0000	0.0000	0.0000	0.0000	0.0079	0.0000	0.0198	0.0000	0.0000	0.0000	0.0118	0.0000	0.0206	
26	54	0.0349	2	2	1	1	0	0	0	0	0	Y	N	N	N	N	N	N	N	N	N	N	N	0.0004	0.0746	0.0000	0.0002	0.0002	0.0000	0.0004	0.2486	0.0000	0.0001	0.0001	0.0000	0.0000	0.0000	0.0000	0.0001	0.0001	0.0000	0.3108	0.0017	0.6173	0.0047	0.0048	0.0000	0.3579	0.0006	0.6211	0.0032	364.0590	-0.0000	0.0140	4.5914	7.2033	6.1047	14.9709	0.0000	0.0000	0.0000	0.0000	0.0000	0.0000	0.0000	0.0000	0.0000	0.0565	0.0002	0.0563	0.0001	0.0001	0.0000	0.0563	0.0000	0.0563	0.1828	0.1581	0.0247	0.0247	0.0235	0.0013	0.1581	0.1346	0.0235	0.1817	0.0905	0.0912	0.0242	0.0237	0.0006	0.1574	0.0668	0.0907	0.0004	0.0746	0.0000	0.0002	0.0002	0.0000	0.0004	0.2486	0.0000	0.3108	0.0017	0.6173	0.0047	0.0048	0.0000	0.3579	0.0006	0.6211
26	58	0.2289	5	1	0	1	0	0	0	0	0	N	N	N	N	N	N	N	N	N	N	N	N	4.4035	3.6330	0.0000	0.6680	0.7177	0.0000	58.7770	263.2561	0.0000	0.1375	0.1573	0.0000	0.0404	0.0459	0.0000	0.2303	0.2657	0.0000	0.0312	0.0433	0.0065	0.0605	0.0639	0.0112	0.0039	0.0010	0.0061	0.0000	0.0740	-0.0663	-0.0199	4.5914	16.5869	6.1047	24.5040	0.1429	0.1429	0.0000	0.0205	0.0205	0.0000	0.1224	0.1224	0.0000	0.0293	0.0273	0.0020	0.0274	0.0271	0.0003	0.0019	0.0002	0.0017	1.0394	0.9084	0.1310	0.5081	0.4478	0.0603	0.5313	0.4605	0.0708	0.9384	0.6300	0.3084	0.4527	0.4236	0.0291	0.4857	0.2063	0.2794	4.4035	3.6330	0.0000	0.6680	0.7177	0.0000	58.7770	263.2561	0.0000	0.0312	0.0433	0.0065	0.0605	0.0639	0.0112	0.0039	0.0010	0.0061
27	29	0.0642	2	1	1	1	0	0	0	0	0	N	N	N	N	N	N	N	N	N	N	N	N	inf	inf	inf	inf	0.0083	0.0000	0.0599	0.0000	0.0000	0.0000	0.0101	0.0000	0.0634	0.0000	0.0000	0.0000	0.0000	0.0000	0.0000	0.0000	0.0000	0.0000	inf	0.0006	0.0000	10.0000	1.9609	11.0000	3.0643	0.0012	0.0000	0.0012	0.0000	0.0000	0.0000	0.0012	0.0000	0.0012	0.0000	0.0000	0.0000	0.0000	0.0000	0.0000	0.0000	0.0000	0.0000	0.1403	0.1208	0.0195	0.0241	0.0230	0.0011	0.1162	0.0978	0.0185	0.1093	0.0552	0.0541	0.0189	0.0186	0.0003	0.0904	0.0366	0.0539	inf	0.0000	inf	0.0000	0.0000	0.0000	inf	0.0000	inf	0.0000	0.0000	0.0000	0.0000	0.0000	0.0000	0.0000	0.0000	0.0000						
27	32	0.0841	3	0	2	0	0	0	0	0	0	N	Y	N	N	N	N	N	N	N	N	N	N	0.0000	0.0000	0.0000	0.0000	0.0000	0.0000	0.0000	0.0000	0.0000	0.0000	0.0000	0.0000	0.0000	16.0327	34.9260	0.0000	0.0000	0.0000	0.0000	16.6609	37.4208	0.0000	0.0000	0.0000	-0.7487	10.0000	0.0000	11.0000	4.0000	0.0000	0.0000	0.0000	0.0000	0.0000	0.0000	0.0000	0.0000	0.0000	1.0000	1.0000	0.0000	0.0000	0.0000	0.0000	1.0000	1.0000	0.0000	0.0000	0.0000	0.0000	0.0000	0.0000	0.0000	0.0000	0.0000	0.0000	0.0624	0.0286	0.0337	0.0024	0.0019	0.0004	0.0600	0.0267	0.0333	0.0000	0.0000	0.0000	0.0000	0.0000	0.0000	0.0000	0.0000	0.0000	16.0327	34.9260	0.0000	0.0000	0.0000	0.0000	16.6609	37.4208	0.0000						
27	33	0.0805	2	0	1	0	0	0	0	0	0	N	N	N	N	N	N	N	N	N	N	N	N	142.2251	789.5592	206.9084	799.8411	1.5985	0.0000	16.7010	0.0000	0.0000	0.0000	2.4892	0.0000	17.1275	0.0112	0.0000	0.0212	0.0000	0.0000	0.0000	0.0120	0.0000	0.0214	inf	inf	0.0002	0.0001	10.0000	0.0019	11.0000	1.9565	0.0005	0.0000	0.0005	0.0000	0.0000	0.0000	0.0005	0.0000	0.0005	0.0004	0.0000	0.0004	0.0000	0.0000	0.0000	0.0004	0.0000	0.0004	0.0003	0.0003	0.0000	0.0001	0.0001	0.0000	0.0002	0.0002	0.0000	0.0329	0.0154	0.0175	0.0022	0.0020	0.0002	0.0308	0.0135	0.0173	142.2251	0.0000	789.5592	0.0000	0.0000	0.0000	206.9084	0.0000	799.8411	0.0112	0.0000	0.0212	0.0000	0.0000	0.0000	0.0120	0.0000	0.0214					
27	34	0.0763	3	1	2	1	0	0	0	0	0	N	Y	N	N	N	N	N	N	N	N	N	N	inf	inf	inf	inf	0.0011	0.0012	0.0000	0.0149	0.0154	0.0000	0.0000	0.0000	0.0000	0.0000	0.0000	0.0000	0.0000	0.0000	0.0000	0.0000	0.0000	0.0000	0.0000	-0.0001	0.0000	10.0000	3.0034	11.0000	4.0042	0.0002	0.0002	0.0000	0.0002	0.0002	0.0000	0.0000	0.0000	0.0000	0.0000	0.0000	0.0000	0.0000	0.0000	0.0000	0.0000	0.0000	0.0000	0.1886	0.1657	0.0228	0.0134	0.0130	0.0004	0.1752	0.1527	0.0225	0.1397	0.0730	0.0667	0.0204	0.0197	0.0007	0.1193	0.0533	0.0660	inf	inf	0.0000	inf	inf	0.0000	0.0000	0.0000	0.0000	0.0000	0.0000	0.0000	0.0000	0.0000	0.0000	0.0000	0.0000	0.0000						
27	35	0.0763	3	1	2	1	0	0	0	0	0	N	Y	N	N	N	N	N	N	N	N	N	N	inf	inf	inf	inf	3.6942	0.0000	29.8249	0.0000	0.0000	0.0000	3.9297	0.0000	30.3228	0.0000	0.0000	0.0000	0.0000	0.0000	0.0000	0.0000	0.0000	0.0000	inf	0.5357	0.0000	10.0000	4.4649	11.0000	3.5311	0.9998	0.0000	0.9998	0.0000	0.0000	0.0000	0.9998	0.0000	0.9998	0.0000	0.0000	0.0000	0.0000	0.0000	0.0000	0.0000	0.0000	0.0000	0.2706	0.2371	0.0335	0.0162	0.0157	0.0006	0.2544	0.2214	0.0330	0.1556	0.0808	0.0747	0.0216	0.0209	0.0007	0.1339	0.0599	0.0740	inf	0.0000	inf	0.0000	0.0000	0.0000	inf	0.0000	inf	0.0000	0.0000	0.0000	0.0000	0.0000	0.0000	0.0000	0.0000	0.0000						
27	36	0.0620	2	1	2	1	0	0	0	0	0	N	Y	N	N	N	N	N	N	N	N	N	N	4.9487	0.0000	inf	0.0000	0.0000	inf	inf	0.0021	0.0000	0.0181	0.0000	0.0000	0.0000	0.0023	0.0000	0.0184	0.0004	0.0008	0.0000	0.0034	0.0035	0.0000	0.0000	0.0000	0.0000	inf	0.0000	0.0001	-0.0000	10.0000	1.6626	11.0000	6.4813	0.0002	0.0000	0.0002	0.0000	0.0000	0.0000	0.0002	0.0000	0.0002	0.0001	0.0001	0.0000	0.0001	0.0001	0.0000	0.0000	0.0000	0.0000	0.0951	0.0841	0.0111	0.0093	0.0092	0.0002	0.0858	0.0749	0.0109	0.1413	0.0720	0.0693	0.0175	0.0173	0.0002	0.1237	0.0547	0.0691	4.9487	0.0000	inf	0.0000	0.0000	0.0000	inf	0.0000	inf	0.0004	0.0008	0.0000	0.0034	0.0035	0.0000	0.0000	0.0000	0.0000		
27	37	0.0705	2	1	2	0	0	0	0	0	0	N	Y	N	N	N	N	N	N	N	N	N	N	517.3634	299.0232	1414.7446	1402.1673	0.0274	0.0313	0.0000	0.5368	0.5459	0.0000	0.0000	0.0000	0.0000	0.0001	0.0001	0.0000	0.0004	0.0004	0.0000	0.0000	0.0000	0.0000	0.0000	0.0000	-0.0047	-0.0000	10.0000	5.8118	11.0000	10.8965	0.0101	0.0101	0.0000	0.0101	0.0101	0.0000	0.0000	0.0000	0.0000	0.0000	0.0000	0.0000	0.0000	0.0000	0.0000	0.0000	0.0000	0.0000	0.3696	0.3231	0.0465	0.0188	0.0185	0.0003	0.3507	0.3046	0.0462	0.3783	0.1911	0.1871	0.0527	0.0514	0.0013	0.3255	0.1398	0.1858	517.3634	299.0232	0.0000	1414.7446	1402.1673	0.0000	0.0000	0.0000	0.0000	0.0001	0.0001	0.0000	0.0004	0.0004	0.0000	0.0000	0.0000	0.0000					
27	39	0.0602	2	0	2	0	0	0	0	0	0	N	Y	N	N	N	N	N	N	N	N	N	N	0.0000	0.0000	0.0000	0.0000	0.0000	0.0000	0.0000	0.0000	0.0000	0.0000	0.0000	0.0000	0.0000	0.0000	0.0000	0.0000	0.0000	0.0000	0.0000	0.0000	10.0000	6.9653	11.0000	2.9126	0.0000	0.0000	0.0000	0.0000	0.0000	0.0000	0.0000	0.0000	0.0000	0.0000	0.0000	0.0000	0.0000	0.0000	0.0000	0.0000	0.0000	0.0000	0.3997	0.3476	0.0521	0.0146	0.0139	0.0008	0.3851	0.3337	0.0513	0.1980	0.1005	0.0975	0.0266	0.0258	0.0008	0.1714	0.0747	0.0967	0.0000	0.0000	0.0000	0.0000	0.0000	0.0000	0.0000	0.0000	0.0000	0.0000	0.0000	0.0000	0.0000	0.0000	0.0000	0.0000	0.0000	0.0000											
27	41	0.0805	2	0	1	1	0	0	0	0	0	N	N	N	N	N	N	N	N	N	N	N	N	0.3525	1.4809	0.3821	1.5372	0.0020	0.0000	0.0156	0.0000	0.0000	0.0000	0.0023	0.0000	0.0164	0.0057	0.0000	0.0106	0.0000	0.0000	0.0000	0.0060	0.0000	0.0107	inf	inf	0.0002	0.0001	10.0000	4.0003	11.0000	0.0531	0.0005	0.0000	0.0005	0.0000	0.0000	0.0000	0.0005	0.0000	0.0005	0.0004	0.0000	0.0004	0.0000	0.0000	0.0000	0.0004	0.0000	0.0004	0.2304	0.2009	0.0294	0.0287	0.0272	0.0014	0.2017	0.1737	0.0280	0.0653	0.0303	0.0351	0.0033	0.0029	0.0004	0.0620	0.0274	0.0346	0.3525	0.0000	1.4809	0.0000	0.0000	0.0000	0.3821	0.0000	1.5372	0.0057	0.0000	0.0106	0.0000	0.0000	0.0000	0.0060	0.0000	0.0107					
27	46	0.0620	2	1	1	1	0	0	0	0	0	N	N	N	N	N	N	N	N	N	N	N	N	0.0000	0.0000	0.0000	0.0000	0.0000	0.0000	0.0000	0.0000	0.0000	0.0000	0.0000	0.0000	0.0000	0.0005	0.0009	0.0000	0.0035	0.0035	0.0000	0.0000	0.0000	0.0000	0.0000	0.0000	-0.0000	10.0000	1.8806	11.0000	4.9930	0.0000	0.0000	0.0000	0.0000	0.0000	0.0000	0.0000	0.0000	0.0000	0.0001	0.0001	0.0000	0.0001	0.0001	0.0000	0.0000	0.0000	0.0000	0.1058	0.0934	0.0124	0.0097	0.0095	0.0002	0.0961	0.0839	0.0122	0.1246	0.0643	0.0602	0.0172	0.0170	0.0002	0.1074	0.0473	0.0600	0.0000	0.0000	0.0000	0.0000	0.0000	0.0000	0.0000	0.0000	0.0000	0.0005	0.0009	0.0000	0.0035	0.0035	0.0000	0.0000	0.0000	0.0000						
27	51	0.0767	2	0	2	0	1	0	0	0	0	N	Y	N	N	N	N	N	N	N	N	N	N	0.0000	0.0000	0.0000	0.0000	0.0000	0.0000	0.0000	0.0000	0.0000	0.0000	0.0000	0.0000	0.0000	0.0000	0.0000	0.0000	0.0000	0.0000	0.0000	0.0000	10.0000	0.9739	11.0000	0.0244	0.0000	0.0000	0.0000	0.0000	0.0000	0.0000	0.0000	0.0000	0.0000	0.0000	0.0000	0.0000	0.0000	0.0000	0.0000	0.0000	0.0000	0.0000	0.3708	0.3454	0.0255	0.1639	0.1628	0.0010	0.2069	0.1825	0.0244	0.3044	0.2468	0.0575	0.1534	0.1481	0.0053	0.1509	0.0987	0.0522	0.0000	0.0000	0.0000	0.0000	0.0000	0.0000	0.0000	0.0000	0.0000	0.0000	0.0000	0.0000	0.0000	0.0000	0.0000	0.0000	0.0000	0.0000											
27	53	0.0847	2	1	2	0	0	0	0	0	0	N	Y	N	N	N	N	N	N	N	N	N	N	0.0000	0.0000	0.0000	0.0000	0.0000	0.0000	0.0000	0.0000	0.0000	0.0000	0.0000	0.0000	0.0000	0.0000	0.0000	0.0000	0.0000	0.0000	0.0000	0.0000	10.0000	1.0294	11.0000	5.0054	0.0000	0.0000	0.0000	0.0000	0.0000	0.0000	0.0000	0.0000	0.0000	0.0000	0.0000	0.0000	0.0000	0.0000	0.0000	0.0000	0.0000	0.0000	0.1314	0.1163	0.0151	0.0369	0.0366	0.0003	0.0945	0.0798	0.0147	0.1832	0.1157	0.0675	0.0566	0.0541	0.0025	0.1265	0.0616	0.0650	0.0000	0.0000	0.0000	0.0000	0.0000	0.0000	0.0000	0.0000	0.0000	0.0000	0.0000	0.0000	0.0000	0.0000	0.0000	0.0000	0.0000	0.0000											
27	58	0.2436	4	0	1	0	0	0	0	0	0	N	N	N	N	N	N	N	N	N	N	N	N	5.5804	9.4180	9.8850	1.9645	0.5169	8.2517	6.2082	2.1689	10.1510	0.8822	0.5872	3.4887	0.2212	0.0357	6.1244	1.2212	0.9054	3.1906	0.1581	0.0623	0.3529	0.1126	0.0690	0.7422	0.1967	0.4174	0.3143	0.6724	2.7815	-0.1047	-0.0039	10.0000	16.5869	11.0000	24.5040	1.6854	1.0078	0.6777	0.1433	0.0224	0.1209	1.5422	0.9854	0.5568	0.2972	0.0786	0.2186	0.0972	0.0557	0.0415	0.2000	0.0229	0.1771	1.9106	1.7164	0.1942	0.6477	0.6280	0.0197	1.2629	1.0883	0.1745	1.8797	1.2604	0.6193	0.8632	0.8073	0.0559	1.0166	0.4531	0.5634	5.5804	9.4180	9.8850	1.9645	0.5169	8.2517	6.2082	17.9392	10.1510	0.1581	0.0623	0.3529	0.1126	0.0690	0.7422	0.1967	0.0505	0.3143
28	29	0.0538	2	1	1	1	1	0	0	0	0	N	N	N	N	N	N	N	N	N	N	N	N	0.0004	3.4155	0.0000	4.1247	6.0676	0.0000	0.0000	0.0000	0.0037	0.0043	0.0000	0.0219	0.0229	0.0000	0.0000	0.0000	0.0000	9.0201	0.0013	65.0074	0.0053	0.0038	0.1009	10.9006	0.0000	60.7445	0.0000	14084.1429	-0.0003	0.2477	13.0000	1.9609	8.0000	3.0643	0.0007	0.0007	0.0000	0.0007	0.0007	0.0000	0.0000	0.0000	0.0000	0.9860	0.0001	0.9859	0.0001	0.0001	0.0000	0.9859	0.0000	0.9859	0.1795	0.1546	0.0249	0.0306	0.0293	0.0014	0.1489	0.1253	0.0236	0.1093	0.0552	0.0541	0.0189	0.0186	0.0003	0.0904	0.0366	0.0539	0.0004	3.4155	0.0000	4.1247	6.0676	0.0000	0.0000	0.0000	0.0000	9.0201	0.0013	18.2068	0.0053	0.0038	0.1009	10.9006	0.0000	18.3067	
28	32	0.0737	3	0	2	0	1	0	0	0	0	N	Y	N	N	N	N	N	N	N	N	N	N	0.0000	0.0000	0.0000	0.0000	0.0000	0.0000	0.0000	0.0000	0.0000	0.0000	0.0000	0.0000	0.0000	0.0000	0.0000	0.0000	0.0000	0.0000	0.0000	0.0000	13.0000	0.0000	8.0000	4.0000	0.0000	0.0000	0.0000	0.0000	0.0000	0.0000	0.0000	0.0000	0.0000	0.0000	0.0000	0.0000	0.0000	0.0000	0.0000	0.0000	0.0000	0.0000	0.0000	0.0000	0.0000	0.0000	0.0000	0.0000	0.0000	0.0000	0.0000	0.0624	0.0286	0.0337	0.0024	0.0019	0.0004	0.0600	0.0267	0.0333	0.0000	0.0000	0.0000	0.0000	0.0000	0.0000	0.0000	0.0000	0.0000	0.0000	0.0000	0.0000	0.0000	0.0000	0.0000	0.0000	0.0000	0.0000											
28	33	0.0701	2	0	1	0	1	0	0	0	0	N	N	N	N	N	N	N	N	N	N	N	N	134.6105	557.4990	543.4926	0.0000	0.0000	203.3428	inf	550.5916	1.0632	0.3614	7.7677	0.0000	0.0000	0.0000	1.6529	0.5939	7.9663	0.0079	0.0006	0.0143	0.0046	0.0051	0.0000	0.0081	0.0000	0.0145	2.2500	25.0000	0.0001	0.0001	13.0000	0.0019	8.0000	1.9565	0.0004	0.0001	0.0003	0.0000	0.0000	0.0000	0.0004	0.0001	0.0003	0.0003	0.0000	0.0003	0.0000	0.0000	0.0000	0.0003	0.0000	0.0003	0.0004	0.0003	0.0000	0.0001	0.0001	0.0000	0.0002	0.0002	0.0000	0.0329	0.0154	0.0175	0.0022	0.0020	0.0002	0.0308	0.0135	0.0173	134.6105	557.4990	543.4926	0.0000	0.0000	0.0000	203.3428	inf	550.5916	0.0079	0.0006	0.0143	0.0046	0.0051	0.0000	0.0081	0.0000	0.0145	
28	34	0.0659	3	1	2	1	1	0	0	0	0	N	Y	N	N	N	N	N	N	N	N	N	N	0.0000	0.0000	0.0000	0.0000	0.0000	0.0000	0.0000	0.0000	0.0000	0.0000	0.0000	0.0000	0.0000	0.0000	0.0000	0.0000	7.0965	0.0005	27.3684	0.0020	0.0020	0.0000	8.3082	0.0000	28.0591	24776.5000	0.0000	0.2490	13.0000	3.0034	8.0000	4.0042	0.0000	0.0000	0.0000	0.0000	0.0000	0.0000	0.0000	0.0000	0.0000	0.9911	0.0000	0.9911	0.0000	0.0000	0.0000	0.9911	0.0000	0.9911	0.2412	0.2121	0.0291	0.0172	0.0167	0.0005	0.2240	0.1953	0.0286	0.1397	0.0730	0.0667	0.0204	0.0197	0.0007	0.1193	0.0533	0.0660	0.0000	0.0000	0.0000	0.0000	0.0000	0.0000	0.0000	0.0000	0.0000	7.0965	0.0005	14.8687	0.0020	0.0020	0.0000	8.3082	0.0000	15.0183			
28	35	0.0659	3	1	2	1	1	0	0	0	0	N	Y	N	N	N	N	N	N	N	N	N	N	0.0000	0.0000	0.0000	0.0000	0.0000	0.0000	0.0000	0.0000	0.0000	0.0000	0.0000	0.0000	0.0000	0.0577	0.1111	0.0000	0.4148	0.4297	0.0000	0.0000	0.0000	0.0000	0.0000	0.0000	-0.0067	13.0000	4.4649	8.0000	3.5311	0.0000	0.0000	0.0000	0.0000	0.0000	0.0000	0.0000	0.0000	0.0000	0.0090	0.0090	0.0000	0.0090	0.0090	0.0000	0.0000	0.0000	0.0000	0.3460	0.3033	0.0427	0.0208	0.0201	0.0007	0.3253	0.2832	0.0420	0.1556	0.0808	0.0747	0.0216	0.0209	0.0007	0.1339	0.0599	0.0740	0.0000	0.0000	0.0000	0.0000	0.0000	0.0000	0.0000	0.0000	0.0000	0.0577	0.1111	0.0000	0.4148	0.4297	0.0000	0.0000	0.0000	0.0000						
28	36	0.0515	2	1	2	1	1	0	0	0	0	N	Y	N	N	N	N	N	N	N	N	N	N	0.0000	0.0000	0.0000	0.0000	0.0000	0.0000	0.0000	0.0000	0.0000	0.0000	0.0000	0.0000	0.0000	0.0000	0.0000	0.0003	0.0004	0.0001	0.0000	0.0000	0.0000	0.0003	0.0005	0.0001	0.3333	0.0000	-0.0000	13.0000	1.6626	8.0000	6.4813	0.0000	0.0000	0.0000	0.0000	0.0000	0.0000	0.0000	0.0000	0.0000	0.0000	0.0000	0.0000	0.0000	0.0000	0.0000	0.0000	0.0000	0.0000	0.1215	0.1074	0.0141	0.0119	0.0117	0.0002	0.1096	0.0957	0.0139	0.1413	0.0720	0.0693	0.0175	0.0173	0.0002	0.1237	0.0547	0.0691	0.0000	0.0000	0.0000	0.0000	0.0000	0.0000	0.0000	0.0000	0.0000	0.0003	0.0004	0.0001	0.0000	0.0000	0.0000	0.0003	0.0005	0.0001				
28	37	0.0600	2	1	2	0	1	0	0	0	0	N	Y	N	N	N	N	N	N	N	N	N	N	0.0102	0.0414	0.0000	0.1732	0.1922	0.0000	0.0000	0.0000	0.0001	0.0001	0.0000	0.0025	0.0025	0.0000	0.0000	0.0000	0.0000	0.0124	0.0035	0.0215	0.0142	0.0130	0.0597	0.0121	0.0000	0.0212	0.0000	6.0000	-0.0000	0.0005	13.0000	5.8118	8.0000	10.8965	0.0001	0.0001	0.0000	0.0001	0.0001	0.0000	0.0000	0.0000	0.0000	0.0047	0.0007	0.0040	0.0007	0.0007	0.0001	0.0039	0.0000	0.0039	0.4725	0.4133	0.0592	0.0243	0.0239	0.0004	0.4482	0.3893	0.0588	0.3783	0.1911	0.1871	0.0527	0.0514	0.0013	0.3255	0.1398	0.1858	0.0102	0.0414	0.0000	0.1732	0.1922	0.0000	0.0000	0.0000	0.0000	0.0124	0.0035	0.0215	0.0142	0.0130	0.0597	0.0121	0.0000	0.0212	
28	39	0.0497	2	0	2	0	1	0	0	0	0	N	Y	N	N	N	N	N	N	N	N	N	N	12.2728	7.1596	0.0000	0.0000	inf	inf	0.0019	0.0021	0.0000	0.0000	0.0000	0.0000	0.0019	0.0022	0.0000	0.0002	0.0003	0.0000	0.0011	0.0012	0.0000	0.0000	0.0000	0.0000	0.0000	0.0000	-0.0004	-0.0000	13.0000	6.9653	8.0000	2.9126	0.0009	0.0009	0.0000	0.0000	0.0000	0.0000	0.0009	0.0009	0.0000	0.0000	0.0000	0.0000	0.0000	0.0000	0.0000	0.0000	0.0000	0.0000	0.5109	0.4444	0.0665	0.0186	0.0176	0.0010	0.4923	0.4268	0.0655	0.1980	0.1005	0.0975	0.0266	0.0258	0.0008	0.1714	0.0747	0.0967	12.2728	7.1596	0.0000	0.0000	0.0000	0.0000	inf	inf	0.0000	0.0002	0.0003	0.0000	0.0011	0.0012	0.0000	0.0000	0.0000	0.0000			
28	41	0.0701	2	0	1	1	1	0	0	0	0	N	N	N	N	N	N	N	N	N	N	N	N	0.3325	1.4125	1.0073	0.0000	0.0000	0.3742	inf	1.0451	0.0013	0.0005	0.0072	0.0000	0.0000	0.0000	0.0015	0.0005	0.0075	0.0040	0.0003	0.0071	0.0030	0.0035	0.0000	0.0040	0.0000	0.0072	2.2500	25.0000	0.0001	0.0001	13.0000	4.0003	8.0000	0.0531	0.0004	0.0001	0.0003	0.0000	0.0000	0.0000	0.0004	0.0001	0.0003	0.0003	0.0000	0.0003	0.0000	0.0000	0.0000	0.0003	0.0000	0.0003	0.2947	0.2571	0.0376	0.0362	0.0344	0.0018	0.2585	0.2227	0.0358	0.0653	0.0303	0.0351	0.0033	0.0029	0.0004	0.0620	0.0274	0.0346	0.3325	1.4125	1.0073	0.0000	0.0000	0.0000	0.3742	inf	1.0451	0.0040	0.0003	0.0071	0.0030	0.0035	0.0000	0.0040	0.0000	0.0072	
28	46	0.0515	2	1	1	1	1	0	0	0	0	N	N	N	N	N	N	N	N	N	N	N	N	0.0000	0.0000	0.0000	0.0000	0.0000	0.0000	0.0000	0.0000	0.0000	0.0000	0.0000	0.0000	0.0000	0.0000	0.0000	0.0000	0.0000	0.0000	0.0000	0.0000	13.0000	1.8806	8.0000	4.9930	0.0000	0.0000	0.0000	0.0000	0.0000	0.0000	0.0000	0.0000	0.0000	0.0000	0.0000	0.0000	0.0000	0.0000	0.0000	0.0000	0.0000	0.0000	0.1351	0.1193	0.0158	0.0124	0.0122	0.0002	0.1227	0.1071	0.0156	0.1246	0.0643	0.0602	0.0172	0.0170	0.0002	0.1074	0.0473	0.0600	0.0000	0.0000	0.0000	0.0000	0.0000	0.0000	0.0000	0.0000	0.0000	0.0000	0.0000	0.0000	0.0000	0.0000	0.0000	0.0000	0.0000	0.0000											
28	51	0.0662	2	0	2	0	2	0	0	0	0	N	Y	N	Y	N	N	N	N	N	N	N	N	0.0000	0.0000	0.0000	0.0000	0.0000	0.0000	0.0000	0.0000	0.0000	0.0000	0.0000	0.0000	0.0000	0.0000	0.0000	0.0000	0.0000	0.0000	0.0000	0.0000	13.0000	0.9739	8.0000	0.0244	0.0000	0.0000	0.0000	0.0000	0.0000	0.0000	0.0000	0.0000	0.0000	0.0000	0.0000	0.0000	0.0000	0.0000	0.0000	0.0000	0.0000	0.0000	0.4721	0.4395	0.0326	0.2085	0.2071	0.0013	0.2636	0.2323	0.0313	0.3044	0.2468	0.0575	0.1534	0.1481	0.0053	0.1509	0.0987	0.0522	0.0000	0.0000	0.0000	0.0000	0.0000	0.0000	0.0000	0.0000	0.0000	0.0000	0.0000	0.0000	0.0000	0.0000	0.0000	0.0000	0.0000	0.0000											
28	53	0.0743	2	1	2	0	1	0	0	0	0	N	Y	N	N	N	N	N	N	N	N	N	N	0.0000	0.0000	0.0000	0.0000	0.0000	0.0000	0.0000	0.0000	0.0000	0.0000	0.0000	0.0000	0.0000	0.0000	0.0000	0.0223	0.0000	0.0605	0.0088	0.0000	0.1971	0.0283	0.0000	0.0551	inf	0.0000	0.0010	13.0000	1.0294	8.0000	5.0054	0.0000	0.0000	0.0000	0.0000	0.0000	0.0000	0.0000	0.0000	0.0000	0.0041	0.0000	0.0041	0.0005	0.0000	0.0005	0.0036	0.0000	0.0036	0.1685	0.1492	0.0193	0.0475	0.0471	0.0004	0.1210	0.1022	0.0189	0.1832	0.1157	0.0675	0.0566	0.0541	0.0025	0.1265	0.0616	0.0650	0.0000	0.0000	0.0000	0.0000	0.0000	0.0000	0.0000	0.0000	0.0000	0.0223	0.0000	0.0605	0.0088	0.0000	0.1971	0.0283	0.0000	0.0551				
28	58	0.2331	4	0	1	0	1	0	0	0	0	N	N	N	N	N	N	N	N	N	N	N	N	2.6033	7.4357	4.1285	2.1008	0.3942	inf	2.2863	inf	3.4334	0.6711	0.4385	2.7350	0.1809	0.0363	4.8207	0.9227	0.6707	2.5001	0.2578	0.0590	0.6625	0.0861	0.0921	0.0000	0.4036	0.0000	0.7282	0.7030	5.5194	-0.0843	0.0474	13.0000	16.5869	8.0000	24.5040	1.6416	0.9639	0.6777	0.1501	0.0292	0.1209	1.4915	0.9347	0.5568	0.4846	0.0743	0.4103	0.0743	0.0743	0.0000	0.4103	0.0000	0.4103	2.4460	2.1983	0.2478	0.8296	0.8045	0.0251	1.6164	1.3937	0.2227	1.8797	1.2604	0.6193	0.8632	0.8073	0.0559	1.0166	0.4531	0.5634	2.6033	7.4357	4.1285	2.1008	0.3942	inf	2.2863	inf	3.4334	0.2578	0.0590	0.6625	0.0861	0.0921	0.0000	0.4036	0.0000	0.7282
29	31	0.0249	2	1	0	2	0	0	0	0	0	N	N	Y	N	N	N	N	N	N	N	N	N	0.0000	0.0000	0.0000	0.0000	0.0000	0.0000	0.0000	0.0000	0.0000	0.0000	0.0000	0.0000	0.0000	0.0000	0.0000	0.0000	0.0000	0.0791	0.0002	0.1594	0.0023	0.0006	0.1112	0.0952	0.0000	0.1596	789.0000	0.0000	0.0020	1.9609	6.0000	3.0643	13.0000	0.0000	0.0000	0.0000	0.0000	0.0000	0.0000	0.0000	0.0000	0.0000	0.0079	0.0000	0.0079	0.0000	0.0000	0.0000	0.0079	0.0000	0.0079	0.0860	0.0740	0.0120	0.0148	0.0142	0.0007	0.0712	0.0598	0.0113	0.0999	0.0504	0.0495	0.0173	0.0170	0.0003	0.0826	0.0334	0.0492	0.0000	0.0000	0.0000	0.0000	0.0000	0.0000	0.0000	0.0000	0.0000	0.0791	0.0002	0.1594	0.0023	0.0006	0.1112	0.0952	0.0000	0.1596		
29	32	0.0595	4	1	1	1	0	0	0	0	0	N	N	N	N	N	N	N	N	N	N	N	N	0.0000	0.0000	0.0000	0.0000	0.0000	0.0000	0.0000	0.0000	0.0000	0.0000	0.0000	0.0000	0.0000	0.0000	0.0000	0.0000	0.0000	0.0000	0.0000	0.0000	1.9609	0.0000	3.0643	4.0000	0.0000	0.0000	0.0000	0.0000	0.0000	0.0000	0.0000	0.0000	0.0000	0.0000	0.0000	0.0000	0.0000	0.0000	0.0000	0.0000	0.0000	0.0000	0.0000	0.0000	0.0000	0.0000	0.0000	0.0000	0.0000	0.0000	0.0000	0.0193	0.0106	0.0088	0.0042	0.0040	0.0002	0.0151	0.0065	0.0086	0.0000	0.0000	0.0000	0.0000	0.0000	0.0000	0.0000	0.0000	0.0000	0.0000	0.0000	0.0000	0.0000	0.0000	0.0000	0.0000	0.0000	0.0000											
29	33	0.0559	3	1	0	1	0	0	0	0	0	N	N	N	N	N	N	N	N	N	N	N	N	5.6429	0.0000	31477.0687	0.0000	0.0000	15430.2359	50862.8640	0.0012	0.0000	0.0110	0.0000	0.0000	0.0000	0.0020	0.0000	0.0113	0.0002	0.0004	0.0000	0.0009	0.0010	0.0000	0.0000	0.0000	0.0000	inf	0.0007	0.0000	-0.0000	1.9609	0.0019	3.0643	1.9565	0.0000	0.0000	0.0000	0.0000	0.0000	0.0000	0.0000	0.0000	0.0000	0.0000	0.0000	0.0000	0.0000	0.0000	0.0000	0.0000	0.0000	0.0000	0.0001	0.0001	0.0000	0.0000	0.0000	0.0000	0.0000	0.0000	0.0000	0.0102	0.0056	0.0046	0.0024	0.0023	0.0001	0.0078	0.0033	0.0045	5.6429	0.0000	31477.0687	0.0000	0.0000	0.0000	15430.2359	0.0000	50862.8640	0.0002	0.0004	0.0000	0.0009	0.0010	0.0000	0.0000	0.0000	0.0000		
29	34	0.0517	4	2	1	2	0	0	0	0	0	Y	N	Y	N	N	N	N	N	N	N	N	N	0.0000	0.0000	0.0000	0.0000	0.0000	0.0000	0.0000	0.0000	0.0000	0.0000	0.0000	0.0000	0.0000	0.0000	0.0000	0.0000	0.0000	0.3707	0.3134	0.4252	0.8237	0.8418	0.0000	0.2674	0.0000	0.4285	1.4239	0.0000	-0.0025	1.9609	3.0034	3.0643	4.0042	0.0000	0.0000	0.0000	0.0000	0.0000	0.0000	0.0000	0.0000	0.0000	0.0153	0.0063	0.0090	0.0063	0.0063	0.0000	0.0090	0.0000	0.0090	0.0430	0.0369	0.0060	0.0071	0.0068	0.0003	0.0359	0.0301	0.0057	0.0412	0.0201	0.0211	0.0077	0.0075	0.0002	0.0336	0.0126	0.0209	0.0000	0.0000	0.0000	0.0000	0.0000	0.0000	0.0000	0.0000	0.0000	0.3707	0.3134	0.4252	0.8237	0.8418	0.0000	0.2674	0.0000	0.4285		
29	35	0.0517	4	2	1	2	0	0	0	0	0	Y	N	Y	N	N	N	N	N	N	N	N	N	0.0000	0.0000	0.0000	0.0000	0.0000	0.0000	0.0000	0.0000	0.0000	0.0000	0.0000	0.0000	0.0000	0.0000	0.0000	0.0000	0.0000	0.0078	0.0053	0.0102	0.0142	0.0145	0.0000	0.0064	0.0000	0.0103	2.0245	0.0000	-0.0000	1.9609	4.4649	3.0643	3.5311	0.0000	0.0000	0.0000	0.0000	0.0000	0.0000	0.0000	0.0000	0.0000	0.0004	0.0001	0.0002	0.0001	0.0001	0.0000	0.0002	0.0000	0.0002	0.0633	0.0544	0.0089	0.0104	0.0100	0.0005	0.0528	0.0444	0.0084	0.0462	0.0225	0.0237	0.0084	0.0082	0.0002	0.0378	0.0143	0.0235	0.0000	0.0000	0.0000	0.0000	0.0000	0.0000	0.0000	0.0000	0.0000	0.0078	0.0053	0.0102	0.0142	0.0145	0.0000	0.0064	0.0000	0.0103		
29	36	0.0373	3	2	1	2	0	0	0	0	0	Y	N	Y	N	N	N	N	N	N	N	N	N	0.0000	0.0000	0.0000	0.0000	0.0000	0.0000	0.0000	0.0000	0.0000	0.0000	0.0000	0.0000	0.0000	0.0000	0.0000	0.0000	0.0000	0.0000	0.0058	0.0059	0.0057	0.0156	0.0158	0.0003	0.0033	0.0000	0.0057	0.8353	0.0000	-0.0001	1.9609	1.6626	3.0643	6.4813	0.0000	0.0000	0.0000	0.0000	0.0000	0.0000	0.0000	0.0000	0.0000	0.0003	0.0001	0.0001	0.0001	0.0001	0.0000	0.0001	0.0000	0.0001	0.0217	0.0192	0.0025	0.0033	0.0032	0.0001	0.0184	0.0160	0.0024	0.0450	0.0240	0.0209	0.0091	0.0090	0.0002	0.0358	0.0151	0.0208	0.0000	0.0000	0.0000	0.0000	0.0000	0.0000	0.0000	0.0000	0.0000	0.0058	0.0059	0.0057	0.0156	0.0158	0.0003	0.0033	0.0000	0.0057	
29	37	0.0458	3	2	1	1	0	0	0	0	0	Y	N	N	N	N	N	N	N	N	N	N	N	49.2376	32.1083	0.0000	59.6699	61.0422	0.0000	0.0198	0.0685	0.0000	0.0323	0.0375	0.0000	0.1737	0.1823	0.0000	0.0000	0.0000	0.0000	0.0007	0.0012	0.0001	0.0029	0.0030	0.0004	0.0000	0.0000	0.0001	0.0000	0.0541	-0.0012	-0.0000	1.9609	5.8118	3.0643	10.8965	0.0027	0.0027	0.0000	0.0027	0.0027	0.0000	0.0000	0.0000	0.0000	0.0001	0.0001	0.0000	0.0001	0.0001	0.0000	0.0000	0.0000	0.0000	0.0830	0.0716	0.0114	0.0154	0.0147	0.0007	0.0676	0.0569	0.0107	0.0962	0.0513	0.0449	0.0205	0.0199	0.0006	0.0757	0.0314	0.0443	49.2376	32.1083	0.0000	59.6699	61.0422	0.0000	0.0198	0.0685	0.0000	0.0007	0.0012	0.0001	0.0029	0.0030	0.0004	0.0000	0.0000	0.0001
29	38	0.0249	2	2	1	1	0	0	0	0	0	Y	N	N	N	N	N	N	N	N	N	N	N	1.9057	2.4858	0.0287	0.0243	0.0250	inf	2.6167	5.2566	0.0301	0.0015	0.0017	0.0000	0.0000	0.0000	0.0000	0.0018	0.0021	0.0000	0.0008	0.0007	0.0009	0.0012	0.0012	0.0000	0.0007	0.0004	0.0009	0.0023	1.2304	-0.0001	-0.0000	1.9609	5.2458	3.0643	8.3786	0.0001	0.0001	0.0000	0.0000	0.0000	0.0000	0.0001	0.0001	0.0000	0.0001	0.0000	0.0000	0.0000	0.0000	0.0000	0.0000	0.0000	0.0000	0.0755	0.0650	0.0106	0.0130	0.0125	0.0006	0.0625	0.0525	0.0100	0.0737	0.0371	0.0365	0.0129	0.0127	0.0002	0.0607	0.0244	0.0363	1.9057	2.4858	0.0287	0.0243	0.0250	inf	2.6167	5.2566	0.0301	0.0008	0.0007	0.0009	0.0012	0.0012	0.0000	0.0007	0.0004	0.0009
29	39	0.0355	3	1	1	1	0	0	0	0	0	N	N	N	N	N	N	N	N	N	N	N	N	0.0004	0.0076	0.0011	0.0173	0.0168	0.0236	0.0003	0.0000	0.0011	0.0000	0.0000	0.0001	0.0000	0.0000	0.0001	0.0000	0.0000	0.0001	0.0411	0.0010	0.0770	0.0025	0.0025	0.0032	0.0503	0.0000	0.0774	1.8509	87.0959	0.0000	0.0006	1.9609	6.9653	3.0643	2.9126	0.0000	0.0000	0.0000	0.0000	0.0000	0.0000	0.0000	0.0000	0.0000	0.0026	0.0000	0.0026	0.0000	0.0000	0.0000	0.0026	0.0000	0.0026	0.0984	0.0845	0.0138	0.0161	0.0154	0.0007	0.0823	0.0691	0.0131	0.0637	0.0301	0.0336	0.0122	0.0121	0.0001	0.0515	0.0180	0.0335	0.0004	0.0076	0.0011	0.0173	0.0168	0.0236	0.0003	0.0000	0.0011	0.0411	0.0010	0.0770	0.0025	0.0025	0.0032	0.0503	0.0000	0.0774
29	40	0.0249	2	1	1	1	0	0	0	0	0	N	N	N	N	N	N	N	N	N	N	N	N	0.0288	207.6340	0.0653	378.6508	374.1094	inf	0.0179	inf	0.0671	0.0317	0.0133	0.1451	0.0690	0.0692	0.0650	0.0239	0.0000	0.1499	1.1016	0.0001	2.2210	0.0002	0.0002	0.0000	1.3386	0.0000	2.2327	1.7760	34146.9690	0.0003	0.0132	1.9609	4.0410	3.0643	4.5605	0.0019	0.0007	0.0012	0.0007	0.0007	0.0000	0.0012	0.0000	0.0012	0.0526	0.0000	0.0526	0.0000	0.0000	0.0000	0.0526	0.0000	0.0526	0.0586	0.0504	0.0082	0.0101	0.0097	0.0005	0.0484	0.0407	0.0077	0.0477	0.0241	0.0237	0.0085	0.0083	0.0001	0.0393	0.0157	0.0236	0.0288	207.6340	0.0653	378.6508	374.1094	inf	0.0179	inf	0.0671	1.1016	0.0001	2.2210	0.0002	0.0002	0.0000	1.3386	0.0000	2.2327
29	41	0.0559	3	1	0	2	0	0	0	0	0	N	N	Y	N	N	N	N	N	N	N	N	N	0.0129	0.0000	59.7358	0.0000	0.0000	28.0621	99.4438	0.0000	0.0000	0.0000	0.0000	0.0000	0.0000	0.0000	0.0000	0.0000	0.0001	0.0002	0.0000	0.0005	0.0005	0.0000	0.0000	0.0000	0.0000	inf	0.0007	0.0000	-0.0000	1.9609	4.0003	3.0643	0.0531	0.0000	0.0000	0.0000	0.0000	0.0000	0.0000	0.0000	0.0000	0.0000	0.0000	0.0000	0.0000	0.0000	0.0000	0.0000	0.0000	0.0000	0.0000	0.0581	0.0503	0.0079	0.0123	0.0119	0.0005	0.0458	0.0384	0.0074	0.0203	0.0111	0.0092	0.0046	0.0044	0.0002	0.0157	0.0067	0.0090	0.0129	0.0000	59.7358	0.0000	0.0000	0.0000	28.0621	0.0000	99.4438	0.0001	0.0002	0.0000	0.0005	0.0005	0.0000	0.0000	0.0000	0.0000		
29	42	0.0249	2	1	0	1	0	0	0	0	0	N	N	N	N	N	N	N	N	N	N	N	N	437.0952	0.0000	1556.1232	0.0000	0.0000	437.1629	1637.8962	0.0092	0.0000	0.0661	0.0000	0.0000	0.0000	0.0111	0.0000	0.0700	0.0000	0.0000	0.0000	0.0000	0.0000	0.0000	0.0000	0.0000	0.0000	inf	630.6286	0.0006	0.0000	1.9609	8.9997	3.0643	11.0444	0.0012	0.0000	0.0012	0.0000	0.0000	0.0000	0.0012	0.0000	0.0012	0.0000	0.0000	0.0000	0.0000	0.0000	0.0000	0.0000	0.0000	0.0000	0.1269	0.1092	0.0177	0.0218	0.0208	0.0010	0.1051	0.0884	0.0167	0.1048	0.0529	0.0519	0.0181	0.0178	0.0003	0.0867	0.0351	0.0517	437.0952	0.0000	1556.1232	0.0000	0.0000	0.0000	437.1629	0.0000	1637.8962	0.0000	0.0000	0.0000	0.0000	0.0000	0.0000	0.0000	0.0000	0.0000		
29	43	0.0249	2	2	1	2	0	0	0	0	0	Y	N	Y	N	N	N	N	N	N	N	N	N	0.0182	0.0648	inf	inf	0.0178	0.0665	0.0085	0.0000	0.0610	0.0012	0.0000	0.0280	0.0100	0.0000	0.0629	0.4663	0.0000	0.9414	0.0000	0.0000	0.0000	0.5631	0.0000	0.9466	inf	inf	0.0006	0.0139	1.9609	10.0000	3.0643	13.0000	0.0012	0.0000	0.0012	0.0000	0.0000	0.0000	0.0012	0.0000	0.0012	0.0552	0.0000	0.0552	0.0000	0.0000	0.0000	0.0552	0.0000	0.0552	0.1401	0.1206	0.0195	0.0240	0.0230	0.0011	0.1161	0.0976	0.0184	0.1183	0.0597	0.0586	0.0203	0.0200	0.0003	0.0980	0.0397	0.0583	0.0182	0.0000	0.0648	inf	0.0000	inf	0.0178	0.0000	0.0665	0.4663	0.0000	0.9414	0.0000	0.0000	0.0000	0.5631	0.0000	0.9466			
29	44	0.0249	2	1	1	1	0	0	0	0	0	N	N	N	N	N	N	N	N	N	N	N	N	0.0000	0.0000	0.0000	0.0000	0.0000	0.0000	0.0000	0.0000	0.0000	0.0000	0.0000	0.0000	0.0000	0.0006	0.0013	0.0000	0.0037	0.0038	0.0000	0.0000	0.0000	0.0000	0.0000	0.0000	-0.0001	1.9609	8.0000	3.0643	13.0000	0.0000	0.0000	0.0000	0.0000	0.0000	0.0000	0.0000	0.0000	0.0000	0.0001	0.0001	0.0000	0.0001	0.0001	0.0000	0.0000	0.0000	0.0000	0.1134	0.0976	0.0158	0.0195	0.0186	0.0009	0.0939	0.0790	0.0149	0.1093	0.0552	0.0541	0.0189	0.0186	0.0003	0.0904	0.0366	0.0539	0.0000	0.0000	0.0000	0.0000	0.0000	0.0000	0.0000	0.0000	0.0000	0.0006	0.0013	0.0000	0.0037	0.0038	0.0000	0.0000	0.0000	0.0000						
29	45	0.0249	2	1	1	1	0	0	0	0	0	N	N	N	N	N	N	N	N	N	N	N	N	0.4023	0.2359	0.0000	0.0000	inf	inf	0.0190	0.0220	0.0000	0.0000	0.0000	0.0000	0.0229	0.0272	0.0000	0.0471	0.0934	0.0000	0.2736	0.2780	0.0000	0.0000	0.0000	0.0000	0.0000	0.0000	-0.0012	-0.0040	1.9609	10.0000	3.0643	12.0000	0.0027	0.0027	0.0000	0.0000	0.0000	0.0000	0.0027	0.0027	0.0000	0.0054	0.0054	0.0000	0.0054	0.0054	0.0000	0.0000	0.0000	0.0000	0.1403	0.1208	0.0195	0.0241	0.0230	0.0011	0.1162	0.0978	0.0185	0.1139	0.0575	0.0564	0.0196	0.0193	0.0003	0.0943	0.0382	0.0561	0.4023	0.2359	0.0000	0.0000	0.0000	0.0000	inf	inf	0.0000	0.0471	0.0934	0.0000	0.2736	0.2780	0.0000	0.0000	0.0000	0.0000			
29	46	0.0373	3	2	0	2	0	0	0	0	0	Y	N	Y	N	N	N	N	N	N	N	N	N	0.0000	0.0000	0.0000	0.0000	0.0000	0.0000	0.0000	0.0000	0.0000	0.0000	0.0000	0.0000	0.0000	0.0000	0.0000	0.0000	0.0000	0.2233	0.0010	0.4850	0.0026	0.0027	0.0000	0.2838	0.0000	0.4886	395.3106	0.0000	0.0022	1.9609	1.8806	3.0643	4.9930	0.0000	0.0000	0.0000	0.0000	0.0000	0.0000	0.0000	0.0000	0.0000	0.0089	0.0000	0.0089	0.0000	0.0000	0.0000	0.0089	0.0000	0.0089	0.0241	0.0212	0.0028	0.0035	0.0034	0.0001	0.0205	0.0178	0.0027	0.0398	0.0215	0.0183	0.0086	0.0084	0.0001	0.0312	0.0131	0.0181	0.0000	0.0000	0.0000	0.0000	0.0000	0.0000	0.0000	0.0000	0.0000	0.2233	0.0010	0.4850	0.0026	0.0027	0.0000	0.2838	0.0000	0.4886		
29	47	0.0249	2	2	0	2	0	0	0	0	0	Y	N	Y	N	N	N	N	N	N	N	N	N	19.0205	0.0000	89.3045	2.0002	0.0000	inf	24.4506	91.8078	0.0383	0.0000	0.2737	0.0056	0.0000	0.1217	0.0452	0.0000	0.2828	0.0020	0.0010	0.0031	0.0028	0.0028	0.0000	0.0018	0.0000	0.0031	inf	3.0717	0.0006	0.0000	1.9609	2.1193	3.0643	4.2095	0.0012	0.0000	0.0012	0.0000	0.0000	0.0000	0.0012	0.0000	0.0012	0.0001	0.0000	0.0001	0.0000	0.0000	0.0000	0.0001	0.0000	0.0001	0.0310	0.0267	0.0043	0.0054	0.0051	0.0002	0.0257	0.0216	0.0041	0.0356	0.0179	0.0176	0.0063	0.0062	0.0001	0.0292	0.0117	0.0175	19.0205	0.0000	89.3045	2.0002	0.0000	inf	24.4506	0.0000	91.8078	0.0020	0.0010	0.0031	0.0028	0.0028	0.0000	0.0018	0.0000	0.0031	
29	48	0.0249	2	1	1	1	1	0	0	0	0	N	N	N	N	N	N	N	N	N	N	N	N	176.1204	103.3110	0.0192	0.0198	inf	inf	6.5093	7.5618	0.0000	0.0042	0.0044	0.0000	7.8533	9.3353	0.0000	0.0370	0.0732	0.0000	0.2177	0.2213	0.0000	0.0000	0.0000	0.0000	0.0000	0.0000	-0.4638	-0.0040	1.9609	11.0000	3.0643	18.0000	0.9992	0.9992	0.0000	0.0001	0.0001	0.0000	0.9991	0.9991	0.0000	0.0054	0.0054	0.0000	0.0054	0.0054	0.0000	0.0000	0.0000	0.0000	0.1535	0.1321	0.0214	0.0263	0.0251	0.0012	0.1272	0.1070	0.0202	0.1450	0.0732	0.0718	0.0246	0.0242	0.0004	0.1204	0.0490	0.0714	176.1204	103.3110	0.0000	0.0192	0.0198	0.0000	inf	inf	0.0000	0.0370	0.0732	0.0000	0.2177	0.2213	0.0000	0.0000	0.0000	0.0000			
29	49	0.0249	2	1	1	1	0	0	0	0	0	N	N	N	N	N	N	N	N	N	N	N	N	23.4499	13.7493	23.6478	24.3849	0.0078	0.0091	0.0000	0.0451	0.0473	0.0000	0.0000	0.0000	0.0000	0.0003	0.0007	0.0000	0.0019	0.0019	0.0000	0.0000	0.0000	0.0000	0.0000	0.0000	-0.0003	-0.0000	1.9609	6.0000	3.0643	11.0000	0.0007	0.0007	0.0000	0.0007	0.0007	0.0000	0.0000	0.0000	0.0000	0.0000	0.0000	0.0000	0.0000	0.0000	0.0000	0.0000	0.0000	0.0000	0.0860	0.0740	0.0120	0.0148	0.0142	0.0007	0.0712	0.0598	0.0113	0.0903	0.0456	0.0448	0.0157	0.0155	0.0002	0.0746	0.0301	0.0445	23.4499	13.7493	0.0000	23.6478	24.3849	0.0000	0.0000	0.0000	0.0000	0.0003	0.0007	0.0000	0.0019	0.0019	0.0000	0.0000	0.0000	0.0000					
29	51	0.0520	3	1	1	1	1	0	0	0	0	N	N	N	N	N	N	N	N	N	N	N	N	0.0000	0.0000	0.0000	0.0000	0.0000	0.0000	0.0000	0.0000	0.0000	0.0000	0.0000	0.0000	0.0000	0.0000	0.0000	0.0000	0.0000	0.0104	0.0130	0.0000	0.0200	0.0208	0.0000	0.0000	0.0000	0.0000	0.0000	0.0000	-0.0007	1.9609	0.9739	3.0643	0.0244	0.0000	0.0000	0.0000	0.0000	0.0000	0.0000	0.0000	0.0000	0.0000	0.0009	0.0009	0.0000	0.0009	0.0009	0.0000	0.0000	0.0000	0.0000	0.0690	0.0623	0.0067	0.0304	0.0301	0.0003	0.0387	0.0322	0.0064	0.0894	0.0714	0.0180	0.0463	0.0445	0.0018	0.0431	0.0269	0.0162	0.0000	0.0000	0.0000	0.0000	0.0000	0.0000	0.0000	0.0000	0.0000	0.0104	0.0130	0.0000	0.0200	0.0208	0.0000	0.0000	0.0000	0.0000		
29	52	0.0249	2	1	1	1	1	0	0	0	0	N	N	N	N	N	N	N	N	N	N	N	N	0.2750	0.0530	1.5744	0.0003	0.0003	0.0309	0.3158	0.0597	1.6569	0.0055	0.0010	0.0331	0.0000	0.0000	0.0000	0.0066	0.0012	0.0350	0.0199	0.0188	0.0210	0.0150	0.0153	0.0000	0.0209	0.0205	0.0212	5.3935	1.1020	0.0003	-0.0004	1.9609	10.0170	3.0643	8.1377	0.0008	0.0001	0.0006	0.0000	0.0000	0.0000	0.0008	0.0001	0.0006	0.0019	0.0009	0.0010	0.0003	0.0003	0.0000	0.0017	0.0007	0.0010	0.1405	0.1209	0.0196	0.0241	0.0230	0.0011	0.1164	0.0979	0.0185	0.0959	0.0484	0.0475	0.0166	0.0164	0.0003	0.0792	0.0320	0.0473	0.2750	0.0530	1.5744	0.0003	0.0003	0.0309	0.3158	0.0597	1.6569	0.0199	0.0188	0.0210	0.0150	0.0153	0.0000	0.0209	0.0205	0.0212
29	53	0.0600	3	2	1	1	0	0	0	0	0	Y	N	N	N	N	N	N	N	N	N	N	N	0.0000	0.0000	0.0000	0.0000	0.0000	0.0000	0.0000	0.0000	0.0000	0.0000	0.0000	0.0000	0.0000	0.0000	0.0000	0.0000	0.0000	0.0000	0.0129	0.0000	0.0318	0.0000	0.0000	0.0000	0.0196	0.0000	0.0330	2324.4303	0.0000	0.0002	1.9609	1.0294	3.0643	5.0054	0.0000	0.0000	0.0000	0.0000	0.0000	0.0000	0.0000	0.0000	0.0000	0.0007	0.0000	0.0007	0.0000	0.0000	0.0000	0.0007	0.0000	0.0007	0.0313	0.0278	0.0035	0.0113	0.0111	0.0002	0.0200	0.0167	0.0033	0.0517	0.0308	0.0209	0.0178	0.0170	0.0008	0.0339	0.0138	0.0201	0.0000	0.0000	0.0000	0.0000	0.0000	0.0000	0.0000	0.0000	0.0000	0.0129	0.0000	0.0318	0.0000	0.0000	0.0000	0.0196	0.0000	0.0330	
29	54	0.0249	2	2	1	1	0	0	0	0	0	Y	N	N	N	N	N	N	N	N	N	N	N	0.0004	0.0925	0.0000	0.0002	0.0002	0.0000	0.0004	45.9945	0.0000	0.0002	0.0002	0.0000	0.0000	0.0000	0.0000	0.0002	0.0003	0.0000	0.4764	0.0025	0.9593	0.0072	0.0073	0.0000	0.5740	0.0000	0.9646	0.0032	381.3366	-0.0000	0.0136	1.9609	7.2033	3.0643	14.9709	0.0000	0.0000	0.0000	0.0000	0.0000	0.0000	0.0000	0.0000	0.0000	0.0547	0.0001	0.0545	0.0001	0.0001	0.0000	0.0545	0.0000	0.0545	0.1026	0.0883	0.0143	0.0177	0.0169	0.0008	0.0849	0.0714	0.0135	0.1147	0.0579	0.0568	0.0198	0.0194	0.0003	0.0950	0.0385	0.0565	0.0004	0.0925	0.0000	0.0002	0.0002	0.0000	0.0004	45.9945	0.0000	0.4764	0.0025	0.9593	0.0072	0.0073	0.0000	0.5740	0.0000	0.9646
29	58	0.2189	5	1	0	1	0	0	0	0	0	N	N	N	N	N	N	N	N	N	N	N	N	0.2107	0.2855	0.0000	2.0913	2.3374	0.0010	0.1378	0.1151	0.0001	0.3446	0.4019	0.0001	0.2789	0.3305	0.0000	0.4227	0.4838	0.0001	1.6358	1.4080	2.0832	0.1334	0.1414	0.0179	3.0663	4.2023	2.2979	0.0000	0.7532	-0.1025	-0.2995	1.9609	16.5869	3.0643	24.5040	0.2208	0.2208	0.0000	0.0969	0.0969	0.0000	0.1238	0.1238	0.0000	0.9386	0.5354	0.4033	0.0373	0.0370	0.0003	0.9013	0.4984	0.4029	0.6406	0.5493	0.0913	0.3476	0.2933	0.0543	0.2930	0.2560	0.0370	0.5738	0.3802	0.1936	0.2799	0.2616	0.0182	0.2939	0.1186	0.1753	0.2107	0.2855	0.0000	2.0913	2.3374	0.0010	0.1378	0.1151	0.0001	1.6358	1.4080	2.0832	0.1334	0.1414	0.0179	3.0663	4.2023	2.2979
30	32	0.0492	3	1	1	1	0	0	0	0	0	N	N	N	N	N	N	N	N	N	N	N	N	0.0000	0.0000	0.0000	0.0000	0.0000	0.0000	0.0000	0.0000	0.0000	0.0000	0.0000	0.0000	0.0000	0.0000	0.0000	0.0000	0.0000	0.0000	0.0000	0.0000	4.4603	0.0000	5.0070	4.0000	0.0000	0.0000	0.0000	0.0000	0.0000	0.0000	0.0000	0.0000	0.0000	0.0000	0.0000	0.0000	0.0000	0.0000	0.0000	0.0000	0.0000	0.0000	0.0000	0.0000	0.0000	0.0000	0.0000	0.0000	0.0000	0.0000	0.0000	0.0294	0.0135	0.0160	0.0011	0.0009	0.0002	0.0283	0.0126	0.0158	0.0000	0.0000	0.0000	0.0000	0.0000	0.0000	0.0000	0.0000	0.0000	0.0000	0.0000	0.0000	0.0000	0.0000	0.0000	0.0000	0.0000	0.0000											
30	33	0.0456	2	1	0	1	0	0	0	0	0	N	N	N	N	N	N	N	N	N	N	N	N	215.3382	0.0000	inf	0.0000	0.0000	inf	inf	0.5248	0.0000	5.3777	0.0000	0.0000	0.0000	0.8196	0.0000	5.5145	0.0024	0.0052	0.0000	0.0379	0.0420	0.0000	0.0000	0.0000	0.0000	inf	0.0000	0.0000	-0.0000	4.4603	0.0019	5.0070	1.9565	0.0001	0.0000	0.0001	0.0000	0.0000	0.0000	0.0001	0.0000	0.0001	0.0000	0.0000	0.0000	0.0000	0.0000	0.0000	0.0000	0.0000	0.0000	0.0001	0.0001	0.0000	0.0000	0.0000	0.0000	0.0001	0.0001	0.0000	0.0155	0.0072	0.0083	0.0010	0.0009	0.0001	0.0145	0.0063	0.0082	215.3382	0.0000	inf	0.0000	0.0000	0.0000	inf	0.0000	inf	0.0024	0.0052	0.0000	0.0379	0.0420	0.0000	0.0000	0.0000	0.0000		
30	34	0.0414	3	2	1	2	0	0	0	0	0	Y	N	Y	N	N	N	N	N	N	N	N	N	0.0000	0.0000	0.0000	0.0000	0.0000	0.0000	0.0000	0.0000	0.0000	0.0000	0.0000	0.0000	0.0000	0.0000	0.0000	0.0000	0.0000	0.0000	14.9461	0.0000	111.3742	0.0001	0.0001	0.0000	17.5077	0.0000	113.0108	992707.5557	0.0000	0.2480	4.4603	3.0034	5.0070	4.0042	0.0000	0.0000	0.0000	0.0000	0.0000	0.0000	0.0000	0.0000	0.0000	0.9871	0.0000	0.9871	0.0000	0.0000	0.0000	0.9871	0.0000	0.9871	0.0868	0.0762	0.0106	0.0061	0.0059	0.0002	0.0807	0.0703	0.0104	0.0660	0.0345	0.0316	0.0097	0.0094	0.0003	0.0564	0.0251	0.0312	0.0000	0.0000	0.0000	0.0000	0.0000	0.0000	0.0000	0.0000	0.0000	14.9461	0.0000	31.2851	0.0001	0.0001	0.0000	17.5077	0.0000	31.5908	
30	35	0.0414	3	2	1	2	0	0	0	0	0	Y	N	Y	N	N	N	N	N	N	N	N	N	0.0000	0.0000	0.0000	0.0000	0.0000	0.0000	0.0000	0.0000	0.0000	0.0000	0.0000	0.0000	0.0000	0.0000	0.0000	0.0000	0.0000	0.0000	0.2217	0.3483	0.0849	1.2946	1.3394	0.0000	0.0475	0.0000	0.0858	0.2258	0.0000	-0.0092	4.4603	4.4649	5.0070	3.5311	0.0000	0.0000	0.0000	0.0000	0.0000	0.0000	0.0000	0.0000	0.0000	0.0163	0.0133	0.0030	0.0133	0.0133	0.0000	0.0030	0.0000	0.0030	0.1246	0.1091	0.0155	0.0074	0.0072	0.0003	0.1172	0.1019	0.0153	0.0736	0.0382	0.0354	0.0103	0.0099	0.0003	0.0633	0.0283	0.0350	0.0000	0.0000	0.0000	0.0000	0.0000	0.0000	0.0000	0.0000	0.0000	0.2217	0.3483	0.0849	1.2946	1.3394	0.0000	0.0475	0.0000	0.0858	
30	36	0.0270	2	2	1	2	0	0	0	0	0	Y	N	Y	N	N	N	N	N	N	N	N	N	0.0000	0.0000	0.0000	0.0000	0.0000	0.0000	0.0000	0.0000	0.0000	0.0000	0.0000	0.0000	0.0000	0.0000	0.0000	0.0000	0.0000	0.0000	0.2872	0.1750	0.4029	0.7281	0.7369	0.0000	0.2260	0.0003	0.4041	2.2313	0.0000	-0.0011	4.4603	1.6626	5.0070	6.4813	0.0000	0.0000	0.0000	0.0000	0.0000	0.0000	0.0000	0.0000	0.0000	0.0192	0.0059	0.0132	0.0059	0.0059	0.0000	0.0132	0.0000	0.0132	0.0439	0.0388	0.0051	0.0043	0.0042	0.0001	0.0396	0.0346	0.0051	0.0668	0.0339	0.0329	0.0081	0.0080	0.0001	0.0586	0.0259	0.0328	0.0000	0.0000	0.0000	0.0000	0.0000	0.0000	0.0000	0.0000	0.0000	0.2872	0.1750	0.4029	0.7281	0.7369	0.0000	0.2260	0.0003	0.4041	
30	37	0.0355	2	2	1	1	0	0	0	0	0	Y	N	N	N	N	N	N	N	N	N	N	N	5.0793	2.9236	2.8126	2.7881	140.2821	69.2030	0.0188	0.0215	0.0000	0.0741	0.0754	0.0000	0.0159	0.0183	0.0000	0.0037	0.0074	0.0000	0.0264	0.0270	0.0000	0.0001	0.0003	0.0000	0.0000	0.0000	-0.0015	-0.0005	4.4603	5.8118	5.0070	10.8965	0.0032	0.0032	0.0000	0.0006	0.0006	0.0000	0.0026	0.0026	0.0000	0.0007	0.0007	0.0000	0.0006	0.0006	0.0000	0.0000	0.0000	0.0000	0.1702	0.1487	0.0215	0.0085	0.0083	0.0001	0.1617	0.1403	0.0214	0.1788	0.0899	0.0889	0.0244	0.0238	0.0006	0.1544	0.0661	0.0883	5.0793	2.9236	0.0000	2.8126	2.7881	0.0000	140.2821	69.2030	0.0000	0.0037	0.0074	0.0000	0.0264	0.0270	0.0000	0.0001	0.0003	0.0000			
30	39	0.0252	2	1	1	1	0	0	0	0	0	N	N	N	N	N	N	N	N	N	N	N	N	0.0114	0.0004	0.0429	29.5868	0.0000	5902.4104	0.0100	0.0003	0.0423	0.0054	0.0000	0.0410	0.0029	0.0000	0.0559	0.0055	0.0000	0.0408	0.4719	0.0004	0.9571	0.0001	0.0001	0.0000	0.5463	0.0006	0.9650	33314.7643	2101.5640	0.0005	0.0111	4.4603	6.9653	5.0070	2.9126	0.0010	0.0000	0.0010	0.0000	0.0000	0.0000	0.0010	0.0000	0.0010	0.0443	0.0000	0.0443	0.0000	0.0000	0.0000	0.0443	0.0000	0.0443	0.1841	0.1600	0.0241	0.0068	0.0064	0.0004	0.1774	0.1536	0.0238	0.0939	0.0476	0.0463	0.0128	0.0124	0.0004	0.0811	0.0352	0.0459	0.0114	0.0004	0.0429	29.5868	0.0000	5902.4104	0.0100	0.0003	0.0423	0.4719	0.0004	0.9571	0.0001	0.0001	0.0000	0.5463	0.0006	0.9650
30	41	0.0456	2	1	0	2	0	0	0	0	0	N	N	Y	N	N	N	N	N	N	N	N	N	0.5377	0.0000	inf	0.0000	0.0000	inf	inf	0.0007	0.0000	0.0051	0.0000	0.0000	0.0000	0.0008	0.0000	0.0054	0.0012	0.0027	0.0000	0.0246	0.0284	0.0000	0.0000	0.0000	0.0000	inf	0.0000	0.0000	-0.0000	4.4603	4.0003	5.0070	0.0531	0.0001	0.0000	0.0001	0.0000	0.0000	0.0000	0.0001	0.0000	0.0001	0.0000	0.0000	0.0000	0.0000	0.0000	0.0000	0.0000	0.0000	0.0000	0.1060	0.0924	0.0136	0.0135	0.0128	0.0007	0.0925	0.0796	0.0129	0.0308	0.0142	0.0166	0.0015	0.0013	0.0002	0.0293	0.0129	0.0164	0.5377	0.0000	inf	0.0000	0.0000	0.0000	inf	0.0000	inf	0.0012	0.0027	0.0000	0.0246	0.0284	0.0000	0.0000	0.0000	0.0000		
30	46	0.0270	2	2	0	2	0	0	0	0	0	Y	N	Y	N	N	N	N	N	N	N	N	N	0.0000	0.0000	0.0000	0.0000	0.0000	0.0000	0.0000	0.0000	0.0000	0.0000	0.0000	0.0000	0.0000	0.0000	0.0000	0.0000	0.0000	0.0000	16.7405	0.0003	122.4560	0.0000	0.0000	0.0000	19.3712	0.0004	113.5208	117539.6546	0.0000	0.2475	4.4603	1.8806	5.0070	4.9930	0.0000	0.0000	0.0000	0.0000	0.0000	0.0000	0.0000	0.0000	0.0000	0.9851	0.0000	0.9851	0.0000	0.0000	0.0000	0.9851	0.0000	0.9851	0.0488	0.0431	0.0058	0.0044	0.0044	0.0001	0.0444	0.0387	0.0057	0.0588	0.0303	0.0286	0.0080	0.0079	0.0001	0.0509	0.0224	0.0285	0.0000	0.0000	0.0000	0.0000	0.0000	0.0000	0.0000	0.0000	0.0000	16.7405	0.0003	34.4964	0.0000	0.0000	0.0000	19.3712	0.0004	34.5971	
30	51	0.0417	2	1	1	1	1	0	0	0	0	N	N	N	N	N	N	N	N	N	N	N	N	0.0000	0.0000	0.0000	0.0000	0.0000	0.0000	0.0000	0.0000	0.0000	0.0000	0.0000	0.0000	0.0000	0.0000	0.0000	0.0000	0.1095	0.1350	0.0000	0.2170	0.2249	0.0000	0.0000	0.0000	0.0000	0.0000	0.0000	-0.0119	4.4603	0.9739	5.0070	0.0244	0.0000	0.0000	0.0000	0.0000	0.0000	0.0000	0.0000	0.0000	0.0000	0.0159	0.0159	0.0000	0.0159	0.0159	0.0000	0.0000	0.0000	0.0000	0.1722	0.1605	0.0117	0.0762	0.0757	0.0005	0.0960	0.0848	0.0112	0.1450	0.1176	0.0274	0.0732	0.0706	0.0026	0.0718	0.0470	0.0248	0.0000	0.0000	0.0000	0.0000	0.0000	0.0000	0.0000	0.0000	0.0000	0.1095	0.1350	0.0000	0.2170	0.2249	0.0000	0.0000	0.0000	0.0000			
30	53	0.0497	2	2	1	1	0	0	0	0	0	Y	N	N	N	N	N	N	N	N	N	N	N	0.0000	0.0000	0.0000	0.0000	0.0000	0.0000	0.0000	0.0000	0.0000	0.0000	0.0000	0.0000	0.0000	0.0000	0.0000	0.0000	0.0000	0.0000	0.1314	0.0000	0.3558	0.0000	0.0000	0.0000	0.1904	0.0000	0.3696	46223.1240	0.0000	0.0029	4.4603	1.0294	5.0070	5.0054	0.0000	0.0000	0.0000	0.0000	0.0000	0.0000	0.0000	0.0000	0.0000	0.0114	0.0000	0.0114	0.0000	0.0000	0.0000	0.0114	0.0000	0.0114	0.0602	0.0532	0.0069	0.0168	0.0166	0.0002	0.0434	0.0366	0.0068	0.0865	0.0545	0.0319	0.0268	0.0256	0.0012	0.0597	0.0290	0.0308	0.0000	0.0000	0.0000	0.0000	0.0000	0.0000	0.0000	0.0000	0.0000	0.1314	0.0000	0.3558	0.0000	0.0000	0.0000	0.1904	0.0000	0.3696	
30	58	0.2086	4	1	0	1	0	0	0	0	0	N	N	N	N	N	N	N	N	N	N	N	N	0.1942	0.3583	0.0005	0.0139	0.0163	0.0001	0.2979	8.7552	0.0006	0.1216	0.1354	0.0006	0.0091	0.0094	0.0001	0.1792	0.2080	0.0006	0.6260	0.3779	1.1301	0.6549	0.5762	2.1571	0.6015	0.0238	1.0648	0.0005	1.4723	-0.0495	-0.0844	4.4603	16.5869	5.0070	24.5040	0.1067	0.1066	0.0001	0.0027	0.0027	0.0000	0.1040	0.1039	0.0001	0.5508	0.2228	0.3280	0.2648	0.2178	0.0471	0.2860	0.0050	0.2810	0.8773	0.7875	0.0898	0.2972	0.2880	0.0092	0.5802	0.4995	0.0806	0.8799	0.5897	0.2903	0.4044	0.3780	0.0264	0.4755	0.2117	0.2639	0.1942	0.3583	0.0005	0.0139	0.0163	0.0001	0.2979	8.7552	0.0006	0.6260	0.3779	1.1301	0.6549	0.5762	1.7819	0.6015	0.0238	1.0648
31	32	0.0658	3	0	1	1	0	0	0	0	0	N	N	N	N	N	N	N	N	N	N	N	N	0.0000	0.0000	0.0000	0.0000	0.0000	0.0000	0.0000	0.0000	0.0000	0.0000	0.0000	0.0000	0.0000	0.0000	0.0000	0.0000	0.0000	0.0000	0.0000	0.0000	6.0000	0.0000	13.0000	4.0000	0.0000	0.0000	0.0000	0.0000	0.0000	0.0000	0.0000	0.0000	0.0000	0.0000	0.0000	0.0000	0.0000	0.0000	0.0000	0.0000	0.0000	0.0000	0.0000	0.0000	0.0000	0.0000	0.0000	0.0000	0.0000	0.0000	0.0000	0.0569	0.0261	0.0308	0.0021	0.0017	0.0004	0.0547	0.0244	0.0304	0.0000	0.0000	0.0000	0.0000	0.0000	0.0000	0.0000	0.0000	0.0000	0.0000	0.0000	0.0000	0.0000	0.0000	0.0000	0.0000	0.0000	0.0000											
31	33	0.0622	2	0	0	1	0	0	0	0	0	N	N	N	N	N	N	N	N	N	N	N	N	63.6235	348.5254	92.7829	353.0606	2.6501	0.0000	27.3064	0.0000	0.0000	0.0000	4.1355	0.0000	28.0020	0.0417	0.0000	0.0783	0.0000	0.0000	0.0000	0.0446	0.0000	0.0793	inf	inf	0.0003	0.0003	6.0000	0.0019	13.0000	1.9565	0.0005	0.0000	0.0005	0.0000	0.0000	0.0000	0.0005	0.0000	0.0005	0.0013	0.0000	0.0013	0.0000	0.0000	0.0000	0.0013	0.0000	0.0013	0.0002	0.0002	0.0000	0.0001	0.0001	0.0000	0.0001	0.0001	0.0000	0.0300	0.0141	0.0160	0.0020	0.0018	0.0002	0.0280	0.0123	0.0158	63.6235	0.0000	348.5254	0.0000	0.0000	0.0000	92.7829	0.0000	353.0606	0.0417	0.0000	0.0783	0.0000	0.0000	0.0000	0.0446	0.0000	0.0793					
31	34	0.0580	3	1	1	2	0	0	0	0	0	N	N	Y	N	N	N	N	N	N	N	N	N	0.0000	0.0000	0.0000	0.0000	0.0000	0.0000	0.0000	0.0000	0.0000	0.0000	0.0000	0.0000	0.0000	0.0000	0.0000	0.0000	0.0000	0.0131	0.0002	0.0273	0.0016	0.0006	0.0332	0.0151	0.0000	0.0272	166.0000	0.0000	0.0004	6.0000	3.0034	13.0000	4.0042	0.0000	0.0000	0.0000	0.0000	0.0000	0.0000	0.0000	0.0000	0.0000	0.0017	0.0000	0.0017	0.0000	0.0000	0.0000	0.0016	0.0000	0.0016	0.1157	0.1016	0.0141	0.0082	0.0079	0.0002	0.1075	0.0937	0.0139	0.1274	0.0666	0.0608	0.0186	0.0180	0.0006	0.1088	0.0486	0.0602	0.0000	0.0000	0.0000	0.0000	0.0000	0.0000	0.0000	0.0000	0.0000	0.0131	0.0002	0.0273	0.0016	0.0006	0.0332	0.0151	0.0000	0.0272		
31	35	0.0580	3	1	1	2	0	0	0	0	0	N	N	Y	N	N	N	N	N	N	N	N	N	0.0000	0.0000	0.0000	0.0000	0.0000	0.0000	0.0000	0.0000	0.0000	0.0000	0.0000	0.0000	0.0000	0.0000	0.0000	0.0000	0.0000	0.0000	3.2175	6.1699	0.0244	0.2505	0.2584	0.0295	3.6975	8.2340	0.0243	0.0036	0.0000	-0.3402	6.0000	4.4649	13.0000	3.5311	0.0000	0.0000	0.0000	0.0000	0.0000	0.0000	0.0000	0.0000	0.0000	0.4566	0.4549	0.0017	0.0050	0.0049	0.0000	0.4516	0.4500	0.0016	0.1661	0.1455	0.0207	0.0099	0.0096	0.0003	0.1562	0.1359	0.0203	0.1419	0.0737	0.0682	0.0198	0.0191	0.0007	0.1221	0.0546	0.0675	0.0000	0.0000	0.0000	0.0000	0.0000	0.0000	0.0000	0.0000	0.0000	3.2175	6.1699	0.0244	0.2505	0.2584	0.0295	3.6975	8.2340	0.0243	
31	36	0.0437	2	1	1	2	0	0	0	0	0	N	N	Y	N	N	N	N	N	N	N	N	N	0.0000	0.0000	0.0000	0.0000	0.0000	0.0000	0.0000	0.0000	0.0000	0.0000	0.0000	0.0000	0.0000	0.0000	0.0000	0.0000	0.0000	12.0198	8.3396	32.0708	0.0000	0.0000	0.0000	13.7153	10.9708	38.6964	1.8306	0.0000	-0.1580	6.0000	1.6626	13.0000	6.4813	0.0000	0.0000	0.0000	0.0000	0.0000	0.0000	0.0000	0.0000	0.0000	1.5486	0.5471	1.0015	0.0000	0.0000	0.0000	1.5486	0.5471	1.0015	0.0585	0.0517	0.0068	0.0057	0.0056	0.0001	0.0528	0.0461	0.0067	0.1288	0.0656	0.0632	0.0159	0.0157	0.0002	0.1129	0.0499	0.0630	0.0000	0.0000	0.0000	0.0000	0.0000	0.0000	0.0000	0.0000	0.0000	12.0198	8.3396	15.8377	0.0000	0.0000	0.0000	13.7153	10.9708	15.8863		
31	37	0.0522	2	1	1	1	0	0	0	0	0	N	N	N	N	N	N	N	N	N	N	N	N	0.0001	0.0070	0.0000	0.0044	0.0334	0.0000	0.0000	0.0000	0.0001	0.0002	0.0000	0.0026	0.0027	0.0000	0.0000	0.0000	0.0000	1.7800	0.0215	3.5733	0.6011	0.0803	36.1940	1.9702	0.0000	3.4512	0.0000	162.7680	-0.0000	0.1506	6.0000	5.8118	13.0000	10.8965	0.0000	0.0000	0.0000	0.0000	0.0000	0.0000	0.0000	0.0000	0.0000	0.6141	0.0037	0.6104	0.0288	0.0037	0.0251	0.5853	0.0000	0.5853	0.2269	0.1982	0.0287	0.0114	0.0112	0.0002	0.2155	0.1870	0.0285	0.3450	0.1742	0.1708	0.0479	0.0467	0.0012	0.2971	0.1275	0.1696	0.0001	0.0070	0.0000	0.0044	0.0334	0.0000	0.0000	0.0000	0.0000	1.7800	0.0215	3.5733	0.6011	0.0803	20.5630	1.9702	0.0000	3.4512	
31	39	0.0418	2	0	1	1	0	0	0	0	0	N	N	N	N	N	N	N	N	N	N	N	N	0.0000	0.0000	0.0000	0.0000	0.0000	0.0000	0.0000	0.0000	0.0000	0.0000	0.0000	0.0000	0.0000	0.0001	0.0002	0.0000	0.0008	0.0008	0.0000	0.0000	0.0000	0.0000	0.0000	0.0000	-0.0000	6.0000	6.9653	13.0000	2.9126	0.0000	0.0000	0.0000	0.0000	0.0000	0.0000	0.0000	0.0000	0.0000	0.0000	0.0000	0.0000	0.0000	0.0000	0.0000	0.0000	0.0000	0.0000	0.2455	0.2133	0.0321	0.0090	0.0086	0.0005	0.2364	0.2048	0.0316	0.1807	0.0917	0.0890	0.0244	0.0236	0.0008	0.1563	0.0681	0.0883	0.0000	0.0000	0.0000	0.0000	0.0000	0.0000	0.0000	0.0000	0.0000	0.0001	0.0002	0.0000	0.0008	0.0008	0.0000	0.0000	0.0000	0.0000						
31	41	0.0622	2	0	0	2	0	0	0	0	0	N	N	Y	N	N	N	N	N	N	N	N	N	0.1585	0.6646	0.1722	0.6904	0.0033	0.0000	0.0260	0.0000	0.0000	0.0000	0.0038	0.0000	0.0273	0.0210	0.0000	0.0391	0.0000	0.0000	0.0000	0.0221	0.0000	0.0396	inf	inf	0.0003	0.0003	6.0000	4.0003	13.0000	0.0531	0.0005	0.0000	0.0005	0.0000	0.0000	0.0000	0.0005	0.0000	0.0005	0.0013	0.0000	0.0013	0.0000	0.0000	0.0000	0.0013	0.0000	0.0013	0.1413	0.1232	0.0181	0.0179	0.0170	0.0009	0.1234	0.1063	0.0172	0.0596	0.0276	0.0320	0.0030	0.0026	0.0004	0.0565	0.0250	0.0316	0.1585	0.0000	0.6646	0.0000	0.0000	0.0000	0.1722	0.0000	0.6904	0.0210	0.0000	0.0391	0.0000	0.0000	0.0000	0.0221	0.0000	0.0396					
31	46	0.0437	2	1	0	2	0	0	0	0	0	N	N	Y	N	N	N	N	N	N	N	N	N	0.0000	0.0000	0.0000	0.0000	0.0000	0.0000	0.0000	0.0000	0.0000	0.0000	0.0000	0.0000	0.0000	0.0001	0.0002	0.0000	0.0006	0.0006	0.0000	0.0000	0.0000	0.0000	0.0000	0.0000	-0.0000	6.0000	1.8806	13.0000	4.9930	0.0000	0.0000	0.0000	0.0000	0.0000	0.0000	0.0000	0.0000	0.0000	0.0000	0.0000	0.0000	0.0000	0.0000	0.0000	0.0000	0.0000	0.0000	0.0651	0.0574	0.0077	0.0059	0.0058	0.0001	0.0591	0.0516	0.0076	0.1136	0.0586	0.0550	0.0156	0.0155	0.0002	0.0980	0.0432	0.0548	0.0000	0.0000	0.0000	0.0000	0.0000	0.0000	0.0000	0.0000	0.0000	0.0001	0.0002	0.0000	0.0006	0.0006	0.0000	0.0000	0.0000	0.0000						
31	51	0.0584	2	0	1	1	1	0	0	0	0	N	N	N	N	N	N	N	N	N	N	N	N	0.0000	0.0000	0.0000	0.0000	0.0000	0.0000	0.0000	0.0000	0.0000	0.0000	0.0000	0.0000	0.0000	0.0000	0.0000	0.0000	0.0000	0.0000	0.0000	0.0000	6.0000	0.9739	13.0000	0.0244	0.0000	0.0000	0.0000	0.0000	0.0000	0.0000	0.0000	0.0000	0.0000	0.0000	0.0000	0.0000	0.0000	0.0000	0.0000	0.0000	0.0000	0.0000	0.2290	0.2134	0.0156	0.1013	0.1007	0.0007	0.1277	0.1127	0.0150	0.2780	0.2254	0.0525	0.1402	0.1353	0.0049	0.1378	0.0901	0.0477	0.0000	0.0000	0.0000	0.0000	0.0000	0.0000	0.0000	0.0000	0.0000	0.0000	0.0000	0.0000	0.0000	0.0000	0.0000	0.0000	0.0000	0.0000											
31	53	0.0664	2	1	1	1	0	0	0	0	0	N	N	N	N	N	N	N	N	N	N	N	N	0.0000	0.0000	0.0000	0.0000	0.0000	0.0000	0.0000	0.0000	0.0000	0.0000	0.0000	0.0000	0.0000	0.0000	0.0000	0.0000	0.0000	0.0000	0.0000	0.0000	6.0000	1.0294	13.0000	5.0054	0.0000	0.0000	0.0000	0.0000	0.0000	0.0000	0.0000	0.0000	0.0000	0.0000	0.0000	0.0000	0.0000	0.0000	0.0000	0.0000	0.0000	0.0000	0.0804	0.0711	0.0093	0.0224	0.0222	0.0002	0.0579	0.0489	0.0091	0.1670	0.1055	0.0616	0.0517	0.0493	0.0023	0.1154	0.0561	0.0593	0.0000	0.0000	0.0000	0.0000	0.0000	0.0000	0.0000	0.0000	0.0000	0.0000	0.0000	0.0000	0.0000	0.0000	0.0000	0.0000	0.0000	0.0000											
31	58	0.2253	4	0	0	1	0	0	0	0	0	N	N	N	N	N	N	N	N	N	N	N	N	18.7215	0.0500	inf	4.6011	0.0875	inf	inf	inf	0.5810	0.0023	5.6663	0.3109	0.0063	9.8928	0.7194	0.0000	5.1853	0.0310	0.0463	0.0000	0.0676	0.0723	0.0000	0.0000	0.0000	0.0000	278.8765	0.0000	0.3620	-0.0398	6.0000	16.5869	13.0000	24.5040	0.6801	0.0024	0.6777	0.1233	0.0024	0.1209	0.5568	0.0000	0.5568	0.0531	0.0531	0.0000	0.0531	0.0531	0.0000	0.0000	0.0000	0.0000	1.1706	1.0510	0.1196	0.3966	0.3844	0.0122	0.7740	0.6666	0.1074	1.7117	1.1476	0.5641	0.7861	0.7351	0.0510	0.9256	0.4125	0.5131	18.7215	0.0500	inf	4.6011	0.0875	inf	inf	0.0000	inf	0.0310	0.0463	0.0000	0.0676	0.0723	0.0000	0.0000	0.0000	0.0000	
32	34	0.0681	5	1	2	1	0	0	0	0	0	N	Y	N	N	N	N	N	N	N	N	N	N	0.0000	0.0000	0.0000	0.0000	0.0000	0.0000	0.0000	0.0000	0.0000	0.0000	0.0000	0.0000	0.0000	0.0000	0.0000	0.0000	0.0000	0.0000	0.0000	0.0000	0.0000	3.0034	4.0000	4.0042	0.0000	0.0000	0.0000	0.0000	0.0000	0.0000	0.0000	0.0000	0.0000	0.0000	0.0000	0.0000	0.0000	0.0000	0.0000	0.0000	0.0000	0.0000	0.0000	0.0000	0.0000	0.0000	0.0000	0.0000	0.0000	0.0000	0.0000	0.0241	0.0134	0.0108	0.0048	0.0045	0.0003	0.0194	0.0089	0.0105	0.0000	0.0000	0.0000	0.0000	0.0000	0.0000	0.0000	0.0000	0.0000	0.0000	0.0000	0.0000	0.0000	0.0000	0.0000	0.0000	0.0000	0.0000											
32	35	0.0681	5	1	2	1	0	0	0	0	0	N	Y	N	N	N	N	N	N	N	N	N	N	0.0000	0.0000	0.0000	0.0000	0.0000	0.0000	0.0000	0.0000	0.0000	0.0000	0.0000	0.0000	0.0000	0.0000	0.0000	0.0000	0.0000	0.0000	0.0000	0.0000	0.0000	4.4649	4.0000	3.5311	0.0000	0.0000	0.0000	0.0000	0.0000	0.0000	0.0000	0.0000	0.0000	0.0000	0.0000	0.0000	0.0000	0.0000	0.0000	0.0000	0.0000	0.0000	0.0000	0.0000	0.0000	0.0000	0.0000	0.0000	0.0000	0.0000	0.0000	0.0269	0.0148	0.0120	0.0051	0.0048	0.0003	0.0217	0.0100	0.0118	0.0000	0.0000	0.0000	0.0000	0.0000	0.0000	0.0000	0.0000	0.0000	0.0000	0.0000	0.0000	0.0000	0.0000	0.0000	0.0000	0.0000	0.0000											
32	36	0.0538	4	1	2	1	0	0	0	0	0	N	Y	N	N	N	N	N	N	N	N	N	N	0.0000	0.0000	0.0000	0.0000	0.0000	0.0000	0.0000	0.0000	0.0000	0.0000	0.0000	0.0000	0.0000	0.0000	0.0000	0.0000	0.0000	0.0000	0.0000	0.0000	0.0000	1.6626	4.0000	6.4813	0.0000	0.0000	0.0000	0.0000	0.0000	0.0000	0.0000	0.0000	0.0000	0.0000	0.0000	0.0000	0.0000	0.0000	0.0000	0.0000	0.0000	0.0000	0.0000	0.0000	0.0000	0.0000	0.0000	0.0000	0.0000	0.0000	0.0000	0.0244	0.0131	0.0113	0.0041	0.0039	0.0002	0.0204	0.0092	0.0111	0.0000	0.0000	0.0000	0.0000	0.0000	0.0000	0.0000	0.0000	0.0000	0.0000	0.0000	0.0000	0.0000	0.0000	0.0000	0.0000	0.0000	0.0000											
32	37	0.0623	4	1	2	0	0	0	0	0	0	N	Y	N	N	N	N	N	N	N	N	N	N	0.0000	0.0000	0.0000	0.0000	0.0000	0.0000	0.0000	0.0000	0.0000	0.0000	0.0000	0.0000	0.0000	0.0000	0.0000	0.0000	0.0000	0.0000	0.0000	0.0000	0.0000	5.8118	4.0000	10.8965	0.0000	0.0000	0.0000	0.0000	0.0000	0.0000	0.0000	0.0000	0.0000	0.0000	0.0000	0.0000	0.0000	0.0000	0.0000	0.0000	0.0000	0.0000	0.0000	0.0000	0.0000	0.0000	0.0000	0.0000	0.0000	0.0000	0.0000	0.0686	0.0361	0.0326	0.0123	0.0117	0.0006	0.0563	0.0244	0.0319	0.0000	0.0000	0.0000	0.0000	0.0000	0.0000	0.0000	0.0000	0.0000	0.0000	0.0000	0.0000	0.0000	0.0000	0.0000	0.0000	0.0000	0.0000											
32	38	0.0414	3	1	2	0	0	0	0	0	0	N	Y	N	N	N	N	N	N	N	N	N	N	0.0000	0.0000	0.0000	0.0000	0.0000	0.0000	0.0000	0.0000	0.0000	0.0000	0.0000	0.0000	0.0000	0.0000	0.0000	0.0000	0.0000	0.0000	0.0000	0.0000	0.0000	5.2458	4.0000	8.3786	0.0000	0.0000	0.0000	0.0000	0.0000	0.0000	0.0000	0.0000	0.0000	0.0000	0.0000	0.0000	0.0000	0.0000	0.0000	0.0000	0.0000	0.0000	0.0000	0.0000	0.0000	0.0000	0.0000	0.0000	0.0000	0.0000	0.0000	0.0417	0.0191	0.0226	0.0016	0.0013	0.0003	0.0401	0.0178	0.0223	0.0000	0.0000	0.0000	0.0000	0.0000	0.0000	0.0000	0.0000	0.0000	0.0000	0.0000	0.0000	0.0000	0.0000	0.0000	0.0000	0.0000	0.0000											
32	39	0.0520	4	0	2	0	0	0	0	0	0	N	Y	N	N	N	N	N	N	N	N	N	N	0.0000	0.0000	0.0000	0.0000	0.0000	0.0000	0.0000	0.0000	0.0000	0.0000	0.0000	0.0000	0.0000	0.0000	0.0000	0.0000	0.0000	0.0000	0.0000	0.0000	0.0000	6.9653	4.0000	2.9126	0.0000	0.0000	0.0000	0.0000	0.0000	0.0000	0.0000	0.0000	0.0000	0.0000	0.0000	0.0000	0.0000	0.0000	0.0000	0.0000	0.0000	0.0000	0.0000	0.0000	0.0000	0.0000	0.0000	0.0000	0.0000	0.0000	0.0000	0.0350	0.0188	0.0161	0.0067	0.0063	0.0004	0.0282	0.0125	0.0158	0.0000	0.0000	0.0000	0.0000	0.0000	0.0000	0.0000	0.0000	0.0000	0.0000	0.0000	0.0000	0.0000	0.0000	0.0000	0.0000	0.0000	0.0000											
32	40	0.0414	3	0	2	0	0	0	0	0	0	N	Y	N	N	N	N	N	N	N	N	N	N	0.0000	0.0000	0.0000	0.0000	0.0000	0.0000	0.0000	0.0000	0.0000	0.0000	0.0000	0.0000	0.0000	0.0000	0.0000	0.0000	0.0000	0.0000	0.0000	0.0000	0.0000	4.0410	4.0000	4.5605	0.0000	0.0000	0.0000	0.0000	0.0000	0.0000	0.0000	0.0000	0.0000	0.0000	0.0000	0.0000	0.0000	0.0000	0.0000	0.0000	0.0000	0.0000	0.0000	0.0000	0.0000	0.0000	0.0000	0.0000	0.0000	0.0000	0.0000	0.0268	0.0123	0.0146	0.0010	0.0008	0.0002	0.0258	0.0115	0.0144	0.0000	0.0000	0.0000	0.0000	0.0000	0.0000	0.0000	0.0000	0.0000	0.0000	0.0000	0.0000	0.0000	0.0000	0.0000	0.0000	0.0000	0.0000											
32	41	0.0105	2	0	1	1	0	0	0	0	0	N	N	N	N	N	N	N	N	N	N	N	N	0.0000	0.0000	0.0000	0.0000	0.0000	0.0000	0.0000	0.0000	0.0000	0.0000	0.0000	0.0000	0.0000	0.0000	0.0000	0.0000	0.0000	0.0000	0.0000	0.0000	0.0000	4.0003	4.0000	0.0531	0.0000	0.0000	0.0000	0.0000	0.0000	0.0000	0.0000	0.0000	0.0000	0.0000	0.0000	0.0000	0.0000	0.0000	0.0000	0.0000	0.0000	0.0000	0.0000	0.0000	0.0000	0.0000	0.0000	0.0000	0.0000	0.0000	0.0000	0.0156	0.0072	0.0083	0.0002	0.0002	0.0000	0.0154	0.0070	0.0083	0.0000	0.0000	0.0000	0.0000	0.0000	0.0000	0.0000	0.0000	0.0000	0.0000	0.0000	0.0000	0.0000	0.0000	0.0000	0.0000	0.0000	0.0000											
32	43	0.0414	3	1	2	1	0	0	0	0	0	N	Y	N	N	N	N	N	N	N	N	N	N	0.0000	0.0000	0.0000	0.0000	0.0000	0.0000	0.0000	0.0000	0.0000	0.0000	0.0000	0.0000	0.0000	0.0000	0.0000	0.0000	0.0000	0.0000	0.0000	0.0000	0.0000	10.0000	4.0000	13.0000	0.0000	0.0000	0.0000	0.0000	0.0000	0.0000	0.0000	0.0000	0.0000	0.0000	0.0000	0.0000	0.0000	0.0000	0.0000	0.0000	0.0000	0.0000	0.0000	0.0000	0.0000	0.0000	0.0000	0.0000	0.0000	0.0000	0.0000	0.0677	0.0311	0.0366	0.0026	0.0021	0.0005	0.0651	0.0290	0.0361	0.0000	0.0000	0.0000	0.0000	0.0000	0.0000	0.0000	0.0000	0.0000	0.0000	0.0000	0.0000	0.0000	0.0000	0.0000	0.0000	0.0000	0.0000											
32	44	0.0414	3	0	2	0	0	0	0	0	0	N	Y	N	N	N	N	N	N	N	N	N	N	0.0000	0.0000	0.0000	0.0000	0.0000	0.0000	0.0000	0.0000	0.0000	0.0000	0.0000	0.0000	0.0000	0.0000	0.0000	0.0000	0.0000	0.0000	0.0000	0.0000	0.0000	8.0000	4.0000	13.0000	0.0000	0.0000	0.0000	0.0000	0.0000	0.0000	0.0000	0.0000	0.0000	0.0000	0.0000	0.0000	0.0000	0.0000	0.0000	0.0000	0.0000	0.0000	0.0000	0.0000	0.0000	0.0000	0.0000	0.0000	0.0000	0.0000	0.0000	0.0624	0.0286	0.0337	0.0024	0.0019	0.0004	0.0600	0.0267	0.0333	0.0000	0.0000	0.0000	0.0000	0.0000	0.0000	0.0000	0.0000	0.0000	0.0000	0.0000	0.0000	0.0000	0.0000	0.0000	0.0000	0.0000	0.0000											
32	45	0.0414	3	0	2	0	0	0	0	0	0	N	Y	N	N	N	N	N	N	N	N	N	N	0.0000	0.0000	0.0000	0.0000	0.0000	0.0000	0.0000	0.0000	0.0000	0.0000	0.0000	0.0000	0.0000	15.3637	33.4599	0.0000	0.0000	0.0000	0.0000	15.9666	35.8530	0.0000	0.0000	0.0000	-0.7487	0.0000	10.0000	4.0000	12.0000	0.0000	0.0000	0.0000	0.0000	0.0000	0.0000	0.0000	0.0000	0.0000	1.0000	1.0000	0.0000	0.0000	0.0000	0.0000	1.0000	1.0000	0.0000	0.0000	0.0000	0.0000	0.0000	0.0000	0.0000	0.0000	0.0000	0.0000	0.0651	0.0299	0.0352	0.0025	0.0020	0.0005	0.0626	0.0279	0.0347	0.0000	0.0000	0.0000	0.0000	0.0000	0.0000	0.0000	0.0000	0.0000	15.3637	33.4599	0.0000	0.0000	0.0000	0.0000	15.9666	35.8530	0.0000						
32	46	0.0538	4	1	1	1	0	0	0	0	0	N	N	N	N	N	N	N	N	N	N	N	N	0.0000	0.0000	0.0000	0.0000	0.0000	0.0000	0.0000	0.0000	0.0000	0.0000	0.0000	0.0000	0.0000	0.0000	0.0000	0.0000	0.0000	0.0000	0.0000	0.0000	0.0000	1.8806	4.0000	4.9930	0.0000	0.0000	0.0000	0.0000	0.0000	0.0000	0.0000	0.0000	0.0000	0.0000	0.0000	0.0000	0.0000	0.0000	0.0000	0.0000	0.0000	0.0000	0.0000	0.0000	0.0000	0.0000	0.0000	0.0000	0.0000	0.0000	0.0000	0.0216	0.0118	0.0099	0.0039	0.0038	0.0001	0.0177	0.0080	0.0097	0.0000	0.0000	0.0000	0.0000	0.0000	0.0000	0.0000	0.0000	0.0000	0.0000	0.0000	0.0000	0.0000	0.0000	0.0000	0.0000	0.0000	0.0000											
32	47	0.0414	3	1	1	1	0	0	0	0	0	N	N	N	N	N	N	N	N	N	N	N	N	0.0000	0.0000	0.0000	0.0000	0.0000	0.0000	0.0000	0.0000	0.0000	0.0000	0.0000	0.0000	0.0000	0.0000	0.0000	0.0000	0.0000	0.0000	0.0000	0.0000	0.0000	2.1193	4.0000	4.2095	0.0000	0.0000	0.0000	0.0000	0.0000	0.0000	0.0000	0.0000	0.0000	0.0000	0.0000	0.0000	0.0000	0.0000	0.0000	0.0000	0.0000	0.0000	0.0000	0.0000	0.0000	0.0000	0.0000	0.0000	0.0000	0.0000	0.0000	0.0199	0.0091	0.0108	0.0007	0.0006	0.0001	0.0192	0.0085	0.0107	0.0000	0.0000	0.0000	0.0000	0.0000	0.0000	0.0000	0.0000	0.0000	0.0000	0.0000	0.0000	0.0000	0.0000	0.0000	0.0000	0.0000	0.0000											
32	48	0.0414	3	0	2	0	1	0	0	0	0	N	Y	N	N	N	N	N	N	N	N	N	N	0.0000	0.0000	0.0000	0.0000	0.0000	0.0000	0.0000	0.0000	0.0000	0.0000	0.0000	0.0000	0.0000	0.0000	0.0000	0.0000	0.0000	0.0000	0.0000	0.0000	0.0000	11.0000	4.0000	18.0000	0.0000	0.0000	0.0000	0.0000	0.0000	0.0000	0.0000	0.0000	0.0000	0.0000	0.0000	0.0000	0.0000	0.0000	0.0000	0.0000	0.0000	0.0000	0.0000	0.0000	0.0000	0.0000	0.0000	0.0000	0.0000	0.0000	0.0000	0.0835	0.0384	0.0451	0.0032	0.0026	0.0006	0.0803	0.0358	0.0445	0.0000	0.0000	0.0000	0.0000	0.0000	0.0000	0.0000	0.0000	0.0000	0.0000	0.0000	0.0000	0.0000	0.0000	0.0000	0.0000	0.0000	0.0000											
32	49	0.0414	3	0	2	0	0	0	0	0	0	N	Y	N	N	N	N	N	N	N	N	N	N	0.0000	0.0000	0.0000	0.0000	0.0000	0.0000	0.0000	0.0000	0.0000	0.0000	0.0000	0.0000	0.0000	0.0000	0.0000	0.0000	0.0000	0.0000	0.0000	0.0000	0.0000	6.0000	4.0000	11.0000	0.0000	0.0000	0.0000	0.0000	0.0000	0.0000	0.0000	0.0000	0.0000	0.0000	0.0000	0.0000	0.0000	0.0000	0.0000	0.0000	0.0000	0.0000	0.0000	0.0000	0.0000	0.0000	0.0000	0.0000	0.0000	0.0000	0.0000	0.0513	0.0235	0.0278	0.0019	0.0016	0.0004	0.0494	0.0220	0.0274	0.0000	0.0000	0.0000	0.0000	0.0000	0.0000	0.0000	0.0000	0.0000	0.0000	0.0000	0.0000	0.0000	0.0000	0.0000	0.0000	0.0000	0.0000											
32	51	0.0685	4	0	2	0	1	0	0	0	0	N	Y	N	N	N	N	N	N	N	N	N	N	0.0000	0.0000	0.0000	0.0000	0.0000	0.0000	0.0000	0.0000	0.0000	0.0000	0.0000	0.0000	0.0000	0.0000	0.0000	0.0000	0.0000	0.0000	0.0000	0.0000	0.0000	0.9739	4.0000	0.0244	0.0000	0.0000	0.0000	0.0000	0.0000	0.0000	0.0000	0.0000	0.0000	0.0000	0.0000	0.0000	0.0000	0.0000	0.0000	0.0000	0.0000	0.0000	0.0000	0.0000	0.0000	0.0000	0.0000	0.0000	0.0000	0.0000	0.0000	0.0622	0.0508	0.0115	0.0317	0.0306	0.0011	0.0305	0.0202	0.0103	0.0000	0.0000	0.0000	0.0000	0.0000	0.0000	0.0000	0.0000	0.0000	0.0000	0.0000	0.0000	0.0000	0.0000	0.0000	0.0000	0.0000	0.0000											
32	52	0.0414	3	0	2	0	1	0	0	0	0	N	Y	N	N	N	N	N	N	N	N	N	N	0.0000	0.0000	0.0000	0.0000	0.0000	0.0000	0.0000	0.0000	0.0000	0.0000	0.0000	0.0000	0.0000	0.0000	0.0000	0.0108	0.0060	0.0149	0.0000	0.0000	0.0000	0.0112	0.0064	0.0151	2.9333	0.0000	-0.0000	0.0000	10.0170	4.0000	8.1377	0.0000	0.0000	0.0000	0.0000	0.0000	0.0000	0.0000	0.0000	0.0000	0.0006	0.0002	0.0004	0.0000	0.0000	0.0000	0.0006	0.0002	0.0004	0.0000	0.0000	0.0000	0.0000	0.0000	0.0000	0.0000	0.0000	0.0000	0.0545	0.0250	0.0295	0.0020	0.0017	0.0004	0.0525	0.0233	0.0291	0.0000	0.0000	0.0000	0.0000	0.0000	0.0000	0.0000	0.0000	0.0000	0.0108	0.0060	0.0149	0.0000	0.0000	0.0000	0.0112	0.0064	0.0151				
32	53	0.0765	4	1	2	0	0	0	0	0	0	N	Y	N	N	N	N	N	N	N	N	N	N	0.0000	0.0000	0.0000	0.0000	0.0000	0.0000	0.0000	0.0000	0.0000	0.0000	0.0000	0.0000	0.0000	0.0000	0.0000	0.0000	0.0000	0.0000	0.0000	0.0000	0.0000	1.0294	4.0000	5.0054	0.0000	0.0000	0.0000	0.0000	0.0000	0.0000	0.0000	0.0000	0.0000	0.0000	0.0000	0.0000	0.0000	0.0000	0.0000	0.0000	0.0000	0.0000	0.0000	0.0000	0.0000	0.0000	0.0000	0.0000	0.0000	0.0000	0.0000	0.0338	0.0224	0.0114	0.0122	0.0116	0.0006	0.0216	0.0108	0.0107	0.0000	0.0000	0.0000	0.0000	0.0000	0.0000	0.0000	0.0000	0.0000	0.0000	0.0000	0.0000	0.0000	0.0000	0.0000	0.0000	0.0000	0.0000											
32	54	0.0414	3	1	2	0	0	0	0	0	0	N	Y	N	N	N	N	N	N	N	N	N	N	0.0000	0.0000	0.0000	0.0000	0.0000	0.0000	0.0000	0.0000	0.0000	0.0000	0.0000	0.0000	0.0000	0.0017	0.0000	0.0031	0.0000	0.0000	0.0000	0.0017	0.0000	0.0031	inf	0.0000	0.0000	0.0000	7.2033	4.0000	14.9709	0.0000	0.0000	0.0000	0.0000	0.0000	0.0000	0.0000	0.0000	0.0000	0.0001	0.0000	0.0001	0.0000	0.0000	0.0000	0.0001	0.0000	0.0001	0.0000	0.0000	0.0000	0.0000	0.0000	0.0000	0.0000	0.0000	0.0000	0.0656	0.0301	0.0355	0.0025	0.0020	0.0005	0.0631	0.0281	0.0350	0.0000	0.0000	0.0000	0.0000	0.0000	0.0000	0.0000	0.0000	0.0000	0.0017	0.0000	0.0031	0.0000	0.0000	0.0000	0.0017	0.0000	0.0031						
32	58	0.2354	6	0	1	0	0	0	0	0	0	N	N	N	N	N	N	N	N	N	N	N	N	0.0000	0.0000	0.0000	0.0000	0.0000	0.0000	0.0000	0.0000	0.0000	0.0000	0.0000	0.0000	0.0000	0.3031	0.4498	0.0000	0.6414	0.6899	0.0000	0.0000	0.0000	0.0000	0.0000	0.0000	-0.0822	0.0000	16.5869	4.0000	24.5040	0.0000	0.0000	0.0000	0.0000	0.0000	0.0000	0.0000	0.0000	0.0000	0.1098	0.1098	0.0000	0.1098	0.1098	0.0000	0.0000	0.0000	0.0000	0.0000	0.0000	0.0000	0.0000	0.0000	0.0000	0.0000	0.0000	0.0000	0.3621	0.2441	0.1180	0.1712	0.1591	0.0120	0.1910	0.0850	0.1060	0.0000	0.0000	0.0000	0.0000	0.0000	0.0000	0.0000	0.0000	0.0000	0.3031	0.4498	0.0000	0.6414	0.6899	0.0000	0.0000	0.0000	0.0000						
33	34	0.0613	4	1	1	1	0	0	0	0	0	N	N	N	N	N	N	N	N	N	N	N	N	0.0000	0.0000	0.0000	0.0000	0.0000	0.0000	0.0000	0.0000	0.0000	0.0000	0.0000	0.0000	0.0000	0.0000	0.0000	0.0000	0.0196	0.0000	0.0444	0.0001	0.0001	0.0000	0.0249	0.0000	0.0454	839.3154	0.0000	0.0001	0.0019	3.0034	1.9565	4.0042	0.0000	0.0000	0.0000	0.0000	0.0000	0.0000	0.0000	0.0000	0.0000	0.0002	0.0000	0.0002	0.0000	0.0000	0.0000	0.0002	0.0000	0.0002	0.0001	0.0001	0.0000	0.0000	0.0000	0.0000	0.0001	0.0000	0.0000	0.0126	0.0070	0.0056	0.0027	0.0026	0.0001	0.0099	0.0045	0.0055	0.0000	0.0000	0.0000	0.0000	0.0000	0.0000	0.0000	0.0000	0.0000	0.0196	0.0000	0.0444	0.0001	0.0001	0.0000	0.0249	0.0000	0.0454			
33	35	0.0613	4	1	1	1	0	0	0	0	0	N	N	N	N	N	N	N	N	N	N	N	N	0.0000	0.0000	0.0000	0.0000	0.0000	0.0000	0.0000	0.0000	0.0000	0.0000	0.0000	0.0000	0.0000	0.0000	0.0002	0.0004	0.0000	0.0010	0.0010	0.0000	0.0000	0.0000	0.0000	0.0003	0.0000	-0.0000	0.0019	4.4649	1.9565	3.5311	0.0000	0.0000	0.0000	0.0000	0.0000	0.0000	0.0000	0.0000	0.0000	0.0000	0.0000	0.0000	0.0000	0.0000	0.0000	0.0000	0.0000	0.0000	0.0001	0.0001	0.0000	0.0001	0.0001	0.0000	0.0001	0.0001	0.0000	0.0141	0.0078	0.0063	0.0029	0.0028	0.0001	0.0111	0.0050	0.0061	0.0000	0.0000	0.0000	0.0000	0.0000	0.0000	0.0000	0.0000	0.0000	0.0002	0.0004	0.0000	0.0010	0.0010	0.0000	0.0000	0.0000	0.0000					
33	36	0.0469	3	1	1	1	0	0	0	0	0	N	N	N	N	N	N	N	N	N	N	N	N	0.0000	0.0000	0.0000	0.0000	0.0000	0.0000	0.0000	0.0000	0.0000	0.0000	0.0000	0.0000	0.0000	0.0000	0.0000	0.0000	0.0000	0.0000	0.0004	0.0006	0.0001	0.0018	0.0018	0.0003	0.0000	0.0000	0.0001	0.0948	0.0000	-0.0000	0.0019	1.6626	1.9565	6.4813	0.0000	0.0000	0.0000	0.0000	0.0000	0.0000	0.0000	0.0000	0.0000	0.0000	0.0000	0.0000	0.0000	0.0000	0.0000	0.0000	0.0000	0.0000	0.0000	0.0000	0.0000	0.0000	0.0000	0.0000	0.0000	0.0000	0.0000	0.0128	0.0069	0.0059	0.0024	0.0023	0.0001	0.0104	0.0047	0.0058	0.0000	0.0000	0.0000	0.0000	0.0000	0.0000	0.0000	0.0000	0.0000	0.0004	0.0006	0.0001	0.0018	0.0018	0.0003	0.0000	0.0000	0.0001	
33	37	0.0554	3	1	1	0	0	0	0	0	0	N	N	N	N	N	N	N	N	N	N	N	N	66.1869	41.7485	0.0000	34.4676	35.8137	0.0000	0.0000	0.0000	0.0000	0.0153	0.0171	0.0000	0.0394	0.0412	0.0000	0.0000	0.0000	0.0000	0.0002	0.0004	0.0000	0.0011	0.0012	0.0009	0.0000	0.0000	0.0000	0.0000	0.0671	-0.0000	-0.0000	0.0019	5.8118	1.9565	10.8965	0.0000	0.0000	0.0000	0.0000	0.0000	0.0000	0.0000	0.0000	0.0000	0.0000	0.0000	0.0000	0.0000	0.0000	0.0000	0.0000	0.0000	0.0000	0.0002	0.0002	0.0000	0.0001	0.0001	0.0000	0.0001	0.0001	0.0000	0.0356	0.0188	0.0167	0.0069	0.0066	0.0003	0.0287	0.0123	0.0164	66.1869	41.7485	0.0000	34.4676	35.8137	0.0000	0.0000	0.0000	0.0000	0.0002	0.0004	0.0000	0.0011	0.0012	0.0009	0.0000	0.0000	0.0000
33	38	0.0345	2	1	1	0	0	0	0	0	0	N	N	N	N	N	N	N	N	N	N	N	N	64.1700	42.5581	17.9222	0.0000	0.0000	392.2515	4359.6460	18.1642	0.0180	0.0197	0.0021	0.0000	0.0000	0.0000	0.0281	0.0325	0.0022	0.0003	0.0005	0.0001	0.0033	0.0036	0.0000	0.0001	0.0000	0.0001	0.0118	0.2954	-0.0000	-0.0000	0.0019	5.2458	1.9565	8.3786	0.0000	0.0000	0.0000	0.0000	0.0000	0.0000	0.0000	0.0000	0.0000	0.0000	0.0000	0.0000	0.0000	0.0000	0.0000	0.0000	0.0000	0.0000	0.0002	0.0001	0.0000	0.0001	0.0001	0.0000	0.0001	0.0001	0.0000	0.0220	0.0103	0.0117	0.0014	0.0013	0.0001	0.0205	0.0090	0.0116	64.1700	42.5581	17.9222	0.0000	0.0000	0.0000	392.2515	4359.6460	18.1642	0.0003	0.0005	0.0001	0.0033	0.0036	0.0000	0.0001	0.0000	0.0001	
33	39	0.0451	3	0	1	0	0	0	0	0	0	N	N	N	N	N	N	N	N	N	N	N	N	0.1192	0.0729	0.0000	0.0658	0.0645	0.0000	0.0000	0.0000	0.0000	0.0001	0.0001	0.0000	0.0002	0.0002	0.0000	0.0000	0.0000	0.0000	0.0007	0.0012	0.0000	0.0032	0.0033	0.0013	0.0000	0.0000	0.0000	0.0000	0.0203	-0.0000	-0.0000	0.0019	6.9653	1.9565	2.9126	0.0000	0.0000	0.0000	0.0000	0.0000	0.0000	0.0000	0.0000	0.0000	0.0000	0.0000	0.0000	0.0000	0.0000	0.0000	0.0000	0.0000	0.0000	0.0002	0.0002	0.0000	0.0001	0.0001	0.0000	0.0001	0.0001	0.0000	0.0183	0.0099	0.0084	0.0038	0.0036	0.0002	0.0145	0.0063	0.0082	0.1192	0.0729	0.0000	0.0658	0.0645	0.0000	0.0000	0.0000	0.0000	0.0007	0.0012	0.0000	0.0032	0.0033	0.0013	0.0000	0.0000	0.0000
33	40	0.0345	2	0	1	0	0	0	0	0	0	N	N	N	N	N	N	N	N	N	N	N	N	0.0483	0.0250	0.0000	0.0000	0.0000	308.5075	inf	0.0000	0.0001	0.0001	0.0000	0.0000	0.0000	0.0000	0.0002	0.0002	0.0000	0.0027	0.0058	0.0000	0.0423	0.0470	0.0000	0.0000	0.0000	0.0000	0.0000	0.0002	-0.0000	-0.0000	0.0019	4.0410	1.9565	4.5605	0.0000	0.0000	0.0000	0.0000	0.0000	0.0000	0.0000	0.0000	0.0000	0.0000	0.0000	0.0000	0.0000	0.0000	0.0000	0.0000	0.0000	0.0000	0.0001	0.0001	0.0000	0.0000	0.0000	0.0000	0.0001	0.0001	0.0000	0.0141	0.0066	0.0075	0.0009	0.0008	0.0001	0.0132	0.0058	0.0074	0.0483	0.0250	0.0000	0.0000	0.0000	0.0000	308.5075	inf	0.0000	0.0027	0.0058	0.0000	0.0423	0.0470	0.0000	0.0000	0.0000	0.0000	
33	43	0.0345	2	1	1	1	0	0	0	0	0	N	N	N	N	N	N	N	N	N	N	N	N	0.0000	0.0000	0.0000	0.0000	0.0000	0.0000	0.0000	0.0000	0.0000	0.0000	0.0000	0.0000	0.0000	0.0011	0.0024	0.0000	0.0170	0.0188	0.0000	0.0000	0.0000	0.0000	0.0000	0.0000	-0.0000	0.0019	10.0000	1.9565	13.0000	0.0000	0.0000	0.0000	0.0000	0.0000	0.0000	0.0000	0.0000	0.0000	0.0000	0.0000	0.0000	0.0000	0.0000	0.0000	0.0000	0.0000	0.0000	0.0003	0.0003	0.0000	0.0001	0.0001	0.0000	0.0002	0.0002	0.0000	0.0357	0.0168	0.0190	0.0024	0.0021	0.0002	0.0334	0.0146	0.0187	0.0000	0.0000	0.0000	0.0000	0.0000	0.0000	0.0000	0.0000	0.0000	0.0011	0.0024	0.0000	0.0170	0.0188	0.0000	0.0000	0.0000	0.0000						
33	44	0.0345	2	0	1	0	0	0	0	0	0	N	N	N	N	N	N	N	N	N	N	N	N	70.5535	36.5907	0.0000	0.0000	inf	inf	0.0429	0.0474	0.0000	0.0000	0.0000	0.0000	0.0668	0.0783	0.0000	0.0006	0.0013	0.0000	0.0092	0.0103	0.0000	0.0000	0.0000	0.0000	0.0000	0.0000	-0.0000	-0.0000	0.0019	8.0000	1.9565	13.0000	0.0000	0.0000	0.0000	0.0000	0.0000	0.0000	0.0000	0.0000	0.0000	0.0000	0.0000	0.0000	0.0000	0.0000	0.0000	0.0000	0.0000	0.0000	0.0002	0.0002	0.0000	0.0001	0.0001	0.0000	0.0001	0.0001	0.0000	0.0329	0.0154	0.0175	0.0022	0.0020	0.0002	0.0308	0.0135	0.0173	70.5535	36.5907	0.0000	0.0000	0.0000	0.0000	inf	inf	0.0000	0.0006	0.0013	0.0000	0.0092	0.0103	0.0000	0.0000	0.0000	0.0000			
33	45	0.0345	2	0	1	0	0	0	0	0	0	N	N	N	N	N	N	N	N	N	N	N	N	inf	inf	inf	inf	1.3553	0.0000	14.1596	0.0000	0.0000	0.0000	2.1104	0.0000	14.5211	0.0000	0.0000	0.0000	0.0000	0.0000	0.0000	0.0000	0.0000	0.0000	inf	0.0002	0.0000	0.0019	10.0000	1.9565	12.0000	0.0004	0.0000	0.0004	0.0000	0.0000	0.0000	0.0004	0.0000	0.0004	0.0000	0.0000	0.0000	0.0000	0.0000	0.0000	0.0000	0.0000	0.0000	0.0003	0.0003	0.0000	0.0001	0.0001	0.0000	0.0002	0.0002	0.0000	0.0344	0.0161	0.0183	0.0023	0.0020	0.0002	0.0321	0.0141	0.0180	inf	0.0000	inf	0.0000	0.0000	0.0000	inf	0.0000	inf	0.0000	0.0000	0.0000	0.0000	0.0000	0.0000	0.0000	0.0000	0.0000						
33	46	0.0469	3	1	0	1	0	0	0	0	0	N	N	N	N	N	N	N	N	N	N	N	N	0.0000	0.0000	0.0000	0.0000	0.0000	0.0000	0.0000	0.0000	0.0000	0.0000	0.0000	0.0000	0.0000	0.0000	0.0000	0.0004	0.0007	0.0000	0.0019	0.0019	0.0000	0.0000	0.0000	0.0000	0.0000	0.0000	-0.0000	0.0019	1.8806	1.9565	4.9930	0.0000	0.0000	0.0000	0.0000	0.0000	0.0000	0.0000	0.0000	0.0000	0.0000	0.0000	0.0000	0.0000	0.0000	0.0000	0.0000	0.0000	0.0000	0.0001	0.0000	0.0000	0.0000	0.0000	0.0000	0.0000	0.0000	0.0000	0.0113	0.0062	0.0051	0.0022	0.0022	0.0001	0.0091	0.0040	0.0051	0.0000	0.0000	0.0000	0.0000	0.0000	0.0000	0.0000	0.0000	0.0000	0.0004	0.0007	0.0000	0.0019	0.0019	0.0000	0.0000	0.0000	0.0000				
33	47	0.0345	2	1	0	1	0	0	0	0	0	N	N	N	N	N	N	N	N	N	N	N	N	0.0000	0.0000	0.0000	0.0000	0.0000	0.0000	0.0000	0.0000	0.0000	0.0000	0.0000	0.0000	0.0000	0.0000	0.0000	0.0072	0.0155	0.0000	0.0236	0.0261	0.0000	0.0061	0.0140	0.0000	0.0000	0.0000	-0.0001	0.0019	2.1193	1.9565	4.2095	0.0000	0.0000	0.0000	0.0000	0.0000	0.0000	0.0000	0.0000	0.0000	0.0001	0.0001	0.0000	0.0000	0.0000	0.0000	0.0001	0.0001	0.0000	0.0001	0.0001	0.0000	0.0000	0.0000	0.0000	0.0000	0.0000	0.0000	0.0105	0.0049	0.0056	0.0007	0.0006	0.0001	0.0098	0.0043	0.0055	0.0000	0.0000	0.0000	0.0000	0.0000	0.0000	0.0000	0.0000	0.0000	0.0072	0.0155	0.0000	0.0236	0.0261	0.0000	0.0061	0.0140	0.0000				
33	48	0.0345	2	0	1	0	1	0	0	0	0	N	N	N	N	N	N	N	N	N	N	N	N	97.4512	0.0000	inf	0.0000	0.0000	145.5994	0.0000	inf	0.7950	0.0000	8.3342	0.0000	0.0000	0.0000	1.2373	0.0000	8.5471	0.0082	0.0174	0.0000	0.0034	0.0038	0.0000	0.0085	0.0194	0.0000	inf	0.0000	0.0001	-0.0003	0.0019	11.0000	1.9565	18.0000	0.0003	0.0000	0.0003	0.0000	0.0000	0.0000	0.0003	0.0000	0.0003	0.0004	0.0004	0.0000	0.0000	0.0000	0.0000	0.0003	0.0003	0.0000	0.0003	0.0003	0.0000	0.0001	0.0001	0.0000	0.0002	0.0002	0.0000	0.0441	0.0207	0.0234	0.0029	0.0027	0.0003	0.0412	0.0181	0.0231	97.4512	0.0000	inf	0.0000	0.0000	0.0000	145.5994	0.0000	inf	0.0082	0.0174	0.0000	0.0034	0.0038	0.0000	0.0085	0.0194	0.0000	
33	49	0.0345	2	0	1	0	0	0	0	0	0	N	N	N	N	N	N	N	N	N	N	N	N	inf	inf	inf	inf	1.4096	0.0000	14.5247	0.0000	0.0000	0.0000	2.1997	0.0000	14.8947	0.0000	0.0000	0.0000	0.0000	0.0000	0.0000	0.0000	0.0000	0.0000	inf	0.0001	0.0000	0.0019	6.0000	1.9565	11.0000	0.0003	0.0000	0.0003	0.0000	0.0000	0.0000	0.0003	0.0000	0.0003	0.0000	0.0000	0.0000	0.0000	0.0000	0.0000	0.0000	0.0000	0.0000	0.0002	0.0002	0.0000	0.0001	0.0001	0.0000	0.0001	0.0001	0.0000	0.0271	0.0127	0.0144	0.0018	0.0016	0.0002	0.0253	0.0111	0.0142	inf	0.0000	inf	0.0000	0.0000	0.0000	inf	0.0000	inf	0.0000	0.0000	0.0000	0.0000	0.0000	0.0000	0.0000	0.0000	0.0000						
33	51	0.0616	3	0	1	0	1	0	0	0	0	N	N	N	N	N	N	N	N	N	N	N	N	1.2135	inf	0.0000	inf	inf	0.0000	0.0000	0.0000	0.0000	0.0000	0.0000	0.0001	0.0000	0.0000	0.0000	0.0000	0.0000	0.0000	0.0001	0.0000	0.0000	0.0000	0.0000	0.0000	0.0001	0.0000	inf	-0.0000	0.0000	0.0019	0.9739	1.9565	0.0244	0.0000	0.0000	0.0000	0.0000	0.0000	0.0000	0.0000	0.0000	0.0000	0.0000	0.0000	0.0000	0.0000	0.0000	0.0000	0.0000	0.0000	0.0000	0.0003	0.0002	0.0001	0.0002	0.0001	0.0000	0.0001	0.0001	0.0000	0.0309	0.0252	0.0057	0.0158	0.0152	0.0006	0.0151	0.0100	0.0052	1.2135	inf	0.0000	inf	inf	0.0000	0.0000	0.0000	0.0000	0.0000	0.0000	0.0001	0.0000	0.0000	0.0000	0.0000	0.0000	0.0001		
33	52	0.0345	2	0	1	0	1	0	0	0	0	N	N	N	N	N	N	N	N	N	N	N	N	764.8826	278.5934	14735.5511	0.0000	0.0000	9802.1219	56887.2124	14933.6241	0.3632	0.2522	1.4119	0.0000	0.0000	0.0000	0.5655	0.4155	1.4480	0.0005	0.0009	0.0001	0.0064	0.0071	0.0000	0.0001	0.0000	0.0001	0.5925	0.1202	-0.0000	-0.0000	0.0019	10.0170	1.9565	8.1377	0.0001	0.0001	0.0000	0.0000	0.0000	0.0000	0.0001	0.0001	0.0000	0.0000	0.0000	0.0000	0.0000	0.0000	0.0000	0.0000	0.0000	0.0000	0.0003	0.0003	0.0000	0.0001	0.0001	0.0000	0.0002	0.0002	0.0000	0.0288	0.0135	0.0153	0.0019	0.0017	0.0002	0.0269	0.0118	0.0151	764.8826	278.5934	14735.5511	0.0000	0.0000	0.0000	9802.1219	56887.2124	14933.6241	0.0005	0.0009	0.0001	0.0064	0.0071	0.0000	0.0001	0.0000	0.0001	
33	53	0.0696	3	1	1	0	0	0	0	0	0	N	N	N	N	N	N	N	N	N	N	N	N	0.0000	0.0000	0.0000	0.0000	0.0000	0.0000	0.0000	0.0000	0.0000	0.0000	0.0000	0.0000	0.0000	0.0000	0.0000	0.0000	0.0001	0.0001	0.0000	0.0000	0.0000	0.0000	0.0000	0.0000	-0.0000	0.0019	1.0294	1.9565	5.0054	0.0000	0.0000	0.0000	0.0000	0.0000	0.0000	0.0000	0.0000	0.0000	0.0000	0.0000	0.0000	0.0000	0.0000	0.0000	0.0000	0.0000	0.0000	0.0000	0.0000	0.0000	0.0000	0.0000	0.0000	0.0000	0.0000	0.0000	0.0173	0.0114	0.0059	0.0063	0.0060	0.0003	0.0110	0.0054	0.0055	0.0000	0.0000	0.0000	0.0000	0.0000	0.0000	0.0000	0.0000	0.0000	0.0000	0.0000	0.0000	0.0001	0.0001	0.0000	0.0000	0.0000	0.0000						
33	54	0.0345	2	1	1	0	0	0	0	0	0	N	N	N	N	N	N	N	N	N	N	N	N	0.0350	0.0102	12.9432	0.0000	0.0000	7.2899	37.3296	13.1142	0.0001	0.0000	0.0003	0.0000	0.0000	0.0000	0.0001	0.0001	0.0003	0.0017	0.0036	0.0000	0.0257	0.0285	0.0000	0.0000	0.0000	0.0000	0.8000	0.0067	-0.0000	-0.0000	0.0019	7.2033	1.9565	14.9709	0.0000	0.0000	0.0000	0.0000	0.0000	0.0000	0.0000	0.0000	0.0000	0.0001	0.0001	0.0000	0.0001	0.0001	0.0000	0.0000	0.0000	0.0000	0.0002	0.0002	0.0000	0.0001	0.0001	0.0000	0.0001	0.0001	0.0000	0.0346	0.0162	0.0184	0.0023	0.0021	0.0002	0.0323	0.0142	0.0182	0.0350	0.0102	12.9432	0.0000	0.0000	0.0000	7.2899	37.3296	13.1142	0.0017	0.0036	0.0000	0.0257	0.0285	0.0000	0.0000	0.0000	0.0000	
33	58	0.2285	5	0	0	0	0	0	0	0	0	N	N	N	N	N	N	N	N	N	N	N	N	0.8519	0.0020	5580.9991	0.1323	0.0023	18476.1057	789.3278	0.0000	7168.3793	0.1572	0.0006	0.8519	0.0513	0.0010	0.3657	0.2895	0.0000	1.1991	0.1846	0.2758	0.0002	0.3880	0.4169	0.0000	0.0004	0.0006	0.0002	341.8904	0.0003	0.0001	-0.0259	0.0019	16.5869	1.9565	24.5040	0.0002	0.0000	0.0002	0.0000	0.0000	0.0000	0.0002	0.0000	0.0002	0.0346	0.0346	0.0000	0.0345	0.0345	0.0000	0.0000	0.0000	0.0000	0.0012	0.0010	0.0002	0.0006	0.0006	0.0001	0.0005	0.0004	0.0001	0.1873	0.1253	0.0620	0.0890	0.0828	0.0062	0.0983	0.0424	0.0558	0.8519	0.0020	5580.9991	0.1323	0.0023	18476.1057	789.3278	0.0000	7168.3793	0.1846	0.2758	0.0002	0.3880	0.4169	0.0000	0.0004	0.0006	0.0002
34	37	0.0617	4	2	2	1	0	0	0	0	0	Y	Y	N	N	N	N	N	N	N	N	N	N	0.0011	0.0000	33.9673	0.0000	0.0000	0.0000	0.0008	0.0000	19.3422	0.0000	0.0000	0.0001	0.0000	0.0000	0.0000	0.0000	0.0000	0.0001	0.0105	0.0158	0.0000	0.0075	0.0105	0.0000	0.0146	0.0267	0.0000	inf	0.0001	0.0000	-0.0031	3.0034	5.8118	4.0042	10.8965	0.0000	0.0000	0.0000	0.0000	0.0000	0.0000	0.0000	0.0000	0.0000	0.0041	0.0041	0.0000	0.0017	0.0017	0.0000	0.0024	0.0024	0.0000	0.1118	0.0980	0.0138	0.0085	0.0083	0.0002	0.1033	0.0897	0.0136	0.3875	0.2578	0.1298	0.2218	0.1585	0.0633	0.1657	0.0993	0.0664	0.0011	0.0000	33.9673	0.0000	0.0000	0.0000	0.0008	0.0000	19.3422	0.0105	0.0158	0.0000	0.0075	0.0105	0.0000	0.0146	0.0244	0.0000
34	38	0.0408	3	2	2	1	0	0	0	0	0	Y	Y	N	N	N	N	N	N	N	N	N	N	0.2737	0.0000	2.5495	0.0000	0.0000	0.0000	0.2598	0.0000	2.5787	0.0093	0.0000	0.0766	0.0000	0.0000	0.0000	0.0100	0.0000	0.0779	0.0341	0.0378	0.0301	0.0075	0.0072	0.0140	0.0387	0.2130	0.0302	inf	0.7267	0.0005	-0.0010	3.0034	5.2458	4.0042	8.3786	0.0009	0.0000	0.0009	0.0000	0.0000	0.0000	0.0009	0.0000	0.0009	0.0032	0.0018	0.0013	0.0001	0.0001	0.0000	0.0031	0.0017	0.0013	0.1016	0.0892	0.0124	0.0072	0.0070	0.0002	0.0944	0.0823	0.0122	0.0934	0.0488	0.0446	0.0137	0.0132	0.0004	0.0798	0.0356	0.0442	0.2737	0.0000	2.5495	0.0000	0.0000	0.0000	0.2598	0.0000	2.5787	0.0341	0.0378	0.0301	0.0075	0.0072	0.0140	0.0387	0.0492	0.0302
34	39	0.0514	4	1	2	1	0	0	0	0	0	N	Y	N	N	N	N	N	N	N	N	N	N	0.0000	0.0000	0.0000	0.0000	0.0000	0.0000	0.0000	0.0000	0.0000	0.0000	0.0000	0.0000	0.0000	0.0000	0.0000	0.0000	0.0000	0.0000	0.0035	0.0032	0.0038	0.0088	0.0091	0.0000	0.0023	0.0000	0.0039	1.1097	0.0000	-0.0001	3.0034	6.9653	4.0042	2.9126	0.0000	0.0000	0.0000	0.0000	0.0000	0.0000	0.0000	0.0000	0.0000	0.0003	0.0001	0.0001	0.0001	0.0001	0.0000	0.0001	0.0000	0.0001	0.1334	0.1169	0.0165	0.0066	0.0065	0.0001	0.1268	0.1104	0.0163	0.0812	0.0423	0.0388	0.0153	0.0147	0.0006	0.0659	0.0276	0.0382	0.0000	0.0000	0.0000	0.0000	0.0000	0.0000	0.0000	0.0000	0.0000	0.0035	0.0032	0.0038	0.0088	0.0091	0.0000	0.0023	0.0000	0.0039	
34	40	0.0408	3	1	2	1	0	0	0	0	0	N	Y	N	N	N	N	N	N	N	N	N	N	0.0000	0.0000	0.0000	0.0000	0.0000	0.0000	0.0000	0.0000	0.0000	0.0000	0.0000	0.0000	0.0000	0.0000	0.0000	0.0000	0.0000	0.0000	0.0521	0.0001	0.1089	0.0006	0.0000	0.0186	0.0609	0.0001	0.1098	1356.7411	0.0000	0.0008	3.0034	4.0410	4.0042	4.5605	0.0000	0.0000	0.0000	0.0000	0.0000	0.0000	0.0000	0.0000	0.0000	0.0031	0.0000	0.0031	0.0000	0.0000	0.0000	0.0031	0.0000	0.0031	0.0788	0.0692	0.0096	0.0056	0.0054	0.0002	0.0733	0.0638	0.0095	0.0602	0.0315	0.0288	0.0088	0.0085	0.0003	0.0514	0.0229	0.0285	0.0000	0.0000	0.0000	0.0000	0.0000	0.0000	0.0000	0.0000	0.0000	0.0521	0.0001	0.1089	0.0006	0.0000	0.0186	0.0609	0.0001	0.1098	
34	41	0.0717	4	1	1	2	0	0	0	0	0	N	N	Y	N	N	N	N	N	N	N	N	N	0.0000	0.0000	0.0000	0.0000	0.0000	0.0000	0.0000	0.0000	0.0000	0.0000	0.0000	0.0000	0.0000	0.0000	0.0000	0.0000	0.0099	0.0000	0.0221	0.0001	0.0001	0.0000	0.0124	0.0000	0.0226	839.3154	0.0000	0.0001	3.0034	4.0003	4.0042	0.0531	0.0000	0.0000	0.0000	0.0000	0.0000	0.0000	0.0000	0.0000	0.0000	0.0002	0.0000	0.0002	0.0000	0.0000	0.0000	0.0002	0.0000	0.0002	0.0749	0.0663	0.0086	0.0147	0.0141	0.0006	0.0602	0.0522	0.0080	0.0252	0.0140	0.0112	0.0051	0.0049	0.0003	0.0200	0.0091	0.0109	0.0000	0.0000	0.0000	0.0000	0.0000	0.0000	0.0000	0.0000	0.0000	0.0099	0.0000	0.0221	0.0001	0.0001	0.0000	0.0124	0.0000	0.0226			
34	42	0.0408	3	1	1	1	0	0	0	0	0	N	N	N	N	N	N	N	N	N	N	N	N	0.0000	0.0000	0.0000	0.0000	0.0000	0.0000	0.0000	0.0000	0.0000	0.0000	0.0000	0.0000	0.0000	0.0000	0.0000	0.0000	0.0000	7.4046	0.0016	30.4419	0.0056	0.0058	0.0000	8.6688	0.0000	33.5359	9013.6127	0.0000	0.2489	3.0034	8.9997	4.0042	11.0444	0.0000	0.0000	0.0000	0.0000	0.0000	0.0000	0.0000	0.0000	0.0000	0.9909	0.0001	0.9908	0.0001	0.0001	0.0000	0.9908	0.0000	0.9908	0.1707	0.1500	0.0207	0.0121	0.0118	0.0003	0.1586	0.1382	0.0204	0.1338	0.0700	0.0639	0.0195	0.0189	0.0006	0.1143	0.0511	0.0632	0.0000	0.0000	0.0000	0.0000	0.0000	0.0000	0.0000	0.0000	0.0000	7.4046	0.0016	15.5120	0.0056	0.0058	0.0000	8.6688	0.0000	15.6677		
34	43	0.0408	3	2	2	2	0	0	0	0	0	Y	Y	Y	N	N	N	N	N	N	N	N	N	0.0829	0.0580	0.0000	0.2306	0.2297	0.0000	0.0000	0.0000	0.0000	0.0116	0.0132	0.0000	0.1637	0.1684	0.0000	0.0000	0.0000	0.0000	0.1403	0.2281	0.0441	0.7098	0.7333	0.0138	0.0431	0.0415	0.0444	0.0000	0.1765	-0.0010	-0.0127	3.0034	10.0000	4.0042	13.0000	0.0022	0.0022	0.0000	0.0022	0.0022	0.0000	0.0000	0.0000	0.0000	0.0213	0.0181	0.0032	0.0157	0.0157	0.0000	0.0056	0.0024	0.0032	0.1883	0.1655	0.0228	0.0134	0.0130	0.0004	0.1749	0.1525	0.0224	0.1515	0.0792	0.0723	0.0221	0.0214	0.0007	0.1294	0.0578	0.0716	0.0829	0.0580	0.0000	0.2306	0.2297	0.0000	0.0000	0.0000	0.0000	0.1403	0.2281	0.0441	0.7098	0.7333	0.0138	0.0431	0.0415	0.0444
34	44	0.0408	3	1	2	1	0	0	0	0	0	N	Y	N	N	N	N	N	N	N	N	N	N	14.4940	0.0000	inf	0.0000	0.0000	inf	inf	0.0062	0.0000	0.0513	0.0000	0.0000	0.0000	0.0067	0.0000	0.0521	0.0004	0.0008	0.0000	0.0029	0.0030	0.0000	0.0000	0.0000	0.0000	inf	0.0000	0.0005	-0.0000	3.0034	8.0000	4.0042	13.0000	0.0009	0.0000	0.0009	0.0000	0.0000	0.0000	0.0009	0.0000	0.0009	0.0001	0.0001	0.0000	0.0001	0.0001	0.0000	0.0000	0.0000	0.0000	0.1526	0.1340	0.0185	0.0108	0.0105	0.0003	0.1418	0.1235	0.0182	0.1397	0.0730	0.0667	0.0204	0.0197	0.0007	0.1193	0.0533	0.0660	14.4940	0.0000	inf	0.0000	0.0000	0.0000	inf	0.0000	inf	0.0004	0.0008	0.0000	0.0029	0.0030	0.0000	0.0000	0.0000	0.0000		
34	45	0.0408	3	1	2	1	0	0	0	0	0	N	Y	N	N	N	N	N	N	N	N	N	N	0.0000	0.0000	0.0000	0.0000	0.0000	0.0000	0.0000	0.0000	0.0000	0.0000	0.0000	0.0000	0.0000	0.0001	0.0001	0.0000	0.0005	0.0005	0.0000	0.0000	0.0000	0.0000	0.0000	0.0000	-0.0000	3.0034	10.0000	4.0042	12.0000	0.0000	0.0000	0.0000	0.0000	0.0000	0.0000	0.0000	0.0000	0.0000	0.0000	0.0000	0.0000	0.0000	0.0000	0.0000	0.0000	0.0000	0.0000	0.1886	0.1657	0.0228	0.0134	0.0130	0.0004	0.1752	0.1527	0.0225	0.1457	0.0762	0.0695	0.0213	0.0206	0.0007	0.1245	0.0556	0.0688	0.0000	0.0000	0.0000	0.0000	0.0000	0.0000	0.0000	0.0000	0.0000	0.0001	0.0001	0.0000	0.0005	0.0005	0.0000	0.0000	0.0000	0.0000						
34	46	0.0284	2	2	1	2	0	0	0	0	0	Y	N	Y	N	N	N	N	N	N	N	N	N	0.0000	0.0000	0.0000	0.0000	0.0000	0.0000	0.0000	0.0000	0.0000	0.0000	0.0000	0.0000	0.0000	0.0000	0.0000	0.0000	0.0000	33.3855	0.3910	256.8109	0.8723	0.8720	0.9133	39.3506	0.0000	257.3904	140.6491	0.0000	0.4767	3.0034	1.8806	4.0042	4.9930	0.0000	0.0000	0.0000	0.0000	0.0000	0.0000	0.0000	0.0000	0.0000	1.9520	0.0138	1.9382	0.0139	0.0138	0.0001	1.9381	0.0000	1.9381	0.0354	0.0315	0.0039	0.0035	0.0035	0.0000	0.0319	0.0280	0.0039	0.0652	0.0352	0.0299	0.0159	0.0158	0.0001	0.0493	0.0194	0.0298	0.0000	0.0000	0.0000	0.0000	0.0000	0.0000	0.0000	0.0000	0.0000	29.9527	0.3910	64.7618	0.8723	0.8720	0.9133	39.3506	0.0000	65.0036		
34	48	0.0408	3	1	2	1	1	0	0	0	0	N	Y	N	N	N	N	N	N	N	N	N	N	99.1199	58.9826	202.9121	201.8065	0.0106	0.0121	0.0000	0.1492	0.1535	0.0000	0.0000	0.0000	0.0000	0.0001	0.0002	0.0000	0.0007	0.0008	0.0000	0.0000	0.0000	0.0000	0.0000	0.0000	-0.0010	-0.0000	3.0034	11.0000	4.0042	18.0000	0.0022	0.0022	0.0000	0.0022	0.0022	0.0000	0.0000	0.0000	0.0000	0.0000	0.0000	0.0000	0.0000	0.0000	0.0000	0.0000	0.0000	0.0000	0.2063	0.1813	0.0250	0.0147	0.0143	0.0004	0.1916	0.1671	0.0246	0.1868	0.0977	0.0891	0.0272	0.0263	0.0009	0.1596	0.0714	0.0882	99.1199	58.9826	0.0000	202.9121	201.8065	0.0000	0.0000	0.0000	0.0000	0.0001	0.0002	0.0000	0.0007	0.0008	0.0000	0.0000	0.0000	0.0000					
34	49	0.0408	3	1	2	1	0	0	0	0	0	N	Y	N	N	N	N	N	N	N	N	N	N	0.0000	0.0000	0.0000	0.0000	0.0000	0.0000	0.0000	0.0000	0.0000	0.0000	0.0000	0.0000	0.0000	0.0000	0.0000	0.0000	0.0000	0.0000	0.0000	0.0000	3.0034	6.0000	4.0042	11.0000	0.0000	0.0000	0.0000	0.0000	0.0000	0.0000	0.0000	0.0000	0.0000	0.0000	0.0000	0.0000	0.0000	0.0000	0.0000	0.0000	0.0000	0.0000	0.1157	0.1016	0.0141	0.0082	0.0079	0.0002	0.1075	0.0937	0.0139	0.1149	0.0601	0.0549	0.0168	0.0162	0.0005	0.0981	0.0438	0.0543	0.0000	0.0000	0.0000	0.0000	0.0000	0.0000	0.0000	0.0000	0.0000	0.0000	0.0000	0.0000	0.0000	0.0000	0.0000	0.0000	0.0000	0.0000											
34	51	0.0679	4	1	2	1	1	0	0	0	0	N	Y	N	N	N	N	N	N	N	N	N	N	0.0149	0.0000	4.7870	0.0171	0.0000	1274.0874	0.0000	0.0000	0.0000	0.0000	0.0001	0.0000	0.0000	0.0021	0.0000	0.0000	0.0000	0.0005	0.0006	0.0000	0.0009	0.0009	0.0000	0.0000	0.0000	0.0000	inf	0.0093	0.0000	-0.0000	3.0034	0.9739	4.0042	0.0244	0.0000	0.0000	0.0000	0.0000	0.0000	0.0000	0.0000	0.0000	0.0000	0.0001	0.0001	0.0000	0.0001	0.0001	0.0000	0.0000	0.0000	0.0000	0.1165	0.1087	0.0078	0.0526	0.0522	0.0004	0.0640	0.0565	0.0074	0.1167	0.0936	0.0231	0.0599	0.0576	0.0023	0.0568	0.0360	0.0209	0.0149	0.0000	4.7870	0.0171	0.0000	1274.0874	0.0000	0.0000	0.0000	0.0005	0.0006	0.0000	0.0009	0.0009	0.0000	0.0000	0.0000	0.0000	
34	52	0.0408	3	1	2	1	1	0	0	0	0	N	Y	N	N	N	N	N	N	N	N	N	N	0.0016	0.0163	0.0000	0.0071	0.0299	0.0000	0.0014	0.0139	0.0000	0.0001	0.0001	0.0000	0.0001	0.0001	0.0000	0.0001	0.0001	0.0000	0.0366	0.0040	0.0723	0.0084	0.0021	0.1972	0.0414	0.0047	0.0710	0.0000	16.5400	-0.0000	0.0009	3.0034	10.0170	4.0042	8.1377	0.0000	0.0000	0.0000	0.0000	0.0000	0.0000	0.0000	0.0000	0.0000	0.0045	0.0003	0.0042	0.0001	0.0000	0.0001	0.0043	0.0002	0.0041	0.1889	0.1660	0.0229	0.0134	0.0130	0.0004	0.1755	0.1530	0.0225	0.1222	0.0638	0.0583	0.0178	0.0173	0.0006	0.1043	0.0466	0.0577	0.0016	0.0163	0.0000	0.0071	0.0299	0.0000	0.0014	0.0139	0.0000	0.0366	0.0040	0.0723	0.0084	0.0021	0.1972	0.0414	0.0047	0.0710
34	53	0.0759	4	2	2	1	0	0	0	0	0	Y	Y	N	N	N	N	N	N	N	N	N	N	0.0000	0.0000	0.0000	0.0000	0.0000	0.0000	0.0000	0.0000	0.0000	0.0000	0.0000	0.0000	0.0000	0.0000	0.0000	0.0000	0.0000	0.0000	0.0005	0.0000	0.0013	0.0000	0.0000	0.0000	0.0008	0.0000	0.0015	219.0578	0.0000	0.0000	3.0034	1.0294	4.0042	5.0054	0.0000	0.0000	0.0000	0.0000	0.0000	0.0000	0.0000	0.0000	0.0000	0.0000	0.0000	0.0000	0.0000	0.0000	0.0000	0.0000	0.0000	0.0000	0.0416	0.0371	0.0045	0.0154	0.0151	0.0003	0.0262	0.0220	0.0042	0.0831	0.0532	0.0299	0.0329	0.0288	0.0041	0.0502	0.0244	0.0258	0.0000	0.0000	0.0000	0.0000	0.0000	0.0000	0.0000	0.0000	0.0000	0.0005	0.0000	0.0013	0.0000	0.0000	0.0000	0.0008	0.0000	0.0015	
34	54	0.0408	3	2	2	1	0	0	0	0	0	Y	Y	N	N	N	N	N	N	N	N	N	N	0.0000	0.0000	0.0000	0.0000	0.0000	0.0000	0.0000	0.0000	0.0000	0.0000	0.0000	0.0000	0.0000	0.0000	0.0000	0.0000	0.0000	0.0000	5.8949	11.1561	0.1313	0.0122	0.0034	0.2744	6.8994	15.2781	0.1298	0.0107	0.0000	-0.6386	3.0034	7.2033	4.0042	14.9709	0.0000	0.0000	0.0000	0.0000	0.0000	0.0000	0.0000	0.0000	0.0000	0.8652	0.8560	0.0092	0.0003	0.0001	0.0002	0.8649	0.8559	0.0090	0.1380	0.1212	0.0168	0.0098	0.0095	0.0003	0.1282	0.1117	0.0165	0.1468	0.0767	0.0700	0.0214	0.0207	0.0007	0.1254	0.0560	0.0693	0.0000	0.0000	0.0000	0.0000	0.0000	0.0000	0.0000	0.0000	0.0000	5.8949	11.1561	0.1313	0.0122	0.0034	0.2744	6.8994	15.2781	0.1298	
34	58	0.2348	6	1	1	1	0	0	0	0	0	N	N	N	N	N	N	N	N	N	N	N	N	0.1866	0.1485	0.0004	0.2776	0.2637	0.0081	0.0000	0.0075	0.0000	0.0125	0.0139	0.0000	0.0355	0.0367	0.0000	0.0000	0.0000	0.0000	0.0671	0.0938	0.0111	0.1279	0.1393	0.0042	0.0068	0.0000	0.0121	0.0000	0.0564	-0.0033	-0.0344	3.0034	16.5869	4.0042	24.5040	0.0072	0.0072	0.0000	0.0072	0.0072	0.0000	0.0000	0.0000	0.0000	0.0494	0.0468	0.0026	0.0469	0.0468	0.0001	0.0025	0.0000	0.0025	0.5723	0.5142	0.0581	0.2017	0.1948	0.0069	0.3706	0.3193	0.0512	0.7372	0.4989	0.2382	0.3669	0.3358	0.0311	0.3703	0.1632	0.2072	0.1866	0.1485	0.0004	0.2776	0.2637	0.0081	0.0000	0.0075	0.0000	0.0671	0.0938	0.0111	0.1279	0.1393	0.0042	0.0068	0.0000	0.0121
35	37	0.0594	4	2	2	1	0	0	0	0	0	Y	Y	N	N	N	N	N	N	N	N	N	N	0.0000	0.0000	0.2300	0.0000	0.0000	1.5451	0.0000	0.0000	0.1402	0.0000	0.0000	0.0001	0.0000	0.0000	0.0001	0.0000	0.0000	0.0001	0.6937	1.0523	0.0003	0.0651	0.0907	0.0001	1.4874	2.5374	0.0005	inf	0.0001	0.0000	-0.2100	4.4649	5.8118	3.5311	10.8965	0.0000	0.0000	0.0000	0.0000	0.0000	0.0000	0.0000	0.0000	0.0000	0.2805	0.2805	0.0000	0.0147	0.0147	0.0000	0.2658	0.2658	0.0000	0.1645	0.1442	0.0203	0.0126	0.0122	0.0003	0.1519	0.1319	0.0200	0.4044	0.2665	0.1378	0.2257	0.1618	0.0639	0.1787	0.1048	0.0740	0.0000	0.0000	0.2300	0.0000	0.0000	1.5451	0.0000	0.0000	0.1402	0.6937	1.0523	0.0003	0.0651	0.0907	0.0001	1.4874	2.5374	0.0005
35	38	0.0385	3	2	2	1	0	0	0	0	0	Y	Y	N	N	N	N	N	N	N	N	N	N	0.0036	0.0000	0.3368	0.0001	0.0001	0.0000	0.0033	0.0000	0.3427	0.0065	0.0000	0.0523	0.0000	0.0000	0.0000	0.0069	0.0000	0.0531	1.8292	3.3783	0.1552	0.1542	0.1538	0.1665	2.1008	4.5082	0.1550	10955.4965	0.0425	0.0005	-0.1347	4.4649	5.2458	3.5311	8.3786	0.0009	0.0000	0.0009	0.0000	0.0000	0.0000	0.0009	0.0000	0.0009	0.1903	0.1826	0.0078	0.0022	0.0022	0.0001	0.1881	0.1804	0.0077	0.1459	0.1277	0.0182	0.0087	0.0084	0.0003	0.1372	0.1193	0.0179	0.1040	0.0540	0.0500	0.0145	0.0140	0.0005	0.0895	0.0400	0.0495	0.0036	0.0000	0.3368	0.0001	0.0001	0.0000	0.0033	0.0000	0.3427	1.8292	3.3783	0.1552	0.1542	0.1538	0.1665	2.1008	4.5082	0.1550
35	39	0.0490	4	1	2	1	0	0	0	0	0	N	Y	N	N	N	N	N	N	N	N	N	N	0.0000	0.0000	0.0002	0.0002	0.0000	11.1787	0.0000	0.0000	0.0000	0.0000	0.0000	0.0000	0.0000	0.0000	0.0001	0.0000	0.0000	0.0000	0.0042	0.0049	0.0034	0.0139	0.0145	0.0000	0.0020	0.0000	0.0035	inf	0.6475	0.0000	-0.0001	4.4649	6.9653	3.5311	2.9126	0.0000	0.0000	0.0000	0.0000	0.0000	0.0000	0.0000	0.0000	0.0000	0.0004	0.0002	0.0001	0.0002	0.0002	0.0000	0.0001	0.0000	0.0001	0.1915	0.1673	0.0241	0.0073	0.0071	0.0002	0.1842	0.1602	0.0240	0.0906	0.0470	0.0436	0.0166	0.0159	0.0007	0.0740	0.0311	0.0429	0.0000	0.0000	0.0002	0.0002	0.0000	11.1787	0.0000	0.0000	0.0000	0.0042	0.0049	0.0034	0.0139	0.0145	0.0000	0.0020	0.0000	0.0035
35	40	0.0385	3	1	2	1	0	0	0	0	0	N	Y	N	N	N	N	N	N	N	N	N	N	0.0000	0.0001	0.0000	0.0002	0.0002	0.0000	0.0000	0.0000	0.0000	0.0000	0.0000	0.0000	0.0000	0.0000	0.0000	0.0000	0.0000	0.0000	0.0482	0.0027	0.0973	0.0105	0.0101	0.0208	0.0543	0.0001	0.0981	0.0000	33.4956	-0.0000	0.0007	4.4649	4.0410	3.5311	4.5605	0.0000	0.0000	0.0000	0.0000	0.0000	0.0000	0.0000	0.0000	0.0000	0.0032	0.0001	0.0031	0.0001	0.0001	0.0000	0.0031	0.0000	0.0031	0.1132	0.0991	0.0141	0.0068	0.0065	0.0002	0.1064	0.0925	0.0139	0.0671	0.0348	0.0323	0.0094	0.0091	0.0003	0.0577	0.0258	0.0319	0.0000	0.0001	0.0000	0.0002	0.0002	0.0000	0.0000	0.0000	0.0000	0.0482	0.0027	0.0973	0.0105	0.0101	0.0208	0.0543	0.0001	0.0981
35	41	0.0694	4	1	1	2	0	0	0	0	0	N	N	Y	N	N	N	N	N	N	N	N	N	0.0000	0.0000	0.0000	0.0000	0.0000	0.0000	0.0000	0.0000	0.0000	0.0000	0.0000	0.0000	0.0000	0.0000	0.0001	0.0002	0.0000	0.0005	0.0005	0.0000	0.0000	0.0000	0.0000	0.0003	0.0000	-0.0000	4.4649	4.0003	3.5311	0.0531	0.0000	0.0000	0.0000	0.0000	0.0000	0.0000	0.0000	0.0000	0.0000	0.0000	0.0000	0.0000	0.0000	0.0000	0.0000	0.0000	0.0000	0.0000	0.1075	0.0948	0.0127	0.0202	0.0193	0.0009	0.0874	0.0756	0.0118	0.0280	0.0155	0.0125	0.0056	0.0053	0.0003	0.0225	0.0102	0.0123	0.0000	0.0000	0.0000	0.0000	0.0000	0.0000	0.0000	0.0000	0.0000	0.0001	0.0002	0.0000	0.0005	0.0005	0.0000	0.0000	0.0000	0.0000					
35	42	0.0385	3	1	1	1	0	0	0	0	0	N	N	N	N	N	N	N	N	N	N	N	N	0.0000	0.0000	0.0000	0.0000	0.0000	0.0000	0.0000	0.0000	0.0000	0.0000	0.0000	0.0000	0.0000	0.0000	0.0000	0.0000	0.0000	0.0632	0.1216	0.0000	0.4539	0.4701	0.0000	0.0000	0.0000	0.0000	0.0000	0.0000	-0.0071	4.4649	8.9997	3.5311	11.0444	0.0000	0.0000	0.0000	0.0000	0.0000	0.0000	0.0000	0.0000	0.0000	0.0094	0.0094	0.0000	0.0094	0.0094	0.0000	0.0000	0.0000	0.0000	0.2449	0.2146	0.0304	0.0147	0.0142	0.0005	0.2303	0.2004	0.0299	0.1491	0.0775	0.0716	0.0207	0.0200	0.0007	0.1283	0.0574	0.0709	0.0000	0.0000	0.0000	0.0000	0.0000	0.0000	0.0000	0.0000	0.0000	0.0632	0.1216	0.0000	0.4539	0.4701	0.0000	0.0000	0.0000	0.0000		
35	43	0.0385	3	2	2	2	0	0	0	0	0	Y	Y	Y	N	N	N	N	N	N	N	N	N	1.2589	0.0022	3.1829	0.0732	0.0302	1.4828	1.1541	0.0000	3.3131	7.3933	0.0001	59.6873	0.0031	0.0013	0.0546	7.8644	0.0000	60.6828	5.8726	0.0383	18.7524	0.0422	0.0424	0.0368	6.8145	0.0369	18.3160	99891.0000	293.9256	1.0705	0.2456	4.4649	10.0000	3.5311	13.0000	1.9978	0.0000	1.9978	0.0001	0.0000	0.0000	1.9978	0.0000	1.9978	0.9909	0.0034	0.9876	0.0010	0.0010	0.0000	0.9900	0.0024	0.9876	0.2702	0.2368	0.0335	0.0162	0.0156	0.0005	0.2540	0.2211	0.0329	0.1687	0.0877	0.0810	0.0235	0.0227	0.0008	0.1453	0.0650	0.0802	1.2589	0.0022	4.8981	0.0732	0.0302	1.4828	1.1541	0.0000	4.9298	5.8726	0.0383	12.1859	0.0422	0.0424	0.0368	6.8145	0.0369	12.3093
35	44	0.0385	3	1	2	1	0	0	0	0	0	N	Y	N	N	N	N	N	N	N	N	N	N	0.8332	0.0000	inf	0.0000	0.0000	inf	inf	0.0043	0.0000	0.0350	0.0000	0.0000	0.0000	0.0046	0.0000	0.0355	0.0052	0.0100	0.0000	0.0374	0.0388	0.0000	0.0000	0.0000	0.0000	inf	0.0000	0.0005	-0.0006	4.4649	8.0000	3.5311	13.0000	0.0009	0.0000	0.0009	0.0000	0.0000	0.0000	0.0009	0.0000	0.0009	0.0008	0.0008	0.0000	0.0008	0.0008	0.0000	0.0000	0.0000	0.0000	0.2190	0.1918	0.0272	0.0131	0.0127	0.0004	0.2059	0.1791	0.0267	0.1556	0.0808	0.0747	0.0216	0.0209	0.0007	0.1339	0.0599	0.0740	0.8332	0.0000	inf	0.0000	0.0000	0.0000	inf	0.0000	inf	0.0052	0.0100	0.0000	0.0374	0.0388	0.0000	0.0000	0.0000	0.0000		
35	45	0.0385	3	1	2	1	0	0	0	0	0	N	Y	N	N	N	N	N	N	N	N	N	N	0.0000	0.0000	0.0000	0.0000	0.0000	0.0000	0.0000	0.0000	0.0000	0.0000	0.0000	0.0000	0.0000	0.0001	0.0001	0.0000	0.0004	0.0005	0.0000	0.0000	0.0000	0.0000	0.0000	0.0000	-0.0000	4.4649	10.0000	3.5311	12.0000	0.0000	0.0000	0.0000	0.0000	0.0000	0.0000	0.0000	0.0000	0.0000	0.0000	0.0000	0.0000	0.0000	0.0000	0.0000	0.0000	0.0000	0.0000	0.2706	0.2371	0.0335	0.0162	0.0157	0.0006	0.2544	0.2214	0.0330	0.1623	0.0843	0.0780	0.0226	0.0218	0.0008	0.1397	0.0625	0.0772	0.0000	0.0000	0.0000	0.0000	0.0000	0.0000	0.0000	0.0000	0.0000	0.0001	0.0001	0.0000	0.0004	0.0005	0.0000	0.0000	0.0000	0.0000						
35	46	0.0261	2	2	1	2	0	0	0	0	0	Y	N	Y	N	N	N	N	N	N	N	N	N	0.0000	0.0000	0.0000	0.0000	0.0000	0.0000	0.0000	0.0000	0.0000	0.0000	0.0000	0.0000	0.0000	0.0000	0.0000	0.0000	0.0000	14.2847	1.1265	96.3560	2.5690	2.5815	0.7833	17.9252	0.0000	101.6030	22.5052	0.0000	0.2144	4.4649	1.8806	3.5311	4.9930	0.0000	0.0000	0.0000	0.0000	0.0000	0.0000	0.0000	0.0000	0.0000	1.0274	0.0437	0.9837	0.0438	0.0437	0.0001	0.9836	0.0000	0.9836	0.0508	0.0450	0.0058	0.0046	0.0045	0.0000	0.0463	0.0405	0.0057	0.0719	0.0388	0.0331	0.0171	0.0169	0.0001	0.0549	0.0219	0.0330	0.0000	0.0000	0.0000	0.0000	0.0000	0.0000	0.0000	0.0000	0.0000	14.2847	1.1265	29.6996	2.5690	2.5815	0.7833	17.9252	0.0000	29.8039		
35	48	0.0385	3	1	2	1	1	0	0	0	0	N	Y	N	N	N	N	N	N	N	N	N	N	5012.7672	1487.5829	inf	0.2323	0.1160	inf	inf	inf	inf	6.7484	3.8520	27.2598	0.0023	0.0012	0.0333	7.1788	4.1246	27.7137	0.0013	0.0026	0.0000	0.0097	0.0101	0.0000	0.0000	0.0000	0.0000	0.9993	0.0000	0.0712	-0.0002	4.4649	11.0000	3.5311	18.0000	1.9978	0.9993	0.9986	0.0000	0.0000	0.0000	1.9978	0.9992	0.9986	0.0003	0.0003	0.0000	0.0003	0.0003	0.0000	0.0000	0.0000	0.0000	0.2960	0.2594	0.0366	0.0178	0.0172	0.0006	0.2783	0.2423	0.0360	0.2080	0.1081	0.0999	0.0289	0.0279	0.0010	0.1791	0.0803	0.0988	5012.7672	1487.5829	inf	0.2323	0.1160	inf	inf	inf	inf	0.0013	0.0026	0.0000	0.0097	0.0101	0.0000	0.0000	0.0000	0.0000
35	49	0.0385	3	1	2	1	0	0	0	0	0	N	Y	N	N	N	N	N	N	N	N	N	N	0.0000	0.0000	0.0000	0.0000	0.0000	0.0000	0.0000	0.0000	0.0000	0.0000	0.0000	0.0000	0.0000	0.0000	0.0000	0.0000	0.0000	0.0000	0.0000	0.0000	4.4649	6.0000	3.5311	11.0000	0.0000	0.0000	0.0000	0.0000	0.0000	0.0000	0.0000	0.0000	0.0000	0.0000	0.0000	0.0000	0.0000	0.0000	0.0000	0.0000	0.0000	0.0000	0.1661	0.1455	0.0207	0.0099	0.0096	0.0003	0.1562	0.1359	0.0203	0.1280	0.0665	0.0615	0.0178	0.0172	0.0006	0.1102	0.0493	0.0609	0.0000	0.0000	0.0000	0.0000	0.0000	0.0000	0.0000	0.0000	0.0000	0.0000	0.0000	0.0000	0.0000	0.0000	0.0000	0.0000	0.0000	0.0000											
35	51	0.0656	4	1	2	1	1	0	0	0	0	N	Y	N	N	N	N	N	N	N	N	N	N	9.6281	8.2933	0.0000	10.9554	10.6222	0.0000	0.0000	0.0000	0.0061	0.0065	0.0000	0.0135	0.0136	0.0000	0.0000	0.0000	0.0000	0.0006	0.0008	0.0000	0.0012	0.0013	0.0000	0.0000	0.0000	0.0000	0.0000	0.0003	-0.0005	-0.0001	4.4649	0.9739	3.5311	0.0244	0.0010	0.0010	0.0000	0.0010	0.0010	0.0000	0.0000	0.0000	0.0000	0.0001	0.0001	0.0000	0.0001	0.0001	0.0000	0.0000	0.0000	0.0000	0.1710	0.1595	0.0115	0.0771	0.0766	0.0006	0.0939	0.0830	0.0109	0.1315	0.1056	0.0259	0.0674	0.0649	0.0025	0.0640	0.0407	0.0233	9.6281	8.2933	0.0000	10.9554	10.6222	0.0000	0.0000	0.0000	0.0000	0.0006	0.0008	0.0000	0.0012	0.0013	0.0000	0.0000	0.0000	0.0000	
35	52	0.0385	3	1	2	1	1	0	0	0	0	N	Y	N	N	N	N	N	N	N	N	N	N	0.1747	0.7535	0.0000	0.0158	0.0221	0.0000	0.1834	1.9274	0.0000	0.0039	0.0044	0.0000	0.0003	0.0003	0.0000	0.0041	0.0047	0.0000	0.0223	0.0059	0.0400	0.0212	0.0157	0.1755	0.0224	0.0025	0.0386	0.0000	6.2746	-0.0005	0.0003	4.4649	10.0170	3.5311	8.1377	0.0011	0.0011	0.0000	0.0000	0.0000	0.0000	0.0010	0.0010	0.0000	0.0030	0.0004	0.0026	0.0004	0.0003	0.0001	0.0026	0.0001	0.0025	0.2711	0.2375	0.0336	0.0162	0.0157	0.0006	0.2548	0.2218	0.0330	0.1361	0.0707	0.0654	0.0190	0.0183	0.0006	0.1171	0.0524	0.0647	0.1747	0.7535	0.0000	0.0158	0.0221	0.0000	0.1834	1.9274	0.0000	0.0223	0.0059	0.0400	0.0212	0.0157	0.1755	0.0224	0.0025	0.0386
35	53	0.0736	4	2	2	1	0	0	0	0	0	Y	Y	N	N	N	N	N	N	N	N	N	N	0.0000	0.0000	0.0000	0.0000	0.0000	0.0000	0.0000	0.0000	0.0000	0.0000	0.0000	0.0000	0.0000	0.0000	0.0000	0.0000	0.0000	0.0000	0.0004	0.0000	0.0012	0.0000	0.0000	0.0000	0.0007	0.0000	0.0013	219.0572	0.0000	0.0000	4.4649	1.0294	3.5311	5.0054	0.0000	0.0000	0.0000	0.0000	0.0000	0.0000	0.0000	0.0000	0.0000	0.0000	0.0000	0.0000	0.0000	0.0000	0.0000	0.0000	0.0000	0.0000	0.0613	0.0547	0.0066	0.0227	0.0223	0.0004	0.0386	0.0325	0.0062	0.0916	0.0584	0.0332	0.0355	0.0313	0.0042	0.0561	0.0272	0.0289	0.0000	0.0000	0.0000	0.0000	0.0000	0.0000	0.0000	0.0000	0.0000	0.0004	0.0000	0.0012	0.0000	0.0000	0.0000	0.0007	0.0000	0.0013	
35	54	0.0385	3	2	2	1	0	0	0	0	0	Y	Y	N	N	N	N	N	N	N	N	N	N	0.0002	0.0002	0.0000	0.0006	0.0006	0.0000	0.0000	0.0000	0.0000	0.0000	0.0001	0.0000	0.0007	0.0008	0.0000	0.0000	0.0000	0.0000	0.2046	0.3113	0.0891	1.1699	1.2032	0.2437	0.0486	0.0006	0.0875	0.0000	0.2644	-0.0000	-0.0180	4.4649	7.2033	3.5311	14.9709	0.0000	0.0000	0.0000	0.0000	0.0000	0.0000	0.0000	0.0000	0.0000	0.0334	0.0264	0.0070	0.0266	0.0264	0.0002	0.0068	0.0000	0.0068	0.1981	0.1735	0.0246	0.0118	0.0114	0.0004	0.1862	0.1620	0.0242	0.1635	0.0850	0.0785	0.0227	0.0220	0.0008	0.1407	0.0630	0.0777	0.0002	0.0002	0.0000	0.0006	0.0006	0.0000	0.0000	0.0000	0.0000	0.2046	0.3113	0.0891	1.1699	1.2032	0.2437	0.0486	0.0006	0.0875
35	58	0.2325	6	1	1	1	0	0	0	0	0	N	N	N	N	N	N	N	N	N	N	N	N	34.4893	28.8674	0.0016	0.0844	0.0802	0.0693	275.9517	1321146.0306	0.0000	1.1261	1.2531	0.0000	0.0050	0.0052	0.0001	1.7365	2.0146	0.0000	0.0327	0.0434	0.0101	0.0594	0.0647	0.0020	0.0063	0.0000	0.0113	0.0000	0.1107	-0.4405	-0.0175	4.4649	16.5869	3.5311	24.5040	0.9490	0.9490	0.0000	0.0015	0.0015	0.0000	0.9475	0.9475	0.0000	0.0269	0.0242	0.0027	0.0243	0.0242	0.0001	0.0026	0.0000	0.0026	0.8427	0.7573	0.0854	0.2971	0.2870	0.0101	0.5456	0.4703	0.0753	0.8236	0.5577	0.2658	0.4086	0.3744	0.0342	0.4149	0.1833	0.2317	34.4893	28.8674	0.0016	0.0844	0.0802	0.0693	275.9517	1321146.0306	0.0000	0.0327	0.0434	0.0101	0.0594	0.0647	0.0020	0.0063	0.0000	0.0113
36	37	0.0476	3	2	2	1	0	0	0	0	0	Y	Y	N	N	N	N	N	N	N	N	N	N	0.0136	0.0000	11.6094	0.0001	0.0000	0.0000	0.0075	0.0000	7.0674	0.0215	0.0000	0.1954	0.0000	0.0000	0.0000	0.0250	0.0000	0.1999	1.5792	2.3909	0.0168	0.1542	0.2114	0.0025	3.3448	5.8057	0.0283	15112.6501	0.0037	0.0007	-0.4452	1.6626	5.8118	6.4813	10.8965	0.0013	0.0000	0.0013	0.0000	0.0000	0.0000	0.0013	0.0000	0.0013	0.5975	0.5954	0.0022	0.0323	0.0321	0.0001	0.5653	0.5632	0.0020	0.0610	0.0543	0.0067	0.0087	0.0085	0.0002	0.0523	0.0457	0.0065	0.3784	0.2490	0.1294	0.2094	0.1520	0.0574	0.1690	0.0970	0.0720	0.0136	0.0000	11.6094	0.0001	0.0000	0.0000	0.0075	0.0000	7.0674	1.5792	2.3909	0.0168	0.1542	0.2114	0.0025	3.3448	5.8057	0.0283
36	38	0.0267	2	2	2	1	0	0	0	0	0	Y	Y	N	N	N	N	N	N	N	N	N	N	4.5487	0.0000	346.6386	0.0000	0.0000	0.0000	4.4344	0.0000	351.5044	19.4136	0.0000	166.2457	0.0000	0.0000	0.0000	21.5084	0.0000	168.7128	4.2679	7.9310	0.4796	0.1029	0.0998	0.3539	4.8503	10.3820	0.4800	24514282.5975	0.0585	0.5346	-0.2795	1.6626	5.2458	6.4813	8.3786	0.9977	0.0000	0.9977	0.0000	0.0000	0.0000	0.9977	0.0000	0.9977	0.4031	0.3808	0.0223	0.0012	0.0011	0.0000	0.4019	0.3797	0.0222	0.0514	0.0454	0.0060	0.0050	0.0049	0.0001	0.0464	0.0405	0.0059	0.0944	0.0480	0.0464	0.0116	0.0114	0.0001	0.0829	0.0366	0.0463	4.5487	0.0000	346.6386	0.0000	0.0000	0.0000	4.4344	0.0000	351.5044	4.2679	7.9310	0.4796	0.1029	0.0998	0.3539	4.8503	10.3820	0.4800
36	39	0.0373	3	1	2	1	0	0	0	0	0	N	Y	N	N	N	N	N	N	N	N	N	N	0.0000	0.0000	0.0000	0.0000	0.0000	0.0000	0.0000	0.0000	0.0000	0.0000	0.0000	0.0000	0.0000	0.0000	0.0000	0.0000	0.0000	0.0000	0.1038	0.1929	0.0018	0.4169	0.4258	0.0147	0.0015	0.0014	0.0016	0.0000	0.0079	-0.0000	-0.0075	1.6626	6.9653	6.4813	2.9126	0.0000	0.0000	0.0000	0.0000	0.0000	0.0000	0.0000	0.0000	0.0000	0.0102	0.0101	0.0001	0.0101	0.0101	0.0000	0.0001	0.0000	0.0001	0.0671	0.0591	0.0080	0.0048	0.0048	0.0000	0.0622	0.0543	0.0079	0.0980	0.0523	0.0457	0.0241	0.0236	0.0005	0.0739	0.0287	0.0451	0.0000	0.0000	0.0000	0.0000	0.0000	0.0000	0.0000	0.0000	0.0000	0.1038	0.1929	0.0018	0.4169	0.4258	0.0147	0.0015	0.0014	0.0016
36	40	0.0267	2	1	2	1	0	0	0	0	0	N	Y	N	N	N	N	N	N	N	N	N	N	0.0000	0.0000	0.0000	0.0000	0.0000	0.0000	0.0000	0.0000	0.0000	0.0000	0.0000	0.0000	0.0000	0.0000	0.0000	0.0000	0.0000	0.0000	0.1667	0.0113	0.3269	0.0099	0.0091	0.0739	0.1884	0.0120	0.3276	0.0128	27.9826	-0.0000	0.0022	1.6626	4.0410	6.4813	4.5605	0.0000	0.0000	0.0000	0.0000	0.0000	0.0000	0.0000	0.0000	0.0000	0.0101	0.0004	0.0098	0.0001	0.0001	0.0000	0.0101	0.0003	0.0098	0.0399	0.0352	0.0047	0.0039	0.0038	0.0001	0.0360	0.0314	0.0046	0.0609	0.0309	0.0300	0.0074	0.0073	0.0001	0.0535	0.0236	0.0299	0.0000	0.0000	0.0000	0.0000	0.0000	0.0000	0.0000	0.0000	0.0000	0.1667	0.0113	0.3269	0.0099	0.0091	0.0739	0.1884	0.0120	0.3276
36	41	0.0577	3	1	1	2	0	0	0	0	0	N	N	Y	N	N	N	N	N	N	N	N	N	0.0000	0.0000	0.0000	0.0000	0.0000	0.0000	0.0000	0.0000	0.0000	0.0000	0.0000	0.0000	0.0000	0.0000	0.0000	0.0000	0.0000	0.0000	0.0002	0.0003	0.0000	0.0009	0.0010	0.0001	0.0000	0.0000	0.0000	0.0948	0.0000	-0.0000	1.6626	4.0003	6.4813	0.0531	0.0000	0.0000	0.0000	0.0000	0.0000	0.0000	0.0000	0.0000	0.0000	0.0000	0.0000	0.0000	0.0000	0.0000	0.0000	0.0000	0.0000	0.0000	0.0378	0.0336	0.0041	0.0088	0.0085	0.0003	0.0289	0.0251	0.0038	0.0255	0.0138	0.0118	0.0045	0.0043	0.0002	0.0211	0.0095	0.0116	0.0000	0.0000	0.0000	0.0000	0.0000	0.0000	0.0000	0.0000	0.0000	0.0002	0.0003	0.0000	0.0009	0.0010	0.0001	0.0000	0.0000	0.0000	
36	42	0.0267	2	1	1	1	0	0	0	0	0	N	N	N	N	N	N	N	N	N	N	N	N	0.0000	0.0000	0.0000	0.0000	0.0000	0.0000	0.0000	0.0000	0.0000	0.0000	0.0000	0.0000	0.0000	0.0000	0.0000	0.0000	0.0000	0.0045	0.0022	0.0069	0.0000	0.0000	0.0000	0.0052	0.0029	0.0069	2.9811	0.0000	0.0000	1.6626	8.9997	6.4813	11.0444	0.0000	0.0000	0.0000	0.0000	0.0000	0.0000	0.0000	0.0000	0.0000	0.0006	0.0002	0.0005	0.0000	0.0000	0.0000	0.0006	0.0002	0.0005	0.0862	0.0761	0.0100	0.0084	0.0083	0.0001	0.0777	0.0678	0.0099	0.1353	0.0689	0.0664	0.0168	0.0166	0.0002	0.1186	0.0524	0.0662	0.0000	0.0000	0.0000	0.0000	0.0000	0.0000	0.0000	0.0000	0.0000	0.0045	0.0022	0.0069	0.0000	0.0000	0.0000	0.0052	0.0029	0.0069		
36	43	0.0267	2	2	2	2	0	0	0	0	0	Y	Y	Y	N	N	N	N	N	N	N	N	N	0.0355	0.0153	0.2269	0.0344	0.0130	0.2295	0.0002	0.0001	0.0009	0.0000	0.0000	0.0000	0.0002	0.0001	0.0009	0.0059	0.0078	0.0040	0.0000	0.0000	0.0000	0.0068	0.0103	0.0040	1.0000	0.4918	0.0000	-0.0004	1.6626	10.0000	6.4813	13.0000	0.0000	0.0000	0.0000	0.0000	0.0000	0.0000	0.0000	0.0000	0.0000	0.0009	0.0006	0.0003	0.0000	0.0000	0.0000	0.0009	0.0006	0.0003	0.0950	0.0840	0.0110	0.0093	0.0091	0.0002	0.0857	0.0748	0.0109	0.1532	0.0781	0.0751	0.0190	0.0188	0.0002	0.1342	0.0593	0.0749	0.0355	0.0153	0.2269	0.0000	0.0000	0.0000	0.0344	0.0130	0.2295	0.0059	0.0078	0.0040	0.0000	0.0000	0.0000	0.0068	0.0103	0.0040			
36	44	0.0267	2	1	2	1	0	0	0	0	0	N	Y	N	N	N	N	N	N	N	N	N	N	2261.2218	0.0000	23383.4378	2195.4344	0.0000	23655.4867	12.9664	0.0000	111.3645	0.0000	0.0000	0.0000	14.3707	0.0000	113.0081	0.0057	0.0067	0.0048	0.0000	0.0000	0.0000	0.0065	0.0088	0.0048	inf	0.6875	0.5353	-0.0003	1.6626	8.0000	6.4813	13.0000	0.9990	0.0000	0.9990	0.0000	0.0000	0.0000	0.9990	0.0000	0.9990	0.0008	0.0005	0.0003	0.0000	0.0000	0.0000	0.0008	0.0005	0.0003	0.0770	0.0681	0.0090	0.0075	0.0074	0.0001	0.0695	0.0607	0.0088	0.1413	0.0720	0.0693	0.0175	0.0173	0.0002	0.1237	0.0547	0.0691	2261.2218	0.0000	23383.4378	0.0000	0.0000	0.0000	2195.4344	0.0000	23655.4867	0.0057	0.0067	0.0048	0.0000	0.0000	0.0000	0.0065	0.0088	0.0048			
36	45	0.0267	2	1	2	1	0	0	0	0	0	N	Y	N	N	N	N	N	N	N	N	N	N	0.0000	0.0000	0.0000	0.0000	0.0000	0.0000	0.0000	0.0000	0.0000	0.0000	0.0000	0.0000	0.0000	0.0001	0.0000	0.0001	0.0000	0.0000	0.0000	0.0001	0.0000	0.0001	inf	0.0000	0.0000	1.6626	10.0000	6.4813	12.0000	0.0000	0.0000	0.0000	0.0000	0.0000	0.0000	0.0000	0.0000	0.0000	0.0000	0.0000	0.0000	0.0000	0.0000	0.0000	0.0000	0.0000	0.0000	0.0951	0.0841	0.0111	0.0093	0.0092	0.0002	0.0858	0.0749	0.0109	0.1474	0.0751	0.0723	0.0183	0.0181	0.0002	0.1291	0.0570	0.0721	0.0000	0.0000	0.0000	0.0000	0.0000	0.0000	0.0000	0.0000	0.0000	0.0001	0.0000	0.0001	0.0000	0.0000	0.0000	0.0001	0.0000	0.0001						
36	48	0.0267	2	1	2	1	1	0	0	0	0	N	Y	N	N	N	N	N	N	N	N	N	N	0.0649	0.0000	0.2837	0.0629	0.0000	0.2869	0.0001	0.0000	0.0008	0.0000	0.0000	0.0000	0.0001	0.0000	0.0008	0.0015	0.0001	0.0029	0.0000	0.0000	0.0000	0.0017	0.0001	0.0029	inf	27.0000	0.0000	0.0001	1.6626	11.0000	6.4813	18.0000	0.0000	0.0000	0.0000	0.0000	0.0000	0.0000	0.0000	0.0000	0.0000	0.0003	0.0000	0.0003	0.0000	0.0000	0.0000	0.0003	0.0000	0.0003	0.1040	0.0920	0.0121	0.0102	0.0100	0.0002	0.0938	0.0819	0.0119	0.1890	0.0965	0.0925	0.0237	0.0234	0.0003	0.1653	0.0731	0.0922	0.0649	0.0000	0.2837	0.0000	0.0000	0.0000	0.0629	0.0000	0.2869	0.0015	0.0001	0.0029	0.0000	0.0000	0.0000	0.0017	0.0001	0.0029			
36	49	0.0267	2	1	2	1	0	0	0	0	0	N	Y	N	N	N	N	N	N	N	N	N	N	0.0000	0.0000	0.0000	0.0000	0.0000	0.0000	0.0000	0.0000	0.0000	0.0000	0.0000	0.0000	0.0000	0.0000	0.0000	0.0000	0.0000	0.0000	0.0000	0.0000	1.6626	6.0000	6.4813	11.0000	0.0000	0.0000	0.0000	0.0000	0.0000	0.0000	0.0000	0.0000	0.0000	0.0000	0.0000	0.0000	0.0000	0.0000	0.0000	0.0000	0.0000	0.0000	0.0585	0.0517	0.0068	0.0057	0.0056	0.0001	0.0528	0.0461	0.0067	0.1162	0.0591	0.0571	0.0143	0.0142	0.0002	0.1019	0.0450	0.0569	0.0000	0.0000	0.0000	0.0000	0.0000	0.0000	0.0000	0.0000	0.0000	0.0000	0.0000	0.0000	0.0000	0.0000	0.0000	0.0000	0.0000	0.0000											
36	51	0.0538	3	1	2	1	1	0	0	0	0	N	Y	N	N	N	N	N	N	N	N	N	N	0.0000	0.0000	0.0000	0.0000	0.0000	0.0000	0.0000	0.0000	0.0000	0.0000	0.0000	0.0000	0.0000	0.0000	0.0000	0.0000	0.0000	0.0000	0.0000	0.0000	0.0000	0.0000	0.0000	0.0000	0.0000	0.0667	0.0000	-0.0000	1.6626	0.9739	6.4813	0.0244	0.0000	0.0000	0.0000	0.0000	0.0000	0.0000	0.0000	0.0000	0.0000	0.0000	0.0000	0.0000	0.0000	0.0000	0.0000	0.0000	0.0000	0.0000	0.0644	0.0603	0.0041	0.0296	0.0294	0.0002	0.0349	0.0310	0.0039	0.3663	0.2278	0.1385	0.1895	0.1826	0.0069	0.1768	0.0452	0.1316	0.0000	0.0000	0.0000	0.0000	0.0000	0.0000	0.0000	0.0000	0.0000	0.0000	0.0000	0.0000	0.0000	0.0000	0.0000	0.0000	0.0000	0.0000			
36	52	0.0267	2	1	2	1	1	0	0	0	0	N	Y	N	N	N	N	N	N	N	N	N	N	0.0000	0.0004	0.0000	0.0000	0.0000	0.0000	0.0000	0.0001	0.0000	0.0001	0.0001	0.0000	0.0000	0.0000	0.0000	0.0001	0.0001	0.0000	1.8360	0.1617	3.5721	0.1005	0.0920	0.7869	2.0805	0.8554	3.5807	0.0083	21.3068	-0.0000	0.0468	1.6626	10.0170	6.4813	8.1377	0.0000	0.0000	0.0000	0.0000	0.0000	0.0000	0.0000	0.0000	0.0000	0.2268	0.0102	0.2166	0.0015	0.0014	0.0001	0.2253	0.0088	0.2165	0.0953	0.0842	0.0111	0.0093	0.0092	0.0002	0.0860	0.0751	0.0109	0.1235	0.0629	0.0606	0.0153	0.0151	0.0002	0.1083	0.0478	0.0605	0.0000	0.0004	0.0000	0.0000	0.0000	0.0000	0.0000	0.0004	0.0000	1.8360	0.1617	3.5721	0.1005	0.0920	0.7869	2.0805	0.1836	3.5807
36	53	0.0619	3	2	2	1	0	0	0	0	0	Y	Y	N	N	N	N	N	N	N	N	N	N	0.0000	0.0000	0.0000	0.0000	0.0000	0.0000	0.0000	0.0000	0.0000	0.0000	0.0000	0.0000	0.0000	0.0000	0.0000	0.0000	0.0000	0.0000	0.0003	0.0005	0.0000	0.0006	0.0006	0.0000	0.0000	0.0000	0.0000	0.0010	0.0000	-0.0000	1.6626	1.0294	6.4813	5.0054	0.0000	0.0000	0.0000	0.0000	0.0000	0.0000	0.0000	0.0000	0.0000	0.0001	0.0001	0.0000	0.0001	0.0001	0.0000	0.0000	0.0000	0.0000	0.0230	0.0206	0.0023	0.0092	0.0090	0.0002	0.0138	0.0116	0.0022	0.1836	0.1063	0.0773	0.0842	0.0800	0.0041	0.0994	0.0263	0.0731	0.0000	0.0000	0.0000	0.0000	0.0000	0.0000	0.0000	0.0000	0.0000	0.0003	0.0005	0.0000	0.0006	0.0006	0.0000	0.0000	0.0000	0.0000	
36	54	0.0267	2	2	2	1	0	0	0	0	0	Y	Y	N	N	N	N	N	N	N	N	N	N	0.0000	0.0000	0.0002	0.0000	0.0000	0.0000	0.0000	0.0000	0.0002	0.0001	0.0000	0.0011	0.0000	0.0000	0.0000	0.0001	0.0000	0.0011	2.7570	0.5927	5.0063	0.8867	0.8843	1.0842	3.0222	1.0229	5.0185	2592.0000	8.1269	0.0000	0.0580	1.6626	7.2033	6.4813	14.9709	0.0000	0.0000	0.0000	0.0000	0.0000	0.0000	0.0000	0.0000	0.0000	0.4093	0.0448	0.3644	0.0163	0.0161	0.0002	0.3929	0.0287	0.3642	0.0697	0.0616	0.0081	0.0068	0.0067	0.0001	0.0629	0.0549	0.0080	0.1485	0.0757	0.0728	0.0184	0.0182	0.0002	0.1300	0.0574	0.0726	0.0000	0.0000	0.0002	0.0000	0.0000	0.0000	0.0000	0.0000	0.0002	2.7570	0.5927	5.0063	0.8867	0.8843	1.0842	3.0222	0.5003	5.0185
36	58	0.2207	5	1	1	1	0	0	0	0	0	N	N	N	N	N	N	N	N	N	N	N	N	0.9250	0.6940	6.9841	1.2682	1.1768	44.7947	0.1139	0.0000	0.5162	0.0346	0.0381	0.0007	0.0932	0.0960	0.0052	0.0000	0.0000	0.0000	0.0374	0.0549	0.0001	0.0735	0.0816	0.0001	0.0001	0.0000	0.0001	0.0019	0.0008	-0.0047	-0.0227	1.6626	16.5869	6.4813	24.5040	0.0103	0.0103	0.0000	0.0103	0.0103	0.0000	0.0000	0.0000	0.0000	0.0304	0.0304	0.0000	0.0304	0.0304	0.0000	0.0000	0.0000	0.0000	0.2972	0.2692	0.0280	0.1102	0.1068	0.0034	0.1870	0.1624	0.0246	0.8138	0.5537	0.2602	0.4135	0.3723	0.0411	0.4004	0.1814	0.2190	0.9250	0.6940	6.9841	1.2682	1.1768	44.7947	0.1139	0.0000	0.5162	0.0374	0.0549	0.0001	0.0735	0.0816	0.0001	0.0001	0.0000	0.0001
37	39	0.0619	3	1	2	0	0	0	0	0	0	N	Y	N	N	N	N	N	N	N	N	N	N	0.0006	0.0004	0.0249	0.0021	0.0019	0.1786	0.0000	0.0000	0.0004	0.0000	0.0000	0.0000	0.0005	0.0005	0.0002	0.0000	0.0000	0.0000	0.0683	0.1199	0.0002	0.2314	0.2582	0.0012	0.0041	0.0093	0.0001	0.0144	0.0012	-0.0000	-0.0115	5.8118	6.9653	10.8965	2.9126	0.0000	0.0000	0.0000	0.0000	0.0000	0.0000	0.0000	0.0000	0.0000	0.0154	0.0153	0.0000	0.0147	0.0147	0.0000	0.0007	0.0007	0.0000	0.2558	0.2243	0.0315	0.0219	0.0212	0.0007	0.2339	0.2031	0.0308	0.2251	0.1279	0.0971	0.0635	0.0569	0.0066	0.1616	0.0711	0.0905	0.0006	0.0004	0.0249	0.0021	0.0019	0.1786	0.0000	0.0000	0.0004	0.0683	0.1199	0.0002	0.2314	0.2582	0.0012	0.0041	0.0093	0.0001
37	40	0.0513	2	1	2	0	0	0	0	0	0	N	Y	N	N	N	N	N	N	N	N	N	N	0.0344	0.0200	0.0000	0.8943	0.8910	0.0000	0.0000	0.0000	0.0000	0.0033	0.0038	0.0000	0.0662	0.0673	0.0000	0.0000	0.0000	0.0000	0.0957	0.1888	0.0017	0.0740	0.0756	0.0147	0.0992	0.9858	0.0016	0.0000	0.0088	-0.0002	-0.0115	5.8118	4.0410	10.8965	4.5605	0.0005	0.0005	0.0000	0.0005	0.0005	0.0000	0.0000	0.0000	0.0000	0.0156	0.0155	0.0001	0.0016	0.0016	0.0000	0.0140	0.0138	0.0001	0.1546	0.1350	0.0196	0.0077	0.0076	0.0001	0.1469	0.1274	0.0194	0.1630	0.0819	0.0811	0.0223	0.0217	0.0006	0.1408	0.0603	0.0805	0.0344	0.0200	0.0000	0.8943	0.8910	0.0000	0.0000	0.0000	0.0000	0.0957	0.1888	0.0017	0.0740	0.0756	0.0147	0.0992	0.2296	0.0016
37	41	0.0823	3	1	1	1	0	0	0	0	0	N	N	N	N	N	N	N	N	N	N	N	N	0.1650	0.1057	0.0000	0.1928	0.1995	0.0000	0.0000	0.0000	0.0000	0.0000	0.0000	0.0000	0.0001	0.0001	0.0000	0.0000	0.0000	0.0000	0.0001	0.0002	0.0000	0.0006	0.0006	0.0005	0.0000	0.0000	0.0000	0.0000	0.0671	-0.0000	-0.0000	5.8118	4.0003	10.8965	0.0531	0.0000	0.0000	0.0000	0.0000	0.0000	0.0000	0.0000	0.0000	0.0000	0.0000	0.0000	0.0000	0.0000	0.0000	0.0000	0.0000	0.0000	0.0000	0.1473	0.1294	0.0179	0.0245	0.0234	0.0011	0.1228	0.1060	0.0168	0.0713	0.0376	0.0337	0.0133	0.0126	0.0006	0.0580	0.0249	0.0331	0.1650	0.1057	0.0000	0.1928	0.1995	0.0000	0.0000	0.0000	0.0000	0.0001	0.0002	0.0000	0.0006	0.0006	0.0005	0.0000	0.0000	0.0000
37	42	0.0513	2	1	1	0	0	0	0	0	0	N	N	N	N	N	N	N	N	N	N	N	N	5.8902	3.4036	16.1885	16.0450	0.0000	0.0000	0.0336	0.0384	0.0000	0.6611	0.6723	0.0000	0.0000	0.0000	0.0000	0.0057	0.0113	0.0000	0.0408	0.0419	0.0000	0.0000	0.0000	0.0000	0.0000	0.0000	-0.0052	-0.0015	5.8118	8.9997	10.8965	11.0444	0.0112	0.0112	0.0000	0.0112	0.0112	0.0000	0.0000	0.0000	0.0000	0.0021	0.0021	0.0000	0.0021	0.0021	0.0000	0.0000	0.0000	0.0000	0.3345	0.2924	0.0421	0.0170	0.0167	0.0003	0.3175	0.2757	0.0418	0.3624	0.1831	0.1794	0.0504	0.0491	0.0013	0.3120	0.1339	0.1781	5.8902	3.4036	0.0000	16.1885	16.0450	0.0000	0.0000	0.0000	0.0000	0.0057	0.0113	0.0000	0.0408	0.0419	0.0000	0.0000	0.0000	0.0000			
37	43	0.0513	2	2	2	1	0	0	0	0	0	Y	Y	N	N	N	N	N	N	N	N	N	N	0.1745	0.1010	0.4788	0.4746	0.0017	0.0019	0.0000	0.0330	0.0335	0.0000	0.0000	0.0000	0.0000	0.0096	0.0190	0.0000	0.0689	0.0707	0.0000	0.0000	0.0000	0.0000	0.0000	0.0000	-0.0003	-0.0030	5.8118	10.0000	10.8965	13.0000	0.0006	0.0006	0.0000	0.0006	0.0006	0.0000	0.0000	0.0000	0.0000	0.0039	0.0039	0.0000	0.0039	0.0039	0.0000	0.0000	0.0000	0.0000	0.3690	0.3226	0.0464	0.0188	0.0185	0.0003	0.3502	0.3041	0.0461	0.4104	0.2075	0.2028	0.0574	0.0559	0.0015	0.3530	0.1516	0.2014	0.1745	0.1010	0.0000	0.4788	0.4746	0.0000	0.0000	0.0000	0.0000	0.0096	0.0190	0.0000	0.0689	0.0707	0.0000	0.0000	0.0000	0.0000					
37	44	0.0513	2	1	2	0	0	0	0	0	0	N	Y	N	N	N	N	N	N	N	N	N	N	0.0018	0.0184	0.0065	0.0878	0.0870	0.0015	0.0065	0.0048	0.0005	0.0348	0.0086	0.0087	0.0000	0.0046	0.0000	0.0350	2.6472	0.0270	5.3237	0.0979	0.1004	0.0000	3.0601	0.0000	5.3622	10.0769	193.0562	0.0006	0.2464	5.8118	8.0000	10.8965	13.0000	0.0014	0.0001	0.0013	0.0001	0.0001	0.0000	0.0013	0.0000	0.0013	1.0013	0.0052	0.9962	0.0052	0.0052	0.0000	0.9962	0.0000	0.9962	0.2990	0.2614	0.0377	0.0151	0.0149	0.0003	0.2839	0.2465	0.0374	0.3783	0.1911	0.1871	0.0527	0.0514	0.0013	0.3255	0.1398	0.1858	0.0018	0.0184	0.0065	0.0878	0.0870	0.0000	0.0015	0.0000	0.0065	2.6472	0.0270	5.3237	0.0979	0.1004	0.0000	3.0601	0.0000	5.3622		
37	45	0.0513	2	1	2	0	0	0	0	0	0	N	Y	N	N	N	N	N	N	N	N	N	N	106762.2658	61731.6463	35.0984	34.7862	inf	inf	2.7051	3.0941	0.0000	0.0064	0.0065	0.0000	2.8500	3.2818	0.0000	0.0000	0.0001	0.0000	0.0002	0.0002	0.0000	0.0000	0.0000	0.0000	0.0000	0.0000	-0.4641	-0.0000	5.8118	10.0000	10.8965	12.0000	0.9997	0.9997	0.0000	0.0001	0.0001	0.0000	0.9996	0.9996	0.0000	0.0000	0.0000	0.0000	0.0000	0.0000	0.0000	0.0000	0.0000	0.0000	0.3696	0.3231	0.0465	0.0188	0.0185	0.0003	0.3507	0.3046	0.0462	0.3947	0.1995	0.1952	0.0551	0.0537	0.0014	0.3396	0.1458	0.1938	106762.2658	61731.6463	0.0000	35.0984	34.7862	0.0000	inf	inf	0.0000	0.0000	0.0001	0.0000	0.0002	0.0002	0.0000	0.0000	0.0000	0.0000			
37	46	0.0637	3	2	1	1	0	0	0	0	0	Y	N	N	N	N	N	N	N	N	N	N	N	0.0000	0.0000	0.0000	0.0000	0.0000	0.0000	0.0000	0.0000	0.0000	0.0000	0.0000	0.0000	0.0000	0.0000	0.0000	0.0000	0.0000	0.0000	0.7267	1.0915	0.0000	0.0876	0.1212	0.0000	1.5829	2.6851	0.0000	0.0000	0.0000	-0.1962	5.8118	1.8806	10.8965	4.9930	0.0000	0.0000	0.0000	0.0000	0.0000	0.0000	0.0000	0.0000	0.0000	0.2621	0.2621	0.0000	0.0181	0.0181	0.0000	0.2440	0.2440	0.0000	0.0679	0.0603	0.0075	0.0093	0.0091	0.0002	0.0586	0.0512	0.0074	0.3607	0.2401	0.1206	0.2065	0.1492	0.0573	0.1541	0.0909	0.0633	0.0000	0.0000	0.0000	0.0000	0.0000	0.0000	0.0000	0.0000	0.0000	0.7267	1.0915	0.0000	0.0876	0.1212	0.0000	1.5829	2.6851	0.0000	
37	47	0.0513	2	2	1	1	0	0	0	0	0	Y	N	N	N	N	N	N	N	N	N	N	N	0.0021	0.0012	0.0000	0.0862	0.0855	0.0000	0.0000	0.0000	0.0000	0.0062	0.0071	0.0000	0.1259	0.1280	0.0000	0.0000	0.0000	0.0000	2.9963	5.9659	0.0019	1.4599	1.4974	0.0170	3.2381	7.5683	0.0018	0.0000	0.0003	-0.0002	-0.2716	5.8118	2.1193	10.8965	4.2095	0.0005	0.0005	0.0000	0.0005	0.0005	0.0000	0.0000	0.0000	0.0000	0.3629	0.3628	0.0001	0.0240	0.0240	0.0000	0.3389	0.3388	0.0001	0.0820	0.0716	0.0104	0.0041	0.0040	0.0001	0.0779	0.0676	0.0103	0.1211	0.0608	0.0603	0.0165	0.0161	0.0004	0.1046	0.0448	0.0599	0.0021	0.0012	0.0000	0.0862	0.0855	0.0000	0.0000	0.0000	0.0000	2.9963	5.9659	0.0019	1.4599	1.4974	0.0170	3.2381	7.5683	0.0018
37	48	0.0513	2	1	2	0	1	0	0	0	0	N	Y	N	N	N	N	N	N	N	N	N	N	0.0233	2.5286	0.0000	35.2185	36.9169	0.0000	0.0000	0.0000	0.0000	0.0278	0.0317	0.0000	0.5426	0.5518	0.0000	0.0000	0.0000	0.0000	1.1917	0.0126	2.4041	0.0154	0.0149	0.0330	1.3850	0.0117	2.4216	0.0000	186.2640	-0.0052	0.1483	5.8118	11.0000	10.8965	18.0000	0.0112	0.0112	0.0000	0.0112	0.0112	0.0000	0.0000	0.0000	0.0000	0.6030	0.0032	0.5998	0.0011	0.0010	0.0001	0.6019	0.0022	0.5997	0.4043	0.3535	0.0508	0.0207	0.0203	0.0003	0.3836	0.3332	0.0504	0.5060	0.2565	0.2495	0.0714	0.0696	0.0018	0.4346	0.1869	0.2477	0.0233	2.5286	0.0000	35.2185	36.9169	0.0000	0.0000	0.0000	0.0000	1.1917	0.0126	2.4041	0.0154	0.0149	0.0330	1.3850	0.0117	2.4216
37	49	0.0513	2	1	2	0	0	0	0	0	0	N	Y	N	N	N	N	N	N	N	N	N	N	0.0150	0.5402	0.0000	2.5810	2.5584	0.0000	0.0000	0.0488	0.0558	0.0000	0.9721	0.9887	0.0000	0.0000	0.0000	0.0000	3.2479	0.1034	6.4489	0.3766	0.3865	0.0000	3.7093	0.0000	6.4950	0.0000	61.2785	-0.0051	0.2377	5.8118	6.0000	10.8965	11.0000	0.0111	0.0111	0.0000	0.0111	0.0111	0.0000	0.0000	0.0000	0.0000	1.0108	0.0162	0.9946	0.0162	0.0162	0.0000	0.9946	0.0000	0.9946	0.2269	0.1982	0.0287	0.0114	0.0112	0.0002	0.2155	0.1870	0.0285	0.3112	0.1570	0.1542	0.0431	0.0420	0.0011	0.2681	0.1150	0.1531	0.0150	0.5402	0.0000	2.5810	2.5584	0.0000	0.0000	0.0000	0.0000	3.2479	0.1034	6.4489	0.3766	0.3865	0.0000	3.7093	0.0000	6.4950		
37	51	0.0784	3	1	2	0	1	0	0	0	0	N	Y	N	N	N	N	N	N	N	N	N	N	0.0000	0.0000	0.0000	0.0000	0.0000	0.0000	0.0000	0.0000	0.0000	0.0000	0.0000	0.0000	0.0000	0.0000	0.0000	0.0000	0.0000	0.0000	0.0000	0.0000	0.0000	0.0000	0.0000	0.0000	0.0000	0.0001	128.4302	0.0000	0.0000	5.8118	0.9739	10.8965	0.0244	0.0000	0.0000	0.0000	0.0000	0.0000	0.0000	0.0000	0.0000	0.0000	0.0000	0.0000	0.0000	0.0000	0.0000	0.0000	0.0000	0.0000	0.0000	0.2253	0.2099	0.0153	0.1004	0.0997	0.0007	0.1249	0.1102	0.0146	0.5083	0.3903	0.1180	0.3194	0.2559	0.0635	0.1889	0.1344	0.0545	0.0000	0.0000	0.0000	0.0000	0.0000	0.0000	0.0000	0.0000	0.0000	0.0000	0.0000	0.0000	0.0000	0.0000	0.0000	0.0000	0.0000	0.0001		
37	52	0.0513	2	1	2	0	1	0	0	0	0	N	Y	N	N	N	N	N	N	N	N	N	N	0.0005	0.0003	0.0002	0.0163	0.0166	0.0000	0.0001	0.0001	0.0002	0.0006	0.0006	0.0000	0.0084	0.0085	0.0000	0.0001	0.0002	0.0000	1.0248	1.9686	0.0630	0.5129	0.5141	0.4678	1.1072	2.5008	0.0601	0.0028	0.0314	-0.0001	-0.2435	5.8118	10.0170	10.8965	8.1377	0.0002	0.0002	0.0000	0.0002	0.0002	0.0000	0.0000	0.0000	0.0000	0.3390	0.3287	0.0103	0.0235	0.0230	0.0005	0.3154	0.3057	0.0098	0.3702	0.3236	0.0465	0.0189	0.0186	0.0003	0.3513	0.3051	0.0462	0.3308	0.1670	0.1638	0.0459	0.0447	0.0012	0.2849	0.1222	0.1627	0.0005	0.0003	0.0002	0.0163	0.0166	0.0000	0.0001	0.0001	0.0002	1.0248	1.9686	0.0630	0.5129	0.5141	0.4678	1.1072	2.5008	0.0601
37	53	0.0865	3	2	2	0	0	0	0	0	0	Y	Y	N	N	N	N	N	N	N	N	N	N	0.0000	0.0000	0.0000	0.0000	0.0000	0.0000	0.0000	0.0000	0.0000	0.0000	0.0000	0.0000	0.0000	0.0000	0.0000	0.0000	0.0000	0.0000	2.6037	0.0000	7.0172	0.0016	0.0000	0.0099	5.3069	0.0000	8.9117	210348.3408	0.0000	0.2485	5.8118	1.0294	10.8965	5.0054	0.0000	0.0000	0.0000	0.0000	0.0000	0.0000	0.0000	0.0000	0.0000	0.9891	0.0000	0.9891	0.0003	0.0000	0.0003	0.9888	0.0000	0.9888	0.0809	0.0718	0.0091	0.0238	0.0236	0.0002	0.0571	0.0483	0.0089	0.3799	0.2389	0.1410	0.1936	0.1636	0.0300	0.1863	0.0754	0.1110	0.0000	0.0000	0.0000	0.0000	0.0000	0.0000	0.0000	0.0000	0.0000	2.6037	0.0000	7.0172	0.0016	0.0000	0.0099	5.3069	0.0000	8.9117	
37	54	0.0513	2	2	2	0	0	0	0	0	0	Y	Y	N	N	N	N	N	N	N	N	N	N	0.0002	0.0002	0.0000	0.0132	0.0132	0.0000	0.0000	0.0000	0.0000	0.0005	0.0005	0.0000	0.0091	0.0092	0.0000	0.0000	0.0000	0.0000	2.7151	2.7260	2.7040	0.6860	0.7004	0.1363	3.0444	3.4720	2.7226	0.0008	0.9701	-0.0001	-0.2767	5.8118	7.2033	10.8965	14.9709	0.0001	0.0001	0.0000	0.0001	0.0001	0.0000	0.0000	0.0000	0.0000	1.0793	0.5478	0.5315	0.0381	0.0379	0.0002	1.0412	0.5100	0.5313	0.2705	0.2364	0.0341	0.0136	0.0134	0.0002	0.2569	0.2230	0.0339	0.3975	0.2010	0.1966	0.0555	0.0541	0.0014	0.3420	0.1469	0.1951	0.0002	0.0002	0.0000	0.0132	0.0132	0.0000	0.0000	0.0000	0.0000	2.7151	2.7260	2.7040	0.6860	0.7004	0.1363	3.0444	3.4720	2.7226
37	58	0.2453	5	1	1	0	0	0	0	0	0	N	N	N	N	N	N	N	N	N	N	N	N	0.3574	0.2545	1.6985	0.3805	0.3686	0.4847	0.6238	0.2793	2.4747	0.0027	0.0028	0.0012	0.0049	0.0050	0.0013	0.0014	0.0014	0.0012	0.0074	0.0111	0.0007	0.0128	0.0137	0.0026	0.0022	0.0050	0.0005	0.0492	0.0347	-0.0013	-0.0113	5.8118	16.5869	10.8965	24.5040	0.0032	0.0031	0.0002	0.0022	0.0021	0.0000	0.0011	0.0009	0.0001	0.0158	0.0153	0.0005	0.0134	0.0132	0.0002	0.0024	0.0021	0.0003	1.2139	1.0877	0.1261	0.4443	0.4253	0.0190	0.7696	0.6624	0.1071	2.1217	1.3726	0.7491	1.0451	0.9648	0.0803	1.0766	0.4078	0.6688	0.3574	0.2545	1.6985	0.3805	0.3686	0.4847	0.6238	0.2793	2.4747	0.0074	0.0111	0.0007	0.0128	0.0137	0.0026	0.0022	0.0050	0.0005
38	39	0.0315	2	1	2	0	0	0	0	0	0	N	Y	N	N	N	N	N	N	N	N	N	N	0.0006	0.0004	0.0013	0.0000	0.0000	0.0000	0.0367	0.0251	0.0021	0.0000	0.0001	0.0000	0.0000	0.0000	0.0000	0.0001	0.0001	0.0000	0.0786	0.1539	0.0010	0.5709	0.5872	0.0479	0.0014	0.0023	0.0007	0.0037	0.0066	-0.0000	-0.0077	5.2458	6.9653	8.3786	2.9126	0.0000	0.0000	0.0000	0.0000	0.0000	0.0000	0.0000	0.0000	0.0000	0.0104	0.0104	0.0001	0.0103	0.0102	0.0000	0.0002	0.0001	0.0000	0.2156	0.1873	0.0282	0.0079	0.0075	0.0004	0.2076	0.1798	0.0278	0.1327	0.0673	0.0654	0.0180	0.0174	0.0005	0.1147	0.0499	0.0648	0.0006	0.0004	0.0013	0.0000	0.0000	0.0000	0.0367	0.0251	0.0021	0.0786	0.1539	0.0010	0.5709	0.5872	0.0479	0.0014	0.0023	0.0007
38	41	0.0518	2	1	1	1	0	0	0	0	0	N	N	N	N	N	N	N	N	N	N	N	N	0.1600	0.1086	0.0343	0.0000	0.0000	0.7288	8.0795	0.0356	0.0000	0.0000	0.0000	0.0000	0.0000	0.0000	0.0000	0.0000	0.0000	0.0001	0.0002	0.0001	0.0021	0.0025	0.0000	0.0000	0.0000	0.0001	0.0118	0.2954	-0.0000	-0.0000	5.2458	4.0003	8.3786	0.0531	0.0000	0.0000	0.0000	0.0000	0.0000	0.0000	0.0000	0.0000	0.0000	0.0000	0.0000	0.0000	0.0000	0.0000	0.0000	0.0000	0.0000	0.0000	0.1241	0.1082	0.0159	0.0157	0.0149	0.0008	0.1083	0.0932	0.0151	0.0436	0.0202	0.0234	0.0022	0.0019	0.0003	0.0414	0.0183	0.0232	0.1600	0.1086	0.0343	0.0000	0.0000	0.0000	0.7288	8.0795	0.0356	0.0001	0.0002	0.0001	0.0021	0.0025	0.0000	0.0000	0.0000	0.0001	
38	46	0.0333	2	2	1	1	0	0	0	0	0	Y	N	N	N	N	N	N	N	N	N	N	N	0.0000	0.0000	0.0000	0.0000	0.0000	0.0000	0.0000	0.0000	0.0000	0.0000	0.0000	0.0000	0.0000	0.0000	0.0000	0.0000	0.0000	0.0000	2.1112	3.7980	0.3173	0.0103	0.0097	0.0651	2.4437	5.1452	0.3180	0.0786	0.0000	-0.1188	5.2458	1.8806	8.3786	4.9930	0.0000	0.0000	0.0000	0.0000	0.0000	0.0000	0.0000	0.0000	0.0000	0.1758	0.1630	0.0128	0.0001	0.0001	0.0000	0.1757	0.1629	0.0128	0.0572	0.0504	0.0067	0.0052	0.0051	0.0001	0.0520	0.0453	0.0066	0.0833	0.0429	0.0403	0.0114	0.0113	0.0001	0.0719	0.0317	0.0402	0.0000	0.0000	0.0000	0.0000	0.0000	0.0000	0.0000	0.0000	0.0000	2.1112	3.7980	0.3173	0.0103	0.0097	0.0651	2.4437	5.1452	0.3180	
38	51	0.0480	2	1	2	0	1	0	0	0	0	N	Y	N	N	N	N	N	N	N	N	N	N	0.0000	0.0000	0.0000	0.0000	0.0000	0.0000	0.0000	0.0000	0.0000	0.0000	0.0000	0.0000	0.0000	0.0000	0.0000	0.0000	0.0000	0.0000	0.0000	0.0001	0.0001	0.0000	0.0000	0.0000	0.0000	0.0078	0.0000	-0.0000	5.2458	0.9739	8.3786	0.0244	0.0000	0.0000	0.0000	0.0000	0.0000	0.0000	0.0000	0.0000	0.0000	0.0000	0.0000	0.0000	0.0000	0.0000	0.0000	0.0000	0.0000	0.0000	0.2014	0.1876	0.0137	0.0891	0.0885	0.0006	0.1122	0.0991	0.0131	0.2045	0.1659	0.0386	0.1032	0.0996	0.0036	0.1013	0.0663	0.0350	0.0000	0.0000	0.0000	0.0000	0.0000	0.0000	0.0000	0.0000	0.0000	0.0000	0.0000	0.0000	0.0001	0.0001	0.0000	0.0000	0.0000	0.0000			
38	53	0.0560	2	2	2	0	0	0	0	0	0	Y	Y	N	N	N	N	N	N	N	N	N	N	0.0000	0.0000	0.0000	0.0000	0.0000	0.0000	0.0000	0.0000	0.0000	0.0000	0.0000	0.0000	0.0000	0.0000	0.0000	0.0000	0.0000	0.0000	0.0453	0.0022	0.1190	0.0000	0.0000	0.0004	0.0656	0.0041	0.1236	31.6859	0.0000	0.0012	5.2458	1.0294	8.3786	5.0054	0.0000	0.0000	0.0000	0.0000	0.0000	0.0000	0.0000	0.0000	0.0000	0.0055	0.0002	0.0054	0.0000	0.0000	0.0000	0.0055	0.0002	0.0054	0.0705	0.0624	0.0081	0.0197	0.0195	0.0002	0.0508	0.0429	0.0080	0.1224	0.0772	0.0452	0.0379	0.0362	0.0017	0.0845	0.0410	0.0435	0.0000	0.0000	0.0000	0.0000	0.0000	0.0000	0.0000	0.0000	0.0000	0.0453	0.0022	0.1190	0.0000	0.0000	0.0004	0.0656	0.0041	0.1236	
38	58	0.2149	4	1	1	0	0	0	0	0	0	N	N	N	N	N	N	N	N	N	N	N	N	1.2563	0.9382	0.0000	0.6936	0.6691	0.0000	1.0469	0.5416	0.0000	0.9763	1.0875	0.0000	0.0371	0.0383	0.0000	1.4575	1.6925	0.0000	0.7771	1.1591	0.0006	0.0535	0.0572	0.0000	1.3922	3.1253	0.0006	0.0000	0.0002	-0.4657	-0.7265	5.2458	16.5869	8.3786	24.5040	1.0032	1.0032	0.0000	0.0129	0.0129	0.0000	0.9903	0.9903	0.0000	0.9707	0.9704	0.0002	0.0307	0.0307	0.0000	0.9400	0.9398	0.0002	1.0275	0.9225	0.1051	0.3481	0.3374	0.0107	0.6794	0.5851	0.0943	1.2491	0.8372	0.4119	0.5739	0.5365	0.0374	0.6752	0.3007	0.3745	1.2563	0.9382	0.0000	0.6936	0.6691	0.0000	1.0469	0.5416	0.0000	0.7771	1.1591	0.0006	0.0535	0.0572	0.0000	1.3922	3.1253	0.0006
39	41	0.0558	3	0	1	1	0	0	0	0	0	N	N	N	N	N	N	N	N	N	N	N	N	0.0003	0.0002	0.0000	0.0004	0.0004	0.0000	0.0000	0.0000	0.0000	0.0000	0.0000	0.0000	0.0000	0.0000	0.0000	0.0000	0.0000	0.0000	0.0003	0.0006	0.0000	0.0017	0.0017	0.0006	0.0000	0.0000	0.0000	0.0000	0.0203	-0.0000	-0.0000	6.9653	4.0003	2.9126	0.0531	0.0000	0.0000	0.0000	0.0000	0.0000	0.0000	0.0000	0.0000	0.0000	0.0000	0.0000	0.0000	0.0000	0.0000	0.0000	0.0000	0.0000	0.0000	0.1589	0.1391	0.0198	0.0267	0.0253	0.0014	0.1322	0.1138	0.0184	0.0364	0.0197	0.0168	0.0072	0.0069	0.0004	0.0292	0.0128	0.0164	0.0003	0.0002	0.0000	0.0004	0.0004	0.0000	0.0000	0.0000	0.0000	0.0003	0.0006	0.0000	0.0017	0.0017	0.0006	0.0000	0.0000	0.0000
39	42	0.0249	2	0	1	0	0	0	0	0	0	N	N	N	N	N	N	N	N	N	N	N	N	12.6262	8.0549	0.0000	99.7970	102.0400	0.0000	0.0000	0.0000	0.0015	0.0017	0.0000	0.0400	0.0422	0.0000	0.0000	0.0000	0.0000	0.0001	0.0002	0.0000	0.0004	0.0004	0.0000	0.0001	0.0001	0.0000	0.0000	0.0931	-0.0002	-0.0000	6.9653	8.9997	2.9126	11.0444	0.0005	0.0005	0.0000	0.0005	0.0005	0.0000	0.0000	0.0000	0.0000	0.0000	0.0000	0.0000	0.0000	0.0000	0.0000	0.0000	0.0000	0.0000	0.3618	0.3146	0.0472	0.0133	0.0126	0.0007	0.3485	0.3020	0.0465	0.1898	0.0963	0.0935	0.0255	0.0248	0.0008	0.1642	0.0715	0.0927	12.6262	8.0549	0.0000	99.7970	102.0400	0.0000	0.0000	0.0000	0.0000	0.0001	0.0002	0.0000	0.0004	0.0004	0.0000	0.0001	0.0001	0.0000	
39	43	0.0249	2	1	2	1	0	0	0	0	0	N	Y	N	N	N	N	N	N	N	N	N	N	0.0009	0.0000	0.0628	0.0001	0.0000	inf	0.0032	0.0000	0.0624	0.0036	0.0000	0.0279	0.0014	0.0000	0.0261	0.0037	0.0000	0.0279	4.0776	7.6038	0.4435	22.8760	23.6205	0.0000	1.1636	2.0899	0.4473	inf	0.0566	0.0008	-0.6085	6.9653	10.0000	2.9126	13.0000	0.0014	0.0000	0.0014	0.0000	0.0000	0.0000	0.0014	0.0000	0.0014	0.8753	0.8285	0.0469	0.6591	0.6591	0.0000	0.2163	0.1694	0.0469	0.3991	0.3470	0.0520	0.0146	0.0138	0.0008	0.3845	0.3332	0.0513	0.2147	0.1090	0.1057	0.0288	0.0279	0.0009	0.1859	0.0811	0.1048	0.0009	0.0000	0.0628	0.0001	0.0000	inf	0.0032	0.0000	0.0624	4.0776	7.6038	0.4435	22.8760	23.6205	0.0000	1.1636	2.0899	0.4473
39	44	0.0249	2	0	2	0	0	0	0	0	0	N	Y	N	N	N	N	N	N	N	N	N	N	0.0752	0.0439	0.2757	0.2819	0.0029	0.0033	0.0000	0.0792	0.0836	0.0000	0.0000	0.0000	0.0000	0.0386	0.0761	0.0000	0.2873	0.2966	0.0000	0.0000	0.0000	0.0000	0.0000	0.0000	-0.0004	-0.0057	6.9653	8.0000	2.9126	13.0000	0.0009	0.0009	0.0000	0.0009	0.0009	0.0000	0.0000	0.0000	0.0000	0.0076	0.0076	0.0000	0.0076	0.0076	0.0000	0.0000	0.0000	0.0000	0.3235	0.2812	0.0422	0.0119	0.0112	0.0006	0.3116	0.2700	0.0416	0.1980	0.1005	0.0975	0.0266	0.0258	0.0008	0.1714	0.0747	0.0967	0.0752	0.0439	0.0000	0.2757	0.2819	0.0000	0.0000	0.0000	0.0000	0.0386	0.0761	0.0000	0.2873	0.2966	0.0000	0.0000	0.0000	0.0000					
39	45	0.0249	2	0	2	0	0	0	0	0	0	N	Y	N	N	N	N	N	N	N	N	N	N	0.0000	0.0000	0.0000	0.0000	0.0000	0.0000	0.0000	0.0000	0.0000	0.0000	0.0000	0.0000	0.0000	0.0000	0.0001	0.0000	0.0004	0.0004	0.0000	0.0000	0.0000	0.0000	0.0000	0.0000	-0.0000	6.9653	10.0000	2.9126	12.0000	0.0000	0.0000	0.0000	0.0000	0.0000	0.0000	0.0000	0.0000	0.0000	0.0000	0.0000	0.0000	0.0000	0.0000	0.0000	0.0000	0.0000	0.0000	0.3997	0.3476	0.0521	0.0146	0.0139	0.0008	0.3851	0.3337	0.0513	0.2065	0.1048	0.1017	0.0277	0.0269	0.0009	0.1788	0.0779	0.1008	0.0000	0.0000	0.0000	0.0000	0.0000	0.0000	0.0000	0.0000	0.0000	0.0000	0.0001	0.0000	0.0004	0.0004	0.0000	0.0000	0.0000	0.0000						
39	46	0.0372	3	1	1	1	0	0	0	0	0	N	N	N	N	N	N	N	N	N	N	N	N	0.0000	0.0000	0.0000	0.0000	0.0000	0.0000	0.0000	0.0000	0.0000	0.0000	0.0000	0.0000	0.0000	0.0000	0.0000	0.1130	0.2105	0.0000	0.4309	0.4396	0.0000	0.0000	0.0000	0.0000	0.0000	0.0000	-0.0075	6.9653	1.8806	2.9126	4.9930	0.0000	0.0000	0.0000	0.0000	0.0000	0.0000	0.0000	0.0000	0.0000	0.0100	0.0100	0.0000	0.0100	0.0100	0.0000	0.0000	0.0000	0.0000	0.0746	0.0657	0.0089	0.0049	0.0049	0.0000	0.0697	0.0608	0.0089	0.0887	0.0477	0.0411	0.0233	0.0228	0.0005	0.0655	0.0248	0.0406	0.0000	0.0000	0.0000	0.0000	0.0000	0.0000	0.0000	0.0000	0.0000	0.1130	0.2105	0.0000	0.4309	0.4396	0.0000	0.0000	0.0000	0.0000				
39	47	0.0249	2	1	1	1	0	0	0	0	0	N	N	N	N	N	N	N	N	N	N	N	N	0.0312	0.0000	inf	0.0015	0.0000	inf	inf	inf	0.0163	0.0000	0.1245	0.0061	0.0000	0.1155	0.0167	0.0000	0.1247	0.5237	1.0329	0.0000	4.0065	4.3556	0.0000	0.0000	0.0000	0.0000	inf	0.0000	0.0008	-0.0250	6.9653	2.1193	2.9126	4.2095	0.0014	0.0000	0.0014	0.0000	0.0000	0.0000	0.0014	0.0000	0.0014	0.0334	0.0334	0.0000	0.0334	0.0334	0.0000	0.0000	0.0000	0.0000	0.0887	0.0771	0.0116	0.0033	0.0031	0.0002	0.0855	0.0740	0.0115	0.0637	0.0323	0.0314	0.0087	0.0085	0.0003	0.0550	0.0238	0.0311	0.0312	0.0000	inf	0.0016	0.0000	inf	inf	0.0000	inf	0.5237	1.0329	0.0000	3.8303	3.9459	0.0000	0.0000	0.0000	0.0000	
39	48	0.0249	2	0	2	0	1	0	0	0	0	N	Y	N	N	N	N	N	N	N	N	N	N	0.0000	0.0000	0.0000	0.0000	0.0000	0.0000	0.0000	0.0000	0.0000	0.0000	0.0000	0.0000	0.0000	0.0000	0.0001	0.0000	0.0003	0.0003	0.0000	0.0000	0.0000	0.0000	0.0000	0.0000	-0.0000	6.9653	11.0000	2.9126	18.0000	0.0000	0.0000	0.0000	0.0000	0.0000	0.0000	0.0000	0.0000	0.0000	0.0000	0.0000	0.0000	0.0000	0.0000	0.0000	0.0000	0.0000	0.0000	0.4372	0.3802	0.0570	0.0160	0.0151	0.0008	0.4212	0.3651	0.0561	0.2642	0.1341	0.1301	0.0352	0.0341	0.0011	0.2290	0.1000	0.1289	0.0000	0.0000	0.0000	0.0000	0.0000	0.0000	0.0000	0.0000	0.0000	0.0000	0.0001	0.0000	0.0003	0.0003	0.0000	0.0000	0.0000	0.0000						
39	49	0.0249	2	0	2	0	0	0	0	0	0	N	Y	N	N	N	N	N	N	N	N	N	N	inf	inf	inf	inf	0.0039	0.0045	0.0000	0.0000	0.0000	0.0000	0.0040	0.0046	0.0000	0.0000	0.0000	0.0000	0.0000	0.0000	0.0000	0.0000	0.0000	0.0000	0.0000	-0.0004	0.0000	6.9653	6.0000	2.9126	11.0000	0.0009	0.0009	0.0000	0.0000	0.0000	0.0000	0.0009	0.0009	0.0000	0.0000	0.0000	0.0000	0.0000	0.0000	0.0000	0.0000	0.0000	0.0000	0.2455	0.2133	0.0321	0.0090	0.0086	0.0005	0.2364	0.2048	0.0316	0.1631	0.0828	0.0803	0.0220	0.0214	0.0007	0.1411	0.0614	0.0797	inf	inf	0.0000	0.0000	0.0000	0.0000	inf	inf	0.0000	0.0000	0.0000	0.0000	0.0000	0.0000	0.0000	0.0000	0.0000	0.0000						
39	51	0.0519	3	0	2	0	1	0	0	0	0	N	Y	N	N	N	N	N	N	N	N	N	N	0.1572	0.1301	0.0000	0.0221	0.0214	24881.5228	inf	0.0000	0.0025	0.0026	0.0000	0.0007	0.0007	0.0000	0.0039	0.0045	0.0000	0.0157	0.0204	0.0000	0.0306	0.0318	0.0000	0.0000	0.0000	0.0000	0.0000	0.0000	-0.0003	-0.0021	6.9653	0.9739	2.9126	0.0244	0.0006	0.0006	0.0000	0.0001	0.0001	0.0000	0.0006	0.0006	0.0000	0.0028	0.0028	0.0000	0.0028	0.0028	0.0000	0.0000	0.0000	0.0000	0.2629	0.2451	0.0178	0.1183	0.1175	0.0009	0.1445	0.1276	0.0169	0.1765	0.1362	0.0402	0.0906	0.0872	0.0034	0.0859	0.0490	0.0369	0.1572	0.1301	0.0000	0.0221	0.0214	0.0000	24881.5228	inf	0.0000	0.0157	0.0204	0.0000	0.0306	0.0318	0.0000	0.0000	0.0000	0.0000	
39	52	0.0249	2	0	2	0	1	0	0	0	0	N	Y	N	N	N	N	N	N	N	N	N	N	12.3969	8.9768	0.0097	0.0024	0.0025	0.0001	17.8981	3.2459	0.0098	2.4932	2.8669	0.0008	0.0014	0.0015	0.0000	2.5878	2.9858	0.0008	0.2011	0.3194	0.0793	0.5636	0.5803	0.0381	0.1446	0.9199	0.0797	0.0000	0.2411	-0.4632	-0.0193	6.9653	10.0170	2.9126	8.1377	0.9981	0.9980	0.0000	0.0000	0.0000	0.0000	0.9981	0.9980	0.0000	0.0349	0.0281	0.0068	0.0132	0.0131	0.0000	0.0217	0.0149	0.0067	0.4003	0.3481	0.0522	0.0146	0.0139	0.0008	0.3857	0.3343	0.0514	0.1733	0.0879	0.0854	0.0234	0.0227	0.0007	0.1499	0.0653	0.0846	12.3969	8.9768	0.0097	0.0024	0.0025	0.0001	17.8981	13.0511	0.0098	0.2011	0.3194	0.0793	0.5636	0.5803	0.0381	0.1446	0.2288	0.0797
39	53	0.0600	3	1	2	0	0	0	0	0	0	N	Y	N	N	N	N	N	N	N	N	N	N	0.0000	0.0000	0.0000	0.0000	0.0000	0.0000	0.0000	0.0000	0.0000	0.0000	0.0000	0.0000	0.0000	0.0000	0.0000	0.0000	0.0000	0.0000	0.0302	0.0000	0.0762	0.0000	0.0000	0.0000	0.0460	0.0000	0.0794	26289.7721	0.0000	0.0008	6.9653	1.0294	2.9126	5.0054	0.0000	0.0000	0.0000	0.0000	0.0000	0.0000	0.0000	0.0000	0.0000	0.0032	0.0000	0.0032	0.0000	0.0000	0.0000	0.0032	0.0000	0.0032	0.0953	0.0851	0.0103	0.0354	0.0347	0.0007	0.0600	0.0504	0.0096	0.1066	0.0644	0.0422	0.0367	0.0350	0.0017	0.0699	0.0294	0.0405	0.0000	0.0000	0.0000	0.0000	0.0000	0.0000	0.0000	0.0000	0.0000	0.0302	0.0000	0.0762	0.0000	0.0000	0.0000	0.0460	0.0000	0.0794	
39	54	0.0249	2	1	2	0	0	0	0	0	0	N	Y	N	N	N	N	N	N	N	N	N	N	0.0003	0.0065	0.0000	0.0000	0.0000	0.0000	0.0002	0.0038	0.0000	0.0014	0.0016	0.0000	0.0000	0.0000	0.0000	0.0014	0.0017	0.0000	5.1355	0.2454	11.3637	0.7575	0.7818	0.0078	5.8148	0.4413	12.2641	0.0001	40.2280	-0.0002	0.2425	6.9653	7.2033	2.9126	14.9709	0.0004	0.0004	0.0000	0.0000	0.0000	0.0000	0.0004	0.0004	0.0000	1.0682	0.0259	1.0423	0.0212	0.0212	0.0000	1.0470	0.0048	1.0423	0.2926	0.2544	0.0382	0.0107	0.0102	0.0006	0.2819	0.2442	0.0377	0.2080	0.1056	0.1024	0.0279	0.0271	0.0009	0.1801	0.0785	0.1016	0.0003	0.0065	0.0000	0.0000	0.0000	0.0000	0.0002	0.0273	0.0000	5.1355	0.2454	10.1748	0.7575	0.7818	0.0078	5.8148	0.0605	10.2627
39	58	0.2189	5	0	1	0	0	0	0	0	0	N	N	N	N	N	N	N	N	N	N	N	N	24.2791	18.1724	0.0000	2.0046	1.9281	2586.1835	11560055.0018	0.0000	0.7293	0.8117	0.0000	0.1207	0.1249	0.0000	1.0608	1.2313	0.0000	0.0300	0.0447	0.0006	0.0602	0.0648	0.0000	0.0004	0.0000	0.0007	0.0000	0.0069	-0.4436	-0.0245	6.9653	16.5869	2.9126	24.5040	0.9557	0.9557	0.0000	0.0558	0.0558	0.0000	0.8999	0.8999	0.0000	0.0330	0.0328	0.0002	0.0328	0.0328	0.0000	0.0002	0.0000	0.0002	1.3104	1.1773	0.1331	0.4621	0.4465	0.0156	0.8483	0.7308	0.1175	1.0998	0.7345	0.3653	0.5449	0.5064	0.0385	0.5550	0.2281	0.3268	24.2791	18.1724	0.0000	2.0046	1.9281	0.0000	2586.1835	11560055.0018	0.0000	0.0300	0.0447	0.0006	0.0602	0.0648	0.0000	0.0004	0.0000	0.0007	
40	41	0.0415	2	0	1	1	0	0	0	0	0	N	N	N	N	N	N	N	N	N	N	N	N	0.0001	0.0001	0.0000	0.0000	0.0000	0.5741	inf	0.0000	0.0000	0.0000	0.0000	0.0000	0.0000	0.0000	0.0000	0.0000	0.0000	0.0014	0.0030	0.0000	0.0275	0.0317	0.0000	0.0000	0.0000	0.0000	0.0000	0.0002	-0.0000	-0.0000	4.0410	4.0003	4.5605	0.0531	0.0000	0.0000	0.0000	0.0000	0.0000	0.0000	0.0000	0.0000	0.0000	0.0000	0.0000	0.0000	0.0000	0.0000	0.0000	0.0000	0.0000	0.0000	0.0962	0.0839	0.0123	0.0123	0.0116	0.0006	0.0840	0.0723	0.0117	0.0281	0.0130	0.0151	0.0014	0.0012	0.0002	0.0267	0.0118	0.0149	0.0001	0.0001	0.0000	0.0000	0.0000	0.0000	0.5741	inf	0.0000	0.0014	0.0030	0.0000	0.0275	0.0317	0.0000	0.0000	0.0000	0.0000	
40	46	0.0229	2	1	1	1	0	0	0	0	0	N	N	N	N	N	N	N	N	N	N	N	N	0.0000	0.0000	0.0000	0.0000	0.0000	0.0000	0.0000	0.0000	0.0000	0.0000	0.0000	0.0000	0.0000	0.0000	0.0000	0.0000	0.0000	0.0000	0.1870	0.0070	0.3777	0.0009	0.0000	0.0870	0.2161	0.0094	0.3786	51.0556	0.0000	0.0023	4.0410	1.8806	4.5605	4.9930	0.0000	0.0000	0.0000	0.0000	0.0000	0.0000	0.0000	0.0000	0.0000	0.0100	0.0002	0.0098	0.0000	0.0000	0.0000	0.0100	0.0002	0.0098	0.0444	0.0391	0.0052	0.0040	0.0040	0.0001	0.0403	0.0352	0.0052	0.0537	0.0276	0.0260	0.0073	0.0072	0.0001	0.0464	0.0204	0.0260	0.0000	0.0000	0.0000	0.0000	0.0000	0.0000	0.0000	0.0000	0.0000	0.1870	0.0070	0.3777	0.0009	0.0000	0.0870	0.2161	0.0094	0.3786	
40	51	0.0376	2	0	2	0	1	0	0	0	0	N	Y	N	N	N	N	N	N	N	N	N	N	0.0000	0.0000	0.0000	0.0000	inf	inf	0.0000	0.0000	0.0000	0.0000	0.0000	0.0000	0.0000	0.0000	0.0000	0.1211	0.1493	0.0000	0.2400	0.2487	0.0000	0.0000	0.0000	0.0000	0.0000	0.0000	-0.0000	-0.0120	4.0410	0.9739	4.5605	0.0244	0.0000	0.0000	0.0000	0.0000	0.0000	0.0000	0.0000	0.0000	0.0000	0.0160	0.0160	0.0000	0.0160	0.0160	0.0000	0.0000	0.0000	0.0000	0.1565	0.1459	0.0106	0.0693	0.0688	0.0005	0.0872	0.0770	0.0102	0.1322	0.1073	0.0250	0.0667	0.0644	0.0023	0.0655	0.0429	0.0226	0.0000	0.0000	0.0000	0.0000	0.0000	0.0000	inf	inf	0.0000	0.1211	0.1493	0.0000	0.2400	0.2487	0.0000	0.0000	0.0000	0.0000			
40	53	0.0457	2	1	2	0	0	0	0	0	0	N	Y	N	N	N	N	N	N	N	N	N	N	0.0000	0.0000	0.0000	0.0000	0.0000	0.0000	0.0000	0.0000	0.0000	0.0000	0.0000	0.0000	0.0000	0.0000	0.0000	0.0000	0.0000	0.0000	0.1455	0.0000	0.3938	0.0000	0.0000	0.0000	0.2107	0.0000	0.4091	113249.6782	0.0000	0.0029	4.0410	1.0294	4.5605	5.0054	0.0000	0.0000	0.0000	0.0000	0.0000	0.0000	0.0000	0.0000	0.0000	0.0115	0.0000	0.0115	0.0000	0.0000	0.0000	0.0115	0.0000	0.0115	0.0546	0.0483	0.0063	0.0152	0.0151	0.0001	0.0394	0.0333	0.0062	0.0788	0.0497	0.0291	0.0244	0.0233	0.0011	0.0544	0.0264	0.0280	0.0000	0.0000	0.0000	0.0000	0.0000	0.0000	0.0000	0.0000	0.0000	0.1455	0.0000	0.3938	0.0000	0.0000	0.0000	0.2107	0.0000	0.4091	
40	58	0.2046	4	0	1	0	0	0	0	0	0	N	N	N	N	N	N	N	N	N	N	N	N	0.0069	0.0181	0.0000	0.0260	0.0251	0.0017	inf	0.0000	0.0073	0.0081	0.0000	0.0169	0.0174	0.0000	0.0023	0.0027	0.0000	1.0509	0.4458	2.2799	0.6500	0.6954	0.0000	1.3919	0.0000	2.5082	0.0000	2.5179	-0.0027	-0.0278	4.0410	16.5869	4.5605	24.5040	0.0058	0.0058	0.0000	0.0046	0.0046	0.0000	0.0012	0.0012	0.0000	0.8426	0.2395	0.6031	0.2395	0.2395	0.0000	0.6031	0.0000	0.6031	0.7967	0.7151	0.0816	0.2698	0.2615	0.0084	0.5268	0.4536	0.0732	0.8018	0.5372	0.2645	0.3685	0.3444	0.0241	0.4333	0.1928	0.2404	0.0069	0.0181	0.0000	0.0260	0.0251	0.0000	0.0017	inf	0.0000	1.0509	0.4458	2.2799	0.6500	0.6954	0.0000	1.3919	0.0000	2.5082	
41	43	0.0383	2	1	1	2	0	0	0	0	0	N	N	Y	N	N	N	N	N	N	N	N	N	0.0000	0.0000	0.0000	0.0000	0.0000	0.0000	0.0000	0.0000	0.0000	0.0000	0.0000	0.0000	0.0000	0.0006	0.0012	0.0000	0.0111	0.0127	0.0000	0.0000	0.0000	0.0000	0.0000	0.0000	-0.0000	4.0003	10.0000	0.0531	13.0000	0.0000	0.0000	0.0000	0.0000	0.0000	0.0000	0.0000	0.0000	0.0000	0.0000	0.0000	0.0000	0.0000	0.0000	0.0000	0.0000	0.0000	0.0000	0.2300	0.2006	0.0294	0.0286	0.0272	0.0014	0.2014	0.1734	0.0280	0.0709	0.0329	0.0380	0.0036	0.0031	0.0005	0.0673	0.0297	0.0376	0.0000	0.0000	0.0000	0.0000	0.0000	0.0000	0.0000	0.0000	0.0000	0.0006	0.0012	0.0000	0.0111	0.0127	0.0000	0.0000	0.0000	0.0000						
41	44	0.0383	2	0	1	1	0	0	0	0	0	N	N	N	N	N	N	N	N	N	N	N	N	0.1753	0.0931	0.0000	0.0000	inf	inf	0.0001	0.0001	0.0000	0.0000	0.0000	0.0000	0.0001	0.0001	0.0000	0.0003	0.0007	0.0000	0.0060	0.0069	0.0000	0.0000	0.0000	0.0000	0.0000	0.0000	-0.0000	-0.0000	4.0003	8.0000	0.0531	13.0000	0.0000	0.0000	0.0000	0.0000	0.0000	0.0000	0.0000	0.0000	0.0000	0.0000	0.0000	0.0000	0.0000	0.0000	0.0000	0.0000	0.0000	0.0000	0.1863	0.1625	0.0238	0.0234	0.0222	0.0012	0.1630	0.1403	0.0227	0.0653	0.0303	0.0351	0.0033	0.0029	0.0004	0.0620	0.0274	0.0346	0.1753	0.0931	0.0000	0.0000	0.0000	0.0000	inf	inf	0.0000	0.0003	0.0007	0.0000	0.0060	0.0069	0.0000	0.0000	0.0000	0.0000			
41	45	0.0383	2	0	1	1	0	0	0	0	0	N	N	N	N	N	N	N	N	N	N	N	N	inf	inf	inf	inf	0.0017	0.0000	0.0133	0.0000	0.0000	0.0000	0.0019	0.0000	0.0139	0.0000	0.0000	0.0000	0.0000	0.0000	0.0000	0.0000	0.0000	0.0000	inf	0.0002	0.0000	4.0003	10.0000	0.0531	12.0000	0.0004	0.0000	0.0004	0.0000	0.0000	0.0000	0.0004	0.0000	0.0004	0.0000	0.0000	0.0000	0.0000	0.0000	0.0000	0.0000	0.0000	0.0000	0.2304	0.2009	0.0294	0.0287	0.0272	0.0014	0.2017	0.1737	0.0280	0.0682	0.0316	0.0366	0.0035	0.0030	0.0005	0.0647	0.0286	0.0361	inf	0.0000	inf	0.0000	0.0000	0.0000	inf	0.0000	inf	0.0000	0.0000	0.0000	0.0000	0.0000	0.0000	0.0000	0.0000	0.0000						
41	46	0.0507	3	1	0	2	0	0	0	0	0	N	N	Y	N	N	N	N	N	N	N	N	N	0.0000	0.0000	0.0000	0.0000	0.0000	0.0000	0.0000	0.0000	0.0000	0.0000	0.0000	0.0000	0.0000	0.0000	0.0000	0.0002	0.0003	0.0000	0.0010	0.0010	0.0000	0.0000	0.0000	0.0000	0.0000	0.0000	-0.0000	4.0003	1.8806	0.0531	4.9930	0.0000	0.0000	0.0000	0.0000	0.0000	0.0000	0.0000	0.0000	0.0000	0.0000	0.0000	0.0000	0.0000	0.0000	0.0000	0.0000	0.0000	0.0000	0.0420	0.0373	0.0047	0.0096	0.0093	0.0004	0.0323	0.0280	0.0043	0.0226	0.0123	0.0103	0.0043	0.0041	0.0001	0.0183	0.0082	0.0101	0.0000	0.0000	0.0000	0.0000	0.0000	0.0000	0.0000	0.0000	0.0000	0.0002	0.0003	0.0000	0.0010	0.0010	0.0000	0.0000	0.0000	0.0000				
41	47	0.0383	2	1	0	2	0	0	0	0	0	N	N	Y	N	N	N	N	N	N	N	N	N	0.0000	0.0000	0.0000	0.0000	0.0000	0.0000	0.0000	0.0000	0.0000	0.0000	0.0000	0.0000	0.0000	0.0000	0.0000	0.0036	0.0079	0.0000	0.0153	0.0176	0.0000	0.0030	0.0069	0.0000	0.0000	0.0000	-0.0001	4.0003	2.1193	0.0531	4.2095	0.0000	0.0000	0.0000	0.0000	0.0000	0.0000	0.0000	0.0000	0.0000	0.0001	0.0001	0.0000	0.0000	0.0000	0.0000	0.0001	0.0001	0.0000	0.0510	0.0445	0.0065	0.0066	0.0062	0.0003	0.0445	0.0383	0.0062	0.0208	0.0096	0.0112	0.0010	0.0009	0.0001	0.0198	0.0087	0.0111	0.0000	0.0000	0.0000	0.0000	0.0000	0.0000	0.0000	0.0000	0.0000	0.0036	0.0079	0.0000	0.0153	0.0176	0.0000	0.0030	0.0069	0.0000				
41	48	0.0383	2	0	1	1	1	0	0	0	0	N	N	N	N	N	N	N	N	N	N	N	N	0.2411	0.0000	inf	0.0000	0.0000	0.2685	0.0000	inf	0.0010	0.0000	0.0078	0.0000	0.0000	0.0000	0.0011	0.0000	0.0082	0.0041	0.0089	0.0000	0.0022	0.0026	0.0000	0.0042	0.0095	0.0000	inf	0.0000	0.0001	-0.0003	4.0003	11.0000	0.0531	18.0000	0.0003	0.0000	0.0003	0.0000	0.0000	0.0000	0.0003	0.0000	0.0003	0.0004	0.0004	0.0000	0.0000	0.0000	0.0000	0.0003	0.0003	0.0000	0.2520	0.2199	0.0322	0.0312	0.0297	0.0016	0.2208	0.1902	0.0306	0.0875	0.0406	0.0469	0.0045	0.0039	0.0006	0.0830	0.0367	0.0463	0.2411	0.0000	inf	0.0000	0.0000	0.0000	0.2685	0.0000	inf	0.0041	0.0089	0.0000	0.0022	0.0026	0.0000	0.0042	0.0095	0.0000	
41	49	0.0383	2	0	1	1	0	0	0	0	0	N	N	N	N	N	N	N	N	N	N	N	N	inf	inf	inf	inf	0.0018	0.0000	0.0138	0.0000	0.0000	0.0000	0.0020	0.0000	0.0145	0.0000	0.0000	0.0000	0.0000	0.0000	0.0000	0.0000	0.0000	0.0000	inf	0.0001	0.0000	4.0003	6.0000	0.0531	11.0000	0.0003	0.0000	0.0003	0.0000	0.0000	0.0000	0.0003	0.0000	0.0003	0.0000	0.0000	0.0000	0.0000	0.0000	0.0000	0.0000	0.0000	0.0000	0.1413	0.1232	0.0181	0.0179	0.0170	0.0009	0.1234	0.1063	0.0172	0.0537	0.0249	0.0288	0.0027	0.0024	0.0004	0.0510	0.0225	0.0285	inf	0.0000	inf	0.0000	0.0000	0.0000	inf	0.0000	inf	0.0000	0.0000	0.0000	0.0000	0.0000	0.0000	0.0000	0.0000	0.0000						
41	51	0.0654	3	0	1	1	1	0	0	0	0	N	N	N	N	N	N	N	N	N	N	N	N	0.0053	inf	0.0000	inf	inf	0.0000	0.0000	0.0000	0.0000	0.0000	0.0000	0.0000	0.0000	0.0000	0.0000	0.0000	0.0000	0.0000	0.0001	0.0000	0.0000	0.0000	0.0000	0.0000	0.0001	0.0000	inf	-0.0000	0.0000	4.0003	0.9739	0.0531	0.0244	0.0000	0.0000	0.0000	0.0000	0.0000	0.0000	0.0000	0.0000	0.0000	0.0000	0.0000	0.0000	0.0000	0.0000	0.0000	0.0000	0.0000	0.0000	0.1231	0.1104	0.0127	0.0612	0.0592	0.0019	0.0619	0.0512	0.0108	0.0632	0.0515	0.0117	0.0322	0.0311	0.0012	0.0310	0.0205	0.0105	0.0053	inf	0.0000	inf	inf	0.0000	0.0000	0.0000	0.0000	0.0000	0.0000	0.0001	0.0000	0.0000	0.0000	0.0000	0.0000	0.0001		
41	52	0.0383	2	0	1	1	1	0	0	0	0	N	N	N	N	N	N	N	N	N	N	N	N	1.8961	0.7079	27.6396	0.0000	0.0000	18.1044	105.0820	28.7024	0.0005	0.0003	0.0013	0.0000	0.0000	0.0000	0.0005	0.0004	0.0014	0.0002	0.0005	0.0000	0.0042	0.0048	0.0000	0.0000	0.0000	0.0000	0.5925	0.1202	-0.0000	-0.0000	4.0003	10.0170	0.0531	8.1377	0.0001	0.0001	0.0000	0.0000	0.0000	0.0000	0.0001	0.0001	0.0000	0.0000	0.0000	0.0000	0.0000	0.0000	0.0000	0.0000	0.0000	0.0000	0.2307	0.2013	0.0295	0.0287	0.0273	0.0014	0.2020	0.1740	0.0280	0.0571	0.0264	0.0307	0.0029	0.0025	0.0004	0.0542	0.0239	0.0303	1.8961	0.7079	27.6396	0.0000	0.0000	0.0000	18.1044	105.0820	28.7024	0.0002	0.0005	0.0000	0.0042	0.0048	0.0000	0.0000	0.0000	0.0000	
41	53	0.0734	3	1	1	1	0	0	0	0	0	N	N	N	N	N	N	N	N	N	N	N	N	0.0000	0.0000	0.0000	0.0000	0.0000	0.0000	0.0000	0.0000	0.0000	0.0000	0.0000	0.0000	0.0000	0.0000	0.0000	0.0000	0.0000	0.0000	0.0000	0.0000	0.0000	0.0000	0.0000	0.0000	-0.0000	4.0003	1.0294	0.0531	5.0054	0.0000	0.0000	0.0000	0.0000	0.0000	0.0000	0.0000	0.0000	0.0000	0.0000	0.0000	0.0000	0.0000	0.0000	0.0000	0.0000	0.0000	0.0000	0.0529	0.0470	0.0059	0.0182	0.0179	0.0003	0.0347	0.0291	0.0056	0.0349	0.0231	0.0118	0.0127	0.0120	0.0007	0.0222	0.0111	0.0111	0.0000	0.0000	0.0000	0.0000	0.0000	0.0000	0.0000	0.0000	0.0000	0.0000	0.0000	0.0000	0.0000	0.0000	0.0000	0.0000	0.0000	0.0000						
41	54	0.0383	2	1	1	1	0	0	0	0	0	N	N	N	N	N	N	N	N	N	N	N	N	0.0001	0.0000	0.0246	0.0000	0.0000	0.0135	0.0691	0.0255	0.0000	0.0000	0.0000	0.0000	0.0000	0.0000	0.0000	0.0000	0.0000	0.0009	0.0018	0.0000	0.0168	0.0193	0.0000	0.0000	0.0000	0.0000	0.8000	0.0067	-0.0000	-0.0000	4.0003	7.2033	0.0531	14.9709	0.0000	0.0000	0.0000	0.0000	0.0000	0.0000	0.0000	0.0000	0.0000	0.0001	0.0001	0.0000	0.0001	0.0001	0.0000	0.0000	0.0000	0.0000	0.1685	0.1470	0.0216	0.0212	0.0201	0.0011	0.1473	0.1268	0.0205	0.0687	0.0318	0.0368	0.0035	0.0030	0.0005	0.0652	0.0288	0.0364	0.0001	0.0000	0.0246	0.0000	0.0000	0.0000	0.0135	0.0691	0.0255	0.0009	0.0018	0.0000	0.0168	0.0193	0.0000	0.0000	0.0000	0.0000	
41	58	0.2323	5	0	0	1	0	0	0	0	0	N	N	N	N	N	N	N	N	N	N	N	N	0.3956	3.7303	0.2537	6.1653	7.0561	2.2308	0.0567	0.0000	0.2253	0.0012	0.0011	0.0022	0.0026	0.0026	0.0026	0.0003	0.0000	0.0022	0.0031	0.0003	0.0088	0.0004	0.0004	0.0011	0.0055	0.0002	0.0097	0.2315	14.5173	-0.0003	0.0002	4.0003	16.5869	0.0531	24.5040	0.0010	0.0008	0.0002	0.0008	0.0008	0.0000	0.0002	0.0000	0.0002	0.0012	0.0001	0.0011	0.0001	0.0001	0.0000	0.0011	0.0000	0.0011	0.7920	0.7104	0.0816	0.3112	0.2984	0.0128	0.4807	0.4120	0.0688	0.3758	0.2523	0.1235	0.1779	0.1655	0.0124	0.1978	0.0867	0.1111	0.3956	3.7303	0.2537	6.1653	7.0561	2.2308	0.0567	0.0000	0.2253	0.0031	0.0003	0.0088	0.0004	0.0004	0.0011	0.0055	0.0002	0.0097
42	46	0.0433	2	1	0	1	0	0	0	0	0	N	N	N	N	N	N	N	N	N	N	N	N	0.0000	0.0000	0.0000	0.0000	0.0000	0.0000	0.0000	0.0000	0.0000	0.0000	0.0000	0.0000	0.0000	0.0000	0.0000	0.0000	0.0000	0.0011	0.0022	0.0000	0.0000	0.0000	0.0000	0.0013	0.0030	0.0000	0.0000	0.0000	-0.0001	8.9997	1.8806	11.0444	4.9930	0.0000	0.0000	0.0000	0.0000	0.0000	0.0000	0.0000	0.0000	0.0000	0.0001	0.0001	0.0000	0.0000	0.0000	0.0000	0.0001	0.0001	0.0000	0.0958	0.0845	0.0113	0.0088	0.0086	0.0002	0.0870	0.0759	0.0111	0.1194	0.0616	0.0577	0.0165	0.0163	0.0002	0.1029	0.0453	0.0576	0.0000	0.0000	0.0000	0.0000	0.0000	0.0000	0.0000	0.0000	0.0000	0.0011	0.0022	0.0000	0.0000	0.0000	0.0000	0.0013	0.0030	0.0000		
42	51	0.0580	2	0	1	0	1	0	0	0	0	N	N	N	N	N	N	N	N	N	N	N	N	901.9091	785.3150	1028.6567	999.3900	0.0021	0.0022	0.0000	0.0047	0.0047	0.0000	0.0000	0.0000	0.0000	0.0000	0.0000	0.0000	0.0000	0.0000	0.0000	0.0000	0.0000	0.0000	0.0000	0.0000	-0.0003	-0.0000	8.9997	0.9739	11.0444	0.0244	0.0007	0.0007	0.0000	0.0007	0.0007	0.0000	0.0000	0.0000	0.0000	0.0000	0.0000	0.0000	0.0000	0.0000	0.0000	0.0000	0.0000	0.0000	0.3361	0.3131	0.0231	0.1486	0.1476	0.0010	0.1875	0.1654	0.0221	0.2918	0.2367	0.0552	0.1471	0.1420	0.0051	0.1447	0.0946	0.0501	901.9091	785.3150	0.0000	1028.6567	999.3900	0.0000	0.0000	0.0000	0.0000	0.0000	0.0000	0.0000	0.0000	0.0000	0.0000	0.0000	0.0000	0.0000					
42	53	0.0661	2	1	1	0	0	0	0	0	0	N	N	N	N	N	N	N	N	N	N	N	N	0.0000	0.0000	0.0000	0.0000	0.0000	0.0000	0.0000	0.0000	0.0000	0.0000	0.0000	0.0000	0.0000	0.0000	0.0000	0.0000	0.0000	0.0000	0.0000	0.0000	0.0000	0.0000	0.0000	0.0000	0.0000	0.0000	11.1907	0.0000	0.0000	8.9997	1.0294	11.0444	5.0054	0.0000	0.0000	0.0000	0.0000	0.0000	0.0000	0.0000	0.0000	0.0000	0.0000	0.0000	0.0000	0.0000	0.0000	0.0000	0.0000	0.0000	0.0000	0.1188	0.1052	0.0136	0.0333	0.0330	0.0003	0.0855	0.0722	0.0133	0.1755	0.1108	0.0647	0.0543	0.0518	0.0024	0.1212	0.0590	0.0622	0.0000	0.0000	0.0000	0.0000	0.0000	0.0000	0.0000	0.0000	0.0000	0.0000	0.0000	0.0000	0.0000	0.0000	0.0000	0.0000	0.0000	0.0000		
42	58	0.2249	4	0	0	0	0	0	0	0	0	N	N	N	N	N	N	N	N	N	N	N	N	7.9486	0.0316	210844.7388	2.1329	0.0600	103761.9856	68.7363	0.0000	258644.3663	0.3941	0.0023	3.8507	0.2125	0.0064	6.7506	0.4872	0.0000	3.5222	0.0496	0.0739	0.0000	0.0996	0.1065	0.0001	0.0071	0.0159	0.0000	186.6544	0.0001	0.3613	-0.0668	8.9997	16.5869	11.0444	24.5040	0.6811	0.0036	0.6775	0.1245	0.0036	0.1208	0.5566	0.0000	0.5566	0.0892	0.0892	0.0000	0.0823	0.0823	0.0000	0.0069	0.0069	0.0000	1.7284	1.5525	0.1759	0.5859	0.5680	0.0179	1.1425	0.9845	0.1580	1.7997	1.2067	0.5930	0.8265	0.7729	0.0535	0.9732	0.4338	0.5394	7.9486	0.0316	210844.7388	2.1329	0.0600	103761.9856	68.7363	0.0000	258644.3663	0.0496	0.0739	0.0000	0.0996	0.1065	0.0001	0.0071	0.0159	0.0000
43	46	0.0506	2	2	1	2	0	0	0	0	0	Y	N	Y	N	N	N	N	N	N	N	N	N	0.0000	0.0000	0.0000	0.0000	0.0000	0.0000	0.0000	0.0000	0.0000	0.0000	0.0000	0.0000	0.0000	0.0000	0.0000	0.0000	0.0000	0.0000	0.0000	0.0000	10.0000	1.8806	13.0000	4.9930	0.0000	0.0000	0.0000	0.0000	0.0000	0.0000	0.0000	0.0000	0.0000	0.0000	0.0000	0.0000	0.0000	0.0000	0.0000	0.0000	0.0000	0.0000	0.1056	0.0932	0.0124	0.0097	0.0095	0.0002	0.0960	0.0837	0.0122	0.1352	0.0698	0.0653	0.0187	0.0185	0.0002	0.1165	0.0513	0.0651	0.0000	0.0000	0.0000	0.0000	0.0000	0.0000	0.0000	0.0000	0.0000	0.0000	0.0000	0.0000	0.0000	0.0000	0.0000	0.0000	0.0000	0.0000											
43	51	0.0653	2	1	2	1	1	0	0	0	0	N	Y	N	N	N	N	N	N	N	N	N	N	0.0550	0.0479	0.0628	0.0610	0.0028	0.0030	0.0000	0.0064	0.0064	0.0000	0.0000	0.0000	0.0000	0.0510	0.0629	0.0000	0.1012	0.1049	0.0000	0.0000	0.0000	0.0000	0.0000	0.0000	-0.0005	-0.0126	10.0000	0.9739	13.0000	0.0244	0.0010	0.0010	0.0000	0.0010	0.0010	0.0000	0.0000	0.0000	0.0000	0.0168	0.0168	0.0000	0.0168	0.0168	0.0000	0.0000	0.0000	0.0000	0.3703	0.3448	0.0254	0.1636	0.1626	0.0010	0.2066	0.1822	0.0244	0.3298	0.2674	0.0624	0.1662	0.1605	0.0058	0.1635	0.1069	0.0566	0.0550	0.0479	0.0000	0.0628	0.0610	0.0000	0.0000	0.0000	0.0000	0.0510	0.0629	0.0000	0.1012	0.1049	0.0000	0.0000	0.0000	0.0000					
43	53	0.0734	2	2	2	1	0	0	0	0	0	Y	Y	N	N	N	N	N	N	N	N	N	N	0.0000	0.0000	0.0000	0.0000	0.0000	0.0000	0.0000	0.0000	0.0000	0.0000	0.0000	0.0000	0.0000	0.0605	0.0000	0.1643	0.0000	0.0000	0.0000	0.0876	0.0000	0.1708	inf	0.0000	0.0030	10.0000	1.0294	13.0000	5.0054	0.0000	0.0000	0.0000	0.0000	0.0000	0.0000	0.0000	0.0000	0.0000	0.0120	0.0000	0.0120	0.0000	0.0000	0.0000	0.0120	0.0000	0.0120	0.1312	0.1162	0.0151	0.0368	0.0365	0.0003	0.0944	0.0797	0.0147	0.1987	0.1255	0.0732	0.0614	0.0587	0.0028	0.1373	0.0668	0.0705	0.0000	0.0000	0.0000	0.0000	0.0000	0.0000	0.0000	0.0000	0.0000	0.0605	0.0000	0.1643	0.0000	0.0000	0.0000	0.0876	0.0000	0.1708						
43	58	0.2323	4	1	1	1	0	0	0	0	0	N	N	N	N	N	N	N	N	N	N	N	N	0.5674	0.4236	0.0065	0.0063	0.5665	0.2931	0.4978	0.5542	0.0000	0.0023	0.0023	0.0000	0.7520	0.8726	0.0000	0.8774	1.3083	0.0000	0.3472	0.3712	0.0000	1.3274	2.9771	0.0000	0.0000	0.0000	-0.4408	-1.3418	10.0000	16.5869	13.0000	24.5040	0.9497	0.9497	0.0000	0.0015	0.0015	0.0000	0.9482	0.9482	0.0000	1.7920	1.7920	0.0000	0.3256	0.3256	0.0000	1.4664	1.4664	0.0000	1.9077	1.7137	0.1940	0.6468	0.6270	0.0197	1.2609	1.0867	0.1742	2.0426	1.3698	0.6728	0.9378	0.8772	0.0606	1.1047	0.4926	0.6122	0.5674	0.4236	0.0000	0.0065	0.0063	0.0000	0.5665	0.2931	0.0000	0.8774	1.3083	0.0000	0.3472	0.3712	0.0000	1.3274	2.9771	0.0000			
44	46	0.0486	2	1	1	1	0	0	0	0	0	N	N	N	N	N	N	N	N	N	N	N	N	0.0000	0.0000	0.0000	0.0000	0.0000	0.0000	0.0000	0.0000	0.0000	0.0000	0.0000	0.0000	0.0000	0.0000	0.0000	0.0000	0.0000	0.0000	0.0000	0.0000	8.0000	1.8806	13.0000	4.9930	0.0000	0.0000	0.0000	0.0000	0.0000	0.0000	0.0000	0.0000	0.0000	0.0000	0.0000	0.0000	0.0000	0.0000	0.0000	0.0000	0.0000	0.0000	0.0857	0.0756	0.0101	0.0078	0.0077	0.0001	0.0779	0.0679	0.0099	0.1246	0.0643	0.0602	0.0172	0.0170	0.0002	0.1074	0.0473	0.0600	0.0000	0.0000	0.0000	0.0000	0.0000	0.0000	0.0000	0.0000	0.0000	0.0000	0.0000	0.0000	0.0000	0.0000	0.0000	0.0000	0.0000	0.0000											
44	51	0.0633	2	0	2	0	1	0	0	0	0	N	Y	N	N	N	N	N	N	N	N	N	N	inf	inf	inf	inf	0.0023	0.0025	0.0000	0.0053	0.0053	0.0000	0.0000	0.0000	0.0000	0.0000	0.0000	0.0000	0.0000	0.0000	0.0000	0.0000	0.0000	0.0000	0.0000	-0.0003	0.0000	8.0000	0.9739	13.0000	0.0244	0.0007	0.0007	0.0000	0.0007	0.0007	0.0000	0.0000	0.0000	0.0000	0.0000	0.0000	0.0000	0.0000	0.0000	0.0000	0.0000	0.0000	0.0000	0.3009	0.2803	0.0206	0.1331	0.1322	0.0009	0.1679	0.1481	0.0198	0.3044	0.2468	0.0575	0.1534	0.1481	0.0053	0.1509	0.0987	0.0522	inf	inf	0.0000	inf	inf	0.0000	0.0000	0.0000	0.0000	0.0000	0.0000	0.0000	0.0000	0.0000	0.0000	0.0000	0.0000	0.0000						
44	53	0.0713	2	1	2	0	0	0	0	0	0	N	Y	N	N	N	N	N	N	N	N	N	N	0.0000	0.0000	0.0000	0.0000	0.0000	0.0000	0.0000	0.0000	0.0000	0.0000	0.0000	0.0000	0.0000	0.0000	0.0000	0.0223	0.0000	0.0605	0.0088	0.0000	0.1971	0.0283	0.0000	0.0551	inf	0.0000	0.0010	8.0000	1.0294	13.0000	5.0054	0.0000	0.0000	0.0000	0.0000	0.0000	0.0000	0.0000	0.0000	0.0000	0.0041	0.0000	0.0041	0.0005	0.0000	0.0005	0.0036	0.0000	0.0036	0.1061	0.0939	0.0122	0.0297	0.0295	0.0003	0.0764	0.0645	0.0119	0.1832	0.1157	0.0675	0.0566	0.0541	0.0025	0.1265	0.0616	0.0650	0.0000	0.0000	0.0000	0.0000	0.0000	0.0000	0.0000	0.0000	0.0000	0.0223	0.0000	0.0605	0.0088	0.0000	0.1971	0.0283	0.0000	0.0551				
44	58	0.2302	4	0	1	0	0	0	0	0	0	N	N	N	N	N	N	N	N	N	N	N	N	0.1672	0.1249	0.2266	0.2186	0.0078	0.0087	0.0000	0.0230	0.0237	0.0000	0.0000	0.0000	0.0000	0.0466	0.0695	0.0000	0.1014	0.1085	0.0000	0.0000	0.0000	0.0000	0.0000	0.0000	-0.0056	-0.0656	8.0000	16.5869	13.0000	24.5040	0.0120	0.0120	0.0000	0.0120	0.0120	0.0000	0.0000	0.0000	0.0000	0.0876	0.0876	0.0000	0.0876	0.0876	0.0000	0.0000	0.0000	0.0000	1.5444	1.3870	0.1574	0.5234	0.5074	0.0160	1.0210	0.8796	0.1414	1.8797	1.2604	0.6193	0.8632	0.8073	0.0559	1.0166	0.4531	0.5634	0.1672	0.1249	0.0000	0.2266	0.2186	0.0000	0.0000	0.0000	0.0000	0.0466	0.0695	0.0000	0.1014	0.1085	0.0000	0.0000	0.0000	0.0000					
45	46	0.0606	2	1	1	1	0	0	0	0	0	N	N	N	N	N	N	N	N	N	N	N	N	0.0000	0.0000	0.0000	0.0000	0.0000	0.0000	0.0000	0.0000	0.0000	0.0000	0.0000	0.0000	0.0000	0.0000	0.0000	0.0000	0.0000	0.0000	0.0000	0.0000	10.0000	1.8806	12.0000	4.9930	0.0000	0.0000	0.0000	0.0000	0.0000	0.0000	0.0000	0.0000	0.0000	0.0000	0.0000	0.0000	0.0000	0.0000	0.0000	0.0000	0.0000	0.0000	0.1058	0.0934	0.0124	0.0097	0.0095	0.0002	0.0961	0.0839	0.0122	0.1300	0.0672	0.0628	0.0180	0.0178	0.0002	0.1120	0.0494	0.0626	0.0000	0.0000	0.0000	0.0000	0.0000	0.0000	0.0000	0.0000	0.0000	0.0000	0.0000	0.0000	0.0000	0.0000	0.0000	0.0000	0.0000	0.0000											
45	51	0.0753	2	0	2	0	1	0	0	0	0	N	Y	N	N	N	N	N	N	N	N	N	N	0.0000	0.0000	0.0000	0.0000	0.0000	0.0000	0.0000	0.0000	0.0000	0.0000	0.0000	0.0000	0.0000	0.0000	0.0000	0.0000	0.0000	0.0000	0.0000	0.0000	10.0000	0.9739	12.0000	0.0244	0.0000	0.0000	0.0000	0.0000	0.0000	0.0000	0.0000	0.0000	0.0000	0.0000	0.0000	0.0000	0.0000	0.0000	0.0000	0.0000	0.0000	0.0000	0.3708	0.3454	0.0255	0.1639	0.1628	0.0010	0.2069	0.1825	0.0244	0.3174	0.2574	0.0600	0.1600	0.1544	0.0055	0.1574	0.1029	0.0545	0.0000	0.0000	0.0000	0.0000	0.0000	0.0000	0.0000	0.0000	0.0000	0.0000	0.0000	0.0000	0.0000	0.0000	0.0000	0.0000	0.0000	0.0000											
45	53	0.0834	2	1	2	0	0	0	0	0	0	N	Y	N	N	N	N	N	N	N	N	N	N	0.0000	0.0000	0.0000	0.0000	0.0000	0.0000	0.0000	0.0000	0.0000	0.0000	0.0000	0.0000	0.0000	0.0000	0.0000	0.0000	0.0000	0.0000	0.0000	0.0000	10.0000	1.0294	12.0000	5.0054	0.0000	0.0000	0.0000	0.0000	0.0000	0.0000	0.0000	0.0000	0.0000	0.0000	0.0000	0.0000	0.0000	0.0000	0.0000	0.0000	0.0000	0.0000	0.1314	0.1163	0.0151	0.0369	0.0366	0.0003	0.0945	0.0798	0.0147	0.1911	0.1207	0.0704	0.0591	0.0564	0.0026	0.1320	0.0643	0.0678	0.0000	0.0000	0.0000	0.0000	0.0000	0.0000	0.0000	0.0000	0.0000	0.0000	0.0000	0.0000	0.0000	0.0000	0.0000	0.0000	0.0000	0.0000											
45	58	0.2423	4	0	1	0	0	0	0	0	0	N	N	N	N	N	N	N	N	N	N	N	N	22.4789	0.0015	7050.9345	21.6204	0.0103	inf	20.1839	0.0000	5866.0394	0.3548	0.0000	3.4893	0.1869	0.0001	6.1295	0.4409	0.0000	3.1906	0.0158	0.0233	0.0005	0.0086	0.0092	0.0000	0.0218	0.0895	0.0005	11296.1667	0.0104	0.3631	-0.0229	10.0000	16.5869	12.0000	24.5040	0.6778	0.0001	0.6778	0.1210	0.0001	0.1210	0.5568	0.0000	0.5568	0.0310	0.0307	0.0003	0.0078	0.0078	0.0000	0.0232	0.0229	0.0003	1.9106	1.7164	0.1942	0.6477	0.6280	0.0197	1.2629	1.0883	0.1745	1.9629	1.3163	0.6466	0.9013	0.8430	0.0583	1.0616	0.4733	0.5883	22.4789	0.0015	7050.9345	21.6204	0.0103	inf	20.1839	0.0000	5866.0394	0.0158	0.0233	0.0005	0.0086	0.0092	0.0000	0.0218	0.0483	0.0005
46	48	0.0252	2	1	1	1	1	0	0	0	0	N	N	N	N	N	N	N	N	N	N	N	N	0.0000	0.0000	0.0000	0.0000	0.0000	0.0000	0.0000	0.0000	0.0000	0.0000	0.0000	0.0000	0.0000	0.0000	0.0000	0.0000	0.0000	0.0000	0.0000	0.0000	1.8806	11.0000	4.9930	18.0000	0.0000	0.0000	0.0000	0.0000	0.0000	0.0000	0.0000	0.0000	0.0000	0.0000	0.0000	0.0000	0.0000	0.0000	0.0000	0.0000	0.0000	0.0000	0.1157	0.1021	0.0136	0.0106	0.0104	0.0002	0.1051	0.0917	0.0134	0.1667	0.0863	0.0804	0.0232	0.0230	0.0002	0.1434	0.0633	0.0802	0.0000	0.0000	0.0000	0.0000	0.0000	0.0000	0.0000	0.0000	0.0000	0.0000	0.0000	0.0000	0.0000	0.0000	0.0000	0.0000	0.0000	0.0000											
46	49	0.0252	2	1	1	1	0	0	0	0	0	N	N	N	N	N	N	N	N	N	N	N	N	0.0000	0.0000	0.0000	0.0000	0.0000	0.0000	0.0000	0.0000	0.0000	0.0000	0.0000	0.0000	0.0000	0.0000	0.0000	0.0000	0.0000	0.0000	0.0000	0.0000	1.8806	6.0000	4.9930	11.0000	0.0000	0.0000	0.0000	0.0000	0.0000	0.0000	0.0000	0.0000	0.0000	0.0000	0.0000	0.0000	0.0000	0.0000	0.0000	0.0000	0.0000	0.0000	0.0651	0.0574	0.0077	0.0059	0.0058	0.0001	0.0591	0.0516	0.0076	0.1025	0.0529	0.0496	0.0141	0.0139	0.0001	0.0884	0.0389	0.0495	0.0000	0.0000	0.0000	0.0000	0.0000	0.0000	0.0000	0.0000	0.0000	0.0000	0.0000	0.0000	0.0000	0.0000	0.0000	0.0000	0.0000	0.0000											
46	51	0.0523	3	1	1	1	1	0	0	0	0	N	N	N	N	N	N	N	N	N	N	N	N	0.0000	0.0000	0.0000	0.0000	0.0000	0.0000	0.0000	0.0000	0.0000	0.0000	0.0000	0.0000	0.0000	0.0000	0.0000	0.0000	0.0000	0.0000	0.0000	0.0000	0.0000	0.0000	inf	0.0000	0.0000	1.8806	0.9739	4.9930	0.0244	0.0000	0.0000	0.0000	0.0000	0.0000	0.0000	0.0000	0.0000	0.0000	0.0000	0.0000	0.0000	0.0000	0.0000	0.0000	0.0000	0.0000	0.0000	0.0726	0.0680	0.0046	0.0333	0.0331	0.0002	0.0393	0.0349	0.0044	0.3492	0.2133	0.1359	0.1807	0.1741	0.0066	0.1685	0.0392	0.1293	0.0000	0.0000	0.0000	0.0000	0.0000	0.0000	0.0000	0.0000	0.0000	0.0000	0.0000	0.0000	0.0000	0.0000	0.0000	0.0000	0.0000	0.0000						
46	52	0.0252	2	1	1	1	1	0	0	0	0	N	N	N	N	N	N	N	N	N	N	N	N	0.0000	0.0000	0.0000	0.0000	0.0000	0.0000	0.0000	0.0000	0.0000	0.0000	0.0000	0.0000	0.0000	0.0000	0.0000	0.0000	0.0000	0.0000	2.0785	0.1517	4.1332	0.0100	0.0004	0.9202	2.4082	0.8749	4.1429	25.5462	0.0000	0.0484	1.8806	10.0170	4.9930	8.1377	0.0000	0.0000	0.0000	0.0000	0.0000	0.0000	0.0000	0.0000	0.0000	0.2264	0.0085	0.2179	0.0002	0.0000	0.0001	0.2262	0.0085	0.2177	0.1060	0.0935	0.0124	0.0097	0.0095	0.0002	0.0963	0.0840	0.0123	0.1089	0.0562	0.0527	0.0150	0.0148	0.0002	0.0939	0.0414	0.0526	0.0000	0.0000	0.0000	0.0000	0.0000	0.0000	0.0000	0.0000	0.0000	2.0785	0.1517	4.1332	0.0100	0.0004	0.9202	2.4082	0.2059	4.1429	
46	53	0.0604	3	2	1	1	0	0	0	0	0	Y	N	N	N	N	N	N	N	N	N	N	N	0.0000	0.0000	0.0000	0.0000	0.0000	0.0000	0.0000	0.0000	0.0000	0.0000	0.0000	0.0000	0.0000	0.0000	0.0000	0.0000	0.0003	0.0005	0.0000	0.0006	0.0006	0.0000	0.0000	0.0000	0.0000	0.0000	0.0000	-0.0000	1.8806	1.0294	4.9930	5.0054	0.0000	0.0000	0.0000	0.0000	0.0000	0.0000	0.0000	0.0000	0.0000	0.0000	0.0000	0.0000	0.0000	0.0000	0.0000	0.0000	0.0000	0.0000	0.0258	0.0232	0.0026	0.0103	0.0101	0.0002	0.0155	0.0130	0.0024	0.1745	0.1004	0.0741	0.0813	0.0773	0.0040	0.0932	0.0232	0.0701	0.0000	0.0000	0.0000	0.0000	0.0000	0.0000	0.0000	0.0000	0.0000	0.0003	0.0005	0.0000	0.0006	0.0006	0.0000	0.0000	0.0000	0.0000			
46	54	0.0252	2	2	1	1	0	0	0	0	0	Y	N	N	N	N	N	N	N	N	N	N	N	0.0000	0.0000	0.0000	0.0000	0.0000	0.0000	0.0000	0.0000	0.0000	0.0000	0.0000	0.0000	0.0000	0.0000	0.0000	0.0000	0.0000	0.0000	9.4628	12.8800	5.8099	0.0136	0.0001	1.4295	10.9786	17.5176	5.8236	0.4220	0.0000	-0.5600	1.8806	7.2033	4.9930	14.9709	0.0000	0.0000	0.0000	0.0000	0.0000	0.0000	0.0000	0.0000	0.0000	1.2389	0.8712	0.3676	0.0002	0.0000	0.0002	1.2386	0.8712	0.3674	0.0775	0.0684	0.0091	0.0071	0.0069	0.0001	0.0705	0.0615	0.0090	0.1309	0.0676	0.0633	0.0181	0.0179	0.0002	0.1128	0.0497	0.0631	0.0000	0.0000	0.0000	0.0000	0.0000	0.0000	0.0000	0.0000	0.0000	9.4628	12.8800	5.8099	0.0136	0.0001	1.2792	10.9786	17.5176	5.8236	
46	58	0.2192	5	1	0	1	0	0	0	0	0	N	N	N	N	N	N	N	N	N	N	N	N	41.8711	37.6123	0.0000	30.9872	28.6647	0.0000	109.4434	173941.5778	0.0000	1.9617	2.1665	0.0000	2.3657	2.4424	0.0000	1.7247	1.9860	0.0000	0.0469	0.0576	0.0240	0.0763	0.0852	0.0000	0.0158	0.0000	0.0288	0.0000	0.1957	-0.3032	-0.0197	1.8806	16.5869	4.9930	24.5040	0.6532	0.6532	0.0000	0.2912	0.2912	0.0000	0.3619	0.3619	0.0000	0.0337	0.0282	0.0055	0.0281	0.0281	0.0000	0.0055	0.0000	0.0055	0.3330	0.3015	0.0315	0.1231	0.1192	0.0039	0.2099	0.1822	0.0276	0.7185	0.4887	0.2298	0.3687	0.3304	0.0383	0.3498	0.1584	0.1914	41.8711	37.6123	0.0000	30.9872	28.6647	0.0000	109.4434	173941.5778	0.0000	0.0469	0.0576	0.0240	0.0763	0.0852	0.0000	0.0158	0.0000	0.0288
47	51	0.0395	2	1	1	1	1	0	0	0	0	N	N	N	N	N	N	N	N	N	N	N	N	0.0000	0.0000	0.0000	0.0000	0.0000	0.0000	0.0000	0.0000	0.0000	0.0000	0.0000	0.0000	0.0000	0.0000	0.0000	0.0000	0.0000	0.0000	0.0000	0.0000	0.0000	0.0000	0.0000	0.0000	-0.0000	2.1193	0.9739	4.2095	0.0244	0.0000	0.0000	0.0000	0.0000	0.0000	0.0000	0.0000	0.0000	0.0000	0.0000	0.0000	0.0000	0.0000	0.0000	0.0000	0.0000	0.0000	0.0000	0.0833	0.0776	0.0056	0.0369	0.0366	0.0002	0.0464	0.0410	0.0054	0.0984	0.0798	0.0186	0.0497	0.0479	0.0017	0.0487	0.0319	0.0168	0.0000	0.0000	0.0000	0.0000	0.0000	0.0000	0.0000	0.0000	0.0000	0.0000	0.0000	0.0000	0.0000	0.0000	0.0000	0.0000	0.0000	0.0000						
47	53	0.0475	2	2	1	1	0	0	0	0	0	Y	N	N	N	N	N	N	N	N	N	N	N	0.0000	0.0000	0.0000	0.0000	0.0000	0.0000	0.0000	0.0000	0.0000	0.0000	0.0000	0.0000	0.0000	0.0000	0.0000	0.0000	0.0000	0.0000	0.0009	0.0000	0.0023	0.0000	0.0000	0.0000	0.0013	0.0000	0.0024	427.9052	0.0000	0.0000	2.1193	1.0294	4.2095	5.0054	0.0000	0.0000	0.0000	0.0000	0.0000	0.0000	0.0000	0.0000	0.0000	0.0001	0.0000	0.0001	0.0000	0.0000	0.0000	0.0001	0.0000	0.0001	0.0289	0.0256	0.0033	0.0080	0.0080	0.0001	0.0209	0.0176	0.0033	0.0586	0.0369	0.0216	0.0181	0.0173	0.0008	0.0404	0.0196	0.0208	0.0000	0.0000	0.0000	0.0000	0.0000	0.0000	0.0000	0.0000	0.0000	0.0009	0.0000	0.0023	0.0000	0.0000	0.0000	0.0013	0.0000	0.0024	
47	58	0.2064	4	1	0	1	0	0	0	0	0	N	N	N	N	N	N	N	N	N	N	N	N	0.0049	0.0036	0.0066	0.0064	0.0000	0.0000	0.0000	0.0001	0.0000	0.0001	0.0001	0.0000	0.0000	0.0000	0.0000	0.0093	0.0139	0.0000	0.0202	0.0216	0.0000	0.0000	0.0001	0.0000	0.0000	0.0000	-0.0000	-0.0041	2.1193	16.5869	4.2095	24.5040	0.0000	0.0000	0.0000	0.0000	0.0000	0.0000	0.0000	0.0000	0.0000	0.0055	0.0055	0.0000	0.0055	0.0055	0.0000	0.0000	0.0000	0.0000	0.4222	0.3788	0.0433	0.1429	0.1385	0.0045	0.2792	0.2403	0.0389	0.5944	0.3983	0.1962	0.2733	0.2554	0.0179	0.3212	0.1429	0.1783	0.0049	0.0036	0.0000	0.0066	0.0064	0.0000	0.0000	0.0000	0.0000	0.0093	0.0139	0.0000	0.0202	0.0216	0.0000	0.0000	0.0001	0.0000			
48	51	0.0799	2	0	2	0	2	0	0	0	0	N	Y	N	Y	N	N	N	N	N	N	N	N	inf	inf	inf	inf	0.0026	0.0028	0.0000	0.0058	0.0058	0.0000	0.0000	0.0000	0.0000	0.0000	0.0000	0.0000	0.0000	0.0000	0.0000	0.0000	0.0000	0.0000	0.0000	-0.0005	0.0000	11.0000	0.9739	18.0000	0.0244	0.0010	0.0010	0.0000	0.0010	0.0010	0.0000	0.0000	0.0000	0.0000	0.0000	0.0000	0.0000	0.0000	0.0000	0.0000	0.0000	0.0000	0.0000	0.4050	0.3772	0.0279	0.1790	0.1778	0.0011	0.2261	0.1994	0.0267	0.4050	0.3283	0.0767	0.2040	0.1970	0.0070	0.2010	0.1313	0.0697	inf	inf	0.0000	inf	inf	0.0000	0.0000	0.0000	0.0000	0.0000	0.0000	0.0000	0.0000	0.0000	0.0000	0.0000	0.0000	0.0000						
48	53	0.0879	2	1	2	0	1	0	0	0	0	N	Y	N	N	N	N	N	N	N	N	N	N	0.0000	0.0000	0.0000	0.0000	0.0000	0.0000	0.0000	0.0000	0.0000	0.0000	0.0000	0.0000	0.0000	0.0000	0.0000	0.0000	0.0000	0.0000	0.0000	0.0000	11.0000	1.0294	18.0000	5.0054	0.0000	0.0000	0.0000	0.0000	0.0000	0.0000	0.0000	0.0000	0.0000	0.0000	0.0000	0.0000	0.0000	0.0000	0.0000	0.0000	0.0000	0.0000	0.1439	0.1274	0.0165	0.0405	0.0401	0.0004	0.1034	0.0873	0.0161	0.2452	0.1550	0.0902	0.0758	0.0724	0.0034	0.1694	0.0826	0.0868	0.0000	0.0000	0.0000	0.0000	0.0000	0.0000	0.0000	0.0000	0.0000	0.0000	0.0000	0.0000	0.0000	0.0000	0.0000	0.0000	0.0000	0.0000											
48	58	0.2468	4	0	1	0	1	0	0	0	0	N	N	N	N	N	N	N	N	N	N	N	N	1.3361	360.9202	0.0721	0.3636	2.0420	0.2229	1.1127	inf	0.0696	0.9187	1.0056	0.1502	0.0115	0.0089	0.0956	1.3842	1.5808	0.1564	0.6876	0.0028	2.0832	0.0317	0.0044	0.4290	1.2440	0.0000	2.2463	0.0169	366.8964	-0.8598	0.4325	11.0000	16.5869	18.0000	24.5040	1.9210	1.8891	0.0319	0.0082	0.0061	0.0021	1.9128	1.8830	0.0298	1.7401	0.0047	1.7354	0.0368	0.0047	0.0321	1.7033	0.0000	1.7033	2.0909	1.8786	0.2123	0.7090	0.6874	0.0215	1.3819	1.1912	0.1908	2.5307	1.6977	0.8331	1.1615	1.0867	0.0748	1.3693	0.6110	0.7583	1.3361	360.9202	0.0721	0.3636	2.0420	0.2229	1.1127	inf	0.0696	0.6876	0.0028	2.0832	0.0317	0.0044	0.4290	1.2440	0.0000	2.2463
49	51	0.0985	2	0	2	0	1	0	0	0	0	N	Y	N	N	N	N	N	N	N	N	N	N	0.0000	0.0000	0.0000	0.0000	0.0000	0.0000	0.0000	0.0000	0.0000	0.0000	0.0000	0.0000	0.0000	0.0000	0.0000	0.0000	0.0000	0.0000	0.0000	0.0000	6.0000	0.9739	11.0000	0.0244	0.0000	0.0000	0.0000	0.0000	0.0000	0.0000	0.0000	0.0000	0.0000	0.0000	0.0000	0.0000	0.0000	0.0000	0.0000	0.0000	0.0000	0.0000	0.2290	0.2134	0.0156	0.1013	0.1007	0.0007	0.1277	0.1127	0.0150	0.2511	0.2036	0.0474	0.1266	0.1222	0.0044	0.1245	0.0814	0.0430	0.0000	0.0000	0.0000	0.0000	0.0000	0.0000	0.0000	0.0000	0.0000	0.0000	0.0000	0.0000	0.0000	0.0000	0.0000	0.0000	0.0000	0.0000											
49	53	0.1065	2	1	2	0	0	0	0	0	0	N	Y	N	N	N	N	N	N	N	N	N	N	0.0000	0.0000	0.0000	0.0000	0.0000	0.0000	0.0000	0.0000	0.0000	0.0000	0.0000	0.0000	0.0000	0.0000	0.0000	6.6290	0.0000	59.7494	0.0004	0.0000	0.0096	9.5973	0.0000	65.9889	inf	0.0000	0.2509	6.0000	1.0294	11.0000	5.0054	0.0000	0.0000	0.0000	0.0000	0.0000	0.0000	0.0000	0.0000	0.0000	0.9986	0.0000	0.9986	0.0000	0.0000	0.0000	0.9985	0.0000	0.9985	0.0804	0.0711	0.0093	0.0224	0.0222	0.0002	0.0579	0.0489	0.0091	0.1506	0.0951	0.0556	0.0466	0.0445	0.0021	0.1040	0.0506	0.0535	0.0000	0.0000	0.0000	0.0000	0.0000	0.0000	0.0000	0.0000	0.0000	6.6290	0.0000	17.9732	0.0004	0.0000	0.0096	9.5973	0.0000	18.6737				
49	58	0.2654	4	0	1	0	0	0	0	0	0	N	N	N	N	N	N	N	N	N	N	N	N	4.9779	0.1081	inf	0.5731	0.1893	inf	inf	inf	0.4014	0.0130	3.8146	0.1006	0.0355	2.1475	0.5556	0.0000	4.0043	0.0806	0.1203	0.0000	0.1756	0.1877	0.0000	0.0000	0.0000	0.0000	33.3982	0.0000	0.2381	-0.0931	6.0000	16.5869	11.0000	24.5040	0.4699	0.0137	0.4562	0.0399	0.0137	0.0262	0.4300	0.0000	0.4300	0.1243	0.1243	0.0000	0.1243	0.1243	0.0000	0.0000	0.0000	0.0000	1.1706	1.0510	0.1196	0.3966	0.3844	0.0122	0.7740	0.6666	0.1074	1.5415	1.0334	0.5081	0.7080	0.6621	0.0460	0.8334	0.3713	0.4621	4.9779	0.1081	inf	0.5731	0.1893	inf	inf	0.0000	inf	0.0806	0.1203	0.0000	0.1756	0.1877	0.0000	0.0000	0.0000	0.0000	
51	53	0.0670	3	1	2	0	1	0	0	0	0	N	Y	N	N	N	N	N	N	N	N	N	N	0.0000	0.0000	0.0000	0.0000	0.0000	0.0000	0.0000	0.0000	0.0000	0.0000	0.0000	0.0000	0.0000	0.0000	0.0000	0.0000	0.0000	0.0005	0.0008	0.0000	0.0009	0.0010	0.0000	0.0000	0.0000	0.0000	0.0002	0.0000	-0.0002	0.9739	1.0294	0.0244	5.0054	0.0000	0.0000	0.0000	0.0000	0.0000	0.0000	0.0000	0.0000	0.0000	0.0002	0.0002	0.0000	0.0002	0.0002	0.0000	0.0000	0.0000	0.0000	0.2657	0.1578	0.1079	0.1365	0.1307	0.0058	0.1292	0.0270	0.1022	0.4343	0.2571	0.1772	0.2270	0.2165	0.0105	0.2073	0.0406	0.1667	0.0000	0.0000	0.0000	0.0000	0.0000	0.0000	0.0000	0.0000	0.0000	0.0005	0.0008	0.0000	0.0009	0.0010	0.0000	0.0000	0.0000	0.0000		
51	54	0.0319	2	1	2	0	1	0	0	0	0	N	Y	N	N	N	N	N	N	N	N	N	N	0.0000	0.0000	0.0000	0.0000	0.0000	0.0000	0.0000	0.0000	0.0000	0.0000	0.0000	0.0000	0.0000	0.0000	0.0000	0.0000	0.0581	0.0717	0.0000	0.1153	0.1195	0.0000	0.0000	0.0000	0.0000	0.0000	0.0000	-0.0139	0.9739	7.2033	0.0244	14.9709	0.0000	0.0000	0.0000	0.0000	0.0000	0.0000	0.0000	0.0000	0.0000	0.0186	0.0186	0.0000	0.0186	0.0186	0.0000	0.0000	0.0000	0.0000	0.2725	0.2539	0.0186	0.1205	0.1198	0.0008	0.1520	0.1341	0.0179	0.3196	0.2592	0.0604	0.1611	0.1555	0.0056	0.1585	0.1036	0.0549	0.0000	0.0000	0.0000	0.0000	0.0000	0.0000	0.0000	0.0000	0.0000	0.0581	0.0717	0.0000	0.1153	0.1195	0.0000	0.0000	0.0000	0.0000			
51	58	0.2259	5	0	1	0	1	0	0	0	0	N	N	N	N	N	N	N	N	N	N	N	N	278.7514	19.3170	561.9445	18.2979	11.8658	6095.2508	283.4136	7328.7755	1189.8716	0.6536	0.0018	4.1821	0.0019	0.0015	0.0037	1.7859	0.0024	14.4940	0.0023	0.0001	0.0074	0.0001	0.0001	0.0000	0.0063	0.0000	0.0122	420.2866	34.5182	0.4839	0.0009	0.9739	16.5869	0.0244	24.5040	0.9070	0.0022	0.9049	0.0017	0.0011	0.0006	0.9054	0.0011	0.9043	0.0040	0.0001	0.0039	0.0001	0.0001	0.0000	0.0039	0.0000	0.0039	1.3877	1.1713	0.2164	0.8807	0.7268	0.1540	0.5070	0.4446	0.0624	1.7120	1.1878	0.5242	1.0929	0.8889	0.2040	0.6191	0.2989	0.3203	278.7514	19.3170	561.9445	18.2979	11.8658	6095.2508	283.4136	7328.7755	1189.8716	0.0023	0.0001	0.0074	0.0001	0.0001	0.0000	0.0063	0.0000	0.0122
52	53	0.0622	2	1	2	0	1	0	0	0	0	N	Y	N	N	N	N	N	N	N	N	N	N	0.0002	0.0007	0.0000	0.0026	0.0308	0.0000	0.0000	0.0000	0.0000	0.0000	0.0000	0.0000	0.0000	0.0000	0.0000	0.0000	0.0000	0.0000	0.0263	0.0072	0.0589	0.0061	0.0005	0.1242	0.0354	0.0131	0.0564	0.0000	4.7566	-0.0000	0.0003	10.0170	1.0294	8.1377	5.0054	0.0000	0.0000	0.0000	0.0000	0.0000	0.0000	0.0000	0.0000	0.0000	0.0042	0.0007	0.0035	0.0003	0.0000	0.0003	0.0039	0.0007	0.0032	0.1316	0.1165	0.0151	0.0370	0.0366	0.0003	0.0947	0.0799	0.0148	0.1601	0.1011	0.0590	0.0495	0.0473	0.0022	0.1106	0.0538	0.0568	0.0002	0.0007	0.0000	0.0026	0.0308	0.0000	0.0000	0.0000	0.0000	0.0263	0.0072	0.0589	0.0061	0.0005	0.1242	0.0354	0.0131	0.0564
52	58	0.2211	4	0	1	0	1	0	0	0	0	N	N	N	N	N	N	N	N	N	N	N	N	47.6046	25.6536	inf	2.0427	1.3205	inf	inf	inf	inf	1.4070	1.1309	3.8463	0.1314	0.0909	1.4225	2.0612	1.7310	4.1204	0.0296	0.0441	0.0000	0.0643	0.0688	0.0000	0.0000	0.0000	0.0000	0.3849	0.0000	-0.5015	-0.0363	10.0170	16.5869	8.1377	24.5040	2.6925	1.9442	0.7483	0.0853	0.0572	0.0281	2.6072	1.8870	0.7202	0.0485	0.0485	0.0000	0.0485	0.0485	0.0000	0.0000	0.0000	0.0000	1.9137	1.7191	0.1946	0.6488	0.6290	0.0198	1.2649	1.0901	0.1748	1.6400	1.0995	0.5405	0.7532	0.7044	0.0489	0.8868	0.3951	0.4916	47.6046	25.6536	inf	2.0427	1.3205	inf	inf	inf	inf	0.0296	0.0441	0.0000	0.0643	0.0688	0.0000	0.0000	0.0000	0.0000
53	58	0.2509	5	1	1	0	0	0	0	0	0	N	N	N	N	N	N	N	N	N	N	N	N	0.0000	0.0000	0.0000	0.0000	0.0000	0.0000	0.0000	0.0000	0.0000	0.0000	0.0000	0.0000	0.0000	0.0000	0.0000	0.0000	0.0000	0.0000	0.2052	0.2932	0.0011	0.0831	0.0982	0.0000	0.3737	1.0295	0.0016	0.0000	0.0017	-0.0000	-0.1611	1.0294	16.5869	5.0054	24.5040	0.0000	0.0000	0.0000	0.0000	0.0000	0.0000	0.0000	0.0000	0.0000	0.2157	0.2153	0.0004	0.0506	0.0506	0.0000	0.1650	0.1647	0.0004	0.6196	0.5037	0.1159	0.3525	0.2980	0.0545	0.2670	0.2057	0.0613	1.0510	0.7344	0.3167	0.6094	0.5156	0.0938	0.4416	0.2187	0.2229	0.0000	0.0000	0.0000	0.0000	0.0000	0.0000	0.0000	0.0000	0.0000	0.2052	0.2932	0.0011	0.0831	0.0982	0.0000	0.3737	0.7527	0.0016
54	58	0.2291	4	1	1	0	0	0	0	0	0	N	N	N	N	N	N	N	N	N	N	N	N	0.0009	0.0012	0.0000	0.0022	0.0022	0.0000	0.0000	0.0000	0.0000	0.0002	0.0003	0.0000	0.0007	0.0007	0.0000	0.0000	0.0000	0.0000	0.2678	0.2072	0.3912	0.3035	0.3228	0.0243	0.2374	0.0011	0.4275	0.0000	0.9276	-0.0001	-0.1417	7.2033	16.5869	14.9709	24.5040	0.0003	0.0003	0.0000	0.0003	0.0003	0.0000	0.0000	0.0000	0.0000	0.5295	0.2747	0.2548	0.2756	0.2742	0.0014	0.2539	0.0005	0.2534	1.3964	1.2540	0.1425	0.4732	0.4587	0.0145	0.9232	0.7953	0.1279	1.9774	1.3260	0.6514	0.9079	0.8492	0.0587	1.0694	0.4768	0.5927	0.0009	0.0012	0.0000	0.0022	0.0022	0.0000	0.0000	0.0000	0.0000	0.2678	0.2072	0.3912	0.3035	0.3228	0.0243	0.2374	0.0011	0.4275
55	58	0.1940	3	0	0	0	0	0	0	0	0	N	N	N	N	N	N	N	N	N	N	N	N	0.0063	0.0047	0.0001	0.0085	0.0083	0.0004	0.0000	0.0000	0.0000	0.0003	0.0004	0.0000	0.0009	0.0009	0.0000	0.0000	0.0000	0.0000	0.0510	0.0786	0.0038	0.1009	0.1085	0.0044	0.0025	0.0001	0.0037	0.0002	0.0282	-0.0001	-0.1144	4.2136	16.5869	14.8238	24.5040	0.0003	0.0003	0.0000	0.0003	0.0003	0.0000	0.0000	0.0000	0.0000	0.1586	0.1543	0.0043	0.1547	0.1542	0.0005	0.0039	0.0001	0.0038	0.9588	0.8290	0.1298	0.3549	0.3380	0.0169	0.6038	0.4910	0.1128	3.1111	1.9624	1.1487	1.5329	1.4210	0.1118	1.5782	0.5414	1.0368	0.0063	0.0047	0.0001	0.0085	0.0083	0.0004	0.0000	0.0000	0.0000	0.0510	0.0786	0.0038	0.1009	0.1085	0.0044	0.0025	0.0001	0.0037
56	58	0.1578	2	0	0	0	0	0	0	0	0	N	N	N	N	N	N	N	N	N	N	N	N	0.3932	0.3150	0.0469	0.5231	0.5156	0.0240	0.0226	0.0217	0.0587	0.1743	0.2086	0.0020	0.4080	0.4475	0.0020	0.0006	0.0001	0.0020	0.4432	0.6624	0.0430	0.7799	0.8680	0.0825	0.0249	0.0064	0.0346	0.0019	0.0356	-0.0109	-0.2840	0.9226	16.5869	3.2221	24.5040	0.0236	0.0236	0.0000	0.0236	0.0236	0.0000	0.0000	0.0000	0.0000	0.3976	0.3839	0.0137	0.3876	0.3830	0.0046	0.0099	0.0009	0.0091	0.1356	0.1131	0.0226	0.0578	0.0527	0.0051	0.0778	0.0604	0.0174	0.8972	0.5796	0.3176	0.4970	0.4413	0.0557	0.4001	0.1383	0.2618	0.3932	0.3150	0.0469	0.5231	0.5156	0.0240	0.0226	0.0217	0.0587	0.4432	0.6624	0.0430	0.7799	0.8680	0.0825	0.0249	0.0064	0.0346
