branch_id_1	branch_id_2	dist_bl	dist_node_num	branch_num_fg_tube	branch_num_fg_pink	branch_num_fg_yellow	branch_num_fg_beakless	branch_num_mg_tube	branch_num_mg_pink	branch_num_mg_yellow	branch_num_mg_beakless	is_fg_tube	is_fg_pink	is_fg_yellow	is_fg_beakless	is_mf_tube	is_mf_pink	is_mf_yellow	is_mf_beakless	is_mg_tube	is_mg_pink	is_mg_yellow	is_mg_beakless	omegaCany2any	omegaCany2dif	omegaCany2spe	omegaCdif2any	omegaCdif2dif	omegaCdif2spe	omegaCspe2any	omegaCspe2dif	omegaCspe2spe	dNCany2any	dNCany2dif	dNCany2spe	dNCdif2any	dNCdif2dif	dNCdif2spe	dNCspe2any	dNCspe2dif	dNCspe2spe	dSCany2any	dSCany2dif	dSCany2spe	dSCdif2any	dSCdif2dif	dSCdif2spe	dSCspe2any	dSCspe2dif	dSCspe2spe	OCNCoD	OCSCoD	OCN_linreg_residual	OCS_linreg_residual	N_sub_1	N_sub_2	S_sub_1	S_sub_2	OCNany2any	OCNany2dif	OCNany2spe	OCNdif2any	OCNdif2dif	OCNdif2spe	OCNspe2any	OCNspe2dif	OCNspe2spe	OCSany2any	OCSany2dif	OCSany2spe	OCSdif2any	OCSdif2dif	OCSdif2spe	OCSspe2any	OCSspe2dif	OCSspe2spe	ECNany2any	ECNany2dif	ECNany2spe	ECNdif2any	ECNdif2dif	ECNdif2spe	ECNspe2any	ECNspe2dif	ECNspe2spe	ECSany2any	ECSany2dif	ECSany2spe	ECSdif2any	ECSdif2dif	ECSdif2spe	ECSspe2any	ECSspe2dif	ECSspe2spe	omegaCany2any_nocalib	omegaCany2dif_nocalib	omegaCany2spe_nocalib	omegaCdif2any_nocalib	omegaCdif2dif_nocalib	omegaCdif2spe_nocalib	omegaCspe2any_nocalib	omegaCspe2dif_nocalib	omegaCspe2spe_nocalib	dSCany2any_nocalib	dSCany2dif_nocalib	dSCany2spe_nocalib	dSCdif2any_nocalib	dSCdif2dif_nocalib	dSCdif2spe_nocalib	dSCspe2any_nocalib	dSCspe2dif_nocalib	dSCspe2spe_nocalib
0	1	0.1679	5	2	2	0	1	0	0	0	0	Y	Y	N	N	N	N	N	N	N	N	N	N	0.0000	0.0000	0.0000	0.0000	0.0000	0.0000	0.0000	0.0000	0.0000	0.0000	0.0000	0.0000	0.0000	0.0000	0.0000	0.0000	0.0000	1.1007	0.0035	2.8927	0.0044	0.0046	0.0009	2.1877	0.0000	3.0952	501.6253	0.0000	0.0250	4.0000	0.0333	3.4393	1.1398	0.0000	0.0000	0.0000	0.0000	0.0000	0.0000	0.0000	0.0000	0.0000	0.0641	0.0001	0.0639	0.0001	0.0001	0.0000	0.0639	0.0000	0.0639	0.0135	0.0126	0.0010	0.0065	0.0064	0.0001	0.0070	0.0061	0.0009	0.0582	0.0361	0.0221	0.0290	0.0275	0.0014	0.0292	0.0086	0.0207	0.0000	0.0000	0.0000	0.0000	0.0000	0.0000	0.0000	0.0000	0.0000	1.1007	0.0035	2.8927	0.0044	0.0046	0.0009	2.1877	0.0000	3.0952		
0	2	0.1567	3	2	2	0	0	0	0	0	0	Y	Y	N	N	N	N	N	N	N	N	N	N	11.5098	8076.0962	0.0000	0.0228	0.7388	0.0000	7.9978	inf	0.0000	4.8730	5.4581	0.0000	0.0006	0.0006	0.0000	6.6094	7.5912	0.0000	0.4234	0.0007	0.9429	0.0244	0.0008	0.3741	0.8264	0.0000	0.9864	0.0000	1135.1141	-0.5566	0.0223	4.0000	2.0164	3.4393	0.1427	0.9977	0.9977	0.0000	0.0000	0.0000	0.0000	0.9976	0.9976	0.0000	0.0568	0.0000	0.0568	0.0016	0.0000	0.0016	0.0552	0.0000	0.0552	0.2047	0.1828	0.0219	0.0538	0.0514	0.0024	0.1509	0.1314	0.0195	0.1342	0.0740	0.0602	0.0674	0.0632	0.0043	0.0667	0.0108	0.0559	11.5098	8076.0962	0.0000	0.0228	0.7388	0.0000	7.9978	inf	0.0000	0.4234	0.0007	0.9429	0.0244	0.0008	0.3741	0.8264	0.0000	0.9864
0	3	0.1571	3	1	2	0	0	0	0	0	0	N	Y	N	N	N	N	N	N	N	N	N	N	0.0007	0.0000	515.9303	0.0000	0.0000	0.0000	173.3877	0.0000	1027.0391	0.0000	0.0000	0.0003	0.0000	0.0000	0.0000	0.0000	0.0000	0.0003	0.0381	0.0741	0.0000	0.1108	0.1151	0.0000	0.0000	0.0000	0.0000	inf	0.0000	0.0000	-0.0041	4.0000	2.9622	3.4393	3.1597	0.0000	0.0000	0.0000	0.0000	0.0000	0.0000	0.0000	0.0000	0.0000	0.0067	0.0067	0.0000	0.0067	0.0067	0.0000	0.0000	0.0000	0.0000	0.3411	0.3059	0.0352	0.1279	0.1206	0.0073	0.2132	0.1853	0.0278	0.1754	0.0901	0.0853	0.0603	0.0580	0.0023	0.1151	0.0321	0.0831	0.0007	0.0000	515.9303	0.0000	0.0000	0.0000	173.3877	0.0000	1027.0391	0.0381	0.0741	0.0000	0.1108	0.1151	0.0000	0.0000	0.0000	0.0000
0	4	0.1687	3	2	1	1	0	0	0	0	0	Y	N	N	N	N	N	N	N	N	N	N	N	0.0000	0.0000	0.0000	0.0000	0.0000	0.0000	0.0000	0.0000	0.0000	0.0000	0.0000	0.0000	0.0000	0.0000	0.0000	0.0000	0.0000	0.0000	0.0000	0.0000	4.0000	0.0000	3.4393	0.0000	0.0000	0.0000	0.0000	0.0000	0.0000	0.0000	0.0000	0.0000	0.0000	0.0000	0.0000	0.0000	0.0000	0.0000	0.0000	0.0000	0.0000	0.0000	0.0000	0.0000	0.0000	0.0000	0.0000	0.0000	0.0000	0.0000	0.0000	0.0000	0.0000	0.0000	0.0000	0.0000	0.0000	0.0000	0.0000	0.0000	0.0000	0.0000	0.0000	0.0000	0.0000	0.0000	0.0000	0.0000	0.0000	0.0000	0.0000	0.0000	0.0000	0.0000	0.0000	0.0000	0.0000	0.0000											
0	5	0.1329	2	1	2	0	0	0	0	0	0	N	Y	N	N	N	N	N	N	N	N	N	N	inf	inf	inf	inf	0.0000	0.0000	0.0002	0.0000	0.0000	0.0000	0.0000	0.0000	0.0002	0.0000	0.0000	0.0000	0.0000	0.0000	0.0000	0.0000	0.0000	0.0000	inf	0.0000	0.0000	4.0000	5.9998	3.4393	3.0000	0.0000	0.0000	0.0000	0.0000	0.0000	0.0000	0.0000	0.0000	0.0000	0.0000	0.0000	0.0000	0.0000	0.0000	0.0000	0.0000	0.0000	0.0000	0.5713	0.5060	0.0653	0.1066	0.1012	0.0054	0.4647	0.4048	0.0599	0.3007	0.1295	0.1712	0.0468	0.0467	0.0001	0.2539	0.0828	0.1711	inf	0.0000	inf	0.0000	0.0000	0.0000	inf	0.0000	inf	0.0000	0.0000	0.0000	0.0000	0.0000	0.0000	0.0000	0.0000	0.0000						
0	6	0.1567	3	1	2	0	0	0	0	0	0	N	Y	N	N	N	N	N	N	N	N	N	N	0.0507	35.4594	0.0009	3.2220	103.9100	0.0000	0.0001	0.0009	0.0215	0.0240	0.0008	0.0790	0.0825	0.0000	0.0001	0.0000	0.0009	0.4247	0.0007	0.9460	0.0245	0.0008	0.3768	0.8290	0.0000	0.9894	0.0042	1135.1143	-0.0013	0.0223	4.0000	1.0139	3.4393	1.1272	0.0024	0.0024	0.0000	0.0024	0.0024	0.0000	0.0000	0.0000	0.0000	0.0568	0.0000	0.0568	0.0016	0.0000	0.0016	0.0552	0.0000	0.0552	0.1101	0.0982	0.0120	0.0299	0.0286	0.0013	0.0803	0.0696	0.0107	0.1338	0.0738	0.0600	0.0672	0.0630	0.0042	0.0665	0.0108	0.0558	0.0507	35.4594	0.0009	3.2220	103.9100	0.0000	0.0001	0.0000	0.0009	0.4247	0.0007	0.9460	0.0245	0.0008	0.3768	0.8290	0.0000	0.9894	
0	7	0.1329	2	1	2	0	0	0	0	0	0	N	Y	N	N	N	N	N	N	N	N	N	N	0.0024	0.9733	0.0001	0.0001	0.0545	0.0000	0.0025	0.7661	0.0001	0.0226	0.0255	0.0008	0.0000	0.0000	0.0000	0.0280	0.0322	0.0009	9.3607	0.0262	16.2702	0.0008	0.0000	0.3711	11.1473	0.0420	16.2800	0.0043	838.2577	-0.0013	0.5416	4.0000	0.9928	3.4393	2.8771	0.0024	0.0024	0.0000	0.0000	0.0000	0.0000	0.0024	0.0024	0.0000	1.3832	0.0016	1.3815	0.0000	0.0000	0.0000	1.3831	0.0016	1.3815	0.1044	0.0921	0.0123	0.0201	0.0191	0.0010	0.0843	0.0730	0.0113	0.1478	0.0629	0.0849	0.0237	0.0236	0.0001	0.1241	0.0392	0.0849	0.0024	0.9733	0.0001	0.0001	0.0545	0.0000	0.0025	0.7661	0.0001	9.3607	0.0262	16.2702	0.0008	0.0000	0.3711	11.1473	0.0420	16.2800
0	8	0.1329	2	2	2	0	0	0	0	0	0	Y	Y	N	N	N	N	N	N	N	N	N	N	inf	inf	inf	inf	0.0000	0.0000	0.0001	0.0000	0.0000	0.0000	0.0000	0.0000	0.0001	0.0000	0.0000	0.0000	0.0000	0.0000	0.0000	0.0000	0.0000	0.0000	inf	0.0000	0.0000	4.0000	6.9998	3.4393	2.0000	0.0000	0.0000	0.0000	0.0000	0.0000	0.0000	0.0000	0.0000	0.0000	0.0000	0.0000	0.0000	0.0000	0.0000	0.0000	0.0000	0.0000	0.0000	0.6542	0.5798	0.0744	0.1214	0.1151	0.0062	0.5328	0.4646	0.0682	0.3007	0.1295	0.1712	0.0468	0.0467	0.0001	0.2539	0.0828	0.1711	inf	0.0000	inf	0.0000	0.0000	0.0000	inf	0.0000	inf	0.0000	0.0000	0.0000	0.0000	0.0000	0.0000	0.0000	0.0000	0.0000						
0	9	0.2625	4	1	2	1	1	0	0	0	0	N	Y	N	N	N	N	N	N	N	N	N	N	0.0085	0.0053	0.0000	0.0085	0.0087	0.0000	0.0000	0.0000	0.0000	0.0007	0.0007	0.0000	0.0017	0.0018	0.0000	0.0000	0.0000	0.0000	0.0768	0.1369	0.0000	0.1984	0.2074	0.0000	0.0000	0.0000	0.0000	0.0000	0.0000	-0.0002	-0.0189	4.0000	5.9032	3.4393	6.6619	0.0004	0.0004	0.0000	0.0004	0.0004	0.0000	0.0000	0.0000	0.0000	0.0312	0.0312	0.0000	0.0312	0.0312	0.0000	0.0000	0.0000	0.0000	0.6767	0.6068	0.0699	0.2599	0.2447	0.0151	0.4168	0.3620	0.0548	0.4063	0.2278	0.1785	0.1572	0.1504	0.0068	0.2491	0.0774	0.1717	0.0085	0.0053	0.0000	0.0085	0.0087	0.0000	0.0000	0.0000	0.0000	0.0768	0.1369	0.0000	0.1984	0.2074	0.0000	0.0000	0.0000	0.0000
0	11	0.2370	3	1	2	0	1	0	0	0	0	N	Y	N	N	N	N	N	N	N	N	N	N	0.0017	0.0010	0.0000	0.0017	0.0018	0.0000	0.0000	0.0000	0.0000	0.0001	0.0002	0.0000	0.0004	0.0004	0.0000	0.0000	0.0000	0.0000	0.0811	0.1486	0.0000	0.2255	0.2341	0.0000	0.0000	0.0000	0.0000	0.0000	0.0002	-0.0001	-0.0193	4.0000	7.2715	3.4393	4.6446	0.0001	0.0001	0.0000	0.0001	0.0001	0.0000	0.0000	0.0000	0.0000	0.0318	0.0318	0.0000	0.0318	0.0318	0.0000	0.0000	0.0000	0.0000	0.7907	0.7075	0.0832	0.2833	0.2669	0.0164	0.5073	0.4406	0.0667	0.3917	0.2137	0.1780	0.1408	0.1357	0.0051	0.2509	0.0780	0.1729	0.0017	0.0010	0.0000	0.0017	0.0018	0.0000	0.0000	0.0000	0.0000	0.0811	0.1486	0.0000	0.2255	0.2341	0.0000	0.0000	0.0000	0.0000
0	13	0.1687	3	2	2	1	0	0	0	0	0	Y	Y	N	N	N	N	N	N	N	N	N	N	0.0000	0.0000	0.0000	0.0000	0.0000	0.0000	0.0000	0.0000	0.0000	0.0000	0.0000	0.0000	0.0000	0.0000	0.0000	0.0000	0.0000	0.0000	0.0000	0.0000	4.0000	0.0000	3.4393	0.0000	0.0000	0.0000	0.0000	0.0000	0.0000	0.0000	0.0000	0.0000	0.0000	0.0000	0.0000	0.0000	0.0000	0.0000	0.0000	0.0000	0.0000	0.0000	0.0000	0.0000	0.0000	0.0000	0.0000	0.0000	0.0000	0.0000	0.0000	0.0000	0.0000	0.0000	0.0000	0.0000	0.0000	0.0000	0.0000	0.0000	0.0000	0.0000	0.0000	0.0000	0.0000	0.0000	0.0000	0.0000	0.0000	0.0000	0.0000	0.0000	0.0000	0.0000	0.0000	0.0000	0.0000	0.0000											
0	14	0.1687	3	2	2	1	0	0	0	0	0	Y	Y	N	N	N	N	N	N	N	N	N	N	0.0000	0.0000	0.0000	0.0000	0.0000	0.0000	0.0000	0.0000	0.0000	0.0000	0.0000	0.0000	0.0000	0.0000	0.0000	0.0000	0.0000	0.0000	0.0000	0.0000	4.0000	0.0000	3.4393	0.0000	0.0000	0.0000	0.0000	0.0000	0.0000	0.0000	0.0000	0.0000	0.0000	0.0000	0.0000	0.0000	0.0000	0.0000	0.0000	0.0000	0.0000	0.0000	0.0000	0.0000	0.0000	0.0000	0.0000	0.0000	0.0000	0.0000	0.0000	0.0000	0.0000	0.0000	0.0000	0.0000	0.0000	0.0000	0.0000	0.0000	0.0000	0.0000	0.0000	0.0000	0.0000	0.0000	0.0000	0.0000	0.0000	0.0000	0.0000	0.0000	0.0000	0.0000	0.0000	0.0000	0.0000	0.0000											
0	15	0.1329	2	2	1	1	0	0	0	0	0	Y	N	N	N	N	N	N	N	N	N	N	N	0.0000	0.0000	0.0000	0.0000	0.0000	0.0000	0.0000	0.0000	0.0000	0.0000	0.0000	0.0000	0.0000	2.3722	0.0000	4.1370	0.0000	0.0000	0.0000	2.8216	0.0000	4.1396	inf	0.0000	0.1726	4.0000	3.0000	3.4393	2.0000	0.0000	0.0000	0.0000	0.0000	0.0000	0.0000	0.0000	0.0000	0.0000	0.4395	0.0000	0.4395	0.0000	0.0000	0.0000	0.4395	0.0000	0.4395	0.3028	0.2675	0.0352	0.0575	0.0546	0.0029	0.2453	0.2129	0.0324	0.1853	0.0790	0.1062	0.0295	0.0294	0.0001	0.1558	0.0496	0.1062	0.0000	0.0000	0.0000	0.0000	0.0000	0.0000	0.0000	0.0000	0.0000	2.3722	0.0000	4.1370	0.0000	0.0000	0.0000	2.8216	0.0000	4.1396						
0	16	0.1922	5	2	2	0	0	0	0	0	0	Y	Y	N	N	N	N	N	N	N	N	N	N	0.0000	0.0000	0.0000	0.0000	0.0000	0.0000	0.0000	0.0000	0.0000	0.0000	0.0000	0.0000	0.0000	0.0000	0.0000	0.0000	0.0000	0.0000	0.0000	0.0000	4.0000	0.0000	3.4393	0.0000	0.0000	0.0000	0.0000	0.0000	0.0000	0.0000	0.0000	0.0000	0.0000	0.0000	0.0000	0.0000	0.0000	0.0000	0.0000	0.0000	0.0000	0.0000	0.0000	0.0000	0.0000	0.0000	0.0000	0.0000	0.0000	0.0000	0.0000	0.0000	0.0000	0.0000	0.0000	0.0000	0.0000	0.0000	0.0000	0.0000	0.0000	0.0000	0.0000	0.0000	0.0000	0.0000	0.0000	0.0000	0.0000	0.0000	0.0000	0.0000	0.0000	0.0000	0.0000	0.0000	0.0000	0.0000											
0	17	0.2625	4	1	2	0	1	0	0	0	0	N	Y	N	N	N	N	N	N	N	N	N	N	0.0000	0.0000	0.0000	0.0000	0.0000	0.0000	0.0000	0.0000	0.0000	0.0000	0.0000	0.0000	0.0000	0.0000	0.0000	0.0885	0.1532	0.0000	0.2070	0.2150	0.0000	0.0000	0.0000	0.0000	0.0000	0.0000	-0.0176	4.0000	4.0170	3.4393	2.2643	0.0000	0.0000	0.0000	0.0000	0.0000	0.0000	0.0000	0.0000	0.0000	0.0289	0.0289	0.0000	0.0289	0.0289	0.0000	0.0000	0.0000	0.0000	0.5222	0.4683	0.0540	0.2088	0.1970	0.0118	0.3134	0.2712	0.0422	0.3269	0.1887	0.1381	0.1397	0.1345	0.0053	0.1871	0.0543	0.1329	0.0000	0.0000	0.0000	0.0000	0.0000	0.0000	0.0000	0.0000	0.0000	0.0885	0.1532	0.0000	0.2070	0.2150	0.0000	0.0000	0.0000	0.0000				
0	18	0.2370	3	1	2	0	1	0	0	0	0	N	Y	N	N	N	N	N	N	N	N	N	N	0.0113	0.0049	0.0713	0.0043	0.0044	0.0008	0.0190	0.0007	0.0858	0.0023	0.0011	0.0120	0.0011	0.0011	0.0000	0.0032	0.0011	0.0149	0.2020	0.2277	0.1681	0.2471	0.2548	0.0007	0.1703	1.5165	0.1731	1.2917	0.5605	0.0000	-0.0150	4.0000	1.3501	3.4393	4.0902	0.0005	0.0002	0.0003	0.0001	0.0001	0.0000	0.0004	0.0001	0.0003	0.0606	0.0388	0.0218	0.0306	0.0306	0.0000	0.0300	0.0082	0.0218	0.2399	0.2140	0.0259	0.1038	0.0988	0.0050	0.1361	0.1152	0.0209	0.3000	0.1705	0.1295	0.1238	0.1201	0.0037	0.1762	0.0505	0.1257	0.0113	0.0049	0.0713	0.0043	0.0044	0.0008	0.0190	0.0069	0.0858	0.2020	0.2277	0.1681	0.2471	0.2548	0.0007	0.1703	0.1632	0.1731
0	19	0.1329	2	1	2	0	1	0	0	0	0	N	Y	N	N	N	N	N	N	N	N	N	N	0.0017	0.0003	0.0103	0.0001	0.0002	0.0000	0.0018	0.0001	0.0113	0.0002	0.0000	0.0014	0.0000	0.0000	0.0000	0.0002	0.0000	0.0016	0.1025	0.0556	0.1381	0.0001	0.0001	0.0002	0.1213	0.2091	0.1382	9.9933	3.2788	0.0000	0.0051	4.0000	6.5178	3.4393	2.8428	0.0001	0.0000	0.0001	0.0000	0.0000	0.0000	0.0001	0.0000	0.0001	0.0318	0.0074	0.0243	0.0000	0.0000	0.0000	0.0318	0.0074	0.0243	0.6146	0.5446	0.0701	0.1143	0.1085	0.0058	0.5003	0.4360	0.0642	0.3099	0.1336	0.1763	0.0482	0.0481	0.0001	0.2617	0.0856	0.1762	0.0017	0.0003	0.0103	0.0001	0.0002	0.0000	0.0018	0.0003	0.0113	0.1025	0.0556	0.1381	0.0001	0.0001	0.0002	0.1213	0.0867	0.1382
0	20	0.1329	2	2	2	1	0	0	0	0	0	Y	Y	N	N	N	N	N	N	N	N	N	N	inf	inf	inf	inf	0.0000	0.0000	0.0000	0.0000	0.0000	0.0000	0.0000	0.0000	0.0000	0.0000	0.0000	0.0000	0.0000	0.0000	0.0000	0.0000	0.0000	0.0000	0.0000	-0.0000	0.0000	4.0000	0.0002	3.4393	0.0000	0.0000	0.0000	0.0000	0.0000	0.0000	0.0000	0.0000	0.0000	0.0000	0.0000	0.0000	0.0000	0.0000	0.0000	0.0000	0.0000	0.0000	0.0000	0.0001	0.0001	0.0000	0.0001	0.0001	0.0000	0.0001	0.0001	0.0000	0.0000	0.0000	0.0000	0.0000	0.0000	0.0000	0.0000	0.0000	0.0000	inf	inf	0.0000	inf	inf	0.0000	0.0000	0.0000	0.0000	0.0000	0.0000	0.0000	0.0000	0.0000	0.0000	0.0000	0.0000	0.0000						
0	21	0.1329	2	2	1	1	0	0	0	0	0	Y	N	N	N	N	N	N	N	N	N	N	N	inf	inf	inf	inf	0.0000	0.0000	0.0000	0.0000	0.0000	0.0000	0.0000	0.0000	0.0000	0.0000	0.0000	0.0000	0.0000	0.0000	0.0000	0.0000	0.0000	0.0000	0.0000	-0.0000	0.0000	4.0000	0.0002	3.4393	2.0000	0.0000	0.0000	0.0000	0.0000	0.0000	0.0000	0.0000	0.0000	0.0000	0.0000	0.0000	0.0000	0.0000	0.0000	0.0000	0.0000	0.0000	0.0000	0.0001	0.0001	0.0000	0.0001	0.0001	0.0000	0.0001	0.0001	0.0000	0.0803	0.0340	0.0463	0.0130	0.0130	0.0000	0.0673	0.0210	0.0463	inf	inf	0.0000	inf	inf	0.0000	0.0000	0.0000	0.0000	0.0000	0.0000	0.0000	0.0000	0.0000	0.0000	0.0000	0.0000	0.0000						
0	25	0.1679	5	2	2	0	1	0	0	0	0	Y	Y	N	N	N	N	N	N	N	N	N	N	0.0000	0.0000	0.0000	0.0000	0.0000	0.0000	0.0000	0.0000	0.0000	0.0000	0.0000	0.0000	0.0000	0.0000	0.0000	8.9498	0.0000	23.7079	0.0000	0.0000	0.0009	17.8308	0.0000	25.3239	inf	0.0000	0.1977	4.0000	0.0332	3.4393	1.0637	0.0000	0.0000	0.0000	0.0000	0.0000	0.0000	0.0000	0.0000	0.0000	0.5033	0.0000	0.5033	0.0000	0.0000	0.0000	0.5033	0.0000	0.5033	0.0135	0.0126	0.0010	0.0065	0.0064	0.0001	0.0070	0.0061	0.0009	0.0562	0.0350	0.0212	0.0280	0.0267	0.0014	0.0282	0.0084	0.0199	0.0000	0.0000	0.0000	0.0000	0.0000	0.0000	0.0000	0.0000	0.0000	8.9498	0.0000	23.7079	0.0000	0.0000	0.0009	17.8308	0.0000	25.3239				
0	26	0.1679	5	1	2	0	1	0	0	0	0	N	Y	N	N	N	N	N	N	N	N	N	N	0.0000	0.0000	0.0000	0.0000	0.0000	0.0000	0.0000	0.0000	0.0000	0.0000	0.0000	0.0000	0.0000	0.0000	0.0000	0.0000	5.0694	8.8476	0.0068	10.4940	11.4464	0.0000	0.0057	0.0000	0.0076	0.0006	0.0000	-0.5679	4.0000	1.9667	3.4393	4.8619	0.0000	0.0000	0.0000	0.0000	0.0000	0.0000	0.0000	0.0000	0.0000	0.9361	0.9355	0.0005	0.9355	0.9355	0.0000	0.0005	0.0000	0.0005	0.2259	0.2031	0.0227	0.0983	0.0925	0.0059	0.1276	0.1107	0.0169	0.1847	0.1057	0.0789	0.0891	0.0817	0.0074	0.0955	0.0240	0.0715	0.0000	0.0000	0.0000	0.0000	0.0000	0.0000	0.0000	0.0000	0.0000	5.0694	8.8476	0.0068	10.4940	11.4464	0.0000	0.0057	0.0000	0.0076			
0	27	0.1730	6	1	2	0	0	0	0	0	0	N	Y	N	N	N	N	N	N	N	N	N	N	0.0000	0.0000	0.0000	0.0000	0.0000	0.0000	0.0000	0.0000	0.0000	0.0000	0.0000	0.0000	0.0000	0.0000	0.0000	9.9110	0.0000	21.3385	0.0005	0.0000	0.0079	19.7376	0.0000	22.7548	inf	0.0000	0.1704	4.0000	0.0014	3.4393	0.9895	0.0000	0.0000	0.0000	0.0000	0.0000	0.0000	0.0000	0.0000	0.0000	0.4339	0.0000	0.4339	0.0000	0.0000	0.0000	0.4339	0.0000	0.4339	0.0006	0.0006	0.0000	0.0003	0.0003	0.0000	0.0003	0.0003	0.0000	0.0438	0.0234	0.0203	0.0218	0.0205	0.0013	0.0220	0.0029	0.0191	0.0000	0.0000	0.0000	0.0000	0.0000	0.0000	0.0000	0.0000	0.0000	9.9110	0.0000	21.3385	0.0005	0.0000	0.0079	19.7376	0.0000	22.7548				
0	28	0.1679	5	1	1	1	1	0	0	0	0	N	N	N	N	N	N	N	N	N	N	N	N	0.0000	0.0000	0.0000	0.0000	0.0000	0.0000	0.0000	0.0000	0.0000	0.0000	0.0000	0.0000	0.0000	15.6542	26.7632	0.0000	31.8895	34.4531	0.0000	0.0000	0.0000	0.0000	0.0000	0.0000	-1.1749	4.0000	1.0331	3.4393	2.8608	0.0000	0.0000	0.0000	0.0000	0.0000	0.0000	0.0000	0.0000	0.0000	1.9350	1.9350	0.0000	1.9350	1.9350	0.0000	0.0000	0.0000	0.0000	0.1260	0.1135	0.0125	0.0556	0.0524	0.0032	0.0704	0.0611	0.0094	0.1236	0.0723	0.0513	0.0607	0.0562	0.0045	0.0629	0.0161	0.0468	0.0000	0.0000	0.0000	0.0000	0.0000	0.0000	0.0000	0.0000	0.0000	15.6542	26.7632	0.0000	31.8895	34.4531	0.0000	0.0000	0.0000	0.0000						
0	29	0.1679	5	1	1	1	1	0	0	0	0	N	N	N	N	N	N	N	N	N	N	N	N	0.0000	0.0000	0.0000	0.0000	0.0000	0.0000	0.0000	0.0000	0.0000	0.0000	0.0000	0.0000	0.0000	0.0000	0.0000	0.0000	0.0000	14.3633	16.1702	11.7526	19.3793	20.8413	0.0004	9.4835	0.0000	12.8383	0.5030	0.0000	-0.4094	4.0000	0.0332	3.4393	3.0294	0.0000	0.0000	0.0000	0.0000	0.0000	0.0000	0.0000	0.0000	0.0000	1.5022	0.9995	0.5028	0.9995	0.9995	0.0000	0.5028	0.0000	0.5028	0.0135	0.0126	0.0010	0.0065	0.0064	0.0001	0.0070	0.0061	0.0009	0.1046	0.0618	0.0428	0.0516	0.0480	0.0036	0.0530	0.0139	0.0392	0.0000	0.0000	0.0000	0.0000	0.0000	0.0000	0.0000	0.0000	0.0000	14.3633	16.1702	11.7526	19.3793	20.8413	0.0004	9.4835	0.0000	12.8383		
0	30	0.1922	5	2	2	0	0	0	0	0	0	Y	Y	N	N	N	N	N	N	N	N	N	N	0.0000	0.0000	0.0000	0.0000	0.0000	0.0000	0.0000	0.0000	0.0000	0.0000	0.0000	0.0000	0.0000	0.0000	0.0000	0.0000	0.0000	0.0000	0.0000	0.0000	4.0000	0.0000	3.4393	2.0000	0.0000	0.0000	0.0000	0.0000	0.0000	0.0000	0.0000	0.0000	0.0000	0.0000	0.0000	0.0000	0.0000	0.0000	0.0000	0.0000	0.0000	0.0000	0.0000	0.0000	0.0000	0.0000	0.0000	0.0000	0.0000	0.0000	0.0000	0.0613	0.0335	0.0278	0.0227	0.0216	0.0010	0.0386	0.0118	0.0268	0.0000	0.0000	0.0000	0.0000	0.0000	0.0000	0.0000	0.0000	0.0000	0.0000	0.0000	0.0000	0.0000	0.0000	0.0000	0.0000	0.0000	0.0000											
0	31	0.1651	4	2	2	0	0	0	0	0	0	Y	Y	N	N	N	N	N	N	N	N	N	N	0.0001	0.0000	642.9614	0.0000	0.0000	0.0000	159.3816	0.0000	991.1041	0.0001	0.0000	0.0007	0.0000	0.0000	0.0000	0.0001	0.0000	0.0009	0.5999	1.0755	0.0000	1.5600	1.6183	0.0000	0.0000	0.0000	0.0000	inf	0.0000	0.0000	-0.0584	4.0000	0.9772	3.4393	4.1826	0.0000	0.0000	0.0000	0.0000	0.0000	0.0000	0.0000	0.0000	0.0000	0.0961	0.0961	0.0000	0.0961	0.0961	0.0000	0.0000	0.0000	0.0000	0.1375	0.1244	0.0130	0.0551	0.0525	0.0026	0.0824	0.0720	0.0104	0.1603	0.0894	0.0709	0.0616	0.0594	0.0022	0.0986	0.0300	0.0687	0.0001	0.0000	642.9614	0.0000	0.0000	0.0000	159.3816	0.0000	991.1041	0.5999	1.0755	0.0000	1.5600	1.6183	0.0000	0.0000	0.0000	0.0000
0	32	0.1730	6	2	2	0	0	0	0	0	0	Y	Y	N	N	N	N	N	N	N	N	N	N	0.0000	0.0000	0.0000	0.0000	0.0000	0.0000	0.0000	0.0000	0.0000	0.0000	0.0000	0.0000	0.0000	0.0000	0.0000	0.0000	0.0000	0.1467	0.2509	0.0261	0.2708	0.2874	0.0075	0.0237	0.0000	0.0274	0.0900	0.0000	-0.0035	4.0000	0.0015	3.4393	1.0489	0.0000	0.0000	0.0000	0.0000	0.0000	0.0000	0.0000	0.0000	0.0000	0.0067	0.0061	0.0005	0.0061	0.0061	0.0000	0.0005	0.0000	0.0005	0.0006	0.0006	0.0000	0.0003	0.0003	0.0000	0.0003	0.0003	0.0000	0.0454	0.0243	0.0210	0.0226	0.0212	0.0013	0.0228	0.0031	0.0197	0.0000	0.0000	0.0000	0.0000	0.0000	0.0000	0.0000	0.0000	0.0000	0.1467	0.2509	0.0261	0.2708	0.2874	0.0075	0.0237	0.0000	0.0274		
0	33	0.1679	5	1	2	0	0	0	0	0	0	N	Y	N	N	N	N	N	N	N	N	N	N	0.0000	0.0000	0.0000	0.0000	0.0000	0.0000	0.0000	0.0000	0.0000	0.0000	0.0000	0.0000	0.0000	0.0000	0.0000	0.0000	0.0000	0.0000	0.8533	0.0129	2.1188	0.0156	0.0167	0.0005	1.6761	0.0001	2.2993	109.2428	0.0000	0.0271	4.0000	0.9657	3.4393	1.1858	0.0000	0.0000	0.0000	0.0000	0.0000	0.0000	0.0000	0.0000	0.0000	0.0706	0.0006	0.0700	0.0006	0.0006	0.0000	0.0700	0.0000	0.0700	0.1186	0.1068	0.0118	0.0524	0.0494	0.0030	0.0662	0.0574	0.0088	0.0828	0.0497	0.0330	0.0410	0.0384	0.0026	0.0418	0.0113	0.0304	0.0000	0.0000	0.0000	0.0000	0.0000	0.0000	0.0000	0.0000	0.0000	0.8533	0.0129	2.1188	0.0156	0.0167	0.0005	1.6761	0.0001	2.2993	
0	34	0.1651	4	1	1	0	0	0	0	0	0	N	N	N	N	N	N	N	N	N	N	N	N	0.0000	0.0000	0.0000	0.0001	0.0001	0.0000	0.0000	0.0000	0.0000	0.0000	0.0000	0.0000	0.0000	0.0000	0.0000	0.0000	0.0000	13.8617	0.0440	35.5891	0.0761	0.0655	0.3803	22.7554	0.0000	32.7603	0.0000	557.5552	-0.0000	0.7218	4.0000	1.9916	3.4393	1.9964	0.0000	0.0000	0.0000	0.0000	0.0000	0.0000	0.0000	0.0000	0.0000	1.8461	0.0033	1.8428	0.0040	0.0033	0.0007	1.8421	0.0000	1.8421	0.2456	0.2209	0.0246	0.0947	0.0896	0.0051	0.1508	0.1314	0.0195	0.1332	0.0752	0.0580	0.0522	0.0505	0.0018	0.0810	0.0247	0.0562	0.0000	0.0000	0.0000	0.0001	0.0001	0.0000	0.0000	0.0000	0.0000	13.8617	0.0440	31.7749	0.0761	0.0655	0.3803	22.7554	0.0000	32.7603	
0	35	0.1571	3	1	1	0	0	0	0	0	0	N	N	N	N	N	N	N	N	N	N	N	N	0.0000	0.0001	0.0001	0.0001	0.0001	0.0000	0.0000	0.0000	0.0001	0.0000	0.0000	0.0002	0.0000	0.0000	0.0000	0.0000	0.0000	0.0002	1.2384	0.1614	2.4410	0.2015	0.2067	0.0143	1.8810	0.0528	2.4958	0.9719	13.5461	-0.0000	0.0331	4.0000	0.1320	3.4393	1.9445	0.0000	0.0000	0.0000	0.0000	0.0000	0.0000	0.0000	0.0000	0.0000	0.1022	0.0070	0.0952	0.0064	0.0063	0.0000	0.0958	0.0007	0.0952	0.0398	0.0369	0.0028	0.0180	0.0177	0.0004	0.0217	0.0193	0.0025	0.0825	0.0435	0.0390	0.0316	0.0307	0.0009	0.0509	0.0128	0.0381	0.0000	0.0001	0.0001	0.0001	0.0001	0.0000	0.0000	0.0000	0.0001	1.2384	0.1614	2.4410	0.2015	0.2067	0.0143	1.8810	0.0528	2.4958
0	36	0.1329	2	1	1	0	0	0	0	0	0	N	N	N	N	N	N	N	N	N	N	N	N	0.0000	0.0000	0.0002	0.0014	0.0018	0.0000	0.0000	0.0000	0.0002	0.0000	0.0000	0.0000	0.0000	0.0000	0.0000	0.0000	0.0000	0.0000	0.0346	0.0029	0.0582	0.0000	0.0000	0.0008	0.0412	0.0047	0.0583	226.1746	26.6952	0.0000	0.0024	4.0000	4.0393	3.4393	1.1787	0.0000	0.0000	0.0000	0.0000	0.0000	0.0000	0.0000	0.0000	0.0000	0.0067	0.0002	0.0064	0.0000	0.0000	0.0000	0.0067	0.0002	0.0064	0.3994	0.3532	0.0462	0.0754	0.0716	0.0038	0.3240	0.2816	0.0424	0.1922	0.0821	0.1102	0.0306	0.0305	0.0001	0.1617	0.0515	0.1101	0.0000	0.0000	0.0002	0.0014	0.0018	0.0000	0.0000	0.0000	0.0002	0.0346	0.0029	0.0582	0.0000	0.0000	0.0008	0.0412	0.0047	0.0583
1	2	0.0653	5	2	2	0	1	0	0	0	0	Y	Y	N	N	N	N	N	N	N	N	N	N	0.0000	0.0000	0.0000	0.0000	0.0000	0.0000	0.0000	0.0000	0.0000	0.0000	0.0000	0.0000	0.0000	0.0000	0.0000	0.0000	0.0000	0.0692	0.0011	0.1988	0.0106	0.0017	0.6201	0.1151	0.0000	0.1909	92.1132	0.0000	0.0007	0.0333	2.0164	1.1398	0.1427	0.0000	0.0000	0.0000	0.0000	0.0000	0.0000	0.0000	0.0000	0.0000	0.0018	0.0000	0.0018	0.0001	0.0000	0.0001	0.0017	0.0000	0.0017	0.0100	0.0093	0.0007	0.0043	0.0043	0.0000	0.0057	0.0050	0.0007	0.0258	0.0169	0.0089	0.0113	0.0112	0.0002	0.0145	0.0057	0.0087	0.0000	0.0000	0.0000	0.0000	0.0000	0.0000	0.0000	0.0000	0.0000	0.0692	0.0011	0.1988	0.0106	0.0017	0.6201	0.1151	0.0000	0.1909		
1	3	0.0172	3	1	2	0	1	0	0	0	0	N	Y	N	N	N	N	N	N	N	N	N	N	0.0121	0.0070	0.0000	0.0135	0.0132	0.0000	0.0000	0.0018	0.0019	0.0000	0.0050	0.0050	0.0000	0.0000	0.0000	0.0000	0.1475	0.2796	0.0000	0.3716	0.3818	0.0000	0.0000	0.0000	0.0000	0.0000	0.0000	-0.0000	-0.0070	0.0333	2.9622	1.1398	3.1597	0.0000	0.0000	0.0000	0.0000	0.0000	0.0000	0.0000	0.0000	0.0000	0.0116	0.0116	0.0000	0.0116	0.0116	0.0000	0.0000	0.0000	0.0000	0.0111	0.0102	0.0009	0.0040	0.0040	0.0000	0.0072	0.0063	0.0009	0.0786	0.0415	0.0371	0.0312	0.0304	0.0008	0.0474	0.0111	0.0363	0.0121	0.0070	0.0000	0.0135	0.0132	0.0000	0.0000	0.0000	0.0000	0.1475	0.2796	0.0000	0.3716	0.3818	0.0000	0.0000	0.0000	0.0000		
1	4	0.0773	5	2	1	1	1	0	0	0	0	Y	N	N	N	N	N	N	N	N	N	N	N	0.0000	0.0000	0.0000	0.0000	0.0000	0.0000	0.0000	0.0000	0.0000	0.0000	0.0000	0.0000	0.0000	0.0000	0.0000	0.0000	0.0000	0.0000	0.0000	0.0000	0.0333	0.0000	1.1398	0.0000	0.0000	0.0000	0.0000	0.0000	0.0000	0.0000	0.0000	0.0000	0.0000	0.0000	0.0000	0.0000	0.0000	0.0000	0.0000	0.0000	0.0000	0.0000	0.0000	0.0000	0.0000	0.0000	0.0000	0.0000	0.0000	0.0000	0.0000	0.0000	0.0000	0.0000	0.0000	0.0000	0.0000	0.0000	0.0000	0.0000	0.0000	0.0000	0.0000	0.0000	0.0000	0.0000	0.0000	0.0000	0.0000	0.0000	0.0000	0.0000	0.0000	0.0000	0.0000	0.0000	0.0000	0.0000											
1	5	0.0414	4	1	2	0	1	0	0	0	0	N	Y	N	N	N	N	N	N	N	N	N	N	0.0000	0.0000	0.0000	0.0000	0.0000	0.0000	0.0000	0.0000	0.0000	0.0000	0.0000	0.0000	0.0000	0.0000	0.0000	0.0000	0.0000	0.0000	0.0000	0.0000	0.0333	5.9998	1.1398	3.0000	0.0000	0.0000	0.0000	0.0000	0.0000	0.0000	0.0000	0.0000	0.0000	0.0000	0.0000	0.0000	0.0000	0.0000	0.0000	0.0000	0.0000	0.0000	0.0193	0.0179	0.0014	0.0084	0.0083	0.0001	0.0109	0.0096	0.0013	0.0579	0.0338	0.0241	0.0246	0.0229	0.0017	0.0333	0.0109	0.0224	0.0000	0.0000	0.0000	0.0000	0.0000	0.0000	0.0000	0.0000	0.0000	0.0000	0.0000	0.0000	0.0000	0.0000	0.0000	0.0000	0.0000	0.0000											
1	6	0.0653	5	1	2	0	1	0	0	0	0	N	Y	N	N	N	N	N	N	N	N	N	N	0.0000	0.0000	0.0000	0.0000	0.0000	0.0000	0.0000	0.0000	0.0000	0.0000	0.0000	0.0000	0.0000	0.0000	0.0000	0.0000	0.0000	0.0694	0.0011	0.1994	0.0107	0.0017	0.6222	0.1156	0.0000	0.1914	92.1132	0.0000	0.0007	0.0333	1.0139	1.1398	1.1272	0.0000	0.0000	0.0000	0.0000	0.0000	0.0000	0.0000	0.0000	0.0000	0.0018	0.0000	0.0018	0.0001	0.0000	0.0001	0.0017	0.0000	0.0017	0.0053	0.0049	0.0004	0.0023	0.0023	0.0000	0.0030	0.0026	0.0004	0.0257	0.0168	0.0088	0.0113	0.0111	0.0002	0.0144	0.0057	0.0087	0.0000	0.0000	0.0000	0.0000	0.0000	0.0000	0.0000	0.0000	0.0000	0.0694	0.0011	0.1994	0.0107	0.0017	0.6222	0.1156	0.0000	0.1914		
1	7	0.0414	4	1	2	0	1	0	0	0	0	N	Y	N	N	N	N	N	N	N	N	N	N	0.0000	0.0000	0.0000	0.0000	0.0000	0.0000	0.0000	0.0000	0.0000	0.0000	0.0000	0.0000	0.0000	0.0000	0.0000	0.0000	0.0000	2.1901	0.0225	5.2383	0.0221	0.0237	0.0000	3.8457	0.0202	5.6336	165.6727	0.0000	0.0240	0.0333	0.9928	1.1398	2.8771	0.0000	0.0000	0.0000	0.0000	0.0000	0.0000	0.0000	0.0000	0.0000	0.0621	0.0004	0.0617	0.0003	0.0003	0.0000	0.0618	0.0001	0.0617	0.0036	0.0033	0.0003	0.0016	0.0015	0.0000	0.0020	0.0018	0.0002	0.0283	0.0166	0.0118	0.0123	0.0114	0.0008	0.0161	0.0051	0.0110	0.0000	0.0000	0.0000	0.0000	0.0000	0.0000	0.0000	0.0000	0.0000	2.1901	0.0225	5.2383	0.0221	0.0237	0.0000	3.8457	0.0198	5.6336		
1	8	0.0414	4	2	2	0	1	0	0	0	0	Y	Y	N	N	N	N	N	N	N	N	N	N	0.0000	0.0000	0.0000	0.0000	0.0000	0.0000	0.0000	0.0000	0.0000	0.0000	0.0000	0.0000	0.0000	0.0000	0.0000	0.0000	0.0000	0.0000	0.0000	0.0000	0.0333	6.9998	1.1398	2.0000	0.0000	0.0000	0.0000	0.0000	0.0000	0.0000	0.0000	0.0000	0.0000	0.0000	0.0000	0.0000	0.0000	0.0000	0.0000	0.0000	0.0000	0.0000	0.0220	0.0204	0.0016	0.0096	0.0095	0.0001	0.0125	0.0109	0.0015	0.0579	0.0338	0.0241	0.0246	0.0229	0.0017	0.0333	0.0109	0.0224	0.0000	0.0000	0.0000	0.0000	0.0000	0.0000	0.0000	0.0000	0.0000	0.0000	0.0000	0.0000	0.0000	0.0000	0.0000	0.0000	0.0000	0.0000											
1	9	0.1711	6	1	2	1	2	0	0	0	0	N	Y	N	Y	N	N	N	N	N	N	N	N	30.2455	0.0000	8418.9844	1.7609	0.0000	inf	5225.4466	8865.5577	0.7359	0.0000	3.1048	0.1032	0.0000	1.2999	1.3113	0.0000	3.4474	0.0243	0.0403	0.0004	0.0586	0.0617	0.0000	0.0003	0.0000	0.0004	inf	0.0061	0.0124	-0.0014	0.0333	5.9032	1.1398	6.6619	0.0280	0.0000	0.0280	0.0019	0.0000	0.0019	0.0261	0.0000	0.0261	0.0024	0.0024	0.0000	0.0024	0.0024	0.0000	0.0000	0.0000	0.0000	0.0380	0.0290	0.0090	0.0181	0.0167	0.0014	0.0199	0.0123	0.0076	0.0976	0.0586	0.0390	0.0403	0.0383	0.0020	0.0573	0.0203	0.0370	30.2455	0.0000	8418.9844	1.7609	0.0000	inf	5225.4466	0.0000	8865.5577	0.0243	0.0403	0.0004	0.0586	0.0617	0.0000	0.0003	0.0000	0.0004	
1	10	0.0831	5	2	1	1	1	0	0	0	0	Y	N	N	N	N	N	N	N	N	N	N	N	0.0000	0.0000	0.0000	0.0000	0.0000	0.0000	0.0000	0.0000	0.0000	0.0000	0.0000	0.0000	0.0000	0.0000	0.0000	0.0000	0.0082	0.0055	0.0120	0.0064	0.0066	0.0000	0.0100	0.0000	0.0125	1.5419	0.0000	-0.0000	0.0333	0.0030	1.1398	2.5954	0.0000	0.0000	0.0000	0.0000	0.0000	0.0000	0.0000	0.0000	0.0000	0.0003	0.0001	0.0002	0.0001	0.0001	0.0000	0.0002	0.0000	0.0002	0.0000	0.0000	0.0000	0.0000	0.0000	0.0000	0.0000	0.0000	0.0000	0.0328	0.0192	0.0135	0.0165	0.0159	0.0006	0.0163	0.0033	0.0130	0.0000	0.0000	0.0000	0.0000	0.0000	0.0000	0.0000	0.0000	0.0000	0.0082	0.0055	0.0120	0.0064	0.0066	0.0000	0.0100	0.0000	0.0125			
1	11	0.1455	5	1	2	0	2	0	0	0	0	N	Y	N	Y	N	N	N	N	N	N	N	N	5.1092	3.5133	0.0000	5.1430	5.0614	0.0000	0.0000	0.0481	0.0548	0.0000	0.1189	0.1232	0.0000	0.0000	0.0000	0.0000	0.0094	0.0156	0.0004	0.0231	0.0243	0.0000	0.0003	0.0000	0.0004	0.0000	0.0176	-0.0008	-0.0005	0.0333	7.2715	1.1398	4.6446	0.0014	0.0014	0.0000	0.0014	0.0014	0.0000	0.0000	0.0000	0.0000	0.0009	0.0009	0.0000	0.0009	0.0009	0.0000	0.0000	0.0000	0.0000	0.0285	0.0251	0.0035	0.0116	0.0111	0.0004	0.0170	0.0139	0.0031	0.0935	0.0555	0.0380	0.0375	0.0356	0.0019	0.0561	0.0199	0.0361	5.1092	3.5133	0.0000	5.1430	5.0614	0.0000	0.0000	0.0000	0.0000	0.0094	0.0156	0.0004	0.0231	0.0243	0.0000	0.0003	0.0000	0.0004		
1	12	0.0831	5	2	1	1	1	0	0	0	0	Y	N	N	N	N	N	N	N	N	N	N	N	0.0000	0.0000	0.0000	0.0000	0.0000	0.0000	0.0000	0.0000	0.0000	0.0000	0.0000	0.0000	0.0000	0.0062	0.0104	0.0000	0.0123	0.0128	0.0000	0.0000	0.0000	0.0000	0.0000	0.0000	-0.0001	0.0333	0.0030	1.1398	3.4320	0.0000	0.0000	0.0000	0.0000	0.0000	0.0000	0.0000	0.0000	0.0000	0.0002	0.0002	0.0000	0.0002	0.0002	0.0000	0.0000	0.0000	0.0000	0.0000	0.0000	0.0000	0.0000	0.0000	0.0000	0.0000	0.0000	0.0000	0.0377	0.0225	0.0152	0.0190	0.0182	0.0007	0.0187	0.0043	0.0144	0.0000	0.0000	0.0000	0.0000	0.0000	0.0000	0.0000	0.0000	0.0000	0.0062	0.0104	0.0000	0.0123	0.0128	0.0000	0.0000	0.0000	0.0000						
1	13	0.0773	5	2	2	1	1	0	0	0	0	Y	Y	N	N	N	N	N	N	N	N	N	N	0.0000	0.0000	0.0000	0.0000	0.0000	0.0000	0.0000	0.0000	0.0000	0.0000	0.0000	0.0000	0.0000	0.0000	0.0000	0.0000	0.0000	0.0000	0.0000	0.0000	0.0333	0.0000	1.1398	0.0000	0.0000	0.0000	0.0000	0.0000	0.0000	0.0000	0.0000	0.0000	0.0000	0.0000	0.0000	0.0000	0.0000	0.0000	0.0000	0.0000	0.0000	0.0000	0.0000	0.0000	0.0000	0.0000	0.0000	0.0000	0.0000	0.0000	0.0000	0.0000	0.0000	0.0000	0.0000	0.0000	0.0000	0.0000	0.0000	0.0000	0.0000	0.0000	0.0000	0.0000	0.0000	0.0000	0.0000	0.0000	0.0000	0.0000	0.0000	0.0000	0.0000	0.0000	0.0000	0.0000	0.0000	0.0000											
1	14	0.0773	5	2	2	1	1	0	0	0	0	Y	Y	N	N	N	N	N	N	N	N	N	N	0.0000	0.0000	0.0000	0.0000	0.0000	0.0000	0.0000	0.0000	0.0000	0.0000	0.0000	0.0000	0.0000	0.0000	0.0000	0.0000	0.0000	0.0000	0.0000	0.0000	0.0333	0.0000	1.1398	0.0000	0.0000	0.0000	0.0000	0.0000	0.0000	0.0000	0.0000	0.0000	0.0000	0.0000	0.0000	0.0000	0.0000	0.0000	0.0000	0.0000	0.0000	0.0000	0.0000	0.0000	0.0000	0.0000	0.0000	0.0000	0.0000	0.0000	0.0000	0.0000	0.0000	0.0000	0.0000	0.0000	0.0000	0.0000	0.0000	0.0000	0.0000	0.0000	0.0000	0.0000	0.0000	0.0000	0.0000	0.0000	0.0000	0.0000	0.0000	0.0000	0.0000	0.0000	0.0000	0.0000	0.0000	0.0000											
1	15	0.0414	4	2	1	1	1	0	0	0	0	Y	N	N	N	N	N	N	N	N	N	N	N	0.0000	0.0000	0.0000	0.0000	0.0000	0.0000	0.0000	0.0000	0.0000	0.0000	0.0000	0.0000	0.0000	0.0082	0.0140	0.0000	0.0189	0.0203	0.0000	0.0000	0.0000	0.0000	0.0000	0.0000	-0.0002	0.0333	3.0000	1.1398	2.0000	0.0000	0.0000	0.0000	0.0000	0.0000	0.0000	0.0000	0.0000	0.0000	0.0003	0.0003	0.0000	0.0003	0.0003	0.0000	0.0000	0.0000	0.0000	0.0103	0.0095	0.0008	0.0045	0.0044	0.0001	0.0058	0.0051	0.0007	0.0356	0.0208	0.0148	0.0153	0.0143	0.0010	0.0202	0.0065	0.0138	0.0000	0.0000	0.0000	0.0000	0.0000	0.0000	0.0000	0.0000	0.0000	0.0082	0.0140	0.0000	0.0189	0.0203	0.0000	0.0000	0.0000	0.0000						
1	16	0.0362	3	2	2	0	1	0	0	0	0	Y	Y	N	N	N	N	N	N	N	N	N	N	0.0000	0.0000	0.0000	0.0000	0.0000	0.0000	0.0000	0.0000	0.0000	0.0000	0.0000	0.0000	0.0000	0.0000	0.0000	0.0000	0.0000	0.0000	0.0000	0.0000	0.0333	0.0000	1.1398	0.0000	0.0000	0.0000	0.0000	0.0000	0.0000	0.0000	0.0000	0.0000	0.0000	0.0000	0.0000	0.0000	0.0000	0.0000	0.0000	0.0000	0.0000	0.0000	0.0000	0.0000	0.0000	0.0000	0.0000	0.0000	0.0000	0.0000	0.0000	0.0000	0.0000	0.0000	0.0000	0.0000	0.0000	0.0000	0.0000	0.0000	0.0000	0.0000	0.0000	0.0000	0.0000	0.0000	0.0000	0.0000	0.0000	0.0000	0.0000	0.0000	0.0000	0.0000	0.0000	0.0000	0.0000	0.0000											
1	17	0.1711	6	1	2	0	2	0	0	0	0	N	Y	N	Y	N	N	N	N	N	N	N	N	0.0000	0.0000	0.0011	0.0000	0.0000	inf	0.0000	0.0000	0.0000	0.0000	0.0000	0.0000	0.0000	0.0000	0.0000	0.0000	0.0000	0.0332	0.0544	0.0005	0.0763	0.0796	0.0000	0.0004	0.0000	0.0005	inf	0.0061	0.0000	-0.0014	0.0333	4.0170	1.1398	2.2643	0.0000	0.0000	0.0000	0.0000	0.0000	0.0000	0.0000	0.0000	0.0000	0.0024	0.0024	0.0000	0.0024	0.0024	0.0000	0.0000	0.0000	0.0000	0.0342	0.0250	0.0092	0.0169	0.0154	0.0015	0.0173	0.0096	0.0077	0.0714	0.0434	0.0281	0.0309	0.0296	0.0013	0.0405	0.0137	0.0268	0.0000	0.0000	0.0011	0.0000	0.0000	inf	0.0000	0.0000	0.0000	0.0332	0.0544	0.0005	0.0763	0.0796	0.0000	0.0004	0.0000	0.0005	
1	18	0.1455	5	1	2	0	2	0	0	0	0	N	Y	N	Y	N	N	N	N	N	N	N	N	7.3977	2.4332	67.7039	1.6096	1.5915	1320.3564	18.5665	0.5468	77.8459	0.7402	0.3556	2.0171	0.2370	0.2444	0.1594	1.2042	0.5028	2.4270	0.1001	0.1461	0.0298	0.1473	0.1536	0.0001	0.0649	0.9196	0.0312	1.7085	0.1337	0.0006	-0.0031	0.0333	1.3501	1.1398	4.0902	0.0080	0.0029	0.0050	0.0012	0.0012	0.0001	0.0068	0.0018	0.0050	0.0064	0.0056	0.0008	0.0040	0.0040	0.0000	0.0024	0.0016	0.0008	0.0108	0.0083	0.0025	0.0052	0.0047	0.0005	0.0056	0.0036	0.0020	0.0636	0.0384	0.0252	0.0272	0.0260	0.0011	0.0364	0.0124	0.0241	7.3977	2.4332	67.7039	1.6096	1.5915	1320.3564	18.5665	3.8544	77.8459	0.1001	0.1461	0.0298	0.1473	0.1536	0.0001	0.0649	0.1305	0.0312
1	19	0.0414	4	1	2	0	2	0	0	0	0	N	Y	N	Y	N	N	N	N	N	N	N	N	0.9858	0.2609	18.2582	0.0031	0.0030	1.0085	0.0180	18.3389	0.0662	0.0240	0.5919	0.0000	0.0000	0.0000	0.1172	0.0448	0.6390	0.0672	0.0920	0.0324	0.0006	0.0006	0.0000	0.1163	2.4889	0.0348	1.9805	0.2515	0.0001	-0.0016	0.0333	6.5178	1.1398	2.8428	0.0014	0.0005	0.0009	0.0000	0.0000	0.0000	0.0014	0.0005	0.0009	0.0040	0.0032	0.0008	0.0000	0.0000	0.0000	0.0040	0.0032	0.0008	0.0207	0.0192	0.0015	0.0090	0.0089	0.0001	0.0117	0.0103	0.0014	0.0597	0.0348	0.0249	0.0253	0.0236	0.0017	0.0344	0.0112	0.0231	0.9858	0.2609	18.2582	0.0031	0.0030	0.0000	1.0085	0.1578	18.3389	0.0672	0.0920	0.0324	0.0006	0.0006	0.0000	0.1163	0.2838	0.0348	
1	20	0.0414	4	2	2	1	1	0	0	0	0	Y	Y	N	N	N	N	N	N	N	N	N	N	0.0000	0.0000	0.0000	0.0000	0.0000	0.0000	0.0000	0.0000	0.0000	0.0000	0.0000	0.0000	0.0000	0.0000	0.0000	0.0000	0.0000	0.0000	0.0000	0.0000	0.0333	0.0002	1.1398	0.0000	0.0000	0.0000	0.0000	0.0000	0.0000	0.0000	0.0000	0.0000	0.0000	0.0000	0.0000	0.0000	0.0000	0.0000	0.0000	0.0000	0.0000	0.0000	0.0000	0.0000	0.0000	0.0000	0.0000	0.0000	0.0000	0.0000	0.0000	0.0000	0.0000	0.0000	0.0000	0.0000	0.0000	0.0000	0.0000	0.0000	0.0000	0.0000	0.0000	0.0000	0.0000	0.0000	0.0000	0.0000	0.0000	0.0000	0.0000	0.0000	0.0000	0.0000	0.0000	0.0000	0.0000	0.0000											
1	21	0.0414	4	2	1	1	1	0	0	0	0	Y	N	N	N	N	N	N	N	N	N	N	N	0.0000	0.0000	0.0000	0.0000	0.0000	0.0000	0.0000	0.0000	0.0000	0.0000	0.0000	0.0000	0.0000	0.0000	0.0000	0.0000	0.0000	0.0000	0.0000	0.0000	0.0333	0.0002	1.1398	2.0000	0.0000	0.0000	0.0000	0.0000	0.0000	0.0000	0.0000	0.0000	0.0000	0.0000	0.0000	0.0000	0.0000	0.0000	0.0000	0.0000	0.0000	0.0000	0.0000	0.0000	0.0000	0.0000	0.0000	0.0000	0.0000	0.0000	0.0000	0.0154	0.0090	0.0064	0.0067	0.0063	0.0004	0.0087	0.0027	0.0059	0.0000	0.0000	0.0000	0.0000	0.0000	0.0000	0.0000	0.0000	0.0000	0.0000	0.0000	0.0000	0.0000	0.0000	0.0000	0.0000	0.0000	0.0000											
1	23	0.0831	5	1	2	0	1	0	0	0	0	N	Y	N	N	N	N	N	N	N	N	N	N	0.0000	0.0000	0.0000	0.0000	0.0000	0.0000	0.0000	0.0000	0.0000	0.0000	0.0000	0.0000	0.0000	0.0000	0.0000	0.0000	0.0000	1.9953	0.0069	4.7910	0.0080	0.0082	0.0023	4.0130	0.0000	4.9957	497.3884	0.0000	0.0248	0.0333	0.0000	1.1398	2.4393	0.0000	0.0000	0.0000	0.0000	0.0000	0.0000	0.0000	0.0000	0.0000	0.0635	0.0001	0.0634	0.0001	0.0001	0.0000	0.0634	0.0000	0.0634	0.0000	0.0000	0.0000	0.0000	0.0000	0.0000	0.0000	0.0000	0.0000	0.0318	0.0186	0.0132	0.0160	0.0155	0.0005	0.0158	0.0031	0.0127	0.0000	0.0000	0.0000	0.0000	0.0000	0.0000	0.0000	0.0000	0.0000	1.9953	0.0069	4.7910	0.0080	0.0082	0.0023	4.0130	0.0000	4.9957		
1	24	0.0414	4	1	1	0	1	0	0	0	0	N	N	N	N	N	N	N	N	N	N	N	N	0.0000	0.0000	0.0000	0.0000	0.0000	0.0000	0.0000	0.0000	0.0000	0.0000	0.0000	0.0000	0.0000	0.0000	0.0000	0.0000	0.0000	0.0060	0.0066	0.0050	0.0084	0.0091	0.0000	0.0041	0.0014	0.0054	0.5417	0.0000	-0.0001	0.0333	3.9968	1.1398	2.5738	0.0000	0.0000	0.0000	0.0000	0.0000	0.0000	0.0000	0.0000	0.0000	0.0003	0.0002	0.0001	0.0002	0.0002	0.0000	0.0001	0.0000	0.0001	0.0134	0.0124	0.0010	0.0059	0.0058	0.0001	0.0076	0.0067	0.0009	0.0449	0.0262	0.0187	0.0193	0.0179	0.0013	0.0257	0.0083	0.0174	0.0000	0.0000	0.0000	0.0000	0.0000	0.0000	0.0000	0.0000	0.0000	0.0060	0.0066	0.0050	0.0084	0.0091	0.0000	0.0041	0.0014	0.0054		
1	27	0.0114	2	1	2	0	1	0	0	0	0	N	Y	N	N	N	N	N	N	N	N	N	N	17.0192	17.7691	0.0000	14.9971	15.0661	0.0000	0.0000	0.0000	0.2464	0.4709	0.0000	0.4955	0.4972	0.0000	0.0000	0.0000	0.0000	0.0145	0.0265	0.0031	0.0330	0.0330	0.0702	0.0025	0.0000	0.0030	0.0000	0.1221	-0.0000	-0.0002	0.0333	0.0014	1.1398	0.9895	0.0000	0.0000	0.0000	0.0000	0.0000	0.0000	0.0000	0.0000	0.0000	0.0003	0.0003	0.0000	0.0003	0.0003	0.0000	0.0000	0.0000	0.0000	0.0002	0.0001	0.0001	0.0001	0.0001	0.0000	0.0001	0.0000	0.0001	0.0222	0.0108	0.0114	0.0087	0.0087	0.0000	0.0135	0.0021	0.0114	17.0192	17.7691	0.0000	14.9971	15.0661	0.0000	0.0000	0.0000	0.0000	0.0145	0.0265	0.0031	0.0330	0.0330	0.0702	0.0025	0.0000	0.0030	
1	30	0.0362	3	2	2	0	1	0	0	0	0	Y	Y	N	N	N	N	N	N	N	N	N	N	0.0000	0.0000	0.0000	0.0000	0.0000	0.0000	0.0000	0.0000	0.0000	0.0000	0.0000	0.0000	0.0000	0.0000	0.0000	0.0000	0.0000	0.0000	0.0000	0.0000	0.0333	0.0000	1.1398	2.0000	0.0000	0.0000	0.0000	0.0000	0.0000	0.0000	0.0000	0.0000	0.0000	0.0000	0.0000	0.0000	0.0000	0.0000	0.0000	0.0000	0.0000	0.0000	0.0000	0.0000	0.0000	0.0000	0.0000	0.0000	0.0000	0.0000	0.0000	0.0229	0.0111	0.0119	0.0077	0.0074	0.0003	0.0152	0.0036	0.0115	0.0000	0.0000	0.0000	0.0000	0.0000	0.0000	0.0000	0.0000	0.0000	0.0000	0.0000	0.0000	0.0000	0.0000	0.0000	0.0000	0.0000	0.0000											
1	31	0.0092	2	2	2	0	1	0	0	0	0	Y	Y	N	N	N	N	N	N	N	N	N	N	0.9990	1.9526	0.0000	2.6845	2.6338	0.0000	0.0000	0.1150	0.1540	0.0000	0.2753	0.2761	0.0000	0.0000	0.0000	0.0000	0.1151	0.0789	0.1517	0.1025	0.1048	0.0000	0.1231	0.0000	0.1544	0.0000	1.9044	-0.0004	0.0005	0.0333	0.9772	1.1398	4.1826	0.0008	0.0008	0.0000	0.0008	0.0008	0.0000	0.0000	0.0000	0.0000	0.0095	0.0033	0.0062	0.0033	0.0033	0.0000	0.0062	0.0000	0.0062	0.0068	0.0051	0.0017	0.0029	0.0028	0.0000	0.0040	0.0023	0.0017	0.0821	0.0413	0.0409	0.0318	0.0311	0.0007	0.0504	0.0102	0.0402	0.9990	1.9526	0.0000	2.6845	2.6338	0.0000	0.0000	0.0000	0.0000	0.1151	0.0789	0.1517	0.1025	0.1048	0.0000	0.1231	0.0000	0.1544		
1	32	0.0114	2	2	2	0	1	0	0	0	0	Y	Y	N	N	N	N	N	N	N	N	N	N	2.0703	519.7631	0.0002	410.7925	437.8860	0.0000	0.0002	0.0002	0.2460	0.4697	0.0000	0.4950	0.4967	0.0000	0.0000	0.0000	0.0000	0.1188	0.0009	0.2305	0.0012	0.0011	0.0666	0.1934	0.0000	0.2307	0.0001	269.3619	-0.0000	0.0011	0.0333	0.0015	1.1398	1.0489	0.0000	0.0000	0.0000	0.0000	0.0000	0.0000	0.0000	0.0000	0.0000	0.0027	0.0000	0.0027	0.0000	0.0000	0.0000	0.0027	0.0000	0.0027	0.0002	0.0001	0.0001	0.0001	0.0001	0.0000	0.0001	0.0000	0.0001	0.0227	0.0111	0.0117	0.0088	0.0088	0.0000	0.0139	0.0023	0.0117	2.0703	519.7631	0.0002	410.7925	437.8860	0.0000	0.0002	0.0000	0.0002	0.1188	0.0009	0.2305	0.0012	0.0011	0.0666	0.1934	0.0000	0.2307	
2	3	0.0658	3	1	2	0	0	0	0	0	0	N	Y	N	N	N	N	N	N	N	N	N	N	1.5367	3.7083	0.2004	27.3516	26.8581	1.2395	0.0374	0.0000	0.1857	0.0263	0.0292	0.0062	0.2941	0.2995	0.0072	0.0008	0.0000	0.0062	0.0171	0.0079	0.0310	0.0108	0.0112	0.0058	0.0225	0.0000	0.0334	0.0305	2.6230	-0.0023	0.0001	2.0164	2.9622	0.1427	3.1597	0.0043	0.0042	0.0001	0.0042	0.0042	0.0000	0.0001	0.0000	0.0001	0.0013	0.0003	0.0009	0.0004	0.0003	0.0000	0.0009	0.0000	0.0009	0.1645	0.1439	0.0206	0.0143	0.0140	0.0003	0.1502	0.1299	0.0204	0.0734	0.0440	0.0293	0.0336	0.0311	0.0025	0.0398	0.0130	0.0268	1.5367	3.7083	0.2004	27.3516	26.8581	1.2395	0.0374	0.0000	0.1857	0.0171	0.0079	0.0310	0.0108	0.0112	0.0058	0.0225	0.0000	0.0334
2	4	0.0775	3	2	1	1	0	0	0	0	0	Y	N	N	N	N	N	N	N	N	N	N	N	0.0000	0.0000	0.0000	0.0000	0.0000	0.0000	0.0000	0.0000	0.0000	0.0000	0.0000	0.0000	0.0000	0.0000	0.0000	0.0000	0.0000	0.0000	0.0000	0.0000	2.0164	0.0000	0.1427	0.0000	0.0000	0.0000	0.0000	0.0000	0.0000	0.0000	0.0000	0.0000	0.0000	0.0000	0.0000	0.0000	0.0000	0.0000	0.0000	0.0000	0.0000	0.0000	0.0000	0.0000	0.0000	0.0000	0.0000	0.0000	0.0000	0.0000	0.0000	0.0000	0.0000	0.0000	0.0000	0.0000	0.0000	0.0000	0.0000	0.0000	0.0000	0.0000	0.0000	0.0000	0.0000	0.0000	0.0000	0.0000	0.0000	0.0000	0.0000	0.0000	0.0000	0.0000	0.0000	0.0000	0.0000	0.0000											
2	5	0.0416	2	1	2	0	0	0	0	0	0	N	Y	N	N	N	N	N	N	N	N	N	N	0.1679	inf	0.3968	29.3196	inf	1.3711	0.0639	0.3547	0.0683	0.0175	0.4513	0.1793	0.1841	0.0912	0.0575	0.0000	0.4661	0.4069	0.0000	1.1373	0.0061	0.0000	0.0665	0.9002	0.0000	1.3141	3.4192	inf	0.0042	0.0156	2.0164	5.9998	0.1427	3.0000	0.0195	0.0044	0.0151	0.0045	0.0044	0.0001	0.0150	0.0000	0.0150	0.0398	0.0000	0.0398	0.0003	0.0000	0.0003	0.0395	0.0000	0.0395	0.2858	0.2524	0.0335	0.0253	0.0240	0.0013	0.2605	0.2284	0.0322	0.0978	0.0628	0.0350	0.0540	0.0490	0.0050	0.0438	0.0138	0.0300	0.1679	inf	0.3968	29.3196	inf	1.3711	0.0639	0.0000	0.3547	0.4069	0.0000	1.1373	0.0061	0.0000	0.0665	0.9002	0.0000	1.3141	
2	8	0.0416	2	2	2	0	0	0	0	0	0	Y	Y	N	N	N	N	N	N	N	N	N	N	127.3582	92.5349	794.5263	761.2937	0.0135	0.0153	0.0000	0.1531	0.1615	0.0000	0.0000	0.0000	0.0000	0.0001	0.0002	0.0000	0.0002	0.0002	0.0000	0.0000	0.0000	0.0000	0.0000	0.0000	-0.0025	-0.0000	2.0164	6.9998	0.1427	2.0000	0.0044	0.0044	0.0000	0.0044	0.0044	0.0000	0.0000	0.0000	0.0000	0.0000	0.0000	0.0000	0.0000	0.0000	0.0000	0.0000	0.0000	0.0000	0.3264	0.2885	0.0379	0.0289	0.0274	0.0015	0.2976	0.2612	0.0364	0.0978	0.0628	0.0350	0.0540	0.0490	0.0050	0.0438	0.0138	0.0300	127.3582	92.5349	0.0000	794.5263	761.2937	0.0000	0.0000	0.0000	0.0000	0.0001	0.0002	0.0000	0.0002	0.0002	0.0000	0.0000	0.0000	0.0000					
2	9	0.1713	4	1	2	1	1	0	0	0	0	N	Y	N	N	N	N	N	N	N	N	N	N	0.0633	0.0080	0.2493	0.1319	0.0432	0.7177	0.0435	0.0000	0.2294	0.0049	0.0002	0.0391	0.0065	0.0017	0.1378	0.0046	0.0000	0.0352	0.0772	0.0304	0.1569	0.0495	0.0396	0.1920	0.1068	0.0001	0.1534	21.8946	3.0281	0.0006	0.0020	2.0164	5.9032	0.1427	6.6619	0.0016	0.0001	0.0015	0.0003	0.0001	0.0002	0.0013	0.0000	0.0013	0.0141	0.0035	0.0106	0.0047	0.0035	0.0012	0.0094	0.0000	0.0094	0.3278	0.2886	0.0391	0.0423	0.0408	0.0015	0.2854	0.2478	0.0376	0.1829	0.1153	0.0677	0.0946	0.0884	0.0061	0.0884	0.0269	0.0615	0.0633	0.0080	0.2493	0.1319	0.0432	0.7177	0.0435	0.0000	0.2294	0.0772	0.0304	0.1569	0.0495	0.0396	0.1920	0.1068	0.0001	0.1534
2	10	0.0834	3	2	1	1	0	0	0	0	0	Y	N	N	N	N	N	N	N	N	N	N	N	0.0007	0.0004	0.0000	0.0013	0.0013	0.0000	0.0000	0.0000	0.0003	0.0003	0.0000	0.0009	0.0010	0.0000	0.0000	0.0000	0.0000	0.3550	0.6742	0.0000	0.7053	0.7290	0.0000	0.0000	0.0000	0.0000	0.0000	0.0000	-0.0000	-0.0225	2.0164	0.0030	0.1427	2.5954	0.0000	0.0000	0.0000	0.0000	0.0000	0.0000	0.0000	0.0000	0.0000	0.0370	0.0370	0.0000	0.0370	0.0370	0.0000	0.0000	0.0000	0.0000	0.0002	0.0002	0.0000	0.0000	0.0000	0.0000	0.0001	0.0001	0.0000	0.1042	0.0549	0.0493	0.0525	0.0508	0.0017	0.0518	0.0041	0.0476	0.0007	0.0004	0.0000	0.0013	0.0013	0.0000	0.0000	0.0000	0.0000	0.3550	0.6742	0.0000	0.7053	0.7290	0.0000	0.0000	0.0000	0.0000	
2	11	0.1458	3	1	2	0	1	0	0	0	0	N	Y	N	N	N	N	N	N	N	N	N	N	0.0561	0.0010	0.2187	0.1333	0.0100	1.2082	0.0374	0.0000	0.2007	0.0050	0.0000	0.0404	0.0065	0.0004	0.1840	0.0049	0.0000	0.0377	0.0897	0.0319	0.1846	0.0489	0.0417	0.1523	0.1317	0.0001	0.1877	180.7622	3.5318	0.0008	0.0028	2.0164	7.2715	0.1427	4.6446	0.0018	0.0000	0.0018	0.0002	0.0000	0.0002	0.0017	0.0000	0.0017	0.0160	0.0035	0.0125	0.0044	0.0035	0.0009	0.0116	0.0000	0.0116	0.3606	0.3159	0.0447	0.0248	0.0240	0.0008	0.3358	0.2919	0.0439	0.1786	0.1110	0.0677	0.0905	0.0847	0.0059	0.0881	0.0263	0.0618	0.0561	0.0010	0.2187	0.1333	0.0100	1.2082	0.0374	0.0000	0.2007	0.0897	0.0319	0.1846	0.0489	0.0417	0.1523	0.1317	0.0001	0.1877
2	12	0.0834	3	2	1	1	0	0	0	0	0	Y	N	N	N	N	N	N	N	N	N	N	N	0.0010	0.4895	0.0000	1.4976	1.5031	0.0000	0.0000	0.0000	0.0003	0.0003	0.0000	0.0009	0.0010	0.0000	0.0000	0.0000	0.0000	0.2639	0.0006	0.5637	0.0006	0.0006	0.0000	0.5310	0.0000	0.5889	0.0000	847.7737	-0.0000	0.0114	2.0164	0.0030	0.1427	3.4320	0.0000	0.0000	0.0000	0.0000	0.0000	0.0000	0.0000	0.0000	0.0000	0.0290	0.0000	0.0290	0.0000	0.0000	0.0000	0.0290	0.0000	0.0290	0.0002	0.0002	0.0000	0.0000	0.0000	0.0000	0.0001	0.0001	0.0000	0.1100	0.0586	0.0514	0.0554	0.0532	0.0022	0.0546	0.0054	0.0492	0.0010	0.4895	0.0000	1.4976	1.5031	0.0000	0.0000	0.0000	0.0000	0.2639	0.0006	0.5637	0.0006	0.0006	0.0000	0.5310	0.0000	0.5889	
2	13	0.0775	3	2	2	1	0	0	0	0	0	Y	Y	N	N	N	N	N	N	N	N	N	N	0.0000	0.0000	0.0000	0.0000	0.0000	0.0000	0.0000	0.0000	0.0000	0.0000	0.0000	0.0000	0.0000	0.0000	0.0000	0.0000	0.0000	0.0000	0.0000	0.0000	2.0164	0.0000	0.1427	0.0000	0.0000	0.0000	0.0000	0.0000	0.0000	0.0000	0.0000	0.0000	0.0000	0.0000	0.0000	0.0000	0.0000	0.0000	0.0000	0.0000	0.0000	0.0000	0.0000	0.0000	0.0000	0.0000	0.0000	0.0000	0.0000	0.0000	0.0000	0.0000	0.0000	0.0000	0.0000	0.0000	0.0000	0.0000	0.0000	0.0000	0.0000	0.0000	0.0000	0.0000	0.0000	0.0000	0.0000	0.0000	0.0000	0.0000	0.0000	0.0000	0.0000	0.0000	0.0000	0.0000	0.0000	0.0000											
2	14	0.0775	3	2	2	1	0	0	0	0	0	Y	Y	N	N	N	N	N	N	N	N	N	N	0.0000	0.0000	0.0000	0.0000	0.0000	0.0000	0.0000	0.0000	0.0000	0.0000	0.0000	0.0000	0.0000	0.0000	0.0000	0.0000	0.0000	0.0000	0.0000	0.0000	2.0164	0.0000	0.1427	0.0000	0.0000	0.0000	0.0000	0.0000	0.0000	0.0000	0.0000	0.0000	0.0000	0.0000	0.0000	0.0000	0.0000	0.0000	0.0000	0.0000	0.0000	0.0000	0.0000	0.0000	0.0000	0.0000	0.0000	0.0000	0.0000	0.0000	0.0000	0.0000	0.0000	0.0000	0.0000	0.0000	0.0000	0.0000	0.0000	0.0000	0.0000	0.0000	0.0000	0.0000	0.0000	0.0000	0.0000	0.0000	0.0000	0.0000	0.0000	0.0000	0.0000	0.0000	0.0000	0.0000	0.0000	0.0000											
2	15	0.0416	2	2	1	1	0	0	0	0	0	Y	N	N	N	N	N	N	N	N	N	N	N	0.0000	0.0000	0.0000	0.0000	0.0000	0.0000	0.0000	0.0000	0.0000	0.0000	0.0000	0.0000	0.0000	1.0910	0.0000	3.0614	0.0000	0.0000	0.0000	2.4743	0.0000	3.5702	inf	0.0000	0.0259	2.0164	3.0000	0.1427	2.0000	0.0000	0.0000	0.0000	0.0000	0.0000	0.0000	0.0000	0.0000	0.0000	0.0660	0.0000	0.0660	0.0000	0.0000	0.0000	0.0660	0.0000	0.0660	0.1527	0.1343	0.0184	0.0136	0.0129	0.0007	0.1391	0.1214	0.0177	0.0605	0.0389	0.0215	0.0338	0.0307	0.0031	0.0267	0.0082	0.0185	0.0000	0.0000	0.0000	0.0000	0.0000	0.0000	0.0000	0.0000	0.0000	1.0910	0.0000	3.0614	0.0000	0.0000	0.0000	2.4743	0.0000	3.5702						
2	16	0.1009	5	2	2	0	0	0	0	0	0	Y	Y	N	N	N	N	N	N	N	N	N	N	0.0000	0.0000	0.0000	0.0000	0.0000	0.0000	0.0000	0.0000	0.0000	0.0000	0.0000	0.0000	0.0000	0.0000	0.0000	0.1548	0.0000	0.6984	0.2421	0.0000	1.1213	0.0014	0.0000	0.0060	inf	0.0000	0.0000	2.0164	0.0000	0.1427	0.0000	0.0000	0.0000	0.0000	0.0000	0.0000	0.0000	0.0000	0.0000	0.0000	0.0000	0.0000	0.0000	0.0000	0.0000	0.0000	0.0000	0.0000	0.0000	0.0000	0.0000	0.0000	0.0000	0.0000	0.0000	0.0000	0.0000	0.0000	0.0000	0.0000	0.0000	0.0000	0.0000	0.0000	0.0000	0.0000	0.0000	0.0000	0.0000	0.0000	0.0000	0.0000	0.0000	0.0000	0.0000	0.0000	0.1548	0.0000	0.6984	0.2421	0.0000	1.1213	0.0014	0.0000	0.0060				
2	17	0.1713	4	1	2	0	1	0	0	0	0	N	Y	N	N	N	N	N	N	N	N	N	N	0.0000	0.0000	0.0000	0.0000	0.0000	0.0000	0.0000	0.0000	0.0000	0.0000	0.0000	0.0000	0.0000	0.0000	0.0000	0.0000	0.0000	0.0000	0.0216	0.0346	0.0000	0.0414	0.0438	0.0000	0.0000	0.0001	0.0000	0.0001	0.0000	-0.0020	2.0164	4.0170	0.1427	2.2643	0.0000	0.0000	0.0000	0.0000	0.0000	0.0000	0.0000	0.0000	0.0000	0.0033	0.0033	0.0000	0.0033	0.0033	0.0000	0.0000	0.0000	0.0000	0.2579	0.2269	0.0309	0.0412	0.0399	0.0013	0.2167	0.1870	0.0297	0.1545	0.0962	0.0583	0.0803	0.0761	0.0042	0.0742	0.0202	0.0540	0.0000	0.0000	0.0000	0.0000	0.0000	0.0000	0.0000	0.0000	0.0000	0.0216	0.0346	0.0000	0.0414	0.0438	0.0000	0.0000	0.0001	0.0000	
2	18	0.1458	3	1	2	0	1	0	0	0	0	N	Y	N	N	N	N	N	N	N	N	N	N	0.1782	0.1256	0.5039	0.4650	0.4332	2.2474	0.1088	0.0665	0.4663	0.0288	0.0158	0.1099	0.0721	0.0667	0.3984	0.0183	0.0013	0.1030	0.1613	0.1258	0.2181	0.1551	0.1539	0.1773	0.1678	0.0189	0.2210	1.1098	1.0832	-0.0001	-0.0021	2.0164	1.3501	0.1427	4.0902	0.0031	0.0015	0.0016	0.0015	0.0014	0.0001	0.0016	0.0001	0.0015	0.0236	0.0113	0.0123	0.0116	0.0110	0.0007	0.0120	0.0004	0.0116	0.1074	0.0926	0.0148	0.0209	0.0206	0.0003	0.0865	0.0720	0.0144	0.1461	0.0899	0.0562	0.0749	0.0712	0.0037	0.0712	0.0187	0.0525	0.1782	0.1256	0.5039	0.4650	0.4332	2.2474	0.1088	0.0665	0.4663	0.1613	0.1258	0.2181	0.1551	0.1539	0.1773	0.1678	0.0189	0.2210
2	19	0.0416	2	1	2	0	1	0	0	0	0	N	Y	N	N	N	N	N	N	N	N	N	N	0.1389	0.0386	0.4345	0.7001	0.0741	1.6696	0.0686	0.0102	0.3881	0.0438	0.0005	0.3718	0.0040	0.0001	0.0746	0.0477	0.0006	0.3840	0.3154	0.0142	0.8557	0.0057	0.0018	0.0447	0.6955	0.0581	0.9895	89.2735	33.5348	0.0058	0.0116	2.0164	6.5178	0.1427	2.8428	0.0135	0.0001	0.0133	0.0001	0.0000	0.0001	0.0133	0.0001	0.0132	0.0318	0.0009	0.0309	0.0003	0.0001	0.0002	0.0315	0.0008	0.0306	0.3071	0.2713	0.0358	0.0272	0.0258	0.0014	0.2799	0.2455	0.0344	0.1008	0.0647	0.0361	0.0555	0.0504	0.0051	0.0452	0.0143	0.0310	0.1389	0.0386	0.4345	0.7001	0.0741	1.6696	0.0686	0.0102	0.3881	0.3154	0.0142	0.8557	0.0057	0.0018	0.0447	0.6955	0.0581	0.9895
2	20	0.0416	2	2	2	1	0	0	0	0	0	Y	Y	N	N	N	N	N	N	N	N	N	N	0.1786	0.0182	inf	0.0321	0.0288	inf	inf	inf	0.0126	0.0020	0.0986	0.0042	0.0040	0.1348	0.0193	0.0000	0.0984	0.0706	0.1090	0.0000	0.1310	0.1386	0.0000	0.0000	0.0000	0.0000	6.1430	0.0000	0.0000	-0.0000	2.0164	0.0002	0.1427	0.0000	0.0000	0.0000	0.0000	0.0000	0.0000	0.0000	0.0000	0.0000	0.0000	0.0000	0.0000	0.0000	0.0000	0.0000	0.0000	0.0000	0.0000	0.0000	0.0001	0.0001	0.0000	0.0000	0.0000	0.0000	0.0000	0.0000	0.0000	0.0000	0.0000	0.0000	0.0000	0.0000	0.0000	0.0000	0.0000	0.0000	0.1786	0.0182	inf	0.0321	0.0288	inf	inf	0.0000	inf	0.0706	0.1090	0.0000	0.1310	0.1386	0.0000	0.0000	0.0000	0.0000	
2	21	0.0416	2	2	1	1	0	0	0	0	0	Y	N	N	N	N	N	N	N	N	N	N	N	831.9601	84.3394	inf	156.7753	135.3708	inf	inf	inf	0.0126	0.0020	0.0986	0.0042	0.0040	0.1348	0.0193	0.0000	0.0984	0.0000	0.0000	0.0000	0.0000	0.0000	0.0000	0.0000	0.0000	0.0000	6.1430	0.0000	0.0000	-0.0000	2.0164	0.0002	0.1427	2.0000	0.0000	0.0000	0.0000	0.0000	0.0000	0.0000	0.0000	0.0000	0.0000	0.0000	0.0000	0.0000	0.0000	0.0000	0.0000	0.0000	0.0000	0.0000	0.0001	0.0001	0.0000	0.0000	0.0000	0.0000	0.0000	0.0000	0.0000	0.0263	0.0169	0.0093	0.0148	0.0135	0.0013	0.0114	0.0034	0.0080	831.9601	84.3394	inf	156.7753	135.3708	inf	inf	0.0000	inf	0.0000	0.0000	0.0000	0.0000	0.0000	0.0000	0.0000	0.0000	0.0000	
2	23	0.0834	3	1	2	0	0	0	0	0	0	N	Y	N	N	N	N	N	N	N	N	N	N	0.0203	inf	0.0000	0.7770	inf	0.0000	0.0000	0.0000	0.0112	0.0125	0.0000	0.0239	0.0240	0.0000	0.0000	0.0000	0.0000	0.5505	0.0000	1.1598	0.0308	0.0000	0.9938	1.0770	0.0000	1.1654	0.0000	inf	-0.0000	0.0223	2.0164	0.0000	0.1427	2.4393	0.0000	0.0000	0.0000	0.0000	0.0000	0.0000	0.0000	0.0000	0.0000	0.0568	0.0000	0.0568	0.0016	0.0000	0.0016	0.0552	0.0000	0.0552	0.0000	0.0000	0.0000	0.0000	0.0000	0.0000	0.0000	0.0000	0.0000	0.1031	0.0542	0.0489	0.0519	0.0503	0.0016	0.0512	0.0039	0.0473	0.0203	inf	0.0000	0.7770	inf	0.0000	0.0000	0.0000	0.0000	0.5505	0.0000	1.1598	0.0308	0.0000	0.9938	1.0770	0.0000	1.1654	
2	24	0.0416	2	1	1	0	0	0	0	0	0	N	N	N	N	N	N	N	N	N	N	N	N	0.0457	1275.5179	0.0000	4448.3725	22821.1500	0.0000	0.0000	0.0000	0.0000	0.0222	0.0252	0.0000	0.2500	0.2635	0.0000	0.0000	0.0000	0.0000	0.4859	0.0000	1.3615	0.0001	0.0000	0.0005	1.0949	0.0000	1.5871	0.0000	38208.4436	-0.0025	0.0145	2.0164	3.9968	0.1427	2.5738	0.0044	0.0044	0.0000	0.0044	0.0044	0.0000	0.0000	0.0000	0.0000	0.0370	0.0000	0.0370	0.0000	0.0000	0.0000	0.0370	0.0000	0.0370	0.1990	0.1752	0.0238	0.0177	0.0168	0.0009	0.1813	0.1584	0.0229	0.0762	0.0490	0.0272	0.0424	0.0385	0.0039	0.0338	0.0105	0.0233	0.0457	1275.5179	0.0000	4448.3725	22821.1500	0.0000	0.0000	0.0000	0.0000	0.4859	0.0000	1.3615	0.0001	0.0000	0.0005	1.0949	0.0000	1.5871
2	25	0.0767	5	2	2	0	1	0	0	0	0	Y	Y	N	N	N	N	N	N	N	N	N	N	0.0000	0.0000	0.0000	0.0000	0.0000	0.0000	0.0000	0.0000	0.0000	0.0000	0.0000	0.0000	0.0000	0.0000	0.0000	0.0000	0.0000	2.7114	0.0000	7.9210	0.0092	0.0000	0.6389	4.8506	0.0000	8.0590	2507605.0963	0.0000	0.0266	2.0164	0.0332	0.1427	1.0637	0.0000	0.0000	0.0000	0.0000	0.0000	0.0000	0.0000	0.0000	0.0000	0.0677	0.0000	0.0677	0.0001	0.0000	0.0001	0.0676	0.0000	0.0676	0.0100	0.0093	0.0007	0.0043	0.0043	0.0000	0.0057	0.0050	0.0007	0.0250	0.0164	0.0085	0.0110	0.0109	0.0002	0.0139	0.0055	0.0084	0.0000	0.0000	0.0000	0.0000	0.0000	0.0000	0.0000	0.0000	0.0000	2.7114	0.0000	7.9210	0.0092	0.0000	0.6389	4.8506	0.0000	8.0590		
2	26	0.0767	5	1	2	0	1	0	0	0	0	N	Y	N	N	N	N	N	N	N	N	N	N	0.0000	0.0000	0.0000	0.0000	0.0000	0.0000	0.0000	0.0000	0.0000	0.0000	0.0000	0.0000	0.0000	0.3353	0.5437	0.0000	0.8648	0.8790	0.0000	0.0000	0.0000	0.0000	0.0000	0.0000	-0.0158	2.0164	1.9667	0.1427	4.8619	0.0000	0.0000	0.0000	0.0000	0.0000	0.0000	0.0000	0.0000	0.0000	0.0261	0.0261	0.0000	0.0261	0.0261	0.0000	0.0000	0.0000	0.0000	0.1083	0.0956	0.0127	0.0167	0.0159	0.0008	0.0917	0.0797	0.0120	0.0777	0.0479	0.0298	0.0301	0.0296	0.0005	0.0476	0.0183	0.0293	0.0000	0.0000	0.0000	0.0000	0.0000	0.0000	0.0000	0.0000	0.0000	0.3353	0.5437	0.0000	0.8648	0.8790	0.0000	0.0000	0.0000	0.0000						
2	27	0.0818	6	1	2	0	0	0	0	0	0	N	Y	N	N	N	N	N	N	N	N	N	N	0.0000	0.0000	0.0000	0.0000	0.0000	0.0000	0.0000	0.0000	0.0000	0.0000	0.0000	0.0000	0.0000	0.0000	0.0000	3.9855	0.0000	9.1141	0.0002	0.0000	0.0247	6.6455	0.0000	9.1726	inf	0.0000	0.0256	2.0164	0.0014	0.1427	0.9895	0.0000	0.0000	0.0000	0.0000	0.0000	0.0000	0.0000	0.0000	0.0000	0.0651	0.0000	0.0651	0.0000	0.0000	0.0000	0.0651	0.0000	0.0651	0.0004	0.0004	0.0000	0.0002	0.0002	0.0000	0.0003	0.0002	0.0000	0.0163	0.0092	0.0071	0.0065	0.0065	0.0000	0.0098	0.0027	0.0071	0.0000	0.0000	0.0000	0.0000	0.0000	0.0000	0.0000	0.0000	0.0000	3.9855	0.0000	9.1141	0.0002	0.0000	0.0247	6.6455	0.0000	9.1726				
2	28	0.0767	5	1	1	1	1	0	0	0	0	N	N	N	N	N	N	N	N	N	N	N	N	0.0000	0.0000	0.0000	0.0000	0.0000	0.0000	0.0000	0.0000	0.0000	0.0000	0.0000	0.0000	0.0000	0.0000	0.0000	0.4941	0.7878	0.0025	1.2280	1.2448	0.1525	0.0000	0.0000	0.0000	0.0019	0.0000	-0.0158	2.0164	1.0331	0.1427	2.8608	0.0000	0.0000	0.0000	0.0000	0.0000	0.0000	0.0000	0.0000	0.0000	0.0261	0.0261	0.0000	0.0261	0.0261	0.0000	0.0000	0.0000	0.0000	0.0620	0.0548	0.0071	0.0109	0.0104	0.0004	0.0511	0.0444	0.0067	0.0528	0.0331	0.0198	0.0213	0.0209	0.0003	0.0316	0.0121	0.0194	0.0000	0.0000	0.0000	0.0000	0.0000	0.0000	0.0000	0.0000	0.0000	0.4941	0.7878	0.0025	1.2280	1.2448	0.1525	0.0000	0.0000	0.0000				
2	29	0.0767	5	1	1	1	1	0	0	0	0	N	N	N	N	N	N	N	N	N	N	N	N	0.0000	0.0000	0.0000	0.0000	0.0000	0.0000	0.0000	0.0000	0.0000	0.0000	0.0000	0.0000	0.0000	0.0000	0.0000	1.5055	0.0000	4.0792	0.0082	0.0000	0.5428	2.5422	0.0000	4.1396	inf	0.0000	0.0266	2.0164	0.0332	0.1427	3.0294	0.0000	0.0000	0.0000	0.0000	0.0000	0.0000	0.0000	0.0000	0.0000	0.0678	0.0000	0.0678	0.0002	0.0000	0.0002	0.0676	0.0000	0.0676	0.0100	0.0093	0.0007	0.0043	0.0043	0.0000	0.0057	0.0050	0.0007	0.0450	0.0284	0.0166	0.0184	0.0181	0.0003	0.0266	0.0103	0.0163	0.0000	0.0000	0.0000	0.0000	0.0000	0.0000	0.0000	0.0000	0.0000	1.5055	0.0000	4.0792	0.0082	0.0000	0.5428	2.5422	0.0000	4.1396				
2	30	0.1009	5	2	2	0	0	0	0	0	0	Y	Y	N	N	N	N	N	N	N	N	N	N	0.0000	0.0000	0.0000	0.0000	0.0000	0.0000	0.0000	0.0000	0.0000	0.0000	0.0000	0.0000	0.0000	1.6498	2.7722	0.0000	3.5165	3.8410	0.0000	0.0000	0.0000	0.0000	0.0000	0.0000	-0.0242	2.0164	0.0000	0.1427	2.0000	0.0000	0.0000	0.0000	0.0000	0.0000	0.0000	0.0000	0.0000	0.0000	0.0398	0.0398	0.0000	0.0398	0.0398	0.0000	0.0000	0.0000	0.0000	0.0000	0.0000	0.0000	0.0000	0.0000	0.0000	0.0000	0.0000	0.0000	0.0241	0.0144	0.0098	0.0113	0.0104	0.0010	0.0128	0.0040	0.0088	0.0000	0.0000	0.0000	0.0000	0.0000	0.0000	0.0000	0.0000	0.0000	1.6498	2.7722	0.0000	3.5165	3.8410	0.0000	0.0000	0.0000	0.0000						
2	31	0.0739	4	2	2	0	0	0	0	0	0	Y	Y	N	N	N	N	N	N	N	N	N	N	2.7508	1.9607	0.1651	7.3340	6.8998	0.0919	0.0361	0.0000	0.1685	0.0586	0.0664	0.0002	0.3359	0.3387	0.0001	0.0000	0.0000	0.0002	0.0213	0.0339	0.0010	0.0458	0.0491	0.0011	0.0006	0.0000	0.0010	0.0003	0.0177	-0.0023	-0.0009	2.0164	0.9772	0.1427	4.1826	0.0042	0.0042	0.0000	0.0042	0.0042	0.0000	0.0000	0.0000	0.0000	0.0014	0.0014	0.0000	0.0014	0.0014	0.0000	0.0000	0.0000	0.0000	0.0718	0.0633	0.0085	0.0125	0.0124	0.0001	0.0593	0.0509	0.0084	0.0680	0.0420	0.0260	0.0311	0.0290	0.0021	0.0369	0.0130	0.0239	2.7508	1.9607	0.1651	7.3340	6.8998	0.0919	0.0361	0.0000	0.1685	0.0213	0.0339	0.0010	0.0458	0.0491	0.0011	0.0006	0.0000	0.0010
2	32	0.0818	6	2	2	0	0	0	0	0	0	Y	Y	N	N	N	N	N	N	N	N	N	N	0.0000	0.0000	0.0000	0.0000	0.0000	0.0000	0.0000	0.0000	0.0000	0.0000	0.0000	0.0000	0.0000	0.0000	0.0000	0.0000	0.0000	0.0548	0.0957	0.0021	0.1354	0.1362	0.0234	0.0014	0.0000	0.0019	0.0167	0.0000	-0.0006	2.0164	0.0015	0.1427	1.0489	0.0000	0.0000	0.0000	0.0000	0.0000	0.0000	0.0000	0.0000	0.0000	0.0009	0.0009	0.0000	0.0009	0.0009	0.0000	0.0000	0.0000	0.0000	0.0005	0.0004	0.0000	0.0002	0.0002	0.0000	0.0003	0.0002	0.0000	0.0170	0.0096	0.0074	0.0068	0.0067	0.0000	0.0102	0.0029	0.0074	0.0000	0.0000	0.0000	0.0000	0.0000	0.0000	0.0000	0.0000	0.0000	0.0548	0.0957	0.0021	0.1354	0.1362	0.0234	0.0014	0.0000	0.0019		
2	33	0.0767	5	1	2	0	0	0	0	0	0	N	Y	N	N	N	N	N	N	N	N	N	N	0.0000	0.0000	0.0000	0.0000	0.0000	0.0000	0.0000	0.0000	0.0000	0.0000	0.0000	0.0000	0.0000	0.0000	0.0000	0.0000	0.0000	0.0000	0.0754	0.0014	0.2064	0.0089	0.0022	0.4522	0.1234	0.0000	0.2021	80.6239	0.0000	0.0010	2.0164	0.9657	0.1427	1.1858	0.0000	0.0000	0.0000	0.0000	0.0000	0.0000	0.0000	0.0000	0.0000	0.0027	0.0000	0.0027	0.0001	0.0000	0.0001	0.0026	0.0000	0.0026	0.0585	0.0518	0.0067	0.0104	0.0100	0.0004	0.0481	0.0418	0.0063	0.0360	0.0230	0.0130	0.0151	0.0149	0.0002	0.0209	0.0081	0.0128	0.0000	0.0000	0.0000	0.0000	0.0000	0.0000	0.0000	0.0000	0.0000	0.0754	0.0014	0.2064	0.0089	0.0022	0.4522	0.1234	0.0000	0.2021	
2	34	0.0739	4	1	1	0	0	0	0	0	0	N	N	N	N	N	N	N	N	N	N	N	N	0.0040	0.0000	0.0125	0.0023	0.0000	0.0115	0.0026	0.0000	0.0123	0.0018	0.0000	0.0145	0.0001	0.0000	0.0096	0.0020	0.0000	0.0145	0.4388	0.0041	1.1558	0.0603	0.0060	0.8325	0.7623	0.0000	1.1840	inf	170.2033	0.0001	0.0096	2.0164	1.9916	0.1427	1.9964	0.0002	0.0000	0.0002	0.0000	0.0000	0.0000	0.0002	0.0000	0.0002	0.0249	0.0001	0.0248	0.0016	0.0001	0.0014	0.0233	0.0000	0.0233	0.1217	0.1068	0.0149	0.0143	0.0141	0.0002	0.1074	0.0927	0.0147	0.0568	0.0353	0.0214	0.0262	0.0244	0.0017	0.0306	0.0109	0.0197	0.0040	0.0000	0.0125	0.0023	0.0000	0.0115	0.0026	0.0000	0.0123	0.4388	0.0041	1.1558	0.0603	0.0060	0.8325	0.7623	0.0000	1.1840
2	35	0.0658	3	1	1	0	0	0	0	0	0	N	N	N	N	N	N	N	N	N	N	N	N	0.2861	1.3540	0.6250	1.5537	2.5366	2.4797	0.1636	0.0000	0.5994	0.0214	0.0092	0.1116	0.0221	0.0217	0.2440	0.0210	0.0000	0.1109	0.0748	0.0068	0.1786	0.0142	0.0086	0.0984	0.1282	0.0020	0.1850	1.6494	17.2784	0.0000	0.0008	2.0164	0.1320	0.1427	1.9445	0.0005	0.0002	0.0003	0.0002	0.0002	0.0000	0.0003	0.0000	0.0003	0.0025	0.0001	0.0023	0.0002	0.0001	0.0001	0.0022	0.0000	0.0022	0.0253	0.0223	0.0030	0.0094	0.0094	0.0000	0.0159	0.0129	0.0030	0.0329	0.0199	0.0130	0.0154	0.0144	0.0010	0.0175	0.0054	0.0120	0.2861	1.3540	0.6250	1.5537	2.5366	2.4797	0.1636	0.0000	0.5994	0.0748	0.0068	0.1786	0.0142	0.0086	0.0984	0.1282	0.0020	0.1850
2	36	0.0416	2	1	1	0	0	0	0	0	0	N	N	N	N	N	N	N	N	N	N	N	N	0.1217	3.1230	0.3582	1.9939	64.7162	1.2641	0.0581	0.0049	0.3196	0.0757	0.0012	0.6248	0.0190	0.0130	0.1298	0.0812	0.0000	0.6445	0.6219	0.0004	1.7440	0.0095	0.0002	0.1027	1.3971	0.0011	2.0166	67.9495	2420.4862	0.0065	0.0153	2.0164	4.0393	0.1427	1.1787	0.0152	0.0002	0.0150	0.0003	0.0002	0.0001	0.0149	0.0000	0.0149	0.0390	0.0000	0.0390	0.0003	0.0000	0.0003	0.0387	0.0000	0.0387	0.2009	0.1769	0.0240	0.0178	0.0169	0.0009	0.1830	0.1600	0.0231	0.0627	0.0404	0.0224	0.0350	0.0319	0.0032	0.0277	0.0085	0.0192	0.1217	3.1230	0.3582	1.9939	64.7162	1.2641	0.0581	0.0049	0.3196	0.6219	0.0004	1.7440	0.0095	0.0002	0.1027	1.3971	0.0011	2.0166
3	4	0.0868	3	1	1	1	0	0	0	0	0	N	N	N	N	N	N	N	N	N	N	N	N	0.0000	0.0000	0.0000	0.0000	0.0000	0.0000	0.0000	0.0000	0.0000	0.0000	0.0000	0.0000	0.0000	0.0000	0.0000	0.0000	0.0000	0.0000	0.0000	0.0000	2.9622	0.0000	3.1597	0.0000	0.0000	0.0000	0.0000	0.0000	0.0000	0.0000	0.0000	0.0000	0.0000	0.0000	0.0000	0.0000	0.0000	0.0000	0.0000	0.0000	0.0000	0.0000	0.0000	0.0000	0.0000	0.0000	0.0000	0.0000	0.0000	0.0000	0.0000	0.0000	0.0000	0.0000	0.0000	0.0000	0.0000	0.0000	0.0000	0.0000	0.0000	0.0000	0.0000	0.0000	0.0000	0.0000	0.0000	0.0000	0.0000	0.0000	0.0000	0.0000	0.0000	0.0000	0.0000	0.0000	0.0000	0.0000											
3	5	0.0510	2	0	2	0	0	0	0	0	0	N	Y	N	N	N	N	N	N	N	N	N	N	29.4055	145.8051	0.2771	0.3769	30.8358	162.0702	4.1111	0.0000	35.5565	0.0016	0.0000	0.0260	5.2682	0.0000	40.3345	0.1398	0.0000	0.2439	0.0059	0.0000	0.0690	0.1708	0.0000	0.2489	inf	inf	0.8666	0.0090	2.9622	5.9998	3.1597	3.0000	1.9601	0.0000	1.9601	0.0002	0.0000	0.0002	1.9599	0.0000	1.9599	0.0228	0.0000	0.0228	0.0002	0.0000	0.0002	0.0227	0.0000	0.0227	0.4768	0.4217	0.0551	0.1048	0.0982	0.0065	0.3720	0.3234	0.0486	0.1634	0.0697	0.0937	0.0307	0.0281	0.0026	0.1326	0.0416	0.0911	29.4055	0.0000	145.8051	0.2771	0.0000	0.3769	30.8358	0.0000	162.0702	0.1398	0.0000	0.2439	0.0059	0.0000	0.0690	0.1708	0.0000	0.2489			
3	6	0.0748	3	0	2	0	0	0	0	0	0	N	Y	N	N	N	N	N	N	N	N	N	N	622.2400	0.0000	2650.7215	0.6359	0.0000	73.4109	524.9016	0.0000	2492.9084	10.6964	0.0000	82.5421	0.0069	0.0000	0.4324	11.8653	0.0000	83.5453	0.0172	0.0079	0.0311	0.0108	0.0112	0.0059	0.0226	0.0000	0.0335	inf	2.6230	0.4184	0.0001	2.9622	1.0139	3.1597	1.1272	0.9463	0.0000	0.9463	0.0001	0.0000	0.0001	0.9462	0.0000	0.9462	0.0013	0.0003	0.0009	0.0004	0.0003	0.0000	0.0009	0.0000	0.0009	0.0885	0.0770	0.0115	0.0087	0.0086	0.0001	0.0797	0.0684	0.0113	0.0731	0.0439	0.0292	0.0335	0.0310	0.0025	0.0396	0.0129	0.0267	622.2400	0.0000	2650.7215	0.6359	0.0000	73.4109	524.9016	0.0000	2492.9084	0.0172	0.0079	0.0311	0.0108	0.0112	0.0059	0.0226	0.0000	0.0335
3	7	0.0510	2	0	2	0	0	0	0	0	0	N	Y	N	N	N	N	N	N	N	N	N	N	0.4564	0.0329	2.4457	0.0632	0.0502	0.3775	0.5293	1.7064	2.6843	0.1463	0.0031	1.1934	0.0134	0.0110	0.0503	0.1840	0.0007	1.3378	0.3206	0.0941	0.4880	0.2118	0.2189	0.1332	0.3475	0.0004	0.4984	52.6812	7.0173	0.0054	0.0068	2.9622	0.9928	3.1597	2.8771	0.0128	0.0002	0.0125	0.0003	0.0002	0.0001	0.0125	0.0000	0.0125	0.0253	0.0032	0.0222	0.0033	0.0032	0.0002	0.0220	0.0000	0.0220	0.0872	0.0767	0.0105	0.0193	0.0181	0.0012	0.0680	0.0587	0.0093	0.0790	0.0336	0.0454	0.0157	0.0144	0.0013	0.0633	0.0192	0.0441	0.4564	0.0329	2.4457	0.0632	0.0502	0.3775	0.5293	1.7064	2.6843	0.3206	0.0941	0.4880	0.2118	0.2189	0.1332	0.3475	0.0004	0.4984
3	8	0.0510	2	1	2	0	0	0	0	0	0	N	Y	N	N	N	N	N	N	N	N	N	N	14059.1892	0.0006	inf	0.2547	0.0011	inf	inf	inf	1.7408	0.0000	15.1616	0.0002	0.0000	0.0027	2.2304	0.0000	17.2199	0.0001	0.0003	0.0000	0.0007	0.0007	0.0000	0.0000	0.0000	0.0000	11191053.4005	0.0000	0.4201	-0.0000	2.9622	6.9998	3.1597	2.0000	0.9501	0.0000	0.9501	0.0000	0.0000	0.0000	0.9501	0.0000	0.9501	0.0000	0.0000	0.0000	0.0000	0.0000	0.0000	0.0000	0.0000	0.0000	0.5458	0.4831	0.0627	0.1198	0.1123	0.0075	0.4260	0.3708	0.0552	0.1634	0.0697	0.0937	0.0307	0.0281	0.0026	0.1326	0.0416	0.0911	14059.1892	0.0006	inf	0.2547	0.0011	inf	inf	0.0000	inf	0.0001	0.0003	0.0000	0.0007	0.0007	0.0000	0.0000	0.0000	0.0000	
3	9	0.1806	4	0	2	1	1	0	0	0	0	N	Y	N	N	N	N	N	N	N	N	N	N	0.0023	0.3108	0.0026	0.9493	1.1776	0.1687	0.0004	35.4416	0.0023	0.0053	0.0044	0.0125	0.0323	0.0320	0.0403	0.0014	0.0000	0.0113	2.2999	0.0140	4.7246	0.0341	0.0272	0.2387	3.1571	0.0000	4.8085	0.3655	317.3283	-0.0009	0.2914	2.9622	5.9032	3.1597	6.6619	0.0032	0.0024	0.0009	0.0025	0.0024	0.0001	0.0007	0.0000	0.0007	0.7478	0.0023	0.7454	0.0030	0.0023	0.0007	0.7448	0.0000	0.7448	0.6081	0.5392	0.0690	0.0762	0.0734	0.0028	0.5319	0.4658	0.0662	0.3251	0.1674	0.1578	0.0892	0.0863	0.0029	0.2359	0.0810	0.1549	0.0023	0.3108	0.0026	0.9493	1.1776	0.1687	0.0004	35.4416	0.0023	2.2999	0.0140	4.7246	0.0341	0.0272	0.2387	3.1571	0.0000	4.8085
3	10	0.0927	3	1	1	1	0	0	0	0	0	N	N	N	N	N	N	N	N	N	N	N	N	5.1156	0.0000	27.0015	0.0000	0.0000	0.0000	6.8348	0.0000	28.5732	0.0124	0.0000	0.1086	0.0000	0.0000	0.0000	0.0228	0.0000	0.1168	0.0024	0.0009	0.0040	0.0011	0.0011	0.0002	0.0033	0.0000	0.0041	inf	4.3949	0.0000	0.0001	2.9622	0.0030	3.1597	2.5954	0.0000	0.0000	0.0000	0.0000	0.0000	0.0000	0.0000	0.0000	0.0000	0.0003	0.0000	0.0002	0.0000	0.0000	0.0000	0.0002	0.0000	0.0002	0.0008	0.0007	0.0001	0.0004	0.0003	0.0000	0.0004	0.0003	0.0001	0.1106	0.0565	0.0541	0.0453	0.0444	0.0009	0.0654	0.0121	0.0532	5.1156	0.0000	27.0015	0.0000	0.0000	0.0000	6.8348	0.0000	28.5732	0.0024	0.0009	0.0040	0.0011	0.0011	0.0002	0.0033	0.0000	0.0041
3	11	0.1551	3	0	2	0	1	0	0	0	0	N	Y	N	N	N	N	N	N	N	N	N	N	0.0087	0.0033	0.2324	0.0046	0.0039	0.1497	0.0992	inf	0.2294	0.0039	0.0028	0.0130	0.0078	0.0068	0.0358	0.0035	0.0022	0.0123	0.4527	0.8491	0.0562	1.7071	1.7506	0.2392	0.0351	0.0000	0.0535	0.6095	0.0661	-0.0005	-0.0761	2.9622	7.2715	3.1597	4.6446	0.0028	0.0017	0.0011	0.0006	0.0005	0.0001	0.0022	0.0012	0.0010	0.1395	0.1309	0.0087	0.1314	0.1309	0.0005	0.0081	0.0000	0.0081	0.7115	0.6301	0.0814	0.0758	0.0731	0.0027	0.6356	0.5569	0.0787	0.3082	0.1542	0.1541	0.0770	0.0748	0.0022	0.2312	0.0794	0.1519	0.0087	0.0033	0.2324	0.0046	0.0039	0.1497	0.0992	inf	0.2294	0.4527	0.8491	0.0562	1.7071	1.7506	0.2392	0.0351	0.0000	0.0535
3	12	0.0927	3	1	1	1	0	0	0	0	0	N	N	N	N	N	N	N	N	N	N	N	N	7.6469	0.0000	169.5881	0.0000	0.0000	0.0000	44.3970	179.7221	0.0124	0.0000	0.1086	0.0000	0.0000	0.0000	0.0228	0.0000	0.1168	0.0016	0.0025	0.0006	0.0033	0.0034	0.0002	0.0005	0.0000	0.0006	inf	0.2399	0.0000	-0.0001	2.9622	0.0030	3.1597	3.4320	0.0000	0.0000	0.0000	0.0000	0.0000	0.0000	0.0000	0.0000	0.0000	0.0002	0.0002	0.0000	0.0002	0.0002	0.0000	0.0000	0.0000	0.0000	0.0008	0.0007	0.0001	0.0004	0.0003	0.0000	0.0004	0.0003	0.0001	0.1229	0.0629	0.0600	0.0483	0.0471	0.0012	0.0746	0.0158	0.0588	7.6469	0.0000	169.5881	0.0000	0.0000	0.0000	44.3970	0.0000	179.7221	0.0016	0.0025	0.0006	0.0033	0.0034	0.0002	0.0005	0.0000	0.0006	
3	13	0.0868	3	1	2	1	0	0	0	0	0	N	Y	N	N	N	N	N	N	N	N	N	N	0.0000	0.0000	0.0000	0.0000	0.0000	0.0000	0.0000	0.0000	0.0000	0.0000	0.0000	0.0000	0.0000	0.0000	0.0000	0.0000	0.0000	0.0000	0.0000	0.0000	2.9622	0.0000	3.1597	0.0000	0.0000	0.0000	0.0000	0.0000	0.0000	0.0000	0.0000	0.0000	0.0000	0.0000	0.0000	0.0000	0.0000	0.0000	0.0000	0.0000	0.0000	0.0000	0.0000	0.0000	0.0000	0.0000	0.0000	0.0000	0.0000	0.0000	0.0000	0.0000	0.0000	0.0000	0.0000	0.0000	0.0000	0.0000	0.0000	0.0000	0.0000	0.0000	0.0000	0.0000	0.0000	0.0000	0.0000	0.0000	0.0000	0.0000	0.0000	0.0000	0.0000	0.0000	0.0000	0.0000	0.0000	0.0000											
3	14	0.0868	3	1	2	1	0	0	0	0	0	N	Y	N	N	N	N	N	N	N	N	N	N	0.0000	0.0000	0.0000	0.0000	0.0000	0.0000	0.0000	0.0000	0.0000	0.0000	0.0000	0.0000	0.0000	0.0000	0.0000	0.0000	0.0000	0.0000	0.0000	0.0000	2.9622	0.0000	3.1597	0.0000	0.0000	0.0000	0.0000	0.0000	0.0000	0.0000	0.0000	0.0000	0.0000	0.0000	0.0000	0.0000	0.0000	0.0000	0.0000	0.0000	0.0000	0.0000	0.0000	0.0000	0.0000	0.0000	0.0000	0.0000	0.0000	0.0000	0.0000	0.0000	0.0000	0.0000	0.0000	0.0000	0.0000	0.0000	0.0000	0.0000	0.0000	0.0000	0.0000	0.0000	0.0000	0.0000	0.0000	0.0000	0.0000	0.0000	0.0000	0.0000	0.0000	0.0000	0.0000	0.0000	0.0000	0.0000											
3	15	0.0510	2	1	1	1	0	0	0	0	0	N	N	N	N	N	N	N	N	N	N	N	N	0.0000	0.0000	0.0000	0.0000	0.0000	0.0000	0.0000	0.0000	0.0000	0.0000	0.0000	0.0000	0.0000	0.0032	0.0076	0.0000	0.0164	0.0179	0.0000	0.0000	0.0000	0.0000	0.0000	0.0000	-0.0002	2.9622	3.0000	3.1597	2.0000	0.0000	0.0000	0.0000	0.0000	0.0000	0.0000	0.0000	0.0000	0.0000	0.0003	0.0003	0.0000	0.0003	0.0003	0.0000	0.0000	0.0000	0.0000	0.2528	0.2229	0.0299	0.0557	0.0523	0.0034	0.1971	0.1707	0.0265	0.0994	0.0423	0.0571	0.0195	0.0179	0.0016	0.0799	0.0244	0.0555	0.0000	0.0000	0.0000	0.0000	0.0000	0.0000	0.0000	0.0000	0.0000	0.0032	0.0076	0.0000	0.0164	0.0179	0.0000	0.0000	0.0000	0.0000						
3	16	0.0618	3	1	2	0	0	0	0	0	0	N	Y	N	N	N	N	N	N	N	N	N	N	0.0000	0.0000	0.0000	0.0000	0.0000	0.0000	0.0000	0.0000	0.0000	0.0000	0.0000	0.0000	0.0000	0.0821	0.0000	0.3593	0.1525	0.0000	1.1843	0.0000	0.0000	0.0000	inf	0.0000	0.0000	2.9622	0.0000	3.1597	0.0000	0.0000	0.0000	0.0000	0.0000	0.0000	0.0000	0.0000	0.0000	0.0000	0.0000	0.0000	0.0000	0.0000	0.0000	0.0000	0.0000	0.0000	0.0000	0.0000	0.0000	0.0000	0.0000	0.0000	0.0000	0.0000	0.0000	0.0000	0.0000	0.0000	0.0000	0.0000	0.0000	0.0000	0.0000	0.0000	0.0000	0.0000	0.0000	0.0000	0.0000	0.0000	0.0000	0.0000	0.0000	0.0000	0.0821	0.0000	0.3593	0.1525	0.0000	1.1843	0.0000	0.0000	0.0000						
3	17	0.1806	4	0	2	0	1	0	0	0	0	N	Y	N	N	N	N	N	N	N	N	N	N	0.0008	0.0001	0.0066	0.0012	0.0002	0.0572	0.0009	inf	0.0048	0.0000	0.0000	0.0001	0.0000	0.0000	0.0006	0.0000	0.0000	0.0001	0.0115	0.0115	0.0116	0.0186	0.0188	0.0096	0.0079	0.0000	0.0116	14.3943	0.8488	0.0000	-0.0004	2.9622	4.0170	3.1597	2.2643	0.0000	0.0000	0.0000	0.0000	0.0000	0.0000	0.0000	0.0000	0.0000	0.0030	0.0016	0.0014	0.0017	0.0016	0.0000	0.0014	0.0000	0.0014	0.4689	0.4155	0.0533	0.0671	0.0649	0.0023	0.4017	0.3507	0.0511	0.2628	0.1428	0.1200	0.0893	0.0871	0.0021	0.1736	0.0557	0.1179	0.0008	0.0001	0.0066	0.0012	0.0002	0.0572	0.0009	inf	0.0048	0.0115	0.0115	0.0116	0.0186	0.0188	0.0096	0.0079	0.0000	0.0116
3	18	0.1551	3	0	2	0	1	0	0	0	0	N	Y	N	N	N	N	N	N	N	N	N	N	0.0151	0.0190	0.0273	0.0254	0.0242	0.3195	0.0122	0.7763	0.0264	0.0202	0.0160	0.0527	0.0346	0.0335	0.0789	0.0163	0.0105	0.0515	1.3428	0.8390	1.9282	1.3607	1.3841	0.2469	1.3339	0.0136	1.9533	0.4328	1.9775	-0.0011	0.0180	2.9622	1.3501	3.1597	4.0902	0.0043	0.0030	0.0013	0.0016	0.0015	0.0001	0.0027	0.0015	0.0012	0.3154	0.1059	0.2095	0.1057	0.1053	0.0004	0.2098	0.0007	0.2091	0.2127	0.1881	0.0246	0.0454	0.0443	0.0011	0.1673	0.1437	0.0235	0.2349	0.1263	0.1087	0.0776	0.0761	0.0016	0.1573	0.0502	0.1071	0.0151	0.0190	0.0273	0.0254	0.0242	0.3195	0.0122	0.7763	0.0264	1.3428	0.8390	1.9282	1.3607	1.3841	0.2469	1.3339	0.0136	1.9533
3	19	0.0510	2	0	2	0	1	0	0	0	0	N	Y	N	N	N	N	N	N	N	N	N	N	0.0222	0.0618	0.1029	0.0601	0.0417	0.3757	0.0226	0.1205	0.1121	0.0196	0.0019	0.1559	0.0032	0.0022	0.0173	0.0242	0.0017	0.1746	0.8815	0.0300	1.5155	0.0525	0.0530	0.0461	1.0727	0.0145	1.5575	10.9494	67.9051	0.0036	0.0562	2.9622	6.5178	3.1597	2.8428	0.0101	0.0008	0.0092	0.0004	0.0002	0.0001	0.0097	0.0006	0.0091	0.1486	0.0022	0.1464	0.0017	0.0015	0.0001	0.1469	0.0006	0.1463	0.5129	0.4538	0.0591	0.1126	0.1056	0.0070	0.4002	0.3482	0.0520	0.1686	0.0719	0.0966	0.0316	0.0289	0.0027	0.1370	0.0430	0.0939	0.0222	0.0618	0.1029	0.0601	0.0417	0.3757	0.0226	0.1205	0.1121	0.8815	0.0300	1.5155	0.0525	0.0530	0.0461	1.0727	0.0145	1.5575
3	20	0.0510	2	1	2	1	0	0	0	0	0	N	Y	N	N	N	N	N	N	N	N	N	N	57.6817	38.3138	38.5391	37.2662	1.7231	2.1803	0.0000	3.8081	3.8277	0.0000	0.0000	0.0000	0.0000	0.0299	0.0569	0.0000	0.0988	0.1027	0.0000	0.0000	0.0000	0.0000	0.0000	0.0000	-0.0001	-0.0000	2.9622	0.0002	3.1597	0.0000	0.0002	0.0002	0.0000	0.0002	0.0002	0.0000	0.0000	0.0000	0.0000	0.0000	0.0000	0.0000	0.0000	0.0000	0.0000	0.0000	0.0000	0.0000	0.0001	0.0001	0.0000	0.0001	0.0001	0.0000	0.0001	0.0000	0.0000	0.0000	0.0000	0.0000	0.0000	0.0000	0.0000	0.0000	0.0000	0.0000	57.6817	38.3138	0.0000	38.5391	37.2662	0.0000	0.0000	0.0000	0.0000	0.0299	0.0569	0.0000	0.0988	0.1027	0.0000	0.0000	0.0000	0.0000					
3	21	0.0510	2	1	1	1	0	0	0	0	0	N	N	N	N	N	N	N	N	N	N	N	N	7196.3524	3863.2849	3221.3075	2973.0197	1.7231	2.1803	0.0000	3.8081	3.8277	0.0000	0.0000	0.0000	0.0000	0.0002	0.0006	0.0000	0.0012	0.0013	0.0000	0.0000	0.0000	0.0000	0.0000	0.0000	-0.0001	-0.0000	2.9622	0.0002	3.1597	2.0000	0.0002	0.0002	0.0000	0.0002	0.0002	0.0000	0.0000	0.0000	0.0000	0.0000	0.0000	0.0000	0.0000	0.0000	0.0000	0.0000	0.0000	0.0000	0.0001	0.0001	0.0000	0.0001	0.0001	0.0000	0.0001	0.0000	0.0000	0.0427	0.0181	0.0246	0.0087	0.0079	0.0007	0.0341	0.0102	0.0239	7196.3524	3863.2849	0.0000	3221.3075	2973.0197	0.0000	0.0000	0.0000	0.0000	0.0002	0.0006	0.0000	0.0012	0.0013	0.0000	0.0000	0.0000	0.0000					
3	23	0.0927	3	0	2	0	0	0	0	0	0	N	Y	N	N	N	N	N	N	N	N	N	N	0.6816	0.0000	194200.5439	0.0000	0.0000	0.0000	83506.6636	0.0000	309895.2813	0.0194	0.0000	0.1638	0.0000	0.0000	0.0000	0.0389	0.0000	0.1640	0.0285	0.0559	0.0000	0.0691	0.0704	0.0000	0.0000	0.0000	0.0000	inf	0.0000	0.0000	-0.0019	2.9622	0.0000	3.1597	2.4393	0.0000	0.0000	0.0000	0.0000	0.0000	0.0000	0.0000	0.0000	0.0000	0.0031	0.0031	0.0000	0.0031	0.0031	0.0000	0.0000	0.0000	0.0000	0.0005	0.0004	0.0001	0.0002	0.0002	0.0000	0.0002	0.0002	0.0001	0.1083	0.0553	0.0530	0.0447	0.0438	0.0009	0.0636	0.0114	0.0521	0.6816	0.0000	194200.5439	0.0000	0.0000	0.0000	83506.6636	0.0000	309895.2813	0.0285	0.0559	0.0000	0.0691	0.0704	0.0000	0.0000	0.0000	0.0000
3	24	0.0510	2	0	1	0	0	0	0	0	0	N	N	N	N	N	N	N	N	N	N	N	N	1465.0743	0.0001	90921.6403	0.0295	0.0001	inf	19227.6965	99982.2414	2.8772	0.0000	24.5192	0.0003	0.0000	0.0044	3.6891	0.0000	27.7448	0.0020	0.0042	0.0003	0.0094	0.0102	0.0000	0.0002	0.0000	0.0003	10933926.9983	0.0856	0.4201	-0.0001	2.9622	3.9968	3.1597	2.5738	0.9501	0.0000	0.9501	0.0000	0.0000	0.0000	0.9501	0.0000	0.9501	0.0002	0.0002	0.0000	0.0002	0.0002	0.0000	0.0000	0.0000	0.0000	0.3302	0.2915	0.0387	0.0727	0.0682	0.0045	0.2575	0.2233	0.0342	0.1260	0.0537	0.0723	0.0243	0.0223	0.0020	0.1017	0.0314	0.0703	1465.0743	0.0001	90921.6403	0.0295	0.0001	inf	19227.6965	0.0000	99982.2414	0.0020	0.0042	0.0003	0.0094	0.0102	0.0000	0.0002	0.0000	0.0003	
3	25	0.0376	3	1	2	0	1	0	0	0	0	N	Y	N	N	N	N	N	N	N	N	N	N	0.2709	0.1563	0.3046	0.2979	0.0018	0.0019	0.0000	0.0050	0.0050	0.0000	0.0000	0.0000	0.0000	0.0066	0.0125	0.0000	0.0165	0.0169	0.0000	0.0000	0.0000	0.0000	0.0000	0.0000	-0.0000	-0.0003	2.9622	0.0332	3.1597	1.0637	0.0000	0.0000	0.0000	0.0000	0.0000	0.0000	0.0000	0.0000	0.0000	0.0005	0.0005	0.0000	0.0005	0.0005	0.0000	0.0000	0.0000	0.0000	0.0111	0.0102	0.0009	0.0040	0.0040	0.0000	0.0071	0.0063	0.0009	0.0768	0.0407	0.0361	0.0308	0.0300	0.0008	0.0460	0.0107	0.0353	0.2709	0.1563	0.0000	0.3046	0.2979	0.0000	0.0000	0.0000	0.0000	0.0066	0.0125	0.0000	0.0165	0.0169	0.0000	0.0000	0.0000	0.0000					
3	26	0.0376	3	0	2	0	1	0	0	0	0	N	Y	N	N	N	N	N	N	N	N	N	N	0.0037	0.0000	0.0169	0.6213	0.0000	1.2123	0.0028	0.0161	0.0027	0.0000	0.0233	0.0011	0.0000	0.0267	0.0029	0.0000	0.0232	0.7365	0.0000	1.3801	0.0017	0.0000	0.0220	1.0279	0.0000	1.4385	inf	73524.4887	0.0003	0.0560	2.9622	1.9667	3.1597	4.8619	0.0006	0.0000	0.0006	0.0000	0.0000	0.0000	0.0006	0.0000	0.0006	0.1425	0.0000	0.1425	0.0001	0.0000	0.0001	0.1424	0.0000	0.1424	0.2125	0.1876	0.0249	0.0179	0.0172	0.0007	0.1946	0.1704	0.0242	0.1935	0.0902	0.1033	0.0549	0.0507	0.0043	0.1386	0.0396	0.0990	0.0037	0.0000	0.0169	0.6213	0.0000	1.2123	0.0028	0.0000	0.0161	0.7365	0.0000	1.3801	0.0017	0.0000	0.0220	1.0279	0.0000	1.4385	
3	27	0.0427	4	0	2	0	0	0	0	0	0	N	Y	N	N	N	N	N	N	N	N	N	N	0.2518	0.0000	9323.9386	0.0101	0.0000	inf	1333.5385	8731.1439	0.0017	0.0000	0.0209	0.0002	0.0000	0.1783	0.0025	0.0000	0.0201	0.0068	0.0148	0.0000	0.0193	0.0202	0.0000	0.0000	0.0000	0.0000	inf	0.0002	0.0000	-0.0002	2.9622	0.0014	3.1597	0.9895	0.0000	0.0000	0.0000	0.0000	0.0000	0.0000	0.0000	0.0000	0.0000	0.0003	0.0003	0.0000	0.0003	0.0003	0.0000	0.0000	0.0000	0.0000	0.0005	0.0005	0.0000	0.0002	0.0002	0.0000	0.0003	0.0003	0.0000	0.0466	0.0214	0.0252	0.0165	0.0157	0.0007	0.0302	0.0057	0.0244	0.2518	0.0000	9323.9386	0.0101	0.0000	inf	1333.5385	0.0000	8731.1439	0.0068	0.0148	0.0000	0.0193	0.0202	0.0000	0.0000	0.0000	0.0000	
3	28	0.0376	3	0	1	1	1	0	0	0	0	N	N	N	N	N	N	N	N	N	N	N	N	0.0002	inf	0.0000	0.3292	inf	0.0000	0.0000	0.0000	0.0002	0.0002	0.0000	0.0018	0.0018	0.0000	0.0000	0.0000	0.0000	1.0562	0.0000	2.0406	0.0053	0.0000	0.0902	1.5435	0.0000	2.1137	0.0000	inf	-0.0000	0.0574	2.9622	1.0331	3.1597	2.8608	0.0000	0.0000	0.0000	0.0000	0.0000	0.0000	0.0000	0.0000	0.0000	0.1461	0.0000	0.1461	0.0002	0.0000	0.0002	0.1459	0.0000	0.1459	0.1185	0.1047	0.0138	0.0113	0.0110	0.0004	0.1071	0.0937	0.0134	0.1383	0.0667	0.0716	0.0438	0.0412	0.0026	0.0945	0.0255	0.0690	0.0002	inf	0.0000	0.3292	inf	0.0000	0.0000	0.0000	0.0000	1.0562	0.0000	2.0406	0.0053	0.0000	0.0902	1.5435	0.0000	2.1137	
3	29	0.0376	3	0	1	1	1	0	0	0	0	N	N	N	N	N	N	N	N	N	N	N	N	0.0529	0.2289	0.0000	0.3126	0.3798	0.0000	0.0000	0.0000	0.0018	0.0019	0.0000	0.0050	0.0050	0.0000	0.0000	0.0000	0.0000	0.0338	0.0085	0.0582	0.0161	0.0133	0.0675	0.0427	0.0000	0.0579	0.0000	7.0928	-0.0000	0.0011	2.9622	0.0332	3.1597	3.0294	0.0000	0.0000	0.0000	0.0000	0.0000	0.0000	0.0000	0.0000	0.0000	0.0041	0.0005	0.0036	0.0006	0.0005	0.0001	0.0034	0.0000	0.0034	0.0111	0.0102	0.0009	0.0040	0.0040	0.0000	0.0071	0.0063	0.0009	0.1210	0.0594	0.0616	0.0402	0.0381	0.0021	0.0808	0.0212	0.0596	0.0529	0.2289	0.0000	0.3126	0.3798	0.0000	0.0000	0.0000	0.0000	0.0338	0.0085	0.0582	0.0161	0.0133	0.0675	0.0427	0.0000	0.0579	
3	30	0.0618	3	1	2	0	0	0	0	0	0	N	Y	N	N	N	N	N	N	N	N	N	N	0.0000	0.0000	0.0000	0.0000	0.0000	0.0000	0.0000	0.0000	0.0000	0.0000	0.0000	0.0000	0.0000	0.4098	0.9780	0.0000	2.3942	2.4489	0.0000	0.0000	0.0000	0.0000	0.0000	0.0000	-0.0139	2.9622	0.0000	3.1597	2.0000	0.0000	0.0000	0.0000	0.0000	0.0000	0.0000	0.0000	0.0000	0.0000	0.0228	0.0228	0.0000	0.0228	0.0228	0.0000	0.0000	0.0000	0.0000	0.0000	0.0000	0.0000	0.0000	0.0000	0.0000	0.0000	0.0000	0.0000	0.0557	0.0234	0.0324	0.0095	0.0093	0.0002	0.0462	0.0140	0.0322	0.0000	0.0000	0.0000	0.0000	0.0000	0.0000	0.0000	0.0000	0.0000	0.4098	0.9780	0.0000	2.3942	2.4489	0.0000	0.0000	0.0000	0.0000						
3	31	0.0348	2	1	2	0	0	0	0	0	0	N	Y	N	N	N	N	N	N	N	N	N	N	86.5753	0.0000	14555.7702	0.0037	0.0000	5.4585	3357.5419	15207.1997	6.9198	0.0000	50.8804	0.0013	0.0000	0.2553	7.8593	0.0000	51.1000	0.0799	0.1688	0.0035	0.3390	0.3411	0.0468	0.0023	0.0000	0.0034	inf	0.0241	0.3999	-0.0081	2.9622	0.9772	3.1597	4.1826	0.9044	0.0000	0.9044	0.0000	0.0000	0.0000	0.9044	0.0000	0.9044	0.0138	0.0135	0.0003	0.0135	0.0135	0.0000	0.0003	0.0000	0.0003	0.1307	0.1129	0.0178	0.0156	0.0155	0.0001	0.1151	0.0974	0.0177	0.1730	0.0800	0.0930	0.0399	0.0396	0.0003	0.1331	0.0404	0.0927	86.5753	0.0000	14555.7702	0.0037	0.0000	5.4585	3357.5419	0.0000	15207.1997	0.0799	0.1688	0.0035	0.3390	0.3411	0.0468	0.0023	0.0000	0.0034	
3	32	0.0427	4	1	2	0	0	0	0	0	0	N	Y	N	N	N	N	N	N	N	N	N	N	0.0156	0.0000	119.9469	0.0009	0.0000	43569.6119	17.2144	110.2555	0.0017	0.0000	0.0208	0.0003	0.0000	0.2577	0.0025	0.0000	0.0197	0.1106	0.2408	0.0002	0.3163	0.3316	0.0000	0.0001	0.0000	0.0002	inf	0.0008	0.0000	-0.0032	2.9622	0.0015	3.1597	1.0489	0.0000	0.0000	0.0000	0.0000	0.0000	0.0000	0.0000	0.0000	0.0000	0.0053	0.0053	0.0000	0.0053	0.0053	0.0000	0.0000	0.0000	0.0000	0.0005	0.0005	0.0000	0.0002	0.0002	0.0000	0.0003	0.0003	0.0000	0.0481	0.0221	0.0261	0.0168	0.0160	0.0008	0.0313	0.0061	0.0253	0.0156	0.0000	119.9469	0.0009	0.0000	43569.6119	17.2144	0.0000	110.2555	0.1106	0.2408	0.0002	0.3163	0.3316	0.0000	0.0001	0.0000	0.0002	
3	33	0.0376	3	0	2	0	0	0	0	0	0	N	Y	N	N	N	N	N	N	N	N	N	N	0.0326	0.0000	0.4557	0.0057	0.0000	1557.1223	0.0737	0.0402	0.4398	0.0052	0.0000	0.0447	0.0018	0.0000	0.0529	0.0056	0.0000	0.0445	0.1594	0.2197	0.0981	0.3109	0.3243	0.0000	0.0756	0.0000	0.1011	11256.4795	0.4392	0.0003	-0.0049	2.9622	0.9657	3.1597	1.1858	0.0006	0.0000	0.0006	0.0000	0.0000	0.0000	0.0006	0.0000	0.0006	0.0161	0.0112	0.0049	0.0112	0.0112	0.0000	0.0049	0.0000	0.0049	0.1115	0.0985	0.0130	0.0109	0.0105	0.0004	0.1006	0.0880	0.0126	0.1011	0.0510	0.0502	0.0360	0.0345	0.0015	0.0651	0.0164	0.0487	0.0326	0.0000	0.4557	0.0057	0.0000	1557.1223	0.0737	0.0402	0.4398	0.1594	0.2197	0.0981	0.3109	0.3243	0.0000	0.0756	0.0000	0.1011
3	34	0.0348	2	0	1	0	0	0	0	0	0	N	N	N	N	N	N	N	N	N	N	N	N	1.0251	0.8676	0.0003	5.1713	5.1818	0.0745	0.0001	0.0031	0.0003	0.2003	0.2300	0.0000	2.5677	2.5890	0.0002	0.0000	0.0000	0.0000	0.1954	0.2651	0.1334	0.4965	0.4996	0.0021	0.0943	0.0000	0.1338	0.0000	0.5652	-0.0260	-0.0072	2.9622	1.9916	3.1597	1.9964	0.0465	0.0465	0.0000	0.0465	0.0465	0.0000	0.0000	0.0000	0.0000	0.0291	0.0186	0.0105	0.0186	0.0186	0.0000	0.0105	0.0000	0.0105	0.2323	0.2024	0.0300	0.0181	0.0180	0.0001	0.2142	0.1844	0.0298	0.1487	0.0700	0.0787	0.0374	0.0372	0.0002	0.1113	0.0329	0.0784	1.0251	0.8676	0.0003	5.1713	5.1818	0.0745	0.0001	0.0031	0.0003	0.1954	0.2651	0.1334	0.4965	0.4996	0.0021	0.0943	0.0000	0.1338
4	5	0.0358	2	1	1	1	0	0	0	0	0	N	N	N	N	N	N	N	N	N	N	N	N	0.0000	0.0000	0.0000	0.0000	0.0000	0.0000	0.0000	0.0000	0.0000	0.0000	0.0000	0.0000	0.0000	0.0000	0.0000	0.0000	0.0000	0.0000	0.0000	0.0000	0.0000	5.9998	0.0000	3.0000	0.0000	0.0000	0.0000	0.0000	0.0000	0.0000	0.0000	0.0000	0.0000	0.0000	0.0000	0.0000	0.0000	0.0000	0.0000	0.0000	0.0000	0.0000	0.0000	0.0000	0.0000	0.0000	0.0000	0.0000	0.0000	0.0000	0.0000	0.0000	0.0000	0.0000	0.0000	0.0000	0.0000	0.0000	0.0000	0.0000	0.0000	0.0000	0.0000	0.0000	0.0000	0.0000	0.0000	0.0000	0.0000	0.0000	0.0000	0.0000	0.0000	0.0000	0.0000	0.0000	0.0000	0.0000											
4	6	0.0597	3	1	1	1	0	0	0	0	0	N	N	N	N	N	N	N	N	N	N	N	N	0.0000	0.0000	0.0000	0.0000	0.0000	0.0000	0.0000	0.0000	0.0000	0.0000	0.0000	0.0000	0.0000	0.0000	0.0000	0.0000	0.0000	0.0000	0.0000	0.0000	0.0000	1.0139	0.0000	1.1272	0.0000	0.0000	0.0000	0.0000	0.0000	0.0000	0.0000	0.0000	0.0000	0.0000	0.0000	0.0000	0.0000	0.0000	0.0000	0.0000	0.0000	0.0000	0.0000	0.0000	0.0000	0.0000	0.0000	0.0000	0.0000	0.0000	0.0000	0.0000	0.0000	0.0000	0.0000	0.0000	0.0000	0.0000	0.0000	0.0000	0.0000	0.0000	0.0000	0.0000	0.0000	0.0000	0.0000	0.0000	0.0000	0.0000	0.0000	0.0000	0.0000	0.0000	0.0000	0.0000	0.0000	0.0000											
4	7	0.0358	2	1	1	1	0	0	0	0	0	N	N	N	N	N	N	N	N	N	N	N	N	0.0000	0.0000	0.0000	0.0000	0.0000	0.0000	0.0000	0.0000	0.0000	0.0000	0.0000	0.0000	0.0000	0.0000	0.0000	0.0000	0.0000	0.0000	0.0000	0.0000	0.0000	0.9928	0.0000	2.8771	0.0000	0.0000	0.0000	0.0000	0.0000	0.0000	0.0000	0.0000	0.0000	0.0000	0.0000	0.0000	0.0000	0.0000	0.0000	0.0000	0.0000	0.0000	0.0000	0.0000	0.0000	0.0000	0.0000	0.0000	0.0000	0.0000	0.0000	0.0000	0.0000	0.0000	0.0000	0.0000	0.0000	0.0000	0.0000	0.0000	0.0000	0.0000	0.0000	0.0000	0.0000	0.0000	0.0000	0.0000	0.0000	0.0000	0.0000	0.0000	0.0000	0.0000	0.0000	0.0000	0.0000	0.0000											
4	8	0.0358	2	2	1	1	0	0	0	0	0	Y	N	N	N	N	N	N	N	N	N	N	N	0.0000	0.0000	0.0000	0.0000	0.0000	0.0000	0.0000	0.0000	0.0000	0.0000	0.0000	0.0000	0.0000	0.0000	0.0000	0.0000	0.0000	0.0000	0.0000	0.0000	0.0000	6.9998	0.0000	2.0000	0.0000	0.0000	0.0000	0.0000	0.0000	0.0000	0.0000	0.0000	0.0000	0.0000	0.0000	0.0000	0.0000	0.0000	0.0000	0.0000	0.0000	0.0000	0.0000	0.0000	0.0000	0.0000	0.0000	0.0000	0.0000	0.0000	0.0000	0.0000	0.0000	0.0000	0.0000	0.0000	0.0000	0.0000	0.0000	0.0000	0.0000	0.0000	0.0000	0.0000	0.0000	0.0000	0.0000	0.0000	0.0000	0.0000	0.0000	0.0000	0.0000	0.0000	0.0000	0.0000	0.0000	0.0000											
4	9	0.1655	4	1	1	2	1	0	0	0	0	N	N	Y	N	N	N	N	N	N	N	N	N	0.0000	0.0000	0.0000	0.0000	0.0000	0.0000	0.0000	0.0000	0.0000	0.0000	0.0000	0.0000	0.0000	0.0000	0.0000	0.0000	0.0000	0.0000	0.0000	0.0000	0.0000	5.9032	0.0000	6.6619	0.0000	0.0000	0.0000	0.0000	0.0000	0.0000	0.0000	0.0000	0.0000	0.0000	0.0000	0.0000	0.0000	0.0000	0.0000	0.0000	0.0000	0.0000	0.0000	0.0000	0.0000	0.0000	0.0000	0.0000	0.0000	0.0000	0.0000	0.0000	0.0000	0.0000	0.0000	0.0000	0.0000	0.0000	0.0000	0.0000	0.0000	0.0000	0.0000	0.0000	0.0000	0.0000	0.0000	0.0000	0.0000	0.0000	0.0000	0.0000	0.0000	0.0000	0.0000	0.0000	0.0000	0.0000											
4	10	0.0776	3	2	0	2	0	0	0	0	0	Y	N	Y	N	N	N	N	N	N	N	N	N	0.0000	0.0000	0.0000	0.0000	0.0000	0.0000	0.0000	0.0000	0.0000	0.0000	0.0000	0.0000	0.0000	0.0000	0.0000	0.0000	0.0000	0.0000	0.0000	0.0000	0.0000	0.0030	0.0000	2.5954	0.0000	0.0000	0.0000	0.0000	0.0000	0.0000	0.0000	0.0000	0.0000	0.0000	0.0000	0.0000	0.0000	0.0000	0.0000	0.0000	0.0000	0.0000	0.0000	0.0000	0.0000	0.0000	0.0000	0.0000	0.0000	0.0000	0.0000	0.0000	0.0000	0.0000	0.0000	0.0000	0.0000	0.0000	0.0000	0.0000	0.0000	0.0000	0.0000	0.0000	0.0000	0.0000	0.0000	0.0000	0.0000	0.0000	0.0000	0.0000	0.0000	0.0000	0.0000	0.0000	0.0000	0.0000											
4	11	0.1400	3	1	1	1	1	0	0	0	0	N	N	N	N	N	N	N	N	N	N	N	N	0.0000	0.0000	0.0000	0.0000	0.0000	0.0000	0.0000	0.0000	0.0000	0.0000	0.0000	0.0000	0.0000	0.0000	0.0000	0.0000	0.0000	0.0000	0.0000	0.0000	0.0000	7.2715	0.0000	4.6446	0.0000	0.0000	0.0000	0.0000	0.0000	0.0000	0.0000	0.0000	0.0000	0.0000	0.0000	0.0000	0.0000	0.0000	0.0000	0.0000	0.0000	0.0000	0.0000	0.0000	0.0000	0.0000	0.0000	0.0000	0.0000	0.0000	0.0000	0.0000	0.0000	0.0000	0.0000	0.0000	0.0000	0.0000	0.0000	0.0000	0.0000	0.0000	0.0000	0.0000	0.0000	0.0000	0.0000	0.0000	0.0000	0.0000	0.0000	0.0000	0.0000	0.0000	0.0000	0.0000	0.0000	0.0000											
4	12	0.0776	3	2	0	2	0	0	0	0	0	Y	N	Y	N	N	N	N	N	N	N	N	N	0.0000	0.0000	0.0000	0.0000	0.0000	0.0000	0.0000	0.0000	0.0000	0.0000	0.0000	0.0000	0.0000	0.0000	0.0000	0.0000	0.0000	0.0000	0.0000	0.0000	0.0000	0.0030	0.0000	3.4320	0.0000	0.0000	0.0000	0.0000	0.0000	0.0000	0.0000	0.0000	0.0000	0.0000	0.0000	0.0000	0.0000	0.0000	0.0000	0.0000	0.0000	0.0000	0.0000	0.0000	0.0000	0.0000	0.0000	0.0000	0.0000	0.0000	0.0000	0.0000	0.0000	0.0000	0.0000	0.0000	0.0000	0.0000	0.0000	0.0000	0.0000	0.0000	0.0000	0.0000	0.0000	0.0000	0.0000	0.0000	0.0000	0.0000	0.0000	0.0000	0.0000	0.0000	0.0000	0.0000	0.0000	0.0000											
4	16	0.0951	5	2	1	1	0	0	0	0	0	Y	N	N	N	N	N	N	N	N	N	N	N	0.0000	0.0000	0.0000	0.0000	0.0000	0.0000	0.0000	0.0000	0.0000	0.0000	0.0000	0.0000	0.0000	0.0000	0.0000	0.0000	0.0000	0.0000	0.0000	0.0000	0.0000	0.0000	0.0000	0.0000	0.0000	0.0000	0.0000	0.0000	0.0000	0.0000	0.0000	0.0000	0.0000	0.0000	0.0000	0.0000	0.0000	0.0000	0.0000	0.0000	0.0000	0.0000	0.0000	0.0000	0.0000	0.0000	0.0000	0.0000	0.0000	0.0000	0.0000	0.0000	0.0000	0.0000	0.0000	0.0000	0.0000	0.0000	0.0000	0.0000	0.0000	0.0000	0.0000	0.0000	0.0000	0.0000	0.0000	0.0000	0.0000	0.0000	0.0000	0.0000	0.0000	0.0000	0.0000	0.0000	0.0000	0.0000											
4	17	0.1655	4	1	1	1	1	0	0	0	0	N	N	N	N	N	N	N	N	N	N	N	N	0.0000	0.0000	0.0000	0.0000	0.0000	0.0000	0.0000	0.0000	0.0000	0.0000	0.0000	0.0000	0.0000	0.0000	0.0000	0.0000	0.0000	0.0000	0.0000	0.0000	0.0000	4.0170	0.0000	2.2643	0.0000	0.0000	0.0000	0.0000	0.0000	0.0000	0.0000	0.0000	0.0000	0.0000	0.0000	0.0000	0.0000	0.0000	0.0000	0.0000	0.0000	0.0000	0.0000	0.0000	0.0000	0.0000	0.0000	0.0000	0.0000	0.0000	0.0000	0.0000	0.0000	0.0000	0.0000	0.0000	0.0000	0.0000	0.0000	0.0000	0.0000	0.0000	0.0000	0.0000	0.0000	0.0000	0.0000	0.0000	0.0000	0.0000	0.0000	0.0000	0.0000	0.0000	0.0000	0.0000	0.0000	0.0000											
4	18	0.1400	3	1	1	1	1	0	0	0	0	N	N	N	N	N	N	N	N	N	N	N	N	0.0000	0.0000	0.0000	0.0000	0.0000	0.0000	0.0000	0.0000	0.0000	0.0000	0.0000	0.0000	0.0000	0.0000	0.0000	0.0000	0.0000	0.0000	0.0000	0.0000	0.0000	1.3501	0.0000	4.0902	0.0000	0.0000	0.0000	0.0000	0.0000	0.0000	0.0000	0.0000	0.0000	0.0000	0.0000	0.0000	0.0000	0.0000	0.0000	0.0000	0.0000	0.0000	0.0000	0.0000	0.0000	0.0000	0.0000	0.0000	0.0000	0.0000	0.0000	0.0000	0.0000	0.0000	0.0000	0.0000	0.0000	0.0000	0.0000	0.0000	0.0000	0.0000	0.0000	0.0000	0.0000	0.0000	0.0000	0.0000	0.0000	0.0000	0.0000	0.0000	0.0000	0.0000	0.0000	0.0000	0.0000	0.0000											
4	19	0.0358	2	1	1	1	1	0	0	0	0	N	N	N	N	N	N	N	N	N	N	N	N	0.0000	0.0000	0.0000	0.0000	0.0000	0.0000	0.0000	0.0000	0.0000	0.0000	0.0000	0.0000	0.0000	0.0000	0.0000	0.0000	0.0000	0.0000	0.0000	0.0000	0.0000	6.5178	0.0000	2.8428	0.0000	0.0000	0.0000	0.0000	0.0000	0.0000	0.0000	0.0000	0.0000	0.0000	0.0000	0.0000	0.0000	0.0000	0.0000	0.0000	0.0000	0.0000	0.0000	0.0000	0.0000	0.0000	0.0000	0.0000	0.0000	0.0000	0.0000	0.0000	0.0000	0.0000	0.0000	0.0000	0.0000	0.0000	0.0000	0.0000	0.0000	0.0000	0.0000	0.0000	0.0000	0.0000	0.0000	0.0000	0.0000	0.0000	0.0000	0.0000	0.0000	0.0000	0.0000	0.0000	0.0000	0.0000											
4	20	0.0358	2	2	1	2	0	0	0	0	0	Y	N	Y	N	N	N	N	N	N	N	N	N	0.0000	0.0000	0.0000	0.0000	0.0000	0.0000	0.0000	0.0000	0.0000	0.0000	0.0000	0.0000	0.0000	0.0000	0.0000	0.0000	0.0000	0.0000	0.0000	0.0000	0.0000	0.0002	0.0000	0.0000	0.0000	0.0000	0.0000	0.0000	0.0000	0.0000	0.0000	0.0000	0.0000	0.0000	0.0000	0.0000	0.0000	0.0000	0.0000	0.0000	0.0000	0.0000	0.0000	0.0000	0.0000	0.0000	0.0000	0.0000	0.0000	0.0000	0.0000	0.0000	0.0000	0.0000	0.0000	0.0000	0.0000	0.0000	0.0000	0.0000	0.0000	0.0000	0.0000	0.0000	0.0000	0.0000	0.0000	0.0000	0.0000	0.0000	0.0000	0.0000	0.0000	0.0000	0.0000	0.0000	0.0000	0.0000											
4	21	0.0358	2	2	0	2	0	0	0	0	0	Y	N	Y	N	N	N	N	N	N	N	N	N	0.0000	0.0000	0.0000	0.0000	0.0000	0.0000	0.0000	0.0000	0.0000	0.0000	0.0000	0.0000	0.0000	0.0000	0.0000	0.0000	0.0000	0.0000	0.0000	0.0000	0.0000	0.0002	0.0000	2.0000	0.0000	0.0000	0.0000	0.0000	0.0000	0.0000	0.0000	0.0000	0.0000	0.0000	0.0000	0.0000	0.0000	0.0000	0.0000	0.0000	0.0000	0.0000	0.0000	0.0000	0.0000	0.0000	0.0000	0.0000	0.0000	0.0000	0.0000	0.0000	0.0000	0.0000	0.0000	0.0000	0.0000	0.0000	0.0000	0.0000	0.0000	0.0000	0.0000	0.0000	0.0000	0.0000	0.0000	0.0000	0.0000	0.0000	0.0000	0.0000	0.0000	0.0000	0.0000	0.0000	0.0000	0.0000											
4	23	0.0776	3	1	1	1	0	0	0	0	0	N	N	N	N	N	N	N	N	N	N	N	N	0.0000	0.0000	0.0000	0.0000	0.0000	0.0000	0.0000	0.0000	0.0000	0.0000	0.0000	0.0000	0.0000	0.0000	0.0000	0.0000	0.0000	0.0000	0.0000	0.0000	0.0000	0.0000	0.0000	2.4393	0.0000	0.0000	0.0000	0.0000	0.0000	0.0000	0.0000	0.0000	0.0000	0.0000	0.0000	0.0000	0.0000	0.0000	0.0000	0.0000	0.0000	0.0000	0.0000	0.0000	0.0000	0.0000	0.0000	0.0000	0.0000	0.0000	0.0000	0.0000	0.0000	0.0000	0.0000	0.0000	0.0000	0.0000	0.0000	0.0000	0.0000	0.0000	0.0000	0.0000	0.0000	0.0000	0.0000	0.0000	0.0000	0.0000	0.0000	0.0000	0.0000	0.0000	0.0000	0.0000	0.0000	0.0000											
4	24	0.0358	2	1	0	1	0	0	0	0	0	N	N	N	N	N	N	N	N	N	N	N	N	0.0000	0.0000	0.0000	0.0000	0.0000	0.0000	0.0000	0.0000	0.0000	0.0000	0.0000	0.0000	0.0000	0.0000	0.0000	0.0000	0.0000	0.0000	0.0000	0.0000	0.0000	3.9968	0.0000	2.5738	0.0000	0.0000	0.0000	0.0000	0.0000	0.0000	0.0000	0.0000	0.0000	0.0000	0.0000	0.0000	0.0000	0.0000	0.0000	0.0000	0.0000	0.0000	0.0000	0.0000	0.0000	0.0000	0.0000	0.0000	0.0000	0.0000	0.0000	0.0000	0.0000	0.0000	0.0000	0.0000	0.0000	0.0000	0.0000	0.0000	0.0000	0.0000	0.0000	0.0000	0.0000	0.0000	0.0000	0.0000	0.0000	0.0000	0.0000	0.0000	0.0000	0.0000	0.0000	0.0000	0.0000	0.0000											
4	25	0.0709	5	2	1	1	1	0	0	0	0	Y	N	N	N	N	N	N	N	N	N	N	N	0.0000	0.0000	0.0000	0.0000	0.0000	0.0000	0.0000	0.0000	0.0000	0.0000	0.0000	0.0000	0.0000	0.0000	0.0000	0.0000	0.0000	0.0000	0.0000	0.0000	0.0000	0.0332	0.0000	1.0637	0.0000	0.0000	0.0000	0.0000	0.0000	0.0000	0.0000	0.0000	0.0000	0.0000	0.0000	0.0000	0.0000	0.0000	0.0000	0.0000	0.0000	0.0000	0.0000	0.0000	0.0000	0.0000	0.0000	0.0000	0.0000	0.0000	0.0000	0.0000	0.0000	0.0000	0.0000	0.0000	0.0000	0.0000	0.0000	0.0000	0.0000	0.0000	0.0000	0.0000	0.0000	0.0000	0.0000	0.0000	0.0000	0.0000	0.0000	0.0000	0.0000	0.0000	0.0000	0.0000	0.0000	0.0000											
4	26	0.0709	5	1	1	1	1	0	0	0	0	N	N	N	N	N	N	N	N	N	N	N	N	0.0000	0.0000	0.0000	0.0000	0.0000	0.0000	0.0000	0.0000	0.0000	0.0000	0.0000	0.0000	0.0000	0.0000	0.0000	0.0000	0.0000	0.0000	0.0000	0.0000	0.0000	1.9667	0.0000	4.8619	0.0000	0.0000	0.0000	0.0000	0.0000	0.0000	0.0000	0.0000	0.0000	0.0000	0.0000	0.0000	0.0000	0.0000	0.0000	0.0000	0.0000	0.0000	0.0000	0.0000	0.0000	0.0000	0.0000	0.0000	0.0000	0.0000	0.0000	0.0000	0.0000	0.0000	0.0000	0.0000	0.0000	0.0000	0.0000	0.0000	0.0000	0.0000	0.0000	0.0000	0.0000	0.0000	0.0000	0.0000	0.0000	0.0000	0.0000	0.0000	0.0000	0.0000	0.0000	0.0000	0.0000	0.0000											
4	27	0.0760	6	1	1	1	0	0	0	0	0	N	N	N	N	N	N	N	N	N	N	N	N	0.0000	0.0000	0.0000	0.0000	0.0000	0.0000	0.0000	0.0000	0.0000	0.0000	0.0000	0.0000	0.0000	0.0000	0.0000	0.0000	0.0000	0.0000	0.0000	0.0000	0.0000	0.0014	0.0000	0.9895	0.0000	0.0000	0.0000	0.0000	0.0000	0.0000	0.0000	0.0000	0.0000	0.0000	0.0000	0.0000	0.0000	0.0000	0.0000	0.0000	0.0000	0.0000	0.0000	0.0000	0.0000	0.0000	0.0000	0.0000	0.0000	0.0000	0.0000	0.0000	0.0000	0.0000	0.0000	0.0000	0.0000	0.0000	0.0000	0.0000	0.0000	0.0000	0.0000	0.0000	0.0000	0.0000	0.0000	0.0000	0.0000	0.0000	0.0000	0.0000	0.0000	0.0000	0.0000	0.0000	0.0000	0.0000											
4	28	0.0709	5	1	0	2	1	0	0	0	0	N	N	Y	N	N	N	N	N	N	N	N	N	0.0000	0.0000	0.0000	0.0000	0.0000	0.0000	0.0000	0.0000	0.0000	0.0000	0.0000	0.0000	0.0000	0.0000	0.0000	0.0000	0.0000	0.0000	0.0000	0.0000	0.0000	1.0331	0.0000	2.8608	0.0000	0.0000	0.0000	0.0000	0.0000	0.0000	0.0000	0.0000	0.0000	0.0000	0.0000	0.0000	0.0000	0.0000	0.0000	0.0000	0.0000	0.0000	0.0000	0.0000	0.0000	0.0000	0.0000	0.0000	0.0000	0.0000	0.0000	0.0000	0.0000	0.0000	0.0000	0.0000	0.0000	0.0000	0.0000	0.0000	0.0000	0.0000	0.0000	0.0000	0.0000	0.0000	0.0000	0.0000	0.0000	0.0000	0.0000	0.0000	0.0000	0.0000	0.0000	0.0000	0.0000	0.0000											
4	29	0.0709	5	1	0	2	1	0	0	0	0	N	N	Y	N	N	N	N	N	N	N	N	N	0.0000	0.0000	0.0000	0.0000	0.0000	0.0000	0.0000	0.0000	0.0000	0.0000	0.0000	0.0000	0.0000	0.0000	0.0000	0.0000	0.0000	0.0000	0.0000	0.0000	0.0000	0.0332	0.0000	3.0294	0.0000	0.0000	0.0000	0.0000	0.0000	0.0000	0.0000	0.0000	0.0000	0.0000	0.0000	0.0000	0.0000	0.0000	0.0000	0.0000	0.0000	0.0000	0.0000	0.0000	0.0000	0.0000	0.0000	0.0000	0.0000	0.0000	0.0000	0.0000	0.0000	0.0000	0.0000	0.0000	0.0000	0.0000	0.0000	0.0000	0.0000	0.0000	0.0000	0.0000	0.0000	0.0000	0.0000	0.0000	0.0000	0.0000	0.0000	0.0000	0.0000	0.0000	0.0000	0.0000	0.0000	0.0000											
4	30	0.0951	5	2	1	1	0	0	0	0	0	Y	N	N	N	N	N	N	N	N	N	N	N	0.0000	0.0000	0.0000	0.0000	0.0000	0.0000	0.0000	0.0000	0.0000	0.0000	0.0000	0.0000	0.0000	0.0000	0.0000	0.0000	0.0000	0.0000	0.0000	0.0000	0.0000	0.0000	0.0000	2.0000	0.0000	0.0000	0.0000	0.0000	0.0000	0.0000	0.0000	0.0000	0.0000	0.0000	0.0000	0.0000	0.0000	0.0000	0.0000	0.0000	0.0000	0.0000	0.0000	0.0000	0.0000	0.0000	0.0000	0.0000	0.0000	0.0000	0.0000	0.0000	0.0000	0.0000	0.0000	0.0000	0.0000	0.0000	0.0000	0.0000	0.0000	0.0000	0.0000	0.0000	0.0000	0.0000	0.0000	0.0000	0.0000	0.0000	0.0000	0.0000	0.0000	0.0000	0.0000	0.0000	0.0000	0.0000											
4	31	0.0681	4	2	1	1	0	0	0	0	0	Y	N	N	N	N	N	N	N	N	N	N	N	0.0000	0.0000	0.0000	0.0000	0.0000	0.0000	0.0000	0.0000	0.0000	0.0000	0.0000	0.0000	0.0000	0.0000	0.0000	0.0000	0.0000	0.0000	0.0000	0.0000	0.0000	0.9772	0.0000	4.1826	0.0000	0.0000	0.0000	0.0000	0.0000	0.0000	0.0000	0.0000	0.0000	0.0000	0.0000	0.0000	0.0000	0.0000	0.0000	0.0000	0.0000	0.0000	0.0000	0.0000	0.0000	0.0000	0.0000	0.0000	0.0000	0.0000	0.0000	0.0000	0.0000	0.0000	0.0000	0.0000	0.0000	0.0000	0.0000	0.0000	0.0000	0.0000	0.0000	0.0000	0.0000	0.0000	0.0000	0.0000	0.0000	0.0000	0.0000	0.0000	0.0000	0.0000	0.0000	0.0000	0.0000	0.0000											
4	32	0.0760	6	2	1	1	0	0	0	0	0	Y	N	N	N	N	N	N	N	N	N	N	N	0.0000	0.0000	0.0000	0.0000	0.0000	0.0000	0.0000	0.0000	0.0000	0.0000	0.0000	0.0000	0.0000	0.0000	0.0000	0.0000	0.0000	0.0000	0.0000	0.0000	0.0000	0.0015	0.0000	1.0489	0.0000	0.0000	0.0000	0.0000	0.0000	0.0000	0.0000	0.0000	0.0000	0.0000	0.0000	0.0000	0.0000	0.0000	0.0000	0.0000	0.0000	0.0000	0.0000	0.0000	0.0000	0.0000	0.0000	0.0000	0.0000	0.0000	0.0000	0.0000	0.0000	0.0000	0.0000	0.0000	0.0000	0.0000	0.0000	0.0000	0.0000	0.0000	0.0000	0.0000	0.0000	0.0000	0.0000	0.0000	0.0000	0.0000	0.0000	0.0000	0.0000	0.0000	0.0000	0.0000	0.0000	0.0000											
4	33	0.0709	5	1	1	1	0	0	0	0	0	N	N	N	N	N	N	N	N	N	N	N	N	0.0000	0.0000	0.0000	0.0000	0.0000	0.0000	0.0000	0.0000	0.0000	0.0000	0.0000	0.0000	0.0000	0.0000	0.0000	0.0000	0.0000	0.0000	0.0000	0.0000	0.0000	0.9657	0.0000	1.1858	0.0000	0.0000	0.0000	0.0000	0.0000	0.0000	0.0000	0.0000	0.0000	0.0000	0.0000	0.0000	0.0000	0.0000	0.0000	0.0000	0.0000	0.0000	0.0000	0.0000	0.0000	0.0000	0.0000	0.0000	0.0000	0.0000	0.0000	0.0000	0.0000	0.0000	0.0000	0.0000	0.0000	0.0000	0.0000	0.0000	0.0000	0.0000	0.0000	0.0000	0.0000	0.0000	0.0000	0.0000	0.0000	0.0000	0.0000	0.0000	0.0000	0.0000	0.0000	0.0000	0.0000	0.0000											
4	34	0.0681	4	1	0	1	0	0	0	0	0	N	N	N	N	N	N	N	N	N	N	N	N	0.0000	0.0000	0.0000	0.0000	0.0000	0.0000	0.0000	0.0000	0.0000	0.0000	0.0000	0.0000	0.0000	0.0000	0.0000	0.0000	0.0000	0.0000	0.0000	0.0000	0.0000	1.9916	0.0000	1.9964	0.0000	0.0000	0.0000	0.0000	0.0000	0.0000	0.0000	0.0000	0.0000	0.0000	0.0000	0.0000	0.0000	0.0000	0.0000	0.0000	0.0000	0.0000	0.0000	0.0000	0.0000	0.0000	0.0000	0.0000	0.0000	0.0000	0.0000	0.0000	0.0000	0.0000	0.0000	0.0000	0.0000	0.0000	0.0000	0.0000	0.0000	0.0000	0.0000	0.0000	0.0000	0.0000	0.0000	0.0000	0.0000	0.0000	0.0000	0.0000	0.0000	0.0000	0.0000	0.0000	0.0000	0.0000											
4	35	0.0600	3	1	0	1	0	0	0	0	0	N	N	N	N	N	N	N	N	N	N	N	N	0.0000	0.0000	0.0000	0.0000	0.0000	0.0000	0.0000	0.0000	0.0000	0.0000	0.0000	0.0000	0.0000	0.0000	0.0000	0.0000	0.0000	0.0000	0.0000	0.0000	0.0000	0.1320	0.0000	1.9445	0.0000	0.0000	0.0000	0.0000	0.0000	0.0000	0.0000	0.0000	0.0000	0.0000	0.0000	0.0000	0.0000	0.0000	0.0000	0.0000	0.0000	0.0000	0.0000	0.0000	0.0000	0.0000	0.0000	0.0000	0.0000	0.0000	0.0000	0.0000	0.0000	0.0000	0.0000	0.0000	0.0000	0.0000	0.0000	0.0000	0.0000	0.0000	0.0000	0.0000	0.0000	0.0000	0.0000	0.0000	0.0000	0.0000	0.0000	0.0000	0.0000	0.0000	0.0000	0.0000	0.0000	0.0000											
4	36	0.0358	2	1	0	1	0	0	0	0	0	N	N	N	N	N	N	N	N	N	N	N	N	0.0000	0.0000	0.0000	0.0000	0.0000	0.0000	0.0000	0.0000	0.0000	0.0000	0.0000	0.0000	0.0000	0.0000	0.0000	0.0000	0.0000	0.0000	0.0000	0.0000	0.0000	4.0393	0.0000	1.1787	0.0000	0.0000	0.0000	0.0000	0.0000	0.0000	0.0000	0.0000	0.0000	0.0000	0.0000	0.0000	0.0000	0.0000	0.0000	0.0000	0.0000	0.0000	0.0000	0.0000	0.0000	0.0000	0.0000	0.0000	0.0000	0.0000	0.0000	0.0000	0.0000	0.0000	0.0000	0.0000	0.0000	0.0000	0.0000	0.0000	0.0000	0.0000	0.0000	0.0000	0.0000	0.0000	0.0000	0.0000	0.0000	0.0000	0.0000	0.0000	0.0000	0.0000	0.0000	0.0000	0.0000	0.0000											
5	6	0.1050	2	0	2	0	0	0	0	0	0	N	Y	N	N	N	N	N	N	N	N	N	N	16.1052	48.4072	1.6901	3.4432	8.0920	43.5638	6.5783	0.0000	55.2617	0.0104	0.0000	0.2308	7.3111	0.0000	57.4301	0.4085	0.0000	1.1416	0.0061	0.0000	0.0670	0.9035	0.0000	1.3183	inf	inf	0.4468	0.0156	5.9998	1.0139	3.0000	1.1272	1.0105	0.0000	1.0105	0.0002	0.0000	0.0002	1.0104	0.0000	1.0104	0.0398	0.0000	0.0398	0.0003	0.0000	0.0003	0.0395	0.0000	0.0395	0.1536	0.1353	0.0183	0.0154	0.0147	0.0007	0.1382	0.1206	0.0176	0.0974	0.0626	0.0349	0.0538	0.0488	0.0049	0.0437	0.0137	0.0299	16.1052	0.0000	48.4072	1.6901	0.0000	3.4432	8.0920	0.0000	43.5638	0.4085	0.0000	1.1416	0.0061	0.0000	0.0670	0.9035	0.0000	1.3183			
5	9	0.2108	3	0	2	1	1	0	0	0	0	N	Y	N	N	N	N	N	N	N	N	N	N	0.1643	5.3693	0.6937	0.2834	11.3341	0.2733	0.1454	0.7401	0.1102	0.0024	0.9630	0.0689	0.0096	0.9807	0.1226	0.0000	0.9605	0.6705	0.0004	1.3883	0.2430	0.0008	3.5888	0.8430	0.0000	1.2977	51.6198	2950.9705	0.0445	0.1043	5.9998	5.9032	3.0000	6.6619	0.1052	0.0020	0.1032	0.0152	0.0020	0.0132	0.0900	0.0000	0.0900	0.2657	0.0001	0.2656	0.0277	0.0001	0.0276	0.2380	0.0000	0.2380	0.9551	0.8480	0.1072	0.2213	0.2078	0.0135	0.7338	0.6401	0.0937	0.3962	0.2049	0.1913	0.1139	0.1060	0.0079	0.2823	0.0989	0.1834	0.1643	5.3693	0.6937	0.2834	11.3341	0.2807	0.1454	0.0000	0.7401	0.6705	0.0004	1.3883	0.2430	0.0008	3.4933	0.8430	0.0000	1.2977	
5	10	0.1229	2	1	1	1	0	0	0	0	0	N	N	N	N	N	N	N	N	N	N	N	N	inf	inf	inf	inf	0.0072	0.0000	0.0637	0.0000	0.0000	0.0000	0.0119	0.0000	0.0657	0.0000	0.0000	0.0000	0.0000	0.0000	0.0000	0.0000	0.0000	0.0000	inf	0.0000	0.0000	5.9998	0.0030	3.0000	2.5954	0.0000	0.0000	0.0000	0.0000	0.0000	0.0000	0.0000	0.0000	0.0000	0.0000	0.0000	0.0000	0.0000	0.0000	0.0000	0.0000	0.0000	0.0000	0.0014	0.0012	0.0002	0.0006	0.0005	0.0000	0.0008	0.0007	0.0002	0.1769	0.0806	0.0963	0.0479	0.0479	0.0000	0.1290	0.0327	0.0963	inf	0.0000	inf	0.0000	0.0000	0.0000	inf	0.0000	inf	0.0000	0.0000	0.0000	0.0000	0.0000	0.0000	0.0000	0.0000	0.0000						
5	11	0.1853	2	0	2	0	1	0	0	0	0	N	Y	N	N	N	N	N	N	N	N	N	N	0.1461	0.9938	0.6380	0.2508	2.2163	0.2435	0.1333	0.6780	0.1200	0.0005	1.0441	0.0529	0.0025	0.8158	0.1368	0.0000	1.0719	0.8211	0.0005	1.6365	0.2108	0.0011	3.3497	1.0262	0.0000	1.5810	256.7824	3113.0689	0.0587	0.1222	5.9998	7.2715	3.0000	4.6446	0.1340	0.0005	0.1335	0.0118	0.0005	0.0113	0.1222	0.0000	0.1222	0.3114	0.0001	0.3113	0.0201	0.0001	0.0200	0.2913	0.0000	0.2913	1.1169	0.9890	0.1279	0.2237	0.2099	0.0139	0.8932	0.7792	0.1140	0.3793	0.1891	0.1902	0.0954	0.0895	0.0060	0.2838	0.0996	0.1842	0.1461	0.9938	0.6380	0.2508	2.2163	0.2435	0.1333	0.0000	0.6780	0.8211	0.0005	1.6365	0.2108	0.0011	3.3497	1.0262	0.0000	1.5810	
5	12	0.1229	2	1	1	1	0	0	0	0	0	N	N	N	N	N	N	N	N	N	N	N	N	inf	inf	inf	inf	0.0072	0.0000	0.0637	0.0000	0.0000	0.0000	0.0119	0.0000	0.0657	0.0000	0.0000	0.0000	0.0000	0.0000	0.0000	0.0000	0.0000	0.0000	inf	0.0000	0.0000	5.9998	0.0030	3.0000	3.4320	0.0000	0.0000	0.0000	0.0000	0.0000	0.0000	0.0000	0.0000	0.0000	0.0000	0.0000	0.0000	0.0000	0.0000	0.0000	0.0000	0.0000	0.0000	0.0014	0.0012	0.0002	0.0006	0.0005	0.0000	0.0008	0.0007	0.0002	0.2005	0.0897	0.1108	0.0477	0.0477	0.0001	0.1527	0.0420	0.1107	inf	0.0000	inf	0.0000	0.0000	0.0000	inf	0.0000	inf	0.0000	0.0000	0.0000	0.0000	0.0000	0.0000	0.0000	0.0000	0.0000						
5	13	0.1170	2	1	2	1	0	0	0	0	0	N	Y	N	N	N	N	N	N	N	N	N	N	0.0000	0.0000	0.0000	0.0000	0.0000	0.0000	0.0000	0.0000	0.0000	0.0000	0.0000	0.0000	0.0000	0.0000	0.0000	0.0000	0.0000	0.0000	0.0000	0.0000	5.9998	0.0000	3.0000	0.0000	0.0000	0.0000	0.0000	0.0000	0.0000	0.0000	0.0000	0.0000	0.0000	0.0000	0.0000	0.0000	0.0000	0.0000	0.0000	0.0000	0.0000	0.0000	0.0000	0.0000	0.0000	0.0000	0.0000	0.0000	0.0000	0.0000	0.0000	0.0000	0.0000	0.0000	0.0000	0.0000	0.0000	0.0000	0.0000	0.0000	0.0000	0.0000	0.0000	0.0000	0.0000	0.0000	0.0000	0.0000	0.0000	0.0000	0.0000	0.0000	0.0000	0.0000	0.0000	0.0000	0.0000	0.0000											
5	14	0.1170	2	1	2	1	0	0	0	0	0	N	Y	N	N	N	N	N	N	N	N	N	N	0.0000	0.0000	0.0000	0.0000	0.0000	0.0000	0.0000	0.0000	0.0000	0.0000	0.0000	0.0000	0.0000	0.0000	0.0000	0.0000	0.0000	0.0000	0.0000	0.0000	5.9998	0.0000	3.0000	0.0000	0.0000	0.0000	0.0000	0.0000	0.0000	0.0000	0.0000	0.0000	0.0000	0.0000	0.0000	0.0000	0.0000	0.0000	0.0000	0.0000	0.0000	0.0000	0.0000	0.0000	0.0000	0.0000	0.0000	0.0000	0.0000	0.0000	0.0000	0.0000	0.0000	0.0000	0.0000	0.0000	0.0000	0.0000	0.0000	0.0000	0.0000	0.0000	0.0000	0.0000	0.0000	0.0000	0.0000	0.0000	0.0000	0.0000	0.0000	0.0000	0.0000	0.0000	0.0000	0.0000	0.0000	0.0000											
5	16	0.1404	4	1	2	0	0	0	0	0	0	N	Y	N	N	N	N	N	N	N	N	N	N	0.0000	0.0000	0.0000	0.0000	0.0000	0.0000	0.0000	0.0000	0.0000	0.0000	0.0000	0.0000	0.0000	2.3235	0.0000	6.5342	2.4391	0.0000	12.6580	0.0000	0.0000	0.0000	inf	0.0000	0.0000	5.9998	0.0000	3.0000	0.0000	0.0000	0.0000	0.0000	0.0000	0.0000	0.0000	0.0000	0.0000	0.0000	0.0000	0.0000	0.0000	0.0000	0.0000	0.0000	0.0000	0.0000	0.0000	0.0000	0.0000	0.0000	0.0000	0.0000	0.0000	0.0000	0.0000	0.0000	0.0000	0.0000	0.0000	0.0000	0.0000	0.0000	0.0000	0.0000	0.0000	0.0000	0.0000	0.0000	0.0000	0.0000	0.0000	0.0000	0.0000	0.0000	2.3235	0.0000	6.5342	2.4391	0.0000	7.2043	0.0000	0.0000	0.0000						
5	17	0.2108	3	0	2	0	1	0	0	0	0	N	Y	N	N	N	N	N	N	N	N	N	N	12.2023	0.2994	inf	5.2430	0.6748	inf	inf	inf	0.0034	0.0002	0.0295	0.0041	0.0006	0.0631	0.0032	0.0000	0.0244	0.0003	0.0005	0.0000	0.0008	0.0008	0.0000	0.0000	0.0000	0.0000	24.3000	0.0000	0.0010	-0.0001	5.9998	4.0170	3.0000	2.2643	0.0025	0.0001	0.0024	0.0008	0.0001	0.0007	0.0018	0.0000	0.0018	0.0001	0.0001	0.0000	0.0001	0.0001	0.0000	0.0000	0.0000	0.0000	0.7375	0.6551	0.0824	0.1885	0.1777	0.0108	0.5490	0.4774	0.0717	0.3201	0.1765	0.1436	0.1140	0.1079	0.0061	0.2061	0.0686	0.1375	12.2023	0.2994	inf	5.2430	0.6748	inf	inf	0.0000	inf	0.0003	0.0005	0.0000	0.0008	0.0008	0.0000	0.0000	0.0000	0.0000	
5	18	0.1853	2	0	2	0	1	0	0	0	0	N	Y	N	N	N	N	N	N	N	N	N	N	0.4389	0.2565	1.8287	0.4628	0.4488	0.6426	0.4289	0.0294	1.9726	0.6390	0.3179	3.1326	0.9495	0.8935	2.1667	0.4932	0.0151	3.2685	1.4557	1.2393	1.7130	2.0516	1.9908	3.3719	1.1499	0.5124	1.6570	1.2685	1.1626	0.0003	-0.0295	5.9998	1.3501	3.0000	4.0902	0.2179	0.0960	0.1218	0.1035	0.0931	0.0104	0.1144	0.0030	0.1114	0.4235	0.1958	0.2277	0.2024	0.1878	0.0146	0.2211	0.0081	0.2130	0.3410	0.3021	0.0389	0.1090	0.1042	0.0048	0.2320	0.1979	0.0341	0.2909	0.1580	0.1329	0.0987	0.0943	0.0043	0.1923	0.0637	0.1286	0.4389	0.2565	1.8287	0.4628	0.4488	0.6426	0.4289	0.1191	1.9726	1.4557	1.2393	1.7130	2.0516	1.9908	3.3719	1.1499	0.1265	1.6570
5	23	0.1229	2	0	2	0	0	0	0	0	0	N	Y	N	N	N	N	N	N	N	N	N	N	inf	inf	inf	inf	0.0108	0.0000	0.0977	0.0000	0.0000	0.0000	0.0216	0.0000	0.0978	0.0000	0.0000	0.0000	0.0000	0.0000	0.0000	0.0000	0.0000	0.0000	inf	0.0000	0.0000	5.9998	0.0000	3.0000	2.4393	0.0000	0.0000	0.0000	0.0000	0.0000	0.0000	0.0000	0.0000	0.0000	0.0000	0.0000	0.0000	0.0000	0.0000	0.0000	0.0000	0.0000	0.0000	0.0009	0.0008	0.0001	0.0005	0.0005	0.0000	0.0005	0.0004	0.0001	0.1723	0.0788	0.0935	0.0480	0.0479	0.0000	0.1243	0.0309	0.0935	inf	0.0000	inf	0.0000	0.0000	0.0000	inf	0.0000	inf	0.0000	0.0000	0.0000	0.0000	0.0000	0.0000	0.0000	0.0000	0.0000						
5	25	0.1162	4	1	2	0	1	0	0	0	0	N	Y	N	N	N	N	N	N	N	N	N	N	0.0000	0.0000	0.0000	0.0000	0.0000	0.0000	0.0000	0.0000	0.0000	0.0000	0.0000	0.0000	0.0000	0.0000	0.0000	0.0000	0.0000	0.0000	0.0000	0.0000	5.9998	0.0332	3.0000	1.0637	0.0000	0.0000	0.0000	0.0000	0.0000	0.0000	0.0000	0.0000	0.0000	0.0000	0.0000	0.0000	0.0000	0.0000	0.0000	0.0000	0.0000	0.0000	0.0193	0.0178	0.0014	0.0084	0.0083	0.0001	0.0109	0.0096	0.0013	0.0562	0.0330	0.0232	0.0240	0.0224	0.0016	0.0322	0.0106	0.0216	0.0000	0.0000	0.0000	0.0000	0.0000	0.0000	0.0000	0.0000	0.0000	0.0000	0.0000	0.0000	0.0000	0.0000	0.0000	0.0000	0.0000	0.0000											
5	26	0.1162	4	0	2	0	1	0	0	0	0	N	Y	N	N	N	N	N	N	N	N	N	N	0.0000	0.0000	0.0000	0.0000	0.0000	0.0000	0.0000	0.0000	0.0000	0.0000	0.0000	0.0000	0.0000	0.0000	0.0000	0.0000	0.0000	0.0000	0.0000	0.0000	5.9998	1.9667	3.0000	4.8619	0.0000	0.0000	0.0000	0.0000	0.0000	0.0000	0.0000	0.0000	0.0000	0.0000	0.0000	0.0000	0.0000	0.0000	0.0000	0.0000	0.0000	0.0000	0.3181	0.2825	0.0356	0.0860	0.0803	0.0057	0.2321	0.2022	0.0299	0.1711	0.0850	0.0861	0.0608	0.0522	0.0086	0.1102	0.0327	0.0775	0.0000	0.0000	0.0000	0.0000	0.0000	0.0000	0.0000	0.0000	0.0000	0.0000	0.0000	0.0000	0.0000	0.0000	0.0000	0.0000	0.0000	0.0000											
5	27	0.1213	5	0	2	0	0	0	0	0	0	N	Y	N	N	N	N	N	N	N	N	N	N	0.0000	0.0000	0.0000	0.0000	0.0000	0.0000	0.0000	0.0000	0.0000	0.0000	0.0000	0.0000	0.0000	0.0000	0.0000	0.0000	0.0000	0.0000	0.0000	0.0000	5.9998	0.0014	3.0000	0.9895	0.0000	0.0000	0.0000	0.0000	0.0000	0.0000	0.0000	0.0000	0.0000	0.0000	0.0000	0.0000	0.0000	0.0000	0.0000	0.0000	0.0000	0.0000	0.0009	0.0008	0.0001	0.0004	0.0004	0.0000	0.0005	0.0004	0.0001	0.0340	0.0161	0.0179	0.0134	0.0119	0.0015	0.0206	0.0042	0.0164	0.0000	0.0000	0.0000	0.0000	0.0000	0.0000	0.0000	0.0000	0.0000	0.0000	0.0000	0.0000	0.0000	0.0000	0.0000	0.0000	0.0000	0.0000											
5	28	0.1162	4	0	1	1	1	0	0	0	0	N	N	N	N	N	N	N	N	N	N	N	N	0.0000	0.0000	0.0000	0.0000	0.0000	0.0000	0.0000	0.0000	0.0000	0.0000	0.0000	0.0000	0.0000	0.0000	0.0000	0.0000	0.0000	0.0000	0.0000	0.0000	5.9998	1.0331	3.0000	2.8608	0.0000	0.0000	0.0000	0.0000	0.0000	0.0000	0.0000	0.0000	0.0000	0.0000	0.0000	0.0000	0.0000	0.0000	0.0000	0.0000	0.0000	0.0000	0.1775	0.1579	0.0196	0.0501	0.0470	0.0031	0.1274	0.1109	0.0165	0.1157	0.0600	0.0557	0.0436	0.0383	0.0052	0.0721	0.0216	0.0505	0.0000	0.0000	0.0000	0.0000	0.0000	0.0000	0.0000	0.0000	0.0000	0.0000	0.0000	0.0000	0.0000	0.0000	0.0000	0.0000	0.0000	0.0000											
5	29	0.1162	4	0	1	1	1	0	0	0	0	N	N	N	N	N	N	N	N	N	N	N	N	0.0000	0.0000	0.0000	0.0000	0.0000	0.0000	0.0000	0.0000	0.0000	0.0000	0.0000	0.0000	0.0000	0.0000	0.0000	0.0000	0.0000	0.0000	0.0000	0.0000	5.9998	0.0332	3.0000	3.0294	0.0000	0.0000	0.0000	0.0000	0.0000	0.0000	0.0000	0.0000	0.0000	0.0000	0.0000	0.0000	0.0000	0.0000	0.0000	0.0000	0.0000	0.0000	0.0193	0.0178	0.0014	0.0084	0.0083	0.0001	0.0109	0.0096	0.0013	0.0988	0.0523	0.0465	0.0381	0.0339	0.0042	0.0607	0.0184	0.0423	0.0000	0.0000	0.0000	0.0000	0.0000	0.0000	0.0000	0.0000	0.0000	0.0000	0.0000	0.0000	0.0000	0.0000	0.0000	0.0000	0.0000	0.0000											
5	30	0.1404	4	1	2	0	0	0	0	0	0	N	Y	N	N	N	N	N	N	N	N	N	N	0.0000	0.0000	0.0000	0.0000	0.0000	0.0000	0.0000	0.0000	0.0000	0.0000	0.0000	0.0000	0.0000	19.6665	44.5925	0.0000	85.6180	95.5901	0.0000	0.0000	0.0000	0.0000	0.0000	0.0000	-0.6072	5.9998	0.0000	3.0000	2.0000	0.0000	0.0000	0.0000	0.0000	0.0000	0.0000	0.0000	0.0000	0.0000	1.0000	1.0000	0.0000	1.0000	1.0000	0.0000	0.0000	0.0000	0.0000	0.0000	0.0000	0.0000	0.0000	0.0000	0.0000	0.0000	0.0000	0.0000	0.0508	0.0224	0.0284	0.0117	0.0105	0.0012	0.0392	0.0120	0.0272	0.0000	0.0000	0.0000	0.0000	0.0000	0.0000	0.0000	0.0000	0.0000	19.6665	44.5925	0.0000	85.6180	95.5901	0.0000	0.0000	0.0000	0.0000						
5	31	0.1134	3	1	2	0	0	0	0	0	0	N	Y	N	N	N	N	N	N	N	N	N	N	1328.4109	0.0000	6269.7366	0.0000	0.0000	1382.5555	0.0000	6851.0068	5.0145	0.0000	45.2605	0.0000	0.0000	0.0000	6.8159	0.0000	51.1461	0.0038	0.0001	0.0072	0.0003	0.0003	0.0000	0.0049	0.0000	0.0075	inf	55.9994	0.4207	0.0002	5.9998	0.9772	3.0000	4.1826	0.9515	0.0000	0.9515	0.0000	0.0000	0.0000	0.9515	0.0000	0.9515	0.0006	0.0000	0.0006	0.0000	0.0000	0.0000	0.0006	0.0000	0.0006	0.1898	0.1687	0.0210	0.0501	0.0477	0.0024	0.1396	0.1210	0.0186	0.1510	0.0734	0.0776	0.0374	0.0348	0.0026	0.1136	0.0386	0.0750	1328.4109	0.0000	6269.7366	0.0000	0.0000	0.0000	1382.5555	0.0000	6851.0068	0.0038	0.0001	0.0072	0.0003	0.0003	0.0000	0.0049	0.0000	0.0075	
5	32	0.1213	5	1	2	0	0	0	0	0	0	N	Y	N	N	N	N	N	N	N	N	N	N	inf	inf	inf	inf	0.0113	0.0000	0.1486	0.0267	0.0000	2.1625	0.0000	0.0000	0.0000	0.0000	0.0000	0.0000	0.0000	0.0000	0.0000	0.0000	0.0000	0.0000	inf	0.0000	0.0000	5.9998	0.0015	3.0000	1.0489	0.0000	0.0000	0.0000	0.0000	0.0000	0.0000	0.0000	0.0000	0.0000	0.0000	0.0000	0.0000	0.0000	0.0000	0.0000	0.0000	0.0000	0.0000	0.0009	0.0008	0.0001	0.0004	0.0004	0.0000	0.0005	0.0004	0.0001	0.0354	0.0167	0.0187	0.0139	0.0123	0.0016	0.0215	0.0044	0.0171	inf	0.0000	inf	inf	0.0000	inf	0.0000	0.0000	0.0000	0.0000	0.0000	0.0000	0.0000	0.0000	0.0000	0.0000	0.0000	0.0000						
5	33	0.1162	4	0	2	0	0	0	0	0	0	N	Y	N	N	N	N	N	N	N	N	N	N	inf	inf	inf	inf	0.0001	0.0001	0.0000	0.0002	0.0002	0.0000	0.0000	0.0000	0.0000	0.0000	0.0000	0.0000	0.0000	0.0000	0.0000	0.0000	0.0000	0.0000	0.0000	-0.0000	0.0000	5.9998	0.9657	3.0000	1.1858	0.0000	0.0000	0.0000	0.0000	0.0000	0.0000	0.0000	0.0000	0.0000	0.0000	0.0000	0.0000	0.0000	0.0000	0.0000	0.0000	0.0000	0.0000	0.1671	0.1487	0.0184	0.0474	0.0445	0.0029	0.1197	0.1042	0.0155	0.0795	0.0436	0.0359	0.0318	0.0288	0.0030	0.0477	0.0148	0.0329	inf	inf	0.0000	inf	inf	0.0000	0.0000	0.0000	0.0000	0.0000	0.0000	0.0000	0.0000	0.0000	0.0000	0.0000	0.0000	0.0000						
5	34	0.1134	3	0	1	0	0	0	0	0	0	N	N	N	N	N	N	N	N	N	N	N	N	31.9106	inf	0.2618	inf	inf	0.0572	0.2880	0.1416	0.1594	0.0023	0.5980	0.6347	0.0000	0.0003	0.0000	0.0026	0.0044	0.0000	0.0088	0.0000	0.0000	0.0000	0.0060	0.0000	0.0091	0.0019	inf	-0.0269	0.0002	5.9998	1.9916	3.0000	1.9964	0.0484	0.0483	0.0001	0.0483	0.0483	0.0000	0.0001	0.0000	0.0001	0.0006	0.0000	0.0006	0.0000	0.0000	0.0000	0.0006	0.0000	0.0006	0.3422	0.3033	0.0389	0.0809	0.0762	0.0047	0.2613	0.2271	0.0342	0.1262	0.0628	0.0634	0.0332	0.0312	0.0020	0.0930	0.0317	0.0614	31.9106	inf	0.2618	inf	inf	0.0000	0.0572	0.0000	0.2880	0.0044	0.0000	0.0088	0.0000	0.0000	0.0000	0.0060	0.0000	0.0091		
5	35	0.1054	2	0	1	0	0	0	0	0	0	N	N	N	N	N	N	N	N	N	N	N	N	6.7938	68.5369	19.7903	70.2462	90.3092	2.0830	4.4908	20.7973	1.9988	1.0218	10.5708	2.4052	2.4412	0.3776	1.7472	0.0000	11.2831	0.2942	0.0149	0.5341	0.0342	0.0270	0.1813	0.3891	0.0000	0.5425	1.1792	41.7084	-0.0017	0.0086	5.9998	0.1320	3.0000	1.9445	0.1037	0.0476	0.0561	0.0477	0.0476	0.0001	0.0560	0.0000	0.0560	0.0234	0.0005	0.0228	0.0007	0.0005	0.0002	0.0226	0.0000	0.0226	0.0519	0.0466	0.0053	0.0198	0.0195	0.0003	0.0320	0.0271	0.0050	0.0794	0.0367	0.0427	0.0212	0.0202	0.0010	0.0582	0.0165	0.0417	6.7938	68.5369	19.7903	70.2462	90.3092	2.0830	4.4908	0.0000	20.7973	0.2942	0.0149	0.5341	0.0342	0.0270	0.1813	0.3891	0.0000	0.5425	
6	8	0.0456	2	1	2	0	0	0	0	0	0	N	Y	N	N	N	N	N	N	N	N	N	N	53183.5252	0.0059	inf	11.8032	0.0423	inf	inf	inf	5.6753	0.0000	48.1516	0.0023	0.0000	0.0503	6.3074	0.0000	50.0743	0.0001	0.0002	0.0000	0.0002	0.0002	0.0000	0.0000	0.0000	0.0000	6587696.3745	0.0000	0.4401	-0.0000	1.0139	6.9998	1.1272	2.0000	0.9954	0.0000	0.9954	0.0000	0.0000	0.0000	0.9954	0.0000	0.9954	0.0000	0.0000	0.0000	0.0000	0.0000	0.0000	0.0000	0.0000	0.0000	0.1754	0.1547	0.0207	0.0176	0.0168	0.0008	0.1578	0.1379	0.0199	0.0974	0.0626	0.0349	0.0538	0.0488	0.0049	0.0437	0.0137	0.0299	53183.5252	0.0059	inf	11.8032	0.0423	inf	inf	0.0000	inf	0.0001	0.0002	0.0000	0.0002	0.0002	0.0000	0.0000	0.0000	0.0000	
6	9	0.1753	4	0	2	1	1	0	0	0	0	N	Y	N	N	N	N	N	N	N	N	N	N	0.2319	0.3073	0.4388	1.3733	1.5127	1.1913	0.0813	0.0030	0.4059	0.0193	0.0122	0.0691	0.0837	0.0784	0.2289	0.0087	0.0000	0.0625	0.0833	0.0398	0.1574	0.0609	0.0518	0.1922	0.1072	0.0001	0.1540	0.8051	2.3220	-0.0004	0.0014	1.0139	5.9032	1.1272	6.6619	0.0034	0.0019	0.0015	0.0021	0.0019	0.0002	0.0013	0.0000	0.0013	0.0152	0.0046	0.0106	0.0057	0.0046	0.0012	0.0094	0.0000	0.0094	0.1767	0.1547	0.0220	0.0250	0.0241	0.0009	0.1517	0.1305	0.0212	0.1821	0.1148	0.0674	0.0941	0.0880	0.0061	0.0880	0.0267	0.0613	0.2319	0.3073	0.4388	1.3733	1.5127	1.1913	0.0813	0.0030	0.4059	0.0833	0.0398	0.1574	0.0609	0.0518	0.1922	0.1072	0.0001	0.1540
6	10	0.0874	3	1	1	1	0	0	0	0	0	N	N	N	N	N	N	N	N	N	N	N	N	0.2980	0.0000	3187209.6491	0.0000	0.0000	167098.3446	0.0000	3425071.0329	0.1062	0.0000	0.9390	0.0000	0.0000	0.0000	0.1482	0.0000	1.0451	0.3565	0.6770	0.0000	0.7082	0.7319	0.0000	0.0000	0.0000	0.0000	inf	0.0000	0.0000	-0.0225	1.0139	0.0030	1.1272	2.5954	0.0000	0.0000	0.0000	0.0000	0.0000	0.0000	0.0000	0.0000	0.0000	0.0371	0.0371	0.0000	0.0371	0.0371	0.0000	0.0000	0.0000	0.0000	0.0001	0.0001	0.0000	0.0000	0.0000	0.0000	0.0001	0.0001	0.0000	0.1040	0.0547	0.0492	0.0523	0.0506	0.0017	0.0516	0.0041	0.0475	0.2980	0.0000	3187209.6491	0.0000	0.0000	0.0000	167098.3446	0.0000	3425071.0329	0.3565	0.6770	0.0000	0.7082	0.7319	0.0000	0.0000	0.0000	0.0000	
6	11	0.1498	3	0	2	0	1	0	0	0	0	N	Y	N	N	N	N	N	N	N	N	N	N	0.1287	0.0845	0.3867	0.7587	0.6944	1.9941	0.0701	0.0007	0.3558	0.0119	0.0031	0.0717	0.0411	0.0329	0.3048	0.0093	0.0000	0.0670	0.0926	0.0361	0.1853	0.0541	0.0473	0.1529	0.1322	0.0001	0.1884	3.4842	3.1269	0.0005	0.0025	1.0139	7.2715	1.1272	4.6446	0.0023	0.0005	0.0018	0.0007	0.0005	0.0001	0.0017	0.0000	0.0017	0.0165	0.0040	0.0125	0.0049	0.0040	0.0009	0.0116	0.0000	0.0116	0.1947	0.1696	0.0252	0.0162	0.0158	0.0005	0.1785	0.1538	0.0247	0.1779	0.1105	0.0674	0.0902	0.0843	0.0058	0.0877	0.0262	0.0616	0.1287	0.0845	0.3867	0.7587	0.6944	1.9941	0.0701	0.0007	0.3558	0.0926	0.0361	0.1853	0.0541	0.0473	0.1529	0.1322	0.0001	0.1884
6	12	0.0874	3	1	1	1	0	0	0	0	0	N	N	N	N	N	N	N	N	N	N	N	N	0.4016	0.0000	1.6614	0.0000	0.0000	0.0000	0.2784	0.0000	1.7702	0.1062	0.0000	0.9390	0.0000	0.0000	0.0000	0.1482	0.0000	1.0451	0.2646	0.0006	0.5652	0.0006	0.0006	0.0000	0.5325	0.0000	0.5904	inf	847.7740	0.0000	0.0114	1.0139	0.0030	1.1272	3.4320	0.0000	0.0000	0.0000	0.0000	0.0000	0.0000	0.0000	0.0000	0.0000	0.0290	0.0000	0.0290	0.0000	0.0000	0.0000	0.0290	0.0000	0.0290	0.0001	0.0001	0.0000	0.0000	0.0000	0.0000	0.0001	0.0001	0.0000	0.1097	0.0584	0.0513	0.0553	0.0531	0.0022	0.0544	0.0053	0.0491	0.4016	0.0000	1.6614	0.0000	0.0000	0.0000	0.2784	0.0000	1.7702	0.2646	0.0006	0.5652	0.0006	0.0006	0.0000	0.5325	0.0000	0.5904
6	13	0.0815	3	1	2	1	0	0	0	0	0	N	Y	N	N	N	N	N	N	N	N	N	N	0.0000	0.0000	0.0000	0.0000	0.0000	0.0000	0.0000	0.0000	0.0000	0.0000	0.0000	0.0000	0.0000	0.0000	0.0000	0.0000	0.0000	0.0000	0.0000	0.0000	1.0139	0.0000	1.1272	0.0000	0.0000	0.0000	0.0000	0.0000	0.0000	0.0000	0.0000	0.0000	0.0000	0.0000	0.0000	0.0000	0.0000	0.0000	0.0000	0.0000	0.0000	0.0000	0.0000	0.0000	0.0000	0.0000	0.0000	0.0000	0.0000	0.0000	0.0000	0.0000	0.0000	0.0000	0.0000	0.0000	0.0000	0.0000	0.0000	0.0000	0.0000	0.0000	0.0000	0.0000	0.0000	0.0000	0.0000	0.0000	0.0000	0.0000	0.0000	0.0000	0.0000	0.0000	0.0000	0.0000	0.0000	0.0000											
6	14	0.0815	3	1	2	1	0	0	0	0	0	N	Y	N	N	N	N	N	N	N	N	N	N	0.0000	0.0000	0.0000	0.0000	0.0000	0.0000	0.0000	0.0000	0.0000	0.0000	0.0000	0.0000	0.0000	0.0000	0.0000	0.0000	0.0000	0.0000	0.0000	0.0000	1.0139	0.0000	1.1272	0.0000	0.0000	0.0000	0.0000	0.0000	0.0000	0.0000	0.0000	0.0000	0.0000	0.0000	0.0000	0.0000	0.0000	0.0000	0.0000	0.0000	0.0000	0.0000	0.0000	0.0000	0.0000	0.0000	0.0000	0.0000	0.0000	0.0000	0.0000	0.0000	0.0000	0.0000	0.0000	0.0000	0.0000	0.0000	0.0000	0.0000	0.0000	0.0000	0.0000	0.0000	0.0000	0.0000	0.0000	0.0000	0.0000	0.0000	0.0000	0.0000	0.0000	0.0000	0.0000	0.0000	0.0000	0.0000											
6	15	0.0456	2	1	1	1	0	0	0	0	0	N	N	N	N	N	N	N	N	N	N	N	N	0.0000	0.0000	0.0000	0.0000	0.0000	0.0000	0.0000	0.0000	0.0000	0.0000	0.0000	0.0000	0.0000	1.0952	0.0000	3.0726	0.0000	0.0000	0.0000	2.4829	0.0000	3.5812	inf	0.0000	0.0259	1.0139	3.0000	1.1272	2.0000	0.0000	0.0000	0.0000	0.0000	0.0000	0.0000	0.0000	0.0000	0.0000	0.0660	0.0000	0.0660	0.0000	0.0000	0.0000	0.0660	0.0000	0.0660	0.0821	0.0720	0.0101	0.0083	0.0079	0.0004	0.0739	0.0641	0.0097	0.0602	0.0388	0.0215	0.0337	0.0306	0.0030	0.0266	0.0081	0.0184	0.0000	0.0000	0.0000	0.0000	0.0000	0.0000	0.0000	0.0000	0.0000	1.0952	0.0000	3.0726	0.0000	0.0000	0.0000	2.4829	0.0000	3.5812						
6	16	0.1049	5	1	2	0	0	0	0	0	0	N	Y	N	N	N	N	N	N	N	N	N	N	0.0000	0.0000	0.0000	0.0000	0.0000	0.0000	0.0000	0.0000	0.0000	0.0000	0.0000	0.0000	0.0000	0.0000	0.0000	0.1552	0.0000	0.6999	0.2426	0.0000	1.1207	0.0014	0.0000	0.0061	inf	0.0000	0.0000	1.0139	0.0000	1.1272	0.0000	0.0000	0.0000	0.0000	0.0000	0.0000	0.0000	0.0000	0.0000	0.0000	0.0000	0.0000	0.0000	0.0000	0.0000	0.0000	0.0000	0.0000	0.0000	0.0000	0.0000	0.0000	0.0000	0.0000	0.0000	0.0000	0.0000	0.0000	0.0000	0.0000	0.0000	0.0000	0.0000	0.0000	0.0000	0.0000	0.0000	0.0000	0.0000	0.0000	0.0000	0.0000	0.0000	0.0000	0.0000	0.0000	0.1552	0.0000	0.6999	0.2426	0.0000	1.1207	0.0014	0.0000	0.0061				
6	17	0.1753	4	0	2	0	1	0	0	0	0	N	Y	N	N	N	N	N	N	N	N	N	N	0.0000	0.0000	0.0000	0.0000	0.0000	0.0000	0.0000	0.0000	0.0000	0.0000	0.0000	0.0000	0.0000	0.0000	0.0000	0.0000	0.0000	0.0000	0.0217	0.0348	0.0000	0.0416	0.0440	0.0000	0.0000	0.0001	0.0000	0.0001	0.0000	-0.0020	1.0139	4.0170	1.1272	2.2643	0.0000	0.0000	0.0000	0.0000	0.0000	0.0000	0.0000	0.0000	0.0000	0.0033	0.0033	0.0000	0.0033	0.0033	0.0000	0.0000	0.0000	0.0000	0.1394	0.1217	0.0177	0.0240	0.0232	0.0007	0.1154	0.0985	0.0169	0.1538	0.0958	0.0580	0.0800	0.0757	0.0042	0.0739	0.0201	0.0538	0.0000	0.0000	0.0000	0.0000	0.0000	0.0000	0.0000	0.0000	0.0000	0.0217	0.0348	0.0000	0.0416	0.0440	0.0000	0.0000	0.0001	0.0000	
6	18	0.1498	3	0	2	0	1	0	0	0	0	N	Y	N	N	N	N	N	N	N	N	N	N	0.5243	0.4890	0.9355	0.9651	0.9227	3.0628	0.3944	0.7013	0.8819	0.0903	0.0684	0.2099	0.1561	0.1484	0.5440	0.0724	0.0417	0.2007	0.1723	0.1398	0.2244	0.1617	0.1609	0.1776	0.1835	0.0595	0.2276	0.5646	1.0036	-0.0011	-0.0027	1.0139	1.3501	1.1272	4.0902	0.0054	0.0035	0.0020	0.0020	0.0019	0.0001	0.0034	0.0016	0.0018	0.0251	0.0125	0.0126	0.0121	0.0114	0.0007	0.0130	0.0011	0.0119	0.0598	0.0505	0.0093	0.0129	0.0126	0.0002	0.0470	0.0379	0.0090	0.1455	0.0895	0.0560	0.0746	0.0709	0.0037	0.0709	0.0186	0.0523	0.5243	0.4890	0.9355	0.9651	0.9227	3.0628	0.3944	0.7013	0.8819	0.1723	0.1398	0.2244	0.1617	0.1609	0.1776	0.1835	0.0595	0.2276
6	19	0.0456	2	0	2	0	1	0	0	0	0	N	Y	N	N	N	N	N	N	N	N	N	N	0.2674	0.2947	0.7919	3.3604	7.7897	3.1452	0.1318	0.0290	0.7068	0.0859	0.0056	0.6835	0.0191	0.0133	0.1416	0.0933	0.0047	0.7050	0.3211	0.0190	0.8631	0.0057	0.0017	0.0450	0.7082	0.1603	0.9975	16.4144	25.3446	0.0055	0.0114	1.0139	6.5178	1.1272	2.8428	0.0142	0.0008	0.0134	0.0003	0.0002	0.0001	0.0139	0.0006	0.0133	0.0322	0.0012	0.0310	0.0003	0.0001	0.0002	0.0319	0.0011	0.0308	0.1650	0.1455	0.0195	0.0166	0.0158	0.0007	0.1485	0.1297	0.0188	0.1004	0.0645	0.0359	0.0553	0.0502	0.0051	0.0451	0.0142	0.0309	0.2674	0.2947	0.7919	3.3604	7.7897	3.1452	0.1318	0.0581	0.7068	0.3211	0.0190	0.8631	0.0057	0.0017	0.0450	0.7082	0.0800	0.9975
6	20	0.0456	2	1	2	1	0	0	0	0	0	N	Y	N	N	N	N	N	N	N	N	N	N	62.5163	46.4740	75.5689	71.6014	4.4281	5.0868	0.0000	9.9366	9.9544	0.0000	0.0000	0.0000	0.0000	0.0708	0.1095	0.0000	0.1315	0.1390	0.0000	0.0000	0.0000	0.0000	0.0000	0.0000	-0.0001	-0.0000	1.0139	0.0002	1.1272	0.0000	0.0002	0.0002	0.0000	0.0002	0.0002	0.0000	0.0000	0.0000	0.0000	0.0000	0.0000	0.0000	0.0000	0.0000	0.0000	0.0000	0.0000	0.0000	0.0000	0.0000	0.0000	0.0000	0.0000	0.0000	0.0000	0.0000	0.0000	0.0000	0.0000	0.0000	0.0000	0.0000	0.0000	0.0000	0.0000	0.0000	62.5163	46.4740	0.0000	75.5689	71.6014	0.0000	0.0000	0.0000	0.0000	0.0708	0.1095	0.0000	0.1315	0.1390	0.0000	0.0000	0.0000	0.0000					
6	21	0.0456	2	1	1	1	0	0	0	0	0	N	N	N	N	N	N	N	N	N	N	N	N	291087.2845	215483.1990	368434.2245	335967.1930	4.4281	5.0868	0.0000	9.9366	9.9544	0.0000	0.0000	0.0000	0.0000	0.0000	0.0000	0.0000	0.0000	0.0000	0.0000	0.0000	0.0000	0.0000	0.0000	0.0000	-0.0001	-0.0000	1.0139	0.0002	1.1272	2.0000	0.0002	0.0002	0.0000	0.0002	0.0002	0.0000	0.0000	0.0000	0.0000	0.0000	0.0000	0.0000	0.0000	0.0000	0.0000	0.0000	0.0000	0.0000	0.0000	0.0000	0.0000	0.0000	0.0000	0.0000	0.0000	0.0000	0.0000	0.0262	0.0169	0.0093	0.0148	0.0134	0.0013	0.0114	0.0034	0.0080	291087.2845	215483.1990	0.0000	368434.2245	335967.1930	0.0000	0.0000	0.0000	0.0000	0.0000	0.0000	0.0000	0.0000	0.0000	0.0000	0.0000	0.0000	0.0000					
6	23	0.0874	3	0	2	0	0	0	0	0	0	N	Y	N	N	N	N	N	N	N	N	N	N	8.3079	32.0100	0.0000	0.0000	7.9995	32.3344	4.5847	0.0000	37.2198	0.0000	0.0000	0.0000	8.6372	0.0000	37.7740	0.5519	0.0000	1.1628	0.0309	0.0000	1.0010	1.0797	0.0000	1.1682	inf	inf	0.0000	0.0223	1.0139	0.0000	1.1272	2.4393	0.0000	0.0000	0.0000	0.0000	0.0000	0.0000	0.0000	0.0000	0.0000	0.0568	0.0000	0.0568	0.0016	0.0000	0.0016	0.0552	0.0000	0.0552	0.0000	0.0000	0.0000	0.0000	0.0000	0.0000	0.0000	0.0000	0.0000	0.1028	0.0540	0.0488	0.0518	0.0502	0.0016	0.0511	0.0039	0.0472	8.3079	0.0000	32.0100	0.0000	0.0000	0.0000	7.9995	0.0000	32.3344	0.5519	0.0000	1.1628	0.0309	0.0000	1.0010	1.0797	0.0000	1.1682			
6	24	0.0456	2	0	1	0	0	0	0	0	0	N	N	N	N	N	N	N	N	N	N	N	N	19.0771	0.0820	56.0072	66.0580	1.2820	165.5263	9.4159	0.0000	49.9078	9.3053	0.0000	76.5350	0.0037	0.0000	0.0835	10.3462	0.0000	79.4582	0.4878	0.0000	1.3665	0.0001	0.0000	0.0005	1.0988	0.0001	1.5921	6497721.0929	38168.9537	0.4401	0.0145	1.0139	3.9968	1.1272	2.5738	0.9954	0.0000	0.9954	0.0000	0.0000	0.0000	0.9954	0.0000	0.9954	0.0370	0.0000	0.0370	0.0000	0.0000	0.0000	0.0370	0.0000	0.0370	0.1070	0.0940	0.0130	0.0108	0.0103	0.0005	0.0962	0.0837	0.0125	0.0759	0.0488	0.0271	0.0422	0.0384	0.0038	0.0337	0.0104	0.0232	19.0771	0.0820	56.0072	66.0580	1.2820	165.5263	9.4159	0.0000	49.9078	0.4878	0.0000	1.3665	0.0001	0.0000	0.0005	1.0988	0.0001	1.5921
6	25	0.0807	5	1	2	0	1	0	0	0	0	N	Y	N	N	N	N	N	N	N	N	N	N	0.0000	0.0000	0.0000	0.0000	0.0000	0.0000	0.0000	0.0000	0.0000	0.0000	0.0000	0.0000	0.0000	0.0000	0.0000	0.0000	0.0000	2.7219	0.0000	7.9445	0.0092	0.0000	0.6409	4.8715	0.0000	8.0828	2507605.0963	0.0000	0.0266	1.0139	0.0332	1.1272	1.0637	0.0000	0.0000	0.0000	0.0000	0.0000	0.0000	0.0000	0.0000	0.0000	0.0677	0.0000	0.0677	0.0001	0.0000	0.0001	0.0676	0.0000	0.0676	0.0053	0.0049	0.0004	0.0023	0.0023	0.0000	0.0030	0.0026	0.0004	0.0249	0.0164	0.0085	0.0110	0.0108	0.0002	0.0139	0.0055	0.0084	0.0000	0.0000	0.0000	0.0000	0.0000	0.0000	0.0000	0.0000	0.0000	2.7219	0.0000	7.9445	0.0092	0.0000	0.6409	4.8715	0.0000	8.0828		
6	26	0.0807	5	0	2	0	1	0	0	0	0	N	Y	N	N	N	N	N	N	N	N	N	N	0.0000	0.0000	0.0000	0.0000	0.0000	0.0000	0.0000	0.0000	0.0000	0.0000	0.0000	0.0000	0.0000	0.3366	0.5459	0.0000	0.8672	0.8815	0.0000	0.0000	0.0000	0.0000	0.0000	0.0000	-0.0158	1.0139	1.9667	1.1272	4.8619	0.0000	0.0000	0.0000	0.0000	0.0000	0.0000	0.0000	0.0000	0.0000	0.0261	0.0261	0.0000	0.0261	0.0261	0.0000	0.0000	0.0000	0.0000	0.0579	0.0510	0.0069	0.0094	0.0089	0.0004	0.0486	0.0420	0.0065	0.0774	0.0477	0.0297	0.0300	0.0296	0.0005	0.0474	0.0182	0.0292	0.0000	0.0000	0.0000	0.0000	0.0000	0.0000	0.0000	0.0000	0.0000	0.3366	0.5459	0.0000	0.8672	0.8815	0.0000	0.0000	0.0000	0.0000						
6	27	0.0858	6	0	2	0	0	0	0	0	0	N	Y	N	N	N	N	N	N	N	N	N	N	0.0000	0.0000	0.0000	0.0000	0.0000	0.0000	0.0000	0.0000	0.0000	0.0000	0.0000	0.0000	0.0000	0.0000	0.0000	3.9994	0.0000	9.1482	0.0002	0.0000	0.0249	6.6735	0.0000	9.2067	inf	0.0000	0.0256	1.0139	0.0014	1.1272	0.9895	0.0000	0.0000	0.0000	0.0000	0.0000	0.0000	0.0000	0.0000	0.0000	0.0651	0.0000	0.0651	0.0000	0.0000	0.0000	0.0651	0.0000	0.0651	0.0002	0.0002	0.0000	0.0001	0.0001	0.0000	0.0001	0.0001	0.0000	0.0163	0.0092	0.0071	0.0065	0.0065	0.0000	0.0097	0.0027	0.0071	0.0000	0.0000	0.0000	0.0000	0.0000	0.0000	0.0000	0.0000	0.0000	3.9994	0.0000	9.1482	0.0002	0.0000	0.0249	6.6735	0.0000	9.2067				
6	28	0.0807	5	0	1	1	1	0	0	0	0	N	N	N	N	N	N	N	N	N	N	N	N	0.0000	0.0000	0.0000	0.0000	0.0000	0.0000	0.0000	0.0000	0.0000	0.0000	0.0000	0.0000	0.0000	0.0000	0.0000	0.4960	0.7910	0.0025	1.2316	1.2484	0.1534	0.0000	0.0000	0.0000	0.0019	0.0000	-0.0158	1.0139	1.0331	1.1272	2.8608	0.0000	0.0000	0.0000	0.0000	0.0000	0.0000	0.0000	0.0000	0.0000	0.0261	0.0261	0.0000	0.0261	0.0261	0.0000	0.0000	0.0000	0.0000	0.0331	0.0292	0.0039	0.0060	0.0058	0.0002	0.0271	0.0234	0.0036	0.0526	0.0329	0.0197	0.0212	0.0209	0.0003	0.0314	0.0121	0.0194	0.0000	0.0000	0.0000	0.0000	0.0000	0.0000	0.0000	0.0000	0.0000	0.4960	0.7910	0.0025	1.2316	1.2484	0.1534	0.0000	0.0000	0.0000				
6	29	0.0807	5	0	1	1	1	0	0	0	0	N	N	N	N	N	N	N	N	N	N	N	N	0.0000	0.0000	0.0000	0.0000	0.0000	0.0000	0.0000	0.0000	0.0000	0.0000	0.0000	0.0000	0.0000	0.0000	0.0000	1.5114	0.0000	4.0943	0.0083	0.0000	0.5456	2.5539	0.0000	4.1548	inf	0.0000	0.0266	1.0139	0.0332	1.1272	3.0294	0.0000	0.0000	0.0000	0.0000	0.0000	0.0000	0.0000	0.0000	0.0000	0.0678	0.0000	0.0678	0.0002	0.0000	0.0002	0.0676	0.0000	0.0676	0.0053	0.0049	0.0004	0.0023	0.0023	0.0000	0.0030	0.0026	0.0004	0.0448	0.0283	0.0165	0.0184	0.0181	0.0003	0.0265	0.0102	0.0163	0.0000	0.0000	0.0000	0.0000	0.0000	0.0000	0.0000	0.0000	0.0000	1.5114	0.0000	4.0943	0.0083	0.0000	0.5456	2.5539	0.0000	4.1548				
6	30	0.1049	5	1	2	0	0	0	0	0	0	N	Y	N	N	N	N	N	N	N	N	N	N	0.0000	0.0000	0.0000	0.0000	0.0000	0.0000	0.0000	0.0000	0.0000	0.0000	0.0000	0.0000	0.0000	1.6563	2.7825	0.0000	3.5292	3.8536	0.0000	0.0000	0.0000	0.0000	0.0000	0.0000	-0.0242	1.0139	0.0000	1.1272	2.0000	0.0000	0.0000	0.0000	0.0000	0.0000	0.0000	0.0000	0.0000	0.0000	0.0398	0.0398	0.0000	0.0398	0.0398	0.0000	0.0000	0.0000	0.0000	0.0000	0.0000	0.0000	0.0000	0.0000	0.0000	0.0000	0.0000	0.0000	0.0240	0.0143	0.0097	0.0113	0.0103	0.0009	0.0128	0.0040	0.0088	0.0000	0.0000	0.0000	0.0000	0.0000	0.0000	0.0000	0.0000	0.0000	1.6563	2.7825	0.0000	3.5292	3.8536	0.0000	0.0000	0.0000	0.0000						
6	31	0.0779	4	1	2	0	0	0	0	0	0	N	Y	N	N	N	N	N	N	N	N	N	N	1147.1137	0.0000	203165.7717	0.1169	0.0000	609.3614	47452.6249	0.0000	208931.3692	24.5279	0.0000	197.1250	0.0054	0.0000	0.7010	30.0391	0.0000	199.3701	0.0214	0.0340	0.0010	0.0460	0.0493	0.0012	0.0006	0.0000	0.0010	inf	0.0177	0.4189	-0.0009	1.0139	0.9772	1.1272	4.1826	0.9475	0.0000	0.9475	0.0000	0.0000	0.0000	0.9474	0.0000	0.9474	0.0014	0.0014	0.0000	0.0014	0.0014	0.0000	0.0000	0.0000	0.0000	0.0386	0.0338	0.0048	0.0071	0.0070	0.0001	0.0315	0.0268	0.0048	0.0678	0.0418	0.0259	0.0310	0.0289	0.0021	0.0368	0.0129	0.0238	1147.1137	0.0000	203165.7717	0.1169	0.0000	609.3614	47452.6249	0.0000	208931.3692	0.0214	0.0340	0.0010	0.0460	0.0493	0.0012	0.0006	0.0000	0.0010
6	32	0.0858	6	1	2	0	0	0	0	0	0	N	Y	N	N	N	N	N	N	N	N	N	N	0.0000	0.0000	0.0000	0.0000	0.0000	0.0000	0.0000	0.0000	0.0000	0.0000	0.0000	0.0000	0.0000	0.0000	0.0000	0.0000	0.0000	0.0550	0.0960	0.0021	0.1358	0.1366	0.0235	0.0014	0.0000	0.0019	0.0167	0.0000	-0.0006	1.0139	0.0015	1.1272	1.0489	0.0000	0.0000	0.0000	0.0000	0.0000	0.0000	0.0000	0.0000	0.0000	0.0009	0.0009	0.0000	0.0009	0.0009	0.0000	0.0000	0.0000	0.0000	0.0002	0.0002	0.0000	0.0001	0.0001	0.0000	0.0001	0.0001	0.0000	0.0169	0.0095	0.0074	0.0068	0.0067	0.0000	0.0102	0.0028	0.0073	0.0000	0.0000	0.0000	0.0000	0.0000	0.0000	0.0000	0.0000	0.0000	0.0550	0.0960	0.0021	0.1358	0.1366	0.0235	0.0014	0.0000	0.0019		
6	33	0.0807	5	0	2	0	0	0	0	0	0	N	Y	N	N	N	N	N	N	N	N	N	N	0.0000	0.0000	0.0000	0.0000	0.0000	0.0000	0.0000	0.0000	0.0000	0.0000	0.0000	0.0000	0.0000	0.0000	0.0000	0.0000	0.0000	0.0000	0.0757	0.0015	0.2071	0.0089	0.0022	0.4543	0.1240	0.0000	0.2028	80.6239	0.0000	0.0010	1.0139	0.9657	1.1272	1.1858	0.0000	0.0000	0.0000	0.0000	0.0000	0.0000	0.0000	0.0000	0.0000	0.0027	0.0000	0.0027	0.0001	0.0000	0.0001	0.0026	0.0000	0.0026	0.0312	0.0276	0.0036	0.0058	0.0056	0.0002	0.0255	0.0220	0.0034	0.0359	0.0229	0.0129	0.0151	0.0148	0.0002	0.0208	0.0081	0.0127	0.0000	0.0000	0.0000	0.0000	0.0000	0.0000	0.0000	0.0000	0.0000	0.0757	0.0015	0.2071	0.0089	0.0022	0.4543	0.1240	0.0000	0.2028	
6	34	0.0779	4	0	1	0	0	0	0	0	0	N	N	N	N	N	N	N	N	N	N	N	N	1.6734	204.0703	0.0001	95.5939	981.6355	0.0001	0.0000	0.0000	0.0001	0.7373	0.8437	0.0002	5.7881	5.8629	0.0001	0.0000	0.0000	0.0002	0.4406	0.0041	1.1604	0.0605	0.0060	0.8382	0.7657	0.0000	1.1884	0.0000	170.2033	-0.0269	0.0096	1.0139	1.9916	1.1272	1.9964	0.0481	0.0481	0.0000	0.0481	0.0481	0.0000	0.0000	0.0000	0.0000	0.0249	0.0001	0.0248	0.0016	0.0001	0.0014	0.0233	0.0000	0.0233	0.0653	0.0571	0.0082	0.0083	0.0082	0.0001	0.0570	0.0489	0.0081	0.0565	0.0352	0.0213	0.0261	0.0244	0.0017	0.0305	0.0108	0.0196	1.6734	204.0703	0.0001	95.5939	981.6355	0.0001	0.0000	0.0000	0.0001	0.4406	0.0041	1.1604	0.0605	0.0060	0.8382	0.7657	0.0000	1.1884
6	35	0.0698	3	0	1	0	0	0	0	0	0	N	N	N	N	N	N	N	N	N	N	N	N	88.3471	573.6933	131.5934	620.0551	1031.9062	4.7044	40.9733	0.0000	127.6779	6.6330	3.9004	23.5934	8.8498	8.8657	0.4661	5.2766	0.0000	23.7144	0.0751	0.0068	0.1793	0.0143	0.0086	0.0991	0.1288	0.0020	0.1857	0.9746	17.2785	-0.0060	0.0008	1.0139	0.1320	1.1272	1.9445	0.0930	0.0471	0.0459	0.0471	0.0471	0.0000	0.0459	0.0000	0.0459	0.0025	0.0001	0.0023	0.0002	0.0001	0.0001	0.0022	0.0000	0.0022	0.0140	0.0121	0.0019	0.0053	0.0053	0.0000	0.0087	0.0068	0.0019	0.0327	0.0198	0.0130	0.0153	0.0144	0.0010	0.0174	0.0054	0.0120	88.3471	573.6933	131.5934	620.0551	1031.9062	4.7044	40.9733	0.0000	127.6779	0.0751	0.0068	0.1793	0.0143	0.0086	0.0991	0.1288	0.0020	0.1857
6	36	0.0456	2	0	1	0	0	0	0	0	0	N	N	N	N	N	N	N	N	N	N	N	N	0.9587	5.7786	2.8041	3.0787	95.2654	2.4187	0.4723	0.2145	2.5145	0.5985	0.0023	4.9082	0.0294	0.0191	0.2501	0.6622	0.0002	5.0865	0.6243	0.0004	1.7504	0.0096	0.0002	0.1034	1.4019	0.0011	2.0228	293.4894	2422.0647	0.0284	0.0153	1.0139	4.0393	1.1272	1.1787	0.0646	0.0002	0.0644	0.0003	0.0002	0.0001	0.0643	0.0000	0.0643	0.0390	0.0000	0.0390	0.0003	0.0000	0.0003	0.0387	0.0000	0.0387	0.1080	0.0949	0.0131	0.0109	0.0104	0.0005	0.0971	0.0845	0.0126	0.0625	0.0402	0.0223	0.0349	0.0317	0.0032	0.0276	0.0085	0.0191	0.9587	5.7786	2.8041	3.0787	95.2654	2.4187	0.4723	0.2145	2.5145	0.6243	0.0004	1.7504	0.0096	0.0002	0.1034	1.4019	0.0011	2.0228
7	9	0.1535	3	0	2	1	1	0	0	0	0	N	Y	N	N	N	N	N	N	N	N	N	N	0.3554	0.0003	1.7777	0.2257	0.0003	0.4081	0.3810	0.0530	1.8934	0.5698	0.0001	4.9262	0.3059	0.0003	5.0577	0.6497	0.0001	4.9080	1.6032	0.4981	2.7710	1.3554	0.9418	12.3935	1.7052	0.0017	2.5921	4819.7290	5.2648	0.0439	0.0708	0.9928	5.9032	2.8771	6.6619	0.0993	0.0000	0.0993	0.0124	0.0000	0.0124	0.0869	0.0000	0.0869	0.3037	0.0485	0.2552	0.0749	0.0484	0.0265	0.2288	0.0001	0.2287	0.1742	0.1541	0.0202	0.0405	0.0380	0.0024	0.1338	0.1161	0.0177	0.1894	0.0973	0.0921	0.0552	0.0514	0.0039	0.1342	0.0459	0.0882	0.3554	0.0003	1.7777	0.2257	0.0003	0.7378	0.3810	0.0530	1.8934	1.6032	0.4981	2.7710	1.3554	0.9418	6.8552	1.7052	0.0017	2.5921
7	10	0.0656	2	1	1	1	0	0	0	0	0	N	N	N	N	N	N	N	N	N	N	N	N	0.0000	0.0000	1.6902	0.0000	0.0000	0.3668	0.0000	1.7377	0.0002	0.0000	0.0014	0.0000	0.0000	0.0000	0.0003	0.0000	0.0014	5.9611	13.1874	0.0008	21.6044	21.6234	0.0000	0.0008	0.0006	0.0008	17.5817	0.0001	0.0000	-0.3186	0.9928	0.0030	2.8771	2.5954	0.0000	0.0000	0.0000	0.0000	0.0000	0.0000	0.0000	0.0000	0.0000	0.5248	0.5247	0.0000	0.5247	0.5247	0.0000	0.0001	0.0000	0.0000	0.0003	0.0002	0.0000	0.0001	0.0001	0.0000	0.0002	0.0001	0.0000	0.0880	0.0398	0.0482	0.0243	0.0243	0.0000	0.0637	0.0155	0.0482	0.0000	0.0000	1.6902	0.0000	0.0000	0.0000	0.3668	0.0000	1.7377	5.9611	13.1874	0.0008	21.6044	21.6234	0.0000	0.0008	0.0006	0.0008	
7	11	0.1280	2	0	2	0	1	0	0	0	0	N	Y	N	N	N	N	N	N	N	N	N	N	0.3005	0.0002	1.5077	0.1450	0.0001	0.4643	0.3232	0.0450	1.6087	0.5787	0.0001	4.9108	0.2193	0.0001	3.5766	0.6687	0.0001	5.0658	1.9261	0.5723	3.2570	1.5124	1.1759	7.7036	2.0692	0.0021	3.1490	7057.7879	5.7881	0.0520	0.0861	0.9928	7.2715	2.8771	4.6446	0.1176	0.0000	0.1176	0.0089	0.0000	0.0089	0.1087	0.0000	0.1087	0.3506	0.0516	0.2989	0.0708	0.0515	0.0192	0.2798	0.0001	0.2797	0.2032	0.1792	0.0239	0.0407	0.0382	0.0025	0.1625	0.1411	0.0215	0.1820	0.0902	0.0918	0.0468	0.0438	0.0030	0.1352	0.0464	0.0888	0.3005	0.0002	1.5077	0.1450	0.0001	0.5499	0.3232	0.0450	1.6087	1.9261	0.5723	3.2570	1.5124	1.1759	6.5038	2.0692	0.0021	3.1490
7	12	0.0656	2	1	1	1	0	0	0	0	0	N	N	N	N	N	N	N	N	N	N	N	N	0.0000	0.0004	0.0002	0.0004	0.0005	0.0001	0.0002	0.0002	0.0000	0.0014	0.0000	0.0000	0.0000	0.0003	0.0000	0.0014	4.1394	0.0272	7.4168	0.0495	0.0496	0.0000	5.4535	0.0000	7.4205	17.5817	342.7192	0.0000	0.1605	0.9928	0.0030	2.8771	3.4320	0.0000	0.0000	0.0000	0.0000	0.0000	0.0000	0.0000	0.0000	0.0000	0.4117	0.0012	0.4105	0.0012	0.0012	0.0000	0.4105	0.0000	0.4105	0.0003	0.0002	0.0000	0.0001	0.0001	0.0000	0.0002	0.0001	0.0000	0.0995	0.0441	0.0553	0.0242	0.0242	0.0000	0.0753	0.0200	0.0553	0.0000	0.0004	0.0002	0.0004	0.0005	0.0000	0.0001	0.0000	0.0002	4.1394	0.0272	7.4168	0.0495	0.0496	0.0000	5.4535	0.0000	7.4205		
7	13	0.0597	2	1	2	1	0	0	0	0	0	N	Y	N	N	N	N	N	N	N	N	N	N	0.0000	0.0000	0.0000	0.0000	0.0000	0.0000	0.0000	0.0000	0.0000	0.0000	0.0000	0.0000	0.0000	0.0000	0.0000	0.0000	0.0000	0.0000	0.0000	0.0000	0.9928	0.0000	2.8771	0.0000	0.0000	0.0000	0.0000	0.0000	0.0000	0.0000	0.0000	0.0000	0.0000	0.0000	0.0000	0.0000	0.0000	0.0000	0.0000	0.0000	0.0000	0.0000	0.0000	0.0000	0.0000	0.0000	0.0000	0.0000	0.0000	0.0000	0.0000	0.0000	0.0000	0.0000	0.0000	0.0000	0.0000	0.0000	0.0000	0.0000	0.0000	0.0000	0.0000	0.0000	0.0000	0.0000	0.0000	0.0000	0.0000	0.0000	0.0000	0.0000	0.0000	0.0000	0.0000	0.0000	0.0000	0.0000											
7	14	0.0597	2	1	2	1	0	0	0	0	0	N	Y	N	N	N	N	N	N	N	N	N	N	0.0000	0.0000	0.0000	0.0000	0.0000	0.0000	0.0000	0.0000	0.0000	0.0000	0.0000	0.0000	0.0000	0.0000	0.0000	0.0000	0.0000	0.0000	0.0000	0.0000	0.9928	0.0000	2.8771	0.0000	0.0000	0.0000	0.0000	0.0000	0.0000	0.0000	0.0000	0.0000	0.0000	0.0000	0.0000	0.0000	0.0000	0.0000	0.0000	0.0000	0.0000	0.0000	0.0000	0.0000	0.0000	0.0000	0.0000	0.0000	0.0000	0.0000	0.0000	0.0000	0.0000	0.0000	0.0000	0.0000	0.0000	0.0000	0.0000	0.0000	0.0000	0.0000	0.0000	0.0000	0.0000	0.0000	0.0000	0.0000	0.0000	0.0000	0.0000	0.0000	0.0000	0.0000	0.0000	0.0000	0.0000	0.0000											
7	16	0.0831	4	1	2	0	0	0	0	0	0	N	Y	N	N	N	N	N	N	N	N	N	N	0.0000	0.0000	0.0000	0.0000	0.0000	0.0000	0.0000	0.0000	0.0000	0.0000	0.0000	0.0000	0.0000	0.0000	0.0000	4.4207	0.0024	12.5056	4.6277	0.0024	18.7577	0.0000	0.0000	0.0000	2906.1616	0.0000	0.0000	0.9928	0.0000	2.8771	0.0000	0.0000	0.0000	0.0000	0.0000	0.0000	0.0000	0.0000	0.0000	0.0000	0.0000	0.0000	0.0000	0.0000	0.0000	0.0000	0.0000	0.0000	0.0000	0.0000	0.0000	0.0000	0.0000	0.0000	0.0000	0.0000	0.0000	0.0000	0.0000	0.0000	0.0000	0.0000	0.0000	0.0000	0.0000	0.0000	0.0000	0.0000	0.0000	0.0000	0.0000	0.0000	0.0000	0.0000	0.0000	0.0000	4.4207	0.0024	12.5056	4.6277	0.0024	13.7358	0.0000	0.0000	0.0000				
7	17	0.1535	3	0	2	0	1	0	0	0	0	N	Y	N	N	N	N	N	N	N	N	N	N	0.0000	0.0000	0.0000	0.0000	0.0000	0.0000	0.0000	0.0000	0.0000	0.0000	0.0000	0.0000	0.0000	0.3139	0.5729	0.0000	0.8725	0.9227	0.0000	0.0000	0.0000	0.0000	0.0000	0.0000	-0.0294	0.9928	4.0170	2.8771	2.2643	0.0000	0.0000	0.0000	0.0000	0.0000	0.0000	0.0000	0.0000	0.0000	0.0484	0.0484	0.0000	0.0484	0.0484	0.0000	0.0000	0.0000	0.0000	0.1346	0.1191	0.0156	0.0345	0.0325	0.0020	0.1002	0.0866	0.0136	0.1541	0.0844	0.0697	0.0554	0.0524	0.0030	0.0987	0.0320	0.0667	0.0000	0.0000	0.0000	0.0000	0.0000	0.0000	0.0000	0.0000	0.0000	0.3139	0.5729	0.0000	0.8725	0.9227	0.0000	0.0000	0.0000	0.0000						
7	18	0.1280	2	0	2	0	1	0	0	0	0	N	Y	N	N	N	N	N	N	N	N	N	N	0.8874	0.5256	3.5494	0.9754	0.9486	0.9980	0.8408	0.0066	3.7999	3.1585	1.6442	14.4320	4.8995	4.6992	9.2349	2.3478	0.0387	15.1306	3.5592	3.1285	4.0661	5.0232	4.9540	9.2535	2.7923	5.8409	3.9819	1.1790	1.1042	-0.0033	-0.0414	0.9928	1.3501	2.8771	4.0902	0.1954	0.0897	0.1057	0.0963	0.0883	0.0080	0.0991	0.0014	0.0977	0.5017	0.2384	0.2633	0.2434	0.2293	0.0141	0.2583	0.0091	0.2492	0.0619	0.0545	0.0073	0.0197	0.0188	0.0009	0.0422	0.0357	0.0065	0.1410	0.0762	0.0647	0.0485	0.0463	0.0022	0.0925	0.0299	0.0626	0.8874	0.5256	3.5494	0.9754	0.9486	1.4194	0.8408	0.1274	3.7999	3.5592	3.1285	4.0661	5.0232	4.9540	6.5061	2.7923	0.3037	3.9819
7	23	0.0656	2	0	2	0	0	0	0	0	0	N	Y	N	N	N	N	N	N	N	N	N	N	0.0000	0.0004	0.0001	0.0306	14.9556	0.0000	0.0000	0.0000	0.0001	0.0003	0.0000	0.0021	0.0000	0.0000	0.0000	0.0005	0.0000	0.0021	16.1190	0.0410	29.4859	0.0008	0.0000	0.9638	22.4898	0.5035	29.4982	17.5817	864.4845	0.0000	0.5417	0.9928	0.0000	2.8771	2.4393	0.0000	0.0000	0.0000	0.0000	0.0000	0.0000	0.0000	0.0000	0.0000	1.3831	0.0016	1.3815	0.0000	0.0000	0.0000	1.3831	0.0016	1.3815	0.0002	0.0001	0.0000	0.0001	0.0001	0.0000	0.0001	0.0001	0.0000	0.0858	0.0390	0.0469	0.0243	0.0243	0.0000	0.0615	0.0147	0.0468	0.0000	0.0004	0.0001	0.0306	14.9556	0.0000	0.0000	0.0000	0.0001	16.1190	0.0410	29.4859	0.0008	0.0000	0.9638	22.4898	0.1090	29.4982
7	25	0.0589	4	1	2	0	1	0	0	0	0	N	Y	N	N	N	N	N	N	N	N	N	N	0.0000	0.0000	0.0000	0.0000	0.0000	0.0000	0.0000	0.0000	0.0000	0.0000	0.0000	0.0000	0.0000	0.0000	0.0000	36.1765	0.0063	87.8566	0.0000	0.0000	0.0000	64.0790	0.0264	94.3000	9799.9983	0.0000	0.3909	0.9928	0.0332	2.8771	1.0637	0.0000	0.0000	0.0000	0.0000	0.0000	0.0000	0.0000	0.0000	0.0000	0.9956	0.0001	0.9955	0.0000	0.0000	0.0000	0.9956	0.0001	0.9955	0.0036	0.0033	0.0003	0.0016	0.0015	0.0000	0.0020	0.0018	0.0002	0.0275	0.0162	0.0113	0.0120	0.0112	0.0008	0.0155	0.0050	0.0106	0.0000	0.0000	0.0000	0.0000	0.0000	0.0000	0.0000	0.0000	0.0000	36.1765	0.0063	87.8566	0.0000	0.0000	0.0000	64.0790	0.0204	94.3000				
7	26	0.0589	4	0	2	0	1	0	0	0	0	N	Y	N	N	N	N	N	N	N	N	N	N	0.0000	0.0000	0.0000	0.0000	0.0000	0.0000	0.0000	0.0000	0.0000	0.0000	0.0000	0.0000	0.0000	0.0000	0.0000	11.0742	22.2153	0.0000	30.0061	34.8709	0.0000	0.0000	0.0000	0.0000	0.0000	0.0000	-0.5539	0.9928	1.9667	2.8771	4.8619	0.0000	0.0000	0.0000	0.0000	0.0000	0.0000	0.0000	0.0000	0.0000	0.9123	0.9123	0.0000	0.9123	0.9123	0.0000	0.0000	0.0000	0.0000	0.0581	0.0514	0.0067	0.0158	0.0147	0.0010	0.0424	0.0367	0.0057	0.0824	0.0411	0.0413	0.0304	0.0262	0.0042	0.0520	0.0149	0.0371	0.0000	0.0000	0.0000	0.0000	0.0000	0.0000	0.0000	0.0000	0.0000	11.0742	22.2153	0.0000	30.0061	34.8709	0.0000	0.0000	0.0000	0.0000				
7	27	0.0640	5	0	2	0	0	0	0	0	0	N	Y	N	N	N	N	N	N	N	N	N	N	0.0000	0.0000	0.0000	0.0000	0.0000	0.0000	0.0000	0.0000	0.0000	0.0000	0.0000	0.0000	0.0000	0.0000	0.0000	0.0000	0.0000	0.0000	55.1945	0.0001	197.1250	0.0014	0.0000	0.0134	92.8046	0.0005	199.3701	1009420.4091	0.0000	0.3620	0.9928	0.0014	2.8771	0.9895	0.0000	0.0000	0.0000	0.0000	0.0000	0.0000	0.0000	0.0000	0.0000	0.9216	0.0000	0.9216	0.0000	0.0000	0.0000	0.9216	0.0000	0.9216	0.0002	0.0001	0.0000	0.0001	0.0001	0.0000	0.0001	0.0001	0.0000	0.0167	0.0079	0.0088	0.0068	0.0060	0.0007	0.0099	0.0019	0.0081	0.0000	0.0000	0.0000	0.0000	0.0000	0.0000	0.0000	0.0000	0.0000	55.1945	0.0001	104.8775	0.0014	0.0000	0.0134	92.8046	0.0005	114.2927	
7	28	0.0589	4	0	1	1	1	0	0	0	0	N	N	N	N	N	N	N	N	N	N	N	N	0.0000	0.0000	0.0000	0.0000	0.0000	0.0000	0.0000	0.0000	0.0000	0.0000	0.0000	0.0000	0.0000	16.2842	31.3048	0.0000	41.8826	47.5139	0.0000	0.0000	0.0000	0.0000	0.0000	0.0000	-0.5540	0.9928	1.0331	2.8771	2.8608	0.0000	0.0000	0.0000	0.0000	0.0000	0.0000	0.0000	0.0000	0.0000	0.9123	0.9123	0.0000	0.9123	0.9123	0.0000	0.0000	0.0000	0.0000	0.0325	0.0288	0.0037	0.0092	0.0086	0.0006	0.0233	0.0201	0.0032	0.0560	0.0291	0.0269	0.0218	0.0192	0.0026	0.0342	0.0099	0.0243	0.0000	0.0000	0.0000	0.0000	0.0000	0.0000	0.0000	0.0000	0.0000	16.2842	31.3048	0.0000	41.8826	47.5139	0.0000	0.0000	0.0000	0.0000						
7	29	0.0589	4	0	1	1	1	0	0	0	0	N	N	N	N	N	N	N	N	N	N	N	N	0.0000	0.0000	0.0000	0.0000	0.0000	0.0000	0.0000	0.0000	0.0000	0.0000	0.0000	0.0000	0.0000	0.0000	0.0000	0.0000	0.0000	20.7768	0.0060	48.1837	0.0026	0.0029	0.0000	34.4756	0.0120	51.1005	6569.7016	0.0000	0.3909	0.9928	0.0332	2.8771	3.0294	0.0000	0.0000	0.0000	0.0000	0.0000	0.0000	0.0000	0.0000	0.0000	0.9956	0.0002	0.9955	0.0000	0.0000	0.0000	0.9956	0.0001	0.9955	0.0036	0.0033	0.0003	0.0016	0.0015	0.0000	0.0020	0.0018	0.0002	0.0479	0.0255	0.0225	0.0190	0.0170	0.0021	0.0289	0.0085	0.0204	0.0000	0.0000	0.0000	0.0000	0.0000	0.0000	0.0000	0.0000	0.0000	20.7768	0.0060	44.3327	0.0026	0.0029	0.0000	34.4756	0.0120	48.8310		
7	30	0.0831	4	1	2	0	0	0	0	0	0	N	Y	N	N	N	N	N	N	N	N	N	N	0.0000	0.0000	0.0000	0.0000	0.0000	0.0000	0.0000	0.0000	0.0000	0.0000	0.0000	0.0000	0.0000	0.0000	0.0000	0.0000	0.0000	0.0000	39.1291	88.6199	0.0095	162.4473	180.4370	0.2203	0.0000	0.0001	0.0000	0.0001	0.0000	-0.5831	0.9928	0.0000	2.8771	2.0000	0.0000	0.0000	0.0000	0.0000	0.0000	0.0000	0.0000	0.0000	0.0000	0.9605	0.9604	0.0001	0.9605	0.9604	0.0001	0.0000	0.0000	0.0000	0.0000	0.0000	0.0000	0.0000	0.0000	0.0000	0.0000	0.0000	0.0000	0.0245	0.0108	0.0137	0.0059	0.0053	0.0006	0.0186	0.0055	0.0131	0.0000	0.0000	0.0000	0.0000	0.0000	0.0000	0.0000	0.0000	0.0000	39.1291	88.6199	0.0095	162.4473	180.4370	0.2203	0.0000	0.0001	0.0000	
7	31	0.0561	3	1	2	0	0	0	0	0	0	N	Y	N	N	N	N	N	N	N	N	N	N	0.1867	0.0055	73.0786	0.0081	0.0080	0.0000	16.8257	162.2500	79.1217	0.1287	0.0077	1.0499	0.0214	0.0225	0.0000	0.1677	0.0017	1.1767	0.6895	1.4023	0.0144	2.6313	2.8212	0.0000	0.0100	0.0000	0.0149	17.9549	0.0108	0.0017	-0.0300	0.9928	0.9772	2.8771	4.1826	0.0045	0.0002	0.0043	0.0002	0.0002	0.0000	0.0043	0.0000	0.0043	0.0502	0.0497	0.0005	0.0497	0.0497	0.0000	0.0005	0.0000	0.0005	0.0349	0.0308	0.0041	0.0093	0.0088	0.0004	0.0256	0.0220	0.0036	0.0729	0.0354	0.0374	0.0189	0.0176	0.0013	0.0540	0.0178	0.0362	0.1867	0.0055	73.0786	0.0081	0.0080	0.0000	16.8257	162.2500	79.1217	0.6895	1.4023	0.0144	2.6313	2.8212	0.0000	0.0100	0.0000	0.0149
7	32	0.0640	5	1	2	0	0	0	0	0	0	N	Y	N	N	N	N	N	N	N	N	N	N	0.0000	0.0000	0.0000	0.0000	0.0000	0.0000	0.0000	0.0000	0.0000	0.0000	0.0000	0.0000	0.0000	0.0000	0.0000	0.0000	0.0000	0.0000	0.7771	1.5773	0.0584	1.8506	2.0760	0.0127	0.0507	0.0004	0.0626	0.0412	0.0000	-0.0077	0.9928	0.0015	2.8771	1.0489	0.0000	0.0000	0.0000	0.0000	0.0000	0.0000	0.0000	0.0000	0.0000	0.0135	0.0130	0.0005	0.0130	0.0130	0.0000	0.0005	0.0000	0.0005	0.0002	0.0002	0.0000	0.0001	0.0001	0.0000	0.0001	0.0001	0.0000	0.0174	0.0082	0.0092	0.0070	0.0062	0.0008	0.0104	0.0020	0.0084	0.0000	0.0000	0.0000	0.0000	0.0000	0.0000	0.0000	0.0000	0.0000	0.7771	1.5773	0.0584	1.8506	2.0760	0.0127	0.0507	0.0004	0.0626	
7	33	0.0589	4	0	2	0	0	0	0	0	0	N	Y	N	N	N	N	N	N	N	N	N	N	0.0000	0.0000	0.0000	0.0000	0.0000	0.0000	0.0000	0.0000	0.0000	0.0000	0.0000	0.0000	0.0000	0.0000	0.0000	0.0000	0.0000	0.0000	1.9519	0.0409	4.2857	0.0484	0.0534	0.0000	3.2765	0.0152	4.6846	85.7127	0.0000	0.0288	0.9928	0.9657	2.8771	1.1858	0.0000	0.0000	0.0000	0.0000	0.0000	0.0000	0.0000	0.0000	0.0000	0.0755	0.0009	0.0746	0.0008	0.0008	0.0000	0.0747	0.0001	0.0746	0.0306	0.0271	0.0035	0.0087	0.0082	0.0005	0.0219	0.0189	0.0030	0.0387	0.0213	0.0174	0.0159	0.0144	0.0015	0.0228	0.0069	0.0159	0.0000	0.0000	0.0000	0.0000	0.0000	0.0000	0.0000	0.0000	0.0000	1.9519	0.0409	4.2857	0.0484	0.0534	0.0000	3.2765	0.0148	4.6846	
7	34	0.0561	3	0	1	0	0	0	0	0	0	N	N	N	N	N	N	N	N	N	N	N	N	0.0003	0.0248	0.0005	0.0661	0.0733	0.0000	0.0001	0.0000	0.0005	0.0050	0.0039	0.0133	0.0143	0.0152	0.0000	0.0021	0.0000	0.0150	14.2533	0.1557	28.2288	0.2172	0.2074	0.3693	19.5517	0.5029	29.1789	0.4621	182.9340	-0.0001	0.3370	0.9928	1.9916	2.8771	1.9964	0.0003	0.0002	0.0001	0.0002	0.0002	0.0000	0.0001	0.0000	0.0001	0.8700	0.0047	0.8653	0.0036	0.0033	0.0004	0.8664	0.0015	0.8649	0.0627	0.0553	0.0074	0.0149	0.0141	0.0008	0.0478	0.0412	0.0066	0.0610	0.0304	0.0307	0.0167	0.0157	0.0010	0.0443	0.0147	0.0296	0.0003	0.0248	0.0005	0.0661	0.0733	0.0000	0.0001	0.0000	0.0005	14.2533	0.1557	28.2288	0.2172	0.2074	0.3693	19.5517	0.1002	29.1789
7	35	0.0481	2	0	1	0	0	0	0	0	0	N	N	N	N	N	N	N	N	N	N	N	N	0.4771	0.1606	2.3688	0.2867	0.2451	2.6159	0.5648	0.0090	2.4460	0.9144	0.0358	7.9769	0.0977	0.0833	0.9412	1.4262	0.0006	8.4135	1.9165	0.2230	3.3676	0.3408	0.3399	0.3598	2.5252	0.0638	3.4397	27.7110	17.6276	0.0036	0.0254	0.9928	0.1320	2.8771	1.9445	0.0089	0.0003	0.0086	0.0004	0.0003	0.0001	0.0085	0.0000	0.0085	0.0750	0.0040	0.0710	0.0037	0.0035	0.0002	0.0713	0.0005	0.0708	0.0097	0.0086	0.0011	0.0037	0.0037	0.0001	0.0060	0.0050	0.0010	0.0391	0.0181	0.0211	0.0109	0.0104	0.0005	0.0282	0.0076	0.0206	0.4771	0.1606	2.3688	0.2867	0.2451	2.6159	0.5648	0.0090	2.4460	1.9165	0.2230	3.3676	0.3408	0.3399	0.3598	2.5252	0.0638	3.4397
8	9	0.2087	3	1	2	1	1	0	0	0	0	N	Y	N	N	N	N	N	N	N	N	N	N	32.5474	0.0465	inf	2.9962	0.0982	inf	inf	inf	0.8167	0.0023	7.3001	0.2615	0.0092	4.1420	0.9841	0.0000	7.7582	0.0251	0.0485	0.0000	0.0873	0.0938	0.0000	0.0000	0.0000	0.0000	406.8458	0.0000	0.3928	-0.0060	6.9998	5.9032	2.0000	6.6619	0.8934	0.0022	0.8912	0.0663	0.0022	0.0641	0.8272	0.0000	0.8272	0.0099	0.0099	0.0000	0.0099	0.0099	0.0000	0.0000	0.0000	0.0000	1.0939	0.9718	0.1221	0.2533	0.2379	0.0155	0.8406	0.7340	0.1066	0.3962	0.2049	0.1913	0.1139	0.1060	0.0079	0.2823	0.0989	0.1834	32.5474	0.0465	inf	2.9962	0.0982	inf	inf	0.0000	inf	0.0251	0.0485	0.0000	0.0873	0.0938	0.0000	0.0000	0.0000	0.0000	
8	10	0.1208	2	2	1	1	0	0	0	0	0	Y	N	N	N	N	N	N	N	N	N	N	N	36.9863	0.0000	inf	0.0000	0.0000	inf	inf	0.0063	0.0000	0.0566	0.0000	0.0000	0.0000	0.0104	0.0000	0.0584	0.0002	0.0004	0.0000	0.0006	0.0006	0.0000	0.0000	0.0000	0.0000	inf	0.0000	0.0000	-0.0000	6.9998	0.0030	2.0000	2.5954	0.0000	0.0000	0.0000	0.0000	0.0000	0.0000	0.0000	0.0000	0.0000	0.0000	0.0000	0.0000	0.0000	0.0000	0.0000	0.0000	0.0000	0.0000	0.0016	0.0014	0.0002	0.0006	0.0006	0.0000	0.0010	0.0008	0.0002	0.1769	0.0806	0.0963	0.0479	0.0479	0.0000	0.1290	0.0327	0.0963	36.9863	0.0000	inf	0.0000	0.0000	0.0000	inf	0.0000	inf	0.0002	0.0004	0.0000	0.0006	0.0006	0.0000	0.0000	0.0000	0.0000		
8	11	0.1831	2	1	2	0	1	0	0	0	0	N	Y	N	N	N	N	N	N	N	N	N	N	87.6288	49.2931	1.0656	1.0650	inf	inf	0.7886	0.8899	0.0000	0.0381	0.0406	0.0000	0.9766	1.1185	0.0000	0.0090	0.0181	0.0000	0.0358	0.0382	0.0000	0.0000	0.0000	0.0000	0.0000	0.0000	-0.5630	-0.0021	6.9998	7.2715	2.0000	4.6446	1.0093	1.0093	0.0000	0.0098	0.0098	0.0000	0.9995	0.9995	0.0000	0.0034	0.0034	0.0000	0.0034	0.0034	0.0000	0.0000	0.0000	0.0000	1.2799	1.1341	0.1458	0.2564	0.2405	0.0159	1.0235	0.8936	0.1298	0.3793	0.1891	0.1902	0.0954	0.0895	0.0060	0.2838	0.0996	0.1842	87.6288	49.2931	0.0000	1.0656	1.0650	0.0000	inf	inf	0.0000	0.0090	0.0181	0.0000	0.0358	0.0382	0.0000	0.0000	0.0000	0.0000			
8	12	0.1208	2	2	1	1	0	0	0	0	0	Y	N	N	N	N	N	N	N	N	N	N	N	41.9172	0.0000	inf	0.0000	0.0000	inf	inf	0.0063	0.0000	0.0566	0.0000	0.0000	0.0000	0.0104	0.0000	0.0584	0.0001	0.0003	0.0000	0.0006	0.0006	0.0000	0.0000	0.0000	0.0000	inf	0.0000	0.0000	-0.0000	6.9998	0.0030	2.0000	3.4320	0.0000	0.0000	0.0000	0.0000	0.0000	0.0000	0.0000	0.0000	0.0000	0.0000	0.0000	0.0000	0.0000	0.0000	0.0000	0.0000	0.0000	0.0000	0.0016	0.0014	0.0002	0.0006	0.0006	0.0000	0.0010	0.0008	0.0002	0.2005	0.0897	0.1108	0.0477	0.0477	0.0001	0.1527	0.0420	0.1107	41.9172	0.0000	inf	0.0000	0.0000	0.0000	inf	0.0000	inf	0.0001	0.0003	0.0000	0.0006	0.0006	0.0000	0.0000	0.0000	0.0000		
8	13	0.1149	2	2	2	1	0	0	0	0	0	Y	Y	N	N	N	N	N	N	N	N	N	N	0.0000	0.0000	0.0000	0.0000	0.0000	0.0000	0.0000	0.0000	0.0000	0.0000	0.0000	0.0000	0.0000	0.0000	0.0000	0.0000	0.0000	0.0000	0.0000	0.0000	6.9998	0.0000	2.0000	0.0000	0.0000	0.0000	0.0000	0.0000	0.0000	0.0000	0.0000	0.0000	0.0000	0.0000	0.0000	0.0000	0.0000	0.0000	0.0000	0.0000	0.0000	0.0000	0.0000	0.0000	0.0000	0.0000	0.0000	0.0000	0.0000	0.0000	0.0000	0.0000	0.0000	0.0000	0.0000	0.0000	0.0000	0.0000	0.0000	0.0000	0.0000	0.0000	0.0000	0.0000	0.0000	0.0000	0.0000	0.0000	0.0000	0.0000	0.0000	0.0000	0.0000	0.0000	0.0000	0.0000	0.0000	0.0000											
8	14	0.1149	2	2	2	1	0	0	0	0	0	Y	Y	N	N	N	N	N	N	N	N	N	N	0.0000	0.0000	0.0000	0.0000	0.0000	0.0000	0.0000	0.0000	0.0000	0.0000	0.0000	0.0000	0.0000	0.0000	0.0000	0.0000	0.0000	0.0000	0.0000	0.0000	6.9998	0.0000	2.0000	0.0000	0.0000	0.0000	0.0000	0.0000	0.0000	0.0000	0.0000	0.0000	0.0000	0.0000	0.0000	0.0000	0.0000	0.0000	0.0000	0.0000	0.0000	0.0000	0.0000	0.0000	0.0000	0.0000	0.0000	0.0000	0.0000	0.0000	0.0000	0.0000	0.0000	0.0000	0.0000	0.0000	0.0000	0.0000	0.0000	0.0000	0.0000	0.0000	0.0000	0.0000	0.0000	0.0000	0.0000	0.0000	0.0000	0.0000	0.0000	0.0000	0.0000	0.0000	0.0000	0.0000	0.0000	0.0000											
8	16	0.1383	4	2	2	0	0	0	0	0	0	Y	Y	N	N	N	N	N	N	N	N	N	N	0.0000	0.0000	0.0000	0.0000	0.0000	0.0000	0.0000	0.0000	0.0000	0.0000	0.0000	0.0000	0.0000	0.0000	0.0000	0.0000	0.0000	0.0000	0.0000	-0.0000	6.9998	0.0000	2.0000	0.0000	0.0000	0.0000	0.0000	0.0000	0.0000	0.0000	0.0000	0.0000	0.0000	0.0000	0.0000	0.0000	0.0000	0.0000	0.0000	0.0000	0.0000	0.0000	0.0000	0.0000	0.0000	0.0000	0.0000	0.0000	0.0000	0.0000	0.0000	0.0000	0.0000	0.0000	0.0000	0.0000	0.0000	0.0000	0.0000	0.0000	0.0000	0.0000	0.0000	0.0000	0.0000	0.0000	0.0000	0.0000	0.0000	0.0000	0.0000	0.0000	0.0000	0.0000	0.0000	0.0000	0.0000	0.0000											
8	17	0.2087	3	1	2	0	1	0	0	0	0	N	Y	N	N	N	N	N	N	N	N	N	N	96.6990	59.9838	16.0221	16.0844	inf	inf	1.1116	1.2505	0.0000	0.5171	0.5485	0.0000	1.3155	1.5114	0.0000	0.0115	0.0208	0.0000	0.0323	0.0341	0.0000	0.0000	0.0000	0.0000	0.0000	0.0000	-0.5237	-0.0022	6.9998	4.0170	2.0000	2.2643	0.9387	0.9387	0.0000	0.1116	0.1116	0.0000	0.8272	0.8272	0.0000	0.0037	0.0037	0.0000	0.0037	0.0037	0.0000	0.0000	0.0000	0.0000	0.8445	0.7507	0.0938	0.2157	0.2034	0.0123	0.6288	0.5473	0.0815	0.3201	0.1765	0.1436	0.1140	0.1079	0.0061	0.2061	0.0686	0.1375	96.6990	59.9838	0.0000	16.0221	16.0844	0.0000	inf	inf	0.0000	0.0115	0.0208	0.0000	0.0323	0.0341	0.0000	0.0000	0.0000	0.0000			
8	18	0.1831	2	1	2	0	1	0	0	0	0	N	Y	N	N	N	N	N	N	N	N	N	N	7.1720	2.2306	86.9652	0.8278	0.8056	636.4921	12.6694	0.9799	95.8268	0.4680	0.2152	2.4466	0.0762	0.0776	0.0465	0.6522	0.2876	2.7867	0.0653	0.0965	0.0281	0.0921	0.0963	0.0001	0.0515	0.2935	0.0291	1.4527	0.2453	0.0063	-0.0078	6.9998	1.3501	2.0000	4.0902	0.1830	0.0746	0.1084	0.0095	0.0093	0.0003	0.1734	0.0653	0.1081	0.0190	0.0152	0.0037	0.0091	0.0091	0.0000	0.0099	0.0062	0.0037	0.3909	0.3466	0.0443	0.1250	0.1195	0.0055	0.2659	0.2271	0.0388	0.2909	0.1580	0.1329	0.0987	0.0943	0.0043	0.1923	0.0637	0.1286	7.1720	2.2306	86.9652	0.8278	0.8056	636.4921	12.6694	2.9745	95.8268	0.0653	0.0965	0.0281	0.0921	0.0963	0.0001	0.0515	0.0967	0.0291
8	23	0.1208	2	1	2	0	0	0	0	0	0	N	Y	N	N	N	N	N	N	N	N	N	N	inf	inf	inf	inf	0.0094	0.0000	0.0872	0.0000	0.0000	0.0000	0.0189	0.0000	0.0874	0.0000	0.0000	0.0000	0.0000	0.0000	0.0000	0.0000	0.0000	0.0000	inf	0.0000	0.0000	6.9998	0.0000	2.0000	2.4393	0.0000	0.0000	0.0000	0.0000	0.0000	0.0000	0.0000	0.0000	0.0000	0.0000	0.0000	0.0000	0.0000	0.0000	0.0000	0.0000	0.0000	0.0000	0.0011	0.0009	0.0001	0.0005	0.0005	0.0000	0.0005	0.0004	0.0001	0.1723	0.0788	0.0935	0.0480	0.0479	0.0000	0.1243	0.0309	0.0935	inf	0.0000	inf	0.0000	0.0000	0.0000	inf	0.0000	inf	0.0000	0.0000	0.0000	0.0000	0.0000	0.0000	0.0000	0.0000	0.0000						
8	25	0.1141	4	2	2	0	1	0	0	0	0	Y	Y	N	N	N	N	N	N	N	N	N	N	0.0000	0.0000	0.0000	0.0000	0.0000	0.0000	0.0000	0.0000	0.0000	0.0000	0.0000	0.0000	0.0000	0.0000	0.0000	0.0000	0.0000	0.0000	0.0000	0.0000	6.9998	0.0332	2.0000	1.0637	0.0000	0.0000	0.0000	0.0000	0.0000	0.0000	0.0000	0.0000	0.0000	0.0000	0.0000	0.0000	0.0000	0.0000	0.0000	0.0000	0.0000	0.0000	0.0220	0.0204	0.0016	0.0096	0.0095	0.0001	0.0124	0.0109	0.0015	0.0562	0.0330	0.0232	0.0240	0.0224	0.0016	0.0322	0.0106	0.0216	0.0000	0.0000	0.0000	0.0000	0.0000	0.0000	0.0000	0.0000	0.0000	0.0000	0.0000	0.0000	0.0000	0.0000	0.0000	0.0000	0.0000	0.0000											
8	26	0.1141	4	1	2	0	1	0	0	0	0	N	Y	N	N	N	N	N	N	N	N	N	N	0.0000	0.0000	0.0000	0.0000	0.0000	0.0000	0.0000	0.0000	0.0000	0.0000	0.0000	0.0000	0.0000	0.0000	0.0000	0.0000	0.0000	0.0000	0.0000	0.0000	6.9998	1.9667	2.0000	4.8619	0.0000	0.0000	0.0000	0.0000	0.0000	0.0000	0.0000	0.0000	0.0000	0.0000	0.0000	0.0000	0.0000	0.0000	0.0000	0.0000	0.0000	0.0000	0.3642	0.3237	0.0405	0.0984	0.0918	0.0065	0.2658	0.2319	0.0339	0.1711	0.0850	0.0861	0.0608	0.0522	0.0086	0.1102	0.0327	0.0775	0.0000	0.0000	0.0000	0.0000	0.0000	0.0000	0.0000	0.0000	0.0000	0.0000	0.0000	0.0000	0.0000	0.0000	0.0000	0.0000	0.0000	0.0000											
8	27	0.1192	5	1	2	0	0	0	0	0	0	N	Y	N	N	N	N	N	N	N	N	N	N	0.0000	0.0000	0.0000	0.0000	0.0000	0.0000	0.0000	0.0000	0.0000	0.0000	0.0000	0.0000	0.0000	0.0000	0.0000	0.0000	0.0000	0.0000	0.0000	0.0000	6.9998	0.0014	2.0000	0.9895	0.0000	0.0000	0.0000	0.0000	0.0000	0.0000	0.0000	0.0000	0.0000	0.0000	0.0000	0.0000	0.0000	0.0000	0.0000	0.0000	0.0000	0.0000	0.0010	0.0009	0.0001	0.0004	0.0004	0.0000	0.0006	0.0005	0.0001	0.0340	0.0161	0.0179	0.0134	0.0119	0.0015	0.0206	0.0042	0.0164	0.0000	0.0000	0.0000	0.0000	0.0000	0.0000	0.0000	0.0000	0.0000	0.0000	0.0000	0.0000	0.0000	0.0000	0.0000	0.0000	0.0000	0.0000											
8	28	0.1141	4	1	1	1	1	0	0	0	0	N	N	N	N	N	N	N	N	N	N	N	N	0.0000	0.0000	0.0000	0.0000	0.0000	0.0000	0.0000	0.0000	0.0000	0.0000	0.0000	0.0000	0.0000	0.0000	0.0000	0.0000	0.0000	0.0000	0.0000	0.0000	6.9998	1.0331	2.0000	2.8608	0.0000	0.0000	0.0000	0.0000	0.0000	0.0000	0.0000	0.0000	0.0000	0.0000	0.0000	0.0000	0.0000	0.0000	0.0000	0.0000	0.0000	0.0000	0.2032	0.1809	0.0223	0.0573	0.0537	0.0036	0.1459	0.1272	0.0187	0.1157	0.0600	0.0557	0.0436	0.0383	0.0052	0.0721	0.0216	0.0505	0.0000	0.0000	0.0000	0.0000	0.0000	0.0000	0.0000	0.0000	0.0000	0.0000	0.0000	0.0000	0.0000	0.0000	0.0000	0.0000	0.0000	0.0000											
8	29	0.1141	4	1	1	1	1	0	0	0	0	N	N	N	N	N	N	N	N	N	N	N	N	0.0000	0.0000	0.0000	0.0000	0.0000	0.0000	0.0000	0.0000	0.0000	0.0000	0.0000	0.0000	0.0000	0.0000	0.0000	0.0000	0.0000	0.0000	0.0000	0.0000	6.9998	0.0332	2.0000	3.0294	0.0000	0.0000	0.0000	0.0000	0.0000	0.0000	0.0000	0.0000	0.0000	0.0000	0.0000	0.0000	0.0000	0.0000	0.0000	0.0000	0.0000	0.0000	0.0220	0.0204	0.0016	0.0096	0.0095	0.0001	0.0124	0.0109	0.0015	0.0988	0.0523	0.0465	0.0381	0.0339	0.0042	0.0607	0.0184	0.0423	0.0000	0.0000	0.0000	0.0000	0.0000	0.0000	0.0000	0.0000	0.0000	0.0000	0.0000	0.0000	0.0000	0.0000	0.0000	0.0000	0.0000	0.0000											
8	30	0.1383	4	2	2	0	0	0	0	0	0	Y	Y	N	N	N	N	N	N	N	N	N	N	0.0000	0.0000	0.0000	0.0000	0.0000	0.0000	0.0000	0.0000	0.0000	0.0000	0.0000	0.0000	0.0000	0.0002	0.0004	0.0000	0.0000	0.0000	0.0000	0.0003	0.0008	0.0000	0.0000	0.0000	-0.0000	6.9998	0.0000	2.0000	2.0000	0.0000	0.0000	0.0000	0.0000	0.0000	0.0000	0.0000	0.0000	0.0000	0.0000	0.0000	0.0000	0.0000	0.0000	0.0000	0.0000	0.0000	0.0000	0.0000	0.0000	0.0000	0.0000	0.0000	0.0000	0.0000	0.0000	0.0000	0.0508	0.0224	0.0284	0.0117	0.0105	0.0012	0.0392	0.0120	0.0272	0.0000	0.0000	0.0000	0.0000	0.0000	0.0000	0.0000	0.0000	0.0000	0.0002	0.0004	0.0000	0.0000	0.0000	0.0000	0.0003	0.0008	0.0000						
8	31	0.1113	3	2	2	0	0	0	0	0	0	Y	Y	N	N	N	N	N	N	N	N	N	N	116147299.7103	0.0000	inf	0.0000	0.0000	inf	inf	4.3844	0.0000	39.8930	0.0000	0.0000	0.0000	5.9565	0.0000	45.1403	0.0000	0.0000	0.0000	0.0000	0.0000	0.0000	0.0000	0.0000	0.0000	inf	0.0000	0.4207	-0.0000	6.9998	0.9772	2.0000	4.1826	0.9514	0.0000	0.9514	0.0000	0.0000	0.0000	0.9514	0.0000	0.9514	0.0000	0.0000	0.0000	0.0000	0.0000	0.0000	0.0000	0.0000	0.0000	0.2170	0.1932	0.0238	0.0573	0.0545	0.0028	0.1597	0.1387	0.0211	0.1510	0.0734	0.0776	0.0374	0.0348	0.0026	0.1136	0.0386	0.0750	116147299.7103	0.0000	inf	0.0000	0.0000	0.0000	inf	0.0000	inf	0.0000	0.0000	0.0000	0.0000	0.0000	0.0000	0.0000	0.0000	0.0000		
8	32	0.1192	5	2	2	0	0	0	0	0	0	Y	Y	N	N	N	N	N	N	N	N	N	N	0.0000	0.0000	0.0000	0.0000	0.0000	0.0000	0.0000	0.0000	0.0000	0.0000	0.0000	0.0000	0.0000	0.0006	0.0012	0.0000	0.0014	0.0016	0.0000	0.0000	0.0000	0.0000	0.0000	0.0000	-0.0000	6.9998	0.0015	2.0000	1.0489	0.0000	0.0000	0.0000	0.0000	0.0000	0.0000	0.0000	0.0000	0.0000	0.0000	0.0000	0.0000	0.0000	0.0000	0.0000	0.0000	0.0000	0.0000	0.0010	0.0009	0.0001	0.0004	0.0004	0.0000	0.0006	0.0005	0.0001	0.0354	0.0167	0.0187	0.0139	0.0123	0.0016	0.0215	0.0044	0.0171	0.0000	0.0000	0.0000	0.0000	0.0000	0.0000	0.0000	0.0000	0.0000	0.0006	0.0012	0.0000	0.0014	0.0016	0.0000	0.0000	0.0000	0.0000						
8	33	0.1141	4	1	2	0	0	0	0	0	0	N	Y	N	N	N	N	N	N	N	N	N	N	0.0000	0.0000	0.0000	0.0000	0.0000	0.0000	0.0000	0.0000	0.0000	0.0000	0.0000	0.0000	0.0000	0.0003	0.0000	0.0006	0.0000	0.0000	0.0000	0.0004	0.0000	0.0006	inf	0.0000	0.0000	6.9998	0.9657	2.0000	1.1858	0.0000	0.0000	0.0000	0.0000	0.0000	0.0000	0.0000	0.0000	0.0000	0.0000	0.0000	0.0000	0.0000	0.0000	0.0000	0.0000	0.0000	0.0000	0.1913	0.1703	0.0209	0.0542	0.0509	0.0034	0.1370	0.1195	0.0176	0.0795	0.0436	0.0359	0.0318	0.0288	0.0030	0.0477	0.0148	0.0329	0.0000	0.0000	0.0000	0.0000	0.0000	0.0000	0.0000	0.0000	0.0000	0.0003	0.0000	0.0006	0.0000	0.0000	0.0000	0.0004	0.0000	0.0006						
8	34	0.1113	3	1	1	0	0	0	0	0	0	N	N	N	N	N	N	N	N	N	N	N	N	2783309.7916	1561821.9279	3100313.4262	3089048.1211	0.1235	0.1392	0.0000	0.5231	0.5553	0.0000	0.0000	0.0000	0.0000	0.0000	0.0000	0.0000	0.0000	0.0000	0.0000	0.0000	0.0000	0.0000	0.0000	0.0000	-0.0270	-0.0000	6.9998	1.9916	2.0000	1.9964	0.0483	0.0483	0.0000	0.0483	0.0483	0.0000	0.0000	0.0000	0.0000	0.0000	0.0000	0.0000	0.0000	0.0000	0.0000	0.0000	0.0000	0.0000	0.3916	0.3474	0.0442	0.0924	0.0871	0.0054	0.2992	0.2603	0.0388	0.1262	0.0628	0.0634	0.0332	0.0312	0.0020	0.0930	0.0317	0.0614	2783309.7916	1561821.9279	0.0000	3100313.4262	3089048.1211	0.0000	0.0000	0.0000	0.0000	0.0000	0.0000	0.0000	0.0000	0.0000	0.0000	0.0000	0.0000	0.0000					
8	35	0.1032	2	1	1	0	0	0	0	0	0	N	N	N	N	N	N	N	N	N	N	N	N	6187.1881	1613.2451	60030537.6440	2197.1887	2131.9696	inf	13365213.7692	62822010.0417	1.5758	0.8889	7.6879	2.0926	2.1300	0.0024	1.2564	0.0000	8.2351	0.0003	0.0006	0.0000	0.0010	0.0010	0.0000	0.0000	0.0000	0.0000	0.9719	0.0003	-0.0061	-0.0000	6.9998	0.1320	2.0000	1.9445	0.0932	0.0473	0.0459	0.0473	0.0473	0.0000	0.0459	0.0000	0.0459	0.0000	0.0000	0.0000	0.0000	0.0000	0.0000	0.0000	0.0000	0.0000	0.0592	0.0532	0.0060	0.0226	0.0222	0.0004	0.0366	0.0310	0.0056	0.0794	0.0367	0.0427	0.0212	0.0202	0.0010	0.0582	0.0165	0.0417	6187.1881	1613.2451	60030537.6440	2197.1887	2131.9696	inf	13365213.7692	0.0000	62822010.0417	0.0003	0.0006	0.0000	0.0010	0.0010	0.0000	0.0000	0.0000	0.0000	
9	10	0.3031	4	1	1	2	1	0	0	0	0	N	N	Y	N	N	N	N	N	N	N	N	N	0.1880	1.6541	0.0000	2.3702	2.4506	0.0000	0.0015	inf	0.0000	0.0234	0.0267	0.0000	0.0482	0.0511	0.0000	0.0003	0.0004	0.0000	0.1246	0.0161	0.2523	0.0203	0.0209	0.0010	0.2031	0.0000	0.2585	0.0000	13.2781	-0.0000	0.0097	5.9032	0.0030	6.6619	2.5954	0.0000	0.0000	0.0000	0.0000	0.0000	0.0000	0.0000	0.0000	0.0000	0.0299	0.0021	0.0278	0.0021	0.0021	0.0000	0.0278	0.0000	0.0278	0.0016	0.0014	0.0002	0.0008	0.0007	0.0000	0.0008	0.0007	0.0002	0.2401	0.1298	0.1103	0.1031	0.1004	0.0027	0.1370	0.0294	0.1076	0.1880	1.6541	0.0000	2.3702	2.4506	0.0000	0.0015	inf	0.0000	0.1246	0.0161	0.2523	0.0203	0.0209	0.0010	0.2031	0.0000	0.2585
9	11	0.1573	2	0	2	1	2	0	0	0	0	N	Y	N	Y	N	N	N	N	N	N	N	N	1.4792	1.0594	0.3791	0.4839	0.5065	0.1476	6.9723	11410.8588	0.3792	0.7679	0.8699	0.0674	0.5711	0.5965	0.1918	0.7983	0.9156	0.0586	0.5191	0.8211	0.1778	1.1801	1.1777	1.2999	0.1145	0.0001	0.1545	0.0113	0.1915	-0.6119	-0.2548	5.9032	7.2715	6.6619	4.6446	1.1193	1.1068	0.0125	0.1112	0.1088	0.0023	1.0082	0.9980	0.0101	0.5707	0.4790	0.0917	0.4927	0.4790	0.0137	0.0781	0.0000	0.0781	1.4576	1.2724	0.1852	0.1947	0.1824	0.0122	1.2630	1.0900	0.1730	1.0994	0.5834	0.5160	0.4175	0.4067	0.0107	0.6819	0.1766	0.5053	1.4792	1.0594	0.3791	0.4839	0.5065	0.1508	6.9723	11410.8588	0.3792	0.5191	0.8211	0.1778	1.1801	1.1777	1.2719	0.1145	0.0001	0.1545
9	12	0.3031	4	1	1	2	1	0	0	0	0	N	N	Y	N	N	N	N	N	N	N	N	N	0.2864	0.1783	0.0000	0.2466	0.2534	0.0000	13.3052	2174.4411	0.0000	0.0234	0.0267	0.0000	0.0482	0.0511	0.0000	0.0003	0.0004	0.0000	0.0818	0.1497	0.0000	0.1956	0.2018	0.0005	0.0000	0.0000	0.0000	0.0000	0.0002	-0.0000	-0.0135	5.9032	0.0030	6.6619	3.4320	0.0000	0.0000	0.0000	0.0000	0.0000	0.0000	0.0000	0.0000	0.0000	0.0222	0.0222	0.0000	0.0222	0.0222	0.0000	0.0000	0.0000	0.0000	0.0016	0.0014	0.0002	0.0008	0.0007	0.0000	0.0008	0.0007	0.0002	0.2712	0.1481	0.1230	0.1134	0.1099	0.0035	0.1578	0.0382	0.1196	0.2864	0.1783	0.0000	0.2466	0.2534	0.0000	13.3052	2174.4411	0.0000	0.0818	0.1497	0.0000	0.1956	0.2018	0.0005	0.0000	0.0000	0.0000
9	13	0.2972	4	1	2	2	1	0	0	0	0	N	Y	Y	N	N	N	N	N	N	N	N	N	0.0000	0.0000	0.0000	0.0000	0.0000	0.0000	0.0000	0.0000	0.0000	0.0000	0.0000	0.0000	0.0000	0.0000	0.0000	0.0000	0.0000	0.0000	0.0000	0.0000	5.9032	0.0000	6.6619	0.0000	0.0000	0.0000	0.0000	0.0000	0.0000	0.0000	0.0000	0.0000	0.0000	0.0000	0.0000	0.0000	0.0000	0.0000	0.0000	0.0000	0.0000	0.0000	0.0000	0.0000	0.0000	0.0000	0.0000	0.0000	0.0000	0.0000	0.0000	0.0000	0.0000	0.0000	0.0000	0.0000	0.0000	0.0000	0.0000	0.0000	0.0000	0.0000	0.0000	0.0000	0.0000	0.0000	0.0000	0.0000	0.0000	0.0000	0.0000	0.0000	0.0000	0.0000	0.0000	0.0000	0.0000	0.0000											
9	14	0.2972	4	1	2	2	1	0	0	0	0	N	Y	Y	N	N	N	N	N	N	N	N	N	0.0000	0.0000	0.0000	0.0000	0.0000	0.0000	0.0000	0.0000	0.0000	0.0000	0.0000	0.0000	0.0000	0.0000	0.0000	0.0000	0.0000	0.0000	0.0000	0.0000	5.9032	0.0000	6.6619	0.0000	0.0000	0.0000	0.0000	0.0000	0.0000	0.0000	0.0000	0.0000	0.0000	0.0000	0.0000	0.0000	0.0000	0.0000	0.0000	0.0000	0.0000	0.0000	0.0000	0.0000	0.0000	0.0000	0.0000	0.0000	0.0000	0.0000	0.0000	0.0000	0.0000	0.0000	0.0000	0.0000	0.0000	0.0000	0.0000	0.0000	0.0000	0.0000	0.0000	0.0000	0.0000	0.0000	0.0000	0.0000	0.0000	0.0000	0.0000	0.0000	0.0000	0.0000	0.0000	0.0000	0.0000	0.0000											
9	15	0.2614	3	1	1	2	1	0	0	0	0	N	N	Y	N	N	N	N	N	N	N	N	N	0.1857	0.1079	0.0740	0.0732	inf	inf	0.0477	0.0539	0.0000	0.0654	0.0696	0.0000	0.0424	0.0488	0.0000	0.2570	0.4994	0.0000	0.8838	0.9502	0.0000	0.0000	0.0000	0.0000	0.0000	0.0000	-0.0135	-0.0373	5.9032	3.0000	6.6619	2.0000	0.0241	0.0241	0.0000	0.0077	0.0077	0.0000	0.0165	0.0165	0.0000	0.0614	0.0614	0.0000	0.0614	0.0614	0.0000	0.0000	0.0000	0.0000	0.5057	0.4480	0.0578	0.1173	0.1102	0.0071	0.3884	0.3378	0.0506	0.2389	0.1230	0.1160	0.0695	0.0646	0.0049	0.1695	0.0583	0.1111	0.1857	0.1079	0.0000	0.0740	0.0732	0.0000	inf	inf	0.0000	0.2570	0.4994	0.0000	0.8838	0.9502	0.0000	0.0000	0.0000	0.0000			
9	16	0.3207	6	1	2	1	1	0	0	0	0	N	Y	N	N	N	N	N	N	N	N	N	N	0.0000	0.0000	0.0000	0.0000	0.0000	0.0000	0.0000	0.0000	0.0000	0.0000	0.0000	0.0000	0.0000	0.0000	0.0000	0.3156	0.0000	1.2206	0.4404	0.0000	1.6973	0.0421	0.0000	0.1640	inf	0.0000	0.0000	5.9032	0.0000	6.6619	0.0000	0.0000	0.0000	0.0000	0.0000	0.0000	0.0000	0.0000	0.0000	0.0000	0.0000	0.0000	0.0000	0.0000	0.0000	0.0000	0.0000	0.0000	0.0000	0.0000	0.0000	0.0000	0.0000	0.0000	0.0000	0.0000	0.0000	0.0000	0.0000	0.0000	0.0000	0.0000	0.0000	0.0000	0.0000	0.0000	0.0000	0.0000	0.0000	0.0000	0.0000	0.0000	0.0000	0.0000	0.0000	0.0000	0.3156	0.0000	1.2206	0.4404	0.0000	1.6973	0.0421	0.0000	0.1640				
9	20	0.2614	3	1	2	2	1	0	0	0	0	N	Y	Y	N	N	N	N	N	N	N	N	N	0.0672	0.0303	inf	0.0565	0.0407	inf	inf	inf	0.0089	0.0071	0.0251	0.0193	0.0148	0.3601	0.0008	0.0000	0.0046	0.1319	0.2332	0.0000	0.3418	0.3629	0.0000	0.0000	0.0000	0.0000	0.3959	0.0000	-0.0000	-0.0000	5.9032	0.0002	6.6619	0.0000	0.0000	0.0000	0.0000	0.0000	0.0000	0.0000	0.0000	0.0000	0.0000	0.0000	0.0000	0.0000	0.0000	0.0000	0.0000	0.0000	0.0000	0.0000	0.0002	0.0001	0.0000	0.0001	0.0001	0.0000	0.0001	0.0001	0.0000	0.0000	0.0000	0.0000	0.0000	0.0000	0.0000	0.0000	0.0000	0.0000	0.0672	0.0303	inf	0.0565	0.0407	inf	inf	0.0000	inf	0.1319	0.2332	0.0000	0.3418	0.3629	0.0000	0.0000	0.0000	0.0000	
9	21	0.2614	3	1	1	2	1	0	0	0	0	N	N	Y	N	N	N	N	N	N	N	N	N	0.5937	0.2422	inf	0.3794	0.2694	inf	inf	inf	0.0089	0.0071	0.0251	0.0193	0.0148	0.3601	0.0008	0.0000	0.0046	0.0149	0.0291	0.0000	0.0509	0.0548	0.0000	0.0000	0.0000	0.0000	0.3959	0.0000	-0.0000	-0.0009	5.9032	0.0002	6.6619	2.0000	0.0000	0.0000	0.0000	0.0000	0.0000	0.0000	0.0000	0.0000	0.0000	0.0015	0.0015	0.0000	0.0015	0.0015	0.0000	0.0000	0.0000	0.0000	0.0002	0.0001	0.0000	0.0001	0.0001	0.0000	0.0001	0.0001	0.0000	0.1019	0.0522	0.0497	0.0299	0.0278	0.0021	0.0720	0.0244	0.0476	0.5937	0.2422	inf	0.3794	0.2694	inf	inf	0.0000	inf	0.0149	0.0291	0.0000	0.0509	0.0548	0.0000	0.0000	0.0000	0.0000	
9	23	0.3031	4	0	2	1	1	0	0	0	0	N	Y	N	N	N	N	N	N	N	N	N	N	0.0002	0.0001	0.0000	0.0001	0.0001	0.0000	0.0000	0.0000	0.0000	0.0000	0.0000	0.0000	0.0000	0.0000	0.0000	0.0000	0.0000	0.0000	0.1036	0.1920	0.0000	0.2398	0.2459	0.0000	0.0000	0.0000	0.0000	0.0000	0.0000	-0.0000	-0.0147	5.9032	0.0000	6.6619	2.4393	0.0000	0.0000	0.0000	0.0000	0.0000	0.0000	0.0000	0.0000	0.0000	0.0242	0.0242	0.0000	0.0242	0.0242	0.0000	0.0000	0.0000	0.0000	0.0010	0.0009	0.0001	0.0006	0.0005	0.0000	0.0005	0.0004	0.0001	0.2340	0.1262	0.1078	0.1011	0.0986	0.0025	0.1329	0.0277	0.1053	0.0002	0.0001	0.0000	0.0001	0.0001	0.0000	0.0000	0.0000	0.0000	0.1036	0.1920	0.0000	0.2398	0.2459	0.0000	0.0000	0.0000	0.0000
9	24	0.2614	3	0	1	1	1	0	0	0	0	N	N	N	N	N	N	N	N	N	N	N	N	0.4986	0.2902	0.0000	0.6226	0.6168	0.0000	0.0000	0.0485	0.0547	0.0000	0.2093	0.2228	0.0000	0.0000	0.0000	0.0000	0.0973	0.1887	0.0001	0.3361	0.3612	0.0000	0.0001	0.0000	0.0001	0.0000	0.0005	-0.0179	-0.0179	5.9032	3.9968	6.6619	2.5738	0.0321	0.0321	0.0000	0.0321	0.0321	0.0000	0.0000	0.0000	0.0000	0.0296	0.0296	0.0000	0.0296	0.0296	0.0000	0.0000	0.0000	0.0000	0.6609	0.5859	0.0750	0.1533	0.1439	0.0093	0.5076	0.4419	0.0657	0.3039	0.1567	0.1472	0.0880	0.0818	0.0061	0.2159	0.0749	0.1411	0.4986	0.2902	0.0000	0.6226	0.6168	0.0000	0.0000	0.0000	0.0000	0.0973	0.1887	0.0001	0.3361	0.3612	0.0000	0.0001	0.0000	0.0001		
9	25	0.2965	6	1	2	1	2	0	0	0	0	N	Y	N	Y	N	N	N	N	N	N	N	N	1.3916	0.0000	inf	0.0810	0.0000	inf	inf	inf	0.7363	0.0000	3.1056	0.1032	0.0000	1.3000	1.3125	0.0000	3.4485	0.5291	0.8778	0.0000	1.2749	1.3398	0.0000	0.0000	0.0000	0.0000	inf	0.0000	0.0124	-0.0302	5.9032	0.0332	6.6619	1.0637	0.0280	0.0000	0.0280	0.0019	0.0000	0.0019	0.0261	0.0000	0.0261	0.0497	0.0497	0.0000	0.0497	0.0497	0.0000	0.0000	0.0000	0.0000	0.0380	0.0290	0.0090	0.0181	0.0167	0.0014	0.0199	0.0123	0.0076	0.0940	0.0567	0.0373	0.0390	0.0371	0.0019	0.0550	0.0195	0.0355	1.3916	0.0000	inf	0.0810	0.0000	inf	inf	0.0000	inf	0.5291	0.8778	0.0000	1.2749	1.3398	0.0000	0.0000	0.0000	0.0000	
9	26	0.2965	6	0	2	1	2	0	0	0	0	N	Y	N	Y	N	N	N	N	N	N	N	N	57.2831	399.8369	0.0000	658.5706	1421.5266	0.0000	0.0000	0.0000	1.9301	2.2007	0.0000	12.2512	13.0128	0.0000	0.0000	0.0000	0.0000	0.0337	0.0055	0.0691	0.0186	0.0092	0.1220	0.0424	0.0000	0.0652	0.0000	10.0006	-0.4552	0.0034	5.9032	1.9667	6.6619	4.8619	0.8160	0.8160	0.0000	0.8160	0.8160	0.0000	0.0000	0.0000	0.0000	0.0113	0.0010	0.0102	0.0023	0.0010	0.0012	0.0090	0.0000	0.0090	0.4228	0.3708	0.0520	0.0666	0.0627	0.0039	0.3562	0.3081	0.0481	0.3339	0.1858	0.1481	0.1219	0.1117	0.0102	0.2120	0.0741	0.1379	57.2831	399.8369	0.0000	658.5706	1421.5266	0.0000	0.0000	0.0000	0.0000	0.0337	0.0055	0.0691	0.0186	0.0092	0.1220	0.0424	0.0000	0.0652	
9	27	0.3015	7	0	2	1	1	0	0	0	0	N	Y	N	N	N	N	N	N	N	N	N	N	0.9305	0.6502	0.0000	0.7716	0.7813	6.8777	197.3338	0.0000	0.7081	0.9269	0.0000	1.4928	1.6219	0.0000	0.0001	0.0002	0.0000	0.7610	1.4256	0.0000	1.9348	2.0759	0.0000	0.0000	0.0000	0.0000	0.0000	0.0000	-0.0007	-0.0297	5.9032	0.0014	6.6619	0.9895	0.0012	0.0012	0.0000	0.0012	0.0012	0.0000	0.0000	0.0000	0.0000	0.0489	0.0489	0.0000	0.0489	0.0489	0.0000	0.0000	0.0000	0.0000	0.0017	0.0013	0.0004	0.0008	0.0007	0.0001	0.0009	0.0006	0.0003	0.0643	0.0343	0.0300	0.0253	0.0236	0.0017	0.0390	0.0108	0.0283	0.9305	0.6502	0.0000	0.7716	0.7813	0.0000	6.8777	197.3338	0.0000	0.7610	1.4256	0.0000	1.9348	2.0759	0.0000	0.0000	0.0000	0.0000	
9	28	0.2965	6	0	1	2	2	0	0	0	0	N	N	Y	Y	N	N	N	N	N	N	N	N	1.6560	21.5249	5.4536	0.6071	68.2784	0.7108	1.9258	8.5407	0.1155	0.0002	0.8749	0.0440	0.0012	0.6840	0.1312	0.0000	0.8928	0.0698	0.0000	0.1604	0.0725	0.0000	0.9623	0.0681	0.0000	0.1045	559.9391	11198.8281	0.0123	0.0060	5.9032	1.0331	6.6619	2.8608	0.0280	0.0000	0.0280	0.0019	0.0000	0.0019	0.0261	0.0000	0.0261	0.0153	0.0000	0.0153	0.0060	0.0000	0.0060	0.0093	0.0000	0.0093	0.2428	0.2108	0.0320	0.0436	0.0409	0.0027	0.1991	0.1698	0.0293	0.2187	0.1236	0.0951	0.0823	0.0761	0.0062	0.1364	0.0475	0.0889	1.6560	21.5249	5.4536	0.6071	68.2784	0.7108	1.9258	0.0000	8.5407	0.0698	0.0000	0.1604	0.0725	0.0000	0.9623	0.0681	0.0000	0.1045	
9	29	0.2965	6	0	1	2	2	0	0	0	0	N	N	Y	Y	N	N	N	N	N	N	N	N	1.1187	0.0000	3.4491	0.1328	0.0000	1.3691	2.2461	3.8440	0.7363	0.0000	3.1056	0.1032	0.0000	1.3000	1.3125	0.0000	3.4485	0.6582	0.4758	0.9004	0.7775	0.7644	0.9496	0.5844	0.0000	0.8971	inf	1.4250	0.0124	-0.0024	5.9032	0.0332	6.6619	3.0294	0.0280	0.0000	0.0280	0.0019	0.0000	0.0019	0.0261	0.0000	0.0261	0.1206	0.0497	0.0709	0.0545	0.0497	0.0047	0.0662	0.0000	0.0662	0.0380	0.0290	0.0090	0.0181	0.0167	0.0014	0.0199	0.0123	0.0076	0.1833	0.1045	0.0787	0.0700	0.0651	0.0050	0.1132	0.0395	0.0737	1.1187	0.0000	3.4491	0.1328	0.0000	1.3691	2.2461	0.0000	3.8440	0.6582	0.4758	0.9004	0.7775	0.7644	0.9496	0.5844	0.0000	0.8971	
9	30	0.3207	6	1	2	1	1	0	0	0	0	N	Y	N	N	N	N	N	N	N	N	N	N	0.0000	0.0000	0.0000	0.0000	0.0000	0.0000	0.0000	0.0000	0.0000	0.0000	0.0000	0.0000	0.0000	2.6422	5.0375	0.0000	9.7016	10.0125	0.0000	0.0000	0.0000	0.0000	0.0000	0.0000	-0.1615	5.9032	0.0000	6.6619	2.0000	0.0000	0.0000	0.0000	0.0000	0.0000	0.0000	0.0000	0.0000	0.0000	0.2659	0.2659	0.0000	0.2659	0.2659	0.0000	0.0000	0.0000	0.0000	0.0000	0.0000	0.0000	0.0000	0.0000	0.0000	0.0000	0.0000	0.0000	0.1006	0.0528	0.0479	0.0274	0.0266	0.0009	0.0732	0.0262	0.0470	0.0000	0.0000	0.0000	0.0000	0.0000	0.0000	0.0000	0.0000	0.0000	2.6422	5.0375	0.0000	9.7016	10.0125	0.0000	0.0000	0.0000	0.0000						
9	31	0.2937	5	1	2	1	1	0	0	0	0	N	Y	N	N	N	N	N	N	N	N	N	N	0.1275	6.2960	0.0002	9.0305	16.6966	0.0007	0.0001	1116.9558	0.0002	0.0881	0.1006	0.0003	0.4840	0.5062	0.0006	0.0001	0.0001	0.0003	0.6909	0.0160	1.5144	0.0536	0.0303	0.7597	0.9630	0.0000	1.5307	0.0004	77.6933	-0.0122	0.0748	5.9032	0.9772	6.6619	4.1826	0.0219	0.0219	0.0000	0.0218	0.0218	0.0000	0.0000	0.0000	0.0000	0.1968	0.0025	0.1943	0.0046	0.0025	0.0021	0.1922	0.0000	0.1922	0.2482	0.2172	0.0310	0.0451	0.0431	0.0020	0.2031	0.1741	0.0290	0.2848	0.1565	0.1283	0.0852	0.0825	0.0027	0.1996	0.0740	0.1256	0.1275	6.2960	0.0002	9.0305	16.6966	0.0007	0.0001	1116.9558	0.0002	0.6909	0.0160	1.5144	0.0536	0.0303	0.7597	0.9630	0.0000	1.5307
9	32	0.3015	7	1	2	1	1	0	0	0	0	N	Y	N	N	N	N	N	N	N	N	N	N	41.9144	75.7161	0.0031	90.1556	91.2676	1.5146	0.0091	204.5571	0.0007	0.7021	0.9178	0.0001	1.4904	1.6191	0.0003	0.0002	0.0002	0.0000	0.0168	0.0121	0.0221	0.0165	0.0177	0.0002	0.0169	0.0000	0.0234	0.0000	1.5873	-0.0007	0.0000	5.9032	0.0015	6.6619	1.0489	0.0012	0.0012	0.0000	0.0012	0.0012	0.0000	0.0000	0.0000	0.0000	0.0011	0.0004	0.0007	0.0004	0.0004	0.0000	0.0007	0.0000	0.0007	0.0017	0.0013	0.0004	0.0008	0.0008	0.0001	0.0009	0.0006	0.0003	0.0673	0.0359	0.0313	0.0264	0.0245	0.0018	0.0409	0.0114	0.0295	41.9144	75.7161	0.0031	90.1556	91.2676	1.5146	0.0091	204.5571	0.0007	0.0168	0.0121	0.0221	0.0165	0.0177	0.0002	0.0169	0.0000	0.0234
9	33	0.2965	6	0	2	1	1	0	0	0	0	N	Y	N	N	N	N	N	N	N	N	N	N	254.7368	202.4774	0.2505	648.6692	648.4874	5.6059	0.0554	7.0871	0.2406	3.5528	4.0975	0.0013	19.4213	20.7299	0.0011	0.0002	0.0000	0.0013	0.0139	0.0202	0.0053	0.0299	0.0320	0.0002	0.0036	0.0000	0.0056	0.0000	0.1884	-0.4545	-0.0009	5.9032	0.9657	6.6619	1.1858	0.8148	0.8148	0.0000	0.8148	0.8148	0.0000	0.0000	0.0000	0.0000	0.0020	0.0017	0.0003	0.0017	0.0017	0.0000	0.0003	0.0000	0.0003	0.2294	0.1989	0.0305	0.0420	0.0393	0.0026	0.1874	0.1595	0.0279	0.1429	0.0829	0.0600	0.0560	0.0525	0.0036	0.0868	0.0304	0.0564	254.7368	202.4774	0.2505	648.6692	648.4874	5.6059	0.0554	7.0871	0.2406	0.0139	0.0202	0.0053	0.0299	0.0320	0.0002	0.0036	0.0000	0.0056
9	34	0.2937	5	0	1	1	1	0	0	0	0	N	N	N	N	N	N	N	N	N	N	N	N	48.5494	0.7745	2004.9995	8.9798	1.7136	2046.9037	420.7541	876.2311	1986.2318	1.8365	0.0482	15.0238	1.0094	0.1982	18.7577	1.9787	0.0197	14.8120	0.0378	0.0622	0.0075	0.1124	0.1156	0.0092	0.0047	0.0000	0.0075	42.3109	0.0967	0.3418	-0.0046	5.9032	1.9916	6.6619	1.9964	0.8156	0.0188	0.7968	0.0657	0.0123	0.0534	0.7499	0.0065	0.7434	0.0089	0.0081	0.0008	0.0081	0.0081	0.0000	0.0008	0.0000	0.0008	0.4441	0.3911	0.0530	0.0651	0.0623	0.0028	0.3790	0.3288	0.0502	0.2349	0.1303	0.1046	0.0723	0.0701	0.0022	0.1627	0.0603	0.1024	48.5494	0.7745	2004.9995	8.9798	1.7136	2046.9037	420.7541	876.2311	1986.2318	0.0378	0.0622	0.0075	0.1124	0.1156	0.0092	0.0047	0.0000	0.0075
9	35	0.2856	4	0	1	1	1	0	0	0	0	N	N	N	N	N	N	N	N	N	N	N	N	1.6623	0.0427	31.4443	0.2078	0.0612	9.7397	7.7923	3504.4192	33.2041	0.3526	0.0137	2.9467	0.1088	0.0320	4.9700	0.4677	0.0035	2.8555	0.2121	0.3204	0.0937	0.5235	0.5239	0.5103	0.0600	0.0000	0.0860	28.1195	0.2675	0.0088	-0.0131	5.9032	0.1320	6.6619	1.9445	0.0216	0.0007	0.0208	0.0021	0.0006	0.0015	0.0194	0.0001	0.0193	0.0331	0.0261	0.0070	0.0268	0.0261	0.0007	0.0063	0.0000	0.0063	0.0612	0.0541	0.0071	0.0196	0.0193	0.0003	0.0416	0.0348	0.0068	0.1561	0.0815	0.0745	0.0512	0.0499	0.0014	0.1049	0.0317	0.0732	1.6623	0.0427	31.4443	0.2078	0.0612	9.7397	7.7923	3504.4192	33.2041	0.2121	0.3204	0.0937	0.5235	0.5239	0.5103	0.0600	0.0000	0.0860
9	36	0.2614	3	0	1	1	1	0	0	0	0	N	N	N	N	N	N	N	N	N	N	N	N	0.1371	0.0368	0.5880	0.2200	0.0741	0.2610	0.1226	0.0674	0.6213	0.1545	0.0004	1.3580	0.0865	0.0016	1.3978	0.1750	0.0000	1.3524	1.1266	0.0114	2.3095	0.3933	0.0210	5.3554	1.4269	0.0007	2.1766	415.3916	191.5838	0.0453	0.1084	5.9032	4.0393	6.6619	1.1787	0.1031	0.0002	0.1028	0.0134	0.0002	0.0132	0.0897	0.0000	0.0897	0.2796	0.0015	0.2782	0.0284	0.0014	0.0270	0.2513	0.0000	0.2512	0.6674	0.5916	0.0757	0.1548	0.1454	0.0094	0.5126	0.4463	0.0663	0.2482	0.1278	0.1205	0.0721	0.0671	0.0050	0.1761	0.0607	0.1154	0.1371	0.0368	0.5880	0.2200	0.0741	0.2610	0.1226	0.0674	0.6213	1.1266	0.0114	2.3095	0.3933	0.0210	5.3554	1.4269	0.0007	2.1766
10	11	0.1579	3	1	1	1	1	0	0	0	0	N	N	N	N	N	N	N	N	N	N	N	N	0.0033	0.0663	0.0000	0.0975	0.1000	0.0000	0.0000	0.0000	0.0004	0.0005	0.0000	0.0009	0.0010	0.0000	0.0000	0.0000	0.0000	0.1295	0.0073	0.2677	0.0094	0.0096	0.0013	0.2139	0.0000	0.2727	0.0000	32.4645	-0.0000	0.0110	0.0030	7.2715	2.5954	4.6446	0.0000	0.0000	0.0000	0.0000	0.0000	0.0000	0.0000	0.0000	0.0000	0.0304	0.0009	0.0295	0.0009	0.0009	0.0000	0.0295	0.0000	0.0295	0.0019	0.0016	0.0002	0.0009	0.0008	0.0000	0.0010	0.0008	0.0002	0.2348	0.1246	0.1102	0.0969	0.0949	0.0021	0.1378	0.0297	0.1081	0.0033	0.0663	0.0000	0.0975	0.1000	0.0000	0.0000	0.0000	0.0000	0.1295	0.0073	0.2677	0.0094	0.0096	0.0013	0.2139	0.0000	0.2727	
10	13	0.0896	3	2	1	2	0	0	0	0	0	Y	N	Y	N	N	N	N	N	N	N	N	N	0.0000	0.0000	0.0000	0.0000	0.0000	0.0000	0.0000	0.0000	0.0000	0.0000	0.0000	0.0000	0.0000	0.0000	0.0000	0.0000	0.0000	0.0000	0.0000	0.0000	0.0030	0.0000	2.5954	0.0000	0.0000	0.0000	0.0000	0.0000	0.0000	0.0000	0.0000	0.0000	0.0000	0.0000	0.0000	0.0000	0.0000	0.0000	0.0000	0.0000	0.0000	0.0000	0.0000	0.0000	0.0000	0.0000	0.0000	0.0000	0.0000	0.0000	0.0000	0.0000	0.0000	0.0000	0.0000	0.0000	0.0000	0.0000	0.0000	0.0000	0.0000	0.0000	0.0000	0.0000	0.0000	0.0000	0.0000	0.0000	0.0000	0.0000	0.0000	0.0000	0.0000	0.0000	0.0000	0.0000	0.0000	0.0000											
10	14	0.0896	3	2	1	2	0	0	0	0	0	Y	N	Y	N	N	N	N	N	N	N	N	N	0.0000	0.0000	0.0000	0.0000	0.0000	0.0000	0.0000	0.0000	0.0000	0.0000	0.0000	0.0000	0.0000	0.0000	0.0000	0.0000	0.0000	0.0000	0.0000	0.0000	0.0030	0.0000	2.5954	0.0000	0.0000	0.0000	0.0000	0.0000	0.0000	0.0000	0.0000	0.0000	0.0000	0.0000	0.0000	0.0000	0.0000	0.0000	0.0000	0.0000	0.0000	0.0000	0.0000	0.0000	0.0000	0.0000	0.0000	0.0000	0.0000	0.0000	0.0000	0.0000	0.0000	0.0000	0.0000	0.0000	0.0000	0.0000	0.0000	0.0000	0.0000	0.0000	0.0000	0.0000	0.0000	0.0000	0.0000	0.0000	0.0000	0.0000	0.0000	0.0000	0.0000	0.0000	0.0000	0.0000	0.0000	0.0000											
10	15	0.0538	2	2	0	2	0	0	0	0	0	Y	N	Y	N	N	N	N	N	N	N	N	N	0.0000	0.0000	0.0000	0.0000	0.0000	0.0000	0.0000	0.0000	0.0000	0.0000	0.0000	0.0000	0.0000	5.0919	11.2455	0.0000	18.5283	18.5447	0.0000	0.0000	0.0000	0.0000	0.0000	0.0000	-0.3403	0.0030	3.0000	2.5954	2.0000	0.0000	0.0000	0.0000	0.0000	0.0000	0.0000	0.0000	0.0000	0.0000	0.5605	0.5605	0.0000	0.5605	0.5605	0.0000	0.0000	0.0000	0.0000	0.0007	0.0007	0.0001	0.0003	0.0003	0.0000	0.0004	0.0004	0.0001	0.1101	0.0498	0.0602	0.0303	0.0302	0.0000	0.0798	0.0196	0.0602	0.0000	0.0000	0.0000	0.0000	0.0000	0.0000	0.0000	0.0000	0.0000	5.0919	11.2455	0.0000	18.5283	18.5447	0.0000	0.0000	0.0000	0.0000						
10	16	0.1130	5	2	1	1	0	0	0	0	0	Y	N	N	N	N	N	N	N	N	N	N	N	0.0000	0.0000	0.0000	0.0000	0.0000	0.0000	0.0000	0.0000	0.0000	0.0000	0.0000	0.0000	0.0000	0.0000	0.0000	0.0000	0.0000	0.0000	0.0000	0.0000	0.0030	0.0000	2.5954	0.0000	0.0000	0.0000	0.0000	0.0000	0.0000	0.0000	0.0000	0.0000	0.0000	0.0000	0.0000	0.0000	0.0000	0.0000	0.0000	0.0000	0.0000	0.0000	0.0000	0.0000	0.0000	0.0000	0.0000	0.0000	0.0000	0.0000	0.0000	0.0000	0.0000	0.0000	0.0000	0.0000	0.0000	0.0000	0.0000	0.0000	0.0000	0.0000	0.0000	0.0000	0.0000	0.0000	0.0000	0.0000	0.0000	0.0000	0.0000	0.0000	0.0000	0.0000	0.0000	0.0000	0.0000	0.0000											
10	17	0.1834	4	1	1	1	1	0	0	0	0	N	N	N	N	N	N	N	N	N	N	N	N	16.4358	28791.0553	0.0000	167.7445	224.0736	0.0000	17.6455	inf	0.0000	2.4105	2.7686	0.0000	0.0250	0.0268	0.0000	4.7386	5.8409	0.0000	0.1467	0.0001	0.3272	0.0001	0.0001	0.0013	0.2685	0.0000	0.3354	0.0000	2762.1435	-0.0017	0.0109	0.0030	4.0170	2.5954	2.2643	0.0030	0.0030	0.0000	0.0000	0.0000	0.0000	0.0029	0.0029	0.0000	0.0278	0.0000	0.0278	0.0000	0.0000	0.0000	0.0278	0.0000	0.0278	0.0012	0.0011	0.0002	0.0006	0.0006	0.0000	0.0006	0.0005	0.0001	0.1898	0.1047	0.0850	0.0862	0.0841	0.0021	0.1036	0.0207	0.0829	16.4358	28791.0553	0.0000	167.7445	224.0736	0.0000	17.6455	inf	0.0000	0.1467	0.0001	0.3272	0.0001	0.0001	0.0013	0.2685	0.0000	0.3354
10	18	0.1579	3	1	1	1	1	0	0	0	0	N	N	N	N	N	N	N	N	N	N	N	N	0.3687	0.4588	0.1280	0.2839	0.3093	0.8732	0.4658	5.0141	0.1924	0.1193	0.1319	0.0470	0.0981	0.1089	0.0023	0.1425	0.1601	0.0719	0.3236	0.2874	0.3670	0.3456	0.3522	0.0027	0.3060	0.0319	0.3739	0.0620	1.0629	-0.0000	-0.0053	0.0030	1.3501	2.5954	4.0902	0.0001	0.0001	0.0000	0.0000	0.0000	0.0000	0.0000	0.0000	0.0000	0.0574	0.0278	0.0296	0.0273	0.0273	0.0000	0.0301	0.0005	0.0296	0.0005	0.0005	0.0001	0.0003	0.0003	0.0000	0.0003	0.0002	0.0001	0.1773	0.0968	0.0806	0.0789	0.0774	0.0015	0.0984	0.0193	0.0791	0.3687	0.4588	0.1280	0.2839	0.3093	0.8732	0.4658	5.7364	0.1924	0.3236	0.2874	0.3670	0.3456	0.3522	0.0027	0.3060	0.0279	0.3739
10	19	0.0538	2	1	1	1	1	0	0	0	0	N	N	N	N	N	N	N	N	N	N	N	N	0.1126	0.0532	2.2922	0.0007	0.0006	inf	4.4969	6.3644	2.3478	0.0188	0.0190	0.0170	0.0004	0.0004	0.0038	0.0309	0.0339	0.0174	0.1670	0.3576	0.0074	0.5986	0.5992	0.0000	0.0069	0.0053	0.0074	0.1122	0.0247	-0.0000	-0.0177	0.0030	6.5178	2.5954	2.8428	0.0000	0.0000	0.0000	0.0000	0.0000	0.0000	0.0000	0.0000	0.0000	0.0304	0.0297	0.0007	0.0295	0.0295	0.0000	0.0009	0.0002	0.0007	0.0015	0.0013	0.0002	0.0006	0.0006	0.0000	0.0009	0.0007	0.0002	0.1822	0.0830	0.0991	0.0493	0.0492	0.0000	0.1329	0.0338	0.0991	0.1126	0.0532	2.2922	0.0007	0.0006	inf	4.4969	6.3644	2.3478	0.1670	0.3576	0.0074	0.5986	0.5992	0.0000	0.0069	0.0053	0.0074
10	20	0.0538	2	2	1	2	0	0	0	0	0	Y	N	Y	N	N	N	N	N	N	N	N	N	inf	inf	inf	inf	0.0139	0.0154	0.0000	0.0302	0.0303	0.0000	0.0000	0.0000	0.0000	0.0000	0.0000	0.0000	0.0000	0.0000	0.0000	0.0000	0.0000	0.0000	0.0000	-0.0000	0.0000	0.0030	0.0002	2.5954	0.0000	0.0000	0.0000	0.0000	0.0000	0.0000	0.0000	0.0000	0.0000	0.0000	0.0000	0.0000	0.0000	0.0000	0.0000	0.0000	0.0000	0.0000	0.0000	0.0000	0.0000	0.0000	0.0000	0.0000	0.0000	0.0000	0.0000	0.0000	0.0000	0.0000	0.0000	0.0000	0.0000	0.0000	0.0000	0.0000	0.0000	inf	inf	0.0000	inf	inf	0.0000	0.0000	0.0000	0.0000	0.0000	0.0000	0.0000	0.0000	0.0000	0.0000	0.0000	0.0000	0.0000						
10	21	0.0538	2	2	0	2	0	0	0	0	0	Y	N	Y	N	N	N	N	N	N	N	N	N	0.1109	inf	0.0000	inf	inf	0.0000	0.0000	0.0139	0.0154	0.0000	0.0302	0.0303	0.0000	0.0000	0.0000	0.0000	0.1256	0.0000	0.2287	0.0000	0.0000	0.0000	0.1739	0.0000	0.2288	0.0000	inf	-0.0000	0.0024	0.0030	0.0002	2.5954	2.0000	0.0000	0.0000	0.0000	0.0000	0.0000	0.0000	0.0000	0.0000	0.0000	0.0060	0.0000	0.0060	0.0000	0.0000	0.0000	0.0060	0.0000	0.0060	0.0000	0.0000	0.0000	0.0000	0.0000	0.0000	0.0000	0.0000	0.0000	0.0481	0.0217	0.0264	0.0133	0.0133	0.0000	0.0347	0.0083	0.0264	0.1109	inf	0.0000	inf	inf	0.0000	0.0000	0.0000	0.0000	0.1256	0.0000	0.2287	0.0000	0.0000	0.0000	0.1739	0.0000	0.2288		
10	25	0.0888	5	2	1	1	1	0	0	0	0	Y	N	N	N	N	N	N	N	N	N	N	N	0.0000	0.0000	0.0000	0.0000	0.0000	0.0000	0.0000	0.0000	0.0000	0.0000	0.0000	0.0000	0.0000	17.8287	30.2723	0.0000	35.3928	36.6396	0.0000	0.0000	0.0000	0.0000	0.0000	0.0000	-0.3403	0.0030	0.0332	2.5954	1.0637	0.0000	0.0000	0.0000	0.0000	0.0000	0.0000	0.0000	0.0000	0.0000	0.5604	0.5604	0.0000	0.5604	0.5604	0.0000	0.0000	0.0000	0.0000	0.0000	0.0000	0.0000	0.0000	0.0000	0.0000	0.0000	0.0000	0.0000	0.0314	0.0185	0.0129	0.0158	0.0153	0.0005	0.0156	0.0032	0.0124	0.0000	0.0000	0.0000	0.0000	0.0000	0.0000	0.0000	0.0000	0.0000	17.8287	30.2723	0.0000	35.3928	36.6396	0.0000	0.0000	0.0000	0.0000						
10	26	0.0888	5	1	1	1	1	0	0	0	0	N	N	N	N	N	N	N	N	N	N	N	N	0.0000	0.0000	0.0000	0.0000	0.0000	0.0000	0.0000	0.0000	0.0000	0.0000	0.0000	0.0000	0.0000	0.0000	0.0000	0.0000	0.0000	0.0724	0.1083	0.0287	0.1198	0.1258	0.0064	0.0255	0.0000	0.0300	0.2182	0.0000	-0.0037	0.0030	1.9667	2.5954	4.8619	0.0000	0.0000	0.0000	0.0000	0.0000	0.0000	0.0000	0.0000	0.0000	0.0085	0.0070	0.0015	0.0070	0.0070	0.0000	0.0015	0.0000	0.0015	0.0005	0.0005	0.0001	0.0002	0.0002	0.0000	0.0003	0.0002	0.0001	0.1178	0.0646	0.0532	0.0586	0.0556	0.0029	0.0592	0.0090	0.0503	0.0000	0.0000	0.0000	0.0000	0.0000	0.0000	0.0000	0.0000	0.0000	0.0724	0.1083	0.0287	0.1198	0.1258	0.0064	0.0255	0.0000	0.0300		
10	27	0.0939	6	1	1	1	0	0	0	0	0	N	N	N	N	N	N	N	N	N	N	N	N	0.0000	0.0000	0.0000	0.0000	0.0000	0.0000	0.0000	0.0000	0.0000	0.0000	0.0000	0.0000	0.0000	0.0000	0.0000	0.0000	16.7348	32.1520	0.0000	33.2694	34.3076	0.0000	0.0000	0.0000	0.0000	0.0000	0.0000	-0.3356	0.0030	0.0014	2.5954	0.9895	0.0000	0.0000	0.0000	0.0000	0.0000	0.0000	0.0000	0.0000	0.0000	0.5527	0.5527	0.0000	0.5527	0.5527	0.0000	0.0000	0.0000	0.0000	0.0000	0.0000	0.0000	0.0000	0.0000	0.0000	0.0000	0.0000	0.0000	0.0330	0.0172	0.0158	0.0166	0.0161	0.0005	0.0164	0.0011	0.0153	0.0000	0.0000	0.0000	0.0000	0.0000	0.0000	0.0000	0.0000	0.0000	16.7348	32.1520	0.0000	33.2694	34.3076	0.0000	0.0000	0.0000	0.0000			
10	28	0.0888	5	1	0	2	1	0	0	0	0	N	N	Y	N	N	N	N	N	N	N	N	N	0.0000	0.0000	0.0000	0.0000	0.0000	0.0000	0.0000	0.0000	0.0000	0.0000	0.0000	0.0000	0.0000	0.0000	0.0000	0.0198	0.0000	0.0446	0.0005	0.0000	0.0104	0.0391	0.0000	0.0465	inf	0.0000	0.0006	0.0030	1.0331	2.5954	2.8608	0.0000	0.0000	0.0000	0.0000	0.0000	0.0000	0.0000	0.0000	0.0000	0.0015	0.0000	0.0015	0.0000	0.0000	0.0000	0.0015	0.0000	0.0015	0.0003	0.0002	0.0000	0.0001	0.0001	0.0000	0.0001	0.0001	0.0000	0.0773	0.0431	0.0343	0.0388	0.0370	0.0018	0.0386	0.0061	0.0325	0.0000	0.0000	0.0000	0.0000	0.0000	0.0000	0.0000	0.0000	0.0000	0.0198	0.0000	0.0446	0.0005	0.0000	0.0104	0.0391	0.0000	0.0465				
10	29	0.0888	5	1	0	2	1	0	0	0	0	N	N	Y	N	N	N	N	N	N	N	N	N	0.0000	0.0000	0.0000	0.0000	0.0000	0.0000	0.0000	0.0000	0.0000	0.0000	0.0000	0.0000	0.0000	8.6929	15.4829	0.0000	17.3049	18.1088	0.0000	0.0000	0.0000	0.0000	0.0000	0.0000	-0.3403	0.0030	0.0332	2.5954	3.0294	0.0000	0.0000	0.0000	0.0000	0.0000	0.0000	0.0000	0.0000	0.0000	0.5604	0.5604	0.0000	0.5604	0.5604	0.0000	0.0000	0.0000	0.0000	0.0000	0.0000	0.0000	0.0000	0.0000	0.0000	0.0000	0.0000	0.0000	0.0645	0.0362	0.0283	0.0324	0.0309	0.0014	0.0321	0.0052	0.0268	0.0000	0.0000	0.0000	0.0000	0.0000	0.0000	0.0000	0.0000	0.0000	8.6929	15.4829	0.0000	17.3049	18.1088	0.0000	0.0000	0.0000	0.0000						
10	30	0.1130	5	2	1	1	0	0	0	0	0	Y	N	N	N	N	N	N	N	N	N	N	N	0.0000	0.0000	0.0000	0.0000	0.0000	0.0000	0.0000	0.0000	0.0000	0.0000	0.0000	0.0000	0.0000	0.0000	0.0000	0.0000	0.0000	0.0000	0.0000	0.0000	0.0030	0.0000	2.5954	2.0000	0.0000	0.0000	0.0000	0.0000	0.0000	0.0000	0.0000	0.0000	0.0000	0.0000	0.0000	0.0000	0.0000	0.0000	0.0000	0.0000	0.0000	0.0000	0.0000	0.0000	0.0000	0.0000	0.0000	0.0000	0.0000	0.0000	0.0000	0.0397	0.0211	0.0186	0.0170	0.0165	0.0004	0.0227	0.0046	0.0182	0.0000	0.0000	0.0000	0.0000	0.0000	0.0000	0.0000	0.0000	0.0000	0.0000	0.0000	0.0000	0.0000	0.0000	0.0000	0.0000	0.0000	0.0000											
10	31	0.0860	4	2	1	1	0	0	0	0	0	Y	N	N	N	N	N	N	N	N	N	N	N	18.6389	0.0000	103.3066	0.0000	0.0000	0.0000	27.3183	0.0000	109.9911	0.0336	0.0000	0.2941	0.0000	0.0000	0.0000	0.0625	0.0000	0.3156	0.0018	0.0009	0.0028	0.0012	0.0012	0.0017	0.0023	0.0000	0.0029	inf	2.6595	0.0000	0.0000	0.0030	0.9772	2.5954	4.1826	0.0000	0.0000	0.0000	0.0000	0.0000	0.0000	0.0000	0.0000	0.0000	0.0002	0.0000	0.0001	0.0001	0.0000	0.0000	0.0001	0.0000	0.0001	0.0003	0.0003	0.0000	0.0001	0.0001	0.0000	0.0002	0.0001	0.0000	0.0992	0.0535	0.0457	0.0431	0.0422	0.0009	0.0561	0.0113	0.0448	18.6389	0.0000	103.3066	0.0000	0.0000	0.0000	27.3183	0.0000	109.9911	0.0018	0.0009	0.0028	0.0012	0.0012	0.0017	0.0023	0.0000	0.0029
10	32	0.0939	6	2	1	1	0	0	0	0	0	Y	N	N	N	N	N	N	N	N	N	N	N	0.0000	0.0000	0.0000	0.0000	0.0000	0.0000	0.0000	0.0000	0.0000	0.0000	0.0000	0.0000	0.0000	0.0000	0.0000	0.0000	0.0000	0.2287	0.0005	0.4769	0.0005	0.0005	0.0000	0.4597	0.0000	0.4929	871.0142	0.0000	0.0031	0.0030	0.0015	2.5954	1.0489	0.0000	0.0000	0.0000	0.0000	0.0000	0.0000	0.0000	0.0000	0.0000	0.0078	0.0000	0.0078	0.0000	0.0000	0.0000	0.0078	0.0000	0.0078	0.0000	0.0000	0.0000	0.0000	0.0000	0.0000	0.0000	0.0000	0.0000	0.0341	0.0178	0.0163	0.0171	0.0166	0.0005	0.0169	0.0011	0.0158	0.0000	0.0000	0.0000	0.0000	0.0000	0.0000	0.0000	0.0000	0.0000	0.2287	0.0005	0.4769	0.0005	0.0005	0.0000	0.4597	0.0000	0.4929		
10	33	0.0888	5	1	1	1	0	0	0	0	0	N	N	N	N	N	N	N	N	N	N	N	N	0.0000	0.0000	0.0000	0.0000	0.0000	0.0000	0.0000	0.0000	0.0000	0.0000	0.0000	0.0000	0.0000	0.0000	0.0000	0.0000	0.0000	0.0000	0.1621	0.2787	0.0079	0.3154	0.3289	0.0000	0.0068	0.0000	0.0083	0.0214	0.0000	-0.0047	0.0030	0.9657	2.5954	1.1858	0.0000	0.0000	0.0000	0.0000	0.0000	0.0000	0.0000	0.0000	0.0000	0.0080	0.0079	0.0002	0.0079	0.0079	0.0000	0.0002	0.0000	0.0002	0.0003	0.0002	0.0000	0.0001	0.0001	0.0000	0.0001	0.0001	0.0000	0.0496	0.0283	0.0214	0.0250	0.0240	0.0010	0.0247	0.0043	0.0203	0.0000	0.0000	0.0000	0.0000	0.0000	0.0000	0.0000	0.0000	0.0000	0.1621	0.2787	0.0079	0.3154	0.3289	0.0000	0.0068	0.0000	0.0083	
10	34	0.0860	4	1	0	1	0	0	0	0	0	N	N	N	N	N	N	N	N	N	N	N	N	0.0538	0.0353	0.0000	0.0548	0.0547	0.0000	0.0000	0.0000	0.0000	0.0009	0.0010	0.0000	0.0020	0.0020	0.0000	0.0000	0.0000	0.0000	0.0167	0.0287	0.0023	0.0357	0.0364	0.0001	0.0019	0.0000	0.0024	0.0000	0.0684	-0.0000	-0.0007	0.0030	1.9916	2.5954	1.9964	0.0000	0.0000	0.0000	0.0000	0.0000	0.0000	0.0000	0.0000	0.0000	0.0014	0.0013	0.0001	0.0013	0.0013	0.0000	0.0001	0.0000	0.0001	0.0005	0.0005	0.0001	0.0002	0.0002	0.0000	0.0003	0.0002	0.0001	0.0815	0.0444	0.0372	0.0357	0.0350	0.0007	0.0458	0.0094	0.0365	0.0538	0.0353	0.0000	0.0548	0.0547	0.0000	0.0000	0.0000	0.0000	0.0167	0.0287	0.0023	0.0357	0.0364	0.0001	0.0019	0.0000	0.0024
10	35	0.0780	3	1	0	1	0	0	0	0	0	N	N	N	N	N	N	N	N	N	N	N	N	1.5713	0.7405	9.3299	1.1493	1.1438	0.0000	2.2456	0.0000	9.6863	0.0159	0.0090	0.0735	0.0170	0.0171	0.0000	0.0150	0.0000	0.0774	0.0101	0.0122	0.0079	0.0148	0.0150	0.0005	0.0067	0.0003	0.0080	0.9719	0.5966	-0.0000	-0.0001	0.0030	0.1320	2.5954	1.9445	0.0000	0.0000	0.0000	0.0000	0.0000	0.0000	0.0000	0.0000	0.0000	0.0005	0.0003	0.0002	0.0003	0.0003	0.0000	0.0002	0.0000	0.0002	0.0001	0.0001	0.0000	0.0000	0.0000	0.0000	0.0000	0.0000	0.0000	0.0492	0.0256	0.0236	0.0211	0.0207	0.0003	0.0282	0.0049	0.0233	1.5713	0.7405	9.3299	1.1493	1.1438	0.0000	2.2456	0.0000	9.6863	0.0101	0.0122	0.0079	0.0148	0.0150	0.0005	0.0067	0.0003	0.0080
10	36	0.0538	2	1	0	1	0	0	0	0	0	N	N	N	N	N	N	N	N	N	N	N	N	0.2668	0.0006	4524.8670	0.0007	0.0008	1050.1129	0.0000	4660.3710	0.0005	0.0000	0.0044	0.0000	0.0000	0.0000	0.0008	0.0000	0.0045	0.0019	0.0042	0.0000	0.0070	0.0070	0.0000	0.0000	0.0000	0.0000	226.1746	0.0003	0.0000	-0.0001	0.0030	4.0393	2.5954	1.1787	0.0000	0.0000	0.0000	0.0000	0.0000	0.0000	0.0000	0.0000	0.0000	0.0002	0.0002	0.0000	0.0002	0.0002	0.0000	0.0000	0.0000	0.0000	0.0010	0.0009	0.0001	0.0004	0.0004	0.0000	0.0006	0.0005	0.0001	0.1142	0.0517	0.0625	0.0313	0.0313	0.0000	0.0828	0.0204	0.0624	0.2668	0.0006	4524.8670	0.0007	0.0008	0.0000	1050.1129	0.0000	4660.3710	0.0019	0.0042	0.0000	0.0070	0.0070	0.0000	0.0000	0.0000	0.0000	
11	12	0.3047	3	1	1	1	1	0	0	0	0	N	N	N	N	N	N	N	N	N	N	N	N	0.0048	0.0029	0.0000	0.0041	0.0042	0.0000	0.0000	0.0000	0.0000	0.0004	0.0005	0.0000	0.0009	0.0010	0.0000	0.0000	0.0000	0.0000	0.0884	0.1653	0.0001	0.2217	0.2274	0.0007	0.0001	0.0000	0.0001	0.0000	0.0005	-0.0000	-0.0142	7.2715	0.0030	4.6446	3.4320	0.0000	0.0000	0.0000	0.0000	0.0000	0.0000	0.0000	0.0000	0.0000	0.0234	0.0234	0.0000	0.0234	0.0234	0.0000	0.0000	0.0000	0.0000	0.0019	0.0016	0.0002	0.0009	0.0008	0.0000	0.0010	0.0008	0.0002	0.2642	0.1413	0.1229	0.1054	0.1027	0.0026	0.1589	0.0386	0.1203	0.0048	0.0029	0.0000	0.0041	0.0042	0.0000	0.0000	0.0000	0.0000	0.0884	0.1653	0.0001	0.2217	0.2274	0.0007	0.0001	0.0000	0.0001
11	13	0.2988	3	1	2	1	1	0	0	0	0	N	Y	N	N	N	N	N	N	N	N	N	N	0.0000	0.0000	0.0000	0.0000	0.0000	0.0000	0.0000	0.0000	0.0000	0.0000	0.0000	0.0000	0.0000	0.0000	0.0000	0.0000	0.0000	0.0000	0.0000	0.0000	7.2715	0.0000	4.6446	0.0000	0.0000	0.0000	0.0000	0.0000	0.0000	0.0000	0.0000	0.0000	0.0000	0.0000	0.0000	0.0000	0.0000	0.0000	0.0000	0.0000	0.0000	0.0000	0.0000	0.0000	0.0000	0.0000	0.0000	0.0000	0.0000	0.0000	0.0000	0.0000	0.0000	0.0000	0.0000	0.0000	0.0000	0.0000	0.0000	0.0000	0.0000	0.0000	0.0000	0.0000	0.0000	0.0000	0.0000	0.0000	0.0000	0.0000	0.0000	0.0000	0.0000	0.0000	0.0000	0.0000	0.0000	0.0000											
11	14	0.2988	3	1	2	1	1	0	0	0	0	N	Y	N	N	N	N	N	N	N	N	N	N	0.0000	0.0000	0.0000	0.0000	0.0000	0.0000	0.0000	0.0000	0.0000	0.0000	0.0000	0.0000	0.0000	0.0000	0.0000	0.0000	0.0000	0.0000	0.0000	0.0000	7.2715	0.0000	4.6446	0.0000	0.0000	0.0000	0.0000	0.0000	0.0000	0.0000	0.0000	0.0000	0.0000	0.0000	0.0000	0.0000	0.0000	0.0000	0.0000	0.0000	0.0000	0.0000	0.0000	0.0000	0.0000	0.0000	0.0000	0.0000	0.0000	0.0000	0.0000	0.0000	0.0000	0.0000	0.0000	0.0000	0.0000	0.0000	0.0000	0.0000	0.0000	0.0000	0.0000	0.0000	0.0000	0.0000	0.0000	0.0000	0.0000	0.0000	0.0000	0.0000	0.0000	0.0000	0.0000	0.0000	0.0000	0.0000											
11	15	0.2629	2	1	1	1	1	0	0	0	0	N	N	N	N	N	N	N	N	N	N	N	N	0.3848	4.2445	0.0000	0.0336	0.0350	0.0000	0.3767	inf	0.0000	1.7320	1.9602	0.0000	0.0314	0.0335	0.0000	2.1576	2.4804	0.0000	4.5016	0.4618	8.4834	0.9346	0.9562	0.6133	5.7281	0.0000	8.7439	0.0000	18.6368	-0.5705	0.3530	7.2715	3.0000	4.6446	2.0000	1.0226	1.0226	0.0000	0.0037	0.0037	0.0000	1.0189	1.0189	0.0000	1.0327	0.0526	0.9801	0.0549	0.0526	0.0023	0.9778	0.0000	0.9778	0.5904	0.5217	0.0687	0.1182	0.1109	0.0073	0.4722	0.4108	0.0614	0.2294	0.1139	0.1155	0.0587	0.0550	0.0037	0.1707	0.0589	0.1118	0.3848	4.2445	0.0000	0.0336	0.0350	0.0000	0.3767	inf	0.0000	4.5016	0.4618	8.4834	0.9346	0.9562	0.6133	5.7281	0.0000	8.7439
11	16	0.3222	5	1	2	0	1	0	0	0	0	N	Y	N	N	N	N	N	N	N	N	N	N	0.0000	0.0000	0.0000	0.0000	0.0000	0.0000	0.0000	0.0000	0.0000	0.0000	0.0000	0.0000	0.0000	0.0000	0.0000	0.3491	0.0000	1.3373	0.4836	0.0000	2.0180	0.0293	0.0000	0.1274	inf	0.0000	0.0000	7.2715	0.0000	4.6446	0.0000	0.0000	0.0000	0.0000	0.0000	0.0000	0.0000	0.0000	0.0000	0.0000	0.0000	0.0000	0.0000	0.0000	0.0000	0.0000	0.0000	0.0000	0.0000	0.0000	0.0000	0.0000	0.0000	0.0000	0.0000	0.0000	0.0000	0.0000	0.0000	0.0000	0.0000	0.0000	0.0000	0.0000	0.0000	0.0000	0.0000	0.0000	0.0000	0.0000	0.0000	0.0000	0.0000	0.0000	0.0000	0.0000	0.3491	0.0000	1.3373	0.4836	0.0000	1.7639	0.0293	0.0000	0.1274				
11	17	0.1844	2	0	2	0	2	0	0	0	0	N	Y	N	Y	N	N	N	N	N	N	N	N	0.0336	0.1311	0.0350	0.6299	0.5531	73.7804	0.0046	60.4196	0.0186	0.0142	0.0120	0.0281	0.0729	0.0655	0.1802	0.0030	0.0009	0.0153	0.4207	0.0918	0.8039	0.1157	0.1185	0.0024	0.6477	0.0000	0.8219	0.3548	7.5194	-0.0048	0.1138	7.2715	4.0170	4.6446	2.2643	0.0161	0.0119	0.0042	0.0133	0.0112	0.0021	0.0028	0.0007	0.0021	0.4132	0.0485	0.3647	0.0485	0.0485	0.0000	0.3647	0.0000	0.3647	1.1404	0.9901	0.1503	0.1823	0.1705	0.0117	0.9582	0.8195	0.1386	0.9822	0.5286	0.4536	0.4192	0.4092	0.0100	0.5630	0.1194	0.4437	0.0336	0.1311	0.0350	0.6299	0.5531	73.7804	0.0046	60.4196	0.0186	0.4207	0.0918	0.8039	0.1157	0.1185	0.0024	0.6477	0.0000	0.8219
11	20	0.2629	2	1	2	1	1	0	0	0	0	N	Y	N	N	N	N	N	N	N	N	N	N	0.0448	0.0251	inf	0.0382	0.0340	inf	inf	inf	0.0069	0.0070	0.0060	0.0160	0.0149	0.1393	0.0001	0.0000	0.0006	0.1540	0.2788	0.0000	0.4181	0.4382	0.0000	0.0000	0.0000	0.0000	0.0915	0.0000	-0.0000	-0.0000	7.2715	0.0002	4.6446	0.0000	0.0000	0.0000	0.0000	0.0000	0.0000	0.0000	0.0000	0.0000	0.0000	0.0000	0.0000	0.0000	0.0000	0.0000	0.0000	0.0000	0.0000	0.0000	0.0002	0.0002	0.0000	0.0001	0.0001	0.0000	0.0001	0.0001	0.0000	0.0000	0.0000	0.0000	0.0000	0.0000	0.0000	0.0000	0.0000	0.0000	0.0448	0.0251	inf	0.0382	0.0340	inf	inf	0.0000	inf	0.1540	0.2788	0.0000	0.4181	0.4382	0.0000	0.0000	0.0000	0.0000	
11	21	0.2629	2	1	1	1	1	0	0	0	0	N	N	N	N	N	N	N	N	N	N	N	N	0.4653	0.2335	inf	0.2794	0.2438	inf	inf	inf	0.0069	0.0070	0.0060	0.0160	0.0149	0.1393	0.0001	0.0000	0.0006	0.0148	0.0299	0.0000	0.0572	0.0610	0.0000	0.0000	0.0000	0.0000	0.0915	0.0000	-0.0000	-0.0009	7.2715	0.0002	4.6446	2.0000	0.0000	0.0000	0.0000	0.0000	0.0000	0.0000	0.0000	0.0000	0.0000	0.0015	0.0015	0.0000	0.0015	0.0015	0.0000	0.0000	0.0000	0.0000	0.0002	0.0002	0.0000	0.0001	0.0001	0.0000	0.0001	0.0001	0.0000	0.0981	0.0485	0.0496	0.0254	0.0238	0.0016	0.0727	0.0247	0.0480	0.4653	0.2335	inf	0.2794	0.2438	inf	inf	0.0000	inf	0.0148	0.0299	0.0000	0.0572	0.0610	0.0000	0.0000	0.0000	0.0000	
11	23	0.3047	3	0	2	0	1	0	0	0	0	N	Y	N	N	N	N	N	N	N	N	N	N	0.0000	0.0000	0.0000	0.0000	0.0000	0.0000	0.0000	0.0000	0.0000	0.0000	0.0000	0.0000	0.0000	0.0000	0.0000	0.0000	0.0000	0.0000	0.1118	0.2111	0.0001	0.2688	0.2744	0.0000	0.0000	0.0000	0.0001	0.0000	0.0002	-0.0000	-0.0155	7.2715	0.0000	4.6446	2.4393	0.0000	0.0000	0.0000	0.0000	0.0000	0.0000	0.0000	0.0000	0.0000	0.0256	0.0256	0.0000	0.0256	0.0256	0.0000	0.0000	0.0000	0.0000	0.0012	0.0011	0.0001	0.0006	0.0006	0.0000	0.0006	0.0005	0.0001	0.2290	0.1213	0.1077	0.0953	0.0933	0.0019	0.1338	0.0280	0.1058	0.0000	0.0000	0.0000	0.0000	0.0000	0.0000	0.0000	0.0000	0.0000	0.1118	0.2111	0.0001	0.2688	0.2744	0.0000	0.0000	0.0000	0.0001
11	24	0.2629	2	0	1	0	1	0	0	0	0	N	N	N	N	N	N	N	N	N	N	N	N	0.0117	0.0066	0.0149	0.0149	0.0000	0.0000	0.0012	0.0014	0.0000	0.0062	0.0066	0.0000	0.0000	0.0000	0.0000	0.1060	0.2131	0.0000	0.4168	0.4447	0.0000	0.0000	0.0001	0.0000	0.0000	0.0000	-0.0005	-0.0188	7.2715	3.9968	4.6446	2.5738	0.0010	0.0010	0.0000	0.0010	0.0010	0.0000	0.0000	0.0000	0.0000	0.0309	0.0309	0.0000	0.0309	0.0309	0.0000	0.0000	0.0000	0.0000	0.7720	0.6826	0.0893	0.1546	0.1450	0.0096	0.6174	0.5376	0.0798	0.2914	0.1449	0.1465	0.0741	0.0694	0.0047	0.2174	0.0755	0.1419	0.0117	0.0066	0.0000	0.0149	0.0149	0.0000	0.0000	0.0000	0.0000	0.1060	0.2131	0.0000	0.4168	0.4447	0.0000	0.0000	0.0001	0.0000			
11	25	0.2980	5	1	2	0	2	0	0	0	0	N	Y	N	Y	N	N	N	N	N	N	N	N	0.0824	0.0559	0.0820	0.0808	0.0482	0.0549	0.0000	0.1189	0.1232	0.0000	0.0000	0.0000	0.0000	0.5849	0.9811	0.0000	1.4497	1.5238	0.0000	0.0000	0.0000	0.0000	0.0000	0.0000	-0.0008	-0.0320	7.2715	0.0332	4.6446	1.0637	0.0014	0.0014	0.0000	0.0014	0.0014	0.0000	0.0000	0.0000	0.0000	0.0527	0.0527	0.0000	0.0527	0.0527	0.0000	0.0000	0.0000	0.0000	0.0285	0.0250	0.0035	0.0116	0.0111	0.0004	0.0170	0.0139	0.0031	0.0901	0.0537	0.0364	0.0364	0.0346	0.0018	0.0538	0.0191	0.0346	0.0824	0.0559	0.0000	0.0820	0.0808	0.0000	0.0000	0.0000	0.0000	0.5849	0.9811	0.0000	1.4497	1.5238	0.0000	0.0000	0.0000	0.0000					
11	26	0.2980	5	0	2	0	2	0	0	0	0	N	Y	N	Y	N	N	N	N	N	N	N	N	2.1809	0.0000	9.4974	8.6637	0.0000	21.7379	1.3993	7.3220	0.0840	0.0000	0.7261	0.2060	0.0000	3.3018	0.0646	0.0000	0.5209	0.0385	0.0066	0.0764	0.0238	0.0115	0.1519	0.0462	0.0000	0.0711	inf	9.6850	0.0177	0.0036	7.2715	1.9667	4.6446	4.8619	0.0400	0.0000	0.0400	0.0134	0.0000	0.0134	0.0266	0.0000	0.0266	0.0121	0.0011	0.0110	0.0026	0.0011	0.0014	0.0095	0.0000	0.0095	0.4767	0.4216	0.0551	0.0652	0.0611	0.0041	0.4115	0.3605	0.0511	0.3144	0.1709	0.1435	0.1079	0.0985	0.0094	0.2065	0.0725	0.1341	2.1809	0.0000	9.4974	8.6637	0.0000	21.7379	1.3993	0.0000	7.3220	0.0385	0.0066	0.0764	0.0238	0.0115	0.1519	0.0462	0.0000	0.0711	
11	27	0.3031	6	0	2	0	1	0	0	0	0	N	Y	N	N	N	N	N	N	N	N	N	N	0.0546	0.0000	941.5821	0.0174	0.0000	inf	165.5302	0.0000	667.5111	0.0460	0.0000	0.3749	0.0389	0.0000	1.0730	0.0507	0.0000	0.2810	0.8415	1.6143	0.0004	2.2349	2.4005	0.0000	0.0003	0.0000	0.0004	inf	0.0002	0.0000	-0.0315	7.2715	0.0014	4.6446	0.9895	0.0001	0.0000	0.0001	0.0000	0.0000	0.0000	0.0000	0.0000	0.0000	0.0519	0.0519	0.0000	0.0519	0.0519	0.0000	0.0000	0.0000	0.0000	0.0013	0.0011	0.0002	0.0005	0.0005	0.0000	0.0008	0.0006	0.0001	0.0616	0.0321	0.0295	0.0232	0.0216	0.0016	0.0384	0.0105	0.0279	0.0546	0.0000	941.5821	0.0174	0.0000	inf	165.5302	0.0000	667.5111	0.8415	1.6143	0.0004	2.2349	2.4005	0.0000	0.0003	0.0000	0.0004
11	28	0.2980	5	0	1	1	2	0	0	0	0	N	N	N	Y	N	N	N	N	N	N	N	N	0.0651	inf	0.0000	0.3938	inf	0.0000	0.0000	0.0000	0.0051	0.0058	0.0000	0.0345	0.0367	0.0000	0.0000	0.0000	0.0000	0.0791	0.0000	0.1773	0.0877	0.0000	1.1270	0.0743	0.0000	0.1142	0.0000	inf	-0.0008	0.0064	7.2715	1.0331	4.6446	2.8608	0.0014	0.0014	0.0000	0.0014	0.0014	0.0000	0.0000	0.0000	0.0000	0.0164	0.0000	0.0164	0.0065	0.0000	0.0065	0.0099	0.0000	0.0099	0.2669	0.2359	0.0311	0.0398	0.0374	0.0023	0.2272	0.1984	0.0287	0.2069	0.1146	0.0923	0.0739	0.0682	0.0057	0.1330	0.0465	0.0865	0.0651	inf	0.0000	0.3938	inf	0.0000	0.0000	0.0000	0.0000	0.0791	0.0000	0.1773	0.0877	0.0000	1.1270	0.0743	0.0000	0.1142	
11	29	0.2980	5	0	1	1	2	0	0	0	0	N	N	N	Y	N	N	N	N	N	N	N	N	0.1440	0.1013	0.0000	0.1303	0.1371	0.0000	0.0000	0.0000	0.0482	0.0549	0.0000	0.1189	0.1232	0.0000	0.0000	0.0000	0.0000	0.3345	0.5418	0.0705	0.9126	0.8984	1.0932	0.0031	0.0000	0.0047	0.0000	0.1022	-0.0008	-0.0299	7.2715	0.0332	4.6446	3.0294	0.0014	0.0014	0.0000	0.0014	0.0014	0.0000	0.0000	0.0000	0.0000	0.0581	0.0527	0.0054	0.0578	0.0527	0.0050	0.0003	0.0000	0.0003	0.0285	0.0250	0.0035	0.0116	0.0111	0.0004	0.0170	0.0139	0.0031	0.1738	0.0973	0.0764	0.0633	0.0587	0.0046	0.1104	0.0386	0.0718	0.1440	0.1013	0.0000	0.1303	0.1371	0.0000	0.0000	0.0000	0.0000	0.3345	0.5418	0.0705	0.9126	0.8984	1.0932	0.0031	0.0000	0.0047	
11	30	0.3222	5	1	2	0	1	0	0	0	0	N	Y	N	N	N	N	N	N	N	N	N	N	0.0000	0.0000	0.0000	0.0000	0.0000	0.0000	0.0000	0.0000	0.0000	0.0000	0.0000	0.0000	0.0000	3.2263	6.3102	0.0000	12.2828	12.7898	0.0000	0.0000	0.0000	0.0000	0.0000	0.0000	-0.1891	7.2715	0.0000	4.6446	2.0000	0.0000	0.0000	0.0000	0.0000	0.0000	0.0000	0.0000	0.0000	0.0000	0.3114	0.3114	0.0000	0.3114	0.3114	0.0000	0.0000	0.0000	0.0000	0.0000	0.0000	0.0000	0.0000	0.0000	0.0000	0.0000	0.0000	0.0000	0.0965	0.0493	0.0472	0.0254	0.0243	0.0010	0.0712	0.0250	0.0462	0.0000	0.0000	0.0000	0.0000	0.0000	0.0000	0.0000	0.0000	0.0000	3.2263	6.3102	0.0000	12.2828	12.7898	0.0000	0.0000	0.0000	0.0000						
11	31	0.2952	4	1	2	0	1	0	0	0	0	N	Y	N	N	N	N	N	N	N	N	N	N	0.0203	0.0041	4.9381	0.0208	0.0125	1.6535	1.1314	0.0000	5.5955	0.0053	0.0020	0.0312	0.0194	0.0120	0.2336	0.0028	0.0000	0.0217	0.2607	0.4806	0.0063	0.9340	0.9583	0.1413	0.0024	0.0000	0.0039	2.0053	0.0114	0.0002	-0.0422	7.2715	0.9772	4.6446	4.1826	0.0015	0.0005	0.0010	0.0008	0.0005	0.0003	0.0007	0.0000	0.0007	0.0708	0.0700	0.0008	0.0703	0.0700	0.0003	0.0005	0.0000	0.0005	0.2808	0.2491	0.0318	0.0427	0.0413	0.0014	0.2381	0.2078	0.0303	0.2715	0.1456	0.1259	0.0753	0.0730	0.0022	0.1962	0.0726	0.1236	0.0203	0.0041	4.9381	0.0208	0.0125	1.6535	1.1314	0.0000	5.5955	0.2607	0.4806	0.0063	0.9340	0.9583	0.1413	0.0024	0.0000	0.0039
11	32	0.3031	6	1	2	0	1	0	0	0	0	N	Y	N	N	N	N	N	N	N	N	N	N	2.4127	0.0000	15.4041	2.0000	0.0000	6793.9399	2.6948	0.0000	10.8823	0.0455	0.0000	0.3710	0.0391	0.0000	1.0748	0.0497	0.0000	0.2772	0.0188	0.0140	0.0241	0.0195	0.0210	0.0002	0.0184	0.0000	0.0255	inf	1.5747	0.0000	0.0000	7.2715	0.0015	4.6446	1.0489	0.0001	0.0000	0.0001	0.0000	0.0000	0.0000	0.0000	0.0000	0.0000	0.0012	0.0005	0.0007	0.0005	0.0005	0.0000	0.0007	0.0000	0.0007	0.0013	0.0012	0.0002	0.0005	0.0005	0.0000	0.0008	0.0007	0.0001	0.0645	0.0336	0.0308	0.0242	0.0225	0.0017	0.0403	0.0111	0.0292	2.4127	0.0000	15.4041	2.0000	0.0000	6793.9399	2.6948	0.0000	10.8823	0.0188	0.0140	0.0241	0.0195	0.0210	0.0002	0.0184	0.0000	0.0255
11	33	0.2980	5	0	2	0	1	0	0	0	0	N	Y	N	N	N	N	N	N	N	N	N	N	11.0590	0.0005	239.9255	11.2169	0.0019	25461.1886	30.9306	0.0043	162.9494	0.1590	0.0000	1.3659	0.3538	0.0001	6.0950	0.1244	0.0000	0.9814	0.0144	0.0209	0.0057	0.0315	0.0337	0.0002	0.0040	0.0003	0.0060	15854.7511	0.2046	0.0177	-0.0009	7.2715	0.9657	4.6446	1.1858	0.0400	0.0000	0.0400	0.0134	0.0000	0.0134	0.0266	0.0000	0.0266	0.0020	0.0016	0.0003	0.0016	0.0016	0.0000	0.0003	0.0000	0.0003	0.2513	0.2221	0.0293	0.0379	0.0357	0.0022	0.2134	0.1864	0.0271	0.1359	0.0776	0.0583	0.0512	0.0478	0.0033	0.0848	0.0298	0.0550	11.0590	0.0005	239.9255	11.2169	0.0019	25461.1886	30.9306	0.0043	162.9494	0.0144	0.0209	0.0057	0.0315	0.0337	0.0002	0.0040	0.0003	0.0060
11	34	0.2952	4	0	1	0	1	0	0	0	0	N	N	N	N	N	N	N	N	N	N	N	N	1.9119	1.3114	0.1230	5.0681	5.1220	1.6363	0.0127	0.0531	0.0633	0.0767	0.0864	0.0012	0.6320	0.6561	0.0149	0.0001	0.0000	0.0006	0.0401	0.0659	0.0096	0.1247	0.1281	0.0091	0.0061	0.0000	0.0096	0.0018	0.1226	-0.0218	-0.0045	7.2715	1.9916	4.6446	1.9964	0.0392	0.0391	0.0001	0.0391	0.0391	0.0000	0.0000	0.0000	0.0000	0.0090	0.0080	0.0010	0.0080	0.0080	0.0000	0.0010	0.0000	0.0010	0.5104	0.4523	0.0581	0.0619	0.0596	0.0023	0.4485	0.3927	0.0558	0.2243	0.1217	0.1027	0.0644	0.0626	0.0018	0.1599	0.0591	0.1008	1.9119	1.3114	0.1230	5.0681	5.1220	1.6363	0.0127	0.0531	0.0633	0.0401	0.0659	0.0096	0.1247	0.1281	0.0091	0.0061	0.0000	0.0096
11	35	0.2871	3	0	1	0	1	0	0	0	0	N	N	N	N	N	N	N	N	N	N	N	N	0.3680	0.3303	0.9179	0.2679	0.2521	1.0773	0.4540	27365.3296	0.8717	0.0465	0.0354	0.1344	0.0505	0.0457	0.5422	0.0447	0.0299	0.1231	0.1264	0.1072	0.1465	0.1886	0.1812	0.5033	0.0984	0.0000	0.1412	0.4797	1.3038	-0.0008	-0.0008	7.2715	0.1320	4.6446	1.9445	0.0034	0.0023	0.0011	0.0011	0.0010	0.0001	0.0022	0.0012	0.0010	0.0187	0.0081	0.0106	0.0087	0.0081	0.0005	0.0101	0.0000	0.0101	0.0720	0.0640	0.0081	0.0225	0.0222	0.0002	0.0496	0.0417	0.0079	0.1484	0.0759	0.0724	0.0460	0.0449	0.0011	0.1024	0.0310	0.0714	0.3680	0.3303	0.9179	0.2679	0.2521	1.0773	0.4540	27365.3296	0.8717	0.1264	0.1072	0.1465	0.1886	0.1812	0.5033	0.0984	0.0000	0.1412
11	36	0.2629	2	0	1	0	1	0	0	0	0	N	N	N	N	N	N	N	N	N	N	N	N	1.1179	35.2861	0.5791	0.1825	0.0131	0.2285	1.1181	2146.0457	0.6140	1.4499	1.4474	1.4684	0.0730	0.0011	1.1643	1.7946	1.8376	1.5049	1.2970	0.0410	2.5355	0.4000	0.0841	5.0948	1.6050	0.0009	2.4509	0.1328	62.6818	-0.4981	0.1165	7.2715	4.0393	4.6446	1.1787	1.1303	0.9978	0.1325	0.0114	0.0002	0.0112	1.1189	0.9976	0.1212	0.3090	0.0049	0.3042	0.0244	0.0048	0.0196	0.2847	0.0001	0.2846	0.7796	0.6894	0.0902	0.1561	0.1464	0.0096	0.6235	0.5429	0.0806	0.2383	0.1183	0.1200	0.0609	0.0571	0.0038	0.1774	0.0612	0.1161	1.1179	35.2861	0.5791	0.1825	0.0131	0.2285	1.1181	2146.0457	0.6140	1.2970	0.0410	2.5355	0.4000	0.0841	5.0948	1.6050	0.0009	2.4509
12	13	0.1037	3	2	1	2	0	0	0	0	0	Y	N	Y	N	N	N	N	N	N	N	N	N	0.0000	0.0000	0.0000	0.0000	0.0000	0.0000	0.0000	0.0000	0.0000	0.0000	0.0000	0.0000	0.0000	0.0000	0.0000	0.0000	0.0000	0.0000	0.0000	0.0000	0.0030	0.0000	3.4320	0.0000	0.0000	0.0000	0.0000	0.0000	0.0000	0.0000	0.0000	0.0000	0.0000	0.0000	0.0000	0.0000	0.0000	0.0000	0.0000	0.0000	0.0000	0.0000	0.0000	0.0000	0.0000	0.0000	0.0000	0.0000	0.0000	0.0000	0.0000	0.0000	0.0000	0.0000	0.0000	0.0000	0.0000	0.0000	0.0000	0.0000	0.0000	0.0000	0.0000	0.0000	0.0000	0.0000	0.0000	0.0000	0.0000	0.0000	0.0000	0.0000	0.0000	0.0000	0.0000	0.0000	0.0000	0.0000											
12	14	0.1037	3	2	1	2	0	0	0	0	0	Y	N	Y	N	N	N	N	N	N	N	N	N	0.0000	0.0000	0.0000	0.0000	0.0000	0.0000	0.0000	0.0000	0.0000	0.0000	0.0000	0.0000	0.0000	0.0000	0.0000	0.0000	0.0000	0.0000	0.0000	0.0000	0.0030	0.0000	3.4320	0.0000	0.0000	0.0000	0.0000	0.0000	0.0000	0.0000	0.0000	0.0000	0.0000	0.0000	0.0000	0.0000	0.0000	0.0000	0.0000	0.0000	0.0000	0.0000	0.0000	0.0000	0.0000	0.0000	0.0000	0.0000	0.0000	0.0000	0.0000	0.0000	0.0000	0.0000	0.0000	0.0000	0.0000	0.0000	0.0000	0.0000	0.0000	0.0000	0.0000	0.0000	0.0000	0.0000	0.0000	0.0000	0.0000	0.0000	0.0000	0.0000	0.0000	0.0000	0.0000	0.0000	0.0000	0.0000											
12	15	0.0678	2	2	0	2	0	0	0	0	0	Y	N	Y	N	N	N	N	N	N	N	N	N	0.0000	0.0000	0.0000	0.0000	0.0000	0.0000	0.0000	0.0000	0.0000	0.0000	0.0000	0.0000	0.0000	3.5316	0.0000	6.3568	0.0000	0.0000	0.0000	4.6595	0.0000	6.3599	inf	0.0000	0.1726	0.0030	3.0000	3.4320	2.0000	0.0000	0.0000	0.0000	0.0000	0.0000	0.0000	0.0000	0.0000	0.0000	0.4395	0.0000	0.4395	0.0000	0.0000	0.0000	0.4395	0.0000	0.4395	0.0007	0.0007	0.0001	0.0003	0.0003	0.0000	0.0004	0.0004	0.0001	0.1244	0.0553	0.0691	0.0301	0.0301	0.0000	0.0943	0.0252	0.0691	0.0000	0.0000	0.0000	0.0000	0.0000	0.0000	0.0000	0.0000	0.0000	3.5316	0.0000	6.3568	0.0000	0.0000	0.0000	4.6595	0.0000	6.3599						
12	16	0.1271	5	2	1	1	0	0	0	0	0	Y	N	N	N	N	N	N	N	N	N	N	N	0.0000	0.0000	0.0000	0.0000	0.0000	0.0000	0.0000	0.0000	0.0000	0.0000	0.0000	0.0000	0.0000	0.0000	0.0000	0.0000	0.0000	0.0000	0.0000	0.0000	0.0030	0.0000	3.4320	0.0000	0.0000	0.0000	0.0000	0.0000	0.0000	0.0000	0.0000	0.0000	0.0000	0.0000	0.0000	0.0000	0.0000	0.0000	0.0000	0.0000	0.0000	0.0000	0.0000	0.0000	0.0000	0.0000	0.0000	0.0000	0.0000	0.0000	0.0000	0.0000	0.0000	0.0000	0.0000	0.0000	0.0000	0.0000	0.0000	0.0000	0.0000	0.0000	0.0000	0.0000	0.0000	0.0000	0.0000	0.0000	0.0000	0.0000	0.0000	0.0000	0.0000	0.0000	0.0000	0.0000	0.0000	0.0000											
12	17	0.1975	4	1	1	1	1	0	0	0	0	N	N	N	N	N	N	N	N	N	N	N	N	23.4406	15.0561	0.0000	0.1087	0.1135	0.0000	161590.8268	24508243.2860	0.0000	2.4105	2.7686	0.0000	0.0250	0.0268	0.0000	4.7386	5.8409	0.0000	0.1028	0.1839	0.0001	0.2300	0.2366	0.0007	0.0000	0.0000	0.0000	0.0000	0.0002	-0.0017	-0.0135	0.0030	4.0170	3.4320	2.2643	0.0030	0.0030	0.0000	0.0000	0.0000	0.0000	0.0029	0.0029	0.0000	0.0222	0.0222	0.0000	0.0222	0.0222	0.0000	0.0000	0.0000	0.0000	0.0012	0.0011	0.0002	0.0006	0.0006	0.0000	0.0006	0.0005	0.0001	0.2156	0.1205	0.0951	0.0964	0.0937	0.0027	0.1192	0.0269	0.0924	23.4406	15.0561	0.0000	0.1087	0.1135	0.0000	161590.8268	24508243.2860	0.0000	0.1028	0.1839	0.0001	0.2300	0.2366	0.0007	0.0000	0.0000	0.0000
12	18	0.1720	3	1	1	1	1	0	0	0	0	N	N	N	N	N	N	N	N	N	N	N	N	0.5483	0.6403	0.2026	0.3798	0.4125	1.9703	0.7660	21.1065	0.3035	0.1193	0.1319	0.0470	0.0981	0.1089	0.0023	0.1425	0.1601	0.0719	0.2176	0.2060	0.2319	0.2583	0.2641	0.0012	0.1861	0.0076	0.2370	0.0620	0.9135	-0.0000	-0.0057	0.0030	1.3501	3.4320	4.0902	0.0001	0.0001	0.0000	0.0000	0.0000	0.0000	0.0000	0.0000	0.0000	0.0437	0.0228	0.0208	0.0226	0.0226	0.0000	0.0210	0.0002	0.0208	0.0005	0.0005	0.0001	0.0003	0.0003	0.0000	0.0003	0.0002	0.0001	0.2006	0.1108	0.0899	0.0876	0.0857	0.0019	0.1130	0.0251	0.0879	0.5483	0.6403	0.2026	0.3798	0.4125	1.9703	0.7660	21.1065	0.3035	0.2176	0.2060	0.2319	0.2583	0.2641	0.0012	0.1861	0.0076	0.2370
12	19	0.0678	2	1	1	1	1	0	0	0	0	N	N	N	N	N	N	N	N	N	N	N	N	0.1564	1.4062	0.0821	1.3063	1.2211	1.1640	0.1963	1.0502	0.0841	0.0188	0.0190	0.0170	0.0004	0.0004	0.0038	0.0309	0.0339	0.0174	0.1203	0.0135	0.2068	0.0003	0.0003	0.0032	0.1577	0.0323	0.2069	0.1122	18.8374	-0.0000	0.0085	0.0030	6.5178	3.4320	2.8428	0.0000	0.0000	0.0000	0.0000	0.0000	0.0000	0.0000	0.0000	0.0000	0.0248	0.0013	0.0236	0.0000	0.0000	0.0000	0.0248	0.0012	0.0236	0.0015	0.0013	0.0002	0.0006	0.0006	0.0000	0.0009	0.0007	0.0002	0.2065	0.0925	0.1140	0.0491	0.0490	0.0001	0.1574	0.0434	0.1140	0.1564	1.4062	0.0821	1.3063	1.2211	1.1640	0.1963	1.1905	0.0841	0.1203	0.0135	0.2068	0.0003	0.0003	0.0032	0.1577	0.0285	0.2069
12	20	0.0678	2	2	1	2	0	0	0	0	0	Y	N	Y	N	N	N	N	N	N	N	N	N	inf	inf	inf	inf	0.0139	0.0154	0.0000	0.0302	0.0303	0.0000	0.0000	0.0000	0.0000	0.0000	0.0000	0.0000	0.0000	0.0000	0.0000	0.0000	0.0000	0.0000	0.0000	-0.0000	0.0000	0.0030	0.0002	3.4320	0.0000	0.0000	0.0000	0.0000	0.0000	0.0000	0.0000	0.0000	0.0000	0.0000	0.0000	0.0000	0.0000	0.0000	0.0000	0.0000	0.0000	0.0000	0.0000	0.0000	0.0000	0.0000	0.0000	0.0000	0.0000	0.0000	0.0000	0.0000	0.0000	0.0000	0.0000	0.0000	0.0000	0.0000	0.0000	0.0000	0.0000	inf	inf	0.0000	inf	inf	0.0000	0.0000	0.0000	0.0000	0.0000	0.0000	0.0000	0.0000	0.0000	0.0000	0.0000	0.0000	0.0000						
12	21	0.0678	2	2	0	2	0	0	0	0	0	Y	N	Y	N	N	N	N	N	N	N	N	N	0.1252	inf	0.0000	inf	inf	0.0000	0.0000	0.0139	0.0154	0.0000	0.0302	0.0303	0.0000	0.0000	0.0000	0.0000	0.1113	0.0000	0.1995	0.0000	0.0000	0.0000	0.1475	0.0000	0.1996	0.0000	inf	-0.0000	0.0024	0.0030	0.0002	3.4320	2.0000	0.0000	0.0000	0.0000	0.0000	0.0000	0.0000	0.0000	0.0000	0.0000	0.0060	0.0000	0.0060	0.0000	0.0000	0.0000	0.0060	0.0000	0.0060	0.0000	0.0000	0.0000	0.0000	0.0000	0.0000	0.0000	0.0000	0.0000	0.0542	0.0240	0.0303	0.0133	0.0133	0.0000	0.0410	0.0107	0.0303	0.1252	inf	0.0000	inf	inf	0.0000	0.0000	0.0000	0.0000	0.1113	0.0000	0.1995	0.0000	0.0000	0.0000	0.1475	0.0000	0.1996		
12	25	0.1029	5	2	1	1	1	0	0	0	0	Y	N	N	N	N	N	N	N	N	N	N	N	0.0000	0.0000	0.0000	0.0000	0.0000	0.0000	0.0000	0.0000	0.0000	0.0000	0.0000	0.0000	0.0000	0.0000	0.0000	0.0000	12.1413	0.0036	30.2920	0.0043	0.0045	0.0000	24.4354	0.0000	31.8191	5627.9396	0.0000	0.1725	0.0030	0.0332	3.4320	1.0637	0.0000	0.0000	0.0000	0.0000	0.0000	0.0000	0.0000	0.0000	0.0000	0.4394	0.0001	0.4394	0.0001	0.0001	0.0000	0.4394	0.0000	0.4394	0.0000	0.0000	0.0000	0.0000	0.0000	0.0000	0.0000	0.0000	0.0000	0.0362	0.0217	0.0145	0.0182	0.0175	0.0007	0.0180	0.0042	0.0138	0.0000	0.0000	0.0000	0.0000	0.0000	0.0000	0.0000	0.0000	0.0000	12.1413	0.0036	30.2920	0.0043	0.0045	0.0000	24.4354	0.0000	31.8191			
12	26	0.1029	5	1	1	1	1	0	0	0	0	N	N	N	N	N	N	N	N	N	N	N	N	0.0000	0.0000	0.0000	0.0000	0.0000	0.0000	0.0000	0.0000	0.0000	0.0000	0.0000	0.0000	0.0000	0.0000	0.0000	0.0000	0.0000	0.0000	7.6264	13.7062	0.0235	0.0038	0.0037	0.0049	15.1031	84.8900	0.0249	0.0014	0.0000	-0.6026	0.0030	1.9667	3.4320	4.8619	0.0000	0.0000	0.0000	0.0000	0.0000	0.0000	0.0000	0.0000	0.0000	0.9946	0.9932	0.0014	0.0002	0.0002	0.0000	0.9944	0.9930	0.0013	0.0005	0.0005	0.0001	0.0002	0.0002	0.0000	0.0003	0.0002	0.0001	0.1304	0.0725	0.0579	0.0646	0.0608	0.0038	0.0658	0.0117	0.0541	0.0000	0.0000	0.0000	0.0000	0.0000	0.0000	0.0000	0.0000	0.0000	7.6264	13.7062	0.0235	0.0038	0.0037	0.0049	15.1031	84.8900	0.0249	
12	27	0.1080	6	1	1	1	0	0	0	0	0	N	N	N	N	N	N	N	N	N	N	N	N	0.0000	0.0000	0.0000	0.0000	0.0000	0.0000	0.0000	0.0000	0.0000	0.0000	0.0000	0.0000	0.0000	0.0000	0.0000	0.0000	12.3486	0.0000	25.9614	0.0000	0.0000	0.0000	24.8368	0.0000	27.0131	640628.9533	0.0000	0.1702	0.0030	0.0014	3.4320	0.9895	0.0000	0.0000	0.0000	0.0000	0.0000	0.0000	0.0000	0.0000	0.0000	0.4334	0.0000	0.4334	0.0000	0.0000	0.0000	0.4334	0.0000	0.4334	0.0000	0.0000	0.0000	0.0000	0.0000	0.0000	0.0000	0.0000	0.0000	0.0351	0.0184	0.0167	0.0176	0.0170	0.0006	0.0174	0.0014	0.0160	0.0000	0.0000	0.0000	0.0000	0.0000	0.0000	0.0000	0.0000	0.0000	12.3486	0.0000	25.9614	0.0000	0.0000	0.0000	24.8368	0.0000	27.0131			
12	28	0.1029	5	1	0	2	1	0	0	0	0	N	N	Y	N	N	N	N	N	N	N	N	N	0.0000	0.0000	0.0000	0.0000	0.0000	0.0000	0.0000	0.0000	0.0000	0.0000	0.0000	0.0000	0.0000	0.0000	0.0000	0.0000	0.0000	0.0173	0.0026	0.0365	0.0034	0.0031	0.0081	0.0313	0.0000	0.0383	10.7066	0.0000	0.0005	0.0030	1.0331	3.4320	2.8608	0.0000	0.0000	0.0000	0.0000	0.0000	0.0000	0.0000	0.0000	0.0000	0.0015	0.0001	0.0014	0.0001	0.0001	0.0000	0.0013	0.0000	0.0013	0.0003	0.0002	0.0000	0.0001	0.0001	0.0000	0.0001	0.0001	0.0000	0.0861	0.0487	0.0374	0.0431	0.0407	0.0023	0.0430	0.0079	0.0351	0.0000	0.0000	0.0000	0.0000	0.0000	0.0000	0.0000	0.0000	0.0000	0.0173	0.0026	0.0365	0.0034	0.0031	0.0081	0.0313	0.0000	0.0383		
12	29	0.1029	5	1	0	2	1	0	0	0	0	N	N	Y	N	N	N	N	N	N	N	N	N	0.0000	0.0000	0.0000	0.0000	0.0000	0.0000	0.0000	0.0000	0.0000	0.0000	0.0000	0.0000	0.0000	0.0000	0.0000	0.0000	6.0958	0.0019	14.1794	0.0022	0.0023	0.0000	12.2229	0.0000	15.0839	5627.9396	0.0000	0.1725	0.0030	0.0332	3.4320	3.0294	0.0000	0.0000	0.0000	0.0000	0.0000	0.0000	0.0000	0.0000	0.0000	0.4394	0.0001	0.4394	0.0001	0.0001	0.0000	0.4394	0.0000	0.4394	0.0000	0.0000	0.0000	0.0000	0.0000	0.0000	0.0000	0.0000	0.0000	0.0721	0.0411	0.0310	0.0361	0.0343	0.0019	0.0359	0.0068	0.0291	0.0000	0.0000	0.0000	0.0000	0.0000	0.0000	0.0000	0.0000	0.0000	6.0958	0.0019	14.1794	0.0022	0.0023	0.0000	12.2229	0.0000	15.0839			
12	30	0.1271	5	2	1	1	0	0	0	0	0	Y	N	N	N	N	N	N	N	N	N	N	N	0.0000	0.0000	0.0000	0.0000	0.0000	0.0000	0.0000	0.0000	0.0000	0.0000	0.0000	0.0000	0.0000	0.0000	0.0000	0.0000	0.0000	0.0000	0.0000	0.0000	0.0030	0.0000	3.4320	2.0000	0.0000	0.0000	0.0000	0.0000	0.0000	0.0000	0.0000	0.0000	0.0000	0.0000	0.0000	0.0000	0.0000	0.0000	0.0000	0.0000	0.0000	0.0000	0.0000	0.0000	0.0000	0.0000	0.0000	0.0000	0.0000	0.0000	0.0000	0.0438	0.0235	0.0203	0.0181	0.0176	0.0005	0.0257	0.0059	0.0198	0.0000	0.0000	0.0000	0.0000	0.0000	0.0000	0.0000	0.0000	0.0000	0.0000	0.0000	0.0000	0.0000	0.0000	0.0000	0.0000	0.0000	0.0000											
12	31	0.1001	4	2	1	1	0	0	0	0	0	Y	N	N	N	N	N	N	N	N	N	N	N	27.6910	0.0000	236.0122	0.0000	0.0000	0.0000	65.3427	253.6965	0.0336	0.0000	0.2941	0.0000	0.0000	0.0000	0.0625	0.0000	0.3156	0.0012	0.0012	0.0012	0.0016	0.0016	0.0013	0.0010	0.0000	0.0012	inf	0.8763	0.0000	-0.0000	0.0030	0.9772	3.4320	4.1826	0.0000	0.0000	0.0000	0.0000	0.0000	0.0000	0.0000	0.0000	0.0000	0.0001	0.0001	0.0001	0.0001	0.0001	0.0000	0.0001	0.0000	0.0001	0.0003	0.0003	0.0000	0.0001	0.0001	0.0000	0.0002	0.0001	0.0000	0.1107	0.0603	0.0504	0.0467	0.0456	0.0011	0.0640	0.0148	0.0492	27.6910	0.0000	236.0122	0.0000	0.0000	0.0000	65.3427	0.0000	253.6965	0.0012	0.0012	0.0012	0.0016	0.0016	0.0013	0.0010	0.0000	0.0012	
12	32	0.1080	6	2	1	1	0	0	0	0	0	Y	N	N	N	N	N	N	N	N	N	N	N	0.0000	0.0000	0.0000	0.0000	0.0000	0.0000	0.0000	0.0000	0.0000	0.0000	0.0000	0.0000	0.0000	0.0000	0.0000	0.0000	0.1689	0.3218	0.0000	0.3359	0.3491	0.0000	0.0000	0.0000	0.0000	0.0000	0.0000	-0.0037	0.0030	0.0015	3.4320	1.0489	0.0000	0.0000	0.0000	0.0000	0.0000	0.0000	0.0000	0.0000	0.0000	0.0061	0.0061	0.0000	0.0061	0.0061	0.0000	0.0000	0.0000	0.0000	0.0000	0.0000	0.0000	0.0000	0.0000	0.0000	0.0000	0.0000	0.0000	0.0363	0.0190	0.0172	0.0182	0.0175	0.0007	0.0180	0.0015	0.0165	0.0000	0.0000	0.0000	0.0000	0.0000	0.0000	0.0000	0.0000	0.0000	0.1689	0.3218	0.0000	0.3359	0.3491	0.0000	0.0000	0.0000	0.0000			
12	33	0.1029	5	1	1	1	0	0	0	0	0	N	N	N	N	N	N	N	N	N	N	N	N	0.0000	0.0000	0.0000	0.0000	0.0000	0.0000	0.0000	0.0000	0.0000	0.0000	0.0000	0.0000	0.0000	0.0000	0.0000	0.0000	0.0000	0.0000	0.1133	0.0068	0.2597	0.0078	0.0082	0.0000	0.2199	0.0000	0.2753	27.7635	0.0000	0.0023	0.0030	0.9657	3.4320	1.1858	0.0000	0.0000	0.0000	0.0000	0.0000	0.0000	0.0000	0.0000	0.0000	0.0063	0.0002	0.0061	0.0002	0.0002	0.0000	0.0061	0.0000	0.0061	0.0003	0.0002	0.0000	0.0001	0.0001	0.0000	0.0001	0.0001	0.0000	0.0560	0.0324	0.0236	0.0281	0.0268	0.0013	0.0278	0.0056	0.0222	0.0000	0.0000	0.0000	0.0000	0.0000	0.0000	0.0000	0.0000	0.0000	0.1133	0.0068	0.2597	0.0078	0.0082	0.0000	0.2199	0.0000	0.2753	
12	34	0.1001	4	1	0	1	0	0	0	0	0	N	N	N	N	N	N	N	N	N	N	N	N	0.0626	0.0438	0.0000	0.0655	0.0651	0.0000	0.0000	0.0000	0.0000	0.0009	0.0010	0.0000	0.0020	0.0020	0.0000	0.0000	0.0000	0.0000	0.0144	0.0232	0.0036	0.0299	0.0306	0.0001	0.0028	0.0000	0.0037	0.0000	0.1266	-0.0000	-0.0006	0.0030	1.9916	3.4320	1.9964	0.0000	0.0000	0.0000	0.0000	0.0000	0.0000	0.0000	0.0000	0.0000	0.0013	0.0012	0.0001	0.0012	0.0012	0.0000	0.0001	0.0000	0.0001	0.0005	0.0005	0.0001	0.0002	0.0002	0.0000	0.0003	0.0002	0.0001	0.0913	0.0502	0.0411	0.0390	0.0381	0.0009	0.0523	0.0122	0.0402	0.0626	0.0438	0.0000	0.0655	0.0651	0.0000	0.0000	0.0000	0.0000	0.0144	0.0232	0.0036	0.0299	0.0306	0.0001	0.0028	0.0000	0.0037
12	35	0.0920	3	1	0	1	0	0	0	0	0	N	N	N	N	N	N	N	N	N	N	N	N	2.0024	0.6860	32.8305	1.0267	1.0189	0.0000	8.1800	0.0000	34.0777	0.0159	0.0090	0.0735	0.0170	0.0171	0.0000	0.0150	0.0000	0.0774	0.0079	0.0132	0.0022	0.0165	0.0168	0.0004	0.0018	0.0000	0.0023	0.9719	0.1557	-0.0000	-0.0002	0.0030	0.1320	3.4320	1.9445	0.0000	0.0000	0.0000	0.0000	0.0000	0.0000	0.0000	0.0000	0.0000	0.0004	0.0004	0.0001	0.0004	0.0004	0.0000	0.0001	0.0000	0.0001	0.0001	0.0001	0.0000	0.0000	0.0000	0.0000	0.0000	0.0000	0.0000	0.0556	0.0291	0.0266	0.0232	0.0227	0.0004	0.0325	0.0063	0.0261	2.0024	0.6860	32.8305	1.0267	1.0189	0.0000	8.1800	0.0000	34.0777	0.0079	0.0132	0.0022	0.0165	0.0168	0.0004	0.0018	0.0000	0.0023
12	36	0.0678	2	1	0	1	0	0	0	0	0	N	N	N	N	N	N	N	N	N	N	N	N	0.3307	0.0025	2.2298	0.0041	0.0046	0.5158	0.0000	2.2964	0.0005	0.0000	0.0044	0.0000	0.0000	0.0000	0.0008	0.0000	0.0045	0.0015	0.0010	0.0020	0.0012	0.0012	0.0000	0.0016	0.0008	0.0020	226.1746	2.3980	0.0000	0.0000	0.0030	4.0393	3.4320	1.1787	0.0000	0.0000	0.0000	0.0000	0.0000	0.0000	0.0000	0.0000	0.0000	0.0002	0.0001	0.0001	0.0000	0.0000	0.0000	0.0002	0.0000	0.0001	0.0010	0.0009	0.0001	0.0004	0.0004	0.0000	0.0006	0.0005	0.0001	0.1291	0.0574	0.0717	0.0312	0.0312	0.0000	0.0979	0.0262	0.0717	0.3307	0.0025	2.2298	0.0041	0.0046	0.0000	0.5158	0.0000	2.2964	0.0015	0.0010	0.0020	0.0012	0.0012	0.0000	0.0016	0.0008	0.0020	
13	16	0.0951	5	2	2	1	0	0	0	0	0	Y	Y	N	N	N	N	N	N	N	N	N	N	0.0000	0.0000	0.0000	0.0000	0.0000	0.0000	0.0000	0.0000	0.0000	0.0000	0.0000	0.0000	0.0000	0.0000	0.0000	0.0000	0.0000	0.0000	0.0000	0.0000	0.0000	0.0000	0.0000	0.0000	0.0000	0.0000	0.0000	0.0000	0.0000	0.0000	0.0000	0.0000	0.0000	0.0000	0.0000	0.0000	0.0000	0.0000	0.0000	0.0000	0.0000	0.0000	0.0000	0.0000	0.0000	0.0000	0.0000	0.0000	0.0000	0.0000	0.0000	0.0000	0.0000	0.0000	0.0000	0.0000	0.0000	0.0000	0.0000	0.0000	0.0000	0.0000	0.0000	0.0000	0.0000	0.0000	0.0000	0.0000	0.0000	0.0000	0.0000	0.0000	0.0000	0.0000	0.0000	0.0000	0.0000	0.0000											
13	17	0.1655	4	1	2	1	1	0	0	0	0	N	Y	N	N	N	N	N	N	N	N	N	N	0.0000	0.0000	0.0000	0.0000	0.0000	0.0000	0.0000	0.0000	0.0000	0.0000	0.0000	0.0000	0.0000	0.0000	0.0000	0.0000	0.0000	0.0000	0.0000	0.0000	0.0000	4.0170	0.0000	2.2643	0.0000	0.0000	0.0000	0.0000	0.0000	0.0000	0.0000	0.0000	0.0000	0.0000	0.0000	0.0000	0.0000	0.0000	0.0000	0.0000	0.0000	0.0000	0.0000	0.0000	0.0000	0.0000	0.0000	0.0000	0.0000	0.0000	0.0000	0.0000	0.0000	0.0000	0.0000	0.0000	0.0000	0.0000	0.0000	0.0000	0.0000	0.0000	0.0000	0.0000	0.0000	0.0000	0.0000	0.0000	0.0000	0.0000	0.0000	0.0000	0.0000	0.0000	0.0000	0.0000	0.0000	0.0000											
13	18	0.1400	3	1	2	1	1	0	0	0	0	N	Y	N	N	N	N	N	N	N	N	N	N	0.0000	0.0000	0.0000	0.0000	0.0000	0.0000	0.0000	0.0000	0.0000	0.0000	0.0000	0.0000	0.0000	0.0000	0.0000	0.0000	0.0000	0.0000	0.0000	0.0000	0.0000	1.3501	0.0000	4.0902	0.0000	0.0000	0.0000	0.0000	0.0000	0.0000	0.0000	0.0000	0.0000	0.0000	0.0000	0.0000	0.0000	0.0000	0.0000	0.0000	0.0000	0.0000	0.0000	0.0000	0.0000	0.0000	0.0000	0.0000	0.0000	0.0000	0.0000	0.0000	0.0000	0.0000	0.0000	0.0000	0.0000	0.0000	0.0000	0.0000	0.0000	0.0000	0.0000	0.0000	0.0000	0.0000	0.0000	0.0000	0.0000	0.0000	0.0000	0.0000	0.0000	0.0000	0.0000	0.0000	0.0000	0.0000											
13	19	0.0358	2	1	2	1	1	0	0	0	0	N	Y	N	N	N	N	N	N	N	N	N	N	0.0000	0.0000	0.0000	0.0000	0.0000	0.0000	0.0000	0.0000	0.0000	0.0000	0.0000	0.0000	0.0000	0.0000	0.0000	0.0000	0.0000	0.0000	0.0000	0.0000	0.0000	6.5178	0.0000	2.8428	0.0000	0.0000	0.0000	0.0000	0.0000	0.0000	0.0000	0.0000	0.0000	0.0000	0.0000	0.0000	0.0000	0.0000	0.0000	0.0000	0.0000	0.0000	0.0000	0.0000	0.0000	0.0000	0.0000	0.0000	0.0000	0.0000	0.0000	0.0000	0.0000	0.0000	0.0000	0.0000	0.0000	0.0000	0.0000	0.0000	0.0000	0.0000	0.0000	0.0000	0.0000	0.0000	0.0000	0.0000	0.0000	0.0000	0.0000	0.0000	0.0000	0.0000	0.0000	0.0000	0.0000	0.0000											
13	20	0.0358	2	2	2	2	0	0	0	0	0	Y	Y	Y	N	N	N	N	N	N	N	N	N	0.0000	0.0000	0.0000	0.0000	0.0000	0.0000	0.0000	0.0000	0.0000	0.0000	0.0000	0.0000	0.0000	0.0000	0.0000	0.0000	0.0000	0.0000	0.0000	0.0000	0.0000	0.0002	0.0000	0.0000	0.0000	0.0000	0.0000	0.0000	0.0000	0.0000	0.0000	0.0000	0.0000	0.0000	0.0000	0.0000	0.0000	0.0000	0.0000	0.0000	0.0000	0.0000	0.0000	0.0000	0.0000	0.0000	0.0000	0.0000	0.0000	0.0000	0.0000	0.0000	0.0000	0.0000	0.0000	0.0000	0.0000	0.0000	0.0000	0.0000	0.0000	0.0000	0.0000	0.0000	0.0000	0.0000	0.0000	0.0000	0.0000	0.0000	0.0000	0.0000	0.0000	0.0000	0.0000	0.0000	0.0000	0.0000											
13	21	0.0358	2	2	1	2	0	0	0	0	0	Y	N	Y	N	N	N	N	N	N	N	N	N	0.0000	0.0000	0.0000	0.0000	0.0000	0.0000	0.0000	0.0000	0.0000	0.0000	0.0000	0.0000	0.0000	0.0000	0.0000	0.0000	0.0000	0.0000	0.0000	0.0000	0.0000	0.0002	0.0000	2.0000	0.0000	0.0000	0.0000	0.0000	0.0000	0.0000	0.0000	0.0000	0.0000	0.0000	0.0000	0.0000	0.0000	0.0000	0.0000	0.0000	0.0000	0.0000	0.0000	0.0000	0.0000	0.0000	0.0000	0.0000	0.0000	0.0000	0.0000	0.0000	0.0000	0.0000	0.0000	0.0000	0.0000	0.0000	0.0000	0.0000	0.0000	0.0000	0.0000	0.0000	0.0000	0.0000	0.0000	0.0000	0.0000	0.0000	0.0000	0.0000	0.0000	0.0000	0.0000	0.0000	0.0000	0.0000											
13	23	0.0776	3	1	2	1	0	0	0	0	0	N	Y	N	N	N	N	N	N	N	N	N	N	0.0000	0.0000	0.0000	0.0000	0.0000	0.0000	0.0000	0.0000	0.0000	0.0000	0.0000	0.0000	0.0000	0.0000	0.0000	0.0000	0.0000	0.0000	0.0000	0.0000	0.0000	0.0000	0.0000	2.4393	0.0000	0.0000	0.0000	0.0000	0.0000	0.0000	0.0000	0.0000	0.0000	0.0000	0.0000	0.0000	0.0000	0.0000	0.0000	0.0000	0.0000	0.0000	0.0000	0.0000	0.0000	0.0000	0.0000	0.0000	0.0000	0.0000	0.0000	0.0000	0.0000	0.0000	0.0000	0.0000	0.0000	0.0000	0.0000	0.0000	0.0000	0.0000	0.0000	0.0000	0.0000	0.0000	0.0000	0.0000	0.0000	0.0000	0.0000	0.0000	0.0000	0.0000	0.0000	0.0000	0.0000	0.0000											
13	24	0.0358	2	1	1	1	0	0	0	0	0	N	N	N	N	N	N	N	N	N	N	N	N	0.0000	0.0000	0.0000	0.0000	0.0000	0.0000	0.0000	0.0000	0.0000	0.0000	0.0000	0.0000	0.0000	0.0000	0.0000	0.0000	0.0000	0.0000	0.0000	0.0000	0.0000	3.9968	0.0000	2.5738	0.0000	0.0000	0.0000	0.0000	0.0000	0.0000	0.0000	0.0000	0.0000	0.0000	0.0000	0.0000	0.0000	0.0000	0.0000	0.0000	0.0000	0.0000	0.0000	0.0000	0.0000	0.0000	0.0000	0.0000	0.0000	0.0000	0.0000	0.0000	0.0000	0.0000	0.0000	0.0000	0.0000	0.0000	0.0000	0.0000	0.0000	0.0000	0.0000	0.0000	0.0000	0.0000	0.0000	0.0000	0.0000	0.0000	0.0000	0.0000	0.0000	0.0000	0.0000	0.0000	0.0000	0.0000											
13	25	0.0709	5	2	2	1	1	0	0	0	0	Y	Y	N	N	N	N	N	N	N	N	N	N	0.0000	0.0000	0.0000	0.0000	0.0000	0.0000	0.0000	0.0000	0.0000	0.0000	0.0000	0.0000	0.0000	0.0000	0.0000	0.0000	0.0000	0.0000	0.0000	0.0000	0.0000	0.0332	0.0000	1.0637	0.0000	0.0000	0.0000	0.0000	0.0000	0.0000	0.0000	0.0000	0.0000	0.0000	0.0000	0.0000	0.0000	0.0000	0.0000	0.0000	0.0000	0.0000	0.0000	0.0000	0.0000	0.0000	0.0000	0.0000	0.0000	0.0000	0.0000	0.0000	0.0000	0.0000	0.0000	0.0000	0.0000	0.0000	0.0000	0.0000	0.0000	0.0000	0.0000	0.0000	0.0000	0.0000	0.0000	0.0000	0.0000	0.0000	0.0000	0.0000	0.0000	0.0000	0.0000	0.0000	0.0000	0.0000											
13	26	0.0709	5	1	2	1	1	0	0	0	0	N	Y	N	N	N	N	N	N	N	N	N	N	0.0000	0.0000	0.0000	0.0000	0.0000	0.0000	0.0000	0.0000	0.0000	0.0000	0.0000	0.0000	0.0000	0.0000	0.0000	0.0000	0.0000	0.0000	0.0000	0.0000	0.0000	1.9667	0.0000	4.8619	0.0000	0.0000	0.0000	0.0000	0.0000	0.0000	0.0000	0.0000	0.0000	0.0000	0.0000	0.0000	0.0000	0.0000	0.0000	0.0000	0.0000	0.0000	0.0000	0.0000	0.0000	0.0000	0.0000	0.0000	0.0000	0.0000	0.0000	0.0000	0.0000	0.0000	0.0000	0.0000	0.0000	0.0000	0.0000	0.0000	0.0000	0.0000	0.0000	0.0000	0.0000	0.0000	0.0000	0.0000	0.0000	0.0000	0.0000	0.0000	0.0000	0.0000	0.0000	0.0000	0.0000	0.0000											
13	27	0.0760	6	1	2	1	0	0	0	0	0	N	Y	N	N	N	N	N	N	N	N	N	N	0.0000	0.0000	0.0000	0.0000	0.0000	0.0000	0.0000	0.0000	0.0000	0.0000	0.0000	0.0000	0.0000	0.0000	0.0000	0.0000	0.0000	0.0000	0.0000	0.0000	0.0000	0.0014	0.0000	0.9895	0.0000	0.0000	0.0000	0.0000	0.0000	0.0000	0.0000	0.0000	0.0000	0.0000	0.0000	0.0000	0.0000	0.0000	0.0000	0.0000	0.0000	0.0000	0.0000	0.0000	0.0000	0.0000	0.0000	0.0000	0.0000	0.0000	0.0000	0.0000	0.0000	0.0000	0.0000	0.0000	0.0000	0.0000	0.0000	0.0000	0.0000	0.0000	0.0000	0.0000	0.0000	0.0000	0.0000	0.0000	0.0000	0.0000	0.0000	0.0000	0.0000	0.0000	0.0000	0.0000	0.0000	0.0000											
13	28	0.0709	5	1	1	2	1	0	0	0	0	N	N	Y	N	N	N	N	N	N	N	N	N	0.0000	0.0000	0.0000	0.0000	0.0000	0.0000	0.0000	0.0000	0.0000	0.0000	0.0000	0.0000	0.0000	0.0000	0.0000	0.0000	0.0000	0.0000	0.0000	0.0000	0.0000	1.0331	0.0000	2.8608	0.0000	0.0000	0.0000	0.0000	0.0000	0.0000	0.0000	0.0000	0.0000	0.0000	0.0000	0.0000	0.0000	0.0000	0.0000	0.0000	0.0000	0.0000	0.0000	0.0000	0.0000	0.0000	0.0000	0.0000	0.0000	0.0000	0.0000	0.0000	0.0000	0.0000	0.0000	0.0000	0.0000	0.0000	0.0000	0.0000	0.0000	0.0000	0.0000	0.0000	0.0000	0.0000	0.0000	0.0000	0.0000	0.0000	0.0000	0.0000	0.0000	0.0000	0.0000	0.0000	0.0000	0.0000											
13	29	0.0709	5	1	1	2	1	0	0	0	0	N	N	Y	N	N	N	N	N	N	N	N	N	0.0000	0.0000	0.0000	0.0000	0.0000	0.0000	0.0000	0.0000	0.0000	0.0000	0.0000	0.0000	0.0000	0.0000	0.0000	0.0000	0.0000	0.0000	0.0000	0.0000	0.0000	0.0332	0.0000	3.0294	0.0000	0.0000	0.0000	0.0000	0.0000	0.0000	0.0000	0.0000	0.0000	0.0000	0.0000	0.0000	0.0000	0.0000	0.0000	0.0000	0.0000	0.0000	0.0000	0.0000	0.0000	0.0000	0.0000	0.0000	0.0000	0.0000	0.0000	0.0000	0.0000	0.0000	0.0000	0.0000	0.0000	0.0000	0.0000	0.0000	0.0000	0.0000	0.0000	0.0000	0.0000	0.0000	0.0000	0.0000	0.0000	0.0000	0.0000	0.0000	0.0000	0.0000	0.0000	0.0000	0.0000	0.0000											
13	30	0.0951	5	2	2	1	0	0	0	0	0	Y	Y	N	N	N	N	N	N	N	N	N	N	0.0000	0.0000	0.0000	0.0000	0.0000	0.0000	0.0000	0.0000	0.0000	0.0000	0.0000	0.0000	0.0000	0.0000	0.0000	0.0000	0.0000	0.0000	0.0000	0.0000	0.0000	0.0000	0.0000	2.0000	0.0000	0.0000	0.0000	0.0000	0.0000	0.0000	0.0000	0.0000	0.0000	0.0000	0.0000	0.0000	0.0000	0.0000	0.0000	0.0000	0.0000	0.0000	0.0000	0.0000	0.0000	0.0000	0.0000	0.0000	0.0000	0.0000	0.0000	0.0000	0.0000	0.0000	0.0000	0.0000	0.0000	0.0000	0.0000	0.0000	0.0000	0.0000	0.0000	0.0000	0.0000	0.0000	0.0000	0.0000	0.0000	0.0000	0.0000	0.0000	0.0000	0.0000	0.0000	0.0000	0.0000	0.0000											
13	31	0.0681	4	2	2	1	0	0	0	0	0	Y	Y	N	N	N	N	N	N	N	N	N	N	0.0000	0.0000	0.0000	0.0000	0.0000	0.0000	0.0000	0.0000	0.0000	0.0000	0.0000	0.0000	0.0000	0.0000	0.0000	0.0000	0.0000	0.0000	0.0000	0.0000	0.0000	0.9772	0.0000	4.1826	0.0000	0.0000	0.0000	0.0000	0.0000	0.0000	0.0000	0.0000	0.0000	0.0000	0.0000	0.0000	0.0000	0.0000	0.0000	0.0000	0.0000	0.0000	0.0000	0.0000	0.0000	0.0000	0.0000	0.0000	0.0000	0.0000	0.0000	0.0000	0.0000	0.0000	0.0000	0.0000	0.0000	0.0000	0.0000	0.0000	0.0000	0.0000	0.0000	0.0000	0.0000	0.0000	0.0000	0.0000	0.0000	0.0000	0.0000	0.0000	0.0000	0.0000	0.0000	0.0000	0.0000	0.0000											
13	32	0.0760	6	2	2	1	0	0	0	0	0	Y	Y	N	N	N	N	N	N	N	N	N	N	0.0000	0.0000	0.0000	0.0000	0.0000	0.0000	0.0000	0.0000	0.0000	0.0000	0.0000	0.0000	0.0000	0.0000	0.0000	0.0000	0.0000	0.0000	0.0000	0.0000	0.0000	0.0015	0.0000	1.0489	0.0000	0.0000	0.0000	0.0000	0.0000	0.0000	0.0000	0.0000	0.0000	0.0000	0.0000	0.0000	0.0000	0.0000	0.0000	0.0000	0.0000	0.0000	0.0000	0.0000	0.0000	0.0000	0.0000	0.0000	0.0000	0.0000	0.0000	0.0000	0.0000	0.0000	0.0000	0.0000	0.0000	0.0000	0.0000	0.0000	0.0000	0.0000	0.0000	0.0000	0.0000	0.0000	0.0000	0.0000	0.0000	0.0000	0.0000	0.0000	0.0000	0.0000	0.0000	0.0000	0.0000	0.0000											
13	33	0.0709	5	1	2	1	0	0	0	0	0	N	Y	N	N	N	N	N	N	N	N	N	N	0.0000	0.0000	0.0000	0.0000	0.0000	0.0000	0.0000	0.0000	0.0000	0.0000	0.0000	0.0000	0.0000	0.0000	0.0000	0.0000	0.0000	0.0000	0.0000	0.0000	0.0000	0.9657	0.0000	1.1858	0.0000	0.0000	0.0000	0.0000	0.0000	0.0000	0.0000	0.0000	0.0000	0.0000	0.0000	0.0000	0.0000	0.0000	0.0000	0.0000	0.0000	0.0000	0.0000	0.0000	0.0000	0.0000	0.0000	0.0000	0.0000	0.0000	0.0000	0.0000	0.0000	0.0000	0.0000	0.0000	0.0000	0.0000	0.0000	0.0000	0.0000	0.0000	0.0000	0.0000	0.0000	0.0000	0.0000	0.0000	0.0000	0.0000	0.0000	0.0000	0.0000	0.0000	0.0000	0.0000	0.0000	0.0000											
13	34	0.0681	4	1	1	1	0	0	0	0	0	N	N	N	N	N	N	N	N	N	N	N	N	0.0000	0.0000	0.0000	0.0000	0.0000	0.0000	0.0000	0.0000	0.0000	0.0000	0.0000	0.0000	0.0000	0.0000	0.0000	0.0000	0.0000	0.0000	0.0000	0.0000	0.0000	1.9916	0.0000	1.9964	0.0000	0.0000	0.0000	0.0000	0.0000	0.0000	0.0000	0.0000	0.0000	0.0000	0.0000	0.0000	0.0000	0.0000	0.0000	0.0000	0.0000	0.0000	0.0000	0.0000	0.0000	0.0000	0.0000	0.0000	0.0000	0.0000	0.0000	0.0000	0.0000	0.0000	0.0000	0.0000	0.0000	0.0000	0.0000	0.0000	0.0000	0.0000	0.0000	0.0000	0.0000	0.0000	0.0000	0.0000	0.0000	0.0000	0.0000	0.0000	0.0000	0.0000	0.0000	0.0000	0.0000	0.0000											
13	35	0.0600	3	1	1	1	0	0	0	0	0	N	N	N	N	N	N	N	N	N	N	N	N	0.0000	0.0000	0.0000	0.0000	0.0000	0.0000	0.0000	0.0000	0.0000	0.0000	0.0000	0.0000	0.0000	0.0000	0.0000	0.0000	0.0000	0.0000	0.0000	0.0000	0.0000	0.1320	0.0000	1.9445	0.0000	0.0000	0.0000	0.0000	0.0000	0.0000	0.0000	0.0000	0.0000	0.0000	0.0000	0.0000	0.0000	0.0000	0.0000	0.0000	0.0000	0.0000	0.0000	0.0000	0.0000	0.0000	0.0000	0.0000	0.0000	0.0000	0.0000	0.0000	0.0000	0.0000	0.0000	0.0000	0.0000	0.0000	0.0000	0.0000	0.0000	0.0000	0.0000	0.0000	0.0000	0.0000	0.0000	0.0000	0.0000	0.0000	0.0000	0.0000	0.0000	0.0000	0.0000	0.0000	0.0000	0.0000											
13	36	0.0358	2	1	1	1	0	0	0	0	0	N	N	N	N	N	N	N	N	N	N	N	N	0.0000	0.0000	0.0000	0.0000	0.0000	0.0000	0.0000	0.0000	0.0000	0.0000	0.0000	0.0000	0.0000	0.0000	0.0000	0.0000	0.0000	0.0000	0.0000	0.0000	0.0000	4.0393	0.0000	1.1787	0.0000	0.0000	0.0000	0.0000	0.0000	0.0000	0.0000	0.0000	0.0000	0.0000	0.0000	0.0000	0.0000	0.0000	0.0000	0.0000	0.0000	0.0000	0.0000	0.0000	0.0000	0.0000	0.0000	0.0000	0.0000	0.0000	0.0000	0.0000	0.0000	0.0000	0.0000	0.0000	0.0000	0.0000	0.0000	0.0000	0.0000	0.0000	0.0000	0.0000	0.0000	0.0000	0.0000	0.0000	0.0000	0.0000	0.0000	0.0000	0.0000	0.0000	0.0000	0.0000	0.0000	0.0000											
14	16	0.0951	5	2	2	1	0	0	0	0	0	Y	Y	N	N	N	N	N	N	N	N	N	N	0.0000	0.0000	0.0000	0.0000	0.0000	0.0000	0.0000	0.0000	0.0000	0.0000	0.0000	0.0000	0.0000	0.0000	0.0000	0.0000	0.0000	0.0000	0.0000	0.0000	0.0000	0.0000	0.0000	0.0000	0.0000	0.0000	0.0000	0.0000	0.0000	0.0000	0.0000	0.0000	0.0000	0.0000	0.0000	0.0000	0.0000	0.0000	0.0000	0.0000	0.0000	0.0000	0.0000	0.0000	0.0000	0.0000	0.0000	0.0000	0.0000	0.0000	0.0000	0.0000	0.0000	0.0000	0.0000	0.0000	0.0000	0.0000	0.0000	0.0000	0.0000	0.0000	0.0000	0.0000	0.0000	0.0000	0.0000	0.0000	0.0000	0.0000	0.0000	0.0000	0.0000	0.0000	0.0000	0.0000	0.0000	0.0000											
14	17	0.1655	4	1	2	1	1	0	0	0	0	N	Y	N	N	N	N	N	N	N	N	N	N	0.0000	0.0000	0.0000	0.0000	0.0000	0.0000	0.0000	0.0000	0.0000	0.0000	0.0000	0.0000	0.0000	0.0000	0.0000	0.0000	0.0000	0.0000	0.0000	0.0000	0.0000	4.0170	0.0000	2.2643	0.0000	0.0000	0.0000	0.0000	0.0000	0.0000	0.0000	0.0000	0.0000	0.0000	0.0000	0.0000	0.0000	0.0000	0.0000	0.0000	0.0000	0.0000	0.0000	0.0000	0.0000	0.0000	0.0000	0.0000	0.0000	0.0000	0.0000	0.0000	0.0000	0.0000	0.0000	0.0000	0.0000	0.0000	0.0000	0.0000	0.0000	0.0000	0.0000	0.0000	0.0000	0.0000	0.0000	0.0000	0.0000	0.0000	0.0000	0.0000	0.0000	0.0000	0.0000	0.0000	0.0000	0.0000											
14	18	0.1400	3	1	2	1	1	0	0	0	0	N	Y	N	N	N	N	N	N	N	N	N	N	0.0000	0.0000	0.0000	0.0000	0.0000	0.0000	0.0000	0.0000	0.0000	0.0000	0.0000	0.0000	0.0000	0.0000	0.0000	0.0000	0.0000	0.0000	0.0000	0.0000	0.0000	1.3501	0.0000	4.0902	0.0000	0.0000	0.0000	0.0000	0.0000	0.0000	0.0000	0.0000	0.0000	0.0000	0.0000	0.0000	0.0000	0.0000	0.0000	0.0000	0.0000	0.0000	0.0000	0.0000	0.0000	0.0000	0.0000	0.0000	0.0000	0.0000	0.0000	0.0000	0.0000	0.0000	0.0000	0.0000	0.0000	0.0000	0.0000	0.0000	0.0000	0.0000	0.0000	0.0000	0.0000	0.0000	0.0000	0.0000	0.0000	0.0000	0.0000	0.0000	0.0000	0.0000	0.0000	0.0000	0.0000	0.0000											
14	19	0.0358	2	1	2	1	1	0	0	0	0	N	Y	N	N	N	N	N	N	N	N	N	N	0.0000	0.0000	0.0000	0.0000	0.0000	0.0000	0.0000	0.0000	0.0000	0.0000	0.0000	0.0000	0.0000	0.0000	0.0000	0.0000	0.0000	0.0000	0.0000	0.0000	0.0000	6.5178	0.0000	2.8428	0.0000	0.0000	0.0000	0.0000	0.0000	0.0000	0.0000	0.0000	0.0000	0.0000	0.0000	0.0000	0.0000	0.0000	0.0000	0.0000	0.0000	0.0000	0.0000	0.0000	0.0000	0.0000	0.0000	0.0000	0.0000	0.0000	0.0000	0.0000	0.0000	0.0000	0.0000	0.0000	0.0000	0.0000	0.0000	0.0000	0.0000	0.0000	0.0000	0.0000	0.0000	0.0000	0.0000	0.0000	0.0000	0.0000	0.0000	0.0000	0.0000	0.0000	0.0000	0.0000	0.0000	0.0000											
14	20	0.0358	2	2	2	2	0	0	0	0	0	Y	Y	Y	N	N	N	N	N	N	N	N	N	0.0000	0.0000	0.0000	0.0000	0.0000	0.0000	0.0000	0.0000	0.0000	0.0000	0.0000	0.0000	0.0000	0.0000	0.0000	0.0000	0.0000	0.0000	0.0000	0.0000	0.0000	0.0002	0.0000	0.0000	0.0000	0.0000	0.0000	0.0000	0.0000	0.0000	0.0000	0.0000	0.0000	0.0000	0.0000	0.0000	0.0000	0.0000	0.0000	0.0000	0.0000	0.0000	0.0000	0.0000	0.0000	0.0000	0.0000	0.0000	0.0000	0.0000	0.0000	0.0000	0.0000	0.0000	0.0000	0.0000	0.0000	0.0000	0.0000	0.0000	0.0000	0.0000	0.0000	0.0000	0.0000	0.0000	0.0000	0.0000	0.0000	0.0000	0.0000	0.0000	0.0000	0.0000	0.0000	0.0000	0.0000	0.0000											
14	21	0.0358	2	2	1	2	0	0	0	0	0	Y	N	Y	N	N	N	N	N	N	N	N	N	0.0000	0.0000	0.0000	0.0000	0.0000	0.0000	0.0000	0.0000	0.0000	0.0000	0.0000	0.0000	0.0000	0.0000	0.0000	0.0000	0.0000	0.0000	0.0000	0.0000	0.0000	0.0002	0.0000	2.0000	0.0000	0.0000	0.0000	0.0000	0.0000	0.0000	0.0000	0.0000	0.0000	0.0000	0.0000	0.0000	0.0000	0.0000	0.0000	0.0000	0.0000	0.0000	0.0000	0.0000	0.0000	0.0000	0.0000	0.0000	0.0000	0.0000	0.0000	0.0000	0.0000	0.0000	0.0000	0.0000	0.0000	0.0000	0.0000	0.0000	0.0000	0.0000	0.0000	0.0000	0.0000	0.0000	0.0000	0.0000	0.0000	0.0000	0.0000	0.0000	0.0000	0.0000	0.0000	0.0000	0.0000	0.0000											
14	23	0.0776	3	1	2	1	0	0	0	0	0	N	Y	N	N	N	N	N	N	N	N	N	N	0.0000	0.0000	0.0000	0.0000	0.0000	0.0000	0.0000	0.0000	0.0000	0.0000	0.0000	0.0000	0.0000	0.0000	0.0000	0.0000	0.0000	0.0000	0.0000	0.0000	0.0000	0.0000	0.0000	2.4393	0.0000	0.0000	0.0000	0.0000	0.0000	0.0000	0.0000	0.0000	0.0000	0.0000	0.0000	0.0000	0.0000	0.0000	0.0000	0.0000	0.0000	0.0000	0.0000	0.0000	0.0000	0.0000	0.0000	0.0000	0.0000	0.0000	0.0000	0.0000	0.0000	0.0000	0.0000	0.0000	0.0000	0.0000	0.0000	0.0000	0.0000	0.0000	0.0000	0.0000	0.0000	0.0000	0.0000	0.0000	0.0000	0.0000	0.0000	0.0000	0.0000	0.0000	0.0000	0.0000	0.0000	0.0000											
14	24	0.0358	2	1	1	1	0	0	0	0	0	N	N	N	N	N	N	N	N	N	N	N	N	0.0000	0.0000	0.0000	0.0000	0.0000	0.0000	0.0000	0.0000	0.0000	0.0000	0.0000	0.0000	0.0000	0.0000	0.0000	0.0000	0.0000	0.0000	0.0000	0.0000	0.0000	3.9968	0.0000	2.5738	0.0000	0.0000	0.0000	0.0000	0.0000	0.0000	0.0000	0.0000	0.0000	0.0000	0.0000	0.0000	0.0000	0.0000	0.0000	0.0000	0.0000	0.0000	0.0000	0.0000	0.0000	0.0000	0.0000	0.0000	0.0000	0.0000	0.0000	0.0000	0.0000	0.0000	0.0000	0.0000	0.0000	0.0000	0.0000	0.0000	0.0000	0.0000	0.0000	0.0000	0.0000	0.0000	0.0000	0.0000	0.0000	0.0000	0.0000	0.0000	0.0000	0.0000	0.0000	0.0000	0.0000	0.0000											
14	25	0.0709	5	2	2	1	1	0	0	0	0	Y	Y	N	N	N	N	N	N	N	N	N	N	0.0000	0.0000	0.0000	0.0000	0.0000	0.0000	0.0000	0.0000	0.0000	0.0000	0.0000	0.0000	0.0000	0.0000	0.0000	0.0000	0.0000	0.0000	0.0000	0.0000	0.0000	0.0332	0.0000	1.0637	0.0000	0.0000	0.0000	0.0000	0.0000	0.0000	0.0000	0.0000	0.0000	0.0000	0.0000	0.0000	0.0000	0.0000	0.0000	0.0000	0.0000	0.0000	0.0000	0.0000	0.0000	0.0000	0.0000	0.0000	0.0000	0.0000	0.0000	0.0000	0.0000	0.0000	0.0000	0.0000	0.0000	0.0000	0.0000	0.0000	0.0000	0.0000	0.0000	0.0000	0.0000	0.0000	0.0000	0.0000	0.0000	0.0000	0.0000	0.0000	0.0000	0.0000	0.0000	0.0000	0.0000	0.0000											
14	26	0.0709	5	1	2	1	1	0	0	0	0	N	Y	N	N	N	N	N	N	N	N	N	N	0.0000	0.0000	0.0000	0.0000	0.0000	0.0000	0.0000	0.0000	0.0000	0.0000	0.0000	0.0000	0.0000	0.0000	0.0000	0.0000	0.0000	0.0000	0.0000	0.0000	0.0000	1.9667	0.0000	4.8619	0.0000	0.0000	0.0000	0.0000	0.0000	0.0000	0.0000	0.0000	0.0000	0.0000	0.0000	0.0000	0.0000	0.0000	0.0000	0.0000	0.0000	0.0000	0.0000	0.0000	0.0000	0.0000	0.0000	0.0000	0.0000	0.0000	0.0000	0.0000	0.0000	0.0000	0.0000	0.0000	0.0000	0.0000	0.0000	0.0000	0.0000	0.0000	0.0000	0.0000	0.0000	0.0000	0.0000	0.0000	0.0000	0.0000	0.0000	0.0000	0.0000	0.0000	0.0000	0.0000	0.0000	0.0000											
14	27	0.0760	6	1	2	1	0	0	0	0	0	N	Y	N	N	N	N	N	N	N	N	N	N	0.0000	0.0000	0.0000	0.0000	0.0000	0.0000	0.0000	0.0000	0.0000	0.0000	0.0000	0.0000	0.0000	0.0000	0.0000	0.0000	0.0000	0.0000	0.0000	0.0000	0.0000	0.0014	0.0000	0.9895	0.0000	0.0000	0.0000	0.0000	0.0000	0.0000	0.0000	0.0000	0.0000	0.0000	0.0000	0.0000	0.0000	0.0000	0.0000	0.0000	0.0000	0.0000	0.0000	0.0000	0.0000	0.0000	0.0000	0.0000	0.0000	0.0000	0.0000	0.0000	0.0000	0.0000	0.0000	0.0000	0.0000	0.0000	0.0000	0.0000	0.0000	0.0000	0.0000	0.0000	0.0000	0.0000	0.0000	0.0000	0.0000	0.0000	0.0000	0.0000	0.0000	0.0000	0.0000	0.0000	0.0000	0.0000											
14	28	0.0709	5	1	1	2	1	0	0	0	0	N	N	Y	N	N	N	N	N	N	N	N	N	0.0000	0.0000	0.0000	0.0000	0.0000	0.0000	0.0000	0.0000	0.0000	0.0000	0.0000	0.0000	0.0000	0.0000	0.0000	0.0000	0.0000	0.0000	0.0000	0.0000	0.0000	1.0331	0.0000	2.8608	0.0000	0.0000	0.0000	0.0000	0.0000	0.0000	0.0000	0.0000	0.0000	0.0000	0.0000	0.0000	0.0000	0.0000	0.0000	0.0000	0.0000	0.0000	0.0000	0.0000	0.0000	0.0000	0.0000	0.0000	0.0000	0.0000	0.0000	0.0000	0.0000	0.0000	0.0000	0.0000	0.0000	0.0000	0.0000	0.0000	0.0000	0.0000	0.0000	0.0000	0.0000	0.0000	0.0000	0.0000	0.0000	0.0000	0.0000	0.0000	0.0000	0.0000	0.0000	0.0000	0.0000	0.0000											
14	29	0.0709	5	1	1	2	1	0	0	0	0	N	N	Y	N	N	N	N	N	N	N	N	N	0.0000	0.0000	0.0000	0.0000	0.0000	0.0000	0.0000	0.0000	0.0000	0.0000	0.0000	0.0000	0.0000	0.0000	0.0000	0.0000	0.0000	0.0000	0.0000	0.0000	0.0000	0.0332	0.0000	3.0294	0.0000	0.0000	0.0000	0.0000	0.0000	0.0000	0.0000	0.0000	0.0000	0.0000	0.0000	0.0000	0.0000	0.0000	0.0000	0.0000	0.0000	0.0000	0.0000	0.0000	0.0000	0.0000	0.0000	0.0000	0.0000	0.0000	0.0000	0.0000	0.0000	0.0000	0.0000	0.0000	0.0000	0.0000	0.0000	0.0000	0.0000	0.0000	0.0000	0.0000	0.0000	0.0000	0.0000	0.0000	0.0000	0.0000	0.0000	0.0000	0.0000	0.0000	0.0000	0.0000	0.0000	0.0000											
14	30	0.0951	5	2	2	1	0	0	0	0	0	Y	Y	N	N	N	N	N	N	N	N	N	N	0.0000	0.0000	0.0000	0.0000	0.0000	0.0000	0.0000	0.0000	0.0000	0.0000	0.0000	0.0000	0.0000	0.0000	0.0000	0.0000	0.0000	0.0000	0.0000	0.0000	0.0000	0.0000	0.0000	2.0000	0.0000	0.0000	0.0000	0.0000	0.0000	0.0000	0.0000	0.0000	0.0000	0.0000	0.0000	0.0000	0.0000	0.0000	0.0000	0.0000	0.0000	0.0000	0.0000	0.0000	0.0000	0.0000	0.0000	0.0000	0.0000	0.0000	0.0000	0.0000	0.0000	0.0000	0.0000	0.0000	0.0000	0.0000	0.0000	0.0000	0.0000	0.0000	0.0000	0.0000	0.0000	0.0000	0.0000	0.0000	0.0000	0.0000	0.0000	0.0000	0.0000	0.0000	0.0000	0.0000	0.0000	0.0000											
14	31	0.0681	4	2	2	1	0	0	0	0	0	Y	Y	N	N	N	N	N	N	N	N	N	N	0.0000	0.0000	0.0000	0.0000	0.0000	0.0000	0.0000	0.0000	0.0000	0.0000	0.0000	0.0000	0.0000	0.0000	0.0000	0.0000	0.0000	0.0000	0.0000	0.0000	0.0000	0.9772	0.0000	4.1826	0.0000	0.0000	0.0000	0.0000	0.0000	0.0000	0.0000	0.0000	0.0000	0.0000	0.0000	0.0000	0.0000	0.0000	0.0000	0.0000	0.0000	0.0000	0.0000	0.0000	0.0000	0.0000	0.0000	0.0000	0.0000	0.0000	0.0000	0.0000	0.0000	0.0000	0.0000	0.0000	0.0000	0.0000	0.0000	0.0000	0.0000	0.0000	0.0000	0.0000	0.0000	0.0000	0.0000	0.0000	0.0000	0.0000	0.0000	0.0000	0.0000	0.0000	0.0000	0.0000	0.0000	0.0000											
14	32	0.0760	6	2	2	1	0	0	0	0	0	Y	Y	N	N	N	N	N	N	N	N	N	N	0.0000	0.0000	0.0000	0.0000	0.0000	0.0000	0.0000	0.0000	0.0000	0.0000	0.0000	0.0000	0.0000	0.0000	0.0000	0.0000	0.0000	0.0000	0.0000	0.0000	0.0000	0.0015	0.0000	1.0489	0.0000	0.0000	0.0000	0.0000	0.0000	0.0000	0.0000	0.0000	0.0000	0.0000	0.0000	0.0000	0.0000	0.0000	0.0000	0.0000	0.0000	0.0000	0.0000	0.0000	0.0000	0.0000	0.0000	0.0000	0.0000	0.0000	0.0000	0.0000	0.0000	0.0000	0.0000	0.0000	0.0000	0.0000	0.0000	0.0000	0.0000	0.0000	0.0000	0.0000	0.0000	0.0000	0.0000	0.0000	0.0000	0.0000	0.0000	0.0000	0.0000	0.0000	0.0000	0.0000	0.0000	0.0000											
14	33	0.0709	5	1	2	1	0	0	0	0	0	N	Y	N	N	N	N	N	N	N	N	N	N	0.0000	0.0000	0.0000	0.0000	0.0000	0.0000	0.0000	0.0000	0.0000	0.0000	0.0000	0.0000	0.0000	0.0000	0.0000	0.0000	0.0000	0.0000	0.0000	0.0000	0.0000	0.9657	0.0000	1.1858	0.0000	0.0000	0.0000	0.0000	0.0000	0.0000	0.0000	0.0000	0.0000	0.0000	0.0000	0.0000	0.0000	0.0000	0.0000	0.0000	0.0000	0.0000	0.0000	0.0000	0.0000	0.0000	0.0000	0.0000	0.0000	0.0000	0.0000	0.0000	0.0000	0.0000	0.0000	0.0000	0.0000	0.0000	0.0000	0.0000	0.0000	0.0000	0.0000	0.0000	0.0000	0.0000	0.0000	0.0000	0.0000	0.0000	0.0000	0.0000	0.0000	0.0000	0.0000	0.0000	0.0000	0.0000											
14	34	0.0681	4	1	1	1	0	0	0	0	0	N	N	N	N	N	N	N	N	N	N	N	N	0.0000	0.0000	0.0000	0.0000	0.0000	0.0000	0.0000	0.0000	0.0000	0.0000	0.0000	0.0000	0.0000	0.0000	0.0000	0.0000	0.0000	0.0000	0.0000	0.0000	0.0000	1.9916	0.0000	1.9964	0.0000	0.0000	0.0000	0.0000	0.0000	0.0000	0.0000	0.0000	0.0000	0.0000	0.0000	0.0000	0.0000	0.0000	0.0000	0.0000	0.0000	0.0000	0.0000	0.0000	0.0000	0.0000	0.0000	0.0000	0.0000	0.0000	0.0000	0.0000	0.0000	0.0000	0.0000	0.0000	0.0000	0.0000	0.0000	0.0000	0.0000	0.0000	0.0000	0.0000	0.0000	0.0000	0.0000	0.0000	0.0000	0.0000	0.0000	0.0000	0.0000	0.0000	0.0000	0.0000	0.0000	0.0000											
14	35	0.0600	3	1	1	1	0	0	0	0	0	N	N	N	N	N	N	N	N	N	N	N	N	0.0000	0.0000	0.0000	0.0000	0.0000	0.0000	0.0000	0.0000	0.0000	0.0000	0.0000	0.0000	0.0000	0.0000	0.0000	0.0000	0.0000	0.0000	0.0000	0.0000	0.0000	0.1320	0.0000	1.9445	0.0000	0.0000	0.0000	0.0000	0.0000	0.0000	0.0000	0.0000	0.0000	0.0000	0.0000	0.0000	0.0000	0.0000	0.0000	0.0000	0.0000	0.0000	0.0000	0.0000	0.0000	0.0000	0.0000	0.0000	0.0000	0.0000	0.0000	0.0000	0.0000	0.0000	0.0000	0.0000	0.0000	0.0000	0.0000	0.0000	0.0000	0.0000	0.0000	0.0000	0.0000	0.0000	0.0000	0.0000	0.0000	0.0000	0.0000	0.0000	0.0000	0.0000	0.0000	0.0000	0.0000	0.0000											
14	36	0.0358	2	1	1	1	0	0	0	0	0	N	N	N	N	N	N	N	N	N	N	N	N	0.0000	0.0000	0.0000	0.0000	0.0000	0.0000	0.0000	0.0000	0.0000	0.0000	0.0000	0.0000	0.0000	0.0000	0.0000	0.0000	0.0000	0.0000	0.0000	0.0000	0.0000	4.0393	0.0000	1.1787	0.0000	0.0000	0.0000	0.0000	0.0000	0.0000	0.0000	0.0000	0.0000	0.0000	0.0000	0.0000	0.0000	0.0000	0.0000	0.0000	0.0000	0.0000	0.0000	0.0000	0.0000	0.0000	0.0000	0.0000	0.0000	0.0000	0.0000	0.0000	0.0000	0.0000	0.0000	0.0000	0.0000	0.0000	0.0000	0.0000	0.0000	0.0000	0.0000	0.0000	0.0000	0.0000	0.0000	0.0000	0.0000	0.0000	0.0000	0.0000	0.0000	0.0000	0.0000	0.0000	0.0000	0.0000											
15	16	0.0951	4	2	1	1	0	0	0	0	0	Y	N	N	N	N	N	N	N	N	N	N	N	0.0000	0.0000	0.0000	0.0000	0.0000	0.0000	0.0000	0.0000	0.0000	0.0000	0.0000	0.0000	0.0000	0.0000	0.0000	0.0000	0.0000	0.0000	0.0000	0.0000	3.0000	0.0000	2.0000	0.0000	0.0000	0.0000	0.0000	0.0000	0.0000	0.0000	0.0000	0.0000	0.0000	0.0000	0.0000	0.0000	0.0000	0.0000	0.0000	0.0000	0.0000	0.0000	0.0000	0.0000	0.0000	0.0000	0.0000	0.0000	0.0000	0.0000	0.0000	0.0000	0.0000	0.0000	0.0000	0.0000	0.0000	0.0000	0.0000	0.0000	0.0000	0.0000	0.0000	0.0000	0.0000	0.0000	0.0000	0.0000	0.0000	0.0000	0.0000	0.0000	0.0000	0.0000	0.0000	0.0000	0.0000	0.0000											
15	17	0.1655	3	1	1	1	1	0	0	0	0	N	N	N	N	N	N	N	N	N	N	N	N	0.0008	0.0005	0.0011	0.0011	0.0002	0.0002	0.0000	0.0008	0.0008	0.0000	0.0000	0.0000	0.0000	0.2556	0.4659	0.0000	0.7122	0.7530	0.0000	0.0000	0.0000	0.0000	0.0000	0.0000	-0.0000	-0.0301	3.0000	4.0170	2.0000	2.2643	0.0001	0.0001	0.0000	0.0001	0.0001	0.0000	0.0000	0.0000	0.0000	0.0496	0.0496	0.0000	0.0496	0.0496	0.0000	0.0000	0.0000	0.0000	0.3907	0.3462	0.0445	0.0999	0.0942	0.0057	0.2908	0.2520	0.0388	0.1941	0.1065	0.0876	0.0697	0.0659	0.0038	0.1244	0.0406	0.0838	0.0008	0.0005	0.0000	0.0011	0.0011	0.0000	0.0000	0.0000	0.0000	0.2556	0.4659	0.0000	0.7122	0.7530	0.0000	0.0000	0.0000	0.0000					
15	18	0.1400	2	1	1	1	1	0	0	0	0	N	N	N	N	N	N	N	N	N	N	N	N	0.3583	0.3826	0.0243	0.3310	0.3309	0.0246	0.4054	3.4429	0.0266	0.2627	0.2952	0.0167	0.3892	0.4071	0.0002	0.2036	0.2363	0.0189	0.7332	0.7715	0.6879	1.1759	1.2303	0.0077	0.5023	0.0686	0.7113	0.0075	0.7557	-0.0260	-0.0230	3.0000	1.3501	2.0000	4.0902	0.0473	0.0469	0.0003	0.0223	0.0223	0.0000	0.0250	0.0246	0.0003	0.1300	0.0740	0.0559	0.0715	0.0714	0.0000	0.0585	0.0026	0.0559	0.1800	0.1590	0.0210	0.0573	0.0548	0.0025	0.1227	0.1042	0.0184	0.1773	0.0960	0.0813	0.0608	0.0581	0.0027	0.1165	0.0379	0.0786	0.3583	0.3826	0.0243	0.3310	0.3309	0.0246	0.4054	3.4429	0.0266	0.7332	0.7715	0.6879	1.1759	1.2303	0.0077	0.5023	0.0686	0.7113
15	23	0.0776	2	1	1	1	0	0	0	0	0	N	N	N	N	N	N	N	N	N	N	N	N	0.0000	0.0000	0.0000	0.0000	0.0000	0.0000	0.0000	0.0000	0.0000	0.0000	0.0000	0.0000	0.0000	4.0969	0.0000	7.5136	0.0000	0.0000	0.0000	5.7077	0.0000	7.5168	inf	0.0000	0.1726	3.0000	0.0000	2.0000	2.4393	0.0000	0.0000	0.0000	0.0000	0.0000	0.0000	0.0000	0.0000	0.0000	0.4395	0.0000	0.4395	0.0000	0.0000	0.0000	0.4395	0.0000	0.4395	0.0005	0.0004	0.0001	0.0002	0.0002	0.0000	0.0002	0.0002	0.0001	0.1073	0.0488	0.0585	0.0303	0.0303	0.0000	0.0770	0.0185	0.0585	0.0000	0.0000	0.0000	0.0000	0.0000	0.0000	0.0000	0.0000	0.0000	4.0969	0.0000	7.5136	0.0000	0.0000	0.0000	5.7077	0.0000	7.5168						
15	25	0.0709	4	2	1	1	1	0	0	0	0	Y	N	N	N	N	N	N	N	N	N	N	N	0.0000	0.0000	0.0000	0.0000	0.0000	0.0000	0.0000	0.0000	0.0000	0.0000	0.0000	0.0000	0.0000	28.9496	0.0000	70.2904	0.0000	0.0000	0.0000	51.1219	0.0000	75.4391	inf	0.0000	0.3927	3.0000	0.0332	2.0000	1.0637	0.0000	0.0000	0.0000	0.0000	0.0000	0.0000	0.0000	0.0000	0.0000	0.9997	0.0000	0.9997	0.0000	0.0000	0.0000	0.9997	0.0000	0.9997	0.0103	0.0095	0.0008	0.0045	0.0044	0.0001	0.0058	0.0051	0.0007	0.0345	0.0203	0.0142	0.0150	0.0140	0.0010	0.0196	0.0063	0.0133	0.0000	0.0000	0.0000	0.0000	0.0000	0.0000	0.0000	0.0000	0.0000	28.9496	0.0000	70.2904	0.0000	0.0000	0.0000	51.1219	0.0000	75.4391						
15	26	0.0709	4	1	1	1	1	0	0	0	0	N	N	N	N	N	N	N	N	N	N	N	N	0.0000	0.0000	0.0000	0.0000	0.0000	0.0000	0.0000	0.0000	0.0000	0.0000	0.0000	0.0000	0.0000	0.0028	0.0056	0.0000	0.0076	0.0089	0.0000	0.0000	0.0000	0.0000	0.0000	0.0000	-0.0002	3.0000	1.9667	2.0000	4.8619	0.0000	0.0000	0.0000	0.0000	0.0000	0.0000	0.0000	0.0000	0.0000	0.0003	0.0003	0.0000	0.0003	0.0003	0.0000	0.0000	0.0000	0.0000	0.1686	0.1494	0.0193	0.0457	0.0427	0.0030	0.1229	0.1067	0.0162	0.1038	0.0517	0.0521	0.0380	0.0327	0.0053	0.0658	0.0190	0.0468	0.0000	0.0000	0.0000	0.0000	0.0000	0.0000	0.0000	0.0000	0.0000	0.0028	0.0056	0.0000	0.0076	0.0089	0.0000	0.0000	0.0000	0.0000						
15	27	0.0760	5	1	1	1	0	0	0	0	0	N	N	N	N	N	N	N	N	N	N	N	N	0.0000	0.0000	0.0000	0.0000	0.0000	0.0000	0.0000	0.0000	0.0000	0.0000	0.0000	0.0000	0.0000	47.1130	0.0000	89.4863	0.0000	0.0000	0.0000	78.8831	0.0000	97.5199	inf	0.0000	0.3873	3.0000	0.0014	2.0000	0.9895	0.0000	0.0000	0.0000	0.0000	0.0000	0.0000	0.0000	0.0000	0.0000	0.9861	0.0000	0.9861	0.0000	0.0000	0.0000	0.9861	0.0000	0.9861	0.0005	0.0004	0.0000	0.0002	0.0002	0.0000	0.0003	0.0002	0.0000	0.0209	0.0099	0.0110	0.0084	0.0075	0.0009	0.0125	0.0024	0.0101	0.0000	0.0000	0.0000	0.0000	0.0000	0.0000	0.0000	0.0000	0.0000	47.1130	0.0000	89.4863	0.0000	0.0000	0.0000	78.8831	0.0000	97.5199						
15	28	0.0709	4	1	0	2	1	0	0	0	0	N	N	Y	N	N	N	N	N	N	N	N	N	0.0000	0.0000	0.0000	0.0000	0.0000	0.0000	0.0000	0.0000	0.0000	0.0000	0.0000	0.0000	0.0000	0.0041	0.0079	0.0000	0.0107	0.0121	0.0000	0.0000	0.0000	0.0000	0.0000	0.0000	-0.0002	3.0000	1.0331	2.0000	2.8608	0.0000	0.0000	0.0000	0.0000	0.0000	0.0000	0.0000	0.0000	0.0000	0.0003	0.0003	0.0000	0.0003	0.0003	0.0000	0.0000	0.0000	0.0000	0.0942	0.0835	0.0106	0.0266	0.0250	0.0017	0.0675	0.0585	0.0090	0.0705	0.0366	0.0338	0.0272	0.0240	0.0032	0.0433	0.0127	0.0306	0.0000	0.0000	0.0000	0.0000	0.0000	0.0000	0.0000	0.0000	0.0000	0.0041	0.0079	0.0000	0.0107	0.0121	0.0000	0.0000	0.0000	0.0000						
15	29	0.0709	4	1	0	2	1	0	0	0	0	N	N	Y	N	N	N	N	N	N	N	N	N	0.0000	0.0000	0.0000	0.0000	0.0000	0.0000	0.0000	0.0000	0.0000	0.0000	0.0000	0.0000	0.0000	16.5913	0.0000	37.2670	0.0000	0.0000	0.0000	27.4176	0.0000	40.4193	inf	0.0000	0.3927	3.0000	0.0332	2.0000	3.0294	0.0000	0.0000	0.0000	0.0000	0.0000	0.0000	0.0000	0.0000	0.0000	0.9997	0.0000	0.9997	0.0000	0.0000	0.0000	0.9997	0.0000	0.9997	0.0103	0.0095	0.0008	0.0045	0.0044	0.0001	0.0058	0.0051	0.0007	0.0603	0.0320	0.0283	0.0238	0.0212	0.0026	0.0365	0.0108	0.0257	0.0000	0.0000	0.0000	0.0000	0.0000	0.0000	0.0000	0.0000	0.0000	16.5913	0.0000	35.3805	0.0000	0.0000	0.0000	27.4176	0.0000	38.9561						
15	30	0.0951	4	2	1	1	0	0	0	0	0	Y	N	N	N	N	N	N	N	N	N	N	N	0.0000	0.0000	0.0000	0.0000	0.0000	0.0000	0.0000	0.0000	0.0000	0.0000	0.0000	0.0000	0.0000	0.0000	0.0000	0.0000	0.0000	0.0000	0.0000	0.0000	3.0000	0.0000	2.0000	2.0000	0.0000	0.0000	0.0000	0.0000	0.0000	0.0000	0.0000	0.0000	0.0000	0.0000	0.0000	0.0000	0.0000	0.0000	0.0000	0.0000	0.0000	0.0000	0.0000	0.0000	0.0000	0.0000	0.0000	0.0000	0.0000	0.0000	0.0000	0.0309	0.0136	0.0173	0.0074	0.0066	0.0007	0.0235	0.0070	0.0165	0.0000	0.0000	0.0000	0.0000	0.0000	0.0000	0.0000	0.0000	0.0000	0.0000	0.0000	0.0000	0.0000	0.0000	0.0000	0.0000	0.0000	0.0000											
15	31	0.0681	3	2	1	1	0	0	0	0	0	Y	N	N	N	N	N	N	N	N	N	N	N	0.0000	0.0000	0.0000	0.0000	0.0000	0.0000	0.0000	0.0000	0.0000	0.0000	0.0000	0.0000	0.0000	0.0013	0.0027	0.0000	0.0051	0.0055	0.0000	0.0000	0.0000	0.0000	0.0000	0.0000	-0.0001	3.0000	0.9772	2.0000	4.1826	0.0000	0.0000	0.0000	0.0000	0.0000	0.0000	0.0000	0.0000	0.0000	0.0001	0.0001	0.0000	0.0001	0.0001	0.0000	0.0000	0.0000	0.0000	0.1009	0.0895	0.0115	0.0268	0.0255	0.0013	0.0742	0.0640	0.0102	0.0917	0.0446	0.0471	0.0235	0.0220	0.0016	0.0682	0.0227	0.0455	0.0000	0.0000	0.0000	0.0000	0.0000	0.0000	0.0000	0.0000	0.0000	0.0013	0.0027	0.0000	0.0051	0.0055	0.0000	0.0000	0.0000	0.0000						
15	32	0.0760	5	2	1	1	0	0	0	0	0	Y	N	N	N	N	N	N	N	N	N	N	N	0.0000	0.0000	0.0000	0.0000	0.0000	0.0000	0.0000	0.0000	0.0000	0.0000	0.0000	0.0000	0.0000	0.6382	1.3493	0.0000	1.5914	1.7880	0.0000	0.0000	0.0000	0.0000	0.0000	0.0000	-0.0084	3.0000	0.0015	2.0000	1.0489	0.0000	0.0000	0.0000	0.0000	0.0000	0.0000	0.0000	0.0000	0.0000	0.0139	0.0139	0.0000	0.0139	0.0139	0.0000	0.0000	0.0000	0.0000	0.0005	0.0004	0.0000	0.0002	0.0002	0.0000	0.0003	0.0002	0.0000	0.0218	0.0103	0.0115	0.0087	0.0078	0.0010	0.0131	0.0025	0.0105	0.0000	0.0000	0.0000	0.0000	0.0000	0.0000	0.0000	0.0000	0.0000	0.6382	1.3493	0.0000	1.5914	1.7880	0.0000	0.0000	0.0000	0.0000						
15	33	0.0709	4	1	1	1	0	0	0	0	0	N	N	N	N	N	N	N	N	N	N	N	N	0.0000	0.0000	0.0000	0.0000	0.0000	0.0000	0.0000	0.0000	0.0000	0.0000	0.0000	0.0000	0.0000	0.0000	0.0000	0.0000	0.0000	0.2920	0.0111	0.6346	0.0144	0.0159	0.0000	0.4833	0.0011	0.6934	46.9503	0.0000	0.0053	3.0000	0.9657	2.0000	1.1858	0.0000	0.0000	0.0000	0.0000	0.0000	0.0000	0.0000	0.0000	0.0000	0.0142	0.0003	0.0139	0.0003	0.0003	0.0000	0.0139	0.0000	0.0139	0.0886	0.0787	0.0100	0.0252	0.0237	0.0016	0.0634	0.0550	0.0084	0.0486	0.0267	0.0219	0.0198	0.0180	0.0019	0.0288	0.0087	0.0200	0.0000	0.0000	0.0000	0.0000	0.0000	0.0000	0.0000	0.0000	0.0000	0.2920	0.0111	0.6346	0.0144	0.0159	0.0000	0.4833	0.0011	0.6934		
15	34	0.0681	3	1	0	1	0	0	0	0	0	N	N	N	N	N	N	N	N	N	N	N	N	0.0000	0.0000	0.0000	0.0000	0.0000	0.0000	0.0000	0.0000	0.0000	0.0000	0.0000	0.0000	0.0000	0.0000	0.0000	0.0000	0.0053	0.0031	0.0075	0.0058	0.0061	0.0000	0.0052	0.0000	0.0078	2.4171	0.0000	0.0000	3.0000	1.9916	2.0000	1.9964	0.0000	0.0000	0.0000	0.0000	0.0000	0.0000	0.0000	0.0000	0.0000	0.0004	0.0001	0.0003	0.0001	0.0001	0.0000	0.0003	0.0000	0.0003	0.1816	0.1605	0.0212	0.0430	0.0406	0.0025	0.1386	0.1199	0.0187	0.0768	0.0382	0.0386	0.0209	0.0196	0.0013	0.0559	0.0186	0.0373	0.0000	0.0000	0.0000	0.0000	0.0000	0.0000	0.0000	0.0000	0.0000	0.0053	0.0031	0.0075	0.0058	0.0061	0.0000	0.0052	0.0000	0.0078			
15	35	0.0600	2	1	0	1	0	0	0	0	0	N	N	N	N	N	N	N	N	N	N	N	N	0.0000	0.0000	0.0000	0.0000	0.0000	0.0000	0.0000	0.0000	0.0000	0.0000	0.0000	0.0000	0.0000	0.0000	0.0000	0.0000	0.0090	0.0141	0.0045	0.0236	0.0247	0.0000	0.0034	0.0000	0.0047	0.3749	0.0000	-0.0001	3.0000	0.1320	2.0000	1.9445	0.0000	0.0000	0.0000	0.0000	0.0000	0.0000	0.0000	0.0000	0.0000	0.0004	0.0003	0.0001	0.0003	0.0003	0.0000	0.0001	0.0000	0.0001	0.0279	0.0249	0.0030	0.0107	0.0105	0.0002	0.0172	0.0144	0.0028	0.0491	0.0226	0.0264	0.0135	0.0129	0.0006	0.0355	0.0097	0.0258	0.0000	0.0000	0.0000	0.0000	0.0000	0.0000	0.0000	0.0000	0.0000	0.0090	0.0141	0.0045	0.0236	0.0247	0.0000	0.0034	0.0000	0.0047			
16	17	0.1889	6	1	2	0	1	0	0	0	0	N	Y	N	N	N	N	N	N	N	N	N	N	0.0000	0.0000	0.0000	0.0000	0.0000	0.0000	0.0000	0.0000	0.0000	0.0000	0.0000	0.0000	0.0000	0.0000	0.0000	0.0000	0.0000	0.0000	0.0000	0.0000	0.0000	4.0170	0.0000	2.2643	0.0000	0.0000	0.0000	0.0000	0.0000	0.0000	0.0000	0.0000	0.0000	0.0000	0.0000	0.0000	0.0000	0.0000	0.0000	0.0000	0.0000	0.0000	0.0000	0.0000	0.0000	0.0000	0.0000	0.0000	0.0000	0.0000	0.0000	0.0000	0.0000	0.0000	0.0000	0.0000	0.0000	0.0000	0.0000	0.0000	0.0000	0.0000	0.0000	0.0000	0.0000	0.0000	0.0000	0.0000	0.0000	0.0000	0.0000	0.0000	0.0000	0.0000	0.0000	0.0000	0.0000	0.0000											
16	18	0.1634	5	1	2	0	1	0	0	0	0	N	Y	N	N	N	N	N	N	N	N	N	N	0.0000	0.0000	0.0000	0.0000	0.0000	0.0000	0.0000	0.0000	0.0000	0.0000	0.0000	0.0000	0.0000	0.0000	0.0000	0.0000	0.0000	0.0000	0.4673	0.2913	0.9734	0.6355	0.4195	1.1543	0.0303	0.0094	0.1361	1.1629	0.0000	-0.0000	0.0000	1.3501	0.0000	4.0902	0.0000	0.0000	0.0000	0.0000	0.0000	0.0000	0.0000	0.0000	0.0000	0.0000	0.0000	0.0000	0.0000	0.0000	0.0000	0.0000	0.0000	0.0000	0.0000	0.0000	0.0000	0.0000	0.0000	0.0000	0.0000	0.0000	0.0000	0.0000	0.0000	0.0000	0.0000	0.0000	0.0000	0.0000	0.0000	0.0000	0.0000	0.0000	0.0000	0.0000	0.0000	0.0000	0.0000	0.0000	0.0000	0.4673	0.2913	0.9734	0.6355	0.4195	1.1543	0.0303	0.0094	0.1361	
16	19	0.0593	4	1	2	0	1	0	0	0	0	N	Y	N	N	N	N	N	N	N	N	N	N	0.0000	0.0000	0.0000	0.0000	0.0000	0.0000	0.0000	0.0000	0.0000	0.0000	0.0000	0.0000	0.0000	0.0000	0.0000	1.5988	0.0702	4.3671	1.6786	0.0718	4.8163	0.0000	0.0000	0.0000	34.3458	0.0000	0.0000	0.0000	6.5178	0.0000	2.8428	0.0000	0.0000	0.0000	0.0000	0.0000	0.0000	0.0000	0.0000	0.0000	0.0000	0.0000	0.0000	0.0000	0.0000	0.0000	0.0000	0.0000	0.0000	0.0000	0.0000	0.0000	0.0000	0.0000	0.0000	0.0000	0.0000	0.0000	0.0000	0.0000	0.0000	0.0000	0.0000	0.0000	0.0000	0.0000	0.0000	0.0000	0.0000	0.0000	0.0000	0.0000	0.0000	0.0000	0.0000	0.0000	1.5988	0.0702	4.3671	1.6786	0.0718	4.8163	0.0000	0.0000	0.0000				
16	20	0.0593	4	2	2	1	0	0	0	0	0	Y	Y	N	N	N	N	N	N	N	N	N	N	0.0000	0.0000	0.0000	0.0000	0.0000	0.0000	0.0000	0.0000	0.0000	0.0000	0.0000	0.0000	0.0000	0.0000	0.0000	0.0000	0.0000	0.0000	0.0000	-0.0000	0.0000	0.0002	0.0000	0.0000	0.0000	0.0000	0.0000	0.0000	0.0000	0.0000	0.0000	0.0000	0.0000	0.0000	0.0000	0.0000	0.0000	0.0000	0.0000	0.0000	0.0000	0.0000	0.0000	0.0000	0.0000	0.0000	0.0000	0.0000	0.0000	0.0000	0.0000	0.0000	0.0000	0.0000	0.0000	0.0000	0.0000	0.0000	0.0000	0.0000	0.0000	0.0000	0.0000	0.0000	0.0000	0.0000	0.0000	0.0000	0.0000	0.0000	0.0000	0.0000	0.0000	0.0000	0.0000	0.0000	0.0000	0.0000											
16	21	0.0593	4	2	1	1	0	0	0	0	0	Y	N	N	N	N	N	N	N	N	N	N	N	0.0000	0.0000	0.0000	0.0000	0.0000	0.0000	0.0000	0.0000	0.0000	0.0000	0.0000	0.0000	0.0000	0.0000	0.0000	0.0000	0.0000	0.0000	0.0000	-0.0000	0.0000	0.0002	0.0000	2.0000	0.0000	0.0000	0.0000	0.0000	0.0000	0.0000	0.0000	0.0000	0.0000	0.0000	0.0000	0.0000	0.0000	0.0000	0.0000	0.0000	0.0000	0.0000	0.0000	0.0000	0.0000	0.0000	0.0000	0.0000	0.0000	0.0000	0.0000	0.0000	0.0000	0.0000	0.0000	0.0000	0.0000	0.0000	0.0000	0.0000	0.0000	0.0000	0.0000	0.0000	0.0000	0.0000	0.0000	0.0000	0.0000	0.0000	0.0000	0.0000	0.0000	0.0000	0.0000	0.0000	0.0000	0.0000											
16	23	0.1010	5	1	2	0	0	0	0	0	0	N	Y	N	N	N	N	N	N	N	N	N	N	0.0000	0.0000	0.0000	0.0000	0.0000	0.0000	0.0000	0.0000	0.0000	0.0000	0.0000	0.0000	0.0000	0.0000	0.0000	0.0000	0.0000	0.0000	0.0000	0.0000	0.0000	0.0000	0.0000	2.4393	0.0000	0.0000	0.0000	0.0000	0.0000	0.0000	0.0000	0.0000	0.0000	0.0000	0.0000	0.0000	0.0000	0.0000	0.0000	0.0000	0.0000	0.0000	0.0000	0.0000	0.0000	0.0000	0.0000	0.0000	0.0000	0.0000	0.0000	0.0000	0.0000	0.0000	0.0000	0.0000	0.0000	0.0000	0.0000	0.0000	0.0000	0.0000	0.0000	0.0000	0.0000	0.0000	0.0000	0.0000	0.0000	0.0000	0.0000	0.0000	0.0000	0.0000	0.0000	0.0000	0.0000	0.0000											
16	24	0.0593	4	1	1	0	0	0	0	0	0	N	N	N	N	N	N	N	N	N	N	N	N	0.0000	0.0000	0.0000	0.0000	0.0000	0.0000	0.0000	0.0000	0.0000	0.0000	0.0000	0.0000	0.0000	0.0000	0.0000	0.0000	0.0000	0.0000	0.0000	-0.0000	0.0000	3.9968	0.0000	2.5738	0.0000	0.0000	0.0000	0.0000	0.0000	0.0000	0.0000	0.0000	0.0000	0.0000	0.0000	0.0000	0.0000	0.0000	0.0000	0.0000	0.0000	0.0000	0.0000	0.0000	0.0000	0.0000	0.0000	0.0000	0.0000	0.0000	0.0000	0.0000	0.0000	0.0000	0.0000	0.0000	0.0000	0.0000	0.0000	0.0000	0.0000	0.0000	0.0000	0.0000	0.0000	0.0000	0.0000	0.0000	0.0000	0.0000	0.0000	0.0000	0.0000	0.0000	0.0000	0.0000	0.0000	0.0000											
16	25	0.0298	3	2	2	0	1	0	0	0	0	Y	Y	N	N	N	N	N	N	N	N	N	N	0.0000	0.0000	0.0000	0.0000	0.0000	0.0000	0.0000	0.0000	0.0000	0.0000	0.0000	0.0000	0.0000	0.0000	0.0000	0.0000	0.0000	0.0000	0.0000	0.0000	0.0000	0.0332	0.0000	1.0637	0.0000	0.0000	0.0000	0.0000	0.0000	0.0000	0.0000	0.0000	0.0000	0.0000	0.0000	0.0000	0.0000	0.0000	0.0000	0.0000	0.0000	0.0000	0.0000	0.0000	0.0000	0.0000	0.0000	0.0000	0.0000	0.0000	0.0000	0.0000	0.0000	0.0000	0.0000	0.0000	0.0000	0.0000	0.0000	0.0000	0.0000	0.0000	0.0000	0.0000	0.0000	0.0000	0.0000	0.0000	0.0000	0.0000	0.0000	0.0000	0.0000	0.0000	0.0000	0.0000	0.0000	0.0000											
16	26	0.0298	3	1	2	0	1	0	0	0	0	N	Y	N	N	N	N	N	N	N	N	N	N	0.0000	0.0000	0.0000	0.0000	0.0000	0.0000	0.0000	0.0000	0.0000	0.0000	0.0000	0.0000	0.0000	0.0000	0.0000	0.0000	0.0000	0.0000	0.0000	0.0000	0.0000	1.9667	0.0000	4.8619	0.0000	0.0000	0.0000	0.0000	0.0000	0.0000	0.0000	0.0000	0.0000	0.0000	0.0000	0.0000	0.0000	0.0000	0.0000	0.0000	0.0000	0.0000	0.0000	0.0000	0.0000	0.0000	0.0000	0.0000	0.0000	0.0000	0.0000	0.0000	0.0000	0.0000	0.0000	0.0000	0.0000	0.0000	0.0000	0.0000	0.0000	0.0000	0.0000	0.0000	0.0000	0.0000	0.0000	0.0000	0.0000	0.0000	0.0000	0.0000	0.0000	0.0000	0.0000	0.0000	0.0000	0.0000											
16	27	0.0349	4	1	2	0	0	0	0	0	0	N	Y	N	N	N	N	N	N	N	N	N	N	0.0000	0.0000	0.0000	0.0000	0.0000	0.0000	0.0000	0.0000	0.0000	0.0000	0.0000	0.0000	0.0000	0.0000	0.0000	0.0000	0.0000	0.0000	0.0000	0.0000	0.0000	0.0014	0.0000	0.9895	0.0000	0.0000	0.0000	0.0000	0.0000	0.0000	0.0000	0.0000	0.0000	0.0000	0.0000	0.0000	0.0000	0.0000	0.0000	0.0000	0.0000	0.0000	0.0000	0.0000	0.0000	0.0000	0.0000	0.0000	0.0000	0.0000	0.0000	0.0000	0.0000	0.0000	0.0000	0.0000	0.0000	0.0000	0.0000	0.0000	0.0000	0.0000	0.0000	0.0000	0.0000	0.0000	0.0000	0.0000	0.0000	0.0000	0.0000	0.0000	0.0000	0.0000	0.0000	0.0000	0.0000	0.0000											
16	28	0.0298	3	1	1	1	1	0	0	0	0	N	N	N	N	N	N	N	N	N	N	N	N	0.0000	0.0000	0.0000	0.0000	0.0000	0.0000	0.0000	0.0000	0.0000	0.0000	0.0000	0.0000	0.0000	0.0000	0.0000	0.0000	0.0000	0.0000	0.0000	0.0000	0.0000	1.0331	0.0000	2.8608	0.0000	0.0000	0.0000	0.0000	0.0000	0.0000	0.0000	0.0000	0.0000	0.0000	0.0000	0.0000	0.0000	0.0000	0.0000	0.0000	0.0000	0.0000	0.0000	0.0000	0.0000	0.0000	0.0000	0.0000	0.0000	0.0000	0.0000	0.0000	0.0000	0.0000	0.0000	0.0000	0.0000	0.0000	0.0000	0.0000	0.0000	0.0000	0.0000	0.0000	0.0000	0.0000	0.0000	0.0000	0.0000	0.0000	0.0000	0.0000	0.0000	0.0000	0.0000	0.0000	0.0000	0.0000											
16	29	0.0298	3	1	1	1	1	0	0	0	0	N	N	N	N	N	N	N	N	N	N	N	N	0.0000	0.0000	0.0000	0.0000	0.0000	0.0000	0.0000	0.0000	0.0000	0.0000	0.0000	0.0000	0.0000	0.0000	0.0000	0.0000	0.0000	0.0000	0.0000	0.0000	0.0000	0.0332	0.0000	3.0294	0.0000	0.0000	0.0000	0.0000	0.0000	0.0000	0.0000	0.0000	0.0000	0.0000	0.0000	0.0000	0.0000	0.0000	0.0000	0.0000	0.0000	0.0000	0.0000	0.0000	0.0000	0.0000	0.0000	0.0000	0.0000	0.0000	0.0000	0.0000	0.0000	0.0000	0.0000	0.0000	0.0000	0.0000	0.0000	0.0000	0.0000	0.0000	0.0000	0.0000	0.0000	0.0000	0.0000	0.0000	0.0000	0.0000	0.0000	0.0000	0.0000	0.0000	0.0000	0.0000	0.0000	0.0000											
16	32	0.0349	4	2	2	0	0	0	0	0	0	Y	Y	N	N	N	N	N	N	N	N	N	N	0.0000	0.0000	0.0000	0.0000	0.0000	0.0000	0.0000	0.0000	0.0000	0.0000	0.0000	0.0000	0.0000	0.0000	0.0000	0.0000	0.0000	0.0000	0.0000	0.0000	0.0000	0.0015	0.0000	1.0489	0.0000	0.0000	0.0000	0.0000	0.0000	0.0000	0.0000	0.0000	0.0000	0.0000	0.0000	0.0000	0.0000	0.0000	0.0000	0.0000	0.0000	0.0000	0.0000	0.0000	0.0000	0.0000	0.0000	0.0000	0.0000	0.0000	0.0000	0.0000	0.0000	0.0000	0.0000	0.0000	0.0000	0.0000	0.0000	0.0000	0.0000	0.0000	0.0000	0.0000	0.0000	0.0000	0.0000	0.0000	0.0000	0.0000	0.0000	0.0000	0.0000	0.0000	0.0000	0.0000	0.0000	0.0000											
16	33	0.0298	3	1	2	0	0	0	0	0	0	N	Y	N	N	N	N	N	N	N	N	N	N	0.0000	0.0000	0.0000	0.0000	0.0000	0.0000	0.0000	0.0000	0.0000	0.0000	0.0000	0.0000	0.0000	0.0000	0.0000	0.0000	0.0000	0.0000	0.0000	0.0000	0.0000	0.9657	0.0000	1.1858	0.0000	0.0000	0.0000	0.0000	0.0000	0.0000	0.0000	0.0000	0.0000	0.0000	0.0000	0.0000	0.0000	0.0000	0.0000	0.0000	0.0000	0.0000	0.0000	0.0000	0.0000	0.0000	0.0000	0.0000	0.0000	0.0000	0.0000	0.0000	0.0000	0.0000	0.0000	0.0000	0.0000	0.0000	0.0000	0.0000	0.0000	0.0000	0.0000	0.0000	0.0000	0.0000	0.0000	0.0000	0.0000	0.0000	0.0000	0.0000	0.0000	0.0000	0.0000	0.0000	0.0000	0.0000											
16	34	0.0270	2	1	1	0	0	0	0	0	0	N	N	N	N	N	N	N	N	N	N	N	N	0.0000	0.0000	0.0000	0.0000	0.0000	0.0000	0.0000	0.0000	0.0000	0.0000	0.0000	0.0000	0.0000	0.0037	0.0000	0.0162	0.0083	0.0000	0.9285	0.0000	0.0000	0.0000	inf	0.0000	0.0000	0.0000	1.9916	0.0000	1.9964	0.0000	0.0000	0.0000	0.0000	0.0000	0.0000	0.0000	0.0000	0.0000	0.0000	0.0000	0.0000	0.0000	0.0000	0.0000	0.0000	0.0000	0.0000	0.0000	0.0000	0.0000	0.0000	0.0000	0.0000	0.0000	0.0000	0.0000	0.0000	0.0000	0.0000	0.0000	0.0000	0.0000	0.0000	0.0000	0.0000	0.0000	0.0000	0.0000	0.0000	0.0000	0.0000	0.0000	0.0000	0.0000	0.0037	0.0000	0.0162	0.0083	0.0000	0.9285	0.0000	0.0000	0.0000						
17	20	0.2323	3	1	2	1	1	0	0	0	0	N	Y	N	N	N	N	N	N	N	N	N	N	0.0000	0.0000	0.0000	0.0000	0.0000	0.0000	0.0000	0.0000	0.0000	0.0000	0.0000	0.0000	0.0000	0.0000	0.0000	0.0000	0.0000	0.0000	0.0000	0.0000	4.0170	0.0002	2.2643	0.0000	0.0000	0.0000	0.0000	0.0000	0.0000	0.0000	0.0000	0.0000	0.0000	0.0000	0.0000	0.0000	0.0000	0.0000	0.0000	0.0000	0.0000	0.0000	0.0001	0.0001	0.0000	0.0001	0.0001	0.0000	0.0001	0.0001	0.0000	0.0000	0.0000	0.0000	0.0000	0.0000	0.0000	0.0000	0.0000	0.0000	0.0000	0.0000	0.0000	0.0000	0.0000	0.0000	0.0000	0.0000	0.0000	0.0000	0.0000	0.0000	0.0000	0.0000	0.0000	0.0000	0.0000	0.0000											
17	21	0.2323	3	1	1	1	1	0	0	0	0	N	N	N	N	N	N	N	N	N	N	N	N	0.0000	0.0000	0.0000	0.0000	0.0000	0.0000	0.0000	0.0000	0.0000	0.0000	0.0000	0.0000	0.0000	0.0154	0.0282	0.0000	0.0426	0.0451	0.0000	0.0000	0.0000	0.0000	0.0000	0.0000	-0.0008	4.0170	0.0002	2.2643	2.0000	0.0000	0.0000	0.0000	0.0000	0.0000	0.0000	0.0000	0.0000	0.0000	0.0013	0.0013	0.0000	0.0013	0.0013	0.0000	0.0000	0.0000	0.0000	0.0001	0.0001	0.0000	0.0001	0.0001	0.0000	0.0001	0.0001	0.0000	0.0831	0.0454	0.0377	0.0300	0.0284	0.0016	0.0531	0.0171	0.0361	0.0000	0.0000	0.0000	0.0000	0.0000	0.0000	0.0000	0.0000	0.0000	0.0154	0.0282	0.0000	0.0426	0.0451	0.0000	0.0000	0.0000	0.0000						
17	23	0.2741	4	0	2	0	1	0	0	0	0	N	Y	N	N	N	N	N	N	N	N	N	N	0.0000	0.0000	0.0000	0.0000	0.0000	0.0000	0.0000	0.0000	0.0000	0.0000	0.0000	0.0000	0.0000	0.0000	0.0000	0.1293	0.2349	0.0000	0.2837	0.2906	0.0000	0.0000	0.0000	0.0000	0.0000	0.0000	-0.0145	4.0170	0.0000	2.2643	2.4393	0.0000	0.0000	0.0000	0.0000	0.0000	0.0000	0.0000	0.0000	0.0000	0.0239	0.0239	0.0000	0.0239	0.0239	0.0000	0.0000	0.0000	0.0000	0.0008	0.0007	0.0001	0.0004	0.0004	0.0000	0.0004	0.0003	0.0001	0.1847	0.1017	0.0831	0.0842	0.0822	0.0020	0.1006	0.0195	0.0811	0.0000	0.0000	0.0000	0.0000	0.0000	0.0000	0.0000	0.0000	0.0000	0.1293	0.2349	0.0000	0.2837	0.2906	0.0000	0.0000	0.0000	0.0000				
17	24	0.2323	3	0	1	0	1	0	0	0	0	N	N	N	N	N	N	N	N	N	N	N	N	32.1748	19.9464	inf	0.0919	0.0923	inf	inf	inf	inf	3.8609	4.3536	0.0002	0.0308	0.0327	0.0000	5.1767	5.9669	0.0002	0.1200	0.2183	0.0000	0.3353	0.3545	0.0000	0.0000	0.0000	0.0000	0.0000	0.0000	-1.0994	-0.0179	4.0170	3.9968	2.2643	2.5738	1.9708	1.9708	0.0000	0.0040	0.0040	0.0000	1.9668	1.9668	0.0000	0.0296	0.0296	0.0000	0.0296	0.0296	0.0000	0.0000	0.0000	0.0000	0.5105	0.4527	0.0578	0.1305	0.1231	0.0075	0.3799	0.3296	0.0503	0.2463	0.1354	0.1109	0.0881	0.0834	0.0048	0.1582	0.0520	0.1061	32.1748	19.9464	inf	0.0919	0.0923	inf	inf	inf	inf	0.1200	0.2183	0.0000	0.3353	0.3545	0.0000	0.0000	0.0000	0.0000
17	25	0.2674	6	1	2	0	2	0	0	0	0	N	Y	N	Y	N	N	N	N	N	N	N	N	0.0000	0.0000	0.0000	0.0000	0.0000	0.0000	0.0000	0.0000	0.0000	0.0000	0.0000	0.0000	0.0000	0.7258	1.1920	0.0000	1.6686	1.7395	0.0000	0.0000	0.0000	0.0000	0.0000	0.0000	-0.0302	4.0170	0.0332	2.2643	1.0637	0.0000	0.0000	0.0000	0.0000	0.0000	0.0000	0.0000	0.0000	0.0000	0.0497	0.0497	0.0000	0.0497	0.0497	0.0000	0.0000	0.0000	0.0000	0.0342	0.0250	0.0092	0.0169	0.0154	0.0015	0.0173	0.0096	0.0077	0.0685	0.0417	0.0268	0.0298	0.0286	0.0012	0.0387	0.0131	0.0256	0.0000	0.0000	0.0000	0.0000	0.0000	0.0000	0.0000	0.0000	0.0000	0.7258	1.1920	0.0000	1.6686	1.7395	0.0000	0.0000	0.0000	0.0000						
17	26	0.2674	6	0	2	0	2	0	0	0	0	N	Y	N	Y	N	N	N	N	N	N	N	N	0.0035	0.0255	0.0000	0.0386	0.0853	0.0000	0.0000	0.0000	0.0002	0.0002	0.0000	0.0008	0.0009	0.0000	0.0000	0.0000	0.0000	0.0434	0.0068	0.0940	0.0217	0.0104	0.1942	0.0581	0.0000	0.0877	0.0000	10.0006	-0.0000	0.0034	4.0170	1.9667	2.2643	4.8619	0.0000	0.0000	0.0000	0.0000	0.0000	0.0000	0.0000	0.0000	0.0000	0.0113	0.0010	0.0102	0.0023	0.0010	0.0012	0.0090	0.0000	0.0090	0.3302	0.2881	0.0421	0.0597	0.0562	0.0035	0.2705	0.2320	0.0386	0.2591	0.1503	0.1088	0.1045	0.0980	0.0064	0.1547	0.0523	0.1024	0.0035	0.0255	0.0000	0.0386	0.0853	0.0000	0.0000	0.0000	0.0000	0.0434	0.0068	0.0940	0.0217	0.0104	0.1942	0.0581	0.0000	0.0877	
17	27	0.2725	7	0	2	0	1	0	0	0	0	N	Y	N	N	N	N	N	N	N	N	N	N	0.0000	0.0000	0.0000	0.0000	0.0000	0.0000	0.0000	0.0000	0.0000	0.0000	0.0000	0.0000	0.0000	0.0000	0.0000	0.0000	0.0000	0.9643	1.7365	0.0000	2.2728	2.3924	0.0000	0.0000	0.0000	0.0000	0.0000	0.0000	-0.0297	4.0170	0.0014	2.2643	0.9895	0.0000	0.0000	0.0000	0.0000	0.0000	0.0000	0.0000	0.0000	0.0000	0.0489	0.0489	0.0000	0.0489	0.0489	0.0000	0.0000	0.0000	0.0000	0.0015	0.0011	0.0004	0.0008	0.0007	0.0001	0.0008	0.0004	0.0003	0.0507	0.0282	0.0226	0.0215	0.0205	0.0011	0.0292	0.0077	0.0215	0.0000	0.0000	0.0000	0.0000	0.0000	0.0000	0.0000	0.0000	0.0000	0.9643	1.7365	0.0000	2.2728	2.3924	0.0000	0.0000	0.0000	0.0000		
17	28	0.2674	6	0	1	1	2	0	0	0	0	N	N	N	Y	N	N	N	N	N	N	N	N	0.0029	inf	0.0000	0.0146	inf	0.0000	0.0000	0.0000	0.0003	0.0003	0.0000	0.0013	0.0014	0.0000	0.0000	0.0000	0.0000	0.0909	0.0000	0.2188	0.0867	0.0000	1.5262	0.0938	0.0000	0.1412	0.0000	inf	-0.0000	0.0060	4.0170	1.0331	2.2643	2.8608	0.0000	0.0000	0.0000	0.0000	0.0000	0.0000	0.0000	0.0000	0.0000	0.0153	0.0000	0.0153	0.0060	0.0000	0.0060	0.0093	0.0000	0.0093	0.1917	0.1649	0.0268	0.0394	0.0369	0.0026	0.1523	0.1281	0.0242	0.1678	0.0981	0.0697	0.0688	0.0649	0.0039	0.0990	0.0332	0.0658	0.0029	inf	0.0000	0.0146	inf	0.0000	0.0000	0.0000	0.0000	0.0909	0.0000	0.2188	0.0867	0.0000	1.5262	0.0938	0.0000	0.1412	
17	29	0.2674	6	0	1	1	2	0	0	0	0	N	N	N	Y	N	N	N	N	N	N	N	N	0.0000	0.0000	0.0000	0.0000	0.0000	0.0000	0.0000	0.0000	0.0000	0.0000	0.0000	0.0000	0.0000	0.0000	0.0000	0.0000	0.0000	0.3922	0.6061	0.0873	0.9431	0.9109	1.5026	0.0038	0.0000	0.0057	0.1011	0.0000	-0.0282	4.0170	0.0332	2.2643	3.0294	0.0000	0.0000	0.0000	0.0000	0.0000	0.0000	0.0000	0.0000	0.0000	0.0548	0.0497	0.0050	0.0545	0.0497	0.0047	0.0003	0.0000	0.0003	0.0342	0.0250	0.0092	0.0169	0.0154	0.0015	0.0173	0.0096	0.0077	0.1396	0.0821	0.0576	0.0577	0.0546	0.0031	0.0819	0.0275	0.0544	0.0000	0.0000	0.0000	0.0000	0.0000	0.0000	0.0000	0.0000	0.0000	0.3922	0.6061	0.0873	0.9431	0.9109	1.5026	0.0038	0.0000	0.0057		
17	30	0.2916	6	1	2	0	1	0	0	0	0	N	Y	N	N	N	N	N	N	N	N	N	N	0.0000	0.0000	0.0000	0.0000	0.0000	0.0000	0.0000	0.0000	0.0000	0.0000	0.0000	0.0000	0.0000	0.0000	0.0000	0.0000	0.0000	0.0000	0.0000	0.0000	4.0170	0.0000	2.2643	2.0000	0.0000	0.0000	0.0000	0.0000	0.0000	0.0000	0.0000	0.0000	0.0000	0.0000	0.0000	0.0000	0.0000	0.0000	0.0000	0.0000	0.0000	0.0000	0.0000	0.0000	0.0000	0.0000	0.0000	0.0000	0.0000	0.0000	0.0000	0.0798	0.0443	0.0355	0.0267	0.0262	0.0006	0.0531	0.0182	0.0349	0.0000	0.0000	0.0000	0.0000	0.0000	0.0000	0.0000	0.0000	0.0000	0.0000	0.0000	0.0000	0.0000	0.0000	0.0000	0.0000	0.0000	0.0000											
17	31	0.2646	5	1	2	0	1	0	0	0	0	N	Y	N	N	N	N	N	N	N	N	N	N	0.0002	0.0134	0.0000	0.0105	0.0233	0.0000	0.0001	1208.6201	0.0000	0.0002	0.0002	0.0000	0.0005	0.0005	0.0000	0.0001	0.0001	0.0000	0.8876	0.0140	2.0528	0.0491	0.0233	1.0793	1.3434	0.0000	2.0728	0.0000	110.0436	-0.0000	0.0752	4.0170	0.9772	2.2643	4.1826	0.0000	0.0000	0.0000	0.0000	0.0000	0.0000	0.0000	0.0000	0.0000	0.1959	0.0018	0.1942	0.0038	0.0018	0.0021	0.1921	0.0000	0.1921	0.1940	0.1686	0.0254	0.0393	0.0374	0.0019	0.1547	0.1312	0.0236	0.2207	0.1261	0.0946	0.0777	0.0758	0.0019	0.1430	0.0503	0.0927	0.0002	0.0134	0.0000	0.0105	0.0233	0.0000	0.0001	1208.6201	0.0000	0.8876	0.0140	2.0528	0.0491	0.0233	1.0793	1.3434	0.0000	2.0728
17	32	0.2725	7	1	2	0	1	0	0	0	0	N	Y	N	N	N	N	N	N	N	N	N	N	0.0064	0.0111	0.0023	0.0142	0.0132	1.2492	0.0003	0.0000	0.0005	0.0001	0.0002	0.0001	0.0003	0.0003	0.0003	0.0000	0.0000	0.0000	0.0210	0.0144	0.0293	0.0189	0.0199	0.0003	0.0225	0.0000	0.0307	0.1544	1.6226	-0.0000	0.0000	4.0170	0.0015	2.2643	1.0489	0.0000	0.0000	0.0000	0.0000	0.0000	0.0000	0.0000	0.0000	0.0000	0.0011	0.0004	0.0007	0.0004	0.0004	0.0000	0.0007	0.0000	0.0007	0.0016	0.0011	0.0004	0.0008	0.0007	0.0001	0.0008	0.0004	0.0003	0.0531	0.0295	0.0236	0.0225	0.0214	0.0011	0.0306	0.0082	0.0225	0.0064	0.0111	0.0023	0.0142	0.0132	1.2492	0.0003	0.0000	0.0005	0.0210	0.0144	0.0293	0.0189	0.0199	0.0003	0.0225	0.0000	0.0307
17	33	0.2674	6	0	2	0	1	0	0	0	0	N	Y	N	N	N	N	N	N	N	N	N	N	0.0001	0.0000	0.0010	0.0001	0.0000	0.1629	0.0001	0.0000	0.0004	0.0000	0.0000	0.0000	0.0000	0.0000	0.0000	0.0000	0.0000	0.0000	0.0166	0.0231	0.0070	0.0327	0.0344	0.0003	0.0049	0.0000	0.0074	6.6548	0.2073	0.0000	-0.0008	4.0170	0.9657	2.2643	1.1858	0.0000	0.0000	0.0000	0.0000	0.0000	0.0000	0.0000	0.0000	0.0000	0.0018	0.0015	0.0003	0.0015	0.0015	0.0000	0.0003	0.0000	0.0003	0.1814	0.1558	0.0257	0.0380	0.0354	0.0025	0.1435	0.1203	0.0232	0.1075	0.0638	0.0437	0.0451	0.0429	0.0023	0.0624	0.0209	0.0414	0.0001	0.0000	0.0010	0.0001	0.0000	0.1629	0.0001	0.0000	0.0004	0.0166	0.0231	0.0070	0.0327	0.0344	0.0003	0.0049	0.0000	0.0074
17	34	0.2646	5	0	1	0	1	0	0	0	0	N	N	N	N	N	N	N	N	N	N	N	N	1.1921	0.8474	0.0000	1.7841	1.8224	0.0000	4.1733	787.4904	0.0000	0.0527	0.0600	0.0000	0.2031	0.2124	0.0000	0.0226	0.0262	0.0000	0.0442	0.0708	0.0082	0.1138	0.1165	0.0030	0.0054	0.0000	0.0083	0.0000	0.0858	-0.0101	-0.0042	4.0170	1.9916	2.2643	1.9964	0.0182	0.0182	0.0000	0.0117	0.0117	0.0000	0.0065	0.0065	0.0000	0.0080	0.0074	0.0006	0.0074	0.0074	0.0000	0.0006	0.0000	0.0006	0.3450	0.3027	0.0423	0.0575	0.0550	0.0025	0.2875	0.2477	0.0398	0.1811	0.1040	0.0771	0.0648	0.0632	0.0016	0.1163	0.0408	0.0755	1.1921	0.8474	0.0000	1.7841	1.8224	0.0000	4.1733	787.4904	0.0000	0.0442	0.0708	0.0082	0.1138	0.1165	0.0030	0.0054	0.0000	0.0083
17	35	0.2565	4	0	1	0	1	0	0	0	0	N	N	N	N	N	N	N	N	N	N	N	N	0.0133	0.0075	0.2288	0.0096	0.0090	0.2418	0.2215	315.4914	0.1846	0.0008	0.0008	0.0007	0.0014	0.0014	0.0043	0.0005	0.0004	0.0005	0.0577	0.1040	0.0031	0.1476	0.1507	0.0179	0.0020	0.0000	0.0028	0.1285	0.0251	-0.0000	-0.0044	4.0170	0.1320	2.2643	1.9445	0.0000	0.0000	0.0000	0.0000	0.0000	0.0000	0.0000	0.0000	0.0000	0.0075	0.0073	0.0002	0.0073	0.0073	0.0000	0.0002	0.0000	0.0002	0.0470	0.0412	0.0058	0.0155	0.0152	0.0003	0.0315	0.0260	0.0055	0.1299	0.0703	0.0597	0.0497	0.0485	0.0011	0.0803	0.0217	0.0585	0.0133	0.0075	0.2288	0.0096	0.0090	0.2418	0.2215	315.4914	0.1846	0.0577	0.1040	0.0031	0.1476	0.1507	0.0179	0.0020	0.0000	0.0028
17	36	0.2323	3	0	1	0	1	0	0	0	0	N	N	N	N	N	N	N	N	N	N	N	N	0.7130	0.0225	inf	0.3166	0.0511	inf	inf	inf	inf	0.0050	0.0003	0.0416	0.0061	0.0010	0.0902	0.0046	0.0000	0.0344	0.0070	0.0127	0.0000	0.0194	0.0205	0.0000	0.0000	0.0000	0.0000	18.6253	0.0000	0.0010	-0.0009	4.0170	4.0393	2.2643	1.1787	0.0026	0.0001	0.0024	0.0008	0.0001	0.0007	0.0017	0.0000	0.0017	0.0014	0.0014	0.0000	0.0014	0.0014	0.0000	0.0000	0.0000	0.0000	0.5155	0.4571	0.0583	0.1318	0.1243	0.0075	0.3837	0.3329	0.0508	0.2016	0.1106	0.0909	0.0723	0.0684	0.0039	0.1293	0.0422	0.0870	0.7130	0.0225	inf	0.3166	0.0511	inf	inf	inf	inf	0.0070	0.0127	0.0000	0.0194	0.0205	0.0000	0.0000	0.0000	0.0000
18	20	0.1297	2	1	2	1	1	0	0	0	0	N	Y	N	N	N	N	N	N	N	N	N	N	0.2149	0.1477	0.6420	0.2308	0.2144	1.8709	0.1862	0.0333	0.5930	0.0509	0.0376	0.1373	0.0720	0.0684	0.2837	0.0334	0.0053	0.1283	0.2367	0.2547	0.2138	0.3120	0.3188	0.1517	0.1796	0.1601	0.2164	0.5596	0.6609	-0.0000	-0.0000	1.3501	0.0002	4.0902	0.0000	0.0000	0.0000	0.0000	0.0000	0.0000	0.0000	0.0000	0.0000	0.0000	0.0000	0.0000	0.0000	0.0000	0.0000	0.0000	0.0000	0.0000	0.0000	0.0000	0.0000	0.0000	0.0000	0.0000	0.0000	0.0000	0.0000	0.0000	0.0000	0.0000	0.0000	0.0000	0.0000	0.0000	0.0000	0.0000	0.0000	0.2149	0.1477	0.6420	0.2308	0.2144	1.8709	0.1862	0.0734	0.5930	0.2367	0.2547	0.2138	0.3120	0.3188	0.1517	0.1796	0.0728	0.2164
18	21	0.1297	2	1	1	1	1	0	0	0	0	N	N	N	N	N	N	N	N	N	N	N	N	1.3051	0.9261	3.7052	1.3072	1.1854	6851.0900	1.0976	0.3876	3.3471	0.0509	0.0376	0.1373	0.0720	0.0684	0.2837	0.0334	0.0053	0.1283	0.0390	0.0406	0.0370	0.0551	0.0577	0.0000	0.0305	0.0138	0.0383	0.5596	0.7780	-0.0000	-0.0005	1.3501	0.0002	4.0902	2.0000	0.0000	0.0000	0.0000	0.0000	0.0000	0.0000	0.0000	0.0000	0.0000	0.0030	0.0017	0.0013	0.0015	0.0015	0.0000	0.0015	0.0002	0.0013	0.0000	0.0000	0.0000	0.0000	0.0000	0.0000	0.0000	0.0000	0.0000	0.0762	0.0411	0.0351	0.0263	0.0252	0.0012	0.0499	0.0160	0.0339	1.3051	0.9261	3.7052	1.3072	1.1854	6851.0900	1.0976	0.3876	3.3471	0.0390	0.0406	0.0370	0.0551	0.0577	0.0000	0.0305	0.0138	0.0383
18	23	0.1714	3	0	2	0	1	0	0	0	0	N	Y	N	N	N	N	N	N	N	N	N	N	0.0003	0.0003	0.0002	0.0001	0.0001	0.0000	0.0005	0.0008	0.0003	0.0001	0.0001	0.0001	0.0000	0.0000	0.0000	0.0001	0.0001	0.0001	0.2751	0.2757	0.2745	0.3167	0.3226	0.0008	0.2415	0.1666	0.2795	0.1580	0.8335	-0.0000	-0.0073	1.3501	0.0000	4.0902	2.4393	0.0000	0.0000	0.0000	0.0000	0.0000	0.0000	0.0000	0.0000	0.0000	0.0475	0.0259	0.0216	0.0245	0.0245	0.0000	0.0231	0.0015	0.0216	0.0003	0.0003	0.0001	0.0002	0.0002	0.0000	0.0001	0.0001	0.0000	0.1728	0.0941	0.0787	0.0773	0.0758	0.0014	0.0955	0.0182	0.0773	0.0003	0.0003	0.0002	0.0001	0.0001	0.0000	0.0005	0.0017	0.0003	0.2751	0.2757	0.2745	0.3167	0.3226	0.0008	0.2415	0.0805	0.2795
18	24	0.1297	2	0	1	0	1	0	0	0	0	N	N	N	N	N	N	N	N	N	N	N	N	0.8914	0.9893	0.4116	0.7820	0.7805	810.6079	1.0316	3274.0934	0.4470	0.2331	0.2489	0.1125	0.3124	0.3263	0.0123	0.1960	0.2082	0.1263	0.2615	0.2516	0.2732	0.3996	0.4181	0.0000	0.1900	0.0001	0.2826	0.0591	0.9175	-0.0276	-0.0076	1.3501	3.9968	4.0902	2.5738	0.0549	0.0518	0.0031	0.0235	0.0234	0.0000	0.0314	0.0284	0.0030	0.0587	0.0306	0.0281	0.0306	0.0306	0.0000	0.0281	0.0000	0.0281	0.2354	0.2082	0.0272	0.0751	0.0718	0.0033	0.1604	0.1364	0.0239	0.2246	0.1217	0.1028	0.0766	0.0733	0.0034	0.1479	0.0485	0.0994	0.8914	0.9893	0.4116	0.7820	0.7805	810.6079	1.0316	3274.0934	0.4470	0.2615	0.2516	0.2732	0.3996	0.4181	0.0000	0.1900	0.0001	0.2826
18	25	0.1647	5	1	2	0	2	0	0	0	0	N	Y	N	Y	N	N	N	N	N	N	N	N	0.4649	0.2621	1.0326	0.1239	0.1226	2285.3148	0.8914	68.6925	1.1879	0.7407	0.3559	2.0178	0.2371	0.2445	0.1594	1.2054	0.5035	2.4279	1.5931	1.3580	1.9541	1.9134	1.9938	0.0001	1.3523	0.0073	2.0438	1.7085	0.9370	0.0006	-0.0120	1.3501	0.0332	4.0902	1.0637	0.0080	0.0029	0.0050	0.0012	0.0012	0.0001	0.0068	0.0018	0.0050	0.0973	0.0502	0.0470	0.0501	0.0501	0.0000	0.0471	0.0001	0.0470	0.0108	0.0083	0.0025	0.0052	0.0047	0.0005	0.0056	0.0036	0.0020	0.0610	0.0370	0.0241	0.0262	0.0251	0.0011	0.0349	0.0118	0.0230	0.4649	0.2621	1.0326	0.1239	0.1226	2285.3148	0.8914	68.6925	1.1879	1.5931	1.3580	1.9541	1.9134	1.9938	0.0001	1.3523	0.0073	2.0438
18	26	0.1647	5	0	2	0	2	0	0	0	0	N	Y	N	Y	N	N	N	N	N	N	N	N	16.1756	17.9236	15.0901	42.1330	45.3631	17.2189	2.7954	1.2517	12.4628	1.6456	1.6296	1.7563	5.9898	6.0945	4.5222	0.2115	0.0171	1.3419	0.1017	0.0909	0.1164	0.1422	0.1344	0.2626	0.0757	0.0136	0.1077	0.1566	0.9453	-0.0984	-0.0028	1.3501	1.9667	4.0902	4.8619	0.2329	0.2013	0.0315	0.2104	0.1998	0.0106	0.0225	0.0015	0.0209	0.0232	0.0119	0.0113	0.0127	0.0113	0.0014	0.0105	0.0006	0.0098	0.1415	0.1235	0.0179	0.0351	0.0328	0.0023	0.1064	0.0908	0.0156	0.2279	0.1311	0.0968	0.0894	0.0839	0.0054	0.1385	0.0472	0.0914	16.1756	17.9236	15.0901	42.1330	45.3631	17.2189	2.7954	1.2517	12.4628	0.1017	0.0909	0.1164	0.1422	0.1344	0.2626	0.0757	0.0136	0.1077
18	27	0.1698	6	0	2	0	1	0	0	0	0	N	Y	N	N	N	N	N	N	N	N	N	N	0.3370	0.4042	0.1835	0.5142	0.5118	82695.6085	0.0747	121.7015	0.1433	0.7023	0.7898	0.4114	1.3248	1.3854	0.7298	0.1294	0.0135	0.3361	2.0838	1.9542	2.2417	2.5767	2.7066	0.0000	1.7315	0.0001	2.3459	0.1568	0.9405	-0.0001	-0.0117	1.3501	0.0014	4.0902	0.9895	0.0003	0.0003	0.0000	0.0003	0.0003	0.0000	0.0000	0.0000	0.0000	0.0957	0.0493	0.0464	0.0493	0.0493	0.0000	0.0464	0.0000	0.0464	0.0005	0.0004	0.0001	0.0002	0.0002	0.0000	0.0003	0.0002	0.0001	0.0459	0.0252	0.0207	0.0191	0.0182	0.0009	0.0268	0.0070	0.0198	0.3370	0.4042	0.1835	0.5142	0.5118	82695.6085	0.0747	121.7015	0.1433	2.0838	1.9542	2.2417	2.5767	2.7066	0.0000	1.7315	0.0001	2.3459
18	28	0.1647	5	0	1	1	2	0	0	0	0	N	N	N	Y	N	N	N	N	N	N	N	N	0.4821	0.2585	1.7926	0.1832	0.2511	0.0228	1.0398	409.3090	3.2023	0.1021	0.0455	0.4684	0.0667	0.0679	0.0500	0.1147	0.0368	0.5331	0.2119	0.1761	0.2613	0.3640	0.2705	2.1920	0.1103	0.0001	0.1665	1.5898	1.0724	0.0005	-0.0028	1.3501	1.0331	4.0902	2.8608	0.0082	0.0032	0.0050	0.0014	0.0013	0.0001	0.0068	0.0018	0.0050	0.0314	0.0152	0.0162	0.0216	0.0151	0.0065	0.0098	0.0000	0.0098	0.0803	0.0695	0.0107	0.0209	0.0195	0.0014	0.0594	0.0500	0.0093	0.1482	0.0860	0.0622	0.0593	0.0560	0.0033	0.0889	0.0300	0.0588	0.4821	0.2585	1.7926	0.1832	0.2511	0.0258	1.0398	409.3090	3.2023	0.2119	0.1761	0.2613	0.3640	0.2705	1.9335	0.1103	0.0001	0.1665
18	29	0.1647	5	0	1	1	2	0	0	0	0	N	N	N	Y	N	N	N	N	N	N	N	N	0.8339	0.4580	1.9325	0.1944	0.2067	0.0737	1.8183	145.5612	2.4311	0.7407	0.3559	2.0178	0.2371	0.2445	0.1594	1.2054	0.5035	2.4279	0.8882	0.7771	1.0441	1.2197	1.1828	2.1626	0.6629	0.0035	0.9987	1.7085	0.9581	0.0006	-0.0129	1.3501	0.0332	4.0902	3.0294	0.0080	0.0029	0.0050	0.0012	0.0012	0.0001	0.0068	0.0018	0.0050	0.1097	0.0560	0.0537	0.0610	0.0559	0.0050	0.0487	0.0001	0.0487	0.0108	0.0083	0.0025	0.0052	0.0047	0.0005	0.0056	0.0036	0.0020	0.1235	0.0721	0.0514	0.0500	0.0473	0.0027	0.0735	0.0248	0.0487	0.8339	0.4580	1.9325	0.1944	0.2067	0.0853	1.8183	145.5612	2.4311	0.8882	0.7771	1.0441	1.2197	1.1828	1.8683	0.6629	0.0035	0.9987
18	30	0.1889	5	1	2	0	1	0	0	0	0	N	Y	N	N	N	N	N	N	N	N	N	N	0.0000	0.0000	0.0000	0.0000	0.0000	0.0000	0.0000	0.0000	0.0000	0.0000	0.0000	0.0000	0.0000	0.0000	0.0000	0.0000	0.0000	0.0000	5.8557	10.3517	0.3443	9.8974	10.0068	5.9133	3.8092	10.8590	0.2453	0.0271	0.0000	-0.2461	1.3501	0.0000	4.0902	2.0000	0.0000	0.0000	0.0000	0.0000	0.0000	0.0000	0.0000	0.0000	0.0000	0.4237	0.4125	0.0112	0.2408	0.2374	0.0034	0.1830	0.1752	0.0078	0.0000	0.0000	0.0000	0.0000	0.0000	0.0000	0.0000	0.0000	0.0000	0.0724	0.0399	0.0325	0.0243	0.0237	0.0006	0.0480	0.0161	0.0319	0.0000	0.0000	0.0000	0.0000	0.0000	0.0000	0.0000	0.0000	0.0000	5.8557	10.3517	0.3443	9.8974	10.0068	5.5882	3.8092	10.8590	0.2453	
18	31	0.1619	4	1	2	0	1	0	0	0	0	N	Y	N	N	N	N	N	N	N	N	N	N	0.0256	0.5946	0.0121	1.1023	1.1555	0.3717	0.0065	0.5677	0.0099	0.1003	0.0994	0.1067	0.2854	0.2850	0.2947	0.0380	0.0291	0.0883	3.9155	0.1671	8.7975	0.2589	0.2466	0.7929	5.8264	0.0512	8.9423	0.1509	40.4229	-0.0036	0.2847	1.3501	0.9772	4.0902	4.1826	0.0084	0.0073	0.0011	0.0060	0.0058	0.0003	0.0024	0.0016	0.0008	0.7722	0.0186	0.7536	0.0175	0.0163	0.0012	0.7547	0.0023	0.7524	0.0842	0.0738	0.0104	0.0212	0.0203	0.0009	0.0630	0.0535	0.0094	0.1972	0.1116	0.0857	0.0677	0.0662	0.0015	0.1295	0.0454	0.0841	0.0256	0.5946	0.0121	1.1023	1.1555	0.3717	0.0065	0.5677	0.0099	3.9155	0.1671	8.7975	0.2589	0.2466	0.7929	5.8264	0.0512	8.9423
18	32	0.1698	6	1	2	0	1	0	0	0	0	N	Y	N	N	N	N	N	N	N	N	N	N	15.0021	18.6194	7.8921	23.7832	23.6677	1049.0068	3.1902	130.9436	6.1423	0.7003	0.7868	0.4111	1.3295	1.3899	0.7348	0.1280	0.0138	0.3348	0.0467	0.0423	0.0521	0.0559	0.0587	0.0007	0.0401	0.0001	0.0545	0.1562	1.0084	-0.0001	-0.0002	1.3501	0.0015	4.0902	1.0489	0.0003	0.0003	0.0000	0.0003	0.0003	0.0000	0.0000	0.0000	0.0000	0.0022	0.0011	0.0011	0.0011	0.0011	0.0000	0.0011	0.0000	0.0011	0.0005	0.0004	0.0001	0.0002	0.0002	0.0000	0.0003	0.0002	0.0001	0.0480	0.0264	0.0216	0.0200	0.0190	0.0010	0.0281	0.0074	0.0206	15.0021	18.6194	7.8921	23.7832	23.6677	1049.0068	3.1902	130.9436	6.1423	0.0467	0.0423	0.0521	0.0559	0.0587	0.0007	0.0401	0.0001	0.0545
18	33	0.1647	5	0	2	0	1	0	0	0	0	N	Y	N	N	N	N	N	N	N	N	N	N	76.3862	84.8398	67.1068	220.9154	214.2638	17406.5383	11.5285	3.8430	48.9784	3.0673	3.0647	3.0839	10.5497	10.7617	7.6915	0.4016	0.0319	2.3678	0.0402	0.0361	0.0460	0.0478	0.0502	0.0004	0.0348	0.0083	0.0483	0.1568	0.8843	-0.0981	-0.0005	1.3501	0.9657	4.0902	1.1858	0.2323	0.2008	0.0315	0.2099	0.1993	0.0106	0.0224	0.0015	0.0209	0.0038	0.0020	0.0018	0.0019	0.0019	0.0000	0.0020	0.0002	0.0018	0.0757	0.0655	0.0102	0.0199	0.0185	0.0014	0.0558	0.0470	0.0088	0.0953	0.0562	0.0391	0.0393	0.0373	0.0019	0.0560	0.0189	0.0371	76.3862	84.8398	67.1068	220.9154	214.2638	17406.5383	11.5285	3.8430	48.9784	0.0402	0.0361	0.0460	0.0478	0.0502	0.0004	0.0348	0.0083	0.0483
18	34	0.1619	4	0	1	0	1	0	0	0	0	N	N	N	N	N	N	N	N	N	N	N	N	28.6350	14.6720	229.6730	17.3571	16.2776	454.5466	40.2134	1.9835	231.9378	3.0416	2.3357	8.3443	2.7675	2.6499	5.9111	3.1221	2.2322	8.5265	0.1062	0.1592	0.0363	0.1594	0.1628	0.0130	0.0776	1.1254	0.0368	0.4756	0.1730	-0.1095	-0.0079	1.3501	1.9916	4.0902	1.9964	0.4648	0.3150	0.1498	0.0960	0.0886	0.0074	0.3688	0.2264	0.1424	0.0172	0.0147	0.0025	0.0090	0.0090	0.0000	0.0082	0.0057	0.0025	0.1528	0.1349	0.0180	0.0347	0.0334	0.0013	0.1181	0.1014	0.0167	0.1621	0.0922	0.0699	0.0566	0.0554	0.0013	0.1055	0.0368	0.0686	28.6350	14.6720	229.6730	17.3571	16.2776	454.5466	40.2134	14.5148	231.9378	0.1062	0.1592	0.0363	0.1594	0.1628	0.0130	0.0776	0.1538	0.0368
18	35	0.1538	3	0	1	0	1	0	0	0	0	N	N	N	N	N	N	N	N	N	N	N	N	1.3438	0.7055	4.5916	0.6594	0.6207	2.2931	2.1248	5.4965	4.6801	0.3830	0.2024	1.2988	0.2685	0.2521	1.0525	0.4488	0.1651	1.3105	0.2850	0.2868	0.2829	0.4072	0.4062	0.4590	0.2112	0.0300	0.2800	1.2655	0.8518	0.0000	-0.0049	1.3501	0.1320	4.0902	1.9445	0.0082	0.0036	0.0046	0.0021	0.0019	0.0002	0.0061	0.0017	0.0044	0.0334	0.0180	0.0154	0.0179	0.0176	0.0004	0.0154	0.0005	0.0150	0.0215	0.0179	0.0035	0.0078	0.0077	0.0002	0.0136	0.0102	0.0034	0.1171	0.0628	0.0543	0.0441	0.0432	0.0009	0.0730	0.0196	0.0534	1.3438	0.7055	4.5916	0.6594	0.6207	2.2931	2.1248	6.8720	4.6801	0.2850	0.2868	0.2829	0.4072	0.4062	0.4590	0.2112	0.0240	0.2800
18	36	0.1297	2	0	1	0	1	0	0	0	0	N	N	N	N	N	N	N	N	N	N	N	N	0.3922	0.2288	1.6180	0.4247	0.4112	0.6046	0.3758	0.0052	1.7370	0.9039	0.4484	4.3871	1.3586	1.2789	3.0863	0.6910	0.0116	4.5672	2.3046	1.9600	2.7115	3.1989	3.1103	5.1045	1.8387	2.2351	2.6293	1.2796	1.1721	0.0007	-0.0287	1.3501	4.0393	4.0902	1.1787	0.2149	0.0943	0.1206	0.1030	0.0927	0.0103	0.1119	0.0016	0.1103	0.4242	0.1953	0.2289	0.2017	0.1874	0.0143	0.2225	0.0079	0.2146	0.2378	0.2103	0.0275	0.0758	0.0725	0.0033	0.1619	0.1378	0.0242	0.1841	0.0996	0.0844	0.0631	0.0602	0.0028	0.1210	0.0394	0.0816	0.3922	0.2288	1.6180	0.4247	0.4112	0.6046	0.3758	0.0576	1.7370	2.3046	1.9600	2.7115	3.1989	3.1103	5.1045	1.8387	0.2009	2.6293
19	23	0.1458	2	0	2	0	1	0	0	0	0	N	Y	N	N	N	N	N	N	N	N	N	N	0.0001	0.0004	0.0000	0.0346	0.0347	0.0000	0.0001	0.0002	0.0000	0.0000	0.0000	0.0000	0.0000	0.0000	0.0000	0.0000	0.0000	0.0000	0.1444	0.0194	0.2498	0.0001	0.0001	0.0004	0.1999	0.0492	0.2499	0.0735	15.2732	-0.0000	0.0085	6.5178	0.0000	2.8428	2.4393	0.0000	0.0000	0.0000	0.0000	0.0000	0.0000	0.0000	0.0000	0.0000	0.0256	0.0016	0.0240	0.0000	0.0000	0.0000	0.0256	0.0016	0.0240	0.0010	0.0009	0.0001	0.0005	0.0005	0.0000	0.0005	0.0004	0.0001	0.1774	0.0812	0.0962	0.0493	0.0493	0.0000	0.1281	0.0319	0.0962	0.0001	0.0004	0.0000	0.0346	0.0347	0.0000	0.0001	0.0002	0.0000	0.1444	0.0194	0.2498	0.0001	0.0001	0.0004	0.1999	0.0492	0.2499
19	25	0.1392	4	1	2	0	2	0	0	0	0	N	Y	N	Y	N	N	N	N	N	N	N	N	0.0728	8.1894	0.2691	0.0739	4.9045	0.2708	0.0663	0.0240	0.5927	0.0000	0.0000	0.0000	0.1174	0.0448	0.6398	0.9104	0.0029	2.2024	0.0000	0.0000	0.0000	1.5885	0.0091	2.3626	1.9806	527.1719	0.0001	0.0206	6.5178	0.0332	2.8428	1.0637	0.0014	0.0005	0.0009	0.0000	0.0000	0.0000	0.0014	0.0005	0.0009	0.0527	0.0001	0.0526	0.0000	0.0000	0.0000	0.0527	0.0001	0.0526	0.0207	0.0192	0.0015	0.0090	0.0089	0.0001	0.0117	0.0103	0.0014	0.0579	0.0340	0.0239	0.0247	0.0231	0.0016	0.0332	0.0109	0.0223	0.0728	8.1894	0.2691	0.0000	0.0000	0.0000	0.0739	4.9045	0.2708	0.9104	0.0029	2.2024	0.0000	0.0000	0.0000	1.5885	0.0091	2.3626			
19	26	0.1392	4	0	2	0	2	0	0	0	0	N	Y	N	Y	N	N	N	N	N	N	N	N	1.7134	0.9927	0.0000	2.4707	2.2709	0.0685	0.0268	0.0000	0.1175	0.1322	0.0000	0.4329	0.4637	0.0000	0.0007	0.0008	0.0000	0.0686	0.1332	0.0048	0.1752	0.2042	0.0000	0.0099	0.0291	0.0054	0.0000	0.0368	-0.0224	-0.0069	6.5178	1.9667	2.8428	4.8619	0.0402	0.0402	0.0000	0.0400	0.0400	0.0000	0.0002	0.0002	0.0000	0.0121	0.0117	0.0004	0.0110	0.0110	0.0000	0.0011	0.0007	0.0004	0.3422	0.3040	0.0381	0.0925	0.0863	0.0061	0.2497	0.2177	0.0320	0.1766	0.0877	0.0889	0.0626	0.0537	0.0089	0.1139	0.0339	0.0800	1.7134	0.9927	0.0000	2.4707	2.2709	0.0000	0.0685	0.0377	0.0000	0.0686	0.1332	0.0048	0.1752	0.2042	0.0000	0.0099	0.0207	0.0054	
19	27	0.1442	5	0	2	0	1	0	0	0	0	N	Y	N	N	N	N	N	N	N	N	N	N	0.0430	94.3057	0.0000	182.1628	164.1584	0.0000	0.0000	0.0000	0.0000	0.0637	0.0689	0.0000	0.1492	0.1511	0.0000	0.0000	0.0000	0.0000	1.4823	0.0007	2.8101	0.0008	0.0009	0.0000	2.4406	0.0002	3.0617	0.0000	4290.7737	-0.0000	0.0204	6.5178	0.0014	2.8428	0.9895	0.0001	0.0001	0.0000	0.0001	0.0001	0.0000	0.0000	0.0000	0.0000	0.0519	0.0000	0.0519	0.0000	0.0000	0.0000	0.0519	0.0000	0.0519	0.0009	0.0009	0.0001	0.0004	0.0004	0.0000	0.0005	0.0005	0.0001	0.0350	0.0165	0.0185	0.0137	0.0122	0.0015	0.0212	0.0043	0.0169	0.0430	94.3057	0.0000	182.1628	164.1584	0.0000	0.0000	0.0000	0.0000	1.4823	0.0007	2.8101	0.0008	0.0009	0.0000	2.4406	0.0002	3.0617
19	28	0.1392	4	0	1	1	2	0	0	0	0	N	N	N	Y	N	N	N	N	N	N	N	N	0.0590	0.0140	inf	0.0000	0.0000	inf	inf	inf	0.0081	0.0037	0.0434	0.0000	0.0000	0.0000	0.0113	0.0053	0.0517	0.1370	0.2644	0.0000	0.3646	0.4146	0.0000	0.0000	0.0000	0.0000	1.4468	0.0000	0.0001	-0.0099	6.5178	1.0331	2.8428	2.8608	0.0015	0.0006	0.0009	0.0000	0.0000	0.0000	0.0015	0.0006	0.0009	0.0164	0.0164	0.0000	0.0164	0.0164	0.0000	0.0000	0.0000	0.0000	0.1909	0.1699	0.0210	0.0539	0.0505	0.0034	0.1371	0.1194	0.0177	0.1194	0.0619	0.0575	0.0449	0.0395	0.0054	0.0745	0.0224	0.0521	0.0590	0.0140	inf	0.0000	0.0000	0.0000	inf	inf	inf	0.1370	0.2644	0.0000	0.3646	0.4146	0.0000	0.0000	0.0000	0.0000	
19	29	0.1392	4	0	1	1	2	0	0	0	0	N	N	N	Y	N	N	N	N	N	N	N	N	0.1162	0.2364	0.5398	0.0000	0.0000	0.1395	8.7991	0.5300	0.0663	0.0240	0.5927	0.0000	0.0000	0.0000	0.1174	0.0448	0.6398	0.5704	0.1016	1.0980	0.1373	0.1544	0.0000	0.8415	0.0051	1.2070	1.9806	9.5968	0.0001	0.0173	6.5178	0.0332	2.8428	3.0294	0.0014	0.0005	0.0009	0.0000	0.0000	0.0000	0.0014	0.0005	0.0009	0.0581	0.0055	0.0526	0.0054	0.0054	0.0000	0.0527	0.0001	0.0526	0.0207	0.0192	0.0015	0.0090	0.0089	0.0001	0.0117	0.0103	0.0014	0.1019	0.0540	0.0479	0.0392	0.0349	0.0043	0.0627	0.0191	0.0436	0.1162	0.2364	0.5398	0.0000	0.0000	0.0000	0.1395	8.7991	0.5300	0.5704	0.1016	1.0980	0.1373	0.1544	0.0000	0.8415	0.0051	1.2070	
19	30	0.1634	4	1	2	0	1	0	0	0	0	N	Y	N	N	N	N	N	N	N	N	N	N	0.0000	0.0000	0.0000	0.0000	0.0000	0.0000	0.0000	0.0000	0.0000	0.0000	0.0000	0.0000	0.0000	0.0000	0.0000	0.0000	0.0000	0.0000	13.4897	30.2532	0.2652	58.9173	65.0841	6.1498	0.0023	0.0035	0.0018	0.0111	0.0000	-0.4220	6.5178	0.0000	2.8428	2.0000	0.0000	0.0000	0.0000	0.0000	0.0000	0.0000	0.0000	0.0000	0.0000	0.7078	0.7000	0.0078	0.7077	0.7000	0.0077	0.0001	0.0000	0.0001	0.0000	0.0000	0.0000	0.0000	0.0000	0.0000	0.0000	0.0000	0.0000	0.0525	0.0231	0.0293	0.0120	0.0108	0.0013	0.0405	0.0124	0.0281	0.0000	0.0000	0.0000	0.0000	0.0000	0.0000	0.0000	0.0000	0.0000	13.4897	30.2532	0.2652	58.9173	65.0841	6.1498	0.0023	0.0035	0.0018	
19	31	0.1364	3	1	2	0	1	0	0	0	0	N	Y	N	N	N	N	N	N	N	N	N	N	0.0339	0.4813	0.0065	2.8559	2.7954	0.0000	0.0063	0.0687	0.0071	0.0156	0.0169	0.0056	0.0485	0.0509	0.0000	0.0038	0.0034	0.0064	0.4603	0.0350	0.8628	0.0170	0.0182	0.0000	0.6057	0.0501	0.8922	0.0415	26.0276	-0.0017	0.0255	6.5178	0.9772	2.8428	4.1826	0.0032	0.0031	0.0001	0.0026	0.0026	0.0000	0.0006	0.0004	0.0001	0.0717	0.0027	0.0691	0.0007	0.0007	0.0000	0.0711	0.0020	0.0691	0.2040	0.1815	0.0225	0.0539	0.0513	0.0026	0.1501	0.1302	0.0199	0.1558	0.0758	0.0801	0.0385	0.0358	0.0026	0.1173	0.0399	0.0774	0.0339	0.4813	0.0065	2.8559	2.7954	0.0000	0.0063	0.0687	0.0071	0.4603	0.0350	0.8628	0.0170	0.0182	0.0000	0.6057	0.0501	0.8922
19	32	0.1442	5	1	2	0	1	0	0	0	0	N	Y	N	N	N	N	N	N	N	N	N	N	2.5016	1.7897	5.9118	3.7101	2.9044	367231.0003	0.0000	0.0000	0.0000	0.0820	0.0773	0.1386	0.1933	0.1705	2.0133	0.0000	0.0000	0.0000	0.0328	0.0432	0.0234	0.0521	0.0587	0.0000	0.0204	0.0002	0.0256	0.1478	0.6069	-0.0000	-0.0003	6.5178	0.0015	2.8428	1.0489	0.0001	0.0001	0.0000	0.0001	0.0001	0.0000	0.0000	0.0000	0.0000	0.0012	0.0007	0.0005	0.0007	0.0007	0.0000	0.0005	0.0000	0.0005	0.0009	0.0009	0.0001	0.0004	0.0004	0.0000	0.0005	0.0005	0.0001	0.0365	0.0172	0.0193	0.0143	0.0127	0.0016	0.0222	0.0046	0.0176	2.5016	1.7897	5.9118	3.7101	2.9044	367231.0003	0.0000	0.0000	0.0000	0.0328	0.0432	0.0234	0.0521	0.0587	0.0000	0.0204	0.0002	0.0256
19	33	0.1392	4	0	2	0	1	0	0	0	0	N	Y	N	N	N	N	N	N	N	N	N	N	9.4228	25.9578	0.0114	79.6172	76.8015	547.6597	0.0005	0.0008	0.0018	0.2225	0.2499	0.0005	0.7844	0.8359	0.0025	0.0000	0.0000	0.0001	0.0236	0.0096	0.0406	0.0099	0.0109	0.0000	0.0328	0.0072	0.0443	0.0002	3.4746	-0.0223	0.0003	6.5178	0.9657	2.8428	1.1858	0.0400	0.0400	0.0000	0.0400	0.0400	0.0000	0.0000	0.0000	0.0000	0.0019	0.0004	0.0015	0.0003	0.0003	0.0000	0.0016	0.0001	0.0015	0.1797	0.1600	0.0197	0.0510	0.0478	0.0032	0.1288	0.1122	0.0166	0.0820	0.0449	0.0370	0.0327	0.0296	0.0031	0.0492	0.0153	0.0339	9.4228	25.9578	0.0114	79.6172	76.8015	547.6597	0.0005	0.0008	0.0018	0.0236	0.0096	0.0406	0.0099	0.0109	0.0000	0.0328	0.0072	0.0443
19	34	0.1364	3	0	1	0	1	0	0	0	0	N	N	N	N	N	N	N	N	N	N	N	N	32.9971	23.2374	29.0559	0.0387	0.0366	3.9075	34.9382	1.8169	31.9873	2.3362	2.5085	0.9872	0.0009	0.0009	0.0008	3.0582	3.3484	1.1226	0.0708	0.1080	0.0340	0.0237	0.0252	0.0002	0.0875	1.8430	0.0351	0.0503	0.3175	-0.4385	-0.0034	6.5178	1.9916	2.8428	1.9964	0.8597	0.8186	0.0412	0.0001	0.0001	0.0000	0.8597	0.8185	0.0411	0.0092	0.0070	0.0022	0.0008	0.0008	0.0000	0.0084	0.0062	0.0022	0.3680	0.3263	0.0417	0.0869	0.0819	0.0050	0.2811	0.2444	0.0367	0.1302	0.0648	0.0654	0.0341	0.0320	0.0021	0.0961	0.0328	0.0633	32.9971	23.2374	29.0559	0.0387	0.0366	3.9075	34.9382	17.7373	31.9873	0.0708	0.1080	0.0340	0.0237	0.0252	0.0002	0.0875	0.1888	0.0351
19	35	0.1283	2	0	1	0	1	0	0	0	0	N	N	N	N	N	N	N	N	N	N	N	N	0.6197	0.3226	3.2714	0.0688	0.0376	2.6964	0.8388	1.3916	3.3966	0.2121	0.0397	1.7362	0.0126	0.0070	0.3265	0.3355	0.0631	1.8356	0.3423	0.1230	0.5307	0.1836	0.1866	0.1211	0.4000	0.0454	0.5404	4.9493	5.0206	0.0032	0.0064	6.5178	0.1320	2.8428	1.9445	0.0118	0.0020	0.0098	0.0003	0.0001	0.0001	0.0115	0.0018	0.0097	0.0280	0.0047	0.0234	0.0040	0.0039	0.0001	0.0240	0.0008	0.0232	0.0557	0.0500	0.0057	0.0213	0.0209	0.0004	0.0344	0.0291	0.0053	0.0819	0.0378	0.0440	0.0218	0.0208	0.0010	0.0600	0.0170	0.0430	0.6197	0.3226	3.2714	0.0688	0.0376	2.6964	0.8388	1.3916	3.3966	0.3423	0.1230	0.5307	0.1836	0.1866	0.1211	0.4000	0.0454	0.5404
20	23	0.0417	2	1	2	1	0	0	0	0	0	N	Y	N	N	N	N	N	N	N	N	N	N	inf	inf	inf	inf	0.0444	0.0549	0.0000	0.0889	0.0889	0.0000	0.0000	0.0000	0.0000	0.0000	0.0000	0.0000	0.0000	0.0000	0.0000	0.0000	0.0000	0.0000	0.0000	-0.0000	0.0000	0.0002	0.0000	0.0000	2.4393	0.0000	0.0000	0.0000	0.0000	0.0000	0.0000	0.0000	0.0000	0.0000	0.0000	0.0000	0.0000	0.0000	0.0000	0.0000	0.0000	0.0000	0.0000	0.0000	0.0000	0.0000	0.0000	0.0000	0.0000	0.0000	0.0000	0.0000	0.0000	0.0000	0.0000	0.0000	0.0000	0.0000	0.0000	0.0000	0.0000	inf	inf	0.0000	inf	inf	0.0000	0.0000	0.0000	0.0000	0.0000	0.0000	0.0000	0.0000	0.0000	0.0000	0.0000	0.0000	0.0000						
20	25	0.0351	4	2	2	1	1	0	0	0	0	Y	Y	N	N	N	N	N	N	N	N	N	N	0.0000	0.0000	0.0000	0.0000	0.0000	0.0000	0.0000	0.0000	0.0000	0.0000	0.0000	0.0000	0.0000	0.0000	0.0000	0.0000	0.0000	0.0000	0.0000	0.0000	0.0002	0.0332	0.0000	1.0637	0.0000	0.0000	0.0000	0.0000	0.0000	0.0000	0.0000	0.0000	0.0000	0.0000	0.0000	0.0000	0.0000	0.0000	0.0000	0.0000	0.0000	0.0000	0.0000	0.0000	0.0000	0.0000	0.0000	0.0000	0.0000	0.0000	0.0000	0.0000	0.0000	0.0000	0.0000	0.0000	0.0000	0.0000	0.0000	0.0000	0.0000	0.0000	0.0000	0.0000	0.0000	0.0000	0.0000	0.0000	0.0000	0.0000	0.0000	0.0000	0.0000	0.0000	0.0000	0.0000	0.0000	0.0000											
20	26	0.0351	4	1	2	1	1	0	0	0	0	N	Y	N	N	N	N	N	N	N	N	N	N	0.0000	0.0000	0.0000	0.0000	0.0000	0.0000	0.0000	0.0000	0.0000	0.0000	0.0000	0.0000	0.0000	0.0000	0.0000	0.0000	0.0000	0.0000	0.0000	0.0000	0.0002	1.9667	0.0000	4.8619	0.0000	0.0000	0.0000	0.0000	0.0000	0.0000	0.0000	0.0000	0.0000	0.0000	0.0000	0.0000	0.0000	0.0000	0.0000	0.0000	0.0000	0.0000	0.0001	0.0001	0.0000	0.0000	0.0000	0.0000	0.0000	0.0000	0.0000	0.0000	0.0000	0.0000	0.0000	0.0000	0.0000	0.0000	0.0000	0.0000	0.0000	0.0000	0.0000	0.0000	0.0000	0.0000	0.0000	0.0000	0.0000	0.0000	0.0000	0.0000	0.0000	0.0000	0.0000	0.0000	0.0000	0.0000											
20	27	0.0401	5	1	2	1	0	0	0	0	0	N	Y	N	N	N	N	N	N	N	N	N	N	0.0000	0.0000	0.0000	0.0000	0.0000	0.0000	0.0000	0.0000	0.0000	0.0000	0.0000	0.0000	0.0000	0.0000	0.0000	0.0000	0.0000	0.0000	0.0000	0.0000	0.0002	0.0014	0.0000	0.9895	0.0000	0.0000	0.0000	0.0000	0.0000	0.0000	0.0000	0.0000	0.0000	0.0000	0.0000	0.0000	0.0000	0.0000	0.0000	0.0000	0.0000	0.0000	0.0000	0.0000	0.0000	0.0000	0.0000	0.0000	0.0000	0.0000	0.0000	0.0000	0.0000	0.0000	0.0000	0.0000	0.0000	0.0000	0.0000	0.0000	0.0000	0.0000	0.0000	0.0000	0.0000	0.0000	0.0000	0.0000	0.0000	0.0000	0.0000	0.0000	0.0000	0.0000	0.0000	0.0000	0.0000	0.0000											
20	28	0.0351	4	1	1	2	1	0	0	0	0	N	N	Y	N	N	N	N	N	N	N	N	N	0.0000	0.0000	0.0000	0.0000	0.0000	0.0000	0.0000	0.0000	0.0000	0.0000	0.0000	0.0000	0.0000	0.0000	0.0000	0.0000	0.0000	0.0000	0.0000	0.0000	0.0002	1.0331	0.0000	2.8608	0.0000	0.0000	0.0000	0.0000	0.0000	0.0000	0.0000	0.0000	0.0000	0.0000	0.0000	0.0000	0.0000	0.0000	0.0000	0.0000	0.0000	0.0000	0.0000	0.0000	0.0000	0.0000	0.0000	0.0000	0.0000	0.0000	0.0000	0.0000	0.0000	0.0000	0.0000	0.0000	0.0000	0.0000	0.0000	0.0000	0.0000	0.0000	0.0000	0.0000	0.0000	0.0000	0.0000	0.0000	0.0000	0.0000	0.0000	0.0000	0.0000	0.0000	0.0000	0.0000	0.0000	0.0000											
20	29	0.0351	4	1	1	2	1	0	0	0	0	N	N	Y	N	N	N	N	N	N	N	N	N	0.0000	0.0000	0.0000	0.0000	0.0000	0.0000	0.0000	0.0000	0.0000	0.0000	0.0000	0.0000	0.0000	0.0000	0.0000	0.0000	0.0000	0.0000	0.0000	0.0000	0.0002	0.0332	0.0000	3.0294	0.0000	0.0000	0.0000	0.0000	0.0000	0.0000	0.0000	0.0000	0.0000	0.0000	0.0000	0.0000	0.0000	0.0000	0.0000	0.0000	0.0000	0.0000	0.0000	0.0000	0.0000	0.0000	0.0000	0.0000	0.0000	0.0000	0.0000	0.0000	0.0000	0.0000	0.0000	0.0000	0.0000	0.0000	0.0000	0.0000	0.0000	0.0000	0.0000	0.0000	0.0000	0.0000	0.0000	0.0000	0.0000	0.0000	0.0000	0.0000	0.0000	0.0000	0.0000	0.0000	0.0000	0.0000											
20	30	0.0593	4	2	2	1	0	0	0	0	0	Y	Y	N	N	N	N	N	N	N	N	N	N	0.0000	0.0000	0.0000	0.0000	0.0000	0.0000	0.0000	0.0000	0.0000	0.0000	0.0000	0.0000	0.0000	4.4181	7.9989	0.0000	0.0000	0.0000	0.0000	6.5264	17.9342	0.0000	0.0000	0.0000	-0.0000	0.0002	0.0000	0.0000	2.0000	0.0000	0.0000	0.0000	0.0000	0.0000	0.0000	0.0000	0.0000	0.0000	0.0000	0.0000	0.0000	0.0000	0.0000	0.0000	0.0000	0.0000	0.0000	0.0000	0.0000	0.0000	0.0000	0.0000	0.0000	0.0000	0.0000	0.0000	0.0000	0.0000	0.0000	0.0000	0.0000	0.0000	0.0000	0.0000	0.0000	0.0000	0.0000	0.0000	0.0000	0.0000	0.0000	0.0000	0.0000	0.0000	4.4181	7.9989	0.0000	0.0000	0.0000	0.0000	6.5264	17.9342	0.0000						
20	31	0.0323	3	2	2	1	0	0	0	0	0	Y	Y	N	N	N	N	N	N	N	N	N	N	3351.3441	2796.2653	2355.3516	2226.3882	3.0193	4.4246	0.0000	6.3955	6.4157	0.0000	0.0000	0.0000	0.0000	0.0009	0.0016	0.0000	0.0027	0.0029	0.0000	0.0000	0.0000	0.0000	0.0000	0.0000	-0.0001	-0.0000	0.0002	0.9772	0.0000	4.1826	0.0002	0.0002	0.0000	0.0002	0.0002	0.0000	0.0000	0.0000	0.0000	0.0000	0.0000	0.0000	0.0000	0.0000	0.0000	0.0000	0.0000	0.0000	0.0001	0.0000	0.0000	0.0000	0.0000	0.0000	0.0000	0.0000	0.0000	0.0000	0.0000	0.0000	0.0000	0.0000	0.0000	0.0000	0.0000	0.0000	3351.3441	2796.2653	0.0000	2355.3516	2226.3882	0.0000	0.0000	0.0000	0.0000	0.0009	0.0016	0.0000	0.0027	0.0029	0.0000	0.0000	0.0000	0.0000					
20	32	0.0401	5	2	2	1	0	0	0	0	0	Y	Y	N	N	N	N	N	N	N	N	N	N	0.0000	0.0000	0.0000	0.0000	0.0000	0.0000	0.0000	0.0000	0.0000	0.0000	0.0000	0.0000	0.0000	0.0000	0.0000	0.0000	0.0000	0.0000	0.0000	0.0000	0.0002	0.0015	0.0000	1.0489	0.0000	0.0000	0.0000	0.0000	0.0000	0.0000	0.0000	0.0000	0.0000	0.0000	0.0000	0.0000	0.0000	0.0000	0.0000	0.0000	0.0000	0.0000	0.0000	0.0000	0.0000	0.0000	0.0000	0.0000	0.0000	0.0000	0.0000	0.0000	0.0000	0.0000	0.0000	0.0000	0.0000	0.0000	0.0000	0.0000	0.0000	0.0000	0.0000	0.0000	0.0000	0.0000	0.0000	0.0000	0.0000	0.0000	0.0000	0.0000	0.0000	0.0000	0.0000	0.0000	0.0000	0.0000											
20	33	0.0351	4	1	2	1	0	0	0	0	0	N	Y	N	N	N	N	N	N	N	N	N	N	0.0000	0.0000	0.0000	0.0000	0.0000	0.0000	0.0000	0.0000	0.0000	0.0000	0.0000	0.0000	0.0000	0.0000	0.0000	0.0000	0.0000	0.0000	0.0000	0.0000	0.0002	0.9657	0.0000	1.1858	0.0000	0.0000	0.0000	0.0000	0.0000	0.0000	0.0000	0.0000	0.0000	0.0000	0.0000	0.0000	0.0000	0.0000	0.0000	0.0000	0.0000	0.0000	0.0000	0.0000	0.0000	0.0000	0.0000	0.0000	0.0000	0.0000	0.0000	0.0000	0.0000	0.0000	0.0000	0.0000	0.0000	0.0000	0.0000	0.0000	0.0000	0.0000	0.0000	0.0000	0.0000	0.0000	0.0000	0.0000	0.0000	0.0000	0.0000	0.0000	0.0000	0.0000	0.0000	0.0000	0.0000	0.0000											
20	34	0.0323	3	1	1	1	0	0	0	0	0	N	N	N	N	N	N	N	N	N	N	N	N	103.7686	0.0000	inf	0.0000	0.0000	inf	inf	0.1107	0.0000	0.4517	0.0000	0.0000	0.0000	0.2048	0.0000	0.4556	0.0011	0.0019	0.0000	0.0032	0.0033	0.0000	0.0000	0.0000	0.0000	inf	0.0000	0.0000	-0.0000	0.0002	1.9916	0.0000	1.9964	0.0000	0.0000	0.0000	0.0000	0.0000	0.0000	0.0000	0.0000	0.0000	0.0000	0.0000	0.0000	0.0000	0.0000	0.0000	0.0000	0.0000	0.0000	0.0001	0.0001	0.0000	0.0000	0.0000	0.0000	0.0000	0.0000	0.0000	0.0000	0.0000	0.0000	0.0000	0.0000	0.0000	0.0000	0.0000	0.0000	103.7686	0.0000	inf	0.0000	0.0000	0.0000	inf	0.0000	inf	0.0011	0.0019	0.0000	0.0032	0.0033	0.0000	0.0000	0.0000	0.0000		
20	35	0.0242	2	1	1	1	0	0	0	0	0	N	N	N	N	N	N	N	N	N	N	N	N	7.6731	3.7637	171.9462	2.8773	2.8121	inf	207.6126	168.9858	0.4380	0.3965	0.4882	0.4387	0.4389	0.2112	0.4374	0.0000	0.4885	0.0571	0.1053	0.0028	0.1525	0.1561	0.0000	0.0021	0.0000	0.0029	1.0200	0.0240	-0.0000	-0.0000	0.0002	0.1320	0.0000	1.9445	0.0000	0.0000	0.0000	0.0000	0.0000	0.0000	0.0000	0.0000	0.0000	0.0000	0.0000	0.0000	0.0000	0.0000	0.0000	0.0000	0.0000	0.0000	0.0000	0.0000	0.0000	0.0000	0.0000	0.0000	0.0000	0.0000	0.0000	0.0000	0.0000	0.0000	0.0000	0.0000	0.0000	0.0000	0.0000	0.0000	7.6731	3.7637	171.9462	2.8773	2.8121	inf	207.6126	0.0000	168.9858	0.0571	0.1053	0.0028	0.1525	0.1561	0.0000	0.0021	0.0000	0.0029	
21	23	0.0625	2	1	1	1	0	0	0	0	0	N	N	N	N	N	N	N	N	N	N	N	N	inf	inf	inf	inf	0.0444	0.0549	0.0000	0.0889	0.0889	0.0000	0.0000	0.0000	0.0000	0.0000	0.0000	0.0000	0.0000	0.0000	0.0000	0.0000	0.0000	0.0000	0.0000	-0.0000	0.0000	0.0002	0.0000	2.0000	2.4393	0.0000	0.0000	0.0000	0.0000	0.0000	0.0000	0.0000	0.0000	0.0000	0.0000	0.0000	0.0000	0.0000	0.0000	0.0000	0.0000	0.0000	0.0000	0.0000	0.0000	0.0000	0.0000	0.0000	0.0000	0.0000	0.0000	0.0000	0.0469	0.0212	0.0257	0.0134	0.0133	0.0000	0.0335	0.0079	0.0256	inf	inf	0.0000	inf	inf	0.0000	0.0000	0.0000	0.0000	0.0000	0.0000	0.0000	0.0000	0.0000	0.0000	0.0000	0.0000	0.0000						
21	25	0.0559	4	2	1	1	1	0	0	0	0	Y	N	N	N	N	N	N	N	N	N	N	N	0.0000	0.0000	0.0000	0.0000	0.0000	0.0000	0.0000	0.0000	0.0000	0.0000	0.0000	0.0000	0.0000	0.0000	0.0000	0.0000	0.0000	0.0000	0.0000	0.0000	0.0002	0.0332	2.0000	1.0637	0.0000	0.0000	0.0000	0.0000	0.0000	0.0000	0.0000	0.0000	0.0000	0.0000	0.0000	0.0000	0.0000	0.0000	0.0000	0.0000	0.0000	0.0000	0.0000	0.0000	0.0000	0.0000	0.0000	0.0000	0.0000	0.0000	0.0000	0.0149	0.0088	0.0061	0.0065	0.0061	0.0004	0.0084	0.0027	0.0057	0.0000	0.0000	0.0000	0.0000	0.0000	0.0000	0.0000	0.0000	0.0000	0.0000	0.0000	0.0000	0.0000	0.0000	0.0000	0.0000	0.0000	0.0000											
21	26	0.0559	4	1	1	1	1	0	0	0	0	N	N	N	N	N	N	N	N	N	N	N	N	0.0000	0.0000	0.0000	0.0000	0.0000	0.0000	0.0000	0.0000	0.0000	0.0000	0.0000	0.0000	0.0000	0.0000	0.0000	0.0000	0.0000	0.0000	0.0000	0.0000	0.0002	1.9667	2.0000	4.8619	0.0000	0.0000	0.0000	0.0000	0.0000	0.0000	0.0000	0.0000	0.0000	0.0000	0.0000	0.0000	0.0000	0.0000	0.0000	0.0000	0.0000	0.0000	0.0001	0.0001	0.0000	0.0000	0.0000	0.0000	0.0000	0.0000	0.0000	0.0444	0.0222	0.0223	0.0166	0.0143	0.0023	0.0278	0.0079	0.0200	0.0000	0.0000	0.0000	0.0000	0.0000	0.0000	0.0000	0.0000	0.0000	0.0000	0.0000	0.0000	0.0000	0.0000	0.0000	0.0000	0.0000	0.0000											
21	27	0.0609	5	1	1	1	0	0	0	0	0	N	N	N	N	N	N	N	N	N	N	N	N	0.0000	0.0000	0.0000	0.0000	0.0000	0.0000	0.0000	0.0000	0.0000	0.0000	0.0000	0.0000	0.0000	0.0000	0.0000	0.0000	0.0000	0.0000	0.0000	0.0000	0.0002	0.0014	2.0000	0.9895	0.0000	0.0000	0.0000	0.0000	0.0000	0.0000	0.0000	0.0000	0.0000	0.0000	0.0000	0.0000	0.0000	0.0000	0.0000	0.0000	0.0000	0.0000	0.0000	0.0000	0.0000	0.0000	0.0000	0.0000	0.0000	0.0000	0.0000	0.0091	0.0043	0.0048	0.0037	0.0033	0.0004	0.0054	0.0010	0.0044	0.0000	0.0000	0.0000	0.0000	0.0000	0.0000	0.0000	0.0000	0.0000	0.0000	0.0000	0.0000	0.0000	0.0000	0.0000	0.0000	0.0000	0.0000											
21	28	0.0559	4	1	0	2	1	0	0	0	0	N	N	Y	N	N	N	N	N	N	N	N	N	0.0000	0.0000	0.0000	0.0000	0.0000	0.0000	0.0000	0.0000	0.0000	0.0000	0.0000	0.0000	0.0000	0.0000	0.0000	0.0000	0.0000	0.0000	0.0000	0.0000	0.0002	1.0331	2.0000	2.8608	0.0000	0.0000	0.0000	0.0000	0.0000	0.0000	0.0000	0.0000	0.0000	0.0000	0.0000	0.0000	0.0000	0.0000	0.0000	0.0000	0.0000	0.0000	0.0000	0.0000	0.0000	0.0000	0.0000	0.0000	0.0000	0.0000	0.0000	0.0303	0.0158	0.0145	0.0119	0.0105	0.0014	0.0184	0.0053	0.0131	0.0000	0.0000	0.0000	0.0000	0.0000	0.0000	0.0000	0.0000	0.0000	0.0000	0.0000	0.0000	0.0000	0.0000	0.0000	0.0000	0.0000	0.0000											
21	29	0.0559	4	1	0	2	1	0	0	0	0	N	N	Y	N	N	N	N	N	N	N	N	N	0.0000	0.0000	0.0000	0.0000	0.0000	0.0000	0.0000	0.0000	0.0000	0.0000	0.0000	0.0000	0.0000	0.0000	0.0000	0.0000	0.0000	0.0000	0.0000	0.0000	0.0002	0.0332	2.0000	3.0294	0.0000	0.0000	0.0000	0.0000	0.0000	0.0000	0.0000	0.0000	0.0000	0.0000	0.0000	0.0000	0.0000	0.0000	0.0000	0.0000	0.0000	0.0000	0.0000	0.0000	0.0000	0.0000	0.0000	0.0000	0.0000	0.0000	0.0000	0.0259	0.0138	0.0121	0.0104	0.0093	0.0011	0.0155	0.0045	0.0110	0.0000	0.0000	0.0000	0.0000	0.0000	0.0000	0.0000	0.0000	0.0000	0.0000	0.0000	0.0000	0.0000	0.0000	0.0000	0.0000	0.0000	0.0000											
21	30	0.0801	4	2	1	1	0	0	0	0	0	Y	N	N	N	N	N	N	N	N	N	N	N	0.0000	0.0000	0.0000	0.0000	0.0000	0.0000	0.0000	0.0000	0.0000	0.0000	0.0000	0.0000	0.0000	0.0008	0.0017	0.0000	0.0000	0.0000	0.0000	0.0010	0.0034	0.0000	0.0000	0.0000	-0.0000	0.0002	0.0000	2.0000	2.0000	0.0000	0.0000	0.0000	0.0000	0.0000	0.0000	0.0000	0.0000	0.0000	0.0000	0.0000	0.0000	0.0000	0.0000	0.0000	0.0000	0.0000	0.0000	0.0000	0.0000	0.0000	0.0000	0.0000	0.0000	0.0000	0.0000	0.0000	0.0133	0.0059	0.0074	0.0032	0.0029	0.0003	0.0100	0.0029	0.0071	0.0000	0.0000	0.0000	0.0000	0.0000	0.0000	0.0000	0.0000	0.0000	0.0008	0.0017	0.0000	0.0000	0.0000	0.0000	0.0010	0.0034	0.0000						
21	31	0.0531	3	2	1	1	0	0	0	0	0	Y	N	N	N	N	N	N	N	N	N	N	N	20845421.7079	14859687.3681	11841833.3084	10890909.3632	3.0193	4.4246	0.0000	6.3955	6.4157	0.0000	0.0000	0.0000	0.0000	0.0000	0.0000	0.0000	0.0000	0.0000	0.0000	0.0000	0.0000	0.0000	0.0000	0.0000	-0.0001	-0.0000	0.0002	0.9772	2.0000	4.1826	0.0002	0.0002	0.0000	0.0002	0.0002	0.0000	0.0000	0.0000	0.0000	0.0000	0.0000	0.0000	0.0000	0.0000	0.0000	0.0000	0.0000	0.0000	0.0001	0.0000	0.0000	0.0000	0.0000	0.0000	0.0000	0.0000	0.0000	0.0394	0.0191	0.0202	0.0104	0.0097	0.0007	0.0290	0.0095	0.0195	20845421.7079	14859687.3681	0.0000	11841833.3084	10890909.3632	0.0000	0.0000	0.0000	0.0000	0.0000	0.0000	0.0000	0.0000	0.0000	0.0000	0.0000	0.0000	0.0000					
21	32	0.0609	5	2	1	1	0	0	0	0	0	Y	N	N	N	N	N	N	N	N	N	N	N	0.0000	0.0000	0.0000	0.0000	0.0000	0.0000	0.0000	0.0000	0.0000	0.0000	0.0000	0.0000	0.0000	0.0021	0.0045	0.0000	0.0052	0.0058	0.0000	0.0000	0.0000	0.0000	0.0000	0.0000	-0.0000	0.0002	0.0015	2.0000	1.0489	0.0000	0.0000	0.0000	0.0000	0.0000	0.0000	0.0000	0.0000	0.0000	0.0000	0.0000	0.0000	0.0000	0.0000	0.0000	0.0000	0.0000	0.0000	0.0000	0.0000	0.0000	0.0000	0.0000	0.0000	0.0000	0.0000	0.0000	0.0095	0.0045	0.0050	0.0039	0.0034	0.0004	0.0056	0.0010	0.0046	0.0000	0.0000	0.0000	0.0000	0.0000	0.0000	0.0000	0.0000	0.0000	0.0021	0.0045	0.0000	0.0052	0.0058	0.0000	0.0000	0.0000	0.0000						
21	33	0.0559	4	1	1	1	0	0	0	0	0	N	N	N	N	N	N	N	N	N	N	N	N	0.0000	0.0000	0.0000	0.0000	0.0000	0.0000	0.0000	0.0000	0.0000	0.0000	0.0000	0.0000	0.0000	0.0010	0.0000	0.0021	0.0000	0.0000	0.0000	0.0016	0.0000	0.0023	inf	0.0000	0.0000	0.0002	0.9657	2.0000	1.1858	0.0000	0.0000	0.0000	0.0000	0.0000	0.0000	0.0000	0.0000	0.0000	0.0000	0.0000	0.0000	0.0000	0.0000	0.0000	0.0000	0.0000	0.0000	0.0000	0.0000	0.0000	0.0000	0.0000	0.0000	0.0000	0.0000	0.0000	0.0210	0.0115	0.0094	0.0087	0.0079	0.0008	0.0123	0.0037	0.0086	0.0000	0.0000	0.0000	0.0000	0.0000	0.0000	0.0000	0.0000	0.0000	0.0010	0.0000	0.0021	0.0000	0.0000	0.0000	0.0016	0.0000	0.0023						
21	34	0.0531	3	1	0	1	0	0	0	0	0	N	N	N	N	N	N	N	N	N	N	N	N	652039.6518	0.0000	inf	0.0000	0.0000	inf	inf	0.1107	0.0000	0.4517	0.0000	0.0000	0.0000	0.2048	0.0000	0.4556	0.0000	0.0000	0.0000	0.0000	0.0000	0.0000	0.0000	0.0000	0.0000	inf	0.0000	0.0000	-0.0000	0.0002	1.9916	2.0000	1.9964	0.0000	0.0000	0.0000	0.0000	0.0000	0.0000	0.0000	0.0000	0.0000	0.0000	0.0000	0.0000	0.0000	0.0000	0.0000	0.0000	0.0000	0.0000	0.0001	0.0001	0.0000	0.0000	0.0000	0.0000	0.0000	0.0000	0.0000	0.0330	0.0164	0.0166	0.0092	0.0086	0.0006	0.0238	0.0078	0.0160	652039.6518	0.0000	inf	0.0000	0.0000	0.0000	inf	0.0000	inf	0.0000	0.0000	0.0000	0.0000	0.0000	0.0000	0.0000	0.0000	0.0000		
21	35	0.0450	2	1	0	1	0	0	0	0	0	N	N	N	N	N	N	N	N	N	N	N	N	911.9417	380.8230	1024150.5812	258.3718	246.9286	inf	1221474.3730	1000835.7391	0.4380	0.3965	0.4882	0.4387	0.4389	0.2112	0.4374	0.0000	0.4885	0.0005	0.0010	0.0000	0.0017	0.0018	0.0000	0.0000	0.0000	0.0000	1.0200	0.0005	-0.0000	-0.0000	0.0002	0.1320	2.0000	1.9445	0.0000	0.0000	0.0000	0.0000	0.0000	0.0000	0.0000	0.0000	0.0000	0.0000	0.0000	0.0000	0.0000	0.0000	0.0000	0.0000	0.0000	0.0000	0.0000	0.0000	0.0000	0.0000	0.0000	0.0000	0.0000	0.0000	0.0000	0.0213	0.0098	0.0115	0.0060	0.0058	0.0003	0.0153	0.0041	0.0112	911.9417	380.8230	1024150.5812	258.3718	246.9286	inf	1221474.3730	0.0000	1000835.7391	0.0005	0.0010	0.0000	0.0017	0.0018	0.0000	0.0000	0.0000	0.0000	
23	25	0.1098	5	1	2	0	1	0	0	0	0	N	Y	N	N	N	N	N	N	N	N	N	N	0.0000	0.0000	0.0000	0.0000	0.0000	0.0000	0.0000	0.0000	0.0000	0.0000	0.0000	0.0000	0.0000	0.0000	0.0000	16.4815	0.0000	45.3002	0.0001	0.0000	0.0025	33.2148	0.0000	45.2177	inf	0.0000	0.1975	0.0000	0.0332	2.4393	1.0637	0.0000	0.0000	0.0000	0.0000	0.0000	0.0000	0.0000	0.0000	0.0000	0.5028	0.0000	0.5028	0.0000	0.0000	0.0000	0.5028	0.0000	0.5028	0.0000	0.0000	0.0000	0.0000	0.0000	0.0000	0.0000	0.0000	0.0000	0.0305	0.0179	0.0126	0.0154	0.0149	0.0005	0.0151	0.0030	0.0121	0.0000	0.0000	0.0000	0.0000	0.0000	0.0000	0.0000	0.0000	0.0000	16.4815	0.0000	39.8619	0.0001	0.0000	0.0025	33.2148	0.0000	41.5349				
23	26	0.1098	5	0	2	0	1	0	0	0	0	N	Y	N	N	N	N	N	N	N	N	N	N	0.0000	0.0000	0.0000	0.0000	0.0000	0.0000	0.0000	0.0000	0.0000	0.0000	0.0000	0.0000	0.0000	8.1078	14.8243	0.0000	16.2953	17.1240	0.0000	0.0000	0.0000	0.0000	0.0000	0.0000	-0.5681	0.0000	1.9667	2.4393	4.8619	0.0000	0.0000	0.0000	0.0000	0.0000	0.0000	0.0000	0.0000	0.0000	0.9355	0.9355	0.0000	0.9355	0.9355	0.0000	0.0000	0.0000	0.0000	0.0003	0.0003	0.0000	0.0002	0.0002	0.0000	0.0002	0.0001	0.0000	0.1154	0.0631	0.0523	0.0574	0.0546	0.0028	0.0580	0.0085	0.0495	0.0000	0.0000	0.0000	0.0000	0.0000	0.0000	0.0000	0.0000	0.0000	8.1078	14.8243	0.0000	16.2953	17.1240	0.0000	0.0000	0.0000	0.0000						
23	27	0.1148	6	0	2	0	0	0	0	0	0	N	Y	N	N	N	N	N	N	N	N	N	N	0.0000	0.0000	0.0000	0.0000	0.0000	0.0000	0.0000	0.0000	0.0000	0.0000	0.0000	0.0000	0.0000	0.0000	0.0000	13.3009	0.0000	27.6910	0.0006	0.0000	0.0211	26.7618	0.0000	28.5541	inf	0.0000	0.1704	0.0000	0.0014	2.4393	0.9895	0.0000	0.0000	0.0000	0.0000	0.0000	0.0000	0.0000	0.0000	0.0000	0.4339	0.0000	0.4339	0.0000	0.0000	0.0000	0.4339	0.0000	0.4339	0.0000	0.0000	0.0000	0.0000	0.0000	0.0000	0.0000	0.0000	0.0000	0.0326	0.0170	0.0157	0.0164	0.0159	0.0005	0.0162	0.0010	0.0152	0.0000	0.0000	0.0000	0.0000	0.0000	0.0000	0.0000	0.0000	0.0000	13.3009	0.0000	27.6910	0.0006	0.0000	0.0211	26.7618	0.0000	28.5541				
23	28	0.1098	5	0	1	1	1	0	0	0	0	N	N	N	N	N	N	N	N	N	N	N	N	0.0000	0.0000	0.0000	0.0000	0.0000	0.0000	0.0000	0.0000	0.0000	0.0000	0.0000	0.0000	0.0000	12.3744	22.2938	0.0000	24.6746	25.8269	0.0000	0.0000	0.0000	0.0000	0.0000	0.0000	-0.5681	0.0000	1.0331	2.4393	2.8608	0.0000	0.0000	0.0000	0.0000	0.0000	0.0000	0.0000	0.0000	0.0000	0.9355	0.9355	0.0000	0.9355	0.9355	0.0000	0.0000	0.0000	0.0000	0.0002	0.0002	0.0000	0.0001	0.0001	0.0000	0.0001	0.0001	0.0000	0.0756	0.0420	0.0336	0.0379	0.0362	0.0017	0.0377	0.0057	0.0319	0.0000	0.0000	0.0000	0.0000	0.0000	0.0000	0.0000	0.0000	0.0000	12.3744	22.2938	0.0000	24.6746	25.8269	0.0000	0.0000	0.0000	0.0000						
23	29	0.1098	5	0	1	1	1	0	0	0	0	N	N	N	N	N	N	N	N	N	N	N	N	0.0000	0.0000	0.0000	0.0000	0.0000	0.0000	0.0000	0.0000	0.0000	0.0000	0.0000	0.0000	0.0000	0.0000	0.0000	7.9822	0.0000	18.1198	0.0000	0.0000	0.0009	16.0436	0.0000	19.0505	inf	0.0000	0.1975	0.0000	0.0332	2.4393	3.0294	0.0000	0.0000	0.0000	0.0000	0.0000	0.0000	0.0000	0.0000	0.0000	0.5028	0.0000	0.5028	0.0000	0.0000	0.0000	0.5028	0.0000	0.5028	0.0000	0.0000	0.0000	0.0000	0.0000	0.0000	0.0000	0.0000	0.0000	0.0630	0.0352	0.0277	0.0316	0.0303	0.0014	0.0313	0.0049	0.0264	0.0000	0.0000	0.0000	0.0000	0.0000	0.0000	0.0000	0.0000	0.0000	7.9822	0.0000	18.1198	0.0000	0.0000	0.0009	16.0436	0.0000	19.0505				
23	30	0.1340	5	1	2	0	0	0	0	0	0	N	Y	N	N	N	N	N	N	N	N	N	N	0.0000	0.0000	0.0000	0.0000	0.0000	0.0000	0.0000	0.0000	0.0000	0.0000	0.0000	0.0000	0.0000	0.0000	0.0000	0.0000	0.0000	0.0000	0.0000	0.0000	0.0000	0.0000	2.4393	2.0000	0.0000	0.0000	0.0000	0.0000	0.0000	0.0000	0.0000	0.0000	0.0000	0.0000	0.0000	0.0000	0.0000	0.0000	0.0000	0.0000	0.0000	0.0000	0.0000	0.0000	0.0000	0.0000	0.0000	0.0000	0.0000	0.0000	0.0000	0.0389	0.0206	0.0182	0.0167	0.0163	0.0004	0.0222	0.0043	0.0179	0.0000	0.0000	0.0000	0.0000	0.0000	0.0000	0.0000	0.0000	0.0000	0.0000	0.0000	0.0000	0.0000	0.0000	0.0000	0.0000	0.0000	0.0000											
23	31	0.1070	4	1	2	0	0	0	0	0	0	N	Y	N	N	N	N	N	N	N	N	N	N	0.1069	0.0000	247181.4064	0.0000	0.0000	0.0000	85768.6461	0.0000	308289.3876	0.0561	0.0000	0.4451	0.0000	0.0000	0.0000	0.1123	0.0000	0.4457	0.5251	0.9754	0.0000	1.2023	1.2266	0.0000	0.0000	0.0000	0.0000	inf	0.0000	0.0000	-0.0309	0.0000	0.9772	2.4393	4.1826	0.0000	0.0000	0.0000	0.0000	0.0000	0.0000	0.0000	0.0000	0.0000	0.0509	0.0509	0.0000	0.0509	0.0509	0.0000	0.0000	0.0000	0.0000	0.0002	0.0001	0.0000	0.0001	0.0001	0.0000	0.0001	0.0001	0.0000	0.0970	0.0522	0.0448	0.0423	0.0415	0.0008	0.0546	0.0107	0.0439	0.1069	0.0000	247181.4064	0.0000	0.0000	0.0000	85768.6461	0.0000	308289.3876	0.5251	0.9754	0.0000	1.2023	1.2266	0.0000	0.0000	0.0000	0.0000
23	32	0.1148	6	1	2	0	0	0	0	0	0	N	Y	N	N	N	N	N	N	N	N	N	N	0.0000	0.0000	0.0000	0.0000	0.0000	0.0000	0.0000	0.0000	0.0000	0.0000	0.0000	0.0000	0.0000	0.0000	0.0000	0.0000	0.0000	0.1977	0.3487	0.0340	0.3611	0.3715	0.0199	0.0322	0.0000	0.0345	0.0900	0.0000	-0.0035	0.0000	0.0015	2.4393	1.0489	0.0000	0.0000	0.0000	0.0000	0.0000	0.0000	0.0000	0.0000	0.0000	0.0067	0.0061	0.0005	0.0061	0.0061	0.0000	0.0005	0.0000	0.0005	0.0000	0.0000	0.0000	0.0000	0.0000	0.0000	0.0000	0.0000	0.0000	0.0337	0.0175	0.0162	0.0169	0.0164	0.0005	0.0167	0.0011	0.0157	0.0000	0.0000	0.0000	0.0000	0.0000	0.0000	0.0000	0.0000	0.0000	0.1977	0.3487	0.0340	0.3611	0.3715	0.0199	0.0322	0.0000	0.0345		
23	33	0.1098	5	0	2	0	0	0	0	0	0	N	Y	N	N	N	N	N	N	N	N	N	N	0.0000	0.0000	0.0000	0.0000	0.0000	0.0000	0.0000	0.0000	0.0000	0.0000	0.0000	0.0000	0.0000	0.0000	0.0000	0.0000	0.0000	0.0000	1.4482	0.0233	3.3159	0.0263	0.0274	0.0013	2.8892	0.0002	3.4772	108.4001	0.0000	0.0269	0.0000	0.9657	2.4393	1.1858	0.0000	0.0000	0.0000	0.0000	0.0000	0.0000	0.0000	0.0000	0.0000	0.0701	0.0006	0.0695	0.0006	0.0006	0.0000	0.0695	0.0000	0.0695	0.0002	0.0001	0.0000	0.0001	0.0001	0.0000	0.0001	0.0001	0.0000	0.0484	0.0275	0.0209	0.0244	0.0234	0.0010	0.0240	0.0041	0.0200	0.0000	0.0000	0.0000	0.0000	0.0000	0.0000	0.0000	0.0000	0.0000	1.4482	0.0233	3.3159	0.0263	0.0274	0.0013	2.8892	0.0002	3.4772	
23	34	0.1070	4	0	1	0	0	0	0	0	0	N	N	N	N	N	N	N	N	N	N	N	N	0.0001	0.0216	0.0000	0.0274	0.0302	0.0000	0.0000	0.0000	0.0014	0.0016	0.0000	0.0029	0.0029	0.0000	0.0000	0.0000	0.0000	11.1944	0.0759	24.3924	0.1050	0.0954	0.6019	19.9188	0.0000	24.8361	0.0000	270.7580	-0.0000	0.3469	0.0000	1.9916	2.4393	1.9964	0.0000	0.0000	0.0000	0.0000	0.0000	0.0000	0.0000	0.0000	0.0000	0.8916	0.0033	0.8883	0.0037	0.0033	0.0004	0.8879	0.0000	0.8879	0.0003	0.0003	0.0000	0.0002	0.0002	0.0000	0.0002	0.0001	0.0000	0.0796	0.0432	0.0364	0.0351	0.0344	0.0007	0.0446	0.0088	0.0357	0.0001	0.0216	0.0000	0.0274	0.0302	0.0000	0.0000	0.0000	0.0000	11.1944	0.0759	24.3924	0.1050	0.0954	0.6019	19.9188	0.0000	24.8361	
23	35	0.0989	3	0	1	0	0	0	0	0	0	N	N	N	N	N	N	N	N	N	N	N	N	0.0333	0.1669	0.0552	0.2666	0.2630	0.0000	0.0198	0.0000	0.0545	0.0373	0.0223	0.1206	0.0378	0.0378	0.0000	0.0367	0.0000	0.1207	1.1194	0.1336	2.1852	0.1417	0.1437	0.0186	1.8583	0.2378	2.2162	0.9719	15.1339	-0.0000	0.0178	0.0000	0.1320	2.4393	1.9445	0.0000	0.0000	0.0000	0.0000	0.0000	0.0000	0.0000	0.0000	0.0000	0.0537	0.0033	0.0504	0.0029	0.0029	0.0000	0.0508	0.0004	0.0504	0.0000	0.0000	0.0000	0.0000	0.0000	0.0000	0.0000	0.0000	0.0000	0.0480	0.0249	0.0230	0.0206	0.0203	0.0003	0.0273	0.0046	0.0227	0.0333	0.1669	0.0552	0.2666	0.2630	0.0000	0.0198	0.0000	0.0545	1.1194	0.1336	2.1852	0.1417	0.1437	0.0186	1.8583	0.0888	2.2162
23	36	0.0747	2	0	1	0	0	0	0	0	0	N	N	N	N	N	N	N	N	N	N	N	N	0.0278	0.0019	0.1359	0.3393	0.4144	0.0000	0.0398	0.0000	0.1361	0.0008	0.0000	0.0067	0.0000	0.0000	0.0000	0.0015	0.0000	0.0067	0.0276	0.0020	0.0489	0.0000	0.0000	0.0022	0.0384	0.0052	0.0489	226.1746	29.5573	0.0000	0.0011	0.0000	4.0393	2.4393	1.1787	0.0000	0.0000	0.0000	0.0000	0.0000	0.0000	0.0000	0.0000	0.0000	0.0031	0.0001	0.0030	0.0000	0.0000	0.0000	0.0031	0.0001	0.0030	0.0006	0.0006	0.0001	0.0003	0.0003	0.0000	0.0003	0.0003	0.0001	0.1112	0.0506	0.0606	0.0314	0.0313	0.0000	0.0799	0.0193	0.0606	0.0278	0.0019	0.1359	0.3393	0.4144	0.0000	0.0398	0.0000	0.1361	0.0276	0.0020	0.0489	0.0000	0.0000	0.0022	0.0384	0.0052	0.0489
24	25	0.0768	4	1	1	0	1	0	0	0	0	N	N	N	N	N	N	N	N	N	N	N	N	0.0000	0.0000	0.0000	0.0000	0.0000	0.0000	0.0000	0.0000	0.0000	0.0000	0.0000	0.0000	0.0000	0.0000	0.0000	12.8547	0.0000	31.1948	0.0000	0.0000	0.0000	22.6033	0.0002	37.8242	441487.5144	0.0000	0.2201	3.9968	0.0332	2.5738	1.0637	0.0000	0.0000	0.0000	0.0000	0.0000	0.0000	0.0000	0.0000	0.0000	0.5604	0.0000	0.5604	0.0000	0.0000	0.0000	0.5604	0.0000	0.5604	0.0134	0.0124	0.0010	0.0058	0.0058	0.0001	0.0076	0.0066	0.0009	0.0436	0.0256	0.0180	0.0188	0.0176	0.0012	0.0248	0.0081	0.0167	0.0000	0.0000	0.0000	0.0000	0.0000	0.0000	0.0000	0.0000	0.0000	12.8547	0.0000	31.1948	0.0000	0.0000	0.0000	22.6033	0.0002	33.4752				
24	26	0.0768	4	0	1	0	1	0	0	0	0	N	N	N	N	N	N	N	N	N	N	N	N	0.0000	0.0000	0.0000	0.0000	0.0000	0.0000	0.0000	0.0000	0.0000	0.0000	0.0000	0.0000	0.0000	0.0000	0.0000	0.0000	0.0000	0.0648	0.1299	0.0003	0.0320	0.0373	0.0000	0.0833	3.3680	0.0003	0.0024	0.0000	-0.0052	3.9968	1.9667	2.5738	4.8619	0.0000	0.0000	0.0000	0.0000	0.0000	0.0000	0.0000	0.0000	0.0000	0.0085	0.0085	0.0000	0.0015	0.0015	0.0000	0.0070	0.0070	0.0000	0.2202	0.1953	0.0250	0.0596	0.0557	0.0039	0.1606	0.1396	0.0210	0.1317	0.0655	0.0662	0.0477	0.0410	0.0067	0.0840	0.0245	0.0595	0.0000	0.0000	0.0000	0.0000	0.0000	0.0000	0.0000	0.0000	0.0000	0.0648	0.1299	0.0003	0.0320	0.0373	0.0000	0.0833	0.2843	0.0003		
24	27	0.0819	5	0	1	0	0	0	0	0	0	N	N	N	N	N	N	N	N	N	N	N	N	0.0000	0.0000	0.0000	0.0000	0.0000	0.0000	0.0000	0.0000	0.0000	0.0000	0.0000	0.0000	0.0000	0.0000	0.0000	0.0000	0.0000	0.0000	20.9441	0.0000	39.9772	0.0000	0.0000	0.0000	34.8607	0.0000	50.0884	39480369.9785	0.0000	0.2171	3.9968	0.0014	2.5738	0.9895	0.0000	0.0000	0.0000	0.0000	0.0000	0.0000	0.0000	0.0000	0.0000	0.5527	0.0000	0.5527	0.0000	0.0000	0.0000	0.5527	0.0000	0.5527	0.0006	0.0006	0.0000	0.0003	0.0003	0.0000	0.0003	0.0003	0.0000	0.0264	0.0125	0.0139	0.0105	0.0094	0.0011	0.0159	0.0031	0.0128	0.0000	0.0000	0.0000	0.0000	0.0000	0.0000	0.0000	0.0000	0.0000	20.9441	0.0000	39.7586	0.0000	0.0000	0.0000	34.8607	0.0000	43.3258	
24	28	0.0768	4	0	0	1	1	0	0	0	0	N	N	N	N	N	N	N	N	N	N	N	N	0.0000	0.0000	0.0000	0.0000	0.0000	0.0000	0.0000	0.0000	0.0000	0.0000	0.0000	0.0000	0.0000	0.0171	0.0329	0.0000	0.0447	0.0508	0.0000	0.0000	0.0000	0.0000	0.0000	0.0000	-0.0009	3.9968	1.0331	2.5738	2.8608	0.0000	0.0000	0.0000	0.0000	0.0000	0.0000	0.0000	0.0000	0.0000	0.0015	0.0015	0.0000	0.0015	0.0015	0.0000	0.0000	0.0000	0.0000	0.1230	0.1092	0.0138	0.0348	0.0326	0.0022	0.0882	0.0766	0.0116	0.0893	0.0464	0.0429	0.0341	0.0301	0.0041	0.0551	0.0163	0.0388	0.0000	0.0000	0.0000	0.0000	0.0000	0.0000	0.0000	0.0000	0.0000	0.0171	0.0329	0.0000	0.0447	0.0508	0.0000	0.0000	0.0000	0.0000						
24	29	0.0768	4	0	0	1	1	0	0	0	0	N	N	N	N	N	N	N	N	N	N	N	N	0.0000	0.0000	0.0000	0.0000	0.0000	0.0000	0.0000	0.0000	0.0000	0.0000	0.0000	0.0000	0.0000	0.0000	0.0000	7.3459	0.0000	15.6476	0.0000	0.0000	0.0000	12.0692	0.0001	17.2196	441487.5144	0.0000	0.2201	3.9968	0.0332	2.5738	3.0294	0.0000	0.0000	0.0000	0.0000	0.0000	0.0000	0.0000	0.0000	0.0000	0.5604	0.0000	0.5604	0.0000	0.0000	0.0000	0.5604	0.0000	0.5604	0.0134	0.0124	0.0010	0.0058	0.0058	0.0001	0.0076	0.0066	0.0009	0.0763	0.0405	0.0358	0.0299	0.0266	0.0033	0.0464	0.0139	0.0325	0.0000	0.0000	0.0000	0.0000	0.0000	0.0000	0.0000	0.0000	0.0000	7.3459	0.0000	15.6476	0.0000	0.0000	0.0000	12.0692	0.0001	17.2196				
24	30	0.1010	4	1	1	0	0	0	0	0	0	N	N	N	N	N	N	N	N	N	N	N	N	0.0000	0.0000	0.0000	0.0000	0.0000	0.0000	0.0000	0.0000	0.0000	0.0000	0.0000	0.0000	0.0000	0.0003	0.0006	0.0000	0.0000	0.0000	0.0000	0.0003	0.0011	0.0000	0.0000	0.0000	-0.0000	3.9968	0.0000	2.5738	2.0000	0.0000	0.0000	0.0000	0.0000	0.0000	0.0000	0.0000	0.0000	0.0000	0.0000	0.0000	0.0000	0.0000	0.0000	0.0000	0.0000	0.0000	0.0000	0.0000	0.0000	0.0000	0.0000	0.0000	0.0000	0.0000	0.0000	0.0000	0.0392	0.0173	0.0219	0.0092	0.0083	0.0009	0.0300	0.0090	0.0210	0.0000	0.0000	0.0000	0.0000	0.0000	0.0000	0.0000	0.0000	0.0000	0.0003	0.0006	0.0000	0.0000	0.0000	0.0000	0.0003	0.0011	0.0000						
24	31	0.0740	3	1	1	0	0	0	0	0	0	N	N	N	N	N	N	N	N	N	N	N	N	5644.2850	0.0000	202653.8936	0.0000	0.0000	45183.8763	220694.8183	7.2249	0.0000	64.1037	0.0000	0.0000	0.0000	9.8293	0.0000	72.2295	0.0013	0.0023	0.0003	0.0044	0.0047	0.0000	0.0002	0.0000	0.0003	328255665.5925	0.1454	0.4207	-0.0001	3.9968	0.9772	2.5738	4.1826	0.9514	0.0000	0.9514	0.0000	0.0000	0.0000	0.9514	0.0000	0.9514	0.0001	0.0001	0.0000	0.0001	0.0001	0.0000	0.0000	0.0000	0.0000	0.1317	0.1168	0.0148	0.0349	0.0332	0.0017	0.0968	0.0836	0.0132	0.1163	0.0566	0.0598	0.0294	0.0274	0.0020	0.0869	0.0291	0.0578	5644.2850	0.0000	202653.8936	0.0000	0.0000	0.0000	45183.8763	0.0000	220694.8183	0.0013	0.0023	0.0003	0.0044	0.0047	0.0000	0.0002	0.0000	0.0003		
24	32	0.0819	5	1	1	0	0	0	0	0	0	N	N	N	N	N	N	N	N	N	N	N	N	0.0000	0.0000	0.0000	0.0000	0.0000	0.0000	0.0000	0.0000	0.0000	0.0000	0.0000	0.0000	0.0000	0.0000	0.0000	0.0000	0.0000	0.0000	0.2846	0.6015	0.0006	0.7154	0.8046	0.0000	0.0005	0.0000	0.0007	0.0011	0.0000	-0.0047	3.9968	0.0015	2.5738	1.0489	0.0000	0.0000	0.0000	0.0000	0.0000	0.0000	0.0000	0.0000	0.0000	0.0078	0.0078	0.0000	0.0078	0.0078	0.0000	0.0000	0.0000	0.0000	0.0006	0.0006	0.0000	0.0003	0.0003	0.0000	0.0004	0.0003	0.0000	0.0275	0.0130	0.0145	0.0109	0.0097	0.0012	0.0166	0.0033	0.0133	0.0000	0.0000	0.0000	0.0000	0.0000	0.0000	0.0000	0.0000	0.0000	0.2846	0.6015	0.0006	0.7154	0.8046	0.0000	0.0005	0.0000	0.0007	
24	33	0.0768	4	0	1	0	0	0	0	0	0	N	N	N	N	N	N	N	N	N	N	N	N	0.0000	0.0000	0.0000	0.0000	0.0000	0.0000	0.0000	0.0000	0.0000	0.0000	0.0000	0.0000	0.0000	0.0000	0.0000	0.0000	0.0000	0.1314	0.0050	0.2852	0.0068	0.0075	0.0000	0.2161	0.0001	0.3115	46.5985	0.0000	0.0030	3.9968	0.9657	2.5738	1.1858	0.0000	0.0000	0.0000	0.0000	0.0000	0.0000	0.0000	0.0000	0.0000	0.0081	0.0002	0.0079	0.0002	0.0002	0.0000	0.0079	0.0000	0.0079	0.1158	0.1028	0.0129	0.0329	0.0309	0.0020	0.0829	0.0720	0.0109	0.0615	0.0338	0.0277	0.0249	0.0226	0.0023	0.0366	0.0112	0.0254	0.0000	0.0000	0.0000	0.0000	0.0000	0.0000	0.0000	0.0000	0.0000	0.1314	0.0050	0.2852	0.0068	0.0075	0.0000	0.2161	0.0001	0.3115		
24	34	0.0740	3	0	0	0	0	0	0	0	0	N	N	N	N	N	N	N	N	N	N	N	N	14.5831	106.4281	0.0000	256.4606	256.8638	0.0000	0.0000	0.0000	0.0000	0.2039	0.2305	0.0000	0.8611	0.9135	0.0000	0.0000	0.0000	0.0000	0.0140	0.0022	0.0257	0.0034	0.0036	0.0003	0.0179	0.0007	0.0265	0.0000	11.9665	-0.0270	0.0004	3.9968	1.9916	2.5738	1.9964	0.0483	0.0483	0.0000	0.0483	0.0483	0.0000	0.0000	0.0000	0.0000	0.0014	0.0001	0.0013	0.0001	0.0001	0.0000	0.0013	0.0000	0.0013	0.2372	0.2098	0.0274	0.0561	0.0529	0.0032	0.1810	0.1568	0.0242	0.0973	0.0485	0.0489	0.0261	0.0245	0.0016	0.0712	0.0240	0.0473	14.5831	106.4281	0.0000	256.4606	256.8638	0.0000	0.0000	0.0000	0.0000	0.0140	0.0022	0.0257	0.0034	0.0036	0.0003	0.0179	0.0007	0.0265
24	35	0.0659	2	0	0	0	0	0	0	0	0	N	N	N	N	N	N	N	N	N	N	N	N	314.6446	210.3420	1304.8333	292.0899	283.5332	510.4571	299.1607	0.0000	1359.9322	2.5724	1.4578	12.0618	3.4021	3.4618	0.0040	2.0563	0.0000	12.8711	0.0082	0.0069	0.0092	0.0116	0.0122	0.0000	0.0069	0.0001	0.0095	0.9719	1.5544	-0.0061	0.0000	3.9968	0.1320	2.5738	1.9445	0.0932	0.0473	0.0459	0.0473	0.0473	0.0000	0.0459	0.0000	0.0459	0.0005	0.0002	0.0003	0.0002	0.0002	0.0000	0.0003	0.0000	0.0003	0.0362	0.0324	0.0038	0.0139	0.0137	0.0002	0.0223	0.0188	0.0036	0.0618	0.0285	0.0333	0.0169	0.0161	0.0008	0.0450	0.0125	0.0325	314.6446	210.3420	1304.8333	292.0899	283.5332	510.4571	299.1607	0.0000	1359.9322	0.0082	0.0069	0.0092	0.0116	0.0122	0.0000	0.0069	0.0001	0.0095
25	27	0.0136	2	1	2	0	1	0	0	0	0	N	Y	N	N	N	N	N	N	N	N	N	N	0.0054	inf	0.0000	6721.6675	inf	0.0000	0.0000	0.0000	0.2464	0.4710	0.0000	0.4955	0.4972	0.0000	0.0000	0.0000	0.0000	45.3626	0.0000	88.8858	0.0001	0.0000	0.0747	75.1224	0.0000	88.9539	0.0000	inf	-0.0000	0.3872	0.0332	0.0014	1.0637	0.9895	0.0000	0.0000	0.0000	0.0000	0.0000	0.0000	0.0000	0.0000	0.0000	0.9859	0.0000	0.9859	0.0000	0.0000	0.0000	0.9859	0.0000	0.9859	0.0002	0.0001	0.0001	0.0001	0.0001	0.0000	0.0001	0.0000	0.0001	0.0217	0.0106	0.0111	0.0086	0.0086	0.0000	0.0131	0.0020	0.0111	0.0054	inf	0.0000	6721.6675	inf	0.0000	0.0000	0.0000	0.0000	45.3626	0.0000	88.8858	0.0001	0.0000	0.0747	75.1224	0.0000	88.9539	
25	30	0.0383	3	2	2	0	1	0	0	0	0	Y	Y	N	N	N	N	N	N	N	N	N	N	0.0000	0.0000	0.0000	0.0000	0.0000	0.0000	0.0000	0.0000	0.0000	0.0000	0.0000	0.0000	0.0000	0.0000	0.0000	0.0000	0.0000	0.0000	0.0000	0.0000	0.0332	0.0000	1.0637	2.0000	0.0000	0.0000	0.0000	0.0000	0.0000	0.0000	0.0000	0.0000	0.0000	0.0000	0.0000	0.0000	0.0000	0.0000	0.0000	0.0000	0.0000	0.0000	0.0000	0.0000	0.0000	0.0000	0.0000	0.0000	0.0000	0.0000	0.0000	0.0223	0.0109	0.0115	0.0077	0.0074	0.0003	0.0146	0.0035	0.0111	0.0000	0.0000	0.0000	0.0000	0.0000	0.0000	0.0000	0.0000	0.0000	0.0000	0.0000	0.0000	0.0000	0.0000	0.0000	0.0000	0.0000	0.0000											
25	31	0.0113	2	2	2	0	1	0	0	0	0	Y	Y	N	N	N	N	N	N	N	N	N	N	2.7439	1.8573	2.5704	2.5248	0.1151	0.1541	0.0000	0.2753	0.2761	0.0000	0.0000	0.0000	0.0000	0.0419	0.0830	0.0000	0.1071	0.1094	0.0000	0.0000	0.0000	0.0000	0.0000	0.0000	-0.0004	-0.0021	0.0332	0.9772	1.0637	4.1826	0.0008	0.0008	0.0000	0.0008	0.0008	0.0000	0.0000	0.0000	0.0000	0.0034	0.0034	0.0000	0.0034	0.0034	0.0000	0.0000	0.0000	0.0000	0.0068	0.0051	0.0017	0.0029	0.0028	0.0000	0.0040	0.0023	0.0017	0.0805	0.0407	0.0398	0.0315	0.0309	0.0007	0.0490	0.0098	0.0392	2.7439	1.8573	0.0000	2.5704	2.5248	0.0000	0.0000	0.0000	0.0000	0.0419	0.0830	0.0000	0.1071	0.1094	0.0000	0.0000	0.0000	0.0000					
25	32	0.0136	2	2	2	0	1	0	0	0	0	Y	Y	N	N	N	N	N	N	N	N	N	N	0.3941	0.3692	0.0000	0.3123	0.3131	0.0000	0.0000	0.0000	0.2460	0.4698	0.0000	0.4950	0.4967	0.0000	0.0000	0.0000	0.0000	0.6243	1.2725	0.0031	1.5850	1.5866	0.0708	0.0025	0.0000	0.0030	0.0000	0.0025	-0.0000	-0.0084	0.0332	0.0015	1.0637	1.0489	0.0000	0.0000	0.0000	0.0000	0.0000	0.0000	0.0000	0.0000	0.0000	0.0139	0.0139	0.0000	0.0139	0.0139	0.0000	0.0000	0.0000	0.0000	0.0002	0.0001	0.0001	0.0001	0.0001	0.0000	0.0001	0.0000	0.0001	0.0223	0.0109	0.0114	0.0088	0.0088	0.0000	0.0135	0.0022	0.0114	0.3941	0.3692	0.0000	0.3123	0.3131	0.0000	0.0000	0.0000	0.0000	0.6243	1.2725	0.0031	1.5850	1.5866	0.0708	0.0025	0.0000	0.0030	
26	27	0.0291	2	0	2	0	1	0	0	0	0	N	Y	N	N	N	N	N	N	N	N	N	N	170.8306	0.0000	inf	0.7418	0.0000	inf	inf	inf	2.7849	0.0000	12.7414	0.0477	0.0000	12.6461	4.6523	0.0000	12.7420	0.0163	0.0396	0.0000	0.0643	0.0645	0.0000	0.0000	0.0000	0.0000	inf	0.0000	0.0006	-0.0005	1.9667	0.0014	4.8619	0.9895	0.0014	0.0000	0.0014	0.0000	0.0000	0.0000	0.0014	0.0000	0.0014	0.0008	0.0008	0.0000	0.0008	0.0008	0.0000	0.0000	0.0000	0.0000	0.0005	0.0004	0.0001	0.0002	0.0002	0.0000	0.0003	0.0002	0.0001	0.0491	0.0202	0.0289	0.0125	0.0124	0.0000	0.0367	0.0078	0.0288	170.8306	0.0000	inf	0.7418	0.0000	inf	inf	0.0000	inf	0.0163	0.0396	0.0000	0.0643	0.0645	0.0000	0.0000	0.0000	0.0000	
26	30	0.0539	3	1	2	0	1	0	0	0	0	N	Y	N	N	N	N	N	N	N	N	N	N	0.0000	0.0000	0.0000	0.0000	0.0000	0.0000	0.0000	0.0000	0.0000	0.0000	0.0000	0.0000	0.0000	0.0000	0.0000	0.0000	0.0000	0.0000	0.0000	0.0000	1.9667	0.0000	4.8619	2.0000	0.0000	0.0000	0.0000	0.0000	0.0000	0.0000	0.0000	0.0000	0.0000	0.0000	0.0000	0.0000	0.0000	0.0000	0.0000	0.0000	0.0000	0.0000	0.0000	0.0000	0.0000	0.0000	0.0000	0.0000	0.0000	0.0000	0.0000	0.0589	0.0216	0.0373	0.0111	0.0093	0.0017	0.0479	0.0123	0.0356	0.0000	0.0000	0.0000	0.0000	0.0000	0.0000	0.0000	0.0000	0.0000	0.0000	0.0000	0.0000	0.0000	0.0000	0.0000	0.0000	0.0000	0.0000											
26	31	0.0269	2	1	2	0	1	0	0	0	0	N	Y	N	N	N	N	N	N	N	N	N	N	0.4034	0.0000	4.7299	0.0071	0.0000	4.9283	0.9115	4.6930	0.2666	0.0000	2.1165	0.0116	0.0000	0.5423	0.3068	0.0000	2.1536	0.6609	0.9433	0.4475	1.6384	1.7620	0.1100	0.3366	0.0000	0.4589	inf	0.6274	0.0101	-0.0274	1.9667	0.9772	4.8619	4.1826	0.0229	0.0000	0.0229	0.0001	0.0000	0.0001	0.0228	0.0000	0.0228	0.1237	0.0760	0.0477	0.0764	0.0760	0.0004	0.0473	0.0000	0.0473	0.0860	0.0752	0.0108	0.0117	0.0115	0.0002	0.0743	0.0637	0.0106	0.1871	0.0806	0.1066	0.0466	0.0431	0.0035	0.1405	0.0374	0.1031	0.4034	0.0000	4.7299	0.0071	0.0000	4.9283	0.9115	0.0000	4.6930	0.6609	0.9433	0.4475	1.6384	1.7620	0.1100	0.3366	0.0000	0.4589	
26	32	0.0291	2	1	2	0	1	0	0	0	0	N	Y	N	N	N	N	N	N	N	N	N	N	4.3527	0.0637	94201.6348	0.0930	0.0749	inf	43389.8785	94069.8346	2.8350	0.1012	12.6670	0.2446	0.1977	12.3926	4.5755	0.0000	12.6690	0.6513	1.5887	0.0001	2.6307	2.6405	0.0000	0.0001	0.0000	0.0001	34.8094	0.0001	0.0006	-0.0201	1.9667	0.0015	4.8619	1.0489	0.0014	0.0000	0.0014	0.0000	0.0000	0.0000	0.0014	0.0000	0.0014	0.0331	0.0331	0.0000	0.0331	0.0331	0.0000	0.0000	0.0000	0.0000	0.0005	0.0004	0.0001	0.0002	0.0002	0.0000	0.0003	0.0002	0.0001	0.0508	0.0208	0.0300	0.0126	0.0125	0.0000	0.0382	0.0083	0.0299	4.3527	0.0637	94201.6348	0.0930	0.0749	inf	43389.8785	0.0000	94069.8346	0.6513	1.5887	0.0001	2.6307	2.6405	0.0000	0.0001	0.0000	0.0001	
27	28	0.0108	2	0	1	1	1	0	0	0	0	N	N	N	N	N	N	N	N	N	N	N	N	6.0827	3.6782	4.1924	4.1972	0.1340	0.1873	0.0000	0.3127	0.3139	0.0000	0.0000	0.0000	0.0000	0.0220	0.0509	0.0000	0.0746	0.0748	0.0000	0.0000	0.0000	0.0000	0.0000	0.0000	-0.0000	-0.0005	0.0014	1.0331	0.9895	2.8608	0.0000	0.0000	0.0000	0.0000	0.0000	0.0000	0.0000	0.0000	0.0000	0.0008	0.0008	0.0000	0.0008	0.0008	0.0000	0.0000	0.0000	0.0000	0.0004	0.0003	0.0001	0.0002	0.0002	0.0000	0.0002	0.0001	0.0001	0.0364	0.0157	0.0206	0.0107	0.0107	0.0000	0.0256	0.0050	0.0206	6.0827	3.6782	0.0000	4.1924	4.1972	0.0000	0.0000	0.0000	0.0000	0.0220	0.0509	0.0000	0.0746	0.0748	0.0000	0.0000	0.0000	0.0000					
27	29	0.0108	2	0	1	1	1	0	0	0	0	N	N	N	N	N	N	N	N	N	N	N	N	0.0081	inf	0.0000	7932.7057	inf	0.0000	0.0000	0.0000	0.2464	0.4710	0.0000	0.4955	0.4972	0.0000	0.0000	0.0000	0.0000	30.5369	0.0000	54.8330	0.0001	0.0000	0.0292	44.5616	0.0000	54.8993	0.0000	inf	-0.0000	0.3872	0.0014	0.0332	0.9895	3.0294	0.0000	0.0000	0.0000	0.0000	0.0000	0.0000	0.0000	0.0000	0.0000	0.9859	0.0000	0.9859	0.0000	0.0000	0.0000	0.9859	0.0000	0.9859	0.0002	0.0001	0.0001	0.0001	0.0001	0.0000	0.0001	0.0000	0.0001	0.0323	0.0143	0.0180	0.0102	0.0101	0.0000	0.0221	0.0042	0.0180	0.0081	inf	0.0000	7932.7057	inf	0.0000	0.0000	0.0000	0.0000	30.5369	0.0000	54.8330	0.0001	0.0000	0.0292	44.5616	0.0000	54.8993	
27	30	0.0406	4	1	2	0	0	0	0	0	0	N	Y	N	N	N	N	N	N	N	N	N	N	0.0000	0.0000	0.0000	0.0000	0.0000	0.0000	0.0000	0.0000	0.0000	0.0000	0.0000	0.0000	0.0000	0.0000	0.0000	0.0000	0.0000	0.0000	0.0000	0.0000	0.0014	0.0000	0.9895	2.0000	0.0000	0.0000	0.0000	0.0000	0.0000	0.0000	0.0000	0.0000	0.0000	0.0000	0.0000	0.0000	0.0000	0.0000	0.0000	0.0000	0.0000	0.0000	0.0000	0.0000	0.0000	0.0000	0.0000	0.0000	0.0000	0.0000	0.0000	0.0137	0.0051	0.0086	0.0036	0.0034	0.0003	0.0100	0.0017	0.0083	0.0000	0.0000	0.0000	0.0000	0.0000	0.0000	0.0000	0.0000	0.0000	0.0000	0.0000	0.0000	0.0000	0.0000	0.0000	0.0000	0.0000	0.0000											
27	31	0.0136	3	1	2	0	0	0	0	0	0	N	Y	N	N	N	N	N	N	N	N	N	N	33.1653	0.0000	101449.6575	0.3248	0.0000	inf	49767.2938	0.0000	98375.6624	0.1106	0.0000	0.4386	0.0034	0.0000	0.8967	0.1868	0.0000	0.4357	0.0033	0.0078	0.0000	0.0105	0.0109	0.0000	0.0000	0.0000	0.0000	inf	0.0007	0.0000	-0.0001	0.0014	0.9772	0.9895	4.1826	0.0000	0.0000	0.0000	0.0000	0.0000	0.0000	0.0000	0.0000	0.0000	0.0001	0.0001	0.0000	0.0001	0.0001	0.0000	0.0000	0.0000	0.0000	0.0003	0.0002	0.0001	0.0001	0.0001	0.0000	0.0002	0.0001	0.0001	0.0439	0.0188	0.0251	0.0140	0.0134	0.0006	0.0299	0.0055	0.0245	33.1653	0.0000	101449.6575	0.3248	0.0000	inf	49767.2938	0.0000	98375.6624	0.0033	0.0078	0.0000	0.0105	0.0109	0.0000	0.0000	0.0000	0.0000
28	30	0.0396	3	1	1	1	1	0	0	0	0	N	N	N	N	N	N	N	N	N	N	N	N	0.0000	0.0000	0.0000	0.0000	0.0000	0.0000	0.0000	0.0000	0.0000	0.0000	0.0000	0.0000	0.0000	0.0000	0.0000	0.0000	0.0000	0.0000	0.0000	0.0000	1.0331	0.0000	2.8608	2.0000	0.0000	0.0000	0.0000	0.0000	0.0000	0.0000	0.0000	0.0000	0.0000	0.0000	0.0000	0.0000	0.0000	0.0000	0.0000	0.0000	0.0000	0.0000	0.0000	0.0000	0.0000	0.0000	0.0000	0.0000	0.0000	0.0000	0.0000	0.0416	0.0164	0.0252	0.0094	0.0084	0.0010	0.0322	0.0080	0.0242	0.0000	0.0000	0.0000	0.0000	0.0000	0.0000	0.0000	0.0000	0.0000	0.0000	0.0000	0.0000	0.0000	0.0000	0.0000	0.0000	0.0000	0.0000											
28	31	0.0126	2	1	1	1	1	0	0	0	0	N	N	N	N	N	N	N	N	N	N	N	N	0.0130	0.0150	0.0000	0.0537	0.0522	0.0000	0.0000	0.0000	0.0160	0.0185	0.0000	0.1041	0.1060	0.0000	0.0000	0.0000	0.0000	1.2353	1.2376	1.2334	1.9388	2.0316	0.3072	0.9491	0.0000	1.2603	0.0000	1.2226	-0.0004	-0.0096	1.0331	0.9772	2.8608	4.1826	0.0008	0.0008	0.0000	0.0008	0.0008	0.0000	0.0000	0.0000	0.0000	0.1689	0.0760	0.0929	0.0766	0.0760	0.0007	0.0922	0.0000	0.0922	0.0490	0.0424	0.0066	0.0076	0.0074	0.0001	0.0415	0.0350	0.0065	0.1367	0.0614	0.0753	0.0395	0.0374	0.0021	0.0972	0.0240	0.0732	0.0130	0.0150	0.0000	0.0537	0.0522	0.0000	0.0000	0.0000	0.0000	1.2353	1.2376	1.2334	1.9388	2.0316	0.3072	0.9491	0.0000	1.2603	
28	32	0.0148	2	1	1	1	1	0	0	0	0	N	N	N	N	N	N	N	N	N	N	N	N	0.2770	0.1665	0.0000	0.1887	0.1889	0.0000	0.0000	0.2442	0.3407	0.0000	0.5738	0.5759	0.0000	0.0000	0.0000	0.0000	0.8815	2.0458	0.0002	3.0405	3.0486	0.0000	0.0002	0.0000	0.0002	0.0000	0.0001	-0.0000	-0.0201	1.0331	0.0015	2.8608	1.0489	0.0001	0.0001	0.0000	0.0001	0.0001	0.0000	0.0000	0.0000	0.0000	0.0330	0.0330	0.0000	0.0330	0.0330	0.0000	0.0000	0.0000	0.0000	0.0004	0.0003	0.0001	0.0002	0.0002	0.0000	0.0002	0.0001	0.0001	0.0375	0.0162	0.0213	0.0109	0.0108	0.0000	0.0266	0.0053	0.0213	0.2770	0.1665	0.0000	0.1887	0.1889	0.0000	0.0000	0.0000	0.0000	0.8815	2.0458	0.0002	3.0405	3.0486	0.0000	0.0002	0.0000	0.0002		
29	30	0.0450	3	1	1	1	1	0	0	0	0	N	N	N	N	N	N	N	N	N	N	N	N	0.0000	0.0000	0.0000	0.0000	0.0000	0.0000	0.0000	0.0000	0.0000	0.0000	0.0000	0.0000	0.0000	0.0000	0.0000	0.0000	0.0000	0.0000	0.0000	0.0000	0.0332	0.0000	3.0294	2.0000	0.0000	0.0000	0.0000	0.0000	0.0000	0.0000	0.0000	0.0000	0.0000	0.0000	0.0000	0.0000	0.0000	0.0000	0.0000	0.0000	0.0000	0.0000	0.0000	0.0000	0.0000	0.0000	0.0000	0.0000	0.0000	0.0000	0.0000	0.0362	0.0148	0.0214	0.0089	0.0081	0.0008	0.0273	0.0067	0.0205	0.0000	0.0000	0.0000	0.0000	0.0000	0.0000	0.0000	0.0000	0.0000	0.0000	0.0000	0.0000	0.0000	0.0000	0.0000	0.0000	0.0000	0.0000											
29	31	0.0180	2	1	1	1	1	0	0	0	0	N	N	N	N	N	N	N	N	N	N	N	N	0.2865	2.5523	0.0000	2.8340	2.9306	0.0000	0.0000	0.0000	0.1151	0.1541	0.0000	0.2753	0.2761	0.0000	0.0000	0.0000	0.0000	0.4016	0.0604	0.6913	0.0971	0.0942	0.1579	0.5374	0.0000	0.7056	0.0000	13.4867	-0.0004	0.0157	0.0332	0.9772	3.0294	4.1826	0.0008	0.0008	0.0000	0.0008	0.0008	0.0000	0.0000	0.0000	0.0000	0.0486	0.0034	0.0452	0.0036	0.0034	0.0003	0.0449	0.0000	0.0449	0.0068	0.0051	0.0017	0.0029	0.0028	0.0000	0.0040	0.0023	0.0017	0.1209	0.0555	0.0654	0.0373	0.0356	0.0017	0.0836	0.0199	0.0637	0.2865	2.5523	0.0000	2.8340	2.9306	0.0000	0.0000	0.0000	0.0000	0.4016	0.0604	0.6913	0.0971	0.0942	0.1579	0.5374	0.0000	0.7056	
29	32	0.0203	2	1	1	1	1	0	0	0	0	N	N	N	N	N	N	N	N	N	N	N	N	0.5877	0.4967	0.0000	0.3670	0.3674	0.0000	0.0000	0.0000	0.2460	0.4698	0.0000	0.4950	0.4967	0.0000	0.0000	0.0000	0.0000	0.4187	0.9458	0.0019	1.3489	1.3519	0.0276	0.0015	0.0000	0.0018	0.0000	0.0025	-0.0000	-0.0084	0.0332	0.0015	3.0294	1.0489	0.0000	0.0000	0.0000	0.0000	0.0000	0.0000	0.0000	0.0000	0.0000	0.0139	0.0139	0.0000	0.0139	0.0139	0.0000	0.0000	0.0000	0.0000	0.0002	0.0001	0.0001	0.0001	0.0001	0.0000	0.0001	0.0000	0.0001	0.0333	0.0147	0.0186	0.0103	0.0103	0.0000	0.0230	0.0044	0.0185	0.5877	0.4967	0.0000	0.3670	0.3674	0.0000	0.0000	0.0000	0.0000	0.4187	0.9458	0.0019	1.3489	1.3519	0.0276	0.0015	0.0000	0.0018	
30	32	0.0411	4	2	2	0	0	0	0	0	0	Y	Y	N	N	N	N	N	N	N	N	N	N	0.0000	0.0000	0.0000	0.0000	0.0000	0.0000	0.0000	0.0000	0.0000	0.0000	0.0000	0.0000	0.0000	0.0000	0.0000	0.0000	0.0000	0.0000	0.0000	0.0000	0.0000	0.0015	2.0000	1.0489	0.0000	0.0000	0.0000	0.0000	0.0000	0.0000	0.0000	0.0000	0.0000	0.0000	0.0000	0.0000	0.0000	0.0000	0.0000	0.0000	0.0000	0.0000	0.0000	0.0000	0.0000	0.0000	0.0000	0.0000	0.0000	0.0000	0.0000	0.0141	0.0052	0.0089	0.0037	0.0034	0.0003	0.0104	0.0019	0.0086	0.0000	0.0000	0.0000	0.0000	0.0000	0.0000	0.0000	0.0000	0.0000	0.0000	0.0000	0.0000	0.0000	0.0000	0.0000	0.0000	0.0000	0.0000											
30	33	0.0361	3	1	2	0	0	0	0	0	0	N	Y	N	N	N	N	N	N	N	N	N	N	0.0000	0.0000	0.0000	0.0000	0.0000	0.0000	0.0000	0.0000	0.0000	0.0000	0.0000	0.0000	0.0000	0.0000	0.0000	0.0000	0.0000	0.0000	0.0000	0.0000	0.0000	0.9657	2.0000	1.1858	0.0000	0.0000	0.0000	0.0000	0.0000	0.0000	0.0000	0.0000	0.0000	0.0000	0.0000	0.0000	0.0000	0.0000	0.0000	0.0000	0.0000	0.0000	0.0000	0.0000	0.0000	0.0000	0.0000	0.0000	0.0000	0.0000	0.0000	0.0300	0.0130	0.0169	0.0084	0.0078	0.0006	0.0216	0.0053	0.0163	0.0000	0.0000	0.0000	0.0000	0.0000	0.0000	0.0000	0.0000	0.0000	0.0000	0.0000	0.0000	0.0000	0.0000	0.0000	0.0000	0.0000	0.0000											
30	34	0.0333	2	1	1	0	0	0	0	0	0	N	N	N	N	N	N	N	N	N	N	N	N	0.0000	0.0000	0.0000	0.0000	0.0000	0.0000	0.0000	0.0000	0.0000	0.0000	0.0000	0.0000	0.0000	0.0125	0.0325	0.0000	0.0828	0.0852	0.0000	0.0000	0.0000	0.0000	0.0000	0.0000	-0.0003	0.0000	1.9916	2.0000	1.9964	0.0000	0.0000	0.0000	0.0000	0.0000	0.0000	0.0000	0.0000	0.0000	0.0006	0.0006	0.0000	0.0006	0.0006	0.0000	0.0000	0.0000	0.0000	0.0000	0.0000	0.0000	0.0000	0.0000	0.0000	0.0000	0.0000	0.0000	0.0448	0.0172	0.0276	0.0068	0.0066	0.0002	0.0380	0.0106	0.0274	0.0000	0.0000	0.0000	0.0000	0.0000	0.0000	0.0000	0.0000	0.0000	0.0125	0.0325	0.0000	0.0828	0.0852	0.0000	0.0000	0.0000	0.0000						
31	32	0.0349	3	2	2	0	0	0	0	0	0	Y	Y	N	N	N	N	N	N	N	N	N	N	1.7005	0.0515	3.9179	1.7926	0.0659	inf	1.9785	0.0000	3.7971	0.1096	0.0001	0.4365	0.0035	0.0001	0.8937	0.1839	0.0000	0.4336	0.0644	0.0014	0.1114	0.0020	0.0021	0.0000	0.0929	0.0000	0.1142	1962.2069	103.2946	0.0000	0.0011	0.9772	0.0015	4.1826	1.0489	0.0000	0.0000	0.0000	0.0000	0.0000	0.0000	0.0000	0.0000	0.0000	0.0029	0.0000	0.0029	0.0000	0.0000	0.0000	0.0029	0.0000	0.0029	0.0003	0.0002	0.0001	0.0001	0.0001	0.0000	0.0002	0.0001	0.0001	0.0453	0.0194	0.0260	0.0142	0.0136	0.0006	0.0311	0.0058	0.0253	1.7005	0.0515	3.9179	1.7926	0.0659	inf	1.9785	0.0000	3.7971	0.0644	0.0014	0.1114	0.0020	0.0021	0.0000	0.0929	0.0000	0.1142
31	33	0.0298	2	1	2	0	0	0	0	0	0	N	Y	N	N	N	N	N	N	N	N	N	N	4.2557	0.0003	32.5844	0.1101	0.0009	6283.9565	6.5986	0.2416	32.3081	0.4946	0.0000	3.6309	0.0188	0.0002	1.0587	0.5829	0.0000	3.6841	0.1162	0.1215	0.1114	0.1709	0.1772	0.0002	0.0883	0.0000	0.1140	16597.5318	1.0133	0.0101	-0.0012	0.9772	0.9657	4.1826	1.1858	0.0229	0.0000	0.0229	0.0001	0.0000	0.0001	0.0228	0.0000	0.0228	0.0119	0.0059	0.0060	0.0059	0.0059	0.0000	0.0060	0.0000	0.0060	0.0463	0.0400	0.0063	0.0072	0.0071	0.0001	0.0390	0.0329	0.0062	0.1027	0.0488	0.0539	0.0347	0.0335	0.0012	0.0680	0.0153	0.0527	4.2557	0.0003	32.5844	0.1101	0.0009	6283.9565	6.5986	0.2416	32.3081	0.1162	0.1215	0.1114	0.1709	0.1772	0.0002	0.0883	0.0000	0.1140
